row,doi,column,value,status,source_location,paper_note
0,https://doi.org/10.1126/science.ads4760,First Author,Mallory,checked_metadata,Published Science main text p. 541; supplement cover p. 1.,papers/00_Mallory_2025.md
0,https://doi.org/10.1126/science.ads4760,Last Author,Foster,checked_metadata,Published Science main text p. 541; supplement cover p. 1.,papers/00_Mallory_2025.md
0,https://doi.org/10.1126/science.ads4760,Year,2025,checked_metadata,Published Science main text p. 541; supplement cover p. 1.,papers/00_Mallory_2025.md
0,https://doi.org/10.1126/science.ads4760,DOI,https://doi.org/10.1126/science.ads4760,checked_metadata,Published Science main text p. 541; supplement cover p. 1.,papers/00_Mallory_2025.md
0,https://doi.org/10.1126/science.ads4760,Journal,Science,checked_metadata,Published Science main text p. 541; supplement cover p. 1.,papers/00_Mallory_2025.md
0,https://doi.org/10.1126/science.ads4760,Species,Rats,checked_metadata,"Published Science supplement science.ads4760_sm.pdf, pp. 2-4, animals/recordings.",papers/00_Mallory_2025.md
0,https://doi.org/10.1126/science.ads4760,Detection,"MUA, Decoding",checked_code,"Published Science supplement science.ads4760_sm.pdf, pp. 6-8, Replay detection; paper release v1.0.0 (128513a656bdacfc11a0e0dfbcaf20e2c4515520), do_combine_linear_track_replay_events.m.",papers/00_Mallory_2025.md
0,https://doi.org/10.1126/science.ads4760,Detection Notes,"Published supplement pp. 5-8 distinguishes linear-track spike-density candidates from open-field decoding. SDE and secondary SWR peaks exceed 3 SD after Gaussian SD 12.5 ms smoothing; speed <5 cm/s, boundaries at the mean. Track replay requires >66% posterior in one directional map, weighted correlation >0.6, jump <40% of track, coverage >20% and >=10 cells. Fig. S2 controls use SWR candidates, correlation >0.7, or Spearman p<0.05. Arena subsequences merge across gaps <20 cm and <50 ms; final duration >50 ms. Released code merges candidate peaks within 70 ms without candidate duration limits. Its replay extraction and arena combination use 50 ms, overriding the generic 100 ms default; combination accepts duration >=50 ms. Code arena spatial merging uses 0.2*maze_size cm rather than fixed 20 cm. No SDE/SWR overlap is required for primary arena replay. Published spike density includes all cells; released code selects excitatory cells.",reviewed_context,"Published Science supplement science.ads4760_sm.pdf, pp. 5-8 and Fig. S2 pp. 16-17; paper release v1.0.0 (128513a656bdacfc11a0e0dfbcaf20e2c4515520), find_candidate_events_2.m, load_replayEvents_cm.m:55-61/101-104, Open_Field/do_combine_open_field_replay_events.m:40/77, compute_allSequences_NaNseparated_merge.m. Generic 100 ms duration is overridden by 50 ms; text/code spatial merging and cell-selection differences remain.",papers/00_Mallory_2025.md
0,https://doi.org/10.1126/science.ads4760,MUA Z-score Thresh. (STD),3,checked_paper,"Published Science supplement science.ads4760_sm.pdf, p. 5, Spike density and sharp-wave ripple amplitude.",papers/00_Mallory_2025.md
0,https://doi.org/10.1126/science.ads4760,SWR Z-score Thresh. (STD),3,checked_paper,"Published Science supplement science.ads4760_sm.pdf, p. 5, Spike density and sharp-wave ripple amplitude.",papers/00_Mallory_2025.md
0,https://doi.org/10.1126/science.ads4760,Animal Speed (cm/s),5,checked_paper,"Published Science supplement science.ads4760_sm.pdf, p. 5, Spike density and sharp-wave ripple amplitude.",papers/00_Mallory_2025.md
0,https://doi.org/10.1126/science.ads4760,MUA smooth (ms),12.5,checked_paper,"Published Science supplement science.ads4760_sm.pdf, p. 5, Spike density and sharp-wave ripple amplitude.",papers/00_Mallory_2025.md
0,https://doi.org/10.1126/science.ads4760,SWR smooth (ms),12.5,checked_paper,"Published Science supplement science.ads4760_sm.pdf, p. 5, Spike density and sharp-wave ripple amplitude.",papers/00_Mallory_2025.md
0,https://doi.org/10.1126/science.ads4760,Min. Cells (#),10,checked_paper,"Published Science supplement science.ads4760_sm.pdf, pp. 6-7: >=10 cells for track Bayes and rank-order replay; no corresponding arena minimum.",papers/00_Mallory_2025.md
0,https://doi.org/10.1126/science.ads4760,SWR electrodes (#),1,checked_paper,"Published Science supplement science.ads4760_sm.pdf, p. 5, Spike density and sharp-wave ripple amplitude.",papers/00_Mallory_2025.md
0,https://doi.org/10.1126/science.ads4760,SWR Low Band (Hz),150,checked_paper,"Published Science supplement science.ads4760_sm.pdf, p. 5, Spike density and sharp-wave ripple amplitude.",papers/00_Mallory_2025.md
0,https://doi.org/10.1126/science.ads4760,SWR High Band (Hz),250,checked_paper,"Published Science supplement science.ads4760_sm.pdf, p. 5, Spike density and sharp-wave ripple amplitude.",papers/00_Mallory_2025.md
0,https://doi.org/10.1126/science.ads4760,Min. Duration (ms),50,checked_paper,"Published Science supplement science.ads4760_sm.pdf, p. 7: arena duration >50 ms; paper release v1.0.0 (128513a656bdacfc11a0e0dfbcaf20e2c4515520), load_replay_criterion.m:22 (track), load_replayEvents_cm.m:60/104 and Open_Field/do_combine_open_field_replay_events.m:40/77 (arena >=50 ms); overrides generic 100 ms default.",papers/00_Mallory_2025.md
0,https://doi.org/10.1126/science.ads4760,Max Duration (ms),#N/A,not_applicable,"Published Science supplement science.ads4760_sm.pdf, pp. 6-8 (no maximum stated); paper release v1.0.0 (128513a656bdacfc11a0e0dfbcaf20e2c4515520), find_candidate_events_2.m has no maximum candidate duration.",papers/00_Mallory_2025.md
0,https://doi.org/10.1126/science.ads4760,Combine Events Thresh. (ms),50,checked_paper,"Published Science supplement science.ads4760_sm.pdf, p. 7: decoded arena subsequence gaps <50 ms and <20 cm; paper release v1.0.0 (128513a656bdacfc11a0e0dfbcaf20e2c4515520), load_replayEvents_cm.m:57/59/101 uses <50 ms and 0.2*maze_size cm. Candidate peak separation 70 ms is a distinct rule.",papers/00_Mallory_2025.md
0,https://doi.org/10.1126/science.ads4760,Decoding,Bayes; rank-order correlation (track control),checked_paper,"Published Science supplement science.ads4760_sm.pdf, pp. 6-7: Bayesian primary analysis and independent rank-order control.",papers/00_Mallory_2025.md
0,https://doi.org/10.1126/science.ads4760,Time bin (ms),20 (track); 80 (arena),checked_paper,"Published Science supplement science.ads4760_sm.pdf, p. 6: track 20 ms, arena 80 ms; paper release v1.0.0 (128513a656bdacfc11a0e0dfbcaf20e2c4515520), load_binDecoding_cm.m.",papers/00_Mallory_2025.md
0,https://doi.org/10.1126/science.ads4760,Position bin (cm),2,checked_paper,"Published Science supplement science.ads4760_sm.pdf, p. 5, Place fields: 2 cm track bins and 2x2 cm arena bins.",papers/00_Mallory_2025.md
0,https://doi.org/10.1126/science.ads4760,Place field smooth (cm),2 (track text; per pass in code); 8 (arena text); 4 (arena code),derived,"Published Science supplement science.ads4760_sm.pdf, p. 5: SD 2 cm track / 8 cm arena; paper release v1.0.0 (128513a656bdacfc11a0e0dfbcaf20e2c4515520), load_AnalysisInformation_cm.m, load_clusters_rate_maps_cm.m, compute_rateMap.m and setUp_gaussFilt.m imply nominal 2 cm per track filtering pass / 4 cm arena SD.",papers/00_Mallory_2025.md
0,https://doi.org/10.1126/science.ads4760,Trajectory,Weighted correlation (track); posterior center of mass (arena),checked_paper,"Published Science supplement science.ads4760_sm.pdf, pp. 6-8: track weighted correlation, arena posterior COM; code first-coordinate jump differs from text Euclidean jump.",papers/00_Mallory_2025.md
0,https://doi.org/10.1126/science.ads4760,Decoding notes,"Published supplement pp. 5-8: track windows 20 ms, arena 80 ms; code establishes 5 ms steps (text says overlapping by 5 ms). Spatial bins are 2 cm; Gaussian SD is 2 cm for track and 8 cm for arena in text. Track code applies a nominal 2 cm Gaussian per filtfilt pass. Arena code passes 8/2=4 as mvnpdf covariance, giving nominal SD sqrt(4)*2=4 cm. Published main text reports mean positional errors 2.9 cm (track) and 3.4 cm (arena), evaluated with nonoverlapping 400 ms windows; Methods exclude sessions with error >10 cm. Arena text defines Euclidean COM jumps; released compute_filtering_binDecoding_cm instead thresholds the absolute change of the first COM coordinate. Text/code differences and caller limits are recorded in the paper note.",reviewed_context,"Published Science supplement science.ads4760_sm.pdf, pp. 5-8; published main text p. 541 (errors 2.9/3.4 cm); paper release v1.0.0 (128513a656bdacfc11a0e0dfbcaf20e2c4515520), compute_rateMap.m, setUp_gaussFilt.m and compute_filtering_binDecoding_cm.m:15.",papers/00_Mallory_2025.md
0,https://doi.org/10.1126/science.ads4760,Reconst. Error (cm),"2.9 (track), 3.4 (arena)",checked_paper,"Published Science main text p. 541: mean positional error 2.9 cm track, 3.4 cm arena; supplement p. 6 gives the 400 ms evaluation window.",papers/00_Mallory_2025.md
0,https://doi.org/10.1126/science.ads4760,% Decoded,#N/A,not_reported,"Published Science supplement science.ads4760_sm.pdf, pp. 5-8.",papers/00_Mallory_2025.md
0,https://doi.org/10.1126/science.ads4760,Spike sorting,Sorted,checked_paper,"Published Science supplement science.ads4760_sm.pdf, p. 5, Freely Moving Neural Data Acquisition.",papers/00_Mallory_2025.md
0,https://doi.org/10.1126/science.ads4760,Time bin step (ms),5,checked_code,"paper release v1.0.0 (128513a656bdacfc11a0e0dfbcaf20e2c4515520), load_AnalysisInformation_cm.m and load_binDecoding_cm.m establish 5 ms steps; supplement p. 6 says overlapping by 5 ms.",papers/00_Mallory_2025.md
0,https://doi.org/10.1126/science.ads4760,Shuffle Method,none for primary criteria-based replay; Spearman test for track rank-order control,checked_paper,"Published Science supplement science.ads4760_sm.pdf, pp. 6-7: primary replay uses fixed criteria; rank-order control uses Spearman p<0.05. spearman_median.m calls MATLAB corr(type=Spearman). The 5000 shuffles on pp. 8-9 test replay-pair statistics, not event significance.",papers/00_Mallory_2025.md
0,https://doi.org/10.1126/science.ads4760,Shuffles (#),#N/A,not_applicable,"Published Science supplement science.ads4760_sm.pdf, pp. 6-7: primary replay uses fixed criteria; rank-order control uses Spearman p<0.05. spearman_median.m calls MATLAB corr(type=Spearman). The 5000 shuffles on pp. 8-9 test replay-pair statistics, not event significance.",papers/00_Mallory_2025.md
0,https://doi.org/10.1126/science.ads4760,Sig. Thresh.,Criteria-based (primary); Spearman p<0.05 (track control),checked_paper,"Published Science supplement science.ads4760_sm.pdf, pp. 6-7: primary replay uses fixed criteria; rank-order control uses Spearman p<0.05. spearman_median.m calls MATLAB corr(type=Spearman). The 5000 shuffles on pp. 8-9 test replay-pair statistics, not event significance.",papers/00_Mallory_2025.md
0,https://doi.org/10.1126/science.ads4760,% Decoded denom.,#N/A,not_reported,"Published Science supplement science.ads4760_sm.pdf, pp. 5-8.",papers/00_Mallory_2025.md
0,https://doi.org/10.1126/science.ads4760,Reconst. Error bin (ms),400,checked_paper,"Published Science supplement science.ads4760_sm.pdf, p. 6: nonoverlapping 400 ms windows during movement.",papers/00_Mallory_2025.md
1,https://doi.org/10.1038/s41467-025-65181-5,First Author,Widloski,checked_metadata,Published HTML Methods (2025); 2026 correction,papers/01_Widloski_2025.md
1,https://doi.org/10.1038/s41467-025-65181-5,Last Author,Foster,checked_metadata,Published HTML Methods (2025); 2026 correction,papers/01_Widloski_2025.md
1,https://doi.org/10.1038/s41467-025-65181-5,Year,2025,checked_metadata,Published HTML Methods (2025); 2026 correction,papers/01_Widloski_2025.md
1,https://doi.org/10.1038/s41467-025-65181-5,DOI,https://doi.org/10.1038/s41467-025-65181-5,checked_metadata,Published HTML Methods (2025); 2026 correction,papers/01_Widloski_2025.md
1,https://doi.org/10.1038/s41467-025-65181-5,Journal,Nature Communications,checked_metadata,Published HTML Methods (2025); 2026 correction,papers/01_Widloski_2025.md
1,https://doi.org/10.1038/s41467-025-65181-5,Species,Rats,checked_metadata,Published HTML Methods (2025); 2026 correction,papers/01_Widloski_2025.md
1,https://doi.org/10.1038/s41467-025-65181-5,Detection,Decoding,checked_paper,Published HTML Methods (2025); 2026 correction,papers/01_Widloski_2025.md
1,https://doi.org/10.1038/s41467-025-65181-5,Detection Notes,"Decoded replay with no ripple or burst requirement / candidate = continuous epoch >=100 ms of smoothly changing decoded position / merged if gap <20 cm and <50 ms; kept if duration >100 ms and dispersion >12 cm / ripples (2 SD, >=15 ms) and bursts (3 SD, >=50 ms) label events after detection / Replay is defined by decoding (80 ms windows, 5 ms steps, >100 ms duration); secondary ripple detector: 2 SD, >=15 ms, merge gaps <50 ms; secondary burst detector: 3 SD, >=50 ms. Both traces use Gaussian SD 80 ms. Replay significance requires p<0.05 for both posterior-spread and jump-size measures against 100 place-cell identity shuffles. Separate 100-snippet tests assess ripple/burst absence. Publisher correction of 17 April 2026 changes references only.",reviewed_context,Published HTML Methods (2025); 2026 correction,papers/01_Widloski_2025.md
1,https://doi.org/10.1038/s41467-025-65181-5,MUA Z-score Thresh. (STD),3,checked_paper,Published HTML Methods (2025); 2026 correction,papers/01_Widloski_2025.md
1,https://doi.org/10.1038/s41467-025-65181-5,SWR Z-score Thresh. (STD),2,checked_paper,Published HTML Methods (2025); 2026 correction,papers/01_Widloski_2025.md
1,https://doi.org/10.1038/s41467-025-65181-5,Animal Speed (cm/s),5,checked_paper,Published HTML Methods (2025); 2026 correction,papers/01_Widloski_2025.md
1,https://doi.org/10.1038/s41467-025-65181-5,MUA smooth (ms),80,checked_paper,Published HTML Methods (2025); 2026 correction,papers/01_Widloski_2025.md
1,https://doi.org/10.1038/s41467-025-65181-5,SWR smooth (ms),80,checked_paper,Published HTML Methods (2025); 2026 correction,papers/01_Widloski_2025.md
1,https://doi.org/10.1038/s41467-025-65181-5,Min. Cells (#),#N/A,not_applicable,Published HTML Methods (2025); 2026 correction,papers/01_Widloski_2025.md
1,https://doi.org/10.1038/s41467-025-65181-5,SWR electrodes (#),64,checked_paper,Published HTML Methods (2025); 2026 correction,papers/01_Widloski_2025.md
1,https://doi.org/10.1038/s41467-025-65181-5,SWR Low Band (Hz),100,checked_paper,Published HTML Methods (2025); 2026 correction,papers/01_Widloski_2025.md
1,https://doi.org/10.1038/s41467-025-65181-5,SWR High Band (Hz),220,checked_paper,Published HTML Methods (2025); 2026 correction,papers/01_Widloski_2025.md
1,https://doi.org/10.1038/s41467-025-65181-5,Min. Duration (ms),100,checked_paper,Published HTML Methods (2025); 2026 correction,papers/01_Widloski_2025.md
1,https://doi.org/10.1038/s41467-025-65181-5,Max Duration (ms),#N/A,not_applicable,Published HTML Methods (2025); 2026 correction,papers/01_Widloski_2025.md
1,https://doi.org/10.1038/s41467-025-65181-5,Combine Events Thresh. (ms),50,checked_paper,Published HTML Methods (2025); 2026 correction,papers/01_Widloski_2025.md
1,https://doi.org/10.1038/s41467-025-65181-5,Decoding,Bayes,checked_paper,Published HTML Methods (2025); 2026 correction,papers/01_Widloski_2025.md
1,https://doi.org/10.1038/s41467-025-65181-5,Time bin (ms),80,checked_paper,Published HTML Methods (2025); 2026 correction,papers/01_Widloski_2025.md
1,https://doi.org/10.1038/s41467-025-65181-5,Position bin (cm),2,checked_paper,Published HTML Methods (2025); 2026 correction,papers/01_Widloski_2025.md
1,https://doi.org/10.1038/s41467-025-65181-5,Place field smooth (cm),8,checked_paper,Published HTML Methods (2025); 2026 correction,papers/01_Widloski_2025.md
1,https://doi.org/10.1038/s41467-025-65181-5,Trajectory,Posterior center of mass,checked_paper,Published HTML Methods (2025); 2026 correction,papers/01_Widloski_2025.md
1,https://doi.org/10.1038/s41467-025-65181-5,Decoding notes,Memory-less Bayesian decoding with a uniform prior,reviewed_context,Published HTML Methods (2025); 2026 correction,papers/01_Widloski_2025.md
1,https://doi.org/10.1038/s41467-025-65181-5,Reconst. Error (cm),#N/A,not_reported,Published HTML Methods (2025); 2026 correction,papers/01_Widloski_2025.md
1,https://doi.org/10.1038/s41467-025-65181-5,% Decoded,#N/A,not_reported,Published HTML Methods (2025); 2026 correction,papers/01_Widloski_2025.md
1,https://doi.org/10.1038/s41467-025-65181-5,Spike sorting,Sorted,checked_paper,Published HTML Methods (2025); 2026 correction,papers/01_Widloski_2025.md
1,https://doi.org/10.1038/s41467-025-65181-5,Time bin step (ms),5,checked_paper,Published HTML Methods (2025); 2026 correction,papers/01_Widloski_2025.md
1,https://doi.org/10.1038/s41467-025-65181-5,Shuffle Method,Place cell-ID shuffle,checked_paper,Published HTML Methods (2025); 2026 correction,papers/01_Widloski_2025.md
1,https://doi.org/10.1038/s41467-025-65181-5,Shuffles (#),100,checked_paper,Published HTML Methods (2025); 2026 correction,papers/01_Widloski_2025.md
1,https://doi.org/10.1038/s41467-025-65181-5,Sig. Thresh.,p<0.05,checked_paper,Published HTML Methods (2025); 2026 correction,papers/01_Widloski_2025.md
1,https://doi.org/10.1038/s41467-025-65181-5,% Decoded denom.,#N/A,not_reported,Published HTML Methods (2025); 2026 correction,papers/01_Widloski_2025.md
1,https://doi.org/10.1038/s41467-025-65181-5,Reconst. Error bin (ms),#N/A,not_reported,Published HTML Methods (2025); 2026 correction,papers/01_Widloski_2025.md
2,https://doi.org/10.1126/science.adk8261,First Author,Yang,checked_metadata,"Supplement Methods, combined PDF pp. 11-16",papers/02_Yang_2024.md
2,https://doi.org/10.1126/science.adk8261,Last Author,Buzsáki,checked_metadata,"Supplement Methods, combined PDF pp. 11-16",papers/02_Yang_2024.md
2,https://doi.org/10.1126/science.adk8261,Year,2024,checked_metadata,"Supplement Methods, combined PDF pp. 11-16",papers/02_Yang_2024.md
2,https://doi.org/10.1126/science.adk8261,DOI,https://doi.org/10.1126/science.adk8261,checked_metadata,"Supplement Methods, combined PDF pp. 11-16",papers/02_Yang_2024.md
2,https://doi.org/10.1126/science.adk8261,Journal,Science,checked_metadata,"Supplement Methods, combined PDF pp. 11-16",papers/02_Yang_2024.md
2,https://doi.org/10.1126/science.adk8261,Species,"Rats, Mice",checked_metadata,"Supplement Methods, combined PDF pp. 11-16",papers/02_Yang_2024.md
2,https://doi.org/10.1126/science.adk8261,Detection,"SWR, MUA",checked_paper,"Supplement Methods, combined PDF pp. 11-16",papers/02_Yang_2024.md
2,https://doi.org/10.1126/science.adk8261,Detection Notes,MUA and SWR / MUA with at least one LFP w/ SWR / NREM and quiet waking (automatic state scoring with manual curation) / The 20 ms decoding entry describes UMAP population vectors; the supplementary Bayesian reconstruction uses 100 ms windows. The MUA threshold does not specify the independent LFP detector.,reviewed_context,"Supplement Methods, combined PDF pp. 11-16",papers/02_Yang_2024.md
2,https://doi.org/10.1126/science.adk8261,MUA Z-score Thresh. (STD),3,checked_paper,"Supplement Methods, combined PDF pp. 11-16",papers/02_Yang_2024.md
2,https://doi.org/10.1126/science.adk8261,SWR Z-score Thresh. (STD),Not reported,unresolved,"Supplement Methods, combined PDF pp. 11-16 No independently verified value for this field; see remaining-source register.",papers/02_Yang_2024.md
2,https://doi.org/10.1126/science.adk8261,Animal Speed (cm/s),#N/A,not_applicable,"Supplement Methods, combined PDF pp. 11-16",papers/02_Yang_2024.md
2,https://doi.org/10.1126/science.adk8261,MUA smooth (ms),15,checked_paper,"Supplement Methods, combined PDF pp. 11-16",papers/02_Yang_2024.md
2,https://doi.org/10.1126/science.adk8261,SWR smooth (ms),Not reported,not_reported,"Supplement Methods, combined PDF pp. 11-16",papers/02_Yang_2024.md
2,https://doi.org/10.1126/science.adk8261,Min. Cells (#),5,checked_paper,"Supplement Methods, combined PDF pp. 11-16",papers/02_Yang_2024.md
2,https://doi.org/10.1126/science.adk8261,SWR electrodes (#),Not reported,unresolved,"Supplement Methods, combined PDF pp. 11-16 No independently verified value for this field; see remaining-source register.",papers/02_Yang_2024.md
2,https://doi.org/10.1126/science.adk8261,SWR Low Band (Hz),Not reported,unresolved,"Supplement Methods, combined PDF pp. 11-16 No independently verified value for this field; see remaining-source register.",papers/02_Yang_2024.md
2,https://doi.org/10.1126/science.adk8261,SWR High Band (Hz),Not reported,unresolved,"Supplement Methods, combined PDF pp. 11-16 No independently verified value for this field; see remaining-source register.",papers/02_Yang_2024.md
2,https://doi.org/10.1126/science.adk8261,Min. Duration (ms),50,checked_paper,"Supplement Methods, combined PDF pp. 11-16",papers/02_Yang_2024.md
2,https://doi.org/10.1126/science.adk8261,Max Duration (ms),500,checked_paper,"Supplement Methods, combined PDF pp. 11-16",papers/02_Yang_2024.md
2,https://doi.org/10.1126/science.adk8261,Combine Events Thresh. (ms),#N/A,not_applicable,"Supplement Methods, combined PDF pp. 11-16",papers/02_Yang_2024.md
2,https://doi.org/10.1126/science.adk8261,Decoding,"UMAP
Bayes",checked_paper,"Supplement Methods, combined PDF pp. 11-16",papers/02_Yang_2024.md
2,https://doi.org/10.1126/science.adk8261,Time bin (ms),20,checked_paper,"Supplement Methods, combined PDF pp. 11-16",papers/02_Yang_2024.md
2,https://doi.org/10.1126/science.adk8261,Position bin (cm),5,checked_paper,"Supplement Methods, combined PDF pp. 11-16",papers/02_Yang_2024.md
2,https://doi.org/10.1126/science.adk8261,Place field smooth (cm),10,derived,"Supplement Methods, combined PDF pp. 11-16",papers/02_Yang_2024.md
2,https://doi.org/10.1126/science.adk8261,Trajectory,KNN,checked_paper,"Supplement Methods, combined PDF pp. 11-16",papers/02_Yang_2024.md
2,https://doi.org/10.1126/science.adk8261,Decoding notes,"20 ms refers to UMAP candidate-event bins; Bayesian equations describe 100 ms bins. Trial-label shuffling (1000 repetitions) tests behavioral decoding accuracy and does not establish the number of replay-event shuffles. The archived Python main.py is a template, not the replay analysis.",reviewed_context,Yang supplementary Methods pp. 8-9 (combined PDF pp. 15-16); exact tagged GitHub tree 2fa546845defbdd750c9059e7d54489782fed57c.,papers/02_Yang_2024.md
2,https://doi.org/10.1126/science.adk8261,Reconst. Error (cm),Not reported,not_reported,"Supplement Methods, combined PDF pp. 11-16",papers/02_Yang_2024.md
2,https://doi.org/10.1126/science.adk8261,% Decoded,Not reported,not_reported,"Supplement Methods, combined PDF pp. 11-16",papers/02_Yang_2024.md
2,https://doi.org/10.1126/science.adk8261,Spike sorting,Sorted,checked_paper,"Supplement Methods, combined PDF pp. 11-16",papers/02_Yang_2024.md
2,https://doi.org/10.1126/science.adk8261,Time bin step (ms),20,checked_paper,"Supplement Methods, combined PDF pp. 11-16",papers/02_Yang_2024.md
2,https://doi.org/10.1126/science.adk8261,Shuffle Method,Cell-ID circular shuffle; time-bin shuffle,checked_paper,"Supplement Methods, combined PDF pp. 11-16",papers/02_Yang_2024.md
2,https://doi.org/10.1126/science.adk8261,Shuffles (#),Not reported,not_reported,Yang supplementary Methods pp. 8-9 (combined PDF pp. 15-16); exact tagged GitHub tree 2fa546845defbdd750c9059e7d54489782fed57c.,papers/02_Yang_2024.md
2,https://doi.org/10.1126/science.adk8261,Sig. Thresh.,Both distance-to-manifold and trajectory-length tests; cutoff not reported,checked_paper,Yang supplementary Methods pp. 8-9 (combined PDF pp. 15-16); exact tagged GitHub tree 2fa546845defbdd750c9059e7d54489782fed57c.,papers/02_Yang_2024.md
2,https://doi.org/10.1126/science.adk8261,% Decoded denom.,#N/A,not_reported,"Supplement Methods, combined PDF pp. 11-16",papers/02_Yang_2024.md
2,https://doi.org/10.1126/science.adk8261,Reconst. Error bin (ms),#N/A,not_reported,"Supplement Methods, combined PDF pp. 11-16",papers/02_Yang_2024.md
3,https://doi.org/10.1038/s41467-023-43939-z,First Author,Huelin Gorriz,checked_metadata,Methods pp. 11-12; code release b0676a5,papers/03_HuelinGorriz_2023.md
3,https://doi.org/10.1038/s41467-023-43939-z,Last Author,Bendor,checked_metadata,Methods pp. 11-12; code release b0676a5,papers/03_HuelinGorriz_2023.md
3,https://doi.org/10.1038/s41467-023-43939-z,Year,2023,checked_metadata,Methods pp. 11-12; code release b0676a5,papers/03_HuelinGorriz_2023.md
3,https://doi.org/10.1038/s41467-023-43939-z,DOI,https://doi.org/10.1038/s41467-023-43939-z,checked_metadata,Methods pp. 11-12; code release b0676a5,papers/03_HuelinGorriz_2023.md
3,https://doi.org/10.1038/s41467-023-43939-z,Journal,Nature Communications,checked_metadata,Methods pp. 11-12; code release b0676a5,papers/03_HuelinGorriz_2023.md
3,https://doi.org/10.1038/s41467-023-43939-z,Species,Rats,checked_metadata,Methods pp. 11-12; code release b0676a5,papers/03_HuelinGorriz_2023.md
3,https://doi.org/10.1038/s41467-023-43939-z,Detection,"SWR, MUA",checked_paper,Methods pp. 11-12; code release b0676a5,papers/03_HuelinGorriz_2023.md
3,https://doi.org/10.1038/s41467-023-43939-z,Detection Notes,"MUA and SWR / Independently reopened release: 41-point gausswin(alpha=2) on 1 ms MUA bins gives nominal SD 10 ms per pass (filtfilt effective finite-kernel SD about 12.58 ms); paper says 5 ms. Ripple envelope uses smooth(...,15) at 1 kHz (15 ms moving average); paper says 100 ms. The batch script calls extract_replay_events, but that function is absent from the complete release, so the paper's 750 ms maximum is retained.",reviewed_context,"Zenodo 10085294 / dbendor/Nat_Com_Huelin_Gorriz_et_al b0676a5: batch_analysis_folders.m, list_of_parameters.m, process_clusters.m and extract_CSC.m.",papers/03_HuelinGorriz_2023.md
3,https://doi.org/10.1038/s41467-023-43939-z,MUA Z-score Thresh. (STD),3,checked_paper,Methods pp. 11-12; code release b0676a5,papers/03_HuelinGorriz_2023.md
3,https://doi.org/10.1038/s41467-023-43939-z,SWR Z-score Thresh. (STD),3,checked_paper,Methods pp. 11-12; code release b0676a5,papers/03_HuelinGorriz_2023.md
3,https://doi.org/10.1038/s41467-023-43939-z,Animal Speed (cm/s),5,checked_paper,Methods pp. 11-12; code release b0676a5,papers/03_HuelinGorriz_2023.md
3,https://doi.org/10.1038/s41467-023-43939-z,MUA smooth (ms),10,derived,"Zenodo 10085294 / dbendor/Nat_Com_Huelin_Gorriz_et_al b0676a5: batch_analysis_folders.m, list_of_parameters.m, process_clusters.m and extract_CSC.m.",papers/03_HuelinGorriz_2023.md
3,https://doi.org/10.1038/s41467-023-43939-z,SWR smooth (ms),15,checked_code,"Zenodo 10085294 / dbendor/Nat_Com_Huelin_Gorriz_et_al b0676a5: batch_analysis_folders.m, list_of_parameters.m, process_clusters.m and extract_CSC.m.",papers/03_HuelinGorriz_2023.md
3,https://doi.org/10.1038/s41467-023-43939-z,Min. Cells (#),5,checked_paper,Methods pp. 11-12; code release b0676a5,papers/03_HuelinGorriz_2023.md
3,https://doi.org/10.1038/s41467-023-43939-z,SWR electrodes (#),1,checked_paper,Methods pp. 11-12; code release b0676a5,papers/03_HuelinGorriz_2023.md
3,https://doi.org/10.1038/s41467-023-43939-z,SWR Low Band (Hz),125,checked_paper,Methods pp. 11-12; code release b0676a5,papers/03_HuelinGorriz_2023.md
3,https://doi.org/10.1038/s41467-023-43939-z,SWR High Band (Hz),300,checked_paper,Methods pp. 11-12; code release b0676a5,papers/03_HuelinGorriz_2023.md
3,https://doi.org/10.1038/s41467-023-43939-z,Min. Duration (ms),100,checked_paper,Methods pp. 11-12; code release b0676a5,papers/03_HuelinGorriz_2023.md
3,https://doi.org/10.1038/s41467-023-43939-z,Max Duration (ms),750,checked_paper,Methods pp. 11-12; code release b0676a5,papers/03_HuelinGorriz_2023.md
3,https://doi.org/10.1038/s41467-023-43939-z,Combine Events Thresh. (ms),50,checked_paper,Methods pp. 11-12; code release b0676a5,papers/03_HuelinGorriz_2023.md
3,https://doi.org/10.1038/s41467-023-43939-z,Decoding,Bayes,checked_paper,Methods pp. 11-12; code release b0676a5,papers/03_HuelinGorriz_2023.md
3,https://doi.org/10.1038/s41467-023-43939-z,Time bin (ms),20,checked_paper,Methods pp. 11-12; code release b0676a5,papers/03_HuelinGorriz_2023.md
3,https://doi.org/10.1038/s41467-023-43939-z,Position bin (cm),10,checked_paper,Methods pp. 11-12; code release b0676a5,papers/03_HuelinGorriz_2023.md
3,https://doi.org/10.1038/s41467-023-43939-z,Place field smooth (cm),0,checked_paper,Methods pp. 11-12; code release b0676a5,papers/03_HuelinGorriz_2023.md
3,https://doi.org/10.1038/s41467-023-43939-z,Trajectory,Weighted correlation,checked_paper,Methods pp. 11-12; code release b0676a5,papers/03_HuelinGorriz_2023.md
3,https://doi.org/10.1038/s41467-023-43939-z,Decoding notes,Whole-event replay must pass all three shuffle tests at p<0.05; a split half must pass all three at p<0.025. Shuffles are 1000 per method.,reviewed_context,"Huelin Gorriz Methods, PDF p. 12; release b0676a5.",papers/03_HuelinGorriz_2023.md
3,https://doi.org/10.1038/s41467-023-43939-z,Reconst. Error (cm),Not reported,not_reported,Methods pp. 11-12; code release b0676a5,papers/03_HuelinGorriz_2023.md
3,https://doi.org/10.1038/s41467-023-43939-z,% Decoded,Not reported,not_reported,Methods pp. 11-12; code release b0676a5,papers/03_HuelinGorriz_2023.md
3,https://doi.org/10.1038/s41467-023-43939-z,Spike sorting,Sorted,checked_paper,Methods pp. 11-12; code release b0676a5,papers/03_HuelinGorriz_2023.md
3,https://doi.org/10.1038/s41467-023-43939-z,Time bin step (ms),20,checked_paper,Methods pp. 11-12; code release b0676a5,papers/03_HuelinGorriz_2023.md
3,https://doi.org/10.1038/s41467-023-43939-z,Shuffle Method,Spike-train circular shift; place-field shift; per-bin circular shift of position,checked_paper,Methods pp. 11-12; code release b0676a5,papers/03_HuelinGorriz_2023.md
3,https://doi.org/10.1038/s41467-023-43939-z,Shuffles (#),1000,checked_code,"Zenodo 10085294 / dbendor/Nat_Com_Huelin_Gorriz_et_al b0676a5: batch_analysis_folders.m, list_of_parameters.m, process_clusters.m and extract_CSC.m.",papers/03_HuelinGorriz_2023.md
3,https://doi.org/10.1038/s41467-023-43939-z,Sig. Thresh.,Whole event p<0.05; split half p<0.025 (all three),checked_paper,"Huelin Gorriz Methods, PDF p. 12; release b0676a5.",papers/03_HuelinGorriz_2023.md
3,https://doi.org/10.1038/s41467-023-43939-z,% Decoded denom.,#N/A,not_reported,Methods pp. 11-12; code release b0676a5,papers/03_HuelinGorriz_2023.md
3,https://doi.org/10.1038/s41467-023-43939-z,Reconst. Error bin (ms),#N/A,not_reported,Methods pp. 11-12; code release b0676a5,papers/03_HuelinGorriz_2023.md
4,https://doi.org/10.1016/j.neuron.2023.04.015,First Author,Harvey,checked_metadata,Methods; replay_run.py and session-processing callers,papers/04_Harvey_2023.md
4,https://doi.org/10.1016/j.neuron.2023.04.015,Last Author,Fernandez-Ruiz,checked_metadata,Methods; replay_run.py and session-processing callers,papers/04_Harvey_2023.md
4,https://doi.org/10.1016/j.neuron.2023.04.015,Year,2023,checked_metadata,Methods; replay_run.py and session-processing callers,papers/04_Harvey_2023.md
4,https://doi.org/10.1016/j.neuron.2023.04.015,DOI,https://doi.org/10.1016/j.neuron.2023.04.015,checked_metadata,Methods; replay_run.py and session-processing callers,papers/04_Harvey_2023.md
4,https://doi.org/10.1016/j.neuron.2023.04.015,Journal,Neuron,checked_metadata,Methods; replay_run.py and session-processing callers,papers/04_Harvey_2023.md
4,https://doi.org/10.1016/j.neuron.2023.04.015,Species,Rats,checked_metadata,Methods; replay_run.py and session-processing callers,papers/04_Harvey_2023.md
4,https://doi.org/10.1016/j.neuron.2023.04.015,Detection,SWR,checked_paper,Methods; replay_run.py and session-processing callers,papers/04_Harvey_2023.md
4,https://doi.org/10.1016/j.neuron.2023.04.015,Detection Notes,"SWR / ripple with a simultaneous radiatum sharp wave, detected by neurocode DetectSWR on one pyramidal and one radiatum channel (code; the text describes difference-of-Gaussians ripple power at 4 SD extended to 1 SD, >= 15 ms, and a 2.5 SD, 20-400 ms sharp wave) / sessions without a radiatum channel: FindRipples (code) / replay candidates: ripples >= 80 ms with >= 5 active place cells; events with >50% empty time bins removed / Secondary sessions without radiatum use FindRipples at 100-250 Hz, peak 3 SD, bounds 1 SD, maximum 300 ms. Main numeric fields describe the DetectSWR path; its SD is a local feature scale.",reviewed_context,Methods; replay_run.py and session-processing callers,papers/04_Harvey_2023.md
4,https://doi.org/10.1016/j.neuron.2023.04.015,MUA Z-score Thresh. (STD),#N/A,not_applicable,Methods; replay_run.py and session-processing callers,papers/04_Harvey_2023.md
4,https://doi.org/10.1016/j.neuron.2023.04.015,SWR Z-score Thresh. (STD),2.5,checked_code,Methods; replay_run.py and session-processing callers,papers/04_Harvey_2023.md
4,https://doi.org/10.1016/j.neuron.2023.04.015,Animal Speed (cm/s),#N/A,not_applicable,Methods; replay_run.py and session-processing callers,papers/04_Harvey_2023.md
4,https://doi.org/10.1016/j.neuron.2023.04.015,MUA smooth (ms),#N/A,not_applicable,Methods; replay_run.py and session-processing callers,papers/04_Harvey_2023.md
4,https://doi.org/10.1016/j.neuron.2023.04.015,SWR smooth (ms),#N/A,not_applicable,Methods; replay_run.py and session-processing callers,papers/04_Harvey_2023.md
4,https://doi.org/10.1016/j.neuron.2023.04.015,Min. Cells (#),5,checked_paper,Methods; replay_run.py and session-processing callers,papers/04_Harvey_2023.md
4,https://doi.org/10.1016/j.neuron.2023.04.015,SWR electrodes (#),1,checked_paper,Methods; replay_run.py and session-processing callers,papers/04_Harvey_2023.md
4,https://doi.org/10.1016/j.neuron.2023.04.015,SWR Low Band (Hz),80,checked_code,Methods; replay_run.py and session-processing callers,papers/04_Harvey_2023.md
4,https://doi.org/10.1016/j.neuron.2023.04.015,SWR High Band (Hz),250,checked_code,Methods; replay_run.py and session-processing callers,papers/04_Harvey_2023.md
4,https://doi.org/10.1016/j.neuron.2023.04.015,Min. Duration (ms),80,checked_code,Methods; replay_run.py and session-processing callers,papers/04_Harvey_2023.md
4,https://doi.org/10.1016/j.neuron.2023.04.015,Max Duration (ms),#N/A,not_applicable,Methods; replay_run.py and session-processing callers,papers/04_Harvey_2023.md
4,https://doi.org/10.1016/j.neuron.2023.04.015,Combine Events Thresh. (ms),#N/A,not_applicable,Methods; replay_run.py and session-processing callers,papers/04_Harvey_2023.md
4,https://doi.org/10.1016/j.neuron.2023.04.015,Decoding,Bayes,checked_paper,Methods; replay_run.py and session-processing callers,papers/04_Harvey_2023.md
4,https://doi.org/10.1016/j.neuron.2023.04.015,Time bin (ms),20,checked_paper,Methods; replay_run.py and session-processing callers,papers/04_Harvey_2023.md
4,https://doi.org/10.1016/j.neuron.2023.04.015,Position bin (cm),3,checked_paper,Methods; replay_run.py and session-processing callers,papers/04_Harvey_2023.md
4,https://doi.org/10.1016/j.neuron.2023.04.015,Place field smooth (cm),3,checked_paper,Methods; replay_run.py and session-processing callers,papers/04_Harvey_2023.md
4,https://doi.org/10.1016/j.neuron.2023.04.015,Trajectory,Weighted correlation,checked_paper,Methods; replay_run.py and session-processing callers,papers/04_Harvey_2023.md
4,https://doi.org/10.1016/j.neuron.2023.04.015,Decoding notes,,not_applicable,Methods; replay_run.py and session-processing callers,papers/04_Harvey_2023.md
4,https://doi.org/10.1016/j.neuron.2023.04.015,Reconst. Error (cm),Not reported,not_reported,Methods; replay_run.py and session-processing callers,papers/04_Harvey_2023.md
4,https://doi.org/10.1016/j.neuron.2023.04.015,% Decoded,Not reported,not_reported,Methods; replay_run.py and session-processing callers,papers/04_Harvey_2023.md
4,https://doi.org/10.1016/j.neuron.2023.04.015,Spike sorting,Sorted,checked_paper,Methods; replay_run.py and session-processing callers,papers/04_Harvey_2023.md
4,https://doi.org/10.1016/j.neuron.2023.04.015,Time bin step (ms),20,checked_paper,Methods; replay_run.py and session-processing callers,papers/04_Harvey_2023.md
4,https://doi.org/10.1016/j.neuron.2023.04.015,Shuffle Method,Per-bin circular shift of the posterior,checked_paper,Methods; replay_run.py and session-processing callers,papers/04_Harvey_2023.md
4,https://doi.org/10.1016/j.neuron.2023.04.015,Shuffles (#),1000,checked_paper,Methods; replay_run.py and session-processing callers,papers/04_Harvey_2023.md
4,https://doi.org/10.1016/j.neuron.2023.04.015,Sig. Thresh.,p<0.05,checked_paper,Methods; replay_run.py and session-processing callers,papers/04_Harvey_2023.md
4,https://doi.org/10.1016/j.neuron.2023.04.015,% Decoded denom.,#N/A,not_reported,Methods; replay_run.py and session-processing callers,papers/04_Harvey_2023.md
4,https://doi.org/10.1016/j.neuron.2023.04.015,Reconst. Error bin (ms),#N/A,not_reported,Methods; replay_run.py and session-processing callers,papers/04_Harvey_2023.md
5,https://doi.org/10.1126/science.adi8237,First Author,Liu,checked_metadata,Methods; archived neurocode inspected separately,papers/05_Liu_2023.md
5,https://doi.org/10.1126/science.adi8237,Last Author,Fernandez-Ruiz,checked_metadata,Methods; archived neurocode inspected separately,papers/05_Liu_2023.md
5,https://doi.org/10.1126/science.adi8237,Year,2023,checked_metadata,Methods; archived neurocode inspected separately,papers/05_Liu_2023.md
5,https://doi.org/10.1126/science.adi8237,DOI,https://doi.org/10.1126/science.adi8237,checked_metadata,Methods; archived neurocode inspected separately,papers/05_Liu_2023.md
5,https://doi.org/10.1126/science.adi8237,Journal,Science,checked_metadata,Methods; archived neurocode inspected separately,papers/05_Liu_2023.md
5,https://doi.org/10.1126/science.adi8237,Species,Rats,checked_metadata,Methods; archived neurocode inspected separately,papers/05_Liu_2023.md
5,https://doi.org/10.1126/science.adi8237,Detection,"SWR, MUA",checked_paper,Methods; archived neurocode inspected separately,papers/05_Liu_2023.md
5,https://doi.org/10.1126/science.adi8237,Detection Notes,"MUA and SWR
k-means clustering of ripple power
sharp wave detected from radiatum",reviewed_context,Methods; archived neurocode inspected separately,papers/05_Liu_2023.md
5,https://doi.org/10.1126/science.adi8237,MUA Z-score Thresh. (STD),2,checked_paper,Methods; archived neurocode inspected separately,papers/05_Liu_2023.md
5,https://doi.org/10.1126/science.adi8237,SWR Z-score Thresh. (STD),Adaptive,checked_paper,Methods; archived neurocode inspected separately,papers/05_Liu_2023.md
5,https://doi.org/10.1126/science.adi8237,Animal Speed (cm/s),#N/A,not_applicable,Methods; archived neurocode inspected separately,papers/05_Liu_2023.md
5,https://doi.org/10.1126/science.adi8237,MUA smooth (ms),10,checked_paper,Methods; archived neurocode inspected separately,papers/05_Liu_2023.md
5,https://doi.org/10.1126/science.adi8237,SWR smooth (ms),#N/A,not_applicable,Methods; archived neurocode inspected separately,papers/05_Liu_2023.md
5,https://doi.org/10.1126/science.adi8237,Min. Cells (#),#N/A,not_applicable,Methods; archived neurocode inspected separately,papers/05_Liu_2023.md
5,https://doi.org/10.1126/science.adi8237,SWR electrodes (#),1,checked_paper,Methods; archived neurocode inspected separately,papers/05_Liu_2023.md
5,https://doi.org/10.1126/science.adi8237,SWR Low Band (Hz),80,checked_paper,Methods; archived neurocode inspected separately,papers/05_Liu_2023.md
5,https://doi.org/10.1126/science.adi8237,SWR High Band (Hz),250,checked_paper,Methods; archived neurocode inspected separately,papers/05_Liu_2023.md
5,https://doi.org/10.1126/science.adi8237,Min. Duration (ms),100,checked_paper,Methods; archived neurocode inspected separately,papers/05_Liu_2023.md
5,https://doi.org/10.1126/science.adi8237,Max Duration (ms),500,checked_paper,Methods; archived neurocode inspected separately,papers/05_Liu_2023.md
5,https://doi.org/10.1126/science.adi8237,Combine Events Thresh. (ms),#N/A,not_applicable,Methods; archived neurocode inspected separately,papers/05_Liu_2023.md
5,https://doi.org/10.1126/science.adi8237,Decoding,Bayes,checked_paper,Methods; archived neurocode inspected separately,papers/05_Liu_2023.md
5,https://doi.org/10.1126/science.adi8237,Time bin (ms),20,checked_paper,Methods; archived neurocode inspected separately,papers/05_Liu_2023.md
5,https://doi.org/10.1126/science.adi8237,Position bin (cm),3,checked_paper,Methods; archived neurocode inspected separately,papers/05_Liu_2023.md
5,https://doi.org/10.1126/science.adi8237,Place field smooth (cm),3,checked_paper,Methods; archived neurocode inspected separately,papers/05_Liu_2023.md
5,https://doi.org/10.1126/science.adi8237,Trajectory,Radon transform,checked_paper,Methods; archived neurocode inspected separately,papers/05_Liu_2023.md
5,https://doi.org/10.1126/science.adi8237,Decoding notes,,not_applicable,Methods; archived neurocode inspected separately,papers/05_Liu_2023.md
5,https://doi.org/10.1126/science.adi8237,Reconst. Error (cm),Not reported,not_reported,Methods; archived neurocode inspected separately,papers/05_Liu_2023.md
5,https://doi.org/10.1126/science.adi8237,% Decoded,Not reported,not_reported,Methods; archived neurocode inspected separately,papers/05_Liu_2023.md
5,https://doi.org/10.1126/science.adi8237,Spike sorting,Sorted,checked_paper,Methods; archived neurocode inspected separately,papers/05_Liu_2023.md
5,https://doi.org/10.1126/science.adi8237,Time bin step (ms),20,checked_paper,Methods; archived neurocode inspected separately,papers/05_Liu_2023.md
5,https://doi.org/10.1126/science.adi8237,Shuffle Method,Per-bin random spatial shift of the reconstruction matrix; cell-ID shuffle,checked_paper,Methods; archived neurocode inspected separately,papers/05_Liu_2023.md
5,https://doi.org/10.1126/science.adi8237,Shuffles (#),500,checked_paper,Methods; archived neurocode inspected separately,papers/05_Liu_2023.md
5,https://doi.org/10.1126/science.adi8237,Sig. Thresh.,95th percentile,checked_paper,Methods; archived neurocode inspected separately,papers/05_Liu_2023.md
5,https://doi.org/10.1126/science.adi8237,% Decoded denom.,#N/A,not_reported,Methods; archived neurocode inspected separately,papers/05_Liu_2023.md
5,https://doi.org/10.1126/science.adi8237,Reconst. Error bin (ms),#N/A,not_reported,Methods; archived neurocode inspected separately,papers/05_Liu_2023.md
6,https://doi.org/10.7554/eLife.79031,First Author,Tirole,checked_metadata,Methods; release 44ecf42,papers/06_Tirole_2022.md
6,https://doi.org/10.7554/eLife.79031,Last Author,Bendor,checked_metadata,Methods; release 44ecf42,papers/06_Tirole_2022.md
6,https://doi.org/10.7554/eLife.79031,Year,2022,checked_metadata,Methods; release 44ecf42,papers/06_Tirole_2022.md
6,https://doi.org/10.7554/eLife.79031,DOI,https://doi.org/10.7554/eLife.79031,checked_metadata,Methods; release 44ecf42,papers/06_Tirole_2022.md
6,https://doi.org/10.7554/eLife.79031,Journal,eLife,checked_metadata,Methods; release 44ecf42,papers/06_Tirole_2022.md
6,https://doi.org/10.7554/eLife.79031,Species,Rats,checked_metadata,Methods; release 44ecf42,papers/06_Tirole_2022.md
6,https://doi.org/10.7554/eLife.79031,Detection,"SWR, MUA",checked_paper,Methods; release 44ecf42,papers/06_Tirole_2022.md
6,https://doi.org/10.7554/eLife.79031,Detection Notes,"MUA and SWR / MUA burst with ripple-band z >= 3 inside it / Code values: MUA Gaussian SD 10 ms per pass via filtfilt (effective SD about 12.6 ms for the finite kernel); ripple 15 ms moving average; no maximum-duration exclusion. Text instead states 5 ms, 100 ms and 750 ms, respectively. Minimum 100 ms precedes 50 ms merging.",reviewed_context,Methods; release 44ecf42,papers/06_Tirole_2022.md
6,https://doi.org/10.7554/eLife.79031,MUA Z-score Thresh. (STD),3,checked_paper,Methods; release 44ecf42,papers/06_Tirole_2022.md
6,https://doi.org/10.7554/eLife.79031,SWR Z-score Thresh. (STD),3,checked_paper,Methods; release 44ecf42,papers/06_Tirole_2022.md
6,https://doi.org/10.7554/eLife.79031,Animal Speed (cm/s),5,checked_paper,Methods; release 44ecf42,papers/06_Tirole_2022.md
6,https://doi.org/10.7554/eLife.79031,MUA smooth (ms),10,derived,Methods; release 44ecf42,papers/06_Tirole_2022.md
6,https://doi.org/10.7554/eLife.79031,SWR smooth (ms),15,checked_code,Methods; release 44ecf42,papers/06_Tirole_2022.md
6,https://doi.org/10.7554/eLife.79031,Min. Cells (#),5,checked_paper,Methods; release 44ecf42,papers/06_Tirole_2022.md
6,https://doi.org/10.7554/eLife.79031,SWR electrodes (#),1,checked_paper,Methods; release 44ecf42,papers/06_Tirole_2022.md
6,https://doi.org/10.7554/eLife.79031,SWR Low Band (Hz),125,checked_paper,Methods; release 44ecf42,papers/06_Tirole_2022.md
6,https://doi.org/10.7554/eLife.79031,SWR High Band (Hz),300,checked_paper,Methods; release 44ecf42,papers/06_Tirole_2022.md
6,https://doi.org/10.7554/eLife.79031,Min. Duration (ms),100,checked_paper,Methods; release 44ecf42,papers/06_Tirole_2022.md
6,https://doi.org/10.7554/eLife.79031,Max Duration (ms),#N/A,checked_code,Methods; release 44ecf42,papers/06_Tirole_2022.md
6,https://doi.org/10.7554/eLife.79031,Combine Events Thresh. (ms),50,checked_paper,Methods; release 44ecf42,papers/06_Tirole_2022.md
6,https://doi.org/10.7554/eLife.79031,Decoding,Bayes,checked_paper,Methods; release 44ecf42,papers/06_Tirole_2022.md
6,https://doi.org/10.7554/eLife.79031,Time bin (ms),20,checked_paper,Methods; release 44ecf42,papers/06_Tirole_2022.md
6,https://doi.org/10.7554/eLife.79031,Position bin (cm),10,checked_paper,Methods; release 44ecf42,papers/06_Tirole_2022.md
6,https://doi.org/10.7554/eLife.79031,Place field smooth (cm),0,checked_paper,Methods; release 44ecf42,papers/06_Tirole_2022.md
6,https://doi.org/10.7554/eLife.79031,Trajectory,Weighted correlation,checked_paper,Methods; release 44ecf42,papers/06_Tirole_2022.md
6,https://doi.org/10.7554/eLife.79031,Decoding notes,Whole-event replay must pass all three shuffle tests at p<0.05; a split half must pass all three at p<0.025. Shuffles are 1000 per method.,reviewed_context,"Tirole release 44ecf42, number_of_significant_replays.m.",papers/06_Tirole_2022.md
6,https://doi.org/10.7554/eLife.79031,Reconst. Error (cm),Not reported,not_reported,Methods; release 44ecf42,papers/06_Tirole_2022.md
6,https://doi.org/10.7554/eLife.79031,% Decoded,Not reported,not_reported,Methods; release 44ecf42,papers/06_Tirole_2022.md
6,https://doi.org/10.7554/eLife.79031,Spike sorting,Sorted,checked_paper,Methods; release 44ecf42,papers/06_Tirole_2022.md
6,https://doi.org/10.7554/eLife.79031,Time bin step (ms),20,checked_paper,Methods; release 44ecf42,papers/06_Tirole_2022.md
6,https://doi.org/10.7554/eLife.79031,Shuffle Method,Spike-train circular shift; place-field shift; per-bin circular shift of position,checked_paper,Methods; release 44ecf42,papers/06_Tirole_2022.md
6,https://doi.org/10.7554/eLife.79031,Shuffles (#),1000,checked_code,Methods; release 44ecf42,papers/06_Tirole_2022.md
6,https://doi.org/10.7554/eLife.79031,Sig. Thresh.,Whole event p<0.05; split half p<0.025 (all three),checked_code,"Tirole release 44ecf42, number_of_significant_replays.m.",papers/06_Tirole_2022.md
6,https://doi.org/10.7554/eLife.79031,% Decoded denom.,#N/A,not_reported,Methods; release 44ecf42,papers/06_Tirole_2022.md
6,https://doi.org/10.7554/eLife.79031,Reconst. Error bin (ms),#N/A,not_reported,Methods; release 44ecf42,papers/06_Tirole_2022.md
7,https://doi.org/10.1016/j.cub.2021.10.033,First Author,Bush,checked_metadata,Author PDF Methods pp. 10-12; Results p. 7,papers/07_Bush_2022.md
7,https://doi.org/10.1016/j.cub.2021.10.033,Last Author,Burgess,checked_metadata,Author PDF Methods pp. 10-12; Results p. 7,papers/07_Bush_2022.md
7,https://doi.org/10.1016/j.cub.2021.10.033,Year,2022,checked_metadata,Author PDF Methods pp. 10-12; Results p. 7,papers/07_Bush_2022.md
7,https://doi.org/10.1016/j.cub.2021.10.033,DOI,https://doi.org/10.1016/j.cub.2021.10.033,checked_metadata,Author PDF Methods pp. 10-12; Results p. 7,papers/07_Bush_2022.md
7,https://doi.org/10.1016/j.cub.2021.10.033,Journal,Current Biology,checked_metadata,Author PDF Methods pp. 10-12; Results p. 7,papers/07_Bush_2022.md
7,https://doi.org/10.1016/j.cub.2021.10.033,Species,Rats,checked_metadata,Author PDF Methods pp. 10-12; Results p. 7,papers/07_Bush_2022.md
7,https://doi.org/10.1016/j.cub.2021.10.033,Detection,MUA,checked_paper,Author PDF Methods pp. 10-12; Results p. 7,papers/07_Bush_2022.md
7,https://doi.org/10.1016/j.cub.2021.10.033,Detection Notes,"MUA / median speed used for immobility / >= 5 or 15% of pyramidal cells active, whichever is larger / ripple-band detector (150-250 Hz, 5 ms smoothing, 3 SD, one channel) as a separate control",reviewed_context,Author PDF Methods pp. 10-12; Results p. 7,papers/07_Bush_2022.md
7,https://doi.org/10.1016/j.cub.2021.10.033,MUA Z-score Thresh. (STD),3,checked_paper,Author PDF Methods pp. 10-12; Results p. 7,papers/07_Bush_2022.md
7,https://doi.org/10.1016/j.cub.2021.10.033,SWR Z-score Thresh. (STD),3,checked_paper,Author PDF Methods pp. 10-12; Results p. 7,papers/07_Bush_2022.md
7,https://doi.org/10.1016/j.cub.2021.10.033,Animal Speed (cm/s),10,checked_paper,Author PDF Methods pp. 10-12; Results p. 7,papers/07_Bush_2022.md
7,https://doi.org/10.1016/j.cub.2021.10.033,MUA smooth (ms),5,checked_paper,Author PDF Methods pp. 10-12; Results p. 7,papers/07_Bush_2022.md
7,https://doi.org/10.1016/j.cub.2021.10.033,SWR smooth (ms),5,checked_paper,Author PDF Methods pp. 10-12; Results p. 7,papers/07_Bush_2022.md
7,https://doi.org/10.1016/j.cub.2021.10.033,Min. Cells (#),5,checked_paper,Author PDF Methods pp. 10-12; Results p. 7,papers/07_Bush_2022.md
7,https://doi.org/10.1016/j.cub.2021.10.033,SWR electrodes (#),1,checked_paper,Author PDF Methods pp. 10-12; Results p. 7,papers/07_Bush_2022.md
7,https://doi.org/10.1016/j.cub.2021.10.033,SWR Low Band (Hz),150,checked_paper,Author PDF Methods pp. 10-12; Results p. 7,papers/07_Bush_2022.md
7,https://doi.org/10.1016/j.cub.2021.10.033,SWR High Band (Hz),250,checked_paper,Author PDF Methods pp. 10-12; Results p. 7,papers/07_Bush_2022.md
7,https://doi.org/10.1016/j.cub.2021.10.033,Min. Duration (ms),40,checked_paper,Author PDF Methods pp. 10-12; Results p. 7,papers/07_Bush_2022.md
7,https://doi.org/10.1016/j.cub.2021.10.033,Max Duration (ms),500,checked_paper,Author PDF Methods pp. 10-12; Results p. 7,papers/07_Bush_2022.md
7,https://doi.org/10.1016/j.cub.2021.10.033,Combine Events Thresh. (ms),40,checked_paper,Author PDF Methods pp. 10-12; Results p. 7,papers/07_Bush_2022.md
7,https://doi.org/10.1016/j.cub.2021.10.033,Decoding,Bayes,checked_paper,Author PDF Methods pp. 10-12; Results p. 7,papers/07_Bush_2022.md
7,https://doi.org/10.1016/j.cub.2021.10.033,Time bin (ms),10,checked_paper,Author PDF Methods pp. 10-12; Results p. 7,papers/07_Bush_2022.md
7,https://doi.org/10.1016/j.cub.2021.10.033,Position bin (cm),2,checked_paper,Author PDF Methods pp. 10-12; Results p. 7,papers/07_Bush_2022.md
7,https://doi.org/10.1016/j.cub.2021.10.033,Place field smooth (cm),10,checked_paper,Author PDF Methods pp. 10-12; Results p. 7,papers/07_Bush_2022.md
7,https://doi.org/10.1016/j.cub.2021.10.033,Trajectory,Radon transform,checked_paper,Author PDF Methods pp. 10-12; Results p. 7,papers/07_Bush_2022.md
7,https://doi.org/10.1016/j.cub.2021.10.033,Decoding notes,,not_applicable,Author PDF Methods pp. 10-12; Results p. 7,papers/07_Bush_2022.md
7,https://doi.org/10.1016/j.cub.2021.10.033,Reconst. Error (cm),"outbound (13.7cm)
inbound (12.8cm)",checked_paper,Author PDF Methods pp. 10-12; Results p. 7,papers/07_Bush_2022.md
7,https://doi.org/10.1016/j.cub.2021.10.033,% Decoded,13.9%,checked_paper,Author PDF Methods pp. 10-12; Results p. 7,papers/07_Bush_2022.md
7,https://doi.org/10.1016/j.cub.2021.10.033,Spike sorting,Sorted,checked_paper,Author PDF Methods pp. 10-12; Results p. 7,papers/07_Bush_2022.md
7,https://doi.org/10.1016/j.cub.2021.10.033,Time bin step (ms),10,checked_paper,Author PDF Methods pp. 10-12; Results p. 7,papers/07_Bush_2022.md
7,https://doi.org/10.1016/j.cub.2021.10.033,Shuffle Method,Cell-ID shuffle,checked_paper,Author PDF Methods pp. 10-12; Results p. 7,papers/07_Bush_2022.md
7,https://doi.org/10.1016/j.cub.2021.10.033,Shuffles (#),100,checked_paper,Author PDF Methods pp. 10-12; Results p. 7,papers/07_Bush_2022.md
7,https://doi.org/10.1016/j.cub.2021.10.033,Sig. Thresh.,95th percentile,checked_paper,Author PDF Methods pp. 10-12; Results p. 7,papers/07_Bush_2022.md
7,https://doi.org/10.1016/j.cub.2021.10.033,% Decoded denom.,candidate events,checked_paper,Author PDF Methods pp. 10-12; Results p. 7,papers/07_Bush_2022.md
7,https://doi.org/10.1016/j.cub.2021.10.033,Reconst. Error bin (ms),500,checked_paper,Author PDF Methods pp. 10-12; Results p. 7,papers/07_Bush_2022.md
8,https://doi.org/10.1016/j.neuron.2022.03.010,First Author,Berners-Lee,checked_metadata,Methods pp. 16-18; Publication release,papers/08_Berners-Lee_2022.md
8,https://doi.org/10.1016/j.neuron.2022.03.010,Last Author,Foster,checked_metadata,Methods pp. 16-18; Publication release,papers/08_Berners-Lee_2022.md
8,https://doi.org/10.1016/j.neuron.2022.03.010,Year,2022,checked_metadata,Methods pp. 16-18; Publication release,papers/08_Berners-Lee_2022.md
8,https://doi.org/10.1016/j.neuron.2022.03.010,DOI,https://doi.org/10.1016/j.neuron.2022.03.010,checked_metadata,Methods pp. 16-18; Publication release,papers/08_Berners-Lee_2022.md
8,https://doi.org/10.1016/j.neuron.2022.03.010,Journal,Neuron,checked_metadata,Methods pp. 16-18; Publication release,papers/08_Berners-Lee_2022.md
8,https://doi.org/10.1016/j.neuron.2022.03.010,Species,Rats,checked_metadata,Methods pp. 16-18; Publication release,papers/08_Berners-Lee_2022.md
8,https://doi.org/10.1016/j.neuron.2022.03.010,Detection,MUA,checked_paper,Methods pp. 16-18; Publication release,papers/08_Berners-Lee_2022.md
8,https://doi.org/10.1016/j.neuron.2022.03.010,Detection Notes,MUA / 20 ms decoding windows are used both with 5 ms steps and without overlap (20 ms steps); the step column records the latter variant.,reviewed_context,Methods pp. 16-18; Publication release,papers/08_Berners-Lee_2022.md
8,https://doi.org/10.1016/j.neuron.2022.03.010,MUA Z-score Thresh. (STD),3,checked_paper,Methods pp. 16-18; Publication release,papers/08_Berners-Lee_2022.md
8,https://doi.org/10.1016/j.neuron.2022.03.010,SWR Z-score Thresh. (STD),#N/A,not_applicable,Methods pp. 16-18; Publication release,papers/08_Berners-Lee_2022.md
8,https://doi.org/10.1016/j.neuron.2022.03.010,Animal Speed (cm/s),5,checked_paper,Methods pp. 16-18; Publication release,papers/08_Berners-Lee_2022.md
8,https://doi.org/10.1016/j.neuron.2022.03.010,MUA smooth (ms),10,checked_paper,Methods pp. 16-18; Publication release,papers/08_Berners-Lee_2022.md
8,https://doi.org/10.1016/j.neuron.2022.03.010,SWR smooth (ms),#N/A,not_applicable,Methods pp. 16-18; Publication release,papers/08_Berners-Lee_2022.md
8,https://doi.org/10.1016/j.neuron.2022.03.010,Min. Cells (#),#N/A,not_applicable,Methods pp. 16-18; Publication release,papers/08_Berners-Lee_2022.md
8,https://doi.org/10.1016/j.neuron.2022.03.010,SWR electrodes (#),#N/A,not_applicable,Methods pp. 16-18; Publication release,papers/08_Berners-Lee_2022.md
8,https://doi.org/10.1016/j.neuron.2022.03.010,SWR Low Band (Hz),#N/A,not_applicable,Methods pp. 16-18; Publication release,papers/08_Berners-Lee_2022.md
8,https://doi.org/10.1016/j.neuron.2022.03.010,SWR High Band (Hz),#N/A,not_applicable,Methods pp. 16-18; Publication release,papers/08_Berners-Lee_2022.md
8,https://doi.org/10.1016/j.neuron.2022.03.010,Min. Duration (ms),100,checked_paper,Methods pp. 16-18; Publication release,papers/08_Berners-Lee_2022.md
8,https://doi.org/10.1016/j.neuron.2022.03.010,Max Duration (ms),500,checked_paper,Methods pp. 16-18; Publication release,papers/08_Berners-Lee_2022.md
8,https://doi.org/10.1016/j.neuron.2022.03.010,Combine Events Thresh. (ms),#N/A,not_applicable,Methods pp. 16-18; Publication release,papers/08_Berners-Lee_2022.md
8,https://doi.org/10.1016/j.neuron.2022.03.010,Decoding,Bayes,checked_paper,Methods pp. 16-18; Publication release,papers/08_Berners-Lee_2022.md
8,https://doi.org/10.1016/j.neuron.2022.03.010,Time bin (ms),20,checked_paper,Methods pp. 16-18; Publication release,papers/08_Berners-Lee_2022.md
8,https://doi.org/10.1016/j.neuron.2022.03.010,Position bin (cm),2.5,checked_paper,Methods pp. 16-18; Publication release,papers/08_Berners-Lee_2022.md
8,https://doi.org/10.1016/j.neuron.2022.03.010,Place field smooth (cm),5,checked_paper,Methods pp. 16-18; Publication release,papers/08_Berners-Lee_2022.md
8,https://doi.org/10.1016/j.neuron.2022.03.010,Trajectory,"Weighted correlation, Radon transform",checked_paper,Methods pp. 16-18; Publication release,papers/08_Berners-Lee_2022.md
8,https://doi.org/10.1016/j.neuron.2022.03.010,Decoding notes,"Primary event criteria are abs(weighted correlation)>0.6 and maximum jump<0.4 of track length. Paper describes 20 ms windows both in 5 ms steps and without overlap; the reopened spike-density helper uses nonoverlapping 20 ms windows. The 5000 time shuffles test counts of qualifying events, not a p<0.05 test for each replay.",reviewed_context,"Berners-Lee 2022 Methods, PDF pp. 17-18; Zenodo 6330850 Publication release, decode_spikedensity_events.m.",papers/08_Berners-Lee_2022.md
8,https://doi.org/10.1016/j.neuron.2022.03.010,Reconst. Error (cm),Not reported,not_reported,Methods pp. 16-18; Publication release,papers/08_Berners-Lee_2022.md
8,https://doi.org/10.1016/j.neuron.2022.03.010,% Decoded,Not reported,not_reported,Methods pp. 16-18; Publication release,papers/08_Berners-Lee_2022.md
8,https://doi.org/10.1016/j.neuron.2022.03.010,Spike sorting,Sorted,checked_paper,Methods pp. 16-18; Publication release,papers/08_Berners-Lee_2022.md
8,https://doi.org/10.1016/j.neuron.2022.03.010,Time bin step (ms),5 or 20,checked_paper,"Berners-Lee 2022 Methods, PDF pp. 17-18; Zenodo 6330850 Publication release, decode_spikedensity_events.m.",papers/08_Berners-Lee_2022.md
8,https://doi.org/10.1016/j.neuron.2022.03.010,Shuffle Method,Time-bin shuffle (test of event counts),checked_paper,"Berners-Lee 2022 Methods, PDF pp. 17-18; Zenodo 6330850 Publication release, decode_spikedensity_events.m.",papers/08_Berners-Lee_2022.md
8,https://doi.org/10.1016/j.neuron.2022.03.010,Shuffles (#),5000,checked_paper,Methods pp. 16-18; Publication release,papers/08_Berners-Lee_2022.md
8,https://doi.org/10.1016/j.neuron.2022.03.010,Sig. Thresh.,Criteria-based events; p<0.05 on counts,checked_paper,"Berners-Lee 2022 Methods, PDF pp. 17-18; Zenodo 6330850 Publication release, decode_spikedensity_events.m.",papers/08_Berners-Lee_2022.md
8,https://doi.org/10.1016/j.neuron.2022.03.010,% Decoded denom.,#N/A,not_reported,Methods pp. 16-18; Publication release,papers/08_Berners-Lee_2022.md
8,https://doi.org/10.1016/j.neuron.2022.03.010,Reconst. Error bin (ms),#N/A,not_reported,Methods pp. 16-18; Publication release,papers/08_Berners-Lee_2022.md
9,https://doi.org/10.1016/j.neuron.2022.02.002,First Author,Widloski,checked_metadata,Methods pp. 18-20; Zenodo 5880582,papers/09_Widloski_2022.md
9,https://doi.org/10.1016/j.neuron.2022.02.002,Last Author,Foster,checked_metadata,Methods pp. 18-20; Zenodo 5880582,papers/09_Widloski_2022.md
9,https://doi.org/10.1016/j.neuron.2022.02.002,Year,2022,checked_metadata,Methods pp. 18-20; Zenodo 5880582,papers/09_Widloski_2022.md
9,https://doi.org/10.1016/j.neuron.2022.02.002,DOI,https://doi.org/10.1016/j.neuron.2022.02.002,checked_metadata,Methods pp. 18-20; Zenodo 5880582,papers/09_Widloski_2022.md
9,https://doi.org/10.1016/j.neuron.2022.02.002,Journal,Neuron,checked_metadata,Methods pp. 18-20; Zenodo 5880582,papers/09_Widloski_2022.md
9,https://doi.org/10.1016/j.neuron.2022.02.002,Species,Rats,checked_metadata,Methods pp. 18-20; Zenodo 5880582,papers/09_Widloski_2022.md
9,https://doi.org/10.1016/j.neuron.2022.02.002,Detection,Decoding,checked_paper,Methods pp. 18-20; Zenodo 5880582,papers/09_Widloski_2022.md
9,https://doi.org/10.1016/j.neuron.2022.02.002,Detection Notes,Decoded all immobility,reviewed_context,Methods pp. 18-20; Zenodo 5880582,papers/09_Widloski_2022.md
9,https://doi.org/10.1016/j.neuron.2022.02.002,MUA Z-score Thresh. (STD),#N/A,not_applicable,Methods pp. 18-20; Zenodo 5880582,papers/09_Widloski_2022.md
9,https://doi.org/10.1016/j.neuron.2022.02.002,SWR Z-score Thresh. (STD),#N/A,not_applicable,Methods pp. 18-20; Zenodo 5880582,papers/09_Widloski_2022.md
9,https://doi.org/10.1016/j.neuron.2022.02.002,Animal Speed (cm/s),5,checked_paper,Methods pp. 18-20; Zenodo 5880582,papers/09_Widloski_2022.md
9,https://doi.org/10.1016/j.neuron.2022.02.002,MUA smooth (ms),#N/A,not_applicable,Methods pp. 18-20; Zenodo 5880582,papers/09_Widloski_2022.md
9,https://doi.org/10.1016/j.neuron.2022.02.002,SWR smooth (ms),#N/A,not_applicable,Methods pp. 18-20; Zenodo 5880582,papers/09_Widloski_2022.md
9,https://doi.org/10.1016/j.neuron.2022.02.002,Min. Cells (#),#N/A,not_applicable,Methods pp. 18-20; Zenodo 5880582,papers/09_Widloski_2022.md
9,https://doi.org/10.1016/j.neuron.2022.02.002,SWR electrodes (#),#N/A,not_applicable,Methods pp. 18-20; Zenodo 5880582,papers/09_Widloski_2022.md
9,https://doi.org/10.1016/j.neuron.2022.02.002,SWR Low Band (Hz),#N/A,not_applicable,Methods pp. 18-20; Zenodo 5880582,papers/09_Widloski_2022.md
9,https://doi.org/10.1016/j.neuron.2022.02.002,SWR High Band (Hz),#N/A,not_applicable,Methods pp. 18-20; Zenodo 5880582,papers/09_Widloski_2022.md
9,https://doi.org/10.1016/j.neuron.2022.02.002,Min. Duration (ms),100,checked_paper,Methods pp. 18-20; Zenodo 5880582,papers/09_Widloski_2022.md
9,https://doi.org/10.1016/j.neuron.2022.02.002,Max Duration (ms),#N/A,not_applicable,Methods pp. 18-20; Zenodo 5880582,papers/09_Widloski_2022.md
9,https://doi.org/10.1016/j.neuron.2022.02.002,Combine Events Thresh. (ms),50,checked_paper,Methods pp. 18-20; Zenodo 5880582,papers/09_Widloski_2022.md
9,https://doi.org/10.1016/j.neuron.2022.02.002,Decoding,Bayes,checked_paper,Methods pp. 18-20; Zenodo 5880582,papers/09_Widloski_2022.md
9,https://doi.org/10.1016/j.neuron.2022.02.002,Time bin (ms),80,checked_paper,Methods pp. 18-20; Zenodo 5880582,papers/09_Widloski_2022.md
9,https://doi.org/10.1016/j.neuron.2022.02.002,Position bin (cm),2,checked_paper,Methods pp. 18-20; Zenodo 5880582,papers/09_Widloski_2022.md
9,https://doi.org/10.1016/j.neuron.2022.02.002,Place field smooth (cm),8,checked_paper,Methods pp. 18-20; Zenodo 5880582,papers/09_Widloski_2022.md
9,https://doi.org/10.1016/j.neuron.2022.02.002,Trajectory,Posterior center of mass,checked_paper,Methods pp. 18-20; Zenodo 5880582,papers/09_Widloski_2022.md
9,https://doi.org/10.1016/j.neuron.2022.02.002,Decoding notes,"demarcate events based on
posterior spread < 10 cm
posterior jump size < 20 cm",reviewed_context,Methods pp. 18-20; Zenodo 5880582,papers/09_Widloski_2022.md
9,https://doi.org/10.1016/j.neuron.2022.02.002,Reconst. Error (cm),Not reported,not_reported,Methods pp. 18-20; Zenodo 5880582,papers/09_Widloski_2022.md
9,https://doi.org/10.1016/j.neuron.2022.02.002,% Decoded,Not reported,not_reported,Methods pp. 18-20; Zenodo 5880582,papers/09_Widloski_2022.md
9,https://doi.org/10.1016/j.neuron.2022.02.002,Spike sorting,Sorted,checked_paper,Methods pp. 18-20; Zenodo 5880582,papers/09_Widloski_2022.md
9,https://doi.org/10.1016/j.neuron.2022.02.002,Time bin step (ms),5,checked_paper,Methods pp. 18-20; Zenodo 5880582,papers/09_Widloski_2022.md
9,https://doi.org/10.1016/j.neuron.2022.02.002,Shuffle Method,none (posterior spread and jump thresholds),checked_paper,Methods pp. 18-20; Zenodo 5880582,papers/09_Widloski_2022.md
9,https://doi.org/10.1016/j.neuron.2022.02.002,Shuffles (#),#N/A,not_applicable,Methods pp. 18-20; Zenodo 5880582,papers/09_Widloski_2022.md
9,https://doi.org/10.1016/j.neuron.2022.02.002,Sig. Thresh.,#N/A,not_applicable,Methods pp. 18-20; Zenodo 5880582,papers/09_Widloski_2022.md
9,https://doi.org/10.1016/j.neuron.2022.02.002,% Decoded denom.,#N/A,not_reported,Methods pp. 18-20; Zenodo 5880582,papers/09_Widloski_2022.md
9,https://doi.org/10.1016/j.neuron.2022.02.002,Reconst. Error bin (ms),250,checked_paper,"Widloski 2022 Methods, PDF p. 19: behavioral decoding in 250 ms windows.",papers/09_Widloski_2022.md
10,https://doi.org/10.1016/j.neuron.2021.11.014,First Author,Krause,checked_metadata,Methods pp. 14-16; code v1.0,papers/10_Krause_2022.md
10,https://doi.org/10.1016/j.neuron.2021.11.014,Last Author,Drugowitsch,checked_metadata,Methods pp. 14-16; code v1.0,papers/10_Krause_2022.md
10,https://doi.org/10.1016/j.neuron.2021.11.014,Year,2022,checked_metadata,Methods pp. 14-16; code v1.0,papers/10_Krause_2022.md
10,https://doi.org/10.1016/j.neuron.2021.11.014,DOI,https://doi.org/10.1016/j.neuron.2021.11.014,checked_metadata,Methods pp. 14-16; code v1.0,papers/10_Krause_2022.md
10,https://doi.org/10.1016/j.neuron.2021.11.014,Journal,Neuron,checked_metadata,Methods pp. 14-16; code v1.0,papers/10_Krause_2022.md
10,https://doi.org/10.1016/j.neuron.2021.11.014,Species,Rats,checked_metadata,Methods pp. 14-16; code v1.0,papers/10_Krause_2022.md
10,https://doi.org/10.1016/j.neuron.2021.11.014,Detection,"SWR, MUA",checked_paper,Methods pp. 14-16; code v1.0,papers/10_Krause_2022.md
10,https://doi.org/10.1016/j.neuron.2021.11.014,Detection Notes,MUA and SWR / >2 sp./s / Published MUA control uses Gaussian SD 20 ms; subsequent SWR trimming uses >2 spikes/s/cell in 3 ms bins and retains trimmed events >=30 ms. The 50 ms minimum in the column is the original SWR criterion. / MUA smoothing column follows the released implementation: 10 ms SD; the text reports 20 ms.,reviewed_context,Methods pp. 14-16; code v1.0,papers/10_Krause_2022.md
10,https://doi.org/10.1016/j.neuron.2021.11.014,MUA Z-score Thresh. (STD),3,checked_paper,Methods pp. 14-16; code v1.0,papers/10_Krause_2022.md
10,https://doi.org/10.1016/j.neuron.2021.11.014,SWR Z-score Thresh. (STD),3,checked_paper,Methods pp. 14-16; code v1.0,papers/10_Krause_2022.md
10,https://doi.org/10.1016/j.neuron.2021.11.014,Animal Speed (cm/s),5,checked_paper,Methods pp. 14-16; code v1.0,papers/10_Krause_2022.md
10,https://doi.org/10.1016/j.neuron.2021.11.014,MUA smooth (ms),10,checked_code,Methods pp. 14-16; code v1.0,papers/10_Krause_2022.md
10,https://doi.org/10.1016/j.neuron.2021.11.014,SWR smooth (ms),12.5,checked_paper,Methods pp. 14-16; code v1.0,papers/10_Krause_2022.md
10,https://doi.org/10.1016/j.neuron.2021.11.014,Min. Cells (#),#N/A,not_applicable,Methods pp. 14-16; code v1.0,papers/10_Krause_2022.md
10,https://doi.org/10.1016/j.neuron.2021.11.014,SWR electrodes (#),>1,checked_paper,Methods pp. 14-16; code v1.0,papers/10_Krause_2022.md
10,https://doi.org/10.1016/j.neuron.2021.11.014,SWR Low Band (Hz),150,checked_paper,Methods pp. 14-16; code v1.0,papers/10_Krause_2022.md
10,https://doi.org/10.1016/j.neuron.2021.11.014,SWR High Band (Hz),250,checked_paper,Methods pp. 14-16; code v1.0,papers/10_Krause_2022.md
10,https://doi.org/10.1016/j.neuron.2021.11.014,Min. Duration (ms),50,checked_paper,Methods pp. 14-16; code v1.0,papers/10_Krause_2022.md
10,https://doi.org/10.1016/j.neuron.2021.11.014,Max Duration (ms),2000,checked_paper,Methods pp. 14-16; code v1.0,papers/10_Krause_2022.md
10,https://doi.org/10.1016/j.neuron.2021.11.014,Combine Events Thresh. (ms),#N/A,not_applicable,Methods pp. 14-16; code v1.0,papers/10_Krause_2022.md
10,https://doi.org/10.1016/j.neuron.2021.11.014,Decoding,State Space,checked_paper,Methods pp. 14-16; code v1.0,papers/10_Krause_2022.md
10,https://doi.org/10.1016/j.neuron.2021.11.014,Time bin (ms),3,checked_paper,Methods pp. 14-16; code v1.0,papers/10_Krause_2022.md
10,https://doi.org/10.1016/j.neuron.2021.11.014,Position bin (cm),4,checked_paper,Methods pp. 14-16; code v1.0,papers/10_Krause_2022.md
10,https://doi.org/10.1016/j.neuron.2021.11.014,Place field smooth (cm),4,checked_paper,Methods pp. 14-16; code v1.0,papers/10_Krause_2022.md
10,https://doi.org/10.1016/j.neuron.2021.11.014,Trajectory,Viterbi,checked_paper,Methods pp. 14-16; code v1.0,papers/10_Krause_2022.md
10,https://doi.org/10.1016/j.neuron.2021.11.014,Decoding notes,,not_applicable,Methods pp. 14-16; code v1.0,papers/10_Krause_2022.md
10,https://doi.org/10.1016/j.neuron.2021.11.014,Reconst. Error (cm),Not reported,not_reported,Methods pp. 14-16; code v1.0,papers/10_Krause_2022.md
10,https://doi.org/10.1016/j.neuron.2021.11.014,% Decoded,89.7%,checked_paper,Methods pp. 14-16; code v1.0,papers/10_Krause_2022.md
10,https://doi.org/10.1016/j.neuron.2021.11.014,Spike sorting,Sorted,checked_paper,Methods pp. 14-16; code v1.0,papers/10_Krause_2022.md
10,https://doi.org/10.1016/j.neuron.2021.11.014,Time bin step (ms),3,checked_paper,Methods pp. 14-16; code v1.0,papers/10_Krause_2022.md
10,https://doi.org/10.1016/j.neuron.2021.11.014,Shuffle Method,none (Bayesian model comparison),checked_paper,Methods pp. 14-16; code v1.0,papers/10_Krause_2022.md
10,https://doi.org/10.1016/j.neuron.2021.11.014,Shuffles (#),#N/A,not_applicable,Methods pp. 14-16; code v1.0,papers/10_Krause_2022.md
10,https://doi.org/10.1016/j.neuron.2021.11.014,Sig. Thresh.,#N/A,not_applicable,Methods pp. 14-16; code v1.0,papers/10_Krause_2022.md
10,https://doi.org/10.1016/j.neuron.2021.11.014,% Decoded denom.,SWRs,checked_paper,Methods pp. 14-16; code v1.0,papers/10_Krause_2022.md
10,https://doi.org/10.1016/j.neuron.2021.11.014,Reconst. Error bin (ms),#N/A,not_reported,Methods pp. 14-16; code v1.0,papers/10_Krause_2022.md
11,https://doi.org/10.1016/j.neuron.2021.12.005,First Author,Mou,checked_metadata,Methods pp. 17-18; DM2021 release,papers/11_Mou_2022.md
11,https://doi.org/10.1016/j.neuron.2021.12.005,Last Author,Ji,checked_metadata,Methods pp. 17-18; DM2021 release,papers/11_Mou_2022.md
11,https://doi.org/10.1016/j.neuron.2021.12.005,Year,2022,checked_metadata,Methods pp. 17-18; DM2021 release,papers/11_Mou_2022.md
11,https://doi.org/10.1016/j.neuron.2021.12.005,DOI,https://doi.org/10.1016/j.neuron.2021.12.005,checked_metadata,Methods pp. 17-18; DM2021 release,papers/11_Mou_2022.md
11,https://doi.org/10.1016/j.neuron.2021.12.005,Journal,Neuron,checked_metadata,Methods pp. 17-18; DM2021 release,papers/11_Mou_2022.md
11,https://doi.org/10.1016/j.neuron.2021.12.005,Species,Rats,checked_metadata,Methods pp. 17-18; DM2021 release,papers/11_Mou_2022.md
11,https://doi.org/10.1016/j.neuron.2021.12.005,Detection,MUA,checked_paper,Methods pp. 17-18; DM2021 release,papers/11_Mou_2022.md
11,https://doi.org/10.1016/j.neuron.2021.12.005,Detection Notes,"Normalized MUA to 1 and used 0.35 as a threshold, extend to 0.15",reviewed_context,Methods pp. 17-18; DM2021 release,papers/11_Mou_2022.md
11,https://doi.org/10.1016/j.neuron.2021.12.005,MUA Z-score Thresh. (STD),#N/A,not_applicable,Methods pp. 17-18; DM2021 release,papers/11_Mou_2022.md
11,https://doi.org/10.1016/j.neuron.2021.12.005,SWR Z-score Thresh. (STD),#N/A,not_applicable,Methods pp. 17-18; DM2021 release,papers/11_Mou_2022.md
11,https://doi.org/10.1016/j.neuron.2021.12.005,Animal Speed (cm/s),#N/A,not_applicable,Methods pp. 17-18; DM2021 release,papers/11_Mou_2022.md
11,https://doi.org/10.1016/j.neuron.2021.12.005,MUA smooth (ms),20,checked_paper,Methods pp. 17-18; DM2021 release,papers/11_Mou_2022.md
11,https://doi.org/10.1016/j.neuron.2021.12.005,SWR smooth (ms),#N/A,not_applicable,Methods pp. 17-18; DM2021 release,papers/11_Mou_2022.md
11,https://doi.org/10.1016/j.neuron.2021.12.005,Min. Cells (#),4,checked_paper,Methods pp. 17-18; DM2021 release,papers/11_Mou_2022.md
11,https://doi.org/10.1016/j.neuron.2021.12.005,SWR electrodes (#),#N/A,not_applicable,Methods pp. 17-18; DM2021 release,papers/11_Mou_2022.md
11,https://doi.org/10.1016/j.neuron.2021.12.005,SWR Low Band (Hz),#N/A,not_applicable,Methods pp. 17-18; DM2021 release,papers/11_Mou_2022.md
11,https://doi.org/10.1016/j.neuron.2021.12.005,SWR High Band (Hz),#N/A,not_applicable,Methods pp. 17-18; DM2021 release,papers/11_Mou_2022.md
11,https://doi.org/10.1016/j.neuron.2021.12.005,Min. Duration (ms),#N/A,not_applicable,Methods pp. 17-18; DM2021 release,papers/11_Mou_2022.md
11,https://doi.org/10.1016/j.neuron.2021.12.005,Max Duration (ms),#N/A,not_applicable,Methods pp. 17-18; DM2021 release,papers/11_Mou_2022.md
11,https://doi.org/10.1016/j.neuron.2021.12.005,Combine Events Thresh. (ms),30,checked_paper,Methods pp. 17-18; DM2021 release,papers/11_Mou_2022.md
11,https://doi.org/10.1016/j.neuron.2021.12.005,Decoding,Bayes,checked_paper,Methods pp. 17-18; DM2021 release,papers/11_Mou_2022.md
11,https://doi.org/10.1016/j.neuron.2021.12.005,Time bin (ms),20,checked_paper,Methods pp. 17-18; DM2021 release,papers/11_Mou_2022.md
11,https://doi.org/10.1016/j.neuron.2021.12.005,Position bin (cm),2,checked_paper,Methods pp. 17-18; DM2021 release,papers/11_Mou_2022.md
11,https://doi.org/10.1016/j.neuron.2021.12.005,Place field smooth (cm),4,checked_paper,Methods pp. 17-18; DM2021 release,papers/11_Mou_2022.md
11,https://doi.org/10.1016/j.neuron.2021.12.005,Trajectory,Linear regression,checked_paper,Methods pp. 17-18; DM2021 release,papers/11_Mou_2022.md
11,https://doi.org/10.1016/j.neuron.2021.12.005,Decoding notes,Only used non-empty time bins,reviewed_context,Methods pp. 17-18; DM2021 release,papers/11_Mou_2022.md
11,https://doi.org/10.1016/j.neuron.2021.12.005,Reconst. Error (cm),#N/A,not_reported,Methods pp. 17-18; DM2021 release,papers/11_Mou_2022.md
11,https://doi.org/10.1016/j.neuron.2021.12.005,% Decoded,#N/A,not_reported,Methods pp. 17-18; DM2021 release,papers/11_Mou_2022.md
11,https://doi.org/10.1016/j.neuron.2021.12.005,Spike sorting,Sorted,checked_paper,Methods pp. 17-18; DM2021 release,papers/11_Mou_2022.md
11,https://doi.org/10.1016/j.neuron.2021.12.005,Time bin step (ms),10,checked_paper,Methods pp. 17-18; DM2021 release,papers/11_Mou_2022.md
11,https://doi.org/10.1016/j.neuron.2021.12.005,Shuffle Method,Time-bin shuffle; cell-ID shuffle (for counts),checked_paper,Methods pp. 17-18; DM2021 release,papers/11_Mou_2022.md
11,https://doi.org/10.1016/j.neuron.2021.12.005,Shuffles (#),1000,checked_paper,Methods pp. 17-18; DM2021 release,papers/11_Mou_2022.md
11,https://doi.org/10.1016/j.neuron.2021.12.005,Sig. Thresh.,p<0.05,checked_paper,Methods pp. 17-18; DM2021 release,papers/11_Mou_2022.md
11,https://doi.org/10.1016/j.neuron.2021.12.005,% Decoded denom.,#N/A,not_reported,Methods pp. 17-18; DM2021 release,papers/11_Mou_2022.md
11,https://doi.org/10.1016/j.neuron.2021.12.005,Reconst. Error bin (ms),#N/A,not_reported,Methods pp. 17-18; DM2021 release,papers/11_Mou_2022.md
12,https://doi.org/10.1523/JNEUROSCI.1158-20.2021,First Author,Berners-Lee,checked_metadata,Methods pp. 2-3,papers/12_Berners-Lee_2021.md
12,https://doi.org/10.1523/JNEUROSCI.1158-20.2021,Last Author,Foster,checked_metadata,Methods pp. 2-3,papers/12_Berners-Lee_2021.md
12,https://doi.org/10.1523/JNEUROSCI.1158-20.2021,Year,2021,checked_metadata,Methods pp. 2-3,papers/12_Berners-Lee_2021.md
12,https://doi.org/10.1523/JNEUROSCI.1158-20.2021,DOI,https://doi.org/10.1523/JNEUROSCI.1158-20.2021,checked_metadata,Methods pp. 2-3,papers/12_Berners-Lee_2021.md
12,https://doi.org/10.1523/JNEUROSCI.1158-20.2021,Journal,Journal of Neuroscience,checked_metadata,Methods pp. 2-3,papers/12_Berners-Lee_2021.md
12,https://doi.org/10.1523/JNEUROSCI.1158-20.2021,Species,Rats,checked_metadata,Methods pp. 2-3,papers/12_Berners-Lee_2021.md
12,https://doi.org/10.1523/JNEUROSCI.1158-20.2021,Detection,SWR,checked_paper,Methods pp. 2-3,papers/12_Berners-Lee_2021.md
12,https://doi.org/10.1523/JNEUROSCI.1158-20.2021,Detection Notes,SWR,reviewed_context,Methods pp. 2-3,papers/12_Berners-Lee_2021.md
12,https://doi.org/10.1523/JNEUROSCI.1158-20.2021,MUA Z-score Thresh. (STD),#N/A,not_applicable,Methods pp. 2-3,papers/12_Berners-Lee_2021.md
12,https://doi.org/10.1523/JNEUROSCI.1158-20.2021,SWR Z-score Thresh. (STD),2,checked_paper,Methods pp. 2-3,papers/12_Berners-Lee_2021.md
12,https://doi.org/10.1523/JNEUROSCI.1158-20.2021,Animal Speed (cm/s),5,checked_paper,Methods pp. 2-3,papers/12_Berners-Lee_2021.md
12,https://doi.org/10.1523/JNEUROSCI.1158-20.2021,MUA smooth (ms),#N/A,not_applicable,Methods pp. 2-3,papers/12_Berners-Lee_2021.md
12,https://doi.org/10.1523/JNEUROSCI.1158-20.2021,SWR smooth (ms),12.5,checked_paper,Methods pp. 2-3,papers/12_Berners-Lee_2021.md
12,https://doi.org/10.1523/JNEUROSCI.1158-20.2021,Min. Cells (#),#N/A,not_applicable,Methods pp. 2-3,papers/12_Berners-Lee_2021.md
12,https://doi.org/10.1523/JNEUROSCI.1158-20.2021,SWR electrodes (#),3,checked_paper,Methods pp. 2-3,papers/12_Berners-Lee_2021.md
12,https://doi.org/10.1523/JNEUROSCI.1158-20.2021,SWR Low Band (Hz),150,checked_paper,Methods pp. 2-3,papers/12_Berners-Lee_2021.md
12,https://doi.org/10.1523/JNEUROSCI.1158-20.2021,SWR High Band (Hz),250,checked_paper,Methods pp. 2-3,papers/12_Berners-Lee_2021.md
12,https://doi.org/10.1523/JNEUROSCI.1158-20.2021,Min. Duration (ms),50,checked_paper,Methods pp. 2-3,papers/12_Berners-Lee_2021.md
12,https://doi.org/10.1523/JNEUROSCI.1158-20.2021,Max Duration (ms),2000,checked_paper,Methods pp. 2-3,papers/12_Berners-Lee_2021.md
12,https://doi.org/10.1523/JNEUROSCI.1158-20.2021,Combine Events Thresh. (ms),#N/A,not_applicable,Methods pp. 2-3,papers/12_Berners-Lee_2021.md
12,https://doi.org/10.1523/JNEUROSCI.1158-20.2021,Decoding,Bayes,checked_paper,Methods pp. 2-3,papers/12_Berners-Lee_2021.md
12,https://doi.org/10.1523/JNEUROSCI.1158-20.2021,Time bin (ms),20,checked_paper,Methods pp. 2-3,papers/12_Berners-Lee_2021.md
12,https://doi.org/10.1523/JNEUROSCI.1158-20.2021,Position bin (cm),2,checked_paper,Methods pp. 2-3,papers/12_Berners-Lee_2021.md
12,https://doi.org/10.1523/JNEUROSCI.1158-20.2021,Place field smooth (cm),6,derived,Methods pp. 2-3,papers/12_Berners-Lee_2021.md
12,https://doi.org/10.1523/JNEUROSCI.1158-20.2021,Trajectory,MAP,checked_paper,Methods pp. 2-3,papers/12_Berners-Lee_2021.md
12,https://doi.org/10.1523/JNEUROSCI.1158-20.2021,Decoding notes,"demarcate events based on:
length of subregion in time (>50 ms)
arm coverage (>50% of the arm)
 weighted correlation (abs. value > .3)",reviewed_context,Methods pp. 2-3,papers/12_Berners-Lee_2021.md
12,https://doi.org/10.1523/JNEUROSCI.1158-20.2021,Reconst. Error (cm),Not reported,not_reported,Methods pp. 2-3,papers/12_Berners-Lee_2021.md
12,https://doi.org/10.1523/JNEUROSCI.1158-20.2021,% Decoded,Not reported,not_reported,Methods pp. 2-3,papers/12_Berners-Lee_2021.md
12,https://doi.org/10.1523/JNEUROSCI.1158-20.2021,Spike sorting,Sorted,checked_paper,Methods pp. 2-3,papers/12_Berners-Lee_2021.md
12,https://doi.org/10.1523/JNEUROSCI.1158-20.2021,Time bin step (ms),5,checked_paper,Methods pp. 2-3,papers/12_Berners-Lee_2021.md
12,https://doi.org/10.1523/JNEUROSCI.1158-20.2021,Shuffle Method,"none (MAP, duration, coverage and weighted-correlation criteria)",checked_paper,Methods pp. 2-3,papers/12_Berners-Lee_2021.md
12,https://doi.org/10.1523/JNEUROSCI.1158-20.2021,Shuffles (#),#N/A,not_applicable,Methods pp. 2-3,papers/12_Berners-Lee_2021.md
12,https://doi.org/10.1523/JNEUROSCI.1158-20.2021,Sig. Thresh.,#N/A,not_applicable,Methods pp. 2-3,papers/12_Berners-Lee_2021.md
12,https://doi.org/10.1523/JNEUROSCI.1158-20.2021,% Decoded denom.,#N/A,not_reported,Methods pp. 2-3,papers/12_Berners-Lee_2021.md
12,https://doi.org/10.1523/JNEUROSCI.1158-20.2021,Reconst. Error bin (ms),#N/A,not_reported,Methods pp. 2-3,papers/12_Berners-Lee_2021.md
13,https://doi.org/10.7554/eLife.64505,First Author,Denovellis,checked_metadata,Methods; Results median error; src/load_data.py and pinned detector package,papers/13_Denovellis_2021.md
13,https://doi.org/10.7554/eLife.64505,Last Author,Frank,checked_metadata,Methods; Results median error; src/load_data.py and pinned detector package,papers/13_Denovellis_2021.md
13,https://doi.org/10.7554/eLife.64505,Year,2021,checked_metadata,Methods; Results median error; src/load_data.py and pinned detector package,papers/13_Denovellis_2021.md
13,https://doi.org/10.7554/eLife.64505,DOI,https://doi.org/10.7554/eLife.64505,checked_metadata,Methods; Results median error; src/load_data.py and pinned detector package,papers/13_Denovellis_2021.md
13,https://doi.org/10.7554/eLife.64505,Journal,eLife,checked_metadata,Methods; Results median error; src/load_data.py and pinned detector package,papers/13_Denovellis_2021.md
13,https://doi.org/10.7554/eLife.64505,Species,Rats,checked_metadata,Methods; Results median error; src/load_data.py and pinned detector package,papers/13_Denovellis_2021.md
13,https://doi.org/10.7554/eLife.64505,Detection,SWR,checked_paper,Methods; Results median error; src/load_data.py and pinned detector package,papers/13_Denovellis_2021.md
13,https://doi.org/10.7554/eLife.64505,Detection Notes,"SWR / only SWRs with spikes on >= 2 tetrodes analyzed / MUA done as control (2 SD, >= 15 ms) / The original caller bins MUA at 500 Hz and calls multiunit_HSE_detector with z=2 and minimum duration 15 ms, without overriding the pinned package's Gaussian SD 15 ms.",reviewed_context,"replay_trajectory_paper f2d2b3c, src/load_data.py and environment.yml; pinned ripple_detection 0.1.8.dev0 / local 71298f0 detectors.py default smoothing_sigma=0.015.",papers/13_Denovellis_2021.md
13,https://doi.org/10.7554/eLife.64505,MUA Z-score Thresh. (STD),2,checked_paper,Methods; Results median error; src/load_data.py and pinned detector package,papers/13_Denovellis_2021.md
13,https://doi.org/10.7554/eLife.64505,SWR Z-score Thresh. (STD),2,checked_paper,Methods; Results median error; src/load_data.py and pinned detector package,papers/13_Denovellis_2021.md
13,https://doi.org/10.7554/eLife.64505,Animal Speed (cm/s),4,checked_paper,Methods; Results median error; src/load_data.py and pinned detector package,papers/13_Denovellis_2021.md
13,https://doi.org/10.7554/eLife.64505,MUA smooth (ms),15,checked_code,"replay_trajectory_paper f2d2b3c, src/load_data.py and environment.yml; pinned ripple_detection 0.1.8.dev0 / local 71298f0 detectors.py default smoothing_sigma=0.015.",papers/13_Denovellis_2021.md
13,https://doi.org/10.7554/eLife.64505,SWR smooth (ms),4,checked_paper,Methods; Results median error; src/load_data.py and pinned detector package,papers/13_Denovellis_2021.md
13,https://doi.org/10.7554/eLife.64505,Min. Cells (#),#N/A,not_applicable,Methods; Results median error; src/load_data.py and pinned detector package,papers/13_Denovellis_2021.md
13,https://doi.org/10.7554/eLife.64505,SWR electrodes (#),>1,checked_paper,Methods; Results median error; src/load_data.py and pinned detector package,papers/13_Denovellis_2021.md
13,https://doi.org/10.7554/eLife.64505,SWR Low Band (Hz),150,checked_paper,Methods; Results median error; src/load_data.py and pinned detector package,papers/13_Denovellis_2021.md
13,https://doi.org/10.7554/eLife.64505,SWR High Band (Hz),250,checked_paper,Methods; Results median error; src/load_data.py and pinned detector package,papers/13_Denovellis_2021.md
13,https://doi.org/10.7554/eLife.64505,Min. Duration (ms),15,checked_paper,Methods; Results median error; src/load_data.py and pinned detector package,papers/13_Denovellis_2021.md
13,https://doi.org/10.7554/eLife.64505,Max Duration (ms),#N/A,not_applicable,Methods; Results median error; src/load_data.py and pinned detector package,papers/13_Denovellis_2021.md
13,https://doi.org/10.7554/eLife.64505,Combine Events Thresh. (ms),#N/A,not_applicable,Methods; Results median error; src/load_data.py and pinned detector package,papers/13_Denovellis_2021.md
13,https://doi.org/10.7554/eLife.64505,Decoding,State Space,checked_paper,Methods; Results median error; src/load_data.py and pinned detector package,papers/13_Denovellis_2021.md
13,https://doi.org/10.7554/eLife.64505,Time bin (ms),2,checked_paper,Methods; Results median error; src/load_data.py and pinned detector package,papers/13_Denovellis_2021.md
13,https://doi.org/10.7554/eLife.64505,Position bin (cm),3,checked_paper,Methods; Results median error; src/load_data.py and pinned detector package,papers/13_Denovellis_2021.md
13,https://doi.org/10.7554/eLife.64505,Place field smooth (cm),6,checked_paper,Methods; Results median error; src/load_data.py and pinned detector package,papers/13_Denovellis_2021.md
13,https://doi.org/10.7554/eLife.64505,Trajectory,MAP,checked_paper,Methods; Results median error; src/load_data.py and pinned detector package,papers/13_Denovellis_2021.md
13,https://doi.org/10.7554/eLife.64505,Decoding notes,,not_applicable,Methods; Results median error; src/load_data.py and pinned detector package,papers/13_Denovellis_2021.md
13,https://doi.org/10.7554/eLife.64505,Reconst. Error (cm),7,checked_paper,Methods; Results median error; src/load_data.py and pinned detector package,papers/13_Denovellis_2021.md
13,https://doi.org/10.7554/eLife.64505,% Decoded,Not reported,not_reported,Methods; Results median error; src/load_data.py and pinned detector package,papers/13_Denovellis_2021.md
13,https://doi.org/10.7554/eLife.64505,Spike sorting,Clusterless,checked_paper,Methods; Results median error; src/load_data.py and pinned detector package,papers/13_Denovellis_2021.md
13,https://doi.org/10.7554/eLife.64505,Time bin step (ms),2,checked_paper,Methods; Results median error; src/load_data.py and pinned detector package,papers/13_Denovellis_2021.md
13,https://doi.org/10.7554/eLife.64505,Shuffle Method,none per event (posterior threshold),checked_paper,Methods; Results median error; src/load_data.py and pinned detector package,papers/13_Denovellis_2021.md
13,https://doi.org/10.7554/eLife.64505,Shuffles (#),#N/A,not_applicable,Methods; Results median error; src/load_data.py and pinned detector package,papers/13_Denovellis_2021.md
13,https://doi.org/10.7554/eLife.64505,Sig. Thresh.,posterior probability >0.80,checked_paper,Methods; Results median error; src/load_data.py and pinned detector package,papers/13_Denovellis_2021.md
13,https://doi.org/10.7554/eLife.64505,% Decoded denom.,#N/A,not_reported,Methods; Results median error; src/load_data.py and pinned detector package,papers/13_Denovellis_2021.md
13,https://doi.org/10.7554/eLife.64505,Reconst. Error bin (ms),2,checked_paper,Methods; Results median error; src/load_data.py and pinned detector package,papers/13_Denovellis_2021.md
14,https://doi.org/10.1016/j.neuron.2021.07.029,First Author,Gillespie,checked_metadata,Methods pp. 19-21; Results median deviation,papers/14_Gillespie_2021.md
14,https://doi.org/10.1016/j.neuron.2021.07.029,Last Author,Frank,checked_metadata,Methods pp. 19-21; Results median deviation,papers/14_Gillespie_2021.md
14,https://doi.org/10.1016/j.neuron.2021.07.029,Year,2021,checked_metadata,Methods pp. 19-21; Results median deviation,papers/14_Gillespie_2021.md
14,https://doi.org/10.1016/j.neuron.2021.07.029,DOI,https://doi.org/10.1016/j.neuron.2021.07.029,checked_metadata,Methods pp. 19-21; Results median deviation,papers/14_Gillespie_2021.md
14,https://doi.org/10.1016/j.neuron.2021.07.029,Journal,Neuron,checked_metadata,Methods pp. 19-21; Results median deviation,papers/14_Gillespie_2021.md
14,https://doi.org/10.1016/j.neuron.2021.07.029,Species,Rats,checked_metadata,Methods pp. 19-21; Results median deviation,papers/14_Gillespie_2021.md
14,https://doi.org/10.1016/j.neuron.2021.07.029,Detection,SWR,checked_paper,Methods pp. 19-21; Results median deviation,papers/14_Gillespie_2021.md
14,https://doi.org/10.1016/j.neuron.2021.07.029,Detection Notes,"SWR / MUA done as control (3 SD, 15 ms Gaussian smoothing)",reviewed_context,Methods pp. 19-21; Results median deviation,papers/14_Gillespie_2021.md
14,https://doi.org/10.1016/j.neuron.2021.07.029,MUA Z-score Thresh. (STD),3,checked_paper,Methods pp. 19-21; Results median deviation,papers/14_Gillespie_2021.md
14,https://doi.org/10.1016/j.neuron.2021.07.029,SWR Z-score Thresh. (STD),2,checked_paper,Methods pp. 19-21; Results median deviation,papers/14_Gillespie_2021.md
14,https://doi.org/10.1016/j.neuron.2021.07.029,Animal Speed (cm/s),4,checked_paper,Methods pp. 19-21; Results median deviation,papers/14_Gillespie_2021.md
14,https://doi.org/10.1016/j.neuron.2021.07.029,MUA smooth (ms),15,checked_paper,Methods pp. 19-21; Results median deviation,papers/14_Gillespie_2021.md
14,https://doi.org/10.1016/j.neuron.2021.07.029,SWR smooth (ms),4,checked_paper,Methods pp. 19-21; Results median deviation,papers/14_Gillespie_2021.md
14,https://doi.org/10.1016/j.neuron.2021.07.029,Min. Cells (#),#N/A,not_applicable,Methods pp. 19-21; Results median deviation,papers/14_Gillespie_2021.md
14,https://doi.org/10.1016/j.neuron.2021.07.029,SWR electrodes (#),>1,checked_paper,Methods pp. 19-21; Results median deviation,papers/14_Gillespie_2021.md
14,https://doi.org/10.1016/j.neuron.2021.07.029,SWR Low Band (Hz),150,checked_paper,Methods pp. 19-21; Results median deviation,papers/14_Gillespie_2021.md
14,https://doi.org/10.1016/j.neuron.2021.07.029,SWR High Band (Hz),250,checked_paper,Methods pp. 19-21; Results median deviation,papers/14_Gillespie_2021.md
14,https://doi.org/10.1016/j.neuron.2021.07.029,Min. Duration (ms),15,checked_paper,Methods pp. 19-21; Results median deviation,papers/14_Gillespie_2021.md
14,https://doi.org/10.1016/j.neuron.2021.07.029,Max Duration (ms),#N/A,not_applicable,Methods pp. 19-21; Results median deviation,papers/14_Gillespie_2021.md
14,https://doi.org/10.1016/j.neuron.2021.07.029,Combine Events Thresh. (ms),#N/A,not_applicable,Methods pp. 19-21; Results median deviation,papers/14_Gillespie_2021.md
14,https://doi.org/10.1016/j.neuron.2021.07.029,Decoding,State Space,checked_paper,Methods pp. 19-21; Results median deviation,papers/14_Gillespie_2021.md
14,https://doi.org/10.1016/j.neuron.2021.07.029,Time bin (ms),2,checked_paper,Methods pp. 19-21; Results median deviation,papers/14_Gillespie_2021.md
14,https://doi.org/10.1016/j.neuron.2021.07.029,Position bin (cm),5,checked_paper,Methods pp. 19-21; Results median deviation,papers/14_Gillespie_2021.md
14,https://doi.org/10.1016/j.neuron.2021.07.029,Place field smooth (cm),Not reported,not_reported,"Gillespie 2021 Methods, PDF p. 21; main Results median deviation less than one 5 cm spatial bin.",papers/14_Gillespie_2021.md
14,https://doi.org/10.1016/j.neuron.2021.07.029,Trajectory,MAP,checked_paper,Methods pp. 19-21; Results median deviation,papers/14_Gillespie_2021.md
14,https://doi.org/10.1016/j.neuron.2021.07.029,Decoding notes,"5 cm is the position-bin width; the Methods give a 20 microvolt waveform KDE bandwidth but do not establish a 5 cm spatial kernel SD. A spatially continuous event crosses posterior 0.8; if both states cross, continuous must occupy more time bins. A maze segment must contain at least 30% mean posterior. Median error is <5 cm; quality is evaluated at video frames (30 Hz), using the 2 ms decoder.",reviewed_context,"Gillespie 2021 Methods, PDF p. 21; main Results median deviation less than one 5 cm spatial bin.",papers/14_Gillespie_2021.md
14,https://doi.org/10.1016/j.neuron.2021.07.029,Reconst. Error (cm),<5 (median),checked_paper,"Gillespie 2021 Methods, PDF p. 21; main Results median deviation less than one 5 cm spatial bin.",papers/14_Gillespie_2021.md
14,https://doi.org/10.1016/j.neuron.2021.07.029,% Decoded,Not reported,not_reported,Methods pp. 19-21; Results median deviation,papers/14_Gillespie_2021.md
14,https://doi.org/10.1016/j.neuron.2021.07.029,Spike sorting,Clusterless,checked_paper,Methods pp. 19-21; Results median deviation,papers/14_Gillespie_2021.md
14,https://doi.org/10.1016/j.neuron.2021.07.029,Time bin step (ms),2,checked_paper,Methods pp. 19-21; Results median deviation,papers/14_Gillespie_2021.md
14,https://doi.org/10.1016/j.neuron.2021.07.029,Shuffle Method,none,checked_paper,Methods pp. 19-21; Results median deviation,papers/14_Gillespie_2021.md
14,https://doi.org/10.1016/j.neuron.2021.07.029,Shuffles (#),#N/A,not_applicable,Methods pp. 19-21; Results median deviation,papers/14_Gillespie_2021.md
14,https://doi.org/10.1016/j.neuron.2021.07.029,Sig. Thresh.,Continuous-state posterior >0.8; segment posterior >=0.30,checked_paper,"Gillespie 2021 Methods, PDF p. 21; main Results median deviation less than one 5 cm spatial bin.",papers/14_Gillespie_2021.md
14,https://doi.org/10.1016/j.neuron.2021.07.029,% Decoded denom.,#N/A,not_reported,Methods pp. 19-21; Results median deviation,papers/14_Gillespie_2021.md
14,https://doi.org/10.1016/j.neuron.2021.07.029,Reconst. Error bin (ms),2,checked_paper,Methods pp. 19-21; Results median deviation,papers/14_Gillespie_2021.md
15,https://doi.org/10.1016/j.cub.2021.07.058,First Author,Michon,checked_metadata,Methods pp. 17-18,papers/15_Michon_2021.md
15,https://doi.org/10.1016/j.cub.2021.07.058,Last Author,Kloosterman,checked_metadata,Methods pp. 17-18,papers/15_Michon_2021.md
15,https://doi.org/10.1016/j.cub.2021.07.058,Year,2021,checked_metadata,Methods pp. 17-18,papers/15_Michon_2021.md
15,https://doi.org/10.1016/j.cub.2021.07.058,DOI,https://doi.org/10.1016/j.cub.2021.07.058,checked_metadata,Methods pp. 17-18,papers/15_Michon_2021.md
15,https://doi.org/10.1016/j.cub.2021.07.058,Journal,Current Biology,checked_metadata,Methods pp. 17-18,papers/15_Michon_2021.md
15,https://doi.org/10.1016/j.cub.2021.07.058,Species,Rats,checked_metadata,Methods pp. 17-18,papers/15_Michon_2021.md
15,https://doi.org/10.1016/j.cub.2021.07.058,Detection,"SWR, MUA",checked_paper,Methods pp. 17-18,papers/15_Michon_2021.md
15,https://doi.org/10.1016/j.cub.2021.07.058,Detection Notes,"MUA/SWR detrended with median filter
extended to 0.5",reviewed_context,Methods pp. 17-18,papers/15_Michon_2021.md
15,https://doi.org/10.1016/j.cub.2021.07.058,MUA Z-score Thresh. (STD),4,checked_paper,Methods pp. 17-18,papers/15_Michon_2021.md
15,https://doi.org/10.1016/j.cub.2021.07.058,SWR Z-score Thresh. (STD),8,checked_paper,Methods pp. 17-18,papers/15_Michon_2021.md
15,https://doi.org/10.1016/j.cub.2021.07.058,Animal Speed (cm/s),5,checked_paper,Methods pp. 17-18,papers/15_Michon_2021.md
15,https://doi.org/10.1016/j.cub.2021.07.058,MUA smooth (ms),15,checked_paper,Methods pp. 17-18,papers/15_Michon_2021.md
15,https://doi.org/10.1016/j.cub.2021.07.058,SWR smooth (ms),15,checked_paper,Methods pp. 17-18,papers/15_Michon_2021.md
15,https://doi.org/10.1016/j.cub.2021.07.058,Min. Cells (#),#N/A,not_applicable,Methods pp. 17-18,papers/15_Michon_2021.md
15,https://doi.org/10.1016/j.cub.2021.07.058,SWR electrodes (#),1-3,checked_paper,Methods pp. 17-18,papers/15_Michon_2021.md
15,https://doi.org/10.1016/j.cub.2021.07.058,SWR Low Band (Hz),140,checked_paper,Methods pp. 17-18,papers/15_Michon_2021.md
15,https://doi.org/10.1016/j.cub.2021.07.058,SWR High Band (Hz),225,checked_paper,Methods pp. 17-18,papers/15_Michon_2021.md
15,https://doi.org/10.1016/j.cub.2021.07.058,Min. Duration (ms),80,checked_paper,Methods pp. 17-18,papers/15_Michon_2021.md
15,https://doi.org/10.1016/j.cub.2021.07.058,Max Duration (ms),#N/A,not_applicable,Methods pp. 17-18,papers/15_Michon_2021.md
15,https://doi.org/10.1016/j.cub.2021.07.058,Combine Events Thresh. (ms),20,checked_paper,Methods pp. 17-18,papers/15_Michon_2021.md
15,https://doi.org/10.1016/j.cub.2021.07.058,Decoding,Bayes,checked_paper,Methods pp. 17-18,papers/15_Michon_2021.md
15,https://doi.org/10.1016/j.cub.2021.07.058,Time bin (ms),10,checked_paper,Methods pp. 17-18,papers/15_Michon_2021.md
15,https://doi.org/10.1016/j.cub.2021.07.058,Position bin (cm),4,checked_paper,Methods pp. 17-18,papers/15_Michon_2021.md
15,https://doi.org/10.1016/j.cub.2021.07.058,Place field smooth (cm),5,checked_paper,Methods pp. 17-18,papers/15_Michon_2021.md
15,https://doi.org/10.1016/j.cub.2021.07.058,Trajectory,Weighted isotonic regression,checked_paper,Methods pp. 17-18,papers/15_Michon_2021.md
15,https://doi.org/10.1016/j.cub.2021.07.058,Decoding notes,"The <30 cm error entry is the 75th-percentile criterion used to select sessions, not a reported mean or median reconstruction error. Evaluated in 100 ms behavioral windows. Replay uses 500 pooled cross-event surrogates; a separate 500-surrogate direction-bias test also appears.",reviewed_context,"Michon 2021 Methods, PDF p. 18.",papers/15_Michon_2021.md
15,https://doi.org/10.1016/j.cub.2021.07.058,Reconst. Error (cm),<30,checked_paper,Methods pp. 17-18,papers/15_Michon_2021.md
15,https://doi.org/10.1016/j.cub.2021.07.058,% Decoded,Not reported,not_reported,Methods pp. 17-18,papers/15_Michon_2021.md
15,https://doi.org/10.1016/j.cub.2021.07.058,Spike sorting,Clusterless,checked_paper,Methods pp. 17-18,papers/15_Michon_2021.md
15,https://doi.org/10.1016/j.cub.2021.07.058,Time bin step (ms),10,checked_paper,Methods pp. 17-18,papers/15_Michon_2021.md
15,https://doi.org/10.1016/j.cub.2021.07.058,Shuffle Method,Pooled cross-event shuffle,checked_paper,Methods pp. 17-18,papers/15_Michon_2021.md
15,https://doi.org/10.1016/j.cub.2021.07.058,Shuffles (#),500,checked_paper,Methods pp. 17-18,papers/15_Michon_2021.md
15,https://doi.org/10.1016/j.cub.2021.07.058,Sig. Thresh.,p<0.05,checked_paper,Methods pp. 17-18,papers/15_Michon_2021.md
15,https://doi.org/10.1016/j.cub.2021.07.058,% Decoded denom.,#N/A,not_reported,Methods pp. 17-18,papers/15_Michon_2021.md
15,https://doi.org/10.1016/j.cub.2021.07.058,Reconst. Error bin (ms),100,checked_paper,Methods pp. 17-18,papers/15_Michon_2021.md
16,https://doi.org/10.1073/pnas.2011266118,First Author,Igata,checked_metadata,SI Appendix pp. 6-11,papers/16_Igata_2021.md
16,https://doi.org/10.1073/pnas.2011266118,Last Author,Sasaki,checked_metadata,SI Appendix pp. 6-11,papers/16_Igata_2021.md
16,https://doi.org/10.1073/pnas.2011266118,Year,2021,checked_metadata,SI Appendix pp. 6-11,papers/16_Igata_2021.md
16,https://doi.org/10.1073/pnas.2011266118,DOI,https://doi.org/10.1073/pnas.2011266118,checked_metadata,SI Appendix pp. 6-11,papers/16_Igata_2021.md
16,https://doi.org/10.1073/pnas.2011266118,Journal,PNAS,checked_metadata,SI Appendix pp. 6-11,papers/16_Igata_2021.md
16,https://doi.org/10.1073/pnas.2011266118,Species,Rats,checked_metadata,SI Appendix pp. 6-11,papers/16_Igata_2021.md
16,https://doi.org/10.1073/pnas.2011266118,Detection,"SWR, MUA",checked_paper,SI Appendix pp. 6-11,papers/16_Igata_2021.md
16,https://doi.org/10.1073/pnas.2011266118,Detection Notes,"MUA and SWR / Mahalanobis distance used for overall ripple power / GMM used for ripple power / Supplement verified: MUA peak >2 SD, >4 cells, Gaussian SD 15 ms, 50-2000 ms; ripple envelopes use 150-250 Hz and Gaussian SD 4 ms, then Mahalanobis power and GMM selection. A separate SWR detector uses peak 3 SD and 50-500 ms.",reviewed_context,SI Appendix pp. 6-11,papers/16_Igata_2021.md
16,https://doi.org/10.1073/pnas.2011266118,MUA Z-score Thresh. (STD),2,checked_paper,SI Appendix pp. 6-11,papers/16_Igata_2021.md
16,https://doi.org/10.1073/pnas.2011266118,SWR Z-score Thresh. (STD),Adaptive,checked_paper,SI Appendix pp. 6-11,papers/16_Igata_2021.md
16,https://doi.org/10.1073/pnas.2011266118,Animal Speed (cm/s),5,checked_paper,SI Appendix pp. 6-11,papers/16_Igata_2021.md
16,https://doi.org/10.1073/pnas.2011266118,MUA smooth (ms),15,checked_paper,SI Appendix pp. 6-11,papers/16_Igata_2021.md
16,https://doi.org/10.1073/pnas.2011266118,SWR smooth (ms),4,checked_paper,SI Appendix pp. 6-11,papers/16_Igata_2021.md
16,https://doi.org/10.1073/pnas.2011266118,Min. Cells (#),>4,checked_paper,SI Appendix pp. 6-11,papers/16_Igata_2021.md
16,https://doi.org/10.1073/pnas.2011266118,SWR electrodes (#),>1,checked_paper,SI Appendix pp. 6-11,papers/16_Igata_2021.md
16,https://doi.org/10.1073/pnas.2011266118,SWR Low Band (Hz),150,checked_paper,SI Appendix pp. 6-11,papers/16_Igata_2021.md
16,https://doi.org/10.1073/pnas.2011266118,SWR High Band (Hz),250,checked_paper,SI Appendix pp. 6-11,papers/16_Igata_2021.md
16,https://doi.org/10.1073/pnas.2011266118,Min. Duration (ms),50,checked_paper,SI Appendix pp. 6-11,papers/16_Igata_2021.md
16,https://doi.org/10.1073/pnas.2011266118,Max Duration (ms),2000,checked_paper,SI Appendix pp. 6-11,papers/16_Igata_2021.md
16,https://doi.org/10.1073/pnas.2011266118,Combine Events Thresh. (ms),#N/A,not_applicable,SI Appendix pp. 6-11,papers/16_Igata_2021.md
16,https://doi.org/10.1073/pnas.2011266118,Decoding,Bayes,checked_paper,SI Appendix pp. 6-11,papers/16_Igata_2021.md
16,https://doi.org/10.1073/pnas.2011266118,Time bin (ms),20,checked_paper,SI Appendix pp. 6-11,papers/16_Igata_2021.md
16,https://doi.org/10.1073/pnas.2011266118,Position bin (cm),2,checked_paper,SI Appendix pp. 6-11,papers/16_Igata_2021.md
16,https://doi.org/10.1073/pnas.2011266118,Place field smooth (cm),5,checked_paper,SI Appendix pp. 6-11,papers/16_Igata_2021.md
16,https://doi.org/10.1073/pnas.2011266118,Trajectory,MAP,checked_paper,SI Appendix pp. 6-11,papers/16_Igata_2021.md
16,https://doi.org/10.1073/pnas.2011266118,Decoding notes,"demarcate events based on:
MAP distance (<40 cm)
Trajectory length (>20 cm)",reviewed_context,SI Appendix pp. 6-11,papers/16_Igata_2021.md
16,https://doi.org/10.1073/pnas.2011266118,Reconst. Error (cm),Not reported,not_reported,SI Appendix pp. 6-11,papers/16_Igata_2021.md
16,https://doi.org/10.1073/pnas.2011266118,% Decoded,Not reported,not_reported,SI Appendix pp. 6-11,papers/16_Igata_2021.md
16,https://doi.org/10.1073/pnas.2011266118,Spike sorting,Sorted,checked_paper,SI Appendix pp. 6-11,papers/16_Igata_2021.md
16,https://doi.org/10.1073/pnas.2011266118,Time bin step (ms),10,checked_paper,SI Appendix pp. 6-11,papers/16_Igata_2021.md
16,https://doi.org/10.1073/pnas.2011266118,Shuffle Method,Place-field shift,checked_paper,SI Appendix pp. 6-11,papers/16_Igata_2021.md
16,https://doi.org/10.1073/pnas.2011266118,Shuffles (#),1000,checked_paper,SI Appendix pp. 6-11,papers/16_Igata_2021.md
16,https://doi.org/10.1073/pnas.2011266118,Sig. Thresh.,Trajectory p<0.05; sequential events abs(weighted correlation)>=0.5,checked_paper,SI Appendix pp. 6-11,papers/16_Igata_2021.md
16,https://doi.org/10.1073/pnas.2011266118,% Decoded denom.,#N/A,not_reported,SI Appendix pp. 6-11,papers/16_Igata_2021.md
16,https://doi.org/10.1073/pnas.2011266118,Reconst. Error bin (ms),#N/A,not_reported,SI Appendix pp. 6-11,papers/16_Igata_2021.md
17,https://doi.org/10.1016/j.neuron.2020.01.021,First Author,Gridchyn,checked_metadata,Methods pp. 15-17,papers/17_Gridchyn_2020.md
17,https://doi.org/10.1016/j.neuron.2020.01.021,Last Author,Csicsvari,checked_metadata,Methods pp. 15-17,papers/17_Gridchyn_2020.md
17,https://doi.org/10.1016/j.neuron.2020.01.021,Year,2020,checked_metadata,Methods pp. 15-17,papers/17_Gridchyn_2020.md
17,https://doi.org/10.1016/j.neuron.2020.01.021,DOI,https://doi.org/10.1016/j.neuron.2020.01.021,checked_metadata,Methods pp. 15-17,papers/17_Gridchyn_2020.md
17,https://doi.org/10.1016/j.neuron.2020.01.021,Journal,Neuron,checked_metadata,Methods pp. 15-17,papers/17_Gridchyn_2020.md
17,https://doi.org/10.1016/j.neuron.2020.01.021,Species,Rats,checked_metadata,Methods pp. 15-17,papers/17_Gridchyn_2020.md
17,https://doi.org/10.1016/j.neuron.2020.01.021,Detection,MUA,checked_paper,Methods pp. 15-17,papers/17_Gridchyn_2020.md
17,https://doi.org/10.1016/j.neuron.2020.01.021,Detection Notes,"MUA
threshold is 3.5x the baseline mean spike count, not a SD multiple
adaptively adjusted to ~1 event/s; 150 ms detection refractory",reviewed_context,"Methods pp. 15-17 Cited Csicsvari 1999 (PMC6782375) Methods directly reopened; retrieval closed, but ripple RMS window/event boundaries and numerical theta-ratio cutoff remain unstated.",papers/17_Gridchyn_2020.md
17,https://doi.org/10.1016/j.neuron.2020.01.021,MUA Z-score Thresh. (STD),#N/A,not_applicable,Methods pp. 15-17,papers/17_Gridchyn_2020.md
17,https://doi.org/10.1016/j.neuron.2020.01.021,SWR Z-score Thresh. (STD),#N/A,not_applicable,Methods pp. 15-17,papers/17_Gridchyn_2020.md
17,https://doi.org/10.1016/j.neuron.2020.01.021,Animal Speed (cm/s),#N/A,not_applicable,Methods pp. 15-17,papers/17_Gridchyn_2020.md
17,https://doi.org/10.1016/j.neuron.2020.01.021,MUA smooth (ms),#N/A,not_applicable,Methods pp. 15-17,papers/17_Gridchyn_2020.md
17,https://doi.org/10.1016/j.neuron.2020.01.021,SWR smooth (ms),#N/A,not_applicable,Methods pp. 15-17,papers/17_Gridchyn_2020.md
17,https://doi.org/10.1016/j.neuron.2020.01.021,Min. Cells (#),#N/A,not_applicable,Methods pp. 15-17,papers/17_Gridchyn_2020.md
17,https://doi.org/10.1016/j.neuron.2020.01.021,SWR electrodes (#),#N/A,not_applicable,Methods pp. 15-17,papers/17_Gridchyn_2020.md
17,https://doi.org/10.1016/j.neuron.2020.01.021,SWR Low Band (Hz),#N/A,not_applicable,Methods pp. 15-17,papers/17_Gridchyn_2020.md
17,https://doi.org/10.1016/j.neuron.2020.01.021,SWR High Band (Hz),#N/A,not_applicable,Methods pp. 15-17,papers/17_Gridchyn_2020.md
17,https://doi.org/10.1016/j.neuron.2020.01.021,Min. Duration (ms),#N/A,not_applicable,Methods pp. 15-17,papers/17_Gridchyn_2020.md
17,https://doi.org/10.1016/j.neuron.2020.01.021,Max Duration (ms),#N/A,not_applicable,Methods pp. 15-17,papers/17_Gridchyn_2020.md
17,https://doi.org/10.1016/j.neuron.2020.01.021,Combine Events Thresh. (ms),#N/A,not_applicable,Methods pp. 15-17,papers/17_Gridchyn_2020.md
17,https://doi.org/10.1016/j.neuron.2020.01.021,Decoding,Bayes,checked_paper,Methods pp. 15-17,papers/17_Gridchyn_2020.md
17,https://doi.org/10.1016/j.neuron.2020.01.021,Time bin (ms),20,checked_paper,Methods pp. 15-17,papers/17_Gridchyn_2020.md
17,https://doi.org/10.1016/j.neuron.2020.01.021,Position bin (cm),6,checked_paper,Methods pp. 15-17,papers/17_Gridchyn_2020.md
17,https://doi.org/10.1016/j.neuron.2020.01.021,Place field smooth (cm),10,checked_paper,Methods pp. 15-17,papers/17_Gridchyn_2020.md
17,https://doi.org/10.1016/j.neuron.2020.01.021,Trajectory,MAP,checked_paper,Methods pp. 15-17,papers/17_Gridchyn_2020.md
17,https://doi.org/10.1016/j.neuron.2020.01.021,Decoding notes,Real-time,reviewed_context,Methods pp. 15-17,papers/17_Gridchyn_2020.md
17,https://doi.org/10.1016/j.neuron.2020.01.021,Reconst. Error (cm),Not reported,not_reported,Methods pp. 15-17,papers/17_Gridchyn_2020.md
17,https://doi.org/10.1016/j.neuron.2020.01.021,% Decoded,Not reported,not_reported,Methods pp. 15-17,papers/17_Gridchyn_2020.md
17,https://doi.org/10.1016/j.neuron.2020.01.021,Spike sorting,Clusterless,checked_paper,Methods pp. 15-17,papers/17_Gridchyn_2020.md
17,https://doi.org/10.1016/j.neuron.2020.01.021,Time bin step (ms),20,checked_paper,Methods pp. 15-17,papers/17_Gridchyn_2020.md
17,https://doi.org/10.1016/j.neuron.2020.01.021,Shuffle Method,none (adaptive decoding-confidence threshold),checked_paper,Methods pp. 15-17,papers/17_Gridchyn_2020.md
17,https://doi.org/10.1016/j.neuron.2020.01.021,Shuffles (#),#N/A,not_applicable,Methods pp. 15-17,papers/17_Gridchyn_2020.md
17,https://doi.org/10.1016/j.neuron.2020.01.021,Sig. Thresh.,#N/A,not_applicable,Methods pp. 15-17,papers/17_Gridchyn_2020.md
17,https://doi.org/10.1016/j.neuron.2020.01.021,% Decoded denom.,#N/A,not_reported,Methods pp. 15-17,papers/17_Gridchyn_2020.md
17,https://doi.org/10.1016/j.neuron.2020.01.021,Reconst. Error bin (ms),#N/A,not_reported,Methods pp. 15-17,papers/17_Gridchyn_2020.md
18,https://doi.org/10.1016/j.neuron.2020.01.015,First Author,Kaefer,checked_metadata,Methods pp. 16-17; Figure 4D,papers/18_Kaefer_2020.md
18,https://doi.org/10.1016/j.neuron.2020.01.015,Last Author,Csicsvari,checked_metadata,Methods pp. 16-17; Figure 4D,papers/18_Kaefer_2020.md
18,https://doi.org/10.1016/j.neuron.2020.01.015,Year,2020,checked_metadata,Methods pp. 16-17; Figure 4D,papers/18_Kaefer_2020.md
18,https://doi.org/10.1016/j.neuron.2020.01.015,DOI,https://doi.org/10.1016/j.neuron.2020.01.015,checked_metadata,Methods pp. 16-17; Figure 4D,papers/18_Kaefer_2020.md
18,https://doi.org/10.1016/j.neuron.2020.01.015,Journal,Neuron,checked_metadata,Methods pp. 16-17; Figure 4D,papers/18_Kaefer_2020.md
18,https://doi.org/10.1016/j.neuron.2020.01.015,Species,Rats,checked_metadata,Methods pp. 16-17; Figure 4D,papers/18_Kaefer_2020.md
18,https://doi.org/10.1016/j.neuron.2020.01.015,Detection,Decoding,checked_paper,Methods pp. 16-17; Figure 4D,papers/18_Kaefer_2020.md
18,https://doi.org/10.1016/j.neuron.2020.01.015,Detection Notes,"Decoded all immobility / non-local positions detected in 256 ms windows / trajectory replay detected in windows with a fixed number of spikes, excluding decoded speeds under 20 cm/s / Replay windows contain a session-specific fixed number of spikes; 25.6 ms is the underlying sampling bin and is also used in a comparison analysis. Nonlocal position detection uses 256 ms windows. Secondary SWR analysis: 240 ms Fourier/RMS windows every 20 ms, peak 5 SD, bounds 1.5 SD.",reviewed_context,Methods pp. 16-17; Figure 4D,papers/18_Kaefer_2020.md
18,https://doi.org/10.1016/j.neuron.2020.01.015,MUA Z-score Thresh. (STD),#N/A,not_applicable,Methods pp. 16-17; Figure 4D,papers/18_Kaefer_2020.md
18,https://doi.org/10.1016/j.neuron.2020.01.015,SWR Z-score Thresh. (STD),5,checked_paper,Methods pp. 16-17; Figure 4D,papers/18_Kaefer_2020.md
18,https://doi.org/10.1016/j.neuron.2020.01.015,Animal Speed (cm/s),5,checked_paper,Methods pp. 16-17; Figure 4D,papers/18_Kaefer_2020.md
18,https://doi.org/10.1016/j.neuron.2020.01.015,MUA smooth (ms),#N/A,not_applicable,Methods pp. 16-17; Figure 4D,papers/18_Kaefer_2020.md
18,https://doi.org/10.1016/j.neuron.2020.01.015,SWR smooth (ms),#N/A,not_applicable,Methods pp. 16-17; Figure 4D,papers/18_Kaefer_2020.md
18,https://doi.org/10.1016/j.neuron.2020.01.015,Min. Cells (#),#N/A,not_applicable,Methods pp. 16-17; Figure 4D,papers/18_Kaefer_2020.md
18,https://doi.org/10.1016/j.neuron.2020.01.015,SWR electrodes (#),>1,checked_paper,Methods pp. 16-17; Figure 4D,papers/18_Kaefer_2020.md
18,https://doi.org/10.1016/j.neuron.2020.01.015,SWR Low Band (Hz),150,checked_paper,Methods pp. 16-17; Figure 4D,papers/18_Kaefer_2020.md
18,https://doi.org/10.1016/j.neuron.2020.01.015,SWR High Band (Hz),250,checked_paper,Methods pp. 16-17; Figure 4D,papers/18_Kaefer_2020.md
18,https://doi.org/10.1016/j.neuron.2020.01.015,Min. Duration (ms),#N/A,not_applicable,Methods pp. 16-17; Figure 4D,papers/18_Kaefer_2020.md
18,https://doi.org/10.1016/j.neuron.2020.01.015,Max Duration (ms),#N/A,not_applicable,Methods pp. 16-17; Figure 4D,papers/18_Kaefer_2020.md
18,https://doi.org/10.1016/j.neuron.2020.01.015,Combine Events Thresh. (ms),#N/A,not_applicable,Methods pp. 16-17; Figure 4D,papers/18_Kaefer_2020.md
18,https://doi.org/10.1016/j.neuron.2020.01.015,Decoding,Bayes,checked_paper,Methods pp. 16-17; Figure 4D,papers/18_Kaefer_2020.md
18,https://doi.org/10.1016/j.neuron.2020.01.015,Time bin (ms),Adaptive (25.6 ms base bins),checked_paper,"Kaefer 2020 Methods, Decoding Windows / Trajectory Score, PDF p. 17; Results PDF p. 5.",papers/18_Kaefer_2020.md
18,https://doi.org/10.1016/j.neuron.2020.01.015,Position bin (cm),10,checked_paper,Methods pp. 16-17; Figure 4D,papers/18_Kaefer_2020.md
18,https://doi.org/10.1016/j.neuron.2020.01.015,Place field smooth (cm),10,checked_paper,Methods pp. 16-17; Figure 4D,papers/18_Kaefer_2020.md
18,https://doi.org/10.1016/j.neuron.2020.01.015,Trajectory,"MAP, Radon transform",checked_paper,Methods pp. 16-17; Figure 4D,papers/18_Kaefer_2020.md
18,https://doi.org/10.1016/j.neuron.2020.01.015,Decoding notes,"Adapative bin sizes
No jumps (> 60 cm)
Absolute speed (>20 cm/s) / 25.6 ms is the sampling grid, not the trajectory decoder window. Consecutive base bins are accumulated to a session-specific spike count; nonoverlapping spike windows are scored in overlapping groups of four. The separate non-local-position analysis uses 256 ms windows. The old approximate 45% entry corresponds to the opposite conditional fraction: Figure 4D plots the percentage of trajectory replays coinciding with an SWR (roughly 45-50% for hippocampus). It does not give the fraction of candidate events decoded as replay.",reviewed_context,"Kaefer 2020 Methods, Decoding Windows / Trajectory Score, PDF p. 17; Results PDF p. 5. Kaefer 2020 Figure 4D, combined PDF p. 7, visually checked: proportion of trajectory replay events co-occurring with SWRs.",papers/18_Kaefer_2020.md
18,https://doi.org/10.1016/j.neuron.2020.01.015,Reconst. Error (cm),Not reported,not_reported,Methods pp. 16-17; Figure 4D,papers/18_Kaefer_2020.md
18,https://doi.org/10.1016/j.neuron.2020.01.015,% Decoded,Not reported,not_reported,"Kaefer 2020 Figure 4D, combined PDF p. 7, visually checked: proportion of trajectory replay events co-occurring with SWRs.",papers/18_Kaefer_2020.md
18,https://doi.org/10.1016/j.neuron.2020.01.015,Spike sorting,Sorted,checked_paper,Methods pp. 16-17; Figure 4D,papers/18_Kaefer_2020.md
18,https://doi.org/10.1016/j.neuron.2020.01.015,Time bin step (ms),Adaptive; nonoverlapping,checked_paper,"Kaefer 2020 Methods, Decoding Windows / Trajectory Score, PDF p. 17; Results PDF p. 5.",papers/18_Kaefer_2020.md
18,https://doi.org/10.1016/j.neuron.2020.01.015,Shuffle Method,Place-field rotation; cell-ID shuffle,checked_paper,Methods pp. 16-17; Figure 4D,papers/18_Kaefer_2020.md
18,https://doi.org/10.1016/j.neuron.2020.01.015,Shuffles (#),200,checked_paper,Methods pp. 16-17; Figure 4D,papers/18_Kaefer_2020.md
18,https://doi.org/10.1016/j.neuron.2020.01.015,Sig. Thresh.,95th percentile,checked_paper,Methods pp. 16-17; Figure 4D,papers/18_Kaefer_2020.md
18,https://doi.org/10.1016/j.neuron.2020.01.015,% Decoded denom.,#N/A,not_reported,"Kaefer 2020 Methods, Decoding Windows / Trajectory Score, PDF p. 17; Results PDF p. 5. Kaefer 2020 Figure 4D, combined PDF p. 7, visually checked: proportion of trajectory replay events co-occurring with SWRs.",papers/18_Kaefer_2020.md
18,https://doi.org/10.1016/j.neuron.2020.01.015,Reconst. Error bin (ms),#N/A,not_reported,Methods pp. 16-17; Figure 4D,papers/18_Kaefer_2020.md
19,https://doi.org/10.1073/pnas.1912533117,First Author,Bhattarai,checked_metadata,"Published SI Appendix pnas.1912533117.sapp.pdf, cover p. 1: title, authors and DOI match the published paper.",papers/19_Bhattarai_2020.md
19,https://doi.org/10.1073/pnas.1912533117,Last Author,Jung,checked_metadata,"Published SI Appendix pnas.1912533117.sapp.pdf, cover p. 1: title, authors and DOI match the published paper.",papers/19_Bhattarai_2020.md
19,https://doi.org/10.1073/pnas.1912533117,Year,2020,checked_metadata,"Published main text: Bhattarai, Lee and Jung, PNAS 117:689-697 (2020); SI cover title/DOI matched.",papers/19_Bhattarai_2020.md
19,https://doi.org/10.1073/pnas.1912533117,DOI,https://doi.org/10.1073/pnas.1912533117,checked_metadata,"Published SI Appendix pnas.1912533117.sapp.pdf, cover p. 1: title, authors and DOI match the published paper.",papers/19_Bhattarai_2020.md
19,https://doi.org/10.1073/pnas.1912533117,Journal,PNAS,checked_metadata,"Published main text: Bhattarai, Lee and Jung, PNAS 117:689-697 (2020); SI cover title/DOI matched.",papers/19_Bhattarai_2020.md
19,https://doi.org/10.1073/pnas.1912533117,Species,Rats,checked_metadata,"Published SI Appendix pnas.1912533117.sapp.pdf, p. 2, Subjects: three male Sprague Dawley rats.",papers/19_Bhattarai_2020.md
19,https://doi.org/10.1073/pnas.1912533117,Detection,"SWR, MUA",checked_paper,"Published SI Appendix pnas.1912533117.sapp.pdf, pp. 4-5, SWR events / Replay events: silence-bounded place-cell bursts with SWR overlap.",papers/19_Bhattarai_2020.md
19,https://doi.org/10.1073/pnas.1912533117,Detection Notes,"SWR and MUA: replay candidates require >=5 place cells from a given block within a 300 ms window after >60 ms silence and at least one coincident SWR. SWRs use power from one channel each on two tetrodes, 100-250 Hz, a 50 ms boxcar, peak >3 SD and bounds at 1 SD; exclude durations <=20 ms, merge inter-ripple intervals <=100 ms, then require spikes from >=5 place cells from any block of the session. No detection-speed threshold is stated; 4 cm/s is a tuning-curve exclusion. The 300 ms replay search window is distinct from an SWR maximum duration, which is not reported. SI Appendix pp. 4-6 verified directly.",reviewed_context,"Published SI Appendix pnas.1912533117.sapp.pdf, pp. 4-6: separate SWR detection/participation and replay candidate rules; template-speed exclusion is not a detection cutoff.",papers/19_Bhattarai_2020.md
19,https://doi.org/10.1073/pnas.1912533117,MUA Z-score Thresh. (STD),#N/A,not_applicable,"Published SI Appendix pnas.1912533117.sapp.pdf, pp. 4-5: place-cell participation/silence rule; no population-rate z-score or smoothing criterion.",papers/19_Bhattarai_2020.md
19,https://doi.org/10.1073/pnas.1912533117,SWR Z-score Thresh. (STD),3,checked_paper,"Published SI Appendix pnas.1912533117.sapp.pdf, p. 4, SWR events: two tetrode channels, 100-250 Hz, 50 ms boxcar, peak >3 SD/bounds 1 SD, duration >20 ms, merge interval <=100 ms.",papers/19_Bhattarai_2020.md
19,https://doi.org/10.1073/pnas.1912533117,Animal Speed (cm/s),#N/A,not_reported,"Published SI Appendix pnas.1912533117.sapp.pdf, pp. 4-6: no SWR/replay speed criterion stated; exclude speed <4 cm/s only when constructing spatial templates.",papers/19_Bhattarai_2020.md
19,https://doi.org/10.1073/pnas.1912533117,MUA smooth (ms),#N/A,not_applicable,"Published SI Appendix pnas.1912533117.sapp.pdf, pp. 4-5: place-cell participation/silence rule; no population-rate z-score or smoothing criterion.",papers/19_Bhattarai_2020.md
19,https://doi.org/10.1073/pnas.1912533117,SWR smooth (ms),50,checked_paper,"Published SI Appendix pnas.1912533117.sapp.pdf, p. 4, SWR events: two tetrode channels, 100-250 Hz, 50 ms boxcar, peak >3 SD/bounds 1 SD, duration >20 ms, merge interval <=100 ms.",papers/19_Bhattarai_2020.md
19,https://doi.org/10.1073/pnas.1912533117,Min. Cells (#),5,checked_paper,"Published SI Appendix pnas.1912533117.sapp.pdf, pp. 4-5: SWRs require >=5 place cells from any block; replay candidates require >=5 from the given block.",papers/19_Bhattarai_2020.md
19,https://doi.org/10.1073/pnas.1912533117,SWR electrodes (#),2,checked_paper,"Published SI Appendix pnas.1912533117.sapp.pdf, p. 4, SWR events: two tetrode channels, 100-250 Hz, 50 ms boxcar, peak >3 SD/bounds 1 SD, duration >20 ms, merge interval <=100 ms.",papers/19_Bhattarai_2020.md
19,https://doi.org/10.1073/pnas.1912533117,SWR Low Band (Hz),100,checked_paper,"Published SI Appendix pnas.1912533117.sapp.pdf, p. 4, SWR events: two tetrode channels, 100-250 Hz, 50 ms boxcar, peak >3 SD/bounds 1 SD, duration >20 ms, merge interval <=100 ms.",papers/19_Bhattarai_2020.md
19,https://doi.org/10.1073/pnas.1912533117,SWR High Band (Hz),250,checked_paper,"Published SI Appendix pnas.1912533117.sapp.pdf, p. 4, SWR events: two tetrode channels, 100-250 Hz, 50 ms boxcar, peak >3 SD/bounds 1 SD, duration >20 ms, merge interval <=100 ms.",papers/19_Bhattarai_2020.md
19,https://doi.org/10.1073/pnas.1912533117,Min. Duration (ms),20,checked_paper,"Published SI Appendix pnas.1912533117.sapp.pdf, p. 4, SWR events: two tetrode channels, 100-250 Hz, 50 ms boxcar, peak >3 SD/bounds 1 SD, duration >20 ms, merge interval <=100 ms.",papers/19_Bhattarai_2020.md
19,https://doi.org/10.1073/pnas.1912533117,Max Duration (ms),#N/A,not_reported,"Published SI Appendix pnas.1912533117.sapp.pdf, p. 4: no SWR maximum duration stated; 300 ms is the separate replay candidate search window.",papers/19_Bhattarai_2020.md
19,https://doi.org/10.1073/pnas.1912533117,Combine Events Thresh. (ms),100,checked_paper,"Published SI Appendix pnas.1912533117.sapp.pdf, p. 4, SWR events: two tetrode channels, 100-250 Hz, 50 ms boxcar, peak >3 SD/bounds 1 SD, duration >20 ms, merge interval <=100 ms.",papers/19_Bhattarai_2020.md
19,https://doi.org/10.1073/pnas.1912533117,Decoding,Bayes,checked_paper,"Published SI Appendix pnas.1912533117.sapp.pdf, p. 5, Neural decoding of spatial position: Bayesian reconstruction.",papers/19_Bhattarai_2020.md
19,https://doi.org/10.1073/pnas.1912533117,Time bin (ms),20,checked_paper,"Published SI Appendix pnas.1912533117.sapp.pdf, p. 5, final paragraph: 20 ms replay windows; 50 ms earlier on the same page describes behavioral reconstruction. Original 20 ms entry restored after correcting the earlier audit transcription.",papers/19_Bhattarai_2020.md
19,https://doi.org/10.1073/pnas.1912533117,Position bin (cm),2,checked_paper,"Published SI Appendix pnas.1912533117.sapp.pdf, pp. 3 and 5-6: 2 cm spatial bins and Gaussian sigma 6 cm.",papers/19_Bhattarai_2020.md
19,https://doi.org/10.1073/pnas.1912533117,Place field smooth (cm),6,checked_paper,"Published SI Appendix pnas.1912533117.sapp.pdf, pp. 3 and 5-6: 2 cm spatial bins and Gaussian sigma 6 cm.",papers/19_Bhattarai_2020.md
19,https://doi.org/10.1073/pnas.1912533117,Trajectory,Linear regression of posterior-mode positions (R^2 significance); weighted correlation (strength/direction),checked_paper,"Published SI Appendix pnas.1912533117.sapp.pdf, p. 5: linear regression of posterior-mode positions for R^2 significance; p. 6: weighted correlation for replay strength and direction.",papers/19_Bhattarai_2020.md
19,https://doi.org/10.1073/pnas.1912533117,Decoding notes,"Published SI Appendix pp. 5-6: replay decoding uses 20 ms windows with a 10 ms step; behavioral reconstruction uses 50 ms windows. Templates use 2 cm spatial bins, Gaussian SD 6 cm and exclude speed <4 cm/s. Fit decoded posterior-mode positions against time-bin number, then compare R^2 with 1000 circular shifts of the decoded-position sequence; p is the fraction of shuffled R^2 values exceeding the observed value, significant at p<0.05. Weighted correlation measures strength/direction and includes only posterior bins >0.01. Exclude session sets with median absolute reconstruction error >20 cm (3 of 28); analyzed-session error is 6.56 +/- 0.46 cm (mean +/- SEM). Table S1 (p. 21) confirms 1342 replays / 2573 candidates = 52.2% rounded. The earlier audit incorrectly treated the 50 ms behavioral window as the replay window; the original 20 ms replay entry is restored.",reviewed_context,"Published SI Appendix pnas.1912533117.sapp.pdf, pp. 5-6, Replay events / Neural decoding of spatial position / Weighted correlation; Table S1 p. 21 visually checked. Corrects earlier behavioral/replay-window confusion.",papers/19_Bhattarai_2020.md
19,https://doi.org/10.1073/pnas.1912533117,Reconst. Error (cm),6.56,checked_paper,"Published SI Appendix pnas.1912533117.sapp.pdf, p. 6: mean +/- SEM of analyzed session-set reconstruction errors is 6.56 +/- 0.46 cm; Table S1 p. 21 visually confirms mean 6.56 cm.",papers/19_Bhattarai_2020.md
19,https://doi.org/10.1073/pnas.1912533117,% Decoded,52.2%,checked_paper,"Published SI Appendix pnas.1912533117.sapp.pdf, p. 5: 1342 significant events, 52.2% of candidates; Table S1 p. 21 totals 1342 replays and 2573 candidates.",papers/19_Bhattarai_2020.md
19,https://doi.org/10.1073/pnas.1912533117,Spike sorting,Sorted,checked_paper,"Published SI Appendix pnas.1912533117.sapp.pdf, p. 3, Unit isolation and classification: MClust sorting; analysis restricted to putative pyramidal cells.",papers/19_Bhattarai_2020.md
19,https://doi.org/10.1073/pnas.1912533117,Time bin step (ms),10,checked_paper,"Published SI Appendix pnas.1912533117.sapp.pdf, p. 5, final paragraph explicitly specifies a 10 ms step for 20 ms replay windows.",papers/19_Bhattarai_2020.md
19,https://doi.org/10.1073/pnas.1912533117,Shuffle Method,Circular shift of decoded positions in time; recompute linear-regression R^2,checked_paper,"Published SI Appendix pnas.1912533117.sapp.pdf, p. 5, Replay events: 1000 random circular time shifts of decoded positions, recompute linear-regression R^2, p<0.05.",papers/19_Bhattarai_2020.md
19,https://doi.org/10.1073/pnas.1912533117,Shuffles (#),1000,checked_paper,"Published SI Appendix pnas.1912533117.sapp.pdf, p. 5, Replay events: 1000 random circular time shifts of decoded positions, recompute linear-regression R^2, p<0.05.",papers/19_Bhattarai_2020.md
19,https://doi.org/10.1073/pnas.1912533117,Sig. Thresh.,p<0.05,checked_paper,"Published SI Appendix pnas.1912533117.sapp.pdf, p. 5, Replay events: 1000 random circular time shifts of decoded positions, recompute linear-regression R^2, p<0.05.",papers/19_Bhattarai_2020.md
19,https://doi.org/10.1073/pnas.1912533117,% Decoded denom.,candidate events,checked_paper,"Published SI Appendix pnas.1912533117.sapp.pdf, p. 5: 1342 significant events, 52.2% of candidates; Table S1 p. 21 totals 1342 replays and 2573 candidates.",papers/19_Bhattarai_2020.md
19,https://doi.org/10.1073/pnas.1912533117,Reconst. Error bin (ms),50,checked_paper,"Published SI Appendix pnas.1912533117.sapp.pdf, p. 5, Neural decoding of spatial position: 50 ms behavioral reconstruction windows, distinct from 20 ms replay windows.",papers/19_Bhattarai_2020.md
20,https://doi.org/10.1016/j.neuron.2019.01.052,First Author,Stella,checked_metadata,Methods pp. 16-17; Figure S2,papers/20_Stella_2019.md
20,https://doi.org/10.1016/j.neuron.2019.01.052,Last Author,Csicsvari,checked_metadata,Methods pp. 16-17; Figure S2,papers/20_Stella_2019.md
20,https://doi.org/10.1016/j.neuron.2019.01.052,Year,2019,checked_metadata,Methods pp. 16-17; Figure S2,papers/20_Stella_2019.md
20,https://doi.org/10.1016/j.neuron.2019.01.052,DOI,https://doi.org/10.1016/j.neuron.2019.01.052,checked_metadata,Methods pp. 16-17; Figure S2,papers/20_Stella_2019.md
20,https://doi.org/10.1016/j.neuron.2019.01.052,Journal,Neuron,checked_metadata,Methods pp. 16-17; Figure S2,papers/20_Stella_2019.md
20,https://doi.org/10.1016/j.neuron.2019.01.052,Species,Rats,checked_metadata,Methods pp. 16-17; Figure S2,papers/20_Stella_2019.md
20,https://doi.org/10.1016/j.neuron.2019.01.052,Detection,SWR,checked_paper,Methods pp. 16-17; Figure S2,papers/20_Stella_2019.md
20,https://doi.org/10.1016/j.neuron.2019.01.052,Detection Notes,"SWR / Morlet-wavelet RMS power in 150-250 Hz, z-scored per electrode, maximum across CA1 electrodes / bounds at 2 SD / REM excluded by theta/delta ratio / Place-field width 20 cm is the fitted Gaussian basis parameter r in exp(-distance^2/r^2), not a Gaussian standard deviation. Temporal bins are either 8 ms or 15 spikes; >=5 decoded windows is an analysis inclusion rule.",reviewed_context,"Methods pp. 16-17; Figure S2 Cited Csicsvari 1999 (PMC6782375) Methods directly reopened; retrieval closed, but ripple RMS window/event boundaries and numerical theta-ratio cutoff remain unstated.",papers/20_Stella_2019.md
20,https://doi.org/10.1016/j.neuron.2019.01.052,MUA Z-score Thresh. (STD),#N/A,not_applicable,Methods pp. 16-17; Figure S2,papers/20_Stella_2019.md
20,https://doi.org/10.1016/j.neuron.2019.01.052,SWR Z-score Thresh. (STD),5,checked_paper,Methods pp. 16-17; Figure S2,papers/20_Stella_2019.md
20,https://doi.org/10.1016/j.neuron.2019.01.052,Animal Speed (cm/s),#N/A,not_applicable,Methods pp. 16-17; Figure S2,papers/20_Stella_2019.md
20,https://doi.org/10.1016/j.neuron.2019.01.052,MUA smooth (ms),#N/A,not_applicable,Methods pp. 16-17; Figure S2,papers/20_Stella_2019.md
20,https://doi.org/10.1016/j.neuron.2019.01.052,SWR smooth (ms),#N/A,not_applicable,Methods pp. 16-17; Figure S2,papers/20_Stella_2019.md
20,https://doi.org/10.1016/j.neuron.2019.01.052,Min. Cells (#),#N/A,not_applicable,Methods pp. 16-17; Figure S2,papers/20_Stella_2019.md
20,https://doi.org/10.1016/j.neuron.2019.01.052,SWR electrodes (#),>1,checked_paper,Methods pp. 16-17; Figure S2,papers/20_Stella_2019.md
20,https://doi.org/10.1016/j.neuron.2019.01.052,SWR Low Band (Hz),150,checked_paper,Methods pp. 16-17; Figure S2,papers/20_Stella_2019.md
20,https://doi.org/10.1016/j.neuron.2019.01.052,SWR High Band (Hz),250,checked_paper,Methods pp. 16-17; Figure S2,papers/20_Stella_2019.md
20,https://doi.org/10.1016/j.neuron.2019.01.052,Min. Duration (ms),#N/A,not_applicable,Methods pp. 16-17; Figure S2,papers/20_Stella_2019.md
20,https://doi.org/10.1016/j.neuron.2019.01.052,Max Duration (ms),#N/A,not_applicable,Methods pp. 16-17; Figure S2,papers/20_Stella_2019.md
20,https://doi.org/10.1016/j.neuron.2019.01.052,Combine Events Thresh. (ms),#N/A,not_applicable,Methods pp. 16-17; Figure S2,papers/20_Stella_2019.md
20,https://doi.org/10.1016/j.neuron.2019.01.052,Decoding,Bayes,checked_paper,Methods pp. 16-17; Figure S2,papers/20_Stella_2019.md
20,https://doi.org/10.1016/j.neuron.2019.01.052,Time bin (ms),8,checked_paper,Methods pp. 16-17; Figure S2,papers/20_Stella_2019.md
20,https://doi.org/10.1016/j.neuron.2019.01.052,Position bin (cm),4,checked_paper,Methods pp. 16-17; Figure S2,papers/20_Stella_2019.md
20,https://doi.org/10.1016/j.neuron.2019.01.052,Place field smooth (cm),20,checked_paper,Methods pp. 16-17; Figure S2,papers/20_Stella_2019.md
20,https://doi.org/10.1016/j.neuron.2019.01.052,Trajectory,MAP,checked_paper,Methods pp. 16-17; Figure S2,papers/20_Stella_2019.md
20,https://doi.org/10.1016/j.neuron.2019.01.052,Decoding notes,"Adaptive time bin size (# spikes) / The paper uses two nonoverlapping window schemes: fixed 8 ms and adaptive 15-spike windows. Spatial width 20 cm is the Gaussian basis-function parameter r in exp(-distance^2/r^2), not a smoothing-kernel SD. Selection requires mean maximum posterior >0.1; surrogate analyses have several purposes and no single common count is given in the Methods. / Figure S2 reports errors for one representative session across several fixed-time and fixed-spike windows; the approximate 8-11 cm range is read from that figure, not a pooled reported error.",reviewed_context,"Stella 2019 Methods, PDF pp. 16-17. Stella 2019 Figure S2, combined PDF p. 23, visually checked: approximately 8-11 cm across tested windows in one representative session.",papers/20_Stella_2019.md
20,https://doi.org/10.1016/j.neuron.2019.01.052,Reconst. Error (cm),~8-11 (Figure S2; one session),derived,"Stella 2019 Figure S2, combined PDF p. 23, visually checked: approximately 8-11 cm across tested windows in one representative session.",papers/20_Stella_2019.md
20,https://doi.org/10.1016/j.neuron.2019.01.052,% Decoded,Not reported,not_reported,Methods pp. 16-17; Figure S2,papers/20_Stella_2019.md
20,https://doi.org/10.1016/j.neuron.2019.01.052,Spike sorting,Sorted,checked_paper,Methods pp. 16-17; Figure S2,papers/20_Stella_2019.md
20,https://doi.org/10.1016/j.neuron.2019.01.052,Time bin step (ms),8,checked_paper,Methods pp. 16-17; Figure S2,papers/20_Stella_2019.md
20,https://doi.org/10.1016/j.neuron.2019.01.052,Shuffle Method,Cell-ID reassignment; place-field rotation; spike jittering,checked_paper,Methods pp. 16-17; Figure S2,papers/20_Stella_2019.md
20,https://doi.org/10.1016/j.neuron.2019.01.052,Shuffles (#),Not reported,not_reported,"Stella 2019 Methods, Shuffling Procedures: no single count covering these different analyses.",papers/20_Stella_2019.md
20,https://doi.org/10.1016/j.neuron.2019.01.052,Sig. Thresh.,Decoding-confidence threshold 0.1,checked_paper,Methods pp. 16-17; Figure S2,papers/20_Stella_2019.md
20,https://doi.org/10.1016/j.neuron.2019.01.052,% Decoded denom.,#N/A,not_reported,Methods pp. 16-17; Figure S2,papers/20_Stella_2019.md
20,https://doi.org/10.1016/j.neuron.2019.01.052,Reconst. Error bin (ms),Varied (Figure S2),checked_paper,"Stella 2019 Figure S2, combined PDF p. 23, visually checked: approximately 8-11 cm across tested windows in one representative session.",papers/20_Stella_2019.md
21,https://doi.org/10.1016/j.neuron.2018.11.015,First Author,Xu,checked_metadata,Methods pp. 17-18,papers/21_Xu_2019.md
21,https://doi.org/10.1016/j.neuron.2018.11.015,Last Author,Csicsvari,checked_metadata,Methods pp. 17-18,papers/21_Xu_2019.md
21,https://doi.org/10.1016/j.neuron.2018.11.015,Year,2019,checked_metadata,Methods pp. 17-18,papers/21_Xu_2019.md
21,https://doi.org/10.1016/j.neuron.2018.11.015,DOI,https://doi.org/10.1016/j.neuron.2018.11.015,checked_metadata,Methods pp. 17-18,papers/21_Xu_2019.md
21,https://doi.org/10.1016/j.neuron.2018.11.015,Journal,Neuron,checked_metadata,Methods pp. 17-18,papers/21_Xu_2019.md
21,https://doi.org/10.1016/j.neuron.2018.11.015,Species,Rats,checked_metadata,Methods pp. 17-18,papers/21_Xu_2019.md
21,https://doi.org/10.1016/j.neuron.2018.11.015,Detection,MUA,checked_paper,Methods pp. 17-18,papers/21_Xu_2019.md
21,https://doi.org/10.1016/j.neuron.2018.11.015,Detection Notes,MUA,reviewed_context,"Methods pp. 17-18 Cited Csicsvari 1999 (PMC6782375) Methods directly reopened; retrieval closed, but ripple RMS window/event boundaries and numerical theta-ratio cutoff remain unstated.",papers/21_Xu_2019.md
21,https://doi.org/10.1016/j.neuron.2018.11.015,MUA Z-score Thresh. (STD),3,checked_paper,Methods pp. 17-18,papers/21_Xu_2019.md
21,https://doi.org/10.1016/j.neuron.2018.11.015,SWR Z-score Thresh. (STD),#N/A,not_applicable,Methods pp. 17-18,papers/21_Xu_2019.md
21,https://doi.org/10.1016/j.neuron.2018.11.015,Animal Speed (cm/s),#N/A,not_applicable,Methods pp. 17-18,papers/21_Xu_2019.md
21,https://doi.org/10.1016/j.neuron.2018.11.015,MUA smooth (ms),15,checked_paper,Methods pp. 17-18,papers/21_Xu_2019.md
21,https://doi.org/10.1016/j.neuron.2018.11.015,SWR smooth (ms),#N/A,not_applicable,Methods pp. 17-18,papers/21_Xu_2019.md
21,https://doi.org/10.1016/j.neuron.2018.11.015,Min. Cells (#),4,checked_paper,Methods pp. 17-18,papers/21_Xu_2019.md
21,https://doi.org/10.1016/j.neuron.2018.11.015,SWR electrodes (#),#N/A,not_applicable,Methods pp. 17-18,papers/21_Xu_2019.md
21,https://doi.org/10.1016/j.neuron.2018.11.015,SWR Low Band (Hz),#N/A,not_applicable,Methods pp. 17-18,papers/21_Xu_2019.md
21,https://doi.org/10.1016/j.neuron.2018.11.015,SWR High Band (Hz),#N/A,not_applicable,Methods pp. 17-18,papers/21_Xu_2019.md
21,https://doi.org/10.1016/j.neuron.2018.11.015,Min. Duration (ms),75,checked_paper,Methods pp. 17-18,papers/21_Xu_2019.md
21,https://doi.org/10.1016/j.neuron.2018.11.015,Max Duration (ms),750,checked_paper,Methods pp. 17-18,papers/21_Xu_2019.md
21,https://doi.org/10.1016/j.neuron.2018.11.015,Combine Events Thresh. (ms),#N/A,not_applicable,Methods pp. 17-18,papers/21_Xu_2019.md
21,https://doi.org/10.1016/j.neuron.2018.11.015,Decoding,Bayes,checked_paper,Methods pp. 17-18,papers/21_Xu_2019.md
21,https://doi.org/10.1016/j.neuron.2018.11.015,Time bin (ms),20,checked_paper,Methods pp. 17-18,papers/21_Xu_2019.md
21,https://doi.org/10.1016/j.neuron.2018.11.015,Position bin (cm),1,checked_paper,Methods pp. 17-18,papers/21_Xu_2019.md
21,https://doi.org/10.1016/j.neuron.2018.11.015,Place field smooth (cm),3 (inferred 1D); 6 (2D),inferred,"Xu 2019 Methods, PDF p. 17: 2 cm 2D bins and sigma 3 bins; 1D bins are 1 cm with a similar procedure.",papers/21_Xu_2019.md
21,https://doi.org/10.1016/j.neuron.2018.11.015,Trajectory,MAP,checked_paper,Methods pp. 17-18,papers/21_Xu_2019.md
21,https://doi.org/10.1016/j.neuron.2018.11.015,Decoding notes,"Custom optimization procedure
Jump-constrained best path (<=20 bins per step) / Spatial smoothing is explicitly 3 bins on 2 cm 2D maps (6 cm). Applying the stated similar procedure to the 1 cm linearized maps implies 3 cm; the 1D kernel is not independently specified.",reviewed_context,"Xu 2019 Methods, PDF p. 17: 2 cm 2D bins and sigma 3 bins; 1D bins are 1 cm with a similar procedure.",papers/21_Xu_2019.md
21,https://doi.org/10.1016/j.neuron.2018.11.015,Reconst. Error (cm),Not reported,not_reported,Methods pp. 17-18,papers/21_Xu_2019.md
21,https://doi.org/10.1016/j.neuron.2018.11.015,% Decoded,Not reported,not_reported,Methods pp. 17-18,papers/21_Xu_2019.md
21,https://doi.org/10.1016/j.neuron.2018.11.015,Spike sorting,Sorted,checked_paper,Methods pp. 17-18,papers/21_Xu_2019.md
21,https://doi.org/10.1016/j.neuron.2018.11.015,Time bin step (ms),10,checked_paper,Methods pp. 17-18,papers/21_Xu_2019.md
21,https://doi.org/10.1016/j.neuron.2018.11.015,Shuffle Method,Place-field rotation,checked_paper,Methods pp. 17-18,papers/21_Xu_2019.md
21,https://doi.org/10.1016/j.neuron.2018.11.015,Shuffles (#),100,checked_paper,Methods pp. 17-18,papers/21_Xu_2019.md
21,https://doi.org/10.1016/j.neuron.2018.11.015,Sig. Thresh.,none (z-score vs shuffles),checked_paper,Methods pp. 17-18,papers/21_Xu_2019.md
21,https://doi.org/10.1016/j.neuron.2018.11.015,% Decoded denom.,#N/A,not_reported,Methods pp. 17-18,papers/21_Xu_2019.md
21,https://doi.org/10.1016/j.neuron.2018.11.015,Reconst. Error bin (ms),#N/A,not_reported,Methods pp. 17-18,papers/21_Xu_2019.md
22,https://doi.org/10.1016/j.neuron.2019.05.040,First Author,Farooq,checked_metadata,Methods pp. 19-21; Results/Figure 2B,papers/22_Farooq_2019.md
22,https://doi.org/10.1016/j.neuron.2019.05.040,Last Author,Dragoi,checked_metadata,Methods pp. 19-21; Results/Figure 2B,papers/22_Farooq_2019.md
22,https://doi.org/10.1016/j.neuron.2019.05.040,Year,2019,checked_metadata,Methods pp. 19-21; Results/Figure 2B,papers/22_Farooq_2019.md
22,https://doi.org/10.1016/j.neuron.2019.05.040,DOI,https://doi.org/10.1016/j.neuron.2019.05.040,checked_metadata,Methods pp. 19-21; Results/Figure 2B,papers/22_Farooq_2019.md
22,https://doi.org/10.1016/j.neuron.2019.05.040,Journal,Neuron,checked_metadata,Methods pp. 19-21; Results/Figure 2B,papers/22_Farooq_2019.md
22,https://doi.org/10.1016/j.neuron.2019.05.040,Species,Rats,checked_metadata,Methods pp. 19-21; Results/Figure 2B,papers/22_Farooq_2019.md
22,https://doi.org/10.1016/j.neuron.2019.05.040,Detection,MUA,checked_paper,Methods pp. 19-21; Results/Figure 2B,papers/22_Farooq_2019.md
22,https://doi.org/10.1016/j.neuron.2019.05.040,Detection Notes,MUA / frames containing a 175-225 Hz ripple used as a control subset / SWS: speed < 1 cm/s for >= 5 min and theta/delta ratio < 2,reviewed_context,Methods pp. 19-21; Results/Figure 2B,papers/22_Farooq_2019.md
22,https://doi.org/10.1016/j.neuron.2019.05.040,MUA Z-score Thresh. (STD),2,checked_paper,Methods pp. 19-21; Results/Figure 2B,papers/22_Farooq_2019.md
22,https://doi.org/10.1016/j.neuron.2019.05.040,SWR Z-score Thresh. (STD),Not reported,not_reported,Methods pp. 19-21; Results/Figure 2B,papers/22_Farooq_2019.md
22,https://doi.org/10.1016/j.neuron.2019.05.040,Animal Speed (cm/s),1,checked_paper,Methods pp. 19-21; Results/Figure 2B,papers/22_Farooq_2019.md
22,https://doi.org/10.1016/j.neuron.2019.05.040,MUA smooth (ms),15,checked_paper,Methods pp. 19-21; Results/Figure 2B,papers/22_Farooq_2019.md
22,https://doi.org/10.1016/j.neuron.2019.05.040,SWR smooth (ms),#N/A,not_applicable,Methods pp. 19-21; Results/Figure 2B,papers/22_Farooq_2019.md
22,https://doi.org/10.1016/j.neuron.2019.05.040,Min. Cells (#),5,checked_paper,Methods pp. 19-21; Results/Figure 2B,papers/22_Farooq_2019.md
22,https://doi.org/10.1016/j.neuron.2019.05.040,SWR electrodes (#),Not reported,not_reported,Methods pp. 19-21; Results/Figure 2B,papers/22_Farooq_2019.md
22,https://doi.org/10.1016/j.neuron.2019.05.040,SWR Low Band (Hz),175,checked_paper,Methods pp. 19-21; Results/Figure 2B,papers/22_Farooq_2019.md
22,https://doi.org/10.1016/j.neuron.2019.05.040,SWR High Band (Hz),225,checked_paper,Methods pp. 19-21; Results/Figure 2B,papers/22_Farooq_2019.md
22,https://doi.org/10.1016/j.neuron.2019.05.040,Min. Duration (ms),100,checked_paper,Methods pp. 19-21; Results/Figure 2B,papers/22_Farooq_2019.md
22,https://doi.org/10.1016/j.neuron.2019.05.040,Max Duration (ms),800,checked_paper,Methods pp. 19-21; Results/Figure 2B,papers/22_Farooq_2019.md
22,https://doi.org/10.1016/j.neuron.2019.05.040,Combine Events Thresh. (ms),#N/A,not_applicable,Methods pp. 19-21; Results/Figure 2B,papers/22_Farooq_2019.md
22,https://doi.org/10.1016/j.neuron.2019.05.040,Decoding,Bayes,checked_paper,Methods pp. 19-21; Results/Figure 2B,papers/22_Farooq_2019.md
22,https://doi.org/10.1016/j.neuron.2019.05.040,Time bin (ms),20,checked_paper,Methods pp. 19-21; Results/Figure 2B,papers/22_Farooq_2019.md
22,https://doi.org/10.1016/j.neuron.2019.05.040,Position bin (cm),1,checked_paper,Methods pp. 19-21; Results/Figure 2B,papers/22_Farooq_2019.md
22,https://doi.org/10.1016/j.neuron.2019.05.040,Place field smooth (cm),5,checked_paper,Methods pp. 19-21; Results/Figure 2B,papers/22_Farooq_2019.md
22,https://doi.org/10.1016/j.neuron.2019.05.040,Trajectory,"Weighted correlation, Radon transform",checked_paper,Methods pp. 19-21; Results/Figure 2B,papers/22_Farooq_2019.md
22,https://doi.org/10.1016/j.neuron.2019.05.040,Decoding notes,Positive and negative sequences use opposite shuffle tails (>97.5th or <2.5th percentile). Bayesian trajectory-count tests are distinct from per-frame template/correlation significance. / The approximate 10% replay fraction is a visual estimate from Figure 2B for post-run sleep; the pre-run proportion is lower.,reviewed_context,"Farooq 2019 Neuron Methods, PDF pp. 19-21; Science supplementary Methods, PDF pp. 14-16. Farooq 2019 Neuron Figure 2B, PDF p. 5, visually checked.",papers/22_Farooq_2019.md
22,https://doi.org/10.1016/j.neuron.2019.05.040,Reconst. Error (cm),7.6,checked_paper,Methods pp. 19-21; Results/Figure 2B,papers/22_Farooq_2019.md
22,https://doi.org/10.1016/j.neuron.2019.05.040,% Decoded,~10%,derived,Methods pp. 19-21; Results/Figure 2B,papers/22_Farooq_2019.md
22,https://doi.org/10.1016/j.neuron.2019.05.040,Spike sorting,Sorted,checked_paper,Methods pp. 19-21; Results/Figure 2B,papers/22_Farooq_2019.md
22,https://doi.org/10.1016/j.neuron.2019.05.040,Time bin step (ms),20,checked_paper,Methods pp. 19-21; Results/Figure 2B,papers/22_Farooq_2019.md
22,https://doi.org/10.1016/j.neuron.2019.05.040,Shuffle Method,Time-bin shuffle; rate-matched Poisson surrogate; weighted circular-shift space-bin shuffle,checked_paper,Methods pp. 19-21; Results/Figure 2B,papers/22_Farooq_2019.md
22,https://doi.org/10.1016/j.neuron.2019.05.040,Shuffles (#),500,checked_paper,Methods pp. 19-21; Results/Figure 2B,papers/22_Farooq_2019.md
22,https://doi.org/10.1016/j.neuron.2019.05.040,Sig. Thresh.,>97.5th or <2.5th percentile; count tests separate,checked_paper,"Farooq 2019 Neuron Methods, PDF pp. 19-21; Science supplementary Methods, PDF pp. 14-16.",papers/22_Farooq_2019.md
22,https://doi.org/10.1016/j.neuron.2019.05.040,% Decoded denom.,MUA frames,checked_paper,Methods pp. 19-21; Results/Figure 2B,papers/22_Farooq_2019.md
22,https://doi.org/10.1016/j.neuron.2019.05.040,Reconst. Error bin (ms),250,checked_paper,Methods pp. 19-21; Results/Figure 2B,papers/22_Farooq_2019.md
23,https://doi.org/10.1126/science.aav0502,First Author,Farooq,checked_metadata,Supplementary Methods pp. 11-16; Figure S2,papers/23_Farooq_2019.md
23,https://doi.org/10.1126/science.aav0502,Last Author,Dragoi,checked_metadata,Supplementary Methods pp. 11-16; Figure S2,papers/23_Farooq_2019.md
23,https://doi.org/10.1126/science.aav0502,Year,2019,checked_metadata,Supplementary Methods pp. 11-16; Figure S2,papers/23_Farooq_2019.md
23,https://doi.org/10.1126/science.aav0502,DOI,https://doi.org/10.1126/science.aav0502,checked_metadata,Supplementary Methods pp. 11-16; Figure S2,papers/23_Farooq_2019.md
23,https://doi.org/10.1126/science.aav0502,Journal,Science,checked_metadata,Supplementary Methods pp. 11-16; Figure S2,papers/23_Farooq_2019.md
23,https://doi.org/10.1126/science.aav0502,Species,Rats,checked_metadata,Supplementary Methods pp. 11-16; Figure S2,papers/23_Farooq_2019.md
23,https://doi.org/10.1126/science.aav0502,Detection,MUA,checked_paper,Supplementary Methods pp. 11-16; Figure S2,papers/23_Farooq_2019.md
23,https://doi.org/10.1126/science.aav0502,Detection Notes,"MUA / theta/delta ratio / SWS speed <2 cm/s; awake-rest frames use <1 cm/s. Ripple fields describe a separate developmental characterization (140-250 Hz, 3 SD), not a gate on frames.",reviewed_context,Supplementary Methods pp. 11-16; Figure S2,papers/23_Farooq_2019.md
23,https://doi.org/10.1126/science.aav0502,MUA Z-score Thresh. (STD),2,checked_paper,Supplementary Methods pp. 11-16; Figure S2,papers/23_Farooq_2019.md
23,https://doi.org/10.1126/science.aav0502,SWR Z-score Thresh. (STD),3,checked_paper,Supplementary Methods pp. 11-16; Figure S2,papers/23_Farooq_2019.md
23,https://doi.org/10.1126/science.aav0502,Animal Speed (cm/s),2,checked_paper,Supplementary Methods pp. 11-16; Figure S2,papers/23_Farooq_2019.md
23,https://doi.org/10.1126/science.aav0502,MUA smooth (ms),15,checked_paper,Supplementary Methods pp. 11-16; Figure S2,papers/23_Farooq_2019.md
23,https://doi.org/10.1126/science.aav0502,SWR smooth (ms),#N/A,not_applicable,Supplementary Methods pp. 11-16; Figure S2,papers/23_Farooq_2019.md
23,https://doi.org/10.1126/science.aav0502,Min. Cells (#),5,checked_paper,Supplementary Methods pp. 11-16; Figure S2,papers/23_Farooq_2019.md
23,https://doi.org/10.1126/science.aav0502,SWR electrodes (#),#N/A,not_applicable,Supplementary Methods pp. 11-16; Figure S2,papers/23_Farooq_2019.md
23,https://doi.org/10.1126/science.aav0502,SWR Low Band (Hz),140,checked_paper,Supplementary Methods pp. 11-16; Figure S2,papers/23_Farooq_2019.md
23,https://doi.org/10.1126/science.aav0502,SWR High Band (Hz),250,checked_paper,Supplementary Methods pp. 11-16; Figure S2,papers/23_Farooq_2019.md
23,https://doi.org/10.1126/science.aav0502,Min. Duration (ms),100,checked_paper,Supplementary Methods pp. 11-16; Figure S2,papers/23_Farooq_2019.md
23,https://doi.org/10.1126/science.aav0502,Max Duration (ms),800,checked_paper,Supplementary Methods pp. 11-16; Figure S2,papers/23_Farooq_2019.md
23,https://doi.org/10.1126/science.aav0502,Combine Events Thresh. (ms),#N/A,not_applicable,Supplementary Methods pp. 11-16; Figure S2,papers/23_Farooq_2019.md
23,https://doi.org/10.1126/science.aav0502,Decoding,Bayes,checked_paper,Supplementary Methods pp. 11-16; Figure S2,papers/23_Farooq_2019.md
23,https://doi.org/10.1126/science.aav0502,Time bin (ms),20,checked_paper,Supplementary Methods pp. 11-16; Figure S2,papers/23_Farooq_2019.md
23,https://doi.org/10.1126/science.aav0502,Position bin (cm),1,checked_paper,Supplementary Methods pp. 11-16; Figure S2,papers/23_Farooq_2019.md
23,https://doi.org/10.1126/science.aav0502,Place field smooth (cm),5,checked_paper,Supplementary Methods pp. 11-16; Figure S2,papers/23_Farooq_2019.md
23,https://doi.org/10.1126/science.aav0502,Trajectory,Weighted correlation,checked_paper,Supplementary Methods pp. 11-16; Figure S2,papers/23_Farooq_2019.md
23,https://doi.org/10.1126/science.aav0502,Decoding notes,Sequential frames additionally span >15% of track length; stationary frames use >95th-percentile confidence and <5% extent. The approximate 5 cm error is not one verified summary across all developmental ages.,reviewed_context,"Farooq 2019 Neuron Methods, PDF pp. 19-21; Science supplementary Methods, PDF pp. 14-16.",papers/23_Farooq_2019.md
23,https://doi.org/10.1126/science.aav0502,Reconst. Error (cm),~5 cm (not verified across ages),unresolved,Farooq Science Figure S2 gives age-specific confusion matrices; no common 5 cm error summary was verified.,papers/23_Farooq_2019.md
23,https://doi.org/10.1126/science.aav0502,% Decoded,Not reported,not_reported,Supplementary Methods pp. 11-16; Figure S2,papers/23_Farooq_2019.md
23,https://doi.org/10.1126/science.aav0502,Spike sorting,Sorted,checked_paper,Supplementary Methods pp. 11-16; Figure S2,papers/23_Farooq_2019.md
23,https://doi.org/10.1126/science.aav0502,Time bin step (ms),#N/A,not_reported,Supplementary Methods pp. 11-16; Figure S2,papers/23_Farooq_2019.md
23,https://doi.org/10.1126/science.aav0502,Shuffle Method,Time-bin shuffle; rate-matched Poisson surrogate; circular space-bin shuffle (stationary frames),checked_paper,Supplementary Methods pp. 11-16; Figure S2,papers/23_Farooq_2019.md
23,https://doi.org/10.1126/science.aav0502,Shuffles (#),500,checked_paper,Supplementary Methods pp. 11-16; Figure S2,papers/23_Farooq_2019.md
23,https://doi.org/10.1126/science.aav0502,Sig. Thresh.,Sequential: >97.5th or <2.5th percentile; stationary: >95th,checked_paper,"Farooq 2019 Neuron Methods, PDF pp. 19-21; Science supplementary Methods, PDF pp. 14-16.",papers/23_Farooq_2019.md
23,https://doi.org/10.1126/science.aav0502,% Decoded denom.,#N/A,not_reported,Supplementary Methods pp. 11-16; Figure S2,papers/23_Farooq_2019.md
23,https://doi.org/10.1126/science.aav0502,Reconst. Error bin (ms),500,checked_paper,"Farooq 2019 Science supplementary Methods, Bayesian decoding during behavior, 500 ms.",papers/23_Farooq_2019.md
24,https://doi.org/10.1038/s41467-019-09280-0,First Author,Chenani,checked_metadata,Methods pp. 11-12,papers/24_Chenani_2019.md
24,https://doi.org/10.1038/s41467-019-09280-0,Last Author,Leibold,checked_metadata,Methods pp. 11-12,papers/24_Chenani_2019.md
24,https://doi.org/10.1038/s41467-019-09280-0,Year,2019,checked_metadata,Methods pp. 11-12,papers/24_Chenani_2019.md
24,https://doi.org/10.1038/s41467-019-09280-0,DOI,https://doi.org/10.1038/s41467-019-09280-0,checked_metadata,Methods pp. 11-12,papers/24_Chenani_2019.md
24,https://doi.org/10.1038/s41467-019-09280-0,Journal,Nature Communications,checked_metadata,Methods pp. 11-12,papers/24_Chenani_2019.md
24,https://doi.org/10.1038/s41467-019-09280-0,Species,Rats,checked_metadata,Methods pp. 11-12,papers/24_Chenani_2019.md
24,https://doi.org/10.1038/s41467-019-09280-0,Detection,MUA,checked_paper,Methods pp. 11-12,papers/24_Chenani_2019.md
24,https://doi.org/10.1038/s41467-019-09280-0,Detection Notes,"Place cell rate peak reached 3 SD, boundaries where it fell below 1 SD, and 5 or more active cells / Reward zones defined by visual judgment of the speed distribution / Ripple columns describe the separate HFE analysis: 100-250 Hz Hilbert amplitude, Gaussian SD 12 ms, peak 3 SD and bounds 1 SD, followed by spectral clustering. Sequence analysis uses MUA bursts.",reviewed_context,Methods pp. 11-12,papers/24_Chenani_2019.md
24,https://doi.org/10.1038/s41467-019-09280-0,MUA Z-score Thresh. (STD),3,checked_paper,Methods pp. 11-12,papers/24_Chenani_2019.md
24,https://doi.org/10.1038/s41467-019-09280-0,SWR Z-score Thresh. (STD),3,checked_paper,Methods pp. 11-12,papers/24_Chenani_2019.md
24,https://doi.org/10.1038/s41467-019-09280-0,Animal Speed (cm/s),#N/A,not_applicable,Methods pp. 11-12,papers/24_Chenani_2019.md
24,https://doi.org/10.1038/s41467-019-09280-0,MUA smooth (ms),30,checked_paper,Methods pp. 11-12,papers/24_Chenani_2019.md
24,https://doi.org/10.1038/s41467-019-09280-0,SWR smooth (ms),12,checked_paper,Methods pp. 11-12,papers/24_Chenani_2019.md
24,https://doi.org/10.1038/s41467-019-09280-0,Min. Cells (#),5,checked_paper,Methods pp. 11-12,papers/24_Chenani_2019.md
24,https://doi.org/10.1038/s41467-019-09280-0,SWR electrodes (#),#N/A,not_applicable,Methods pp. 11-12,papers/24_Chenani_2019.md
24,https://doi.org/10.1038/s41467-019-09280-0,SWR Low Band (Hz),100,checked_paper,Methods pp. 11-12,papers/24_Chenani_2019.md
24,https://doi.org/10.1038/s41467-019-09280-0,SWR High Band (Hz),250,checked_paper,Methods pp. 11-12,papers/24_Chenani_2019.md
24,https://doi.org/10.1038/s41467-019-09280-0,Min. Duration (ms),#N/A,not_applicable,Methods pp. 11-12,papers/24_Chenani_2019.md
24,https://doi.org/10.1038/s41467-019-09280-0,Max Duration (ms),#N/A,not_applicable,Methods pp. 11-12,papers/24_Chenani_2019.md
24,https://doi.org/10.1038/s41467-019-09280-0,Combine Events Thresh. (ms),#N/A,not_applicable,Methods pp. 11-12,papers/24_Chenani_2019.md
24,https://doi.org/10.1038/s41467-019-09280-0,Decoding,Rank order correlation,checked_paper,Methods pp. 11-12,papers/24_Chenani_2019.md
24,https://doi.org/10.1038/s41467-019-09280-0,Time bin (ms),#N/A,not_applicable,Methods pp. 11-12,papers/24_Chenani_2019.md
24,https://doi.org/10.1038/s41467-019-09280-0,Position bin (cm),#N/A,not_applicable,Methods pp. 11-12,papers/24_Chenani_2019.md
24,https://doi.org/10.1038/s41467-019-09280-0,Place field smooth (cm),#N/A,not_applicable,Methods pp. 11-12,papers/24_Chenani_2019.md
24,https://doi.org/10.1038/s41467-019-09280-0,Trajectory,#N/A,not_applicable,Methods pp. 11-12,papers/24_Chenani_2019.md
24,https://doi.org/10.1038/s41467-019-09280-0,Decoding notes,,not_applicable,Methods pp. 11-12,papers/24_Chenani_2019.md
24,https://doi.org/10.1038/s41467-019-09280-0,Reconst. Error (cm),#N/A,not_applicable,Methods pp. 11-12,papers/24_Chenani_2019.md
24,https://doi.org/10.1038/s41467-019-09280-0,% Decoded,#N/A,not_applicable,Methods pp. 11-12,papers/24_Chenani_2019.md
24,https://doi.org/10.1038/s41467-019-09280-0,Spike sorting,Sorted,checked_paper,Methods pp. 11-12,papers/24_Chenani_2019.md
24,https://doi.org/10.1038/s41467-019-09280-0,Time bin step (ms),#N/A,not_applicable,Methods pp. 11-12,papers/24_Chenani_2019.md
24,https://doi.org/10.1038/s41467-019-09280-0,Shuffle Method,Cell-ID shuffle,checked_paper,Methods pp. 11-12,papers/24_Chenani_2019.md
24,https://doi.org/10.1038/s41467-019-09280-0,Shuffles (#),100,checked_paper,Methods pp. 11-12,papers/24_Chenani_2019.md
24,https://doi.org/10.1038/s41467-019-09280-0,Sig. Thresh.,95th percentile,checked_paper,Methods pp. 11-12,papers/24_Chenani_2019.md
24,https://doi.org/10.1038/s41467-019-09280-0,% Decoded denom.,#N/A,not_applicable,Methods pp. 11-12,papers/24_Chenani_2019.md
24,https://doi.org/10.1038/s41467-019-09280-0,Reconst. Error bin (ms),#N/A,not_applicable,Methods pp. 11-12,papers/24_Chenani_2019.md
25,https://doi.org/10.1016/j.cub.2019.03.048,First Author,Michon,checked_metadata,Methods pp. 13-15,papers/25_Michon_2019.md
25,https://doi.org/10.1016/j.cub.2019.03.048,Last Author,Kloosterman,checked_metadata,Methods pp. 13-15,papers/25_Michon_2019.md
25,https://doi.org/10.1016/j.cub.2019.03.048,Year,2019,checked_metadata,Methods pp. 13-15,papers/25_Michon_2019.md
25,https://doi.org/10.1016/j.cub.2019.03.048,DOI,https://doi.org/10.1016/j.cub.2019.03.048,checked_metadata,Methods pp. 13-15,papers/25_Michon_2019.md
25,https://doi.org/10.1016/j.cub.2019.03.048,Journal,Current Biology,checked_metadata,Methods pp. 13-15,papers/25_Michon_2019.md
25,https://doi.org/10.1016/j.cub.2019.03.048,Species,Rats,checked_metadata,Methods pp. 13-15,papers/25_Michon_2019.md
25,https://doi.org/10.1016/j.cub.2019.03.048,Detection,"SWR, MUA",checked_paper,Methods pp. 13-15,papers/25_Michon_2019.md
25,https://doi.org/10.1016/j.cub.2019.03.048,Detection Notes,MUA burst overlapping a ripple event,reviewed_context,Methods pp. 13-15,papers/25_Michon_2019.md
25,https://doi.org/10.1016/j.cub.2019.03.048,MUA Z-score Thresh. (STD),4,checked_paper,Methods pp. 13-15,papers/25_Michon_2019.md
25,https://doi.org/10.1016/j.cub.2019.03.048,SWR Z-score Thresh. (STD),8,checked_paper,Methods pp. 13-15,papers/25_Michon_2019.md
25,https://doi.org/10.1016/j.cub.2019.03.048,Animal Speed (cm/s),5,checked_paper,Methods pp. 13-15,papers/25_Michon_2019.md
25,https://doi.org/10.1016/j.cub.2019.03.048,MUA smooth (ms),15,checked_paper,Methods pp. 13-15,papers/25_Michon_2019.md
25,https://doi.org/10.1016/j.cub.2019.03.048,SWR smooth (ms),15,checked_paper,Methods pp. 13-15,papers/25_Michon_2019.md
25,https://doi.org/10.1016/j.cub.2019.03.048,Min. Cells (#),#N/A,not_applicable,Methods pp. 13-15,papers/25_Michon_2019.md
25,https://doi.org/10.1016/j.cub.2019.03.048,SWR electrodes (#),1-3,checked_paper,Methods pp. 13-15,papers/25_Michon_2019.md
25,https://doi.org/10.1016/j.cub.2019.03.048,SWR Low Band (Hz),140,checked_paper,Methods pp. 13-15,papers/25_Michon_2019.md
25,https://doi.org/10.1016/j.cub.2019.03.048,SWR High Band (Hz),225,checked_paper,Methods pp. 13-15,papers/25_Michon_2019.md
25,https://doi.org/10.1016/j.cub.2019.03.048,Min. Duration (ms),80,checked_paper,Methods pp. 13-15,papers/25_Michon_2019.md
25,https://doi.org/10.1016/j.cub.2019.03.048,Max Duration (ms),#N/A,not_applicable,Methods pp. 13-15,papers/25_Michon_2019.md
25,https://doi.org/10.1016/j.cub.2019.03.048,Combine Events Thresh. (ms),20,checked_paper,Methods pp. 13-15,papers/25_Michon_2019.md
25,https://doi.org/10.1016/j.cub.2019.03.048,Decoding,Bayes,checked_paper,Methods pp. 13-15,papers/25_Michon_2019.md
25,https://doi.org/10.1016/j.cub.2019.03.048,Time bin (ms),10,checked_paper,Methods pp. 13-15,papers/25_Michon_2019.md
25,https://doi.org/10.1016/j.cub.2019.03.048,Position bin (cm),4,checked_paper,Methods pp. 13-15,papers/25_Michon_2019.md
25,https://doi.org/10.1016/j.cub.2019.03.048,Place field smooth (cm),5,checked_paper,Methods pp. 13-15,papers/25_Michon_2019.md
25,https://doi.org/10.1016/j.cub.2019.03.048,Trajectory,Weighted isotonic regression,checked_paper,Methods pp. 13-15,papers/25_Michon_2019.md
25,https://doi.org/10.1016/j.cub.2019.03.048,Decoding notes,Real-time,reviewed_context,Methods pp. 13-15,papers/25_Michon_2019.md
25,https://doi.org/10.1016/j.cub.2019.03.048,Reconst. Error (cm),Not reported,not_reported,Methods pp. 13-15,papers/25_Michon_2019.md
25,https://doi.org/10.1016/j.cub.2019.03.048,% Decoded,3.2-15.5%,checked_paper,Methods pp. 13-15,papers/25_Michon_2019.md
25,https://doi.org/10.1016/j.cub.2019.03.048,Spike sorting,Clusterless,checked_paper,Methods pp. 13-15,papers/25_Michon_2019.md
25,https://doi.org/10.1016/j.cub.2019.03.048,Time bin step (ms),10,checked_paper,Methods pp. 13-15,papers/25_Michon_2019.md
25,https://doi.org/10.1016/j.cub.2019.03.048,Shuffle Method,Pooled cross-event shuffle,checked_paper,Methods pp. 13-15,papers/25_Michon_2019.md
25,https://doi.org/10.1016/j.cub.2019.03.048,Shuffles (#),500,checked_paper,Methods pp. 13-15,papers/25_Michon_2019.md
25,https://doi.org/10.1016/j.cub.2019.03.048,Sig. Thresh.,alpha=0.01,checked_paper,Methods pp. 13-15,papers/25_Michon_2019.md
25,https://doi.org/10.1016/j.cub.2019.03.048,% Decoded denom.,SWR bursts,checked_paper,Methods pp. 13-15,papers/25_Michon_2019.md
25,https://doi.org/10.1016/j.cub.2019.03.048,Reconst. Error bin (ms),100,checked_paper,"Michon 2019 Methods, PDF p. 14: held-out behavioral decoding with 100 ms bins.",papers/25_Michon_2019.md
26,https://doi.org/10.1002/hipo.23034,First Author,Liu,checked_metadata,"Methods, sequence analysis",papers/26_Liu_2019.md
26,https://doi.org/10.1002/hipo.23034,Last Author,Dragoi,checked_metadata,"Methods, sequence analysis",papers/26_Liu_2019.md
26,https://doi.org/10.1002/hipo.23034,Year,2019,checked_metadata,"Methods, sequence analysis",papers/26_Liu_2019.md
26,https://doi.org/10.1002/hipo.23034,DOI,https://doi.org/10.1002/hipo.23034,checked_metadata,"Methods, sequence analysis",papers/26_Liu_2019.md
26,https://doi.org/10.1002/hipo.23034,Journal,Hippocampus,checked_metadata,"Methods, sequence analysis",papers/26_Liu_2019.md
26,https://doi.org/10.1002/hipo.23034,Species,Rats,checked_metadata,"Methods, sequence analysis",papers/26_Liu_2019.md
26,https://doi.org/10.1002/hipo.23034,Detection,MUA,checked_paper,"Methods, sequence analysis",papers/26_Liu_2019.md
26,https://doi.org/10.1002/hipo.23034,Detection Notes,MUA / preceded and followed by 100 ms of silence / theta/delta ratio / SWR control / awake rest frames use < 2 cm/s,reviewed_context,"Methods, sequence analysis",papers/26_Liu_2019.md
26,https://doi.org/10.1002/hipo.23034,MUA Z-score Thresh. (STD),#N/A,not_applicable,"Methods, sequence analysis",papers/26_Liu_2019.md
26,https://doi.org/10.1002/hipo.23034,SWR Z-score Thresh. (STD),#N/A,not_applicable,"Methods, sequence analysis",papers/26_Liu_2019.md
26,https://doi.org/10.1002/hipo.23034,Animal Speed (cm/s),1,checked_paper,"Methods, sequence analysis",papers/26_Liu_2019.md
26,https://doi.org/10.1002/hipo.23034,MUA smooth (ms),#N/A,not_applicable,"Methods, sequence analysis",papers/26_Liu_2019.md
26,https://doi.org/10.1002/hipo.23034,SWR smooth (ms),#N/A,not_applicable,"Methods, sequence analysis",papers/26_Liu_2019.md
26,https://doi.org/10.1002/hipo.23034,Min. Cells (#),4,checked_paper,"Methods, sequence analysis",papers/26_Liu_2019.md
26,https://doi.org/10.1002/hipo.23034,SWR electrodes (#),#N/A,not_applicable,"Methods, sequence analysis",papers/26_Liu_2019.md
26,https://doi.org/10.1002/hipo.23034,SWR Low Band (Hz),#N/A,not_applicable,"Methods, sequence analysis",papers/26_Liu_2019.md
26,https://doi.org/10.1002/hipo.23034,SWR High Band (Hz),#N/A,not_applicable,"Methods, sequence analysis",papers/26_Liu_2019.md
26,https://doi.org/10.1002/hipo.23034,Min. Duration (ms),80,checked_paper,"Methods, sequence analysis",papers/26_Liu_2019.md
26,https://doi.org/10.1002/hipo.23034,Max Duration (ms),1200,checked_paper,"Methods, sequence analysis",papers/26_Liu_2019.md
26,https://doi.org/10.1002/hipo.23034,Combine Events Thresh. (ms),#N/A,not_applicable,"Methods, sequence analysis",papers/26_Liu_2019.md
26,https://doi.org/10.1002/hipo.23034,Decoding,Rank order correlation,checked_paper,"Methods, sequence analysis",papers/26_Liu_2019.md
26,https://doi.org/10.1002/hipo.23034,Time bin (ms),#N/A,not_applicable,"Methods, sequence analysis",papers/26_Liu_2019.md
26,https://doi.org/10.1002/hipo.23034,Position bin (cm),#N/A,not_applicable,"Methods, sequence analysis",papers/26_Liu_2019.md
26,https://doi.org/10.1002/hipo.23034,Place field smooth (cm),#N/A,not_applicable,"Methods, sequence analysis",papers/26_Liu_2019.md
26,https://doi.org/10.1002/hipo.23034,Trajectory,#N/A,not_applicable,"Methods, sequence analysis",papers/26_Liu_2019.md
26,https://doi.org/10.1002/hipo.23034,Decoding notes,,not_applicable,"Methods, sequence analysis",papers/26_Liu_2019.md
26,https://doi.org/10.1002/hipo.23034,Reconst. Error (cm),#N/A,not_applicable,"Methods, sequence analysis",papers/26_Liu_2019.md
26,https://doi.org/10.1002/hipo.23034,% Decoded,#N/A,not_applicable,"Methods, sequence analysis",papers/26_Liu_2019.md
26,https://doi.org/10.1002/hipo.23034,Spike sorting,Sorted,checked_paper,"Methods, sequence analysis",papers/26_Liu_2019.md
26,https://doi.org/10.1002/hipo.23034,Time bin step (ms),#N/A,not_applicable,"Methods, sequence analysis",papers/26_Liu_2019.md
26,https://doi.org/10.1002/hipo.23034,Shuffle Method,Cell-ID shuffle,checked_paper,"Methods, sequence analysis",papers/26_Liu_2019.md
26,https://doi.org/10.1002/hipo.23034,Shuffles (#),1000,checked_paper,"Methods, sequence analysis",papers/26_Liu_2019.md
26,https://doi.org/10.1002/hipo.23034,Sig. Thresh.,#N/A,not_applicable,"Methods, sequence analysis",papers/26_Liu_2019.md
26,https://doi.org/10.1002/hipo.23034,% Decoded denom.,#N/A,not_applicable,"Methods, sequence analysis",papers/26_Liu_2019.md
26,https://doi.org/10.1002/hipo.23034,Reconst. Error bin (ms),#N/A,not_applicable,"Methods, sequence analysis",papers/26_Liu_2019.md
27,https://doi.org/10.1016/j.neuron.2019.09.012,First Author,Shin,checked_metadata,Methods; Results p. 3; Figure S5E,papers/27_Shin_2019.md
27,https://doi.org/10.1016/j.neuron.2019.09.012,Last Author,Jadhav,checked_metadata,Methods; Results p. 3; Figure S5E,papers/27_Shin_2019.md
27,https://doi.org/10.1016/j.neuron.2019.09.012,Year,2019,checked_metadata,Methods; Results p. 3; Figure S5E,papers/27_Shin_2019.md
27,https://doi.org/10.1016/j.neuron.2019.09.012,DOI,https://doi.org/10.1016/j.neuron.2019.09.012,checked_metadata,Methods; Results p. 3; Figure S5E,papers/27_Shin_2019.md
27,https://doi.org/10.1016/j.neuron.2019.09.012,Journal,Neuron,checked_metadata,Methods; Results p. 3; Figure S5E,papers/27_Shin_2019.md
27,https://doi.org/10.1016/j.neuron.2019.09.012,Species,Rats,checked_metadata,Methods; Results p. 3; Figure S5E,papers/27_Shin_2019.md
27,https://doi.org/10.1016/j.neuron.2019.09.012,Detection,SWR,checked_paper,Methods; Results p. 3; Figure S5E,papers/27_Shin_2019.md
27,https://doi.org/10.1016/j.neuron.2019.09.012,Detection Notes,SWR,reviewed_context,Methods; Results p. 3; Figure S5E,papers/27_Shin_2019.md
27,https://doi.org/10.1016/j.neuron.2019.09.012,MUA Z-score Thresh. (STD),#N/A,not_applicable,Methods; Results p. 3; Figure S5E,papers/27_Shin_2019.md
27,https://doi.org/10.1016/j.neuron.2019.09.012,SWR Z-score Thresh. (STD),3,checked_paper,Methods; Results p. 3; Figure S5E,papers/27_Shin_2019.md
27,https://doi.org/10.1016/j.neuron.2019.09.012,Animal Speed (cm/s),4,checked_paper,Methods; Results p. 3; Figure S5E,papers/27_Shin_2019.md
27,https://doi.org/10.1016/j.neuron.2019.09.012,MUA smooth (ms),#N/A,not_applicable,Methods; Results p. 3; Figure S5E,papers/27_Shin_2019.md
27,https://doi.org/10.1016/j.neuron.2019.09.012,SWR smooth (ms),#N/A,not_applicable,Methods; Results p. 3; Figure S5E,papers/27_Shin_2019.md
27,https://doi.org/10.1016/j.neuron.2019.09.012,Min. Cells (#),5,checked_paper,Methods; Results p. 3; Figure S5E,papers/27_Shin_2019.md
27,https://doi.org/10.1016/j.neuron.2019.09.012,SWR electrodes (#),>1,checked_paper,Methods; Results p. 3; Figure S5E,papers/27_Shin_2019.md
27,https://doi.org/10.1016/j.neuron.2019.09.012,SWR Low Band (Hz),150,checked_paper,Methods; Results p. 3; Figure S5E,papers/27_Shin_2019.md
27,https://doi.org/10.1016/j.neuron.2019.09.012,SWR High Band (Hz),250,checked_paper,Methods; Results p. 3; Figure S5E,papers/27_Shin_2019.md
27,https://doi.org/10.1016/j.neuron.2019.09.012,Min. Duration (ms),50,checked_paper,Methods; Results p. 3; Figure S5E,papers/27_Shin_2019.md
27,https://doi.org/10.1016/j.neuron.2019.09.012,Max Duration (ms),#N/A,not_applicable,Methods; Results p. 3; Figure S5E,papers/27_Shin_2019.md
27,https://doi.org/10.1016/j.neuron.2019.09.012,Combine Events Thresh. (ms),#N/A,not_applicable,Methods; Results p. 3; Figure S5E,papers/27_Shin_2019.md
27,https://doi.org/10.1016/j.neuron.2019.09.012,Decoding,Bayes,checked_paper,Methods; Results p. 3; Figure S5E,papers/27_Shin_2019.md
27,https://doi.org/10.1016/j.neuron.2019.09.012,Time bin (ms),10,checked_paper,Methods; Results p. 3; Figure S5E,papers/27_Shin_2019.md
27,https://doi.org/10.1016/j.neuron.2019.09.012,Position bin (cm),2,checked_paper,Methods; Results p. 3; Figure S5E,papers/27_Shin_2019.md
27,https://doi.org/10.1016/j.neuron.2019.09.012,Place field smooth (cm),4,checked_paper,Methods; Results p. 3; Figure S5E,papers/27_Shin_2019.md
27,https://doi.org/10.1016/j.neuron.2019.09.012,Trajectory,Linear regression,checked_paper,Methods; Results p. 3; Figure S5E,papers/27_Shin_2019.md
27,https://doi.org/10.1016/j.neuron.2019.09.012,Decoding notes, / The approximate 40% replay fraction summarizes the session means in Figure S5E; individual animals and sessions vary.,reviewed_context,"Shin 2019 Figure S5E, PDF p. 35, visually checked.",papers/27_Shin_2019.md
27,https://doi.org/10.1016/j.neuron.2019.09.012,Reconst. Error (cm),3.81 cm,checked_paper,Methods; Results p. 3; Figure S5E,papers/27_Shin_2019.md
27,https://doi.org/10.1016/j.neuron.2019.09.012,% Decoded,~40%,derived,Methods; Results p. 3; Figure S5E,papers/27_Shin_2019.md
27,https://doi.org/10.1016/j.neuron.2019.09.012,Spike sorting,Sorted,checked_paper,Methods; Results p. 3; Figure S5E,papers/27_Shin_2019.md
27,https://doi.org/10.1016/j.neuron.2019.09.012,Time bin step (ms),10,checked_paper,Methods; Results p. 3; Figure S5E,papers/27_Shin_2019.md
27,https://doi.org/10.1016/j.neuron.2019.09.012,Shuffle Method,Time-bin shuffle,checked_paper,Methods; Results p. 3; Figure S5E,papers/27_Shin_2019.md
27,https://doi.org/10.1016/j.neuron.2019.09.012,Shuffles (#),1500,checked_paper,Methods; Results p. 3; Figure S5E,papers/27_Shin_2019.md
27,https://doi.org/10.1016/j.neuron.2019.09.012,Sig. Thresh.,p<0.05,checked_paper,Methods; Results p. 3; Figure S5E,papers/27_Shin_2019.md
27,https://doi.org/10.1016/j.neuron.2019.09.012,% Decoded denom.,candidate events,checked_paper,Methods; Results p. 3; Figure S5E,papers/27_Shin_2019.md
27,https://doi.org/10.1016/j.neuron.2019.09.012,Reconst. Error bin (ms),500,checked_paper,Methods; Results p. 3; Figure S5E,papers/27_Shin_2019.md
28,https://doi.org/10.1038/s41593-019-0464-6,First Author,Carey,checked_metadata,Methods pp. 11-12; published candidate MAT and original toolbox,papers/28_Carey_2019.md
28,https://doi.org/10.1038/s41593-019-0464-6,Last Author,van der Meer,checked_metadata,Methods pp. 11-12; published candidate MAT and original toolbox,papers/28_Carey_2019.md
28,https://doi.org/10.1038/s41593-019-0464-6,Year,2019,checked_metadata,Methods pp. 11-12; published candidate MAT and original toolbox,papers/28_Carey_2019.md
28,https://doi.org/10.1038/s41593-019-0464-6,DOI,https://doi.org/10.1038/s41593-019-0464-6,checked_metadata,Methods pp. 11-12; published candidate MAT and original toolbox,papers/28_Carey_2019.md
28,https://doi.org/10.1038/s41593-019-0464-6,Journal,Nature Neuroscience,checked_metadata,Methods pp. 11-12; published candidate MAT and original toolbox,papers/28_Carey_2019.md
28,https://doi.org/10.1038/s41593-019-0464-6,Species,Rats,checked_metadata,Methods pp. 11-12; published candidate MAT and original toolbox,papers/28_Carey_2019.md
28,https://doi.org/10.1038/s41593-019-0464-6,Detection,"SWR, MUA",checked_paper,Methods pp. 11-12; published candidate MAT and original toolbox,papers/28_Carey_2019.md
28,https://doi.org/10.1038/s41593-019-0464-6,Detection Notes,MUA and SWR / Adaptive thresholding of MUA / LFP score is the dot product with a noise-corrected SWR spectrum (60 ms window) / joint score thresholded at 4 / theta power no more than 2 SD above the mean,reviewed_context,Methods pp. 11-12; published candidate MAT and original toolbox,papers/28_Carey_2019.md
28,https://doi.org/10.1038/s41593-019-0464-6,MUA Z-score Thresh. (STD),#N/A,not_applicable,Methods pp. 11-12; published candidate MAT and original toolbox,papers/28_Carey_2019.md
28,https://doi.org/10.1038/s41593-019-0464-6,SWR Z-score Thresh. (STD),#N/A,not_applicable,Methods pp. 11-12; published candidate MAT and original toolbox,papers/28_Carey_2019.md
28,https://doi.org/10.1038/s41593-019-0464-6,Animal Speed (cm/s),4,checked_paper,Methods pp. 11-12; published candidate MAT and original toolbox,papers/28_Carey_2019.md
28,https://doi.org/10.1038/s41593-019-0464-6,MUA smooth (ms),20,checked_code,Methods pp. 11-12; published candidate MAT and original toolbox,papers/28_Carey_2019.md
28,https://doi.org/10.1038/s41593-019-0464-6,SWR smooth (ms),60,checked_paper,Methods pp. 11-12; published candidate MAT and original toolbox,papers/28_Carey_2019.md
28,https://doi.org/10.1038/s41593-019-0464-6,Min. Cells (#),5,checked_code,Methods pp. 11-12; published candidate MAT and original toolbox,papers/28_Carey_2019.md
28,https://doi.org/10.1038/s41593-019-0464-6,SWR electrodes (#),1,checked_paper,Methods pp. 11-12; published candidate MAT and original toolbox,papers/28_Carey_2019.md
28,https://doi.org/10.1038/s41593-019-0464-6,SWR Low Band (Hz),Not reported,not_reported,Methods pp. 11-12; published candidate MAT and original toolbox,papers/28_Carey_2019.md
28,https://doi.org/10.1038/s41593-019-0464-6,SWR High Band (Hz),Not reported,not_reported,Methods pp. 11-12; published candidate MAT and original toolbox,papers/28_Carey_2019.md
28,https://doi.org/10.1038/s41593-019-0464-6,Min. Duration (ms),20,checked_code,Methods pp. 11-12; published candidate MAT and original toolbox,papers/28_Carey_2019.md
28,https://doi.org/10.1038/s41593-019-0464-6,Max Duration (ms),#N/A,not_applicable,Methods pp. 11-12; published candidate MAT and original toolbox,papers/28_Carey_2019.md
28,https://doi.org/10.1038/s41593-019-0464-6,Combine Events Thresh. (ms),#N/A,not_applicable,Methods pp. 11-12; published candidate MAT and original toolbox,papers/28_Carey_2019.md
28,https://doi.org/10.1038/s41593-019-0464-6,Decoding,Bayes,checked_paper,Methods pp. 11-12; published candidate MAT and original toolbox,papers/28_Carey_2019.md
28,https://doi.org/10.1038/s41593-019-0464-6,Time bin (ms),25,checked_paper,Methods pp. 11-12; published candidate MAT and original toolbox,papers/28_Carey_2019.md
28,https://doi.org/10.1038/s41593-019-0464-6,Position bin (cm),3,checked_paper,Methods pp. 11-12; published candidate MAT and original toolbox,papers/28_Carey_2019.md
28,https://doi.org/10.1038/s41593-019-0464-6,Place field smooth (cm),3,checked_paper,Methods pp. 11-12; published candidate MAT and original toolbox,papers/28_Carey_2019.md
28,https://doi.org/10.1038/s41593-019-0464-6,Trajectory,MAP,checked_paper,Methods pp. 11-12; published candidate MAT and original toolbox,papers/28_Carey_2019.md
28,https://doi.org/10.1038/s41593-019-0464-6,Decoding notes,,not_applicable,Methods pp. 11-12; published candidate MAT and original toolbox,papers/28_Carey_2019.md
28,https://doi.org/10.1038/s41593-019-0464-6,Reconst. Error (cm),Not reported,not_reported,Methods pp. 11-12; published candidate MAT and original toolbox,papers/28_Carey_2019.md
28,https://doi.org/10.1038/s41593-019-0464-6,% Decoded,Not reported,not_reported,Methods pp. 11-12; published candidate MAT and original toolbox,papers/28_Carey_2019.md
28,https://doi.org/10.1038/s41593-019-0464-6,Spike sorting,Sorted,checked_paper,Methods pp. 11-12; published candidate MAT and original toolbox,papers/28_Carey_2019.md
28,https://doi.org/10.1038/s41593-019-0464-6,Time bin step (ms),5,checked_paper,Methods pp. 11-12; published candidate MAT and original toolbox,papers/28_Carey_2019.md
28,https://doi.org/10.1038/s41593-019-0464-6,Shuffle Method,Cell-ID shuffle,checked_paper,Methods pp. 11-12; published candidate MAT and original toolbox,papers/28_Carey_2019.md
28,https://doi.org/10.1038/s41593-019-0464-6,Shuffles (#),500,checked_paper,Methods pp. 11-12; published candidate MAT and original toolbox,papers/28_Carey_2019.md
28,https://doi.org/10.1038/s41593-019-0464-6,Sig. Thresh.,shuffle-sequence proportion <=0.05,checked_paper,Methods pp. 11-12; published candidate MAT and original toolbox,papers/28_Carey_2019.md
28,https://doi.org/10.1038/s41593-019-0464-6,% Decoded denom.,#N/A,not_reported,Methods pp. 11-12; published candidate MAT and original toolbox,papers/28_Carey_2019.md
28,https://doi.org/10.1038/s41593-019-0464-6,Reconst. Error bin (ms),#N/A,not_reported,Methods pp. 11-12; published candidate MAT and original toolbox,papers/28_Carey_2019.md
29,https://doi.org/10.1016/j.cub.2019.01.005,First Author,Muessig,checked_metadata,Methods pp. 11-12,papers/29_Muessig_2019.md
29,https://doi.org/10.1016/j.cub.2019.01.005,Last Author,Wills,checked_metadata,Methods pp. 11-12,papers/29_Muessig_2019.md
29,https://doi.org/10.1016/j.cub.2019.01.005,Year,2019,checked_metadata,Methods pp. 11-12,papers/29_Muessig_2019.md
29,https://doi.org/10.1016/j.cub.2019.01.005,DOI,https://doi.org/10.1016/j.cub.2019.01.005,checked_metadata,Methods pp. 11-12,papers/29_Muessig_2019.md
29,https://doi.org/10.1016/j.cub.2019.01.005,Journal,Current Biology,checked_metadata,Methods pp. 11-12,papers/29_Muessig_2019.md
29,https://doi.org/10.1016/j.cub.2019.01.005,Species,Rats,checked_metadata,Methods pp. 11-12,papers/29_Muessig_2019.md
29,https://doi.org/10.1016/j.cub.2019.01.005,Detection,"SWR, MUA",checked_paper,Methods pp. 11-12,papers/29_Muessig_2019.md
29,https://doi.org/10.1016/j.cub.2019.01.005,Detection Notes,"MUA and SWR / MUA bursts kept only if they overlap an SWR / theta/delta ratio / SWR threshold is the 99th percentile of RMS power (about 4 SD per the authors) / SWR = fixed 100 ms window around the peak, single highest-SD tetrode / RUN-trial events use < 1 cm/s",reviewed_context,Methods pp. 11-12 O'Neill 2008 combined article/supplement p. 13 directly read from Oxford author copy; does not specify Muessig's peak-centered spectral bandwidth.,papers/29_Muessig_2019.md
29,https://doi.org/10.1016/j.cub.2019.01.005,MUA Z-score Thresh. (STD),3,checked_paper,Methods pp. 11-12,papers/29_Muessig_2019.md
29,https://doi.org/10.1016/j.cub.2019.01.005,SWR Z-score Thresh. (STD),4,checked_paper,Methods pp. 11-12,papers/29_Muessig_2019.md
29,https://doi.org/10.1016/j.cub.2019.01.005,Animal Speed (cm/s),2.5,checked_paper,Methods pp. 11-12,papers/29_Muessig_2019.md
29,https://doi.org/10.1016/j.cub.2019.01.005,MUA smooth (ms),10,checked_paper,Methods pp. 11-12,papers/29_Muessig_2019.md
29,https://doi.org/10.1016/j.cub.2019.01.005,SWR smooth (ms),7,checked_paper,Methods pp. 11-12,papers/29_Muessig_2019.md
29,https://doi.org/10.1016/j.cub.2019.01.005,Min. Cells (#),#N/A,not_applicable,Methods pp. 11-12,papers/29_Muessig_2019.md
29,https://doi.org/10.1016/j.cub.2019.01.005,SWR electrodes (#),1,checked_paper,Methods pp. 11-12,papers/29_Muessig_2019.md
29,https://doi.org/10.1016/j.cub.2019.01.005,SWR Low Band (Hz),100,checked_paper,Methods pp. 11-12,papers/29_Muessig_2019.md
29,https://doi.org/10.1016/j.cub.2019.01.005,SWR High Band (Hz),250,checked_paper,Methods pp. 11-12,papers/29_Muessig_2019.md
29,https://doi.org/10.1016/j.cub.2019.01.005,Min. Duration (ms),100,checked_paper,Methods pp. 11-12,papers/29_Muessig_2019.md
29,https://doi.org/10.1016/j.cub.2019.01.005,Max Duration (ms),750,checked_paper,Methods pp. 11-12,papers/29_Muessig_2019.md
29,https://doi.org/10.1016/j.cub.2019.01.005,Combine Events Thresh. (ms),#N/A,not_applicable,Methods pp. 11-12,papers/29_Muessig_2019.md
29,https://doi.org/10.1016/j.cub.2019.01.005,Decoding,Bayes,checked_paper,Methods pp. 11-12,papers/29_Muessig_2019.md
29,https://doi.org/10.1016/j.cub.2019.01.005,Time bin (ms),20,checked_paper,Methods pp. 11-12,papers/29_Muessig_2019.md
29,https://doi.org/10.1016/j.cub.2019.01.005,Position bin (cm),2.5,checked_paper,Methods pp. 11-12,papers/29_Muessig_2019.md
29,https://doi.org/10.1016/j.cub.2019.01.005,Place field smooth (cm),5,checked_paper,Methods pp. 11-12,papers/29_Muessig_2019.md
29,https://doi.org/10.1016/j.cub.2019.01.005,Trajectory,Radon transform,checked_paper,Methods pp. 11-12,papers/29_Muessig_2019.md
29,https://doi.org/10.1016/j.cub.2019.01.005,Decoding notes," / The <10 cm median reconstruction error is an ensemble-inclusion criterion, not the mean error achieved across all ensembles.",reviewed_context,"Muessig 2019 Methods, PDF p. 11: ensemble inclusion requires median behavioral decoding error <10 cm in 300 ms windows.",papers/29_Muessig_2019.md
29,https://doi.org/10.1016/j.cub.2019.01.005,Reconst. Error (cm),<10 cm median,checked_paper,Methods pp. 11-12,papers/29_Muessig_2019.md
29,https://doi.org/10.1016/j.cub.2019.01.005,% Decoded,Not reported,not_reported,Methods pp. 11-12,papers/29_Muessig_2019.md
29,https://doi.org/10.1016/j.cub.2019.01.005,Spike sorting,Sorted,checked_paper,Methods pp. 11-12,papers/29_Muessig_2019.md
29,https://doi.org/10.1016/j.cub.2019.01.005,Time bin step (ms),10,checked_paper,Methods pp. 11-12,papers/29_Muessig_2019.md
29,https://doi.org/10.1016/j.cub.2019.01.005,Shuffle Method,Cell-ID shuffle; map shuffle,checked_paper,Methods pp. 11-12,papers/29_Muessig_2019.md
29,https://doi.org/10.1016/j.cub.2019.01.005,Shuffles (#),500,checked_paper,Methods pp. 11-12,papers/29_Muessig_2019.md
29,https://doi.org/10.1016/j.cub.2019.01.005,Sig. Thresh.,95th percentile,checked_paper,Methods pp. 11-12,papers/29_Muessig_2019.md
29,https://doi.org/10.1016/j.cub.2019.01.005,% Decoded denom.,#N/A,not_reported,Methods pp. 11-12,papers/29_Muessig_2019.md
29,https://doi.org/10.1016/j.cub.2019.01.005,Reconst. Error bin (ms),300,checked_paper,Methods pp. 11-12,papers/29_Muessig_2019.md
30,https://doi.org/10.1126/science.aat2952,First Author,Drieu,checked_metadata,Author PDF including supplement pp. 10-14,papers/30_Drieu_2018.md
30,https://doi.org/10.1126/science.aat2952,Last Author,Zugaro,checked_metadata,Author PDF including supplement pp. 10-14,papers/30_Drieu_2018.md
30,https://doi.org/10.1126/science.aat2952,Year,2018,checked_metadata,Author PDF including supplement pp. 10-14,papers/30_Drieu_2018.md
30,https://doi.org/10.1126/science.aat2952,DOI,https://doi.org/10.1126/science.aat2952,checked_metadata,Author PDF including supplement pp. 10-14,papers/30_Drieu_2018.md
30,https://doi.org/10.1126/science.aat2952,Journal,Science,checked_metadata,Author PDF including supplement pp. 10-14,papers/30_Drieu_2018.md
30,https://doi.org/10.1126/science.aat2952,Species,Rats,checked_metadata,Author PDF including supplement pp. 10-14,papers/30_Drieu_2018.md
30,https://doi.org/10.1126/science.aat2952,Detection,MUA,checked_paper,Author PDF including supplement pp. 10-14,papers/30_Drieu_2018.md
30,https://doi.org/10.1126/science.aat2952,Detection Notes,"MUA / theta/delta ratio / Secondary ripple analysis averages pyramidal-layer channels, uses 100-250 Hz minus 300-500 Hz contamination, peak 3 SD and bounds 1 SD, and keeps durations >20 and <110 ms. Main duration columns describe MUA replay candidates.",reviewed_context,Author PDF including supplement pp. 10-14,papers/30_Drieu_2018.md
30,https://doi.org/10.1126/science.aat2952,MUA Z-score Thresh. (STD),3,checked_paper,Author PDF including supplement pp. 10-14,papers/30_Drieu_2018.md
30,https://doi.org/10.1126/science.aat2952,SWR Z-score Thresh. (STD),3,checked_paper,Author PDF including supplement pp. 10-14,papers/30_Drieu_2018.md
30,https://doi.org/10.1126/science.aat2952,Animal Speed (cm/s),#N/A,not_applicable,Author PDF including supplement pp. 10-14,papers/30_Drieu_2018.md
30,https://doi.org/10.1126/science.aat2952,MUA smooth (ms),10,checked_paper,Author PDF including supplement pp. 10-14,papers/30_Drieu_2018.md
30,https://doi.org/10.1126/science.aat2952,SWR smooth (ms),#N/A,not_applicable,Author PDF including supplement pp. 10-14,papers/30_Drieu_2018.md
30,https://doi.org/10.1126/science.aat2952,Min. Cells (#),3,checked_paper,Author PDF including supplement pp. 10-14,papers/30_Drieu_2018.md
30,https://doi.org/10.1126/science.aat2952,SWR electrodes (#),>1,checked_paper,Author PDF including supplement pp. 10-14,papers/30_Drieu_2018.md
30,https://doi.org/10.1126/science.aat2952,SWR Low Band (Hz),100,checked_paper,Author PDF including supplement pp. 10-14,papers/30_Drieu_2018.md
30,https://doi.org/10.1126/science.aat2952,SWR High Band (Hz),250,checked_paper,Author PDF including supplement pp. 10-14,papers/30_Drieu_2018.md
30,https://doi.org/10.1126/science.aat2952,Min. Duration (ms),60,checked_paper,Author PDF including supplement pp. 10-14,papers/30_Drieu_2018.md
30,https://doi.org/10.1126/science.aat2952,Max Duration (ms),500,checked_paper,Author PDF including supplement pp. 10-14,papers/30_Drieu_2018.md
30,https://doi.org/10.1126/science.aat2952,Combine Events Thresh. (ms),#N/A,not_applicable,Author PDF including supplement pp. 10-14,papers/30_Drieu_2018.md
30,https://doi.org/10.1126/science.aat2952,Decoding,Bayes,checked_paper,Author PDF including supplement pp. 10-14,papers/30_Drieu_2018.md
30,https://doi.org/10.1126/science.aat2952,Time bin (ms),20,checked_paper,Author PDF including supplement pp. 10-14,papers/30_Drieu_2018.md
30,https://doi.org/10.1126/science.aat2952,Position bin (cm),2.4,checked_paper,Author PDF including supplement pp. 10-14,papers/30_Drieu_2018.md
30,https://doi.org/10.1126/science.aat2952,Place field smooth (cm),4.5,checked_paper,Author PDF including supplement pp. 10-14,papers/30_Drieu_2018.md
30,https://doi.org/10.1126/science.aat2952,Trajectory,Radon transform,checked_paper,Author PDF including supplement pp. 10-14,papers/30_Drieu_2018.md
30,https://doi.org/10.1126/science.aat2952,Decoding notes,"Each event is compared with 5000 independently circular-shifted posterior-column surrogates. The 20 ms windows are nonoverlapping; the published 4.5 cm place-field kernel is described as a width, without identifying it as SD.",reviewed_context,"Drieu 2018 author PDF including supplementary Methods, pp. 13-14.",papers/30_Drieu_2018.md
30,https://doi.org/10.1126/science.aat2952,Reconst. Error (cm),Not reported,not_reported,Author PDF including supplement pp. 10-14,papers/30_Drieu_2018.md
30,https://doi.org/10.1126/science.aat2952,% Decoded,Not reported,not_reported,Author PDF including supplement pp. 10-14,papers/30_Drieu_2018.md
30,https://doi.org/10.1126/science.aat2952,Spike sorting,Sorted,checked_paper,Author PDF including supplement pp. 10-14,papers/30_Drieu_2018.md
30,https://doi.org/10.1126/science.aat2952,Time bin step (ms),20,checked_paper,Author PDF including supplement pp. 10-14,papers/30_Drieu_2018.md
30,https://doi.org/10.1126/science.aat2952,Shuffle Method,Per-column circular shift of position,checked_paper,"Drieu 2018 author PDF including supplementary Methods, pp. 13-14.",papers/30_Drieu_2018.md
30,https://doi.org/10.1126/science.aat2952,Shuffles (#),5000,checked_paper,"Drieu 2018 author PDF including supplementary Methods, pp. 13-14.",papers/30_Drieu_2018.md
30,https://doi.org/10.1126/science.aat2952,Sig. Thresh.,p<=0.05,checked_paper,"Drieu 2018 author PDF including supplementary Methods, pp. 13-14.",papers/30_Drieu_2018.md
30,https://doi.org/10.1126/science.aat2952,% Decoded denom.,#N/A,not_reported,Author PDF including supplement pp. 10-14,papers/30_Drieu_2018.md
30,https://doi.org/10.1126/science.aat2952,Reconst. Error bin (ms),#N/A,not_reported,Author PDF including supplement pp. 10-14,papers/30_Drieu_2018.md
31,https://doi.org/10.7554/eLife.34467,First Author,Maboudi,checked_metadata,Methods pp. 16-19; Results p. 7,papers/31_Maboudi_2018.md
31,https://doi.org/10.7554/eLife.34467,Last Author,Kemere,checked_metadata,Methods pp. 16-19; Results p. 7,papers/31_Maboudi_2018.md
31,https://doi.org/10.7554/eLife.34467,Year,2018,checked_metadata,Methods pp. 16-19; Results p. 7,papers/31_Maboudi_2018.md
31,https://doi.org/10.7554/eLife.34467,DOI,https://doi.org/10.7554/eLife.34467,checked_metadata,Methods pp. 16-19; Results p. 7,papers/31_Maboudi_2018.md
31,https://doi.org/10.7554/eLife.34467,Journal,eLife,checked_metadata,Methods pp. 16-19; Results p. 7,papers/31_Maboudi_2018.md
31,https://doi.org/10.7554/eLife.34467,Species,Rats,checked_metadata,Methods pp. 16-19; Results p. 7,papers/31_Maboudi_2018.md
31,https://doi.org/10.7554/eLife.34467,Detection,MUA,checked_paper,Methods pp. 16-19; Results p. 7,papers/31_Maboudi_2018.md
31,https://doi.org/10.7554/eLife.34467,Detection Notes,"PBEs from pooled single- and multi-unit activity / excluded if mean speed over the event > 5 cm/s / >= 4 active pyramidal cells and >= 4 20-ms bins / open field: Pfeiffer & Foster 2013 criteria (10 ms kernel, >= 10% of units, 50-2000 ms) / Numeric MUA fields describe linear-track PBEs. Open-field data instead use the Pfeiffer 2013 criteria: Gaussian SD 10 ms, >=10% units, 50-2000 ms.",reviewed_context,Methods pp. 16-19; Results p. 7,papers/31_Maboudi_2018.md
31,https://doi.org/10.7554/eLife.34467,MUA Z-score Thresh. (STD),3,checked_paper,Methods pp. 16-19; Results p. 7,papers/31_Maboudi_2018.md
31,https://doi.org/10.7554/eLife.34467,SWR Z-score Thresh. (STD),#N/A,not_applicable,Methods pp. 16-19; Results p. 7,papers/31_Maboudi_2018.md
31,https://doi.org/10.7554/eLife.34467,Animal Speed (cm/s),5,checked_paper,Methods pp. 16-19; Results p. 7,papers/31_Maboudi_2018.md
31,https://doi.org/10.7554/eLife.34467,MUA smooth (ms),20,checked_paper,Methods pp. 16-19; Results p. 7,papers/31_Maboudi_2018.md
31,https://doi.org/10.7554/eLife.34467,SWR smooth (ms),#N/A,not_applicable,Methods pp. 16-19; Results p. 7,papers/31_Maboudi_2018.md
31,https://doi.org/10.7554/eLife.34467,Min. Cells (#),4,checked_paper,Methods pp. 16-19; Results p. 7,papers/31_Maboudi_2018.md
31,https://doi.org/10.7554/eLife.34467,SWR electrodes (#),#N/A,not_applicable,Methods pp. 16-19; Results p. 7,papers/31_Maboudi_2018.md
31,https://doi.org/10.7554/eLife.34467,SWR Low Band (Hz),#N/A,not_applicable,Methods pp. 16-19; Results p. 7,papers/31_Maboudi_2018.md
31,https://doi.org/10.7554/eLife.34467,SWR High Band (Hz),#N/A,not_applicable,Methods pp. 16-19; Results p. 7,papers/31_Maboudi_2018.md
31,https://doi.org/10.7554/eLife.34467,Min. Duration (ms),80,checked_paper,Methods pp. 16-19; Results p. 7,papers/31_Maboudi_2018.md
31,https://doi.org/10.7554/eLife.34467,Max Duration (ms),#N/A,not_applicable,Methods pp. 16-19; Results p. 7,papers/31_Maboudi_2018.md
31,https://doi.org/10.7554/eLife.34467,Combine Events Thresh. (ms),#N/A,not_applicable,Methods pp. 16-19; Results p. 7,papers/31_Maboudi_2018.md
31,https://doi.org/10.7554/eLife.34467,Decoding,HMM; Bayes (comparison),checked_paper,"Maboudi 2018 Methods, PDF pp. 18-19 and Results p. 7.",papers/31_Maboudi_2018.md
31,https://doi.org/10.7554/eLife.34467,Time bin (ms),20,checked_paper,Methods pp. 16-19; Results p. 7,papers/31_Maboudi_2018.md
31,https://doi.org/10.7554/eLife.34467,Position bin (cm),#N/A,not_reported,Methods pp. 16-19; Results p. 7,papers/31_Maboudi_2018.md
31,https://doi.org/10.7554/eLife.34467,Place field smooth (cm),#N/A,not_reported,Methods pp. 16-19; Results p. 7,papers/31_Maboudi_2018.md
31,https://doi.org/10.7554/eLife.34467,Trajectory,HMM sequence likelihood; Bayesian line fit,checked_paper,"Maboudi 2018 Methods, PDF pp. 18-19 and Results p. 7.",papers/31_Maboudi_2018.md
31,https://doi.org/10.7554/eLife.34467,Decoding notes,"Both HMM model-congruence and Bayesian replay scores use 5000 surrogates per event. HMM shuffle permutes off-diagonal transitions within rows; Bayesian shuffle circularly shifts each posterior column. Significance thresholds are varied for ROC analyses; the pooled Bayesian comparison uses 99%, with HMM threshold adjusted to match its event fraction. Temporal/time-swap/Poisson surrogates in the earlier entry were model-training controls.",reviewed_context,"Maboudi 2018 Methods, PDF pp. 18-19 and Results p. 7.",papers/31_Maboudi_2018.md
31,https://doi.org/10.7554/eLife.34467,Reconst. Error (cm),#N/A,not_reported,Methods pp. 16-19; Results p. 7,papers/31_Maboudi_2018.md
31,https://doi.org/10.7554/eLife.34467,% Decoded,#N/A,not_reported,Methods pp. 16-19; Results p. 7,papers/31_Maboudi_2018.md
31,https://doi.org/10.7554/eLife.34467,Spike sorting,Sorted,checked_paper,Methods pp. 16-19; Results p. 7,papers/31_Maboudi_2018.md
31,https://doi.org/10.7554/eLife.34467,Time bin step (ms),20,checked_paper,Methods pp. 16-19; Results p. 7,papers/31_Maboudi_2018.md
31,https://doi.org/10.7554/eLife.34467,Shuffle Method,HMM off-diagonal transition shuffle; Bayesian posterior column-cycle,checked_paper,"Maboudi 2018 Methods, PDF pp. 18-19 and Results p. 7.",papers/31_Maboudi_2018.md
31,https://doi.org/10.7554/eLife.34467,Shuffles (#),5000,checked_paper,"Maboudi 2018 Methods, PDF pp. 18-19 and Results p. 7.",papers/31_Maboudi_2018.md
31,https://doi.org/10.7554/eLife.34467,Sig. Thresh.,Varied; Bayesian comparison 99th percentile,checked_paper,"Maboudi 2018 Methods, PDF pp. 18-19 and Results p. 7.",papers/31_Maboudi_2018.md
31,https://doi.org/10.7554/eLife.34467,% Decoded denom.,#N/A,not_reported,Methods pp. 16-19; Results p. 7,papers/31_Maboudi_2018.md
31,https://doi.org/10.7554/eLife.34467,Reconst. Error bin (ms),#N/A,not_reported,Methods pp. 16-19; Results p. 7,papers/31_Maboudi_2018.md
32,https://doi.org/10.1016/j.neuron.2017.09.035,First Author,Ólafsdóttir,checked_metadata,Methods pp. 14-15; Results p. 5,papers/32_Olafsdottir_2017.md
32,https://doi.org/10.1016/j.neuron.2017.09.035,Last Author,Barry,checked_metadata,Methods pp. 14-15; Results p. 5,papers/32_Olafsdottir_2017.md
32,https://doi.org/10.1016/j.neuron.2017.09.035,Year,2017,checked_metadata,Methods pp. 14-15; Results p. 5,papers/32_Olafsdottir_2017.md
32,https://doi.org/10.1016/j.neuron.2017.09.035,DOI,https://doi.org/10.1016/j.neuron.2017.09.035,checked_metadata,Methods pp. 14-15; Results p. 5,papers/32_Olafsdottir_2017.md
32,https://doi.org/10.1016/j.neuron.2017.09.035,Journal,Neuron,checked_metadata,Methods pp. 14-15; Results p. 5,papers/32_Olafsdottir_2017.md
32,https://doi.org/10.1016/j.neuron.2017.09.035,Species,Rats,checked_metadata,Methods pp. 14-15; Results p. 5,papers/32_Olafsdottir_2017.md
32,https://doi.org/10.1016/j.neuron.2017.09.035,Detection,MUA,checked_paper,Methods pp. 14-15; Results p. 5,papers/32_Olafsdottir_2017.md
32,https://doi.org/10.1016/j.neuron.2017.09.035,Detection Notes,"MUA / MUA uses place cells and requires >=15% of the ensemble and >5 cells for trajectories. Ripple columns, the 500 ms maximum and 40 ms merge refer to the separate ripple-overlap control; its power is squared Hilbert amplitude.",reviewed_context,Methods pp. 14-15; Results p. 5,papers/32_Olafsdottir_2017.md
32,https://doi.org/10.1016/j.neuron.2017.09.035,MUA Z-score Thresh. (STD),3,checked_paper,Methods pp. 14-15; Results p. 5,papers/32_Olafsdottir_2017.md
32,https://doi.org/10.1016/j.neuron.2017.09.035,SWR Z-score Thresh. (STD),2.5,checked_paper,Methods pp. 14-15; Results p. 5,papers/32_Olafsdottir_2017.md
32,https://doi.org/10.1016/j.neuron.2017.09.035,Animal Speed (cm/s),3,checked_paper,Methods pp. 14-15; Results p. 5,papers/32_Olafsdottir_2017.md
32,https://doi.org/10.1016/j.neuron.2017.09.035,MUA smooth (ms),5,checked_paper,Methods pp. 14-15; Results p. 5,papers/32_Olafsdottir_2017.md
32,https://doi.org/10.1016/j.neuron.2017.09.035,SWR smooth (ms),#N/A,not_applicable,Methods pp. 14-15; Results p. 5,papers/32_Olafsdottir_2017.md
32,https://doi.org/10.1016/j.neuron.2017.09.035,Min. Cells (#),>5,checked_paper,Methods pp. 14-15; Results p. 5,papers/32_Olafsdottir_2017.md
32,https://doi.org/10.1016/j.neuron.2017.09.035,SWR electrodes (#),#N/A,not_applicable,Methods pp. 14-15; Results p. 5,papers/32_Olafsdottir_2017.md
32,https://doi.org/10.1016/j.neuron.2017.09.035,SWR Low Band (Hz),150,checked_paper,Methods pp. 14-15; Results p. 5,papers/32_Olafsdottir_2017.md
32,https://doi.org/10.1016/j.neuron.2017.09.035,SWR High Band (Hz),250,checked_paper,Methods pp. 14-15; Results p. 5,papers/32_Olafsdottir_2017.md
32,https://doi.org/10.1016/j.neuron.2017.09.035,Min. Duration (ms),40,checked_paper,Methods pp. 14-15; Results p. 5,papers/32_Olafsdottir_2017.md
32,https://doi.org/10.1016/j.neuron.2017.09.035,Max Duration (ms),500,checked_paper,Methods pp. 14-15; Results p. 5,papers/32_Olafsdottir_2017.md
32,https://doi.org/10.1016/j.neuron.2017.09.035,Combine Events Thresh. (ms),40,checked_paper,Methods pp. 14-15; Results p. 5,papers/32_Olafsdottir_2017.md
32,https://doi.org/10.1016/j.neuron.2017.09.035,Decoding,Bayes,checked_paper,Methods pp. 14-15; Results p. 5,papers/32_Olafsdottir_2017.md
32,https://doi.org/10.1016/j.neuron.2017.09.035,Time bin (ms),10,checked_paper,Methods pp. 14-15; Results p. 5,papers/32_Olafsdottir_2017.md
32,https://doi.org/10.1016/j.neuron.2017.09.035,Position bin (cm),2,checked_paper,Methods pp. 14-15; Results p. 5,papers/32_Olafsdottir_2017.md
32,https://doi.org/10.1016/j.neuron.2017.09.035,Place field smooth (cm),10,checked_paper,Methods pp. 14-15; Results p. 5,papers/32_Olafsdottir_2017.md
32,https://doi.org/10.1016/j.neuron.2017.09.035,Trajectory,Radon transform,checked_paper,Methods pp. 14-15; Results p. 5,papers/32_Olafsdottir_2017.md
32,https://doi.org/10.1016/j.neuron.2017.09.035,Decoding notes,,not_applicable,Methods pp. 14-15; Results p. 5,papers/32_Olafsdottir_2017.md
32,https://doi.org/10.1016/j.neuron.2017.09.035,Reconst. Error (cm),17.5 cm,checked_paper,Methods pp. 14-15; Results p. 5,papers/32_Olafsdottir_2017.md
32,https://doi.org/10.1016/j.neuron.2017.09.035,% Decoded,36.9-38.6%,checked_paper,Methods pp. 14-15; Results p. 5,papers/32_Olafsdottir_2017.md
32,https://doi.org/10.1016/j.neuron.2017.09.035,Spike sorting,Sorted,checked_paper,Methods pp. 14-15; Results p. 5,papers/32_Olafsdottir_2017.md
32,https://doi.org/10.1016/j.neuron.2017.09.035,Time bin step (ms),10,checked_paper,Methods pp. 14-15; Results p. 5,papers/32_Olafsdottir_2017.md
32,https://doi.org/10.1016/j.neuron.2017.09.035,Shuffle Method,Place-field rotation,checked_paper,Methods pp. 14-15; Results p. 5,papers/32_Olafsdottir_2017.md
32,https://doi.org/10.1016/j.neuron.2017.09.035,Shuffles (#),100,checked_paper,Methods pp. 14-15; Results p. 5,papers/32_Olafsdottir_2017.md
32,https://doi.org/10.1016/j.neuron.2017.09.035,Sig. Thresh.,p<0.025,checked_paper,Methods pp. 14-15; Results p. 5,papers/32_Olafsdottir_2017.md
32,https://doi.org/10.1016/j.neuron.2017.09.035,% Decoded denom.,putative events,checked_paper,Methods pp. 14-15; Results p. 5,papers/32_Olafsdottir_2017.md
32,https://doi.org/10.1016/j.neuron.2017.09.035,Reconst. Error bin (ms),500,checked_paper,Methods pp. 14-15; Results p. 5,papers/32_Olafsdottir_2017.md
33,https://doi.org/10.1038/nn.4507,First Author,Wu,checked_metadata,Methods pp. 11-12,papers/33_Wu_2017.md
33,https://doi.org/10.1038/nn.4507,Last Author,Ji,checked_metadata,Methods pp. 11-12,papers/33_Wu_2017.md
33,https://doi.org/10.1038/nn.4507,Year,2017,checked_metadata,Methods pp. 11-12,papers/33_Wu_2017.md
33,https://doi.org/10.1038/nn.4507,DOI,https://doi.org/10.1038/nn.4507,checked_metadata,Methods pp. 11-12,papers/33_Wu_2017.md
33,https://doi.org/10.1038/nn.4507,Journal,Nature Neuroscience,checked_metadata,Methods pp. 11-12,papers/33_Wu_2017.md
33,https://doi.org/10.1038/nn.4507,Species,Rats,checked_metadata,Methods pp. 11-12,papers/33_Wu_2017.md
33,https://doi.org/10.1038/nn.4507,Detection,MUA,checked_paper,Methods pp. 11-12,papers/33_Wu_2017.md
33,https://doi.org/10.1038/nn.4507,Detection Notes,MUA,reviewed_context,Methods pp. 11-12,papers/33_Wu_2017.md
33,https://doi.org/10.1038/nn.4507,MUA Z-score Thresh. (STD),4,checked_paper,Methods pp. 11-12,papers/33_Wu_2017.md
33,https://doi.org/10.1038/nn.4507,SWR Z-score Thresh. (STD),#N/A,not_applicable,Methods pp. 11-12,papers/33_Wu_2017.md
33,https://doi.org/10.1038/nn.4507,Animal Speed (cm/s),#N/A,not_applicable,Methods pp. 11-12,papers/33_Wu_2017.md
33,https://doi.org/10.1038/nn.4507,MUA smooth (ms),#N/A,not_applicable,Methods pp. 11-12,papers/33_Wu_2017.md
33,https://doi.org/10.1038/nn.4507,SWR smooth (ms),#N/A,not_applicable,Methods pp. 11-12,papers/33_Wu_2017.md
33,https://doi.org/10.1038/nn.4507,Min. Cells (#),4,checked_paper,Methods pp. 11-12,papers/33_Wu_2017.md
33,https://doi.org/10.1038/nn.4507,SWR electrodes (#),#N/A,not_applicable,Methods pp. 11-12,papers/33_Wu_2017.md
33,https://doi.org/10.1038/nn.4507,SWR Low Band (Hz),#N/A,not_applicable,Methods pp. 11-12,papers/33_Wu_2017.md
33,https://doi.org/10.1038/nn.4507,SWR High Band (Hz),#N/A,not_applicable,Methods pp. 11-12,papers/33_Wu_2017.md
33,https://doi.org/10.1038/nn.4507,Min. Duration (ms),50,checked_paper,Methods pp. 11-12,papers/33_Wu_2017.md
33,https://doi.org/10.1038/nn.4507,Max Duration (ms),400,checked_paper,Methods pp. 11-12,papers/33_Wu_2017.md
33,https://doi.org/10.1038/nn.4507,Combine Events Thresh. (ms),#N/A,not_applicable,Methods pp. 11-12,papers/33_Wu_2017.md
33,https://doi.org/10.1038/nn.4507,Decoding,Bayes,checked_paper,Methods pp. 11-12,papers/33_Wu_2017.md
33,https://doi.org/10.1038/nn.4507,Time bin (ms),20,checked_paper,Methods pp. 11-12,papers/33_Wu_2017.md
33,https://doi.org/10.1038/nn.4507,Position bin (cm),3.1,checked_paper,Methods pp. 11-12,papers/33_Wu_2017.md
33,https://doi.org/10.1038/nn.4507,Place field smooth (cm),6.2,derived,Methods pp. 11-12,papers/33_Wu_2017.md
33,https://doi.org/10.1038/nn.4507,Trajectory,Linear regression,checked_paper,Methods pp. 11-12,papers/33_Wu_2017.md
33,https://doi.org/10.1038/nn.4507,Decoding notes,,not_applicable,Methods pp. 11-12,papers/33_Wu_2017.md
33,https://doi.org/10.1038/nn.4507,Reconst. Error (cm),Not reported,not_reported,Methods pp. 11-12,papers/33_Wu_2017.md
33,https://doi.org/10.1038/nn.4507,% Decoded,Not reported,not_reported,Methods pp. 11-12,papers/33_Wu_2017.md
33,https://doi.org/10.1038/nn.4507,Spike sorting,Sorted,checked_paper,Methods pp. 11-12,papers/33_Wu_2017.md
33,https://doi.org/10.1038/nn.4507,Time bin step (ms),10,checked_paper,Methods pp. 11-12,papers/33_Wu_2017.md
33,https://doi.org/10.1038/nn.4507,Shuffle Method,Time-bin shuffle,checked_paper,Methods pp. 11-12,papers/33_Wu_2017.md
33,https://doi.org/10.1038/nn.4507,Shuffles (#),1000,checked_paper,Methods pp. 11-12,papers/33_Wu_2017.md
33,https://doi.org/10.1038/nn.4507,Sig. Thresh.,p<0.05,checked_paper,Methods pp. 11-12,papers/33_Wu_2017.md
33,https://doi.org/10.1038/nn.4507,% Decoded denom.,#N/A,not_reported,Methods pp. 11-12,papers/33_Wu_2017.md
33,https://doi.org/10.1038/nn.4507,Reconst. Error bin (ms),#N/A,not_reported,Methods pp. 11-12,papers/33_Wu_2017.md
34,https://doi.org/10.1016/j.neuron.2017.09.017,First Author,Yamamoto,checked_metadata,Methods pp. 15-16; Results p. 7,papers/34_Yamamoto_2017.md
34,https://doi.org/10.1016/j.neuron.2017.09.017,Last Author,Tonegawa,checked_metadata,Methods pp. 15-16; Results p. 7,papers/34_Yamamoto_2017.md
34,https://doi.org/10.1016/j.neuron.2017.09.017,Year,2017,checked_metadata,Methods pp. 15-16; Results p. 7,papers/34_Yamamoto_2017.md
34,https://doi.org/10.1016/j.neuron.2017.09.017,DOI,https://doi.org/10.1016/j.neuron.2017.09.017,checked_metadata,Methods pp. 15-16; Results p. 7,papers/34_Yamamoto_2017.md
34,https://doi.org/10.1016/j.neuron.2017.09.017,Journal,Neuron,checked_metadata,Methods pp. 15-16; Results p. 7,papers/34_Yamamoto_2017.md
34,https://doi.org/10.1016/j.neuron.2017.09.017,Species,Mice,checked_metadata,Methods pp. 15-16; Results p. 7,papers/34_Yamamoto_2017.md
34,https://doi.org/10.1016/j.neuron.2017.09.017,Detection,"SWR, MUA",checked_paper,Methods pp. 15-16; Results p. 7,papers/34_Yamamoto_2017.md
34,https://doi.org/10.1016/j.neuron.2017.09.017,Detection Notes,"extend to 1 STD / 70 ms groups adjacent ripple peaks into a single ripple in the ripple-burst analysis; it is a peak-to-peak interval, not an end-to-start gap. The 2 cm sleep criterion is displacement over 15 s, not 2 cm/s.",reviewed_context,Methods pp. 15-16; Results p. 7,papers/34_Yamamoto_2017.md
34,https://doi.org/10.1016/j.neuron.2017.09.017,MUA Z-score Thresh. (STD),3,checked_paper,Methods pp. 15-16; Results p. 7,papers/34_Yamamoto_2017.md
34,https://doi.org/10.1016/j.neuron.2017.09.017,SWR Z-score Thresh. (STD),3,checked_paper,Methods pp. 15-16; Results p. 7,papers/34_Yamamoto_2017.md
34,https://doi.org/10.1016/j.neuron.2017.09.017,Animal Speed (cm/s),#N/A,not_applicable,Methods pp. 15-16; Results p. 7,papers/34_Yamamoto_2017.md
34,https://doi.org/10.1016/j.neuron.2017.09.017,MUA smooth (ms),#N/A,not_applicable,Methods pp. 15-16; Results p. 7,papers/34_Yamamoto_2017.md
34,https://doi.org/10.1016/j.neuron.2017.09.017,SWR smooth (ms),#N/A,not_applicable,Methods pp. 15-16; Results p. 7,papers/34_Yamamoto_2017.md
34,https://doi.org/10.1016/j.neuron.2017.09.017,Min. Cells (#),#N/A,not_applicable,Methods pp. 15-16; Results p. 7,papers/34_Yamamoto_2017.md
34,https://doi.org/10.1016/j.neuron.2017.09.017,SWR electrodes (#),1,checked_paper,Methods pp. 15-16; Results p. 7,papers/34_Yamamoto_2017.md
34,https://doi.org/10.1016/j.neuron.2017.09.017,SWR Low Band (Hz),140,checked_paper,Methods pp. 15-16; Results p. 7,papers/34_Yamamoto_2017.md
34,https://doi.org/10.1016/j.neuron.2017.09.017,SWR High Band (Hz),200,checked_paper,Methods pp. 15-16; Results p. 7,papers/34_Yamamoto_2017.md
34,https://doi.org/10.1016/j.neuron.2017.09.017,Min. Duration (ms),#N/A,not_applicable,Methods pp. 15-16; Results p. 7,papers/34_Yamamoto_2017.md
34,https://doi.org/10.1016/j.neuron.2017.09.017,Max Duration (ms),#N/A,not_applicable,Methods pp. 15-16; Results p. 7,papers/34_Yamamoto_2017.md
34,https://doi.org/10.1016/j.neuron.2017.09.017,Combine Events Thresh. (ms),70,checked_paper,Methods pp. 15-16; Results p. 7,papers/34_Yamamoto_2017.md
34,https://doi.org/10.1016/j.neuron.2017.09.017,Decoding,Bayes,checked_paper,Methods pp. 15-16; Results p. 7,papers/34_Yamamoto_2017.md
34,https://doi.org/10.1016/j.neuron.2017.09.017,Time bin (ms),10,checked_paper,Methods pp. 15-16; Results p. 7,papers/34_Yamamoto_2017.md
34,https://doi.org/10.1016/j.neuron.2017.09.017,Position bin (cm),Not reported,not_reported,Methods pp. 15-16; Results p. 7,papers/34_Yamamoto_2017.md
34,https://doi.org/10.1016/j.neuron.2017.09.017,Place field smooth (cm),Not reported,not_reported,Methods pp. 15-16; Results p. 7,papers/34_Yamamoto_2017.md
34,https://doi.org/10.1016/j.neuron.2017.09.017,Trajectory,Radon transform,checked_paper,Methods pp. 15-16; Results p. 7,papers/34_Yamamoto_2017.md
34,https://doi.org/10.1016/j.neuron.2017.09.017,Decoding notes,,not_applicable,Methods pp. 15-16; Results p. 7,papers/34_Yamamoto_2017.md
34,https://doi.org/10.1016/j.neuron.2017.09.017,Reconst. Error (cm),Not reported,not_reported,Methods pp. 15-16; Results p. 7,papers/34_Yamamoto_2017.md
34,https://doi.org/10.1016/j.neuron.2017.09.017,% Decoded,12-15%,checked_paper,Methods pp. 15-16; Results p. 7,papers/34_Yamamoto_2017.md
34,https://doi.org/10.1016/j.neuron.2017.09.017,Spike sorting,Both,checked_paper,Methods pp. 15-16; Results p. 7,papers/34_Yamamoto_2017.md
34,https://doi.org/10.1016/j.neuron.2017.09.017,Time bin step (ms),Not reported,not_reported,"Yamamoto 2017 Methods, PDF p. 16: 10 ms bins; step not stated.",papers/34_Yamamoto_2017.md
34,https://doi.org/10.1016/j.neuron.2017.09.017,Shuffle Method,Column shuffle of the posterior,checked_paper,Methods pp. 15-16; Results p. 7,papers/34_Yamamoto_2017.md
34,https://doi.org/10.1016/j.neuron.2017.09.017,Shuffles (#),2000,checked_paper,Methods pp. 15-16; Results p. 7,papers/34_Yamamoto_2017.md
34,https://doi.org/10.1016/j.neuron.2017.09.017,Sig. Thresh.,Not reported,not_reported,"Yamamoto 2017 Methods, PDF p. 16: 2000 column shuffles, but no numerical replay p-value cutoff stated.",papers/34_Yamamoto_2017.md
34,https://doi.org/10.1016/j.neuron.2017.09.017,% Decoded denom.,replay candidates,checked_paper,Methods pp. 15-16; Results p. 7,papers/34_Yamamoto_2017.md
34,https://doi.org/10.1016/j.neuron.2017.09.017,Reconst. Error bin (ms),#N/A,not_reported,Methods pp. 15-16; Results p. 7,papers/34_Yamamoto_2017.md
35,https://doi.org/10.1523/JNEUROSCI.2291-17.2017,First Author,Tang,checked_metadata,Methods pp. 5-6; Results p. 11,papers/35_Tang_2017.md
35,https://doi.org/10.1523/JNEUROSCI.2291-17.2017,Last Author,Jadhav,checked_metadata,Methods pp. 5-6; Results p. 11,papers/35_Tang_2017.md
35,https://doi.org/10.1523/JNEUROSCI.2291-17.2017,Year,2017,checked_metadata,Methods pp. 5-6; Results p. 11,papers/35_Tang_2017.md
35,https://doi.org/10.1523/JNEUROSCI.2291-17.2017,DOI,https://doi.org/10.1523/JNEUROSCI.2291-17.2017,checked_metadata,Methods pp. 5-6; Results p. 11,papers/35_Tang_2017.md
35,https://doi.org/10.1523/JNEUROSCI.2291-17.2017,Journal,Journal of Neuroscience,checked_metadata,Methods pp. 5-6; Results p. 11,papers/35_Tang_2017.md
35,https://doi.org/10.1523/JNEUROSCI.2291-17.2017,Species,Rats,checked_metadata,Methods pp. 5-6; Results p. 11,papers/35_Tang_2017.md
35,https://doi.org/10.1523/JNEUROSCI.2291-17.2017,Detection,SWR,checked_paper,Methods pp. 5-6; Results p. 11,papers/35_Tang_2017.md
35,https://doi.org/10.1523/JNEUROSCI.2291-17.2017,Detection Notes,SWR,reviewed_context,Methods pp. 5-6; Results p. 11,papers/35_Tang_2017.md
35,https://doi.org/10.1523/JNEUROSCI.2291-17.2017,MUA Z-score Thresh. (STD),#N/A,not_applicable,Methods pp. 5-6; Results p. 11,papers/35_Tang_2017.md
35,https://doi.org/10.1523/JNEUROSCI.2291-17.2017,SWR Z-score Thresh. (STD),3,checked_paper,Methods pp. 5-6; Results p. 11,papers/35_Tang_2017.md
35,https://doi.org/10.1523/JNEUROSCI.2291-17.2017,Animal Speed (cm/s),4,checked_paper,Methods pp. 5-6; Results p. 11,papers/35_Tang_2017.md
35,https://doi.org/10.1523/JNEUROSCI.2291-17.2017,MUA smooth (ms),#N/A,not_applicable,Methods pp. 5-6; Results p. 11,papers/35_Tang_2017.md
35,https://doi.org/10.1523/JNEUROSCI.2291-17.2017,SWR smooth (ms),#N/A,not_applicable,Methods pp. 5-6; Results p. 11,papers/35_Tang_2017.md
35,https://doi.org/10.1523/JNEUROSCI.2291-17.2017,Min. Cells (#),5,checked_paper,Methods pp. 5-6; Results p. 11,papers/35_Tang_2017.md
35,https://doi.org/10.1523/JNEUROSCI.2291-17.2017,SWR electrodes (#),>1,checked_paper,Methods pp. 5-6; Results p. 11,papers/35_Tang_2017.md
35,https://doi.org/10.1523/JNEUROSCI.2291-17.2017,SWR Low Band (Hz),150,checked_paper,Methods pp. 5-6; Results p. 11,papers/35_Tang_2017.md
35,https://doi.org/10.1523/JNEUROSCI.2291-17.2017,SWR High Band (Hz),250,checked_paper,Methods pp. 5-6; Results p. 11,papers/35_Tang_2017.md
35,https://doi.org/10.1523/JNEUROSCI.2291-17.2017,Min. Duration (ms),#N/A,not_applicable,Methods pp. 5-6; Results p. 11,papers/35_Tang_2017.md
35,https://doi.org/10.1523/JNEUROSCI.2291-17.2017,Max Duration (ms),#N/A,not_applicable,Methods pp. 5-6; Results p. 11,papers/35_Tang_2017.md
35,https://doi.org/10.1523/JNEUROSCI.2291-17.2017,Combine Events Thresh. (ms),#N/A,not_applicable,Methods pp. 5-6; Results p. 11,papers/35_Tang_2017.md
35,https://doi.org/10.1523/JNEUROSCI.2291-17.2017,Decoding,Bayes,checked_paper,Methods pp. 5-6; Results p. 11,papers/35_Tang_2017.md
35,https://doi.org/10.1523/JNEUROSCI.2291-17.2017,Time bin (ms),10,checked_paper,Methods pp. 5-6; Results p. 11,papers/35_Tang_2017.md
35,https://doi.org/10.1523/JNEUROSCI.2291-17.2017,Position bin (cm),2,checked_paper,Methods pp. 5-6; Results p. 11,papers/35_Tang_2017.md
35,https://doi.org/10.1523/JNEUROSCI.2291-17.2017,Place field smooth (cm),8,checked_paper,Methods pp. 5-6; Results p. 11,papers/35_Tang_2017.md
35,https://doi.org/10.1523/JNEUROSCI.2291-17.2017,Trajectory,Linear regression,checked_paper,Methods pp. 5-6; Results p. 11,papers/35_Tang_2017.md
35,https://doi.org/10.1523/JNEUROSCI.2291-17.2017,Decoding notes," / Percentages are derived from the published condition-specific counts: 167/397 awake, 147/455 post-task sleep and 116/451 pre-task sleep candidates.",reviewed_context,"Tang 2017 Results, PDF p. 11: 167/397 awake, 147/455 post-task sleep, 116/451 pre-task sleep.",papers/35_Tang_2017.md
35,https://doi.org/10.1523/JNEUROSCI.2291-17.2017,Reconst. Error (cm),Not reported,not_reported,Methods pp. 5-6; Results p. 11,papers/35_Tang_2017.md
35,https://doi.org/10.1523/JNEUROSCI.2291-17.2017,% Decoded,42.1% awake; 32.3% post-sleep; 25.7% pre-sleep,derived,"Tang 2017 Results, PDF p. 11: 167/397 awake, 147/455 post-task sleep, 116/451 pre-task sleep.",papers/35_Tang_2017.md
35,https://doi.org/10.1523/JNEUROSCI.2291-17.2017,Spike sorting,Sorted,checked_paper,Methods pp. 5-6; Results p. 11,papers/35_Tang_2017.md
35,https://doi.org/10.1523/JNEUROSCI.2291-17.2017,Time bin step (ms),10,checked_paper,Methods pp. 5-6; Results p. 11,papers/35_Tang_2017.md
35,https://doi.org/10.1523/JNEUROSCI.2291-17.2017,Shuffle Method,Time-bin shuffle,checked_paper,Methods pp. 5-6; Results p. 11,papers/35_Tang_2017.md
35,https://doi.org/10.1523/JNEUROSCI.2291-17.2017,Shuffles (#),10000,checked_paper,Methods pp. 5-6; Results p. 11,papers/35_Tang_2017.md
35,https://doi.org/10.1523/JNEUROSCI.2291-17.2017,Sig. Thresh.,p<0.05,checked_paper,Methods pp. 5-6; Results p. 11,papers/35_Tang_2017.md
35,https://doi.org/10.1523/JNEUROSCI.2291-17.2017,% Decoded denom.,candidate events,checked_paper,Methods pp. 5-6; Results p. 11,papers/35_Tang_2017.md
35,https://doi.org/10.1523/JNEUROSCI.2291-17.2017,Reconst. Error bin (ms),#N/A,not_reported,Methods pp. 5-6; Results p. 11,papers/35_Tang_2017.md
36,https://doi.org/10.1126/science.aad1935,First Author,Grosmark,checked_metadata,"Supplement Methods, combined PDF pp. 9-11; Figure S3 (p. 20)",papers/36_Grosmark_2016.md
36,https://doi.org/10.1126/science.aad1935,Last Author,Buzsáki,checked_metadata,"Supplement Methods, combined PDF pp. 9-11; Figure S3 (p. 20)",papers/36_Grosmark_2016.md
36,https://doi.org/10.1126/science.aad1935,Year,2016,checked_metadata,"Supplement Methods, combined PDF pp. 9-11; Figure S3 (p. 20)",papers/36_Grosmark_2016.md
36,https://doi.org/10.1126/science.aad1935,DOI,https://doi.org/10.1126/science.aad1935,checked_metadata,"Supplement Methods, combined PDF pp. 9-11; Figure S3 (p. 20)",papers/36_Grosmark_2016.md
36,https://doi.org/10.1126/science.aad1935,Journal,Science,checked_metadata,"Supplement Methods, combined PDF pp. 9-11; Figure S3 (p. 20)",papers/36_Grosmark_2016.md
36,https://doi.org/10.1126/science.aad1935,Species,Rats,checked_metadata,"Supplement Methods, combined PDF pp. 9-11; Figure S3 (p. 20)",papers/36_Grosmark_2016.md
36,https://doi.org/10.1126/science.aad1935,Detection,"SWR, MUA",checked_paper,"Supplement Methods, combined PDF pp. 9-11; Figure S3 (p. 20)",papers/36_Grosmark_2016.md
36,https://doi.org/10.1126/science.aad1935,Detection Notes,"MUA and SWR / MUA event must contain the peak of at least one LFP-detected ripple (LFP method not reported) / NREM and quiet waking only; mean and SD from NREM of PRE and POST / states scored from theta/delta ratio, accelerometer and EMG / decoded events: >= 100 ms and >= 5 or 10% of place cells, whichever is greater",reviewed_context,"Supplement Methods, combined PDF pp. 9-11; Figure S3 (p. 20)",papers/36_Grosmark_2016.md
36,https://doi.org/10.1126/science.aad1935,MUA Z-score Thresh. (STD),3,checked_paper,"Supplement Methods, combined PDF pp. 9-11; Figure S3 (p. 20)",papers/36_Grosmark_2016.md
36,https://doi.org/10.1126/science.aad1935,SWR Z-score Thresh. (STD),Not reported,unresolved,"Supplement Methods, combined PDF pp. 9-11; Figure S3 (p. 20) No independently verified value for this field; see remaining-source register.",papers/36_Grosmark_2016.md
36,https://doi.org/10.1126/science.aad1935,Animal Speed (cm/s),#N/A,not_applicable,"Supplement Methods, combined PDF pp. 9-11; Figure S3 (p. 20)",papers/36_Grosmark_2016.md
36,https://doi.org/10.1126/science.aad1935,MUA smooth (ms),15,checked_paper,"Supplement Methods, combined PDF pp. 9-11; Figure S3 (p. 20)",papers/36_Grosmark_2016.md
36,https://doi.org/10.1126/science.aad1935,SWR smooth (ms),Not reported,not_reported,"Supplement Methods, combined PDF pp. 9-11; Figure S3 (p. 20)",papers/36_Grosmark_2016.md
36,https://doi.org/10.1126/science.aad1935,Min. Cells (#),5,checked_paper,"Supplement Methods, combined PDF pp. 9-11; Figure S3 (p. 20)",papers/36_Grosmark_2016.md
36,https://doi.org/10.1126/science.aad1935,SWR electrodes (#),Not reported,unresolved,"Supplement Methods, combined PDF pp. 9-11; Figure S3 (p. 20) No independently verified value for this field; see remaining-source register.",papers/36_Grosmark_2016.md
36,https://doi.org/10.1126/science.aad1935,SWR Low Band (Hz),Not reported,unresolved,"Supplement Methods, combined PDF pp. 9-11; Figure S3 (p. 20) No independently verified value for this field; see remaining-source register.",papers/36_Grosmark_2016.md
36,https://doi.org/10.1126/science.aad1935,SWR High Band (Hz),Not reported,unresolved,"Supplement Methods, combined PDF pp. 9-11; Figure S3 (p. 20) No independently verified value for this field; see remaining-source register.",papers/36_Grosmark_2016.md
36,https://doi.org/10.1126/science.aad1935,Min. Duration (ms),100,checked_paper,"Supplement Methods, combined PDF pp. 9-11; Figure S3 (p. 20)",papers/36_Grosmark_2016.md
36,https://doi.org/10.1126/science.aad1935,Max Duration (ms),500,checked_paper,"Supplement Methods, combined PDF pp. 9-11; Figure S3 (p. 20)",papers/36_Grosmark_2016.md
36,https://doi.org/10.1126/science.aad1935,Combine Events Thresh. (ms),#N/A,not_applicable,"Supplement Methods, combined PDF pp. 9-11; Figure S3 (p. 20)",papers/36_Grosmark_2016.md
36,https://doi.org/10.1126/science.aad1935,Decoding,Bayes,checked_paper,"Supplement Methods, combined PDF pp. 9-11; Figure S3 (p. 20)",papers/36_Grosmark_2016.md
36,https://doi.org/10.1126/science.aad1935,Time bin (ms),20,checked_paper,"Supplement Methods, combined PDF pp. 9-11; Figure S3 (p. 20)",papers/36_Grosmark_2016.md
36,https://doi.org/10.1126/science.aad1935,Position bin (cm),2,checked_paper,"Supplement Methods, combined PDF pp. 9-11; Figure S3 (p. 20)",papers/36_Grosmark_2016.md
36,https://doi.org/10.1126/science.aad1935,Place field smooth (cm),5,checked_paper,"Supplement Methods, combined PDF pp. 9-11; Figure S3 (p. 20)",papers/36_Grosmark_2016.md
36,https://doi.org/10.1126/science.aad1935,Trajectory,Weighted regression,checked_paper,"Supplement Methods, combined PDF pp. 9-11; Figure S3 (p. 20)",papers/36_Grosmark_2016.md
36,https://doi.org/10.1126/science.aad1935,Decoding notes,,not_applicable,"Supplement Methods, combined PDF pp. 9-11; Figure S3 (p. 20)",papers/36_Grosmark_2016.md
36,https://doi.org/10.1126/science.aad1935,Reconst. Error (cm),5.14 cm,checked_paper,"Supplement Methods, combined PDF pp. 9-11; Figure S3 (p. 20)",papers/36_Grosmark_2016.md
36,https://doi.org/10.1126/science.aad1935,% Decoded,Not reported,not_reported,"Supplement Methods, combined PDF pp. 9-11; Figure S3 (p. 20)",papers/36_Grosmark_2016.md
36,https://doi.org/10.1126/science.aad1935,Spike sorting,Sorted,checked_paper,"Supplement Methods, combined PDF pp. 9-11; Figure S3 (p. 20)",papers/36_Grosmark_2016.md
36,https://doi.org/10.1126/science.aad1935,Time bin step (ms),20,checked_paper,"Supplement Methods, combined PDF pp. 9-11; Figure S3 (p. 20)",papers/36_Grosmark_2016.md
36,https://doi.org/10.1126/science.aad1935,Shuffle Method,Circular place-field shuffle; time-bin shuffle; Poisson surrogate,checked_paper,"Supplement Methods, combined PDF pp. 9-11; Figure S3 (p. 20)",papers/36_Grosmark_2016.md
36,https://doi.org/10.1126/science.aad1935,Shuffles (#),1000,checked_paper,"Supplement Methods, combined PDF pp. 9-11; Figure S3 (p. 20)",papers/36_Grosmark_2016.md
36,https://doi.org/10.1126/science.aad1935,Sig. Thresh.,#N/A,not_applicable,"Supplement Methods, combined PDF pp. 9-11; Figure S3 (p. 20)",papers/36_Grosmark_2016.md
36,https://doi.org/10.1126/science.aad1935,% Decoded denom.,#N/A,not_reported,"Supplement Methods, combined PDF pp. 9-11; Figure S3 (p. 20)",papers/36_Grosmark_2016.md
36,https://doi.org/10.1126/science.aad1935,Reconst. Error bin (ms),500,checked_paper,"Supplement Methods, combined PDF pp. 9-11; Figure S3 (p. 20)",papers/36_Grosmark_2016.md
37,https://doi.org/10.1016/j.neuron.2016.07.047,First Author,Ambrose,checked_metadata,Methods p. 12; Results p. 3,papers/37_Ambrose_2016.md
37,https://doi.org/10.1016/j.neuron.2016.07.047,Last Author,Foster,checked_metadata,Methods p. 12; Results p. 3,papers/37_Ambrose_2016.md
37,https://doi.org/10.1016/j.neuron.2016.07.047,Year,2016,checked_metadata,Methods p. 12; Results p. 3,papers/37_Ambrose_2016.md
37,https://doi.org/10.1016/j.neuron.2016.07.047,DOI,https://doi.org/10.1016/j.neuron.2016.07.047,checked_metadata,Methods p. 12; Results p. 3,papers/37_Ambrose_2016.md
37,https://doi.org/10.1016/j.neuron.2016.07.047,Journal,Neuron,checked_metadata,Methods p. 12; Results p. 3,papers/37_Ambrose_2016.md
37,https://doi.org/10.1016/j.neuron.2016.07.047,Species,Rats,checked_metadata,Methods p. 12; Results p. 3,papers/37_Ambrose_2016.md
37,https://doi.org/10.1016/j.neuron.2016.07.047,Detection,SWR,checked_paper,Methods p. 12; Results p. 3,papers/37_Ambrose_2016.md
37,https://doi.org/10.1016/j.neuron.2016.07.047,Detection Notes,SWR,reviewed_context,Methods p. 12; Results p. 3,papers/37_Ambrose_2016.md
37,https://doi.org/10.1016/j.neuron.2016.07.047,MUA Z-score Thresh. (STD),#N/A,not_applicable,Methods p. 12; Results p. 3,papers/37_Ambrose_2016.md
37,https://doi.org/10.1016/j.neuron.2016.07.047,SWR Z-score Thresh. (STD),3,checked_paper,Methods p. 12; Results p. 3,papers/37_Ambrose_2016.md
37,https://doi.org/10.1016/j.neuron.2016.07.047,Animal Speed (cm/s),5,checked_paper,Methods p. 12; Results p. 3,papers/37_Ambrose_2016.md
37,https://doi.org/10.1016/j.neuron.2016.07.047,MUA smooth (ms),#N/A,not_applicable,Methods p. 12; Results p. 3,papers/37_Ambrose_2016.md
37,https://doi.org/10.1016/j.neuron.2016.07.047,SWR smooth (ms),12.5,checked_paper,Methods p. 12; Results p. 3,papers/37_Ambrose_2016.md
37,https://doi.org/10.1016/j.neuron.2016.07.047,Min. Cells (#),#N/A,not_applicable,Methods p. 12; Results p. 3,papers/37_Ambrose_2016.md
37,https://doi.org/10.1016/j.neuron.2016.07.047,SWR electrodes (#),4-7,checked_paper,Methods p. 12; Results p. 3,papers/37_Ambrose_2016.md
37,https://doi.org/10.1016/j.neuron.2016.07.047,SWR Low Band (Hz),150,checked_paper,Methods p. 12; Results p. 3,papers/37_Ambrose_2016.md
37,https://doi.org/10.1016/j.neuron.2016.07.047,SWR High Band (Hz),250,checked_paper,Methods p. 12; Results p. 3,papers/37_Ambrose_2016.md
37,https://doi.org/10.1016/j.neuron.2016.07.047,Min. Duration (ms),Not reported,not_reported,"Main Methods p. 12; complete publisher supplement (12 pages) checked September 25, 2026. No detector-duration limit stated; related later code does not establish original settings.",papers/37_Ambrose_2016.md
37,https://doi.org/10.1016/j.neuron.2016.07.047,Max Duration (ms),Not reported,not_reported,"Main Methods p. 12; complete publisher supplement (12 pages) checked September 25, 2026. No detector-duration limit stated; related later code does not establish original settings.",papers/37_Ambrose_2016.md
37,https://doi.org/10.1016/j.neuron.2016.07.047,Combine Events Thresh. (ms),#N/A,not_applicable,Methods p. 12; Results p. 3,papers/37_Ambrose_2016.md
37,https://doi.org/10.1016/j.neuron.2016.07.047,Decoding,Bayes,checked_paper,Methods p. 12; Results p. 3,papers/37_Ambrose_2016.md
37,https://doi.org/10.1016/j.neuron.2016.07.047,Time bin (ms),20,checked_paper,Methods p. 12; Results p. 3,papers/37_Ambrose_2016.md
37,https://doi.org/10.1016/j.neuron.2016.07.047,Position bin (cm),1.8,checked_paper,Methods p. 12; Results p. 3,papers/37_Ambrose_2016.md
37,https://doi.org/10.1016/j.neuron.2016.07.047,Place field smooth (cm),3,checked_paper,Methods p. 12; Results p. 3,papers/37_Ambrose_2016.md
37,https://doi.org/10.1016/j.neuron.2016.07.047,Trajectory,Weighted correlation,checked_paper,Methods p. 12; Results p. 3,papers/37_Ambrose_2016.md
37,https://doi.org/10.1016/j.neuron.2016.07.047,Decoding notes,"Primary replay criterion is weighted correlation >0.6; verification uses a stricter 0.7 threshold or 1500 posterior shuffles with p<0.05 (main Methods and supplementary Tables S2-S3). Supplement Table S1 gives 738/3312 replays/SWRs in experiment 1, 409/2636 in experiment 2, and 1147/5948 pooled (19.3%). Behavioral bins with error <10 cm range from 74-95% for bidirectional and 74-96% for directional decoding; these are accuracy fractions, not a pooled mean reconstruction error. The full supplement gives no detector-duration limit.",reviewed_context,Ambrose 2016 main Methods p. 12; publisher supplement Table S1 p. 9 and Tables S2-S3 pp. 10-11. Full 12-page supplement checked; no detector-duration criterion.,papers/37_Ambrose_2016.md
37,https://doi.org/10.1016/j.neuron.2016.07.047,Reconst. Error (cm),Not reported,not_reported,"Main Methods p. 12; supplementary Table S1 p. 9 gives fractions of behavioral bins with error <10 cm, not a pooled mean error in cm.",papers/37_Ambrose_2016.md
37,https://doi.org/10.1016/j.neuron.2016.07.047,% Decoded,19.3% pooled (22.3% experiment 1; 15.5% experiment 2),derived,"Ambrose 2016 publisher supplement, Table S1 p. 9: sum of listed counts, 738/3312 and 409/2636; pooled 1147/5948 = 19.2838%.",papers/37_Ambrose_2016.md
37,https://doi.org/10.1016/j.neuron.2016.07.047,Spike sorting,Sorted,checked_paper,Methods p. 12; Results p. 3,papers/37_Ambrose_2016.md
37,https://doi.org/10.1016/j.neuron.2016.07.047,Time bin step (ms),10,checked_paper,Methods p. 12; Results p. 3,papers/37_Ambrose_2016.md
37,https://doi.org/10.1016/j.neuron.2016.07.047,Shuffle Method,none for the primary criterion; Monte Carlo shuffle of the posterior for verification,checked_paper,Methods p. 12; Results p. 3,papers/37_Ambrose_2016.md
37,https://doi.org/10.1016/j.neuron.2016.07.047,Shuffles (#),1500,checked_paper,Methods p. 12; Results p. 3,papers/37_Ambrose_2016.md
37,https://doi.org/10.1016/j.neuron.2016.07.047,Sig. Thresh.,weighted correlation >0.6 (primary); >0.7 or p<0.05 (verification),checked_paper,Ambrose 2016 main Methods p. 12 and publisher supplement Tables S2-S3 pp. 10-11: primary correlation >0.6; verification threshold 0.7 or 1500-shuffle p<0.05.,papers/37_Ambrose_2016.md
37,https://doi.org/10.1016/j.neuron.2016.07.047,% Decoded denom.,SWRs (5948 total; Table S1),derived,"Ambrose 2016 publisher supplement, Table S1 p. 9: SWR counts sum to 3312 + 2636 = 5948.",papers/37_Ambrose_2016.md
37,https://doi.org/10.1016/j.neuron.2016.07.047,Reconst. Error bin (ms),200,checked_paper,"Ambrose 2016 Methods, PDF p. 12: nonoverlapping 200 ms behavioral windows.",papers/37_Ambrose_2016.md
38,https://doi.org/10.1016/j.neuron.2016.02.010,First Author,Jadhav,checked_metadata,Main Methods and supplementary replay analysis (combined PDF p. 41),papers/38_Jadhav_2016.md
38,https://doi.org/10.1016/j.neuron.2016.02.010,Last Author,Frank,checked_metadata,Main Methods and supplementary replay analysis (combined PDF p. 41),papers/38_Jadhav_2016.md
38,https://doi.org/10.1016/j.neuron.2016.02.010,Year,2016,checked_metadata,Main Methods and supplementary replay analysis (combined PDF p. 41),papers/38_Jadhav_2016.md
38,https://doi.org/10.1016/j.neuron.2016.02.010,DOI,https://doi.org/10.1016/j.neuron.2016.02.010,checked_metadata,Main Methods and supplementary replay analysis (combined PDF p. 41),papers/38_Jadhav_2016.md
38,https://doi.org/10.1016/j.neuron.2016.02.010,Journal,Neuron,checked_metadata,Main Methods and supplementary replay analysis (combined PDF p. 41),papers/38_Jadhav_2016.md
38,https://doi.org/10.1016/j.neuron.2016.02.010,Species,Rats,checked_metadata,Main Methods and supplementary replay analysis (combined PDF p. 41),papers/38_Jadhav_2016.md
38,https://doi.org/10.1016/j.neuron.2016.02.010,Detection,SWR,checked_paper,Main Methods and supplementary replay analysis (combined PDF p. 41),papers/38_Jadhav_2016.md
38,https://doi.org/10.1016/j.neuron.2016.02.010,Detection Notes,SWR,reviewed_context,Main Methods and supplementary replay analysis (combined PDF p. 41),papers/38_Jadhav_2016.md
38,https://doi.org/10.1016/j.neuron.2016.02.010,MUA Z-score Thresh. (STD),#N/A,not_applicable,Main Methods and supplementary replay analysis (combined PDF p. 41),papers/38_Jadhav_2016.md
38,https://doi.org/10.1016/j.neuron.2016.02.010,SWR Z-score Thresh. (STD),3,checked_paper,Main Methods and supplementary replay analysis (combined PDF p. 41),papers/38_Jadhav_2016.md
38,https://doi.org/10.1016/j.neuron.2016.02.010,Animal Speed (cm/s),4,checked_paper,Main Methods and supplementary replay analysis (combined PDF p. 41),papers/38_Jadhav_2016.md
38,https://doi.org/10.1016/j.neuron.2016.02.010,MUA smooth (ms),#N/A,not_applicable,Main Methods and supplementary replay analysis (combined PDF p. 41),papers/38_Jadhav_2016.md
38,https://doi.org/10.1016/j.neuron.2016.02.010,SWR smooth (ms),4,checked_paper,Main Methods and supplementary replay analysis (combined PDF p. 41),papers/38_Jadhav_2016.md
38,https://doi.org/10.1016/j.neuron.2016.02.010,Min. Cells (#),4,checked_paper,Main Methods and supplementary replay analysis (combined PDF p. 41),papers/38_Jadhav_2016.md
38,https://doi.org/10.1016/j.neuron.2016.02.010,SWR electrodes (#),>1,checked_paper,Main Methods and supplementary replay analysis (combined PDF p. 41),papers/38_Jadhav_2016.md
38,https://doi.org/10.1016/j.neuron.2016.02.010,SWR Low Band (Hz),150,checked_paper,Main Methods and supplementary replay analysis (combined PDF p. 41),papers/38_Jadhav_2016.md
38,https://doi.org/10.1016/j.neuron.2016.02.010,SWR High Band (Hz),250,checked_paper,Main Methods and supplementary replay analysis (combined PDF p. 41),papers/38_Jadhav_2016.md
38,https://doi.org/10.1016/j.neuron.2016.02.010,Min. Duration (ms),15,checked_paper,Main Methods and supplementary replay analysis (combined PDF p. 41),papers/38_Jadhav_2016.md
38,https://doi.org/10.1016/j.neuron.2016.02.010,Max Duration (ms),#N/A,not_applicable,Main Methods and supplementary replay analysis (combined PDF p. 41),papers/38_Jadhav_2016.md
38,https://doi.org/10.1016/j.neuron.2016.02.010,Combine Events Thresh. (ms),#N/A,not_applicable,Main Methods and supplementary replay analysis (combined PDF p. 41),papers/38_Jadhav_2016.md
38,https://doi.org/10.1016/j.neuron.2016.02.010,Decoding,Bayes,checked_paper,Main Methods and supplementary replay analysis (combined PDF p. 41),papers/38_Jadhav_2016.md
38,https://doi.org/10.1016/j.neuron.2016.02.010,Time bin (ms),15,checked_paper,Main Methods and supplementary replay analysis (combined PDF p. 41),papers/38_Jadhav_2016.md
38,https://doi.org/10.1016/j.neuron.2016.02.010,Position bin (cm),2,checked_paper,Main Methods and supplementary replay analysis (combined PDF p. 41),papers/38_Jadhav_2016.md
38,https://doi.org/10.1016/j.neuron.2016.02.010,Place field smooth (cm),4,checked_paper,Main Methods and supplementary replay analysis (combined PDF p. 41),papers/38_Jadhav_2016.md
38,https://doi.org/10.1016/j.neuron.2016.02.010,Trajectory,Linear regression,checked_paper,Main Methods and supplementary replay analysis (combined PDF p. 41),papers/38_Jadhav_2016.md
38,https://doi.org/10.1016/j.neuron.2016.02.010,Decoding notes,,not_applicable,Main Methods and supplementary replay analysis (combined PDF p. 41),papers/38_Jadhav_2016.md
38,https://doi.org/10.1016/j.neuron.2016.02.010,Reconst. Error (cm),Not reported,not_reported,Main Methods and supplementary replay analysis (combined PDF p. 41),papers/38_Jadhav_2016.md
38,https://doi.org/10.1016/j.neuron.2016.02.010,% Decoded,Not reported,not_reported,Main Methods and supplementary replay analysis (combined PDF p. 41),papers/38_Jadhav_2016.md
38,https://doi.org/10.1016/j.neuron.2016.02.010,Spike sorting,Sorted,checked_paper,Main Methods and supplementary replay analysis (combined PDF p. 41),papers/38_Jadhav_2016.md
38,https://doi.org/10.1016/j.neuron.2016.02.010,Time bin step (ms),15,checked_paper,Main Methods and supplementary replay analysis (combined PDF p. 41),papers/38_Jadhav_2016.md
38,https://doi.org/10.1016/j.neuron.2016.02.010,Shuffle Method,Time-bin shuffle,checked_paper,Main Methods and supplementary replay analysis (combined PDF p. 41),papers/38_Jadhav_2016.md
38,https://doi.org/10.1016/j.neuron.2016.02.010,Shuffles (#),500,checked_paper,Main Methods and supplementary replay analysis (combined PDF p. 41),papers/38_Jadhav_2016.md
38,https://doi.org/10.1016/j.neuron.2016.02.010,Sig. Thresh.,p<0.05,checked_paper,Main Methods and supplementary replay analysis (combined PDF p. 41),papers/38_Jadhav_2016.md
38,https://doi.org/10.1016/j.neuron.2016.02.010,% Decoded denom.,#N/A,not_reported,Main Methods and supplementary replay analysis (combined PDF p. 41),papers/38_Jadhav_2016.md
38,https://doi.org/10.1016/j.neuron.2016.02.010,Reconst. Error bin (ms),#N/A,not_reported,Main Methods and supplementary replay analysis (combined PDF p. 41),papers/38_Jadhav_2016.md
39,https://doi.org/10.1038/nn.4291,First Author,Ólafsdóttir,checked_metadata,Methods pp. 4-5; supplementary decoding functions,papers/39_Olafsdottir_2016.md
39,https://doi.org/10.1038/nn.4291,Last Author,Barry,checked_metadata,Methods pp. 4-5; supplementary decoding functions,papers/39_Olafsdottir_2016.md
39,https://doi.org/10.1038/nn.4291,Year,2016,checked_metadata,Methods pp. 4-5; supplementary decoding functions,papers/39_Olafsdottir_2016.md
39,https://doi.org/10.1038/nn.4291,DOI,https://doi.org/10.1038/nn.4291,checked_metadata,Methods pp. 4-5; supplementary decoding functions,papers/39_Olafsdottir_2016.md
39,https://doi.org/10.1038/nn.4291,Journal,Nature Neuroscience,checked_metadata,Methods pp. 4-5; supplementary decoding functions,papers/39_Olafsdottir_2016.md
39,https://doi.org/10.1038/nn.4291,Species,Rats,checked_metadata,Methods pp. 4-5; supplementary decoding functions,papers/39_Olafsdottir_2016.md
39,https://doi.org/10.1038/nn.4291,Detection,MUA,checked_paper,Methods pp. 4-5; supplementary decoding functions,papers/39_Olafsdottir_2016.md
39,https://doi.org/10.1038/nn.4291,Detection Notes,"MU activity from place cells, 1 ms bins, Gaussian 5 ms
peak >3 SD above the mean, boundaries where activity returns to the mean
events <40 ms or using <15% of the place-cell ensemble rejected",reviewed_context,Methods pp. 4-5; supplementary decoding functions,papers/39_Olafsdottir_2016.md
39,https://doi.org/10.1038/nn.4291,MUA Z-score Thresh. (STD),3,checked_paper,Methods pp. 4-5; supplementary decoding functions,papers/39_Olafsdottir_2016.md
39,https://doi.org/10.1038/nn.4291,SWR Z-score Thresh. (STD),#N/A,not_applicable,Methods pp. 4-5; supplementary decoding functions,papers/39_Olafsdottir_2016.md
39,https://doi.org/10.1038/nn.4291,Animal Speed (cm/s),#N/A,not_applicable,Methods pp. 4-5; supplementary decoding functions,papers/39_Olafsdottir_2016.md
39,https://doi.org/10.1038/nn.4291,MUA smooth (ms),5,checked_paper,Methods pp. 4-5; supplementary decoding functions,papers/39_Olafsdottir_2016.md
39,https://doi.org/10.1038/nn.4291,SWR smooth (ms),#N/A,not_applicable,Methods pp. 4-5; supplementary decoding functions,papers/39_Olafsdottir_2016.md
39,https://doi.org/10.1038/nn.4291,Min. Cells (#),15% of ensemble,checked_paper,Methods pp. 4-5; supplementary decoding functions,papers/39_Olafsdottir_2016.md
39,https://doi.org/10.1038/nn.4291,SWR electrodes (#),#N/A,not_applicable,Methods pp. 4-5; supplementary decoding functions,papers/39_Olafsdottir_2016.md
39,https://doi.org/10.1038/nn.4291,SWR Low Band (Hz),#N/A,not_applicable,Methods pp. 4-5; supplementary decoding functions,papers/39_Olafsdottir_2016.md
39,https://doi.org/10.1038/nn.4291,SWR High Band (Hz),#N/A,not_applicable,Methods pp. 4-5; supplementary decoding functions,papers/39_Olafsdottir_2016.md
39,https://doi.org/10.1038/nn.4291,Min. Duration (ms),40,checked_paper,Methods pp. 4-5; supplementary decoding functions,papers/39_Olafsdottir_2016.md
39,https://doi.org/10.1038/nn.4291,Max Duration (ms),#N/A,not_applicable,Methods pp. 4-5; supplementary decoding functions,papers/39_Olafsdottir_2016.md
39,https://doi.org/10.1038/nn.4291,Combine Events Thresh. (ms),#N/A,not_applicable,Methods pp. 4-5; supplementary decoding functions,papers/39_Olafsdottir_2016.md
39,https://doi.org/10.1038/nn.4291,Decoding,Bayes,checked_paper,Methods pp. 4-5; supplementary decoding functions,papers/39_Olafsdottir_2016.md
39,https://doi.org/10.1038/nn.4291,Time bin (ms),10,checked_paper,"Olafsdottir 2016 Methods, PDF pp. 4-5; publisher Supplementary Software, lineTraj_decode.m takes time/spatial bin arguments.",papers/39_Olafsdottir_2016.md
39,https://doi.org/10.1038/nn.4291,Position bin (cm),2,checked_paper,Methods pp. 4-5; supplementary decoding functions,papers/39_Olafsdottir_2016.md
39,https://doi.org/10.1038/nn.4291,Place field smooth (cm),10,checked_paper,Methods pp. 4-5; supplementary decoding functions,papers/39_Olafsdottir_2016.md
39,https://doi.org/10.1038/nn.4291,Trajectory,Radon transform,checked_paper,Methods pp. 4-5; supplementary decoding functions,papers/39_Olafsdottir_2016.md
39,https://doi.org/10.1038/nn.4291,Decoding notes,"Exhaustive line-fit search over velocity and intercept / Methods: 10 ms replay bins, 100 independent place-field rotations and p<0.2 for the main analysis; strongest replay subset uses p<0.025. Mean behavioral reconstruction error is 20 cm with 500 ms bins. Fraction 41.7% is derived from 1826/4382 putative events. Nonoverlapping steps are inferred from binning; released fitting functions take bin size as an argument and do not supply a detector caller.",reviewed_context,"Olafsdottir 2016 Methods, PDF pp. 4-5; publisher Supplementary Software, lineTraj_decode.m takes time/spatial bin arguments.",papers/39_Olafsdottir_2016.md
39,https://doi.org/10.1038/nn.4291,Reconst. Error (cm),20 (mean),checked_paper,"Olafsdottir 2016 Methods, PDF pp. 4-5; publisher Supplementary Software, lineTraj_decode.m takes time/spatial bin arguments.",papers/39_Olafsdottir_2016.md
39,https://doi.org/10.1038/nn.4291,% Decoded,41.7%,derived,"Olafsdottir 2016 Methods, PDF pp. 4-5; publisher Supplementary Software, lineTraj_decode.m takes time/spatial bin arguments.",papers/39_Olafsdottir_2016.md
39,https://doi.org/10.1038/nn.4291,Spike sorting,Sorted,checked_paper,Methods pp. 4-5; supplementary decoding functions,papers/39_Olafsdottir_2016.md
39,https://doi.org/10.1038/nn.4291,Time bin step (ms),10 (inferred nonoverlapping),inferred,"Olafsdottir 2016 Methods, PDF pp. 4-5; publisher Supplementary Software, lineTraj_decode.m takes time/spatial bin arguments.",papers/39_Olafsdottir_2016.md
39,https://doi.org/10.1038/nn.4291,Shuffle Method,Independent place-field rotation,checked_paper,"Olafsdottir 2016 Methods, PDF pp. 4-5; publisher Supplementary Software, lineTraj_decode.m takes time/spatial bin arguments.",papers/39_Olafsdottir_2016.md
39,https://doi.org/10.1038/nn.4291,Shuffles (#),100,checked_paper,"Olafsdottir 2016 Methods, PDF pp. 4-5; publisher Supplementary Software, lineTraj_decode.m takes time/spatial bin arguments.",papers/39_Olafsdottir_2016.md
39,https://doi.org/10.1038/nn.4291,Sig. Thresh.,P<0.2 vs own shuffle,checked_paper,Methods pp. 4-5; supplementary decoding functions,papers/39_Olafsdottir_2016.md
39,https://doi.org/10.1038/nn.4291,% Decoded denom.,putative events,checked_paper,"Olafsdottir 2016 Methods, PDF pp. 4-5; publisher Supplementary Software, lineTraj_decode.m takes time/spatial bin arguments.",papers/39_Olafsdottir_2016.md
39,https://doi.org/10.1038/nn.4291,Reconst. Error bin (ms),500,checked_paper,"Olafsdottir 2016 Methods, PDF pp. 4-5; publisher Supplementary Software, lineTraj_decode.m takes time/spatial bin arguments.",papers/39_Olafsdottir_2016.md
40,https://doi.org/10.1038/nn.4151,First Author,Silva,checked_metadata,Methods pp. 9-10,papers/40_Silva_2015.md
40,https://doi.org/10.1038/nn.4151,Last Author,Foster,checked_metadata,Methods pp. 9-10,papers/40_Silva_2015.md
40,https://doi.org/10.1038/nn.4151,Year,2015,checked_metadata,Methods pp. 9-10,papers/40_Silva_2015.md
40,https://doi.org/10.1038/nn.4151,DOI,https://doi.org/10.1038/nn.4151,checked_metadata,Methods pp. 9-10,papers/40_Silva_2015.md
40,https://doi.org/10.1038/nn.4151,Journal,Nature Neuroscience,checked_metadata,Methods pp. 9-10,papers/40_Silva_2015.md
40,https://doi.org/10.1038/nn.4151,Species,Rats,checked_metadata,Methods pp. 9-10,papers/40_Silva_2015.md
40,https://doi.org/10.1038/nn.4151,Detection,MUA,checked_paper,Methods pp. 9-10,papers/40_Silva_2015.md
40,https://doi.org/10.1038/nn.4151,Detection Notes,MUA,reviewed_context,Methods pp. 9-10,papers/40_Silva_2015.md
40,https://doi.org/10.1038/nn.4151,MUA Z-score Thresh. (STD),3,checked_paper,Methods pp. 9-10,papers/40_Silva_2015.md
40,https://doi.org/10.1038/nn.4151,SWR Z-score Thresh. (STD),#N/A,not_applicable,Methods pp. 9-10,papers/40_Silva_2015.md
40,https://doi.org/10.1038/nn.4151,Animal Speed (cm/s),5,checked_paper,Methods pp. 9-10,papers/40_Silva_2015.md
40,https://doi.org/10.1038/nn.4151,MUA smooth (ms),10,checked_paper,Methods pp. 9-10,papers/40_Silva_2015.md
40,https://doi.org/10.1038/nn.4151,SWR smooth (ms),#N/A,not_applicable,Methods pp. 9-10,papers/40_Silva_2015.md
40,https://doi.org/10.1038/nn.4151,Min. Cells (#),#N/A,not_applicable,Methods pp. 9-10,papers/40_Silva_2015.md
40,https://doi.org/10.1038/nn.4151,SWR electrodes (#),#N/A,not_applicable,Methods pp. 9-10,papers/40_Silva_2015.md
40,https://doi.org/10.1038/nn.4151,SWR Low Band (Hz),#N/A,not_applicable,Methods pp. 9-10,papers/40_Silva_2015.md
40,https://doi.org/10.1038/nn.4151,SWR High Band (Hz),#N/A,not_applicable,Methods pp. 9-10,papers/40_Silva_2015.md
40,https://doi.org/10.1038/nn.4151,Min. Duration (ms),100,checked_paper,Methods pp. 9-10,papers/40_Silva_2015.md
40,https://doi.org/10.1038/nn.4151,Max Duration (ms),500,checked_paper,Methods pp. 9-10,papers/40_Silva_2015.md
40,https://doi.org/10.1038/nn.4151,Combine Events Thresh. (ms),#N/A,not_applicable,Methods pp. 9-10,papers/40_Silva_2015.md
40,https://doi.org/10.1038/nn.4151,Decoding,Bayes,checked_paper,Methods pp. 9-10,papers/40_Silva_2015.md
40,https://doi.org/10.1038/nn.4151,Time bin (ms),20,checked_paper,Methods pp. 9-10,papers/40_Silva_2015.md
40,https://doi.org/10.1038/nn.4151,Position bin (cm),2.5,checked_paper,Methods pp. 9-10,papers/40_Silva_2015.md
40,https://doi.org/10.1038/nn.4151,Place field smooth (cm),5,checked_paper,Methods pp. 9-10,papers/40_Silva_2015.md
40,https://doi.org/10.1038/nn.4151,Trajectory,"Weighted correlation, Linear regression, MAP",checked_paper,Methods pp. 9-10,papers/40_Silva_2015.md
40,https://doi.org/10.1038/nn.4151,Decoding notes,"Trajectory events are selected by weighted-correlation and maximum-jump criteria; 5000 posterior column-cycle shuffles test the number of qualifying events. The p<0.05 result is an aggregate count test, not a per-event selection threshold.",reviewed_context,"Silva 2015 Methods, PDF p. 10.",papers/40_Silva_2015.md
40,https://doi.org/10.1038/nn.4151,Reconst. Error (cm),4.34,checked_paper,Methods pp. 9-10,papers/40_Silva_2015.md
40,https://doi.org/10.1038/nn.4151,% Decoded,Not reported,not_reported,Methods pp. 9-10,papers/40_Silva_2015.md
40,https://doi.org/10.1038/nn.4151,Spike sorting,Sorted,checked_paper,Methods pp. 9-10,papers/40_Silva_2015.md
40,https://doi.org/10.1038/nn.4151,Time bin step (ms),20,checked_paper,Methods pp. 9-10,papers/40_Silva_2015.md
40,https://doi.org/10.1038/nn.4151,Shuffle Method,Column-cycle (event-count test); Poisson and time-swap controls,checked_paper,"Silva 2015 Methods, PDF p. 10.",papers/40_Silva_2015.md
40,https://doi.org/10.1038/nn.4151,Shuffles (#),5000,checked_paper,Methods pp. 9-10,papers/40_Silva_2015.md
40,https://doi.org/10.1038/nn.4151,Sig. Thresh.,Criteria-based events; p<0.05 on counts,checked_paper,"Silva 2015 Methods, PDF p. 10.",papers/40_Silva_2015.md
40,https://doi.org/10.1038/nn.4151,% Decoded denom.,#N/A,not_reported,Methods pp. 9-10,papers/40_Silva_2015.md
40,https://doi.org/10.1038/nn.4151,Reconst. Error bin (ms),250,checked_paper,Methods pp. 9-10,papers/40_Silva_2015.md
41,https://doi.org/10.7554/eLife.06063,First Author,Ólafsdóttir,checked_metadata,"Methods, Bayesian and rank-order analyses",papers/41_Olafsdottir_2015.md
41,https://doi.org/10.7554/eLife.06063,Last Author,Spiers,checked_metadata,"Methods, Bayesian and rank-order analyses",papers/41_Olafsdottir_2015.md
41,https://doi.org/10.7554/eLife.06063,Year,2015,checked_metadata,"Methods, Bayesian and rank-order analyses",papers/41_Olafsdottir_2015.md
41,https://doi.org/10.7554/eLife.06063,DOI,https://doi.org/10.7554/eLife.06063,checked_metadata,"Methods, Bayesian and rank-order analyses",papers/41_Olafsdottir_2015.md
41,https://doi.org/10.7554/eLife.06063,Journal,eLife,checked_metadata,"Methods, Bayesian and rank-order analyses",papers/41_Olafsdottir_2015.md
41,https://doi.org/10.7554/eLife.06063,Species,Rats,checked_metadata,"Methods, Bayesian and rank-order analyses",papers/41_Olafsdottir_2015.md
41,https://doi.org/10.7554/eLife.06063,Detection,MUA,checked_paper,"Methods, Bayesian and rank-order analyses",papers/41_Olafsdottir_2015.md
41,https://doi.org/10.7554/eLife.06063,Detection Notes,"MUA / bounded by >= 50 ms of silence / If 15% of a template's cells fire within 300 ms, then event (per template; >= 4 cells for rat R1838) / >= 7 active cells for decoding / GOAL-CUE events only: speed < 10 cm/s and within 20 cm of the barrier",reviewed_context,"Methods, Bayesian and rank-order analyses",papers/41_Olafsdottir_2015.md
41,https://doi.org/10.7554/eLife.06063,MUA Z-score Thresh. (STD),#N/A,not_applicable,"Methods, Bayesian and rank-order analyses",papers/41_Olafsdottir_2015.md
41,https://doi.org/10.7554/eLife.06063,SWR Z-score Thresh. (STD),#N/A,not_applicable,"Methods, Bayesian and rank-order analyses",papers/41_Olafsdottir_2015.md
41,https://doi.org/10.7554/eLife.06063,Animal Speed (cm/s),#N/A,not_applicable,"Methods, Bayesian and rank-order analyses",papers/41_Olafsdottir_2015.md
41,https://doi.org/10.7554/eLife.06063,MUA smooth (ms),#N/A,not_applicable,"Methods, Bayesian and rank-order analyses",papers/41_Olafsdottir_2015.md
41,https://doi.org/10.7554/eLife.06063,SWR smooth (ms),#N/A,not_applicable,"Methods, Bayesian and rank-order analyses",papers/41_Olafsdottir_2015.md
41,https://doi.org/10.7554/eLife.06063,Min. Cells (#),7,checked_paper,"Methods, Bayesian and rank-order analyses",papers/41_Olafsdottir_2015.md
41,https://doi.org/10.7554/eLife.06063,SWR electrodes (#),#N/A,not_applicable,"Methods, Bayesian and rank-order analyses",papers/41_Olafsdottir_2015.md
41,https://doi.org/10.7554/eLife.06063,SWR Low Band (Hz),#N/A,not_applicable,"Methods, Bayesian and rank-order analyses",papers/41_Olafsdottir_2015.md
41,https://doi.org/10.7554/eLife.06063,SWR High Band (Hz),#N/A,not_applicable,"Methods, Bayesian and rank-order analyses",papers/41_Olafsdottir_2015.md
41,https://doi.org/10.7554/eLife.06063,Min. Duration (ms),#N/A,not_applicable,"Methods, Bayesian and rank-order analyses",papers/41_Olafsdottir_2015.md
41,https://doi.org/10.7554/eLife.06063,Max Duration (ms),300,checked_paper,"Methods, Bayesian and rank-order analyses",papers/41_Olafsdottir_2015.md
41,https://doi.org/10.7554/eLife.06063,Combine Events Thresh. (ms),#N/A,not_applicable,"Methods, Bayesian and rank-order analyses",papers/41_Olafsdottir_2015.md
41,https://doi.org/10.7554/eLife.06063,Decoding,"
Template Matching
Bayes",checked_paper,"Methods, Bayesian and rank-order analyses",papers/41_Olafsdottir_2015.md
41,https://doi.org/10.7554/eLife.06063,Time bin (ms),5,checked_paper,"Methods, Bayesian and rank-order analyses",papers/41_Olafsdottir_2015.md
41,https://doi.org/10.7554/eLife.06063,Position bin (cm),1,checked_paper,"Methods, Bayesian and rank-order analyses",papers/41_Olafsdottir_2015.md
41,https://doi.org/10.7554/eLife.06063,Place field smooth (cm),2,checked_paper,"Methods, Bayesian and rank-order analyses",papers/41_Olafsdottir_2015.md
41,https://doi.org/10.7554/eLife.06063,Trajectory,Radon transform,checked_paper,"Methods, Bayesian and rank-order analyses",papers/41_Olafsdottir_2015.md
41,https://doi.org/10.7554/eLife.06063,Decoding notes,,not_applicable,"Methods, Bayesian and rank-order analyses",papers/41_Olafsdottir_2015.md
41,https://doi.org/10.7554/eLife.06063,Reconst. Error (cm),10,checked_paper,"Methods, Bayesian and rank-order analyses",papers/41_Olafsdottir_2015.md
41,https://doi.org/10.7554/eLife.06063,% Decoded,Not reported,not_reported,"Methods, Bayesian and rank-order analyses",papers/41_Olafsdottir_2015.md
41,https://doi.org/10.7554/eLife.06063,Spike sorting,Sorted,checked_paper,"Methods, Bayesian and rank-order analyses",papers/41_Olafsdottir_2015.md
41,https://doi.org/10.7554/eLife.06063,Time bin step (ms),5,checked_paper,"Methods, Bayesian and rank-order analyses",papers/41_Olafsdottir_2015.md
41,https://doi.org/10.7554/eLife.06063,Shuffle Method,Cell-ID shuffle,checked_paper,"Methods, Bayesian and rank-order analyses",papers/41_Olafsdottir_2015.md
41,https://doi.org/10.7554/eLife.06063,Shuffles (#),1000,checked_paper,"Methods, Bayesian and rank-order analyses",papers/41_Olafsdottir_2015.md
41,https://doi.org/10.7554/eLife.06063,Sig. Thresh.,95th percentile,checked_paper,"Methods, Bayesian and rank-order analyses",papers/41_Olafsdottir_2015.md
41,https://doi.org/10.7554/eLife.06063,% Decoded denom.,#N/A,not_reported,"Methods, Bayesian and rank-order analyses",papers/41_Olafsdottir_2015.md
41,https://doi.org/10.7554/eLife.06063,Reconst. Error bin (ms),200,checked_paper,"Methods, Bayesian and rank-order analyses",papers/41_Olafsdottir_2015.md
42,https://doi.org/10.1126/science.aaa9633,First Author,Pfeiffer,checked_metadata,Supplementary Methods,papers/42_Pfeiffer_2015.md
42,https://doi.org/10.1126/science.aaa9633,Last Author,Foster,checked_metadata,Supplementary Methods,papers/42_Pfeiffer_2015.md
42,https://doi.org/10.1126/science.aaa9633,Year,2015,checked_metadata,Supplementary Methods,papers/42_Pfeiffer_2015.md
42,https://doi.org/10.1126/science.aaa9633,DOI,https://doi.org/10.1126/science.aaa9633,checked_metadata,Supplementary Methods,papers/42_Pfeiffer_2015.md
42,https://doi.org/10.1126/science.aaa9633,Journal,Science,checked_metadata,Supplementary Methods,papers/42_Pfeiffer_2015.md
42,https://doi.org/10.1126/science.aaa9633,Species,Rats,checked_metadata,Supplementary Methods,papers/42_Pfeiffer_2015.md
42,https://doi.org/10.1126/science.aaa9633,Detection,SWR,checked_paper,Supplementary Methods,papers/42_Pfeiffer_2015.md
42,https://doi.org/10.1126/science.aaa9633,Detection Notes,SWR,reviewed_context,Supplementary Methods,papers/42_Pfeiffer_2015.md
42,https://doi.org/10.1126/science.aaa9633,MUA Z-score Thresh. (STD),#N/A,not_applicable,Supplementary Methods,papers/42_Pfeiffer_2015.md
42,https://doi.org/10.1126/science.aaa9633,SWR Z-score Thresh. (STD),3,checked_paper,Supplementary Methods,papers/42_Pfeiffer_2015.md
42,https://doi.org/10.1126/science.aaa9633,Animal Speed (cm/s),5,checked_paper,Supplementary Methods,papers/42_Pfeiffer_2015.md
42,https://doi.org/10.1126/science.aaa9633,MUA smooth (ms),#N/A,not_applicable,Supplementary Methods,papers/42_Pfeiffer_2015.md
42,https://doi.org/10.1126/science.aaa9633,SWR smooth (ms),12.5,checked_paper,Supplementary Methods,papers/42_Pfeiffer_2015.md
42,https://doi.org/10.1126/science.aaa9633,Min. Cells (#),#N/A,not_applicable,Supplementary Methods,papers/42_Pfeiffer_2015.md
42,https://doi.org/10.1126/science.aaa9633,SWR electrodes (#),>1,checked_paper,Supplementary Methods,papers/42_Pfeiffer_2015.md
42,https://doi.org/10.1126/science.aaa9633,SWR Low Band (Hz),150,checked_paper,Supplementary Methods,papers/42_Pfeiffer_2015.md
42,https://doi.org/10.1126/science.aaa9633,SWR High Band (Hz),250,checked_paper,Supplementary Methods,papers/42_Pfeiffer_2015.md
42,https://doi.org/10.1126/science.aaa9633,Min. Duration (ms),50,checked_paper,Supplementary Methods,papers/42_Pfeiffer_2015.md
42,https://doi.org/10.1126/science.aaa9633,Max Duration (ms),2000,checked_paper,Supplementary Methods,papers/42_Pfeiffer_2015.md
42,https://doi.org/10.1126/science.aaa9633,Combine Events Thresh. (ms),#N/A,not_applicable,Supplementary Methods,papers/42_Pfeiffer_2015.md
42,https://doi.org/10.1126/science.aaa9633,Decoding,Bayes,checked_paper,Supplementary Methods,papers/42_Pfeiffer_2015.md
42,https://doi.org/10.1126/science.aaa9633,Time bin (ms),20,checked_paper,Supplementary Methods,papers/42_Pfeiffer_2015.md
42,https://doi.org/10.1126/science.aaa9633,Position bin (cm),2,checked_paper,Supplementary Methods,papers/42_Pfeiffer_2015.md
42,https://doi.org/10.1126/science.aaa9633,Place field smooth (cm),4,checked_paper,Supplementary Methods,papers/42_Pfeiffer_2015.md
42,https://doi.org/10.1126/science.aaa9633,Trajectory,Posterior center of mass,checked_paper,Supplementary Methods,papers/42_Pfeiffer_2015.md
42,https://doi.org/10.1126/science.aaa9633,Decoding notes,"Exclude events:
steps (<10)
start-to-end distance (<80 cm)",reviewed_context,Supplementary Methods,papers/42_Pfeiffer_2015.md
42,https://doi.org/10.1126/science.aaa9633,Reconst. Error (cm),Not reported,not_reported,Supplementary Methods,papers/42_Pfeiffer_2015.md
42,https://doi.org/10.1126/science.aaa9633,% Decoded,Not reported,not_reported,Supplementary Methods,papers/42_Pfeiffer_2015.md
42,https://doi.org/10.1126/science.aaa9633,Spike sorting,Sorted,checked_paper,Supplementary Methods,papers/42_Pfeiffer_2015.md
42,https://doi.org/10.1126/science.aaa9633,Time bin step (ms),5,checked_paper,Supplementary Methods,papers/42_Pfeiffer_2015.md
42,https://doi.org/10.1126/science.aaa9633,Shuffle Method,none (jump and start-to-end distance criteria),checked_paper,Supplementary Methods,papers/42_Pfeiffer_2015.md
42,https://doi.org/10.1126/science.aaa9633,Shuffles (#),#N/A,not_applicable,Supplementary Methods,papers/42_Pfeiffer_2015.md
42,https://doi.org/10.1126/science.aaa9633,Sig. Thresh.,#N/A,not_applicable,Supplementary Methods,papers/42_Pfeiffer_2015.md
42,https://doi.org/10.1126/science.aaa9633,% Decoded denom.,#N/A,not_reported,Supplementary Methods,papers/42_Pfeiffer_2015.md
42,https://doi.org/10.1126/science.aaa9633,Reconst. Error bin (ms),#N/A,not_reported,Supplementary Methods,papers/42_Pfeiffer_2015.md
43,https://doi.org/10.1523/JNEUROSCI.3414-13.2014,First Author,Wu,checked_metadata,Methods pp. 2-3,papers/43_Wu_2014.md
43,https://doi.org/10.1523/JNEUROSCI.3414-13.2014,Last Author,Foster,checked_metadata,Methods pp. 2-3,papers/43_Wu_2014.md
43,https://doi.org/10.1523/JNEUROSCI.3414-13.2014,Year,2014,checked_metadata,Methods pp. 2-3,papers/43_Wu_2014.md
43,https://doi.org/10.1523/JNEUROSCI.3414-13.2014,DOI,https://doi.org/10.1523/JNEUROSCI.3414-13.2014,checked_metadata,Methods pp. 2-3,papers/43_Wu_2014.md
43,https://doi.org/10.1523/JNEUROSCI.3414-13.2014,Journal,Journal of Neuroscience,checked_metadata,Methods pp. 2-3,papers/43_Wu_2014.md
43,https://doi.org/10.1523/JNEUROSCI.3414-13.2014,Species,Rats,checked_metadata,Methods pp. 2-3,papers/43_Wu_2014.md
43,https://doi.org/10.1523/JNEUROSCI.3414-13.2014,Detection,MUA,checked_paper,Methods pp. 2-3,papers/43_Wu_2014.md
43,https://doi.org/10.1523/JNEUROSCI.3414-13.2014,Detection Notes,"MUA / Separate ripple analysis uses 13-15 tetrodes, 150-250 Hz, Gaussian SD 8 ms and peak >2.5 SD. The >=50 ms condition applies to a decoded single-arm sequence, not the MUA candidate.",reviewed_context,Methods pp. 2-3,papers/43_Wu_2014.md
43,https://doi.org/10.1523/JNEUROSCI.3414-13.2014,MUA Z-score Thresh. (STD),2,checked_paper,Methods pp. 2-3,papers/43_Wu_2014.md
43,https://doi.org/10.1523/JNEUROSCI.3414-13.2014,SWR Z-score Thresh. (STD),2.5,checked_paper,Methods pp. 2-3,papers/43_Wu_2014.md
43,https://doi.org/10.1523/JNEUROSCI.3414-13.2014,Animal Speed (cm/s),5,checked_paper,Methods pp. 2-3,papers/43_Wu_2014.md
43,https://doi.org/10.1523/JNEUROSCI.3414-13.2014,MUA smooth (ms),15,checked_paper,Methods pp. 2-3,papers/43_Wu_2014.md
43,https://doi.org/10.1523/JNEUROSCI.3414-13.2014,SWR smooth (ms),8,checked_paper,Methods pp. 2-3,papers/43_Wu_2014.md
43,https://doi.org/10.1523/JNEUROSCI.3414-13.2014,Min. Cells (#),#N/A,not_applicable,Methods pp. 2-3,papers/43_Wu_2014.md
43,https://doi.org/10.1523/JNEUROSCI.3414-13.2014,SWR electrodes (#),13-15,checked_paper,Methods pp. 2-3,papers/43_Wu_2014.md
43,https://doi.org/10.1523/JNEUROSCI.3414-13.2014,SWR Low Band (Hz),150,checked_paper,Methods pp. 2-3,papers/43_Wu_2014.md
43,https://doi.org/10.1523/JNEUROSCI.3414-13.2014,SWR High Band (Hz),250,checked_paper,Methods pp. 2-3,papers/43_Wu_2014.md
43,https://doi.org/10.1523/JNEUROSCI.3414-13.2014,Min. Duration (ms),#N/A,not_applicable,Methods pp. 2-3,papers/43_Wu_2014.md
43,https://doi.org/10.1523/JNEUROSCI.3414-13.2014,Max Duration (ms),#N/A,not_applicable,Methods pp. 2-3,papers/43_Wu_2014.md
43,https://doi.org/10.1523/JNEUROSCI.3414-13.2014,Combine Events Thresh. (ms),#N/A,not_applicable,Methods pp. 2-3,papers/43_Wu_2014.md
43,https://doi.org/10.1523/JNEUROSCI.3414-13.2014,Decoding,Bayes,checked_paper,Methods pp. 2-3,papers/43_Wu_2014.md
43,https://doi.org/10.1523/JNEUROSCI.3414-13.2014,Time bin (ms),10,checked_paper,Methods pp. 2-3,papers/43_Wu_2014.md
43,https://doi.org/10.1523/JNEUROSCI.3414-13.2014,Position bin (cm),1.8-1.9,checked_paper,"Wu 2014 Methods, PDF p. 2: spatial bins 1.8-1.9 cm and Gaussian SD 5 bins.",papers/43_Wu_2014.md
43,https://doi.org/10.1523/JNEUROSCI.3414-13.2014,Place field smooth (cm),9-9.5,derived,"Wu 2014 Methods, PDF p. 2: spatial bins 1.8-1.9 cm and Gaussian SD 5 bins.",papers/43_Wu_2014.md
43,https://doi.org/10.1523/JNEUROSCI.3414-13.2014,Trajectory,Weighted correlation,checked_paper,Methods pp. 2-3,papers/43_Wu_2014.md
43,https://doi.org/10.1523/JNEUROSCI.3414-13.2014,Decoding notes,,not_applicable,Methods pp. 2-3,papers/43_Wu_2014.md
43,https://doi.org/10.1523/JNEUROSCI.3414-13.2014,Reconst. Error (cm),Not reported,not_reported,Methods pp. 2-3,papers/43_Wu_2014.md
43,https://doi.org/10.1523/JNEUROSCI.3414-13.2014,% Decoded,Not reported,not_reported,Methods pp. 2-3,papers/43_Wu_2014.md
43,https://doi.org/10.1523/JNEUROSCI.3414-13.2014,Spike sorting,Sorted,checked_paper,Methods pp. 2-3,papers/43_Wu_2014.md
43,https://doi.org/10.1523/JNEUROSCI.3414-13.2014,Time bin step (ms),10,checked_paper,Methods pp. 2-3,papers/43_Wu_2014.md
43,https://doi.org/10.1523/JNEUROSCI.3414-13.2014,Shuffle Method,"Place-field circular shift (on cumulative counts, not per event)",checked_paper,Methods pp. 2-3,papers/43_Wu_2014.md
43,https://doi.org/10.1523/JNEUROSCI.3414-13.2014,Shuffles (#),5000,checked_paper,Methods pp. 2-3,papers/43_Wu_2014.md
43,https://doi.org/10.1523/JNEUROSCI.3414-13.2014,Sig. Thresh.,|weighted correlation|>0.5 per event; p<0.05 on counts,checked_paper,Methods pp. 2-3,papers/43_Wu_2014.md
43,https://doi.org/10.1523/JNEUROSCI.3414-13.2014,% Decoded denom.,#N/A,not_reported,Methods pp. 2-3,papers/43_Wu_2014.md
43,https://doi.org/10.1523/JNEUROSCI.3414-13.2014,Reconst. Error bin (ms),#N/A,not_reported,Methods pp. 2-3,papers/43_Wu_2014.md
44,https://doi.org/10.1002/hipo.22049,First Author,Wikenheiser,checked_metadata,Methods pp. 4-5,papers/44_Wikenheiser_2013.md
44,https://doi.org/10.1002/hipo.22049,Last Author,Redish,checked_metadata,Methods pp. 4-5,papers/44_Wikenheiser_2013.md
44,https://doi.org/10.1002/hipo.22049,Year,2013,checked_metadata,Methods pp. 4-5,papers/44_Wikenheiser_2013.md
44,https://doi.org/10.1002/hipo.22049,DOI,https://doi.org/10.1002/hipo.22049,checked_metadata,Methods pp. 4-5,papers/44_Wikenheiser_2013.md
44,https://doi.org/10.1002/hipo.22049,Journal,Hippocampus,checked_metadata,Methods pp. 4-5,papers/44_Wikenheiser_2013.md
44,https://doi.org/10.1002/hipo.22049,Species,Rats,checked_metadata,Methods pp. 4-5,papers/44_Wikenheiser_2013.md
44,https://doi.org/10.1002/hipo.22049,Detection,SWR,checked_paper,Methods pp. 4-5,papers/44_Wikenheiser_2013.md
44,https://doi.org/10.1002/hipo.22049,Detection Notes,150 ms window centered on times when ripple power exceeded the threshold; overlapping windows joined / at least 3 cells firing at least 5 spikes in total / theta/delta ratio,reviewed_context,"Methods pp. 4-5 Cited Jackson 2006 (PMC6674885), LFP analysis Methods directly reopened; no reliance on an intermediary summary.",papers/44_Wikenheiser_2013.md
44,https://doi.org/10.1002/hipo.22049,MUA Z-score Thresh. (STD),#N/A,not_applicable,Methods pp. 4-5,papers/44_Wikenheiser_2013.md
44,https://doi.org/10.1002/hipo.22049,SWR Z-score Thresh. (STD),1,checked_paper,Methods pp. 4-5,papers/44_Wikenheiser_2013.md
44,https://doi.org/10.1002/hipo.22049,Animal Speed (cm/s),2,checked_paper,Methods pp. 4-5,papers/44_Wikenheiser_2013.md
44,https://doi.org/10.1002/hipo.22049,MUA smooth (ms),#N/A,not_applicable,Methods pp. 4-5,papers/44_Wikenheiser_2013.md
44,https://doi.org/10.1002/hipo.22049,SWR smooth (ms),#N/A,not_applicable,Methods pp. 4-5,papers/44_Wikenheiser_2013.md
44,https://doi.org/10.1002/hipo.22049,Min. Cells (#),3,checked_paper,Methods pp. 4-5,papers/44_Wikenheiser_2013.md
44,https://doi.org/10.1002/hipo.22049,SWR electrodes (#),Not reported,not_reported,Methods pp. 4-5,papers/44_Wikenheiser_2013.md
44,https://doi.org/10.1002/hipo.22049,SWR Low Band (Hz),140,checked_paper,Methods pp. 4-5,papers/44_Wikenheiser_2013.md
44,https://doi.org/10.1002/hipo.22049,SWR High Band (Hz),220,checked_paper,Methods pp. 4-5,papers/44_Wikenheiser_2013.md
44,https://doi.org/10.1002/hipo.22049,Min. Duration (ms),#N/A,not_applicable,Methods pp. 4-5,papers/44_Wikenheiser_2013.md
44,https://doi.org/10.1002/hipo.22049,Max Duration (ms),#N/A,not_applicable,Methods pp. 4-5,papers/44_Wikenheiser_2013.md
44,https://doi.org/10.1002/hipo.22049,Combine Events Thresh. (ms),#N/A,not_applicable,Methods pp. 4-5,papers/44_Wikenheiser_2013.md
44,https://doi.org/10.1002/hipo.22049,Decoding,Bayes,checked_paper,Methods pp. 4-5,papers/44_Wikenheiser_2013.md
44,https://doi.org/10.1002/hipo.22049,Time bin (ms),10,checked_paper,Methods pp. 4-5,papers/44_Wikenheiser_2013.md
44,https://doi.org/10.1002/hipo.22049,Position bin (cm),4,checked_paper,Methods pp. 4-5,papers/44_Wikenheiser_2013.md
44,https://doi.org/10.1002/hipo.22049,Place field smooth (cm),#N/A,not_reported,Methods pp. 4-5,papers/44_Wikenheiser_2013.md
44,https://doi.org/10.1002/hipo.22049,Trajectory,Linear regression,checked_paper,Methods pp. 4-5,papers/44_Wikenheiser_2013.md
44,https://doi.org/10.1002/hipo.22049,Decoding notes,Only time steps with at least 1 spike included,reviewed_context,"Wikenheiser 2013 Methods, PDF p. 4.",papers/44_Wikenheiser_2013.md
44,https://doi.org/10.1002/hipo.22049,Reconst. Error (cm),Not reported,not_reported,Methods pp. 4-5,papers/44_Wikenheiser_2013.md
44,https://doi.org/10.1002/hipo.22049,% Decoded,28%,checked_paper,Methods pp. 4-5,papers/44_Wikenheiser_2013.md
44,https://doi.org/10.1002/hipo.22049,Spike sorting,Sorted,checked_paper,Methods pp. 4-5,papers/44_Wikenheiser_2013.md
44,https://doi.org/10.1002/hipo.22049,Time bin step (ms),10,checked_paper,Methods pp. 4-5,papers/44_Wikenheiser_2013.md
44,https://doi.org/10.1002/hipo.22049,Shuffle Method,Bootstrap of Karlsson & Frank 2009 (not described),checked_paper,Methods pp. 4-5,papers/44_Wikenheiser_2013.md
44,https://doi.org/10.1002/hipo.22049,Shuffles (#),#N/A,not_applicable,Methods pp. 4-5,papers/44_Wikenheiser_2013.md
44,https://doi.org/10.1002/hipo.22049,Sig. Thresh.,p<0.05,checked_paper,Methods pp. 4-5,papers/44_Wikenheiser_2013.md
44,https://doi.org/10.1002/hipo.22049,% Decoded denom.,candidate ripples,checked_paper,Methods pp. 4-5,papers/44_Wikenheiser_2013.md
44,https://doi.org/10.1002/hipo.22049,Reconst. Error bin (ms),#N/A,not_reported,Methods pp. 4-5,papers/44_Wikenheiser_2013.md
45,https://doi.org/10.1038/nature12112,First Author,Pfeiffer,checked_metadata,Methods pp. 7-8; Results p. 2,papers/45_Pfeiffer_2013.md
45,https://doi.org/10.1038/nature12112,Last Author,Foster,checked_metadata,Methods pp. 7-8; Results p. 2,papers/45_Pfeiffer_2013.md
45,https://doi.org/10.1038/nature12112,Year,2013,checked_metadata,Methods pp. 7-8; Results p. 2,papers/45_Pfeiffer_2013.md
45,https://doi.org/10.1038/nature12112,DOI,https://doi.org/10.1038/nature12112,checked_metadata,Methods pp. 7-8; Results p. 2,papers/45_Pfeiffer_2013.md
45,https://doi.org/10.1038/nature12112,Journal,Nature,checked_metadata,Methods pp. 7-8; Results p. 2,papers/45_Pfeiffer_2013.md
45,https://doi.org/10.1038/nature12112,Species,Rats,checked_metadata,Methods pp. 7-8; Results p. 2,papers/45_Pfeiffer_2013.md
45,https://doi.org/10.1038/nature12112,Detection,MUA,checked_paper,Methods pp. 7-8; Results p. 2,papers/45_Pfeiffer_2013.md
45,https://doi.org/10.1038/nature12112,Detection Notes,MUA,reviewed_context,Methods pp. 7-8; Results p. 2,papers/45_Pfeiffer_2013.md
45,https://doi.org/10.1038/nature12112,MUA Z-score Thresh. (STD),3,checked_paper,Methods pp. 7-8; Results p. 2,papers/45_Pfeiffer_2013.md
45,https://doi.org/10.1038/nature12112,SWR Z-score Thresh. (STD),#N/A,not_applicable,Methods pp. 7-8; Results p. 2,papers/45_Pfeiffer_2013.md
45,https://doi.org/10.1038/nature12112,Animal Speed (cm/s),5,checked_paper,Methods pp. 7-8; Results p. 2,papers/45_Pfeiffer_2013.md
45,https://doi.org/10.1038/nature12112,MUA smooth (ms),10,checked_paper,Methods pp. 7-8; Results p. 2,papers/45_Pfeiffer_2013.md
45,https://doi.org/10.1038/nature12112,SWR smooth (ms),#N/A,not_applicable,Methods pp. 7-8; Results p. 2,papers/45_Pfeiffer_2013.md
45,https://doi.org/10.1038/nature12112,Min. Cells (#),10%,checked_paper,Methods pp. 7-8; Results p. 2,papers/45_Pfeiffer_2013.md
45,https://doi.org/10.1038/nature12112,SWR electrodes (#),#N/A,not_applicable,Methods pp. 7-8; Results p. 2,papers/45_Pfeiffer_2013.md
45,https://doi.org/10.1038/nature12112,SWR Low Band (Hz),#N/A,not_applicable,Methods pp. 7-8; Results p. 2,papers/45_Pfeiffer_2013.md
45,https://doi.org/10.1038/nature12112,SWR High Band (Hz),#N/A,not_applicable,Methods pp. 7-8; Results p. 2,papers/45_Pfeiffer_2013.md
45,https://doi.org/10.1038/nature12112,Min. Duration (ms),50,checked_paper,Methods pp. 7-8; Results p. 2,papers/45_Pfeiffer_2013.md
45,https://doi.org/10.1038/nature12112,Max Duration (ms),2000,checked_paper,Methods pp. 7-8; Results p. 2,papers/45_Pfeiffer_2013.md
45,https://doi.org/10.1038/nature12112,Combine Events Thresh. (ms),#N/A,not_applicable,Methods pp. 7-8; Results p. 2,papers/45_Pfeiffer_2013.md
45,https://doi.org/10.1038/nature12112,Decoding,Bayes,checked_paper,Methods pp. 7-8; Results p. 2,papers/45_Pfeiffer_2013.md
45,https://doi.org/10.1038/nature12112,Time bin (ms),20,checked_paper,Methods pp. 7-8; Results p. 2,papers/45_Pfeiffer_2013.md
45,https://doi.org/10.1038/nature12112,Position bin (cm),2,checked_paper,Methods pp. 7-8; Results p. 2,papers/45_Pfeiffer_2013.md
45,https://doi.org/10.1038/nature12112,Place field smooth (cm),4,checked_paper,Methods pp. 7-8; Results p. 2,papers/45_Pfeiffer_2013.md
45,https://doi.org/10.1038/nature12112,Trajectory,MAP,checked_paper,Methods pp. 7-8; Results p. 2,papers/45_Pfeiffer_2013.md
45,https://doi.org/10.1038/nature12112,Decoding notes,"Exclude events:
steps (<10)
start-to-end distance (<40 cm)",reviewed_context,Methods pp. 7-8; Results p. 2,papers/45_Pfeiffer_2013.md
45,https://doi.org/10.1038/nature12112,Reconst. Error (cm),Not reported,not_reported,Methods pp. 7-8; Results p. 2,papers/45_Pfeiffer_2013.md
45,https://doi.org/10.1038/nature12112,% Decoded,25.3-43.9%,checked_paper,Methods pp. 7-8; Results p. 2,papers/45_Pfeiffer_2013.md
45,https://doi.org/10.1038/nature12112,Spike sorting,Sorted,checked_paper,Methods pp. 7-8; Results p. 2,papers/45_Pfeiffer_2013.md
45,https://doi.org/10.1038/nature12112,Time bin step (ms),5,checked_paper,Methods pp. 7-8; Results p. 2,papers/45_Pfeiffer_2013.md
45,https://doi.org/10.1038/nature12112,Shuffle Method,Cell-ID shuffle; place-field shift,checked_paper,Methods pp. 7-8; Results p. 2,papers/45_Pfeiffer_2013.md
45,https://doi.org/10.1038/nature12112,Shuffles (#),5000,checked_paper,Methods pp. 7-8; Results p. 2,papers/45_Pfeiffer_2013.md
45,https://doi.org/10.1038/nature12112,Sig. Thresh.,Criteria-based events; all p<0.02 under both shuffles in verification,checked_paper,"Pfeiffer 2013 Methods, PDF p. 8: 5000 cell-ID and place-field-shift shuffles verify the selected trajectory events.",papers/45_Pfeiffer_2013.md
45,https://doi.org/10.1038/nature12112,% Decoded denom.,candidate events,checked_paper,Methods pp. 7-8; Results p. 2,papers/45_Pfeiffer_2013.md
45,https://doi.org/10.1038/nature12112,Reconst. Error bin (ms),#N/A,not_reported,Methods pp. 7-8; Results p. 2,papers/45_Pfeiffer_2013.md
46,https://doi.org/10.1016/j.neuron.2012.06.014,First Author,Carr,checked_metadata,Methods pp. 11-12,papers/46_Carr_2012.md
46,https://doi.org/10.1016/j.neuron.2012.06.014,Last Author,Frank,checked_metadata,Methods pp. 11-12,papers/46_Carr_2012.md
46,https://doi.org/10.1016/j.neuron.2012.06.014,Year,2012,checked_metadata,Methods pp. 11-12,papers/46_Carr_2012.md
46,https://doi.org/10.1016/j.neuron.2012.06.014,DOI,https://doi.org/10.1016/j.neuron.2012.06.014,checked_metadata,Methods pp. 11-12,papers/46_Carr_2012.md
46,https://doi.org/10.1016/j.neuron.2012.06.014,Journal,Neuron,checked_metadata,Methods pp. 11-12,papers/46_Carr_2012.md
46,https://doi.org/10.1016/j.neuron.2012.06.014,Species,Rats,checked_metadata,Methods pp. 11-12,papers/46_Carr_2012.md
46,https://doi.org/10.1016/j.neuron.2012.06.014,Detection,SWR,checked_paper,Methods pp. 11-12,papers/46_Carr_2012.md
46,https://doi.org/10.1016/j.neuron.2012.06.014,Detection Notes,SWR,reviewed_context,Methods pp. 11-12,papers/46_Carr_2012.md
46,https://doi.org/10.1016/j.neuron.2012.06.014,MUA Z-score Thresh. (STD),#N/A,not_applicable,Methods pp. 11-12,papers/46_Carr_2012.md
46,https://doi.org/10.1016/j.neuron.2012.06.014,SWR Z-score Thresh. (STD),3,checked_paper,Methods pp. 11-12,papers/46_Carr_2012.md
46,https://doi.org/10.1016/j.neuron.2012.06.014,Animal Speed (cm/s),4,checked_paper,Methods pp. 11-12,papers/46_Carr_2012.md
46,https://doi.org/10.1016/j.neuron.2012.06.014,MUA smooth (ms),#N/A,not_applicable,Methods pp. 11-12,papers/46_Carr_2012.md
46,https://doi.org/10.1016/j.neuron.2012.06.014,SWR smooth (ms),4,checked_paper,Methods pp. 11-12,papers/46_Carr_2012.md
46,https://doi.org/10.1016/j.neuron.2012.06.014,Min. Cells (#),5,checked_paper,Methods pp. 11-12,papers/46_Carr_2012.md
46,https://doi.org/10.1016/j.neuron.2012.06.014,SWR electrodes (#),>1,checked_paper,Methods pp. 11-12,papers/46_Carr_2012.md
46,https://doi.org/10.1016/j.neuron.2012.06.014,SWR Low Band (Hz),150,checked_paper,Methods pp. 11-12,papers/46_Carr_2012.md
46,https://doi.org/10.1016/j.neuron.2012.06.014,SWR High Band (Hz),250,checked_paper,Methods pp. 11-12,papers/46_Carr_2012.md
46,https://doi.org/10.1016/j.neuron.2012.06.014,Min. Duration (ms),15,checked_paper,Methods pp. 11-12,papers/46_Carr_2012.md
46,https://doi.org/10.1016/j.neuron.2012.06.014,Max Duration (ms),#N/A,not_applicable,Methods pp. 11-12,papers/46_Carr_2012.md
46,https://doi.org/10.1016/j.neuron.2012.06.014,Combine Events Thresh. (ms),#N/A,not_applicable,Methods pp. 11-12,papers/46_Carr_2012.md
46,https://doi.org/10.1016/j.neuron.2012.06.014,Decoding,Bayes,checked_paper,Methods pp. 11-12,papers/46_Carr_2012.md
46,https://doi.org/10.1016/j.neuron.2012.06.014,Time bin (ms),15,checked_paper,Methods pp. 11-12,papers/46_Carr_2012.md
46,https://doi.org/10.1016/j.neuron.2012.06.014,Position bin (cm),2,checked_paper,Methods pp. 11-12,papers/46_Carr_2012.md
46,https://doi.org/10.1016/j.neuron.2012.06.014,Place field smooth (cm),4,checked_paper,Methods pp. 11-12,papers/46_Carr_2012.md
46,https://doi.org/10.1016/j.neuron.2012.06.014,Trajectory,Linear regression,checked_paper,Methods pp. 11-12,papers/46_Carr_2012.md
46,https://doi.org/10.1016/j.neuron.2012.06.014,Decoding notes,,not_applicable,Methods pp. 11-12,papers/46_Carr_2012.md
46,https://doi.org/10.1016/j.neuron.2012.06.014,Reconst. Error (cm),Not reported,not_reported,Methods pp. 11-12,papers/46_Carr_2012.md
46,https://doi.org/10.1016/j.neuron.2012.06.014,% Decoded,Not reported,not_reported,Methods pp. 11-12,papers/46_Carr_2012.md
46,https://doi.org/10.1016/j.neuron.2012.06.014,Spike sorting,Sorted,checked_paper,Methods pp. 11-12,papers/46_Carr_2012.md
46,https://doi.org/10.1016/j.neuron.2012.06.014,Time bin step (ms),15,checked_paper,Methods pp. 11-12,papers/46_Carr_2012.md
46,https://doi.org/10.1016/j.neuron.2012.06.014,Shuffle Method,Time-bin order shuffle,checked_paper,Methods pp. 11-12,papers/46_Carr_2012.md
46,https://doi.org/10.1016/j.neuron.2012.06.014,Shuffles (#),10000,checked_paper,Methods pp. 11-12,papers/46_Carr_2012.md
46,https://doi.org/10.1016/j.neuron.2012.06.014,Sig. Thresh.,p<0.05,checked_paper,Methods pp. 11-12,papers/46_Carr_2012.md
46,https://doi.org/10.1016/j.neuron.2012.06.014,% Decoded denom.,#N/A,not_reported,Methods pp. 11-12,papers/46_Carr_2012.md
46,https://doi.org/10.1016/j.neuron.2012.06.014,Reconst. Error bin (ms),#N/A,not_reported,Methods pp. 11-12,papers/46_Carr_2012.md
47,https://doi.org/10.1038/nn.3203,First Author,Bendor,checked_metadata,Methods p. 7,papers/47_Bendor_2012.md
47,https://doi.org/10.1038/nn.3203,Last Author,Wilson,checked_metadata,Methods p. 7,papers/47_Bendor_2012.md
47,https://doi.org/10.1038/nn.3203,Year,2012,checked_metadata,Methods p. 7,papers/47_Bendor_2012.md
47,https://doi.org/10.1038/nn.3203,DOI,https://doi.org/10.1038/nn.3203,checked_metadata,Methods p. 7,papers/47_Bendor_2012.md
47,https://doi.org/10.1038/nn.3203,Journal,Nature Neuroscience,checked_metadata,Methods p. 7,papers/47_Bendor_2012.md
47,https://doi.org/10.1038/nn.3203,Species,Rats,checked_metadata,Methods p. 7,papers/47_Bendor_2012.md
47,https://doi.org/10.1038/nn.3203,Detection,MUA,checked_paper,Methods p. 7,papers/47_Bendor_2012.md
47,https://doi.org/10.1038/nn.3203,Detection Notes,MUA / bounds where z >= 2 (peak z >= 4),reviewed_context,Methods p. 7,papers/47_Bendor_2012.md
47,https://doi.org/10.1038/nn.3203,MUA Z-score Thresh. (STD),4,checked_paper,Methods p. 7,papers/47_Bendor_2012.md
47,https://doi.org/10.1038/nn.3203,SWR Z-score Thresh. (STD),#N/A,not_applicable,Methods p. 7,papers/47_Bendor_2012.md
47,https://doi.org/10.1038/nn.3203,Animal Speed (cm/s),#N/A,not_applicable,Methods p. 7,papers/47_Bendor_2012.md
47,https://doi.org/10.1038/nn.3203,MUA smooth (ms),15,checked_paper,Methods p. 7,papers/47_Bendor_2012.md
47,https://doi.org/10.1038/nn.3203,SWR smooth (ms),#N/A,not_applicable,Methods p. 7,papers/47_Bendor_2012.md
47,https://doi.org/10.1038/nn.3203,Min. Cells (#),#N/A,not_applicable,Methods p. 7,papers/47_Bendor_2012.md
47,https://doi.org/10.1038/nn.3203,SWR electrodes (#),#N/A,not_applicable,Methods p. 7,papers/47_Bendor_2012.md
47,https://doi.org/10.1038/nn.3203,SWR Low Band (Hz),#N/A,not_applicable,Methods p. 7,papers/47_Bendor_2012.md
47,https://doi.org/10.1038/nn.3203,SWR High Band (Hz),#N/A,not_applicable,Methods p. 7,papers/47_Bendor_2012.md
47,https://doi.org/10.1038/nn.3203,Min. Duration (ms),50,checked_paper,Methods p. 7,papers/47_Bendor_2012.md
47,https://doi.org/10.1038/nn.3203,Max Duration (ms),#N/A,not_applicable,Methods p. 7,papers/47_Bendor_2012.md
47,https://doi.org/10.1038/nn.3203,Combine Events Thresh. (ms),50,checked_paper,Methods p. 7,papers/47_Bendor_2012.md
47,https://doi.org/10.1038/nn.3203,Decoding,Bayes,checked_paper,Methods p. 7,papers/47_Bendor_2012.md
47,https://doi.org/10.1038/nn.3203,Time bin (ms),10,checked_paper,Methods p. 7,papers/47_Bendor_2012.md
47,https://doi.org/10.1038/nn.3203,Position bin (cm),Not reported,not_reported,Methods p. 7,papers/47_Bendor_2012.md
47,https://doi.org/10.1038/nn.3203,Place field smooth (cm),Not reported,not_reported,Methods p. 7,papers/47_Bendor_2012.md
47,https://doi.org/10.1038/nn.3203,Trajectory,Weighted average,checked_paper,Methods p. 7,papers/47_Bendor_2012.md
47,https://doi.org/10.1038/nn.3203,Decoding notes,,not_applicable,Methods p. 7,papers/47_Bendor_2012.md
47,https://doi.org/10.1038/nn.3203,Reconst. Error (cm),Not reported,not_reported,Methods p. 7,papers/47_Bendor_2012.md
47,https://doi.org/10.1038/nn.3203,% Decoded,Not reported,not_reported,Methods p. 7,papers/47_Bendor_2012.md
47,https://doi.org/10.1038/nn.3203,Spike sorting,Sorted,checked_paper,Methods p. 7,papers/47_Bendor_2012.md
47,https://doi.org/10.1038/nn.3203,Time bin step (ms),Not reported,not_reported,"Bendor 2012 Methods, PDF p. 7: 10 ms replay bins without explicit step.",papers/47_Bendor_2012.md
47,https://doi.org/10.1038/nn.3203,Shuffle Method,none,checked_paper,Methods p. 7,papers/47_Bendor_2012.md
47,https://doi.org/10.1038/nn.3203,Shuffles (#),#N/A,not_applicable,Methods p. 7,papers/47_Bendor_2012.md
47,https://doi.org/10.1038/nn.3203,Sig. Thresh.,#N/A,not_applicable,Methods p. 7,papers/47_Bendor_2012.md
47,https://doi.org/10.1038/nn.3203,% Decoded denom.,#N/A,not_reported,Methods p. 7,papers/47_Bendor_2012.md
47,https://doi.org/10.1038/nn.3203,Reconst. Error bin (ms),#N/A,not_reported,Methods p. 7,papers/47_Bendor_2012.md
48,https://doi.org/10.1016/j.neuron.2010.01.034,First Author,Gupta,checked_metadata,"Supplementary Experimental Procedures, combined PDF pp. 21-23",papers/48_Gupta_2010.md
48,https://doi.org/10.1016/j.neuron.2010.01.034,Last Author,Redish,checked_metadata,"Supplementary Experimental Procedures, combined PDF pp. 21-23",papers/48_Gupta_2010.md
48,https://doi.org/10.1016/j.neuron.2010.01.034,Year,2010,checked_metadata,"Supplementary Experimental Procedures, combined PDF pp. 21-23",papers/48_Gupta_2010.md
48,https://doi.org/10.1016/j.neuron.2010.01.034,DOI,https://doi.org/10.1016/j.neuron.2010.01.034,checked_metadata,"Supplementary Experimental Procedures, combined PDF pp. 21-23",papers/48_Gupta_2010.md
48,https://doi.org/10.1016/j.neuron.2010.01.034,Journal,Neuron,checked_metadata,"Supplementary Experimental Procedures, combined PDF pp. 21-23",papers/48_Gupta_2010.md
48,https://doi.org/10.1016/j.neuron.2010.01.034,Species,Rats,checked_metadata,"Supplementary Experimental Procedures, combined PDF pp. 21-23",papers/48_Gupta_2010.md
48,https://doi.org/10.1016/j.neuron.2010.01.034,Detection,SWR,checked_paper,"Supplementary Experimental Procedures, combined PDF pp. 21-23",papers/48_Gupta_2010.md
48,https://doi.org/10.1016/j.neuron.2010.01.034,Detection Notes,SWR,reviewed_context,"Supplementary Experimental Procedures, combined PDF pp. 21-23 Cited Jackson 2006 (PMC6674885) primary LFP Methods directly reopened; whether Gupta retained log transformation remains unestablished.",papers/48_Gupta_2010.md
48,https://doi.org/10.1016/j.neuron.2010.01.034,MUA Z-score Thresh. (STD),#N/A,not_applicable,"Supplementary Experimental Procedures, combined PDF pp. 21-23",papers/48_Gupta_2010.md
48,https://doi.org/10.1016/j.neuron.2010.01.034,SWR Z-score Thresh. (STD),2,checked_paper,"Supplementary Experimental Procedures, combined PDF pp. 21-23",papers/48_Gupta_2010.md
48,https://doi.org/10.1016/j.neuron.2010.01.034,Animal Speed (cm/s),Not reported,not_reported,"Supplementary Experimental Procedures, combined PDF pp. 21-23",papers/48_Gupta_2010.md
48,https://doi.org/10.1016/j.neuron.2010.01.034,MUA smooth (ms),#N/A,not_applicable,"Supplementary Experimental Procedures, combined PDF pp. 21-23",papers/48_Gupta_2010.md
48,https://doi.org/10.1016/j.neuron.2010.01.034,SWR smooth (ms),#N/A,not_applicable,"Supplementary Experimental Procedures, combined PDF pp. 21-23",papers/48_Gupta_2010.md
48,https://doi.org/10.1016/j.neuron.2010.01.034,Min. Cells (#),3,checked_paper,"Supplementary Experimental Procedures, combined PDF pp. 21-23",papers/48_Gupta_2010.md
48,https://doi.org/10.1016/j.neuron.2010.01.034,SWR electrodes (#),>1,checked_paper,"Supplementary Experimental Procedures, combined PDF pp. 21-23",papers/48_Gupta_2010.md
48,https://doi.org/10.1016/j.neuron.2010.01.034,SWR Low Band (Hz),180,checked_paper,"Supplementary Experimental Procedures, combined PDF pp. 21-23",papers/48_Gupta_2010.md
48,https://doi.org/10.1016/j.neuron.2010.01.034,SWR High Band (Hz),220,checked_paper,"Supplementary Experimental Procedures, combined PDF pp. 21-23",papers/48_Gupta_2010.md
48,https://doi.org/10.1016/j.neuron.2010.01.034,Min. Duration (ms),40,checked_paper,"Supplementary Experimental Procedures, combined PDF pp. 21-23",papers/48_Gupta_2010.md
48,https://doi.org/10.1016/j.neuron.2010.01.034,Max Duration (ms),600,checked_paper,"Supplementary Experimental Procedures, combined PDF pp. 21-23",papers/48_Gupta_2010.md
48,https://doi.org/10.1016/j.neuron.2010.01.034,Combine Events Thresh. (ms),#N/A,not_applicable,"Supplementary Experimental Procedures, combined PDF pp. 21-23",papers/48_Gupta_2010.md
48,https://doi.org/10.1016/j.neuron.2010.01.034,Decoding,"Custom Sequence
 detection
Bayes",checked_paper,"Supplementary Experimental Procedures, combined PDF pp. 21-23",papers/48_Gupta_2010.md
48,https://doi.org/10.1016/j.neuron.2010.01.034,Time bin (ms),40-600 (adaptive sequence window),checked_paper,"Gupta 2010 supplementary Experimental Procedures, combined PDF pp. 21-23.",papers/48_Gupta_2010.md
48,https://doi.org/10.1016/j.neuron.2010.01.034,Position bin (cm),3.5,checked_paper,"Supplementary Experimental Procedures, combined PDF pp. 21-23",papers/48_Gupta_2010.md
48,https://doi.org/10.1016/j.neuron.2010.01.034,Place field smooth (cm),#N/A,not_reported,"Supplementary Experimental Procedures, combined PDF pp. 21-23",papers/48_Gupta_2010.md
48,https://doi.org/10.1016/j.neuron.2010.01.034,Trajectory,#N/A,not_applicable,"Supplementary Experimental Procedures, combined PDF pp. 21-23",papers/48_Gupta_2010.md
48,https://doi.org/10.1016/j.neuron.2010.01.034,Decoding notes,The custom sequence detector scans in 10 ms steps using flexible 40-600 ms windows. A 10 ms scan step is not a 10 ms Bayesian decoding window; the supplementary Bayesian control does not specify its own numerical window here.,reviewed_context,"Gupta 2010 supplementary Experimental Procedures, combined PDF pp. 21-23.",papers/48_Gupta_2010.md
48,https://doi.org/10.1016/j.neuron.2010.01.034,Reconst. Error (cm),Not reported,not_reported,"Supplementary Experimental Procedures, combined PDF pp. 21-23",papers/48_Gupta_2010.md
48,https://doi.org/10.1016/j.neuron.2010.01.034,% Decoded,10%,checked_paper,"Supplementary Experimental Procedures, combined PDF pp. 21-23",papers/48_Gupta_2010.md
48,https://doi.org/10.1016/j.neuron.2010.01.034,Spike sorting,Sorted,checked_paper,"Supplementary Experimental Procedures, combined PDF pp. 21-23",papers/48_Gupta_2010.md
48,https://doi.org/10.1016/j.neuron.2010.01.034,Time bin step (ms),10,checked_paper,"Supplementary Experimental Procedures, combined PDF pp. 21-23",papers/48_Gupta_2010.md
48,https://doi.org/10.1016/j.neuron.2010.01.034,Shuffle Method,Within-event spike-time shuffle; cell-ID shuffle,checked_paper,"Supplementary Experimental Procedures, combined PDF pp. 21-23",papers/48_Gupta_2010.md
48,https://doi.org/10.1016/j.neuron.2010.01.034,Shuffles (#),300,checked_paper,"Supplementary Experimental Procedures, combined PDF pp. 21-23",papers/48_Gupta_2010.md
48,https://doi.org/10.1016/j.neuron.2010.01.034,Sig. Thresh.,95th percentile (both),checked_paper,"Supplementary Experimental Procedures, combined PDF pp. 21-23",papers/48_Gupta_2010.md
48,https://doi.org/10.1016/j.neuron.2010.01.034,% Decoded denom.,candidate events,checked_paper,"Supplementary Experimental Procedures, combined PDF pp. 21-23",papers/48_Gupta_2010.md
48,https://doi.org/10.1016/j.neuron.2010.01.034,Reconst. Error bin (ms),#N/A,not_reported,"Supplementary Experimental Procedures, combined PDF pp. 21-23",papers/48_Gupta_2010.md
49,https://doi.org/10.1038/nn.2344,First Author,Karlsson,checked_metadata,Methods p. 7; Results p. 2,papers/49_Karlsson_2009.md
49,https://doi.org/10.1038/nn.2344,Last Author,Frank,checked_metadata,Methods p. 7; Results p. 2,papers/49_Karlsson_2009.md
49,https://doi.org/10.1038/nn.2344,Year,2009,checked_metadata,Methods p. 7; Results p. 2,papers/49_Karlsson_2009.md
49,https://doi.org/10.1038/nn.2344,DOI,https://doi.org/10.1038/nn.2344,checked_metadata,Methods p. 7; Results p. 2,papers/49_Karlsson_2009.md
49,https://doi.org/10.1038/nn.2344,Journal,Nature Neuroscience,checked_metadata,Methods p. 7; Results p. 2,papers/49_Karlsson_2009.md
49,https://doi.org/10.1038/nn.2344,Species,Rats,checked_metadata,Methods p. 7; Results p. 2,papers/49_Karlsson_2009.md
49,https://doi.org/10.1038/nn.2344,Detection,SWR,checked_paper,Methods p. 7; Results p. 2,papers/49_Karlsson_2009.md
49,https://doi.org/10.1038/nn.2344,Detection Notes,SWR,reviewed_context,Methods p. 7; Results p. 2,papers/49_Karlsson_2009.md
49,https://doi.org/10.1038/nn.2344,MUA Z-score Thresh. (STD),#N/A,not_applicable,Methods p. 7; Results p. 2,papers/49_Karlsson_2009.md
49,https://doi.org/10.1038/nn.2344,SWR Z-score Thresh. (STD),3,checked_paper,Methods p. 7; Results p. 2,papers/49_Karlsson_2009.md
49,https://doi.org/10.1038/nn.2344,Animal Speed (cm/s),2,checked_paper,Methods p. 7; Results p. 2,papers/49_Karlsson_2009.md
49,https://doi.org/10.1038/nn.2344,MUA smooth (ms),#N/A,not_applicable,Methods p. 7; Results p. 2,papers/49_Karlsson_2009.md
49,https://doi.org/10.1038/nn.2344,SWR smooth (ms),4,checked_paper,Methods p. 7; Results p. 2,papers/49_Karlsson_2009.md
49,https://doi.org/10.1038/nn.2344,Min. Cells (#),5,checked_paper,Methods p. 7; Results p. 2,papers/49_Karlsson_2009.md
49,https://doi.org/10.1038/nn.2344,SWR electrodes (#),>1,checked_paper,Methods p. 7; Results p. 2,papers/49_Karlsson_2009.md
49,https://doi.org/10.1038/nn.2344,SWR Low Band (Hz),150,checked_paper,Methods p. 7; Results p. 2,papers/49_Karlsson_2009.md
49,https://doi.org/10.1038/nn.2344,SWR High Band (Hz),250,checked_paper,Methods p. 7; Results p. 2,papers/49_Karlsson_2009.md
49,https://doi.org/10.1038/nn.2344,Min. Duration (ms),15,checked_paper,Methods p. 7; Results p. 2,papers/49_Karlsson_2009.md
49,https://doi.org/10.1038/nn.2344,Max Duration (ms),#N/A,not_applicable,Methods p. 7; Results p. 2,papers/49_Karlsson_2009.md
49,https://doi.org/10.1038/nn.2344,Combine Events Thresh. (ms),#N/A,not_applicable,Methods p. 7; Results p. 2,papers/49_Karlsson_2009.md
49,https://doi.org/10.1038/nn.2344,Decoding,Bayes,checked_paper,Methods p. 7; Results p. 2,papers/49_Karlsson_2009.md
49,https://doi.org/10.1038/nn.2344,Time bin (ms),15,checked_paper,Methods p. 7; Results p. 2,papers/49_Karlsson_2009.md
49,https://doi.org/10.1038/nn.2344,Position bin (cm),2,checked_paper,Methods p. 7; Results p. 2,papers/49_Karlsson_2009.md
49,https://doi.org/10.1038/nn.2344,Place field smooth (cm),4,checked_paper,Methods p. 7; Results p. 2,papers/49_Karlsson_2009.md
49,https://doi.org/10.1038/nn.2344,Trajectory,Linear regression,checked_paper,Methods p. 7; Results p. 2,papers/49_Karlsson_2009.md
49,https://doi.org/10.1038/nn.2344,Decoding notes,,not_applicable,Methods p. 7; Results p. 2,papers/49_Karlsson_2009.md
49,https://doi.org/10.1038/nn.2344,Reconst. Error (cm),Not reported,not_reported,Methods p. 7; Results p. 2,papers/49_Karlsson_2009.md
49,https://doi.org/10.1038/nn.2344,% Decoded,47%,checked_paper,Methods p. 7; Results p. 2,papers/49_Karlsson_2009.md
49,https://doi.org/10.1038/nn.2344,Spike sorting,Sorted,checked_paper,Methods p. 7; Results p. 2,papers/49_Karlsson_2009.md
49,https://doi.org/10.1038/nn.2344,Time bin step (ms),15,checked_paper,Methods p. 7; Results p. 2,papers/49_Karlsson_2009.md
49,https://doi.org/10.1038/nn.2344,Shuffle Method,Time-bin order shuffle; cell-ID shuffle (control),checked_paper,Methods p. 7; Results p. 2,papers/49_Karlsson_2009.md
49,https://doi.org/10.1038/nn.2344,Shuffles (#),10000,checked_paper,Methods p. 7; Results p. 2,papers/49_Karlsson_2009.md
49,https://doi.org/10.1038/nn.2344,Sig. Thresh.,p<0.05,checked_paper,Methods p. 7; Results p. 2,papers/49_Karlsson_2009.md
49,https://doi.org/10.1038/nn.2344,% Decoded denom.,candidate events,checked_paper,Methods p. 7; Results p. 2,papers/49_Karlsson_2009.md
49,https://doi.org/10.1038/nn.2344,Reconst. Error bin (ms),#N/A,not_reported,Methods p. 7; Results p. 2,papers/49_Karlsson_2009.md
50,https://doi.org/10.1016/j.neuron.2009.07.027,First Author,Davidson,checked_metadata,Main text pp. 1-2 and Methods,papers/50_Davidson_2009.md
50,https://doi.org/10.1016/j.neuron.2009.07.027,Last Author,Wilson,checked_metadata,Main text pp. 1-2 and Methods,papers/50_Davidson_2009.md
50,https://doi.org/10.1016/j.neuron.2009.07.027,Year,2009,checked_metadata,Main text pp. 1-2 and Methods,papers/50_Davidson_2009.md
50,https://doi.org/10.1016/j.neuron.2009.07.027,DOI,https://doi.org/10.1016/j.neuron.2009.07.027,checked_metadata,Main text pp. 1-2 and Methods,papers/50_Davidson_2009.md
50,https://doi.org/10.1016/j.neuron.2009.07.027,Journal,Neuron,checked_metadata,Main text pp. 1-2 and Methods,papers/50_Davidson_2009.md
50,https://doi.org/10.1016/j.neuron.2009.07.027,Species,Rats,checked_metadata,Main text pp. 1-2 and Methods,papers/50_Davidson_2009.md
50,https://doi.org/10.1016/j.neuron.2009.07.027,Detection,MUA,checked_paper,Main text pp. 1-2 and Methods,papers/50_Davidson_2009.md
50,https://doi.org/10.1016/j.neuron.2009.07.027,Detection Notes,MUA,reviewed_context,Main text pp. 1-2 and Methods,papers/50_Davidson_2009.md
50,https://doi.org/10.1016/j.neuron.2009.07.027,MUA Z-score Thresh. (STD),3,checked_paper,Main text pp. 1-2 and Methods,papers/50_Davidson_2009.md
50,https://doi.org/10.1016/j.neuron.2009.07.027,SWR Z-score Thresh. (STD),#N/A,not_applicable,Main text pp. 1-2 and Methods,papers/50_Davidson_2009.md
50,https://doi.org/10.1016/j.neuron.2009.07.027,Animal Speed (cm/s),5,checked_paper,Main text pp. 1-2 and Methods,papers/50_Davidson_2009.md
50,https://doi.org/10.1016/j.neuron.2009.07.027,MUA smooth (ms),15,checked_paper,Main text pp. 1-2 and Methods,papers/50_Davidson_2009.md
50,https://doi.org/10.1016/j.neuron.2009.07.027,SWR smooth (ms),#N/A,not_applicable,Main text pp. 1-2 and Methods,papers/50_Davidson_2009.md
50,https://doi.org/10.1016/j.neuron.2009.07.027,Min. Cells (#),#N/A,not_applicable,Main text pp. 1-2 and Methods,papers/50_Davidson_2009.md
50,https://doi.org/10.1016/j.neuron.2009.07.027,SWR electrodes (#),#N/A,not_applicable,Main text pp. 1-2 and Methods,papers/50_Davidson_2009.md
50,https://doi.org/10.1016/j.neuron.2009.07.027,SWR Low Band (Hz),#N/A,not_applicable,Main text pp. 1-2 and Methods,papers/50_Davidson_2009.md
50,https://doi.org/10.1016/j.neuron.2009.07.027,SWR High Band (Hz),#N/A,not_applicable,Main text pp. 1-2 and Methods,papers/50_Davidson_2009.md
50,https://doi.org/10.1016/j.neuron.2009.07.027,Min. Duration (ms),#N/A,not_applicable,Main text pp. 1-2 and Methods,papers/50_Davidson_2009.md
50,https://doi.org/10.1016/j.neuron.2009.07.027,Max Duration (ms),#N/A,not_applicable,Main text pp. 1-2 and Methods,papers/50_Davidson_2009.md
50,https://doi.org/10.1016/j.neuron.2009.07.027,Combine Events Thresh. (ms),#N/A,not_applicable,Main text pp. 1-2 and Methods,papers/50_Davidson_2009.md
50,https://doi.org/10.1016/j.neuron.2009.07.027,Decoding,Bayes,checked_paper,Main text pp. 1-2 and Methods,papers/50_Davidson_2009.md
50,https://doi.org/10.1016/j.neuron.2009.07.027,Time bin (ms),20,checked_paper,Main text pp. 1-2 and Methods,papers/50_Davidson_2009.md
50,https://doi.org/10.1016/j.neuron.2009.07.027,Position bin (cm),10,checked_paper,Main text pp. 1-2 and Methods,papers/50_Davidson_2009.md
50,https://doi.org/10.1016/j.neuron.2009.07.027,Place field smooth (cm),5,checked_paper,Main text pp. 1-2 and Methods,papers/50_Davidson_2009.md
50,https://doi.org/10.1016/j.neuron.2009.07.027,Trajectory,Radon transform,checked_paper,Main text pp. 1-2 and Methods,papers/50_Davidson_2009.md
50,https://doi.org/10.1016/j.neuron.2009.07.027,Decoding notes,,not_applicable,Main text pp. 1-2 and Methods,papers/50_Davidson_2009.md
50,https://doi.org/10.1016/j.neuron.2009.07.027,Reconst. Error (cm),"7 cm, 9 cm, 8 cm, 8 cm for each rat",checked_paper,Main text pp. 1-2 and Methods,papers/50_Davidson_2009.md
50,https://doi.org/10.1016/j.neuron.2009.07.027,% Decoded,16%,checked_paper,Main text pp. 1-2 and Methods,papers/50_Davidson_2009.md
50,https://doi.org/10.1016/j.neuron.2009.07.027,Spike sorting,Sorted,checked_paper,Main text pp. 1-2 and Methods,papers/50_Davidson_2009.md
50,https://doi.org/10.1016/j.neuron.2009.07.027,Time bin step (ms),20,checked_paper,Main text pp. 1-2 and Methods,papers/50_Davidson_2009.md
50,https://doi.org/10.1016/j.neuron.2009.07.027,Shuffle Method,Column-cycle shuffle; unit-identity shuffle; pseudoevent shuffle,checked_paper,Main text pp. 1-2 and Methods,papers/50_Davidson_2009.md
50,https://doi.org/10.1016/j.neuron.2009.07.027,Shuffles (#),1500,checked_paper,Main text pp. 1-2 and Methods,papers/50_Davidson_2009.md
50,https://doi.org/10.1016/j.neuron.2009.07.027,Sig. Thresh.,p<0.01 under all three,checked_paper,Main text pp. 1-2 and Methods,papers/50_Davidson_2009.md
50,https://doi.org/10.1016/j.neuron.2009.07.027,% Decoded denom.,candidate events,checked_paper,Main text pp. 1-2 and Methods,papers/50_Davidson_2009.md
50,https://doi.org/10.1016/j.neuron.2009.07.027,Reconst. Error bin (ms),500,checked_paper,Main text pp. 1-2 and Methods,papers/50_Davidson_2009.md
51,https://doi.org/10.1038/nn1961,First Author,Diba,checked_metadata,Main text; Supplement Methods,papers/51_Diba_2007.md
51,https://doi.org/10.1038/nn1961,Last Author,Buzsáki,checked_metadata,Main text; Supplement Methods,papers/51_Diba_2007.md
51,https://doi.org/10.1038/nn1961,Year,2007,checked_metadata,Main text; Supplement Methods,papers/51_Diba_2007.md
51,https://doi.org/10.1038/nn1961,DOI,https://doi.org/10.1038/nn1961,checked_metadata,Main text; Supplement Methods,papers/51_Diba_2007.md
51,https://doi.org/10.1038/nn1961,Journal,Nature Neuroscience,checked_metadata,Main text; Supplement Methods,papers/51_Diba_2007.md
51,https://doi.org/10.1038/nn1961,Species,Rats,checked_metadata,Main text; Supplement Methods,papers/51_Diba_2007.md
51,https://doi.org/10.1038/nn1961,Detection,MUA,checked_paper,Main text; Supplement Methods,papers/51_Diba_2007.md
51,https://doi.org/10.1038/nn1961,Detection Notes,"MUA / Detected spiking silent periods (>=60 ms) / If >=5 cells (or >30%) spiked in the next 300 ms, / this was an event / Events follow >=60 ms silence and require >=max(5,30% of template cells) within 300 ms. Separate ripple cross-correlation uses 100-300 Hz RMS, peak 2 SD and onset 1.5 SD.",reviewed_context,Main text; Supplement Methods,papers/51_Diba_2007.md
51,https://doi.org/10.1038/nn1961,MUA Z-score Thresh. (STD),#N/A,not_applicable,Main text; Supplement Methods,papers/51_Diba_2007.md
51,https://doi.org/10.1038/nn1961,SWR Z-score Thresh. (STD),2,checked_paper,Main text; Supplement Methods,papers/51_Diba_2007.md
51,https://doi.org/10.1038/nn1961,Animal Speed (cm/s),10,checked_paper,Main text; Supplement Methods,papers/51_Diba_2007.md
51,https://doi.org/10.1038/nn1961,MUA smooth (ms),#N/A,not_applicable,Main text; Supplement Methods,papers/51_Diba_2007.md
51,https://doi.org/10.1038/nn1961,SWR smooth (ms),#N/A,not_applicable,Main text; Supplement Methods,papers/51_Diba_2007.md
51,https://doi.org/10.1038/nn1961,Min. Cells (#),5,checked_paper,Main text; Supplement Methods,papers/51_Diba_2007.md
51,https://doi.org/10.1038/nn1961,SWR electrodes (#),1,checked_paper,Main text; Supplement Methods,papers/51_Diba_2007.md
51,https://doi.org/10.1038/nn1961,SWR Low Band (Hz),100,checked_paper,Main text; Supplement Methods,papers/51_Diba_2007.md
51,https://doi.org/10.1038/nn1961,SWR High Band (Hz),300,checked_paper,Main text; Supplement Methods,papers/51_Diba_2007.md
51,https://doi.org/10.1038/nn1961,Min. Duration (ms),#N/A,not_applicable,Main text; Supplement Methods,papers/51_Diba_2007.md
51,https://doi.org/10.1038/nn1961,Max Duration (ms),300,checked_paper,Main text; Supplement Methods,papers/51_Diba_2007.md
51,https://doi.org/10.1038/nn1961,Combine Events Thresh. (ms),#N/A,not_applicable,Main text; Supplement Methods,papers/51_Diba_2007.md
51,https://doi.org/10.1038/nn1961,Decoding,Rank order correlation,checked_paper,Main text; Supplement Methods,papers/51_Diba_2007.md
51,https://doi.org/10.1038/nn1961,Time bin (ms),#N/A,not_applicable,Main text; Supplement Methods,papers/51_Diba_2007.md
51,https://doi.org/10.1038/nn1961,Position bin (cm),#N/A,not_applicable,Main text; Supplement Methods,papers/51_Diba_2007.md
51,https://doi.org/10.1038/nn1961,Place field smooth (cm),#N/A,not_applicable,Main text; Supplement Methods,papers/51_Diba_2007.md
51,https://doi.org/10.1038/nn1961,Trajectory,#N/A,not_applicable,Main text; Supplement Methods,papers/51_Diba_2007.md
51,https://doi.org/10.1038/nn1961,Decoding notes,,not_applicable,Main text; Supplement Methods,papers/51_Diba_2007.md
51,https://doi.org/10.1038/nn1961,Reconst. Error (cm),#N/A,not_applicable,Main text; Supplement Methods,papers/51_Diba_2007.md
51,https://doi.org/10.1038/nn1961,% Decoded,#N/A,not_applicable,Main text; Supplement Methods,papers/51_Diba_2007.md
51,https://doi.org/10.1038/nn1961,Spike sorting,Sorted,checked_paper,Main text; Supplement Methods,papers/51_Diba_2007.md
51,https://doi.org/10.1038/nn1961,Time bin step (ms),#N/A,not_applicable,Main text; Supplement Methods,papers/51_Diba_2007.md
51,https://doi.org/10.1038/nn1961,Shuffle Method,Cell-ID shuffle,checked_paper,Main text; Supplement Methods,papers/51_Diba_2007.md
51,https://doi.org/10.1038/nn1961,Shuffles (#),500,checked_paper,Main text; Supplement Methods,papers/51_Diba_2007.md
51,https://doi.org/10.1038/nn1961,Sig. Thresh.,95th percentile,checked_paper,Main text; Supplement Methods,papers/51_Diba_2007.md
51,https://doi.org/10.1038/nn1961,% Decoded denom.,#N/A,not_applicable,Main text; Supplement Methods,papers/51_Diba_2007.md
51,https://doi.org/10.1038/nn1961,Reconst. Error bin (ms),#N/A,not_applicable,Main text; Supplement Methods,papers/51_Diba_2007.md
52,https://doi.org/10.1038/nn1825,First Author,Ji,checked_metadata,Main Methods; Supplementary Figure 12,papers/52_Ji_2007.md
52,https://doi.org/10.1038/nn1825,Last Author,Wilson,checked_metadata,Main Methods; Supplementary Figure 12,papers/52_Ji_2007.md
52,https://doi.org/10.1038/nn1825,Year,2007,checked_metadata,Main Methods; Supplementary Figure 12,papers/52_Ji_2007.md
52,https://doi.org/10.1038/nn1825,DOI,https://doi.org/10.1038/nn1825,checked_metadata,Main Methods; Supplementary Figure 12,papers/52_Ji_2007.md
52,https://doi.org/10.1038/nn1825,Journal,Nature Neuroscience,checked_metadata,Main Methods; Supplementary Figure 12,papers/52_Ji_2007.md
52,https://doi.org/10.1038/nn1825,Species,Rats,checked_metadata,Main Methods; Supplementary Figure 12,papers/52_Ji_2007.md
52,https://doi.org/10.1038/nn1825,Detection,MUA,checked_paper,Main Methods; Supplementary Figure 12,papers/52_Ji_2007.md
52,https://doi.org/10.1038/nn1825,Detection Notes,"MUA / spike count threshold determined empirically from distribution / events were merged if smaller than frame gap threshold / Separate ripple detector uses rectified 80-250 Hz voltage, bounds 3 x SD, peak 7 x SD, grouping gaps <50 ms. Frame merging uses per-animal hippocampal gaps of 70-90 ms. / Supplementary Fig. 12 independently retrieved: hippocampal interframe gaps are 90, 70, 90 and 80 ms for animals 1-4; cortical gaps differ. This closes the earlier retrieval gap.",reviewed_context,"Ji 2007 Supplementary Figure 12, caption p. 2; publisher 41593_2007_BFnn1825_MOESM12_ESM.pdf. Removed superseded uncertainty after retrieving Supplementary Fig. 12.",papers/52_Ji_2007.md
52,https://doi.org/10.1038/nn1825,MUA Z-score Thresh. (STD),Adaptive,checked_paper,Main Methods; Supplementary Figure 12,papers/52_Ji_2007.md
52,https://doi.org/10.1038/nn1825,SWR Z-score Thresh. (STD),7 x SD (not z-scored),checked_paper,Main Methods; Supplementary Figure 12,papers/52_Ji_2007.md
52,https://doi.org/10.1038/nn1825,Animal Speed (cm/s),#N/A,not_applicable,Main Methods; Supplementary Figure 12,papers/52_Ji_2007.md
52,https://doi.org/10.1038/nn1825,MUA smooth (ms),30,checked_paper,Main Methods; Supplementary Figure 12,papers/52_Ji_2007.md
52,https://doi.org/10.1038/nn1825,SWR smooth (ms),#N/A,not_applicable,Main Methods; Supplementary Figure 12,papers/52_Ji_2007.md
52,https://doi.org/10.1038/nn1825,Min. Cells (#),4,checked_paper,Main Methods; Supplementary Figure 12,papers/52_Ji_2007.md
52,https://doi.org/10.1038/nn1825,SWR electrodes (#),#N/A,not_applicable,Main Methods; Supplementary Figure 12,papers/52_Ji_2007.md
52,https://doi.org/10.1038/nn1825,SWR Low Band (Hz),80,checked_paper,Main Methods; Supplementary Figure 12,papers/52_Ji_2007.md
52,https://doi.org/10.1038/nn1825,SWR High Band (Hz),250,checked_paper,Main Methods; Supplementary Figure 12,papers/52_Ji_2007.md
52,https://doi.org/10.1038/nn1825,Min. Duration (ms),#N/A,not_applicable,Main Methods; Supplementary Figure 12,papers/52_Ji_2007.md
52,https://doi.org/10.1038/nn1825,Max Duration (ms),#N/A,not_applicable,Main Methods; Supplementary Figure 12,papers/52_Ji_2007.md
52,https://doi.org/10.1038/nn1825,Combine Events Thresh. (ms),70-90,checked_paper,"Ji 2007 Supplementary Figure 12, caption p. 2; publisher 41593_2007_BFnn1825_MOESM12_ESM.pdf.",papers/52_Ji_2007.md
52,https://doi.org/10.1038/nn1825,Decoding,Template matching,checked_paper,Main Methods; Supplementary Figure 12,papers/52_Ji_2007.md
52,https://doi.org/10.1038/nn1825,Time bin (ms),#N/A,not_applicable,Main Methods; Supplementary Figure 12,papers/52_Ji_2007.md
52,https://doi.org/10.1038/nn1825,Position bin (cm),2,checked_paper,Main Methods; Supplementary Figure 12,papers/52_Ji_2007.md
52,https://doi.org/10.1038/nn1825,Place field smooth (cm),#N/A,not_applicable,Main Methods; Supplementary Figure 12,papers/52_Ji_2007.md
52,https://doi.org/10.1038/nn1825,Trajectory,#N/A,not_applicable,Main Methods; Supplementary Figure 12,papers/52_Ji_2007.md
52,https://doi.org/10.1038/nn1825,Decoding notes,,not_applicable,Main Methods; Supplementary Figure 12,papers/52_Ji_2007.md
52,https://doi.org/10.1038/nn1825,Reconst. Error (cm),#N/A,not_applicable,Main Methods; Supplementary Figure 12,papers/52_Ji_2007.md
52,https://doi.org/10.1038/nn1825,% Decoded,#N/A,not_applicable,Main Methods; Supplementary Figure 12,papers/52_Ji_2007.md
52,https://doi.org/10.1038/nn1825,Spike sorting,Sorted,checked_paper,Main Methods; Supplementary Figure 12,papers/52_Ji_2007.md
52,https://doi.org/10.1038/nn1825,Time bin step (ms),#N/A,not_applicable,Main Methods; Supplementary Figure 12,papers/52_Ji_2007.md
52,https://doi.org/10.1038/nn1825,Shuffle Method,Analytic combinatorial match probability; template cell-ID shuffle (population-level),checked_paper,Main Methods; Supplementary Figure 12,papers/52_Ji_2007.md
52,https://doi.org/10.1038/nn1825,Shuffles (#),#N/A,not_applicable,Main Methods; Supplementary Figure 12,papers/52_Ji_2007.md
52,https://doi.org/10.1038/nn1825,Sig. Thresh.,p<0.05,checked_paper,Main Methods; Supplementary Figure 12,papers/52_Ji_2007.md
52,https://doi.org/10.1038/nn1825,% Decoded denom.,#N/A,not_applicable,Main Methods; Supplementary Figure 12,papers/52_Ji_2007.md
52,https://doi.org/10.1038/nn1825,Reconst. Error bin (ms),#N/A,not_applicable,Main Methods; Supplementary Figure 12,papers/52_Ji_2007.md
53,https://doi.org/10.1038/nature04587,First Author,Foster,checked_metadata,Methods p. 4,papers/53_Foster_2006.md
53,https://doi.org/10.1038/nature04587,Last Author,Wilson,checked_metadata,Methods p. 4,papers/53_Foster_2006.md
53,https://doi.org/10.1038/nature04587,Year,2006,checked_metadata,Methods p. 4,papers/53_Foster_2006.md
53,https://doi.org/10.1038/nature04587,DOI,https://doi.org/10.1038/nature04587,checked_metadata,Methods p. 4,papers/53_Foster_2006.md
53,https://doi.org/10.1038/nature04587,Journal,Nature,checked_metadata,Methods p. 4,papers/53_Foster_2006.md
53,https://doi.org/10.1038/nature04587,Species,Rats,checked_metadata,Methods p. 4,papers/53_Foster_2006.md
53,https://doi.org/10.1038/nature04587,Detection,MUA,checked_paper,Methods p. 4,papers/53_Foster_2006.md
53,https://doi.org/10.1038/nature04587,Detection Notes,"MUA / spikes separated by more than 50 ms / stopping periods, facing the direction just run / The 50 ms grouping entry is the maximum gap between successive pooled spikes, not merging of already-detected ripple intervals.",reviewed_context,Methods p. 4,papers/53_Foster_2006.md
53,https://doi.org/10.1038/nature04587,MUA Z-score Thresh. (STD),#N/A,not_applicable,Methods p. 4,papers/53_Foster_2006.md
53,https://doi.org/10.1038/nature04587,SWR Z-score Thresh. (STD),#N/A,not_applicable,Methods p. 4,papers/53_Foster_2006.md
53,https://doi.org/10.1038/nature04587,Animal Speed (cm/s),#N/A,not_applicable,Methods p. 4,papers/53_Foster_2006.md
53,https://doi.org/10.1038/nature04587,MUA smooth (ms),#N/A,not_applicable,Methods p. 4,papers/53_Foster_2006.md
53,https://doi.org/10.1038/nature04587,SWR smooth (ms),#N/A,not_applicable,Methods p. 4,papers/53_Foster_2006.md
53,https://doi.org/10.1038/nature04587,Min. Cells (#),1/3 of template cells,checked_paper,Methods p. 4,papers/53_Foster_2006.md
53,https://doi.org/10.1038/nature04587,SWR electrodes (#),#N/A,not_applicable,Methods p. 4,papers/53_Foster_2006.md
53,https://doi.org/10.1038/nature04587,SWR Low Band (Hz),#N/A,not_applicable,Methods p. 4,papers/53_Foster_2006.md
53,https://doi.org/10.1038/nature04587,SWR High Band (Hz),#N/A,not_applicable,Methods p. 4,papers/53_Foster_2006.md
53,https://doi.org/10.1038/nature04587,Min. Duration (ms),#N/A,not_applicable,Methods p. 4,papers/53_Foster_2006.md
53,https://doi.org/10.1038/nature04587,Max Duration (ms),500,checked_paper,Methods p. 4,papers/53_Foster_2006.md
53,https://doi.org/10.1038/nature04587,Combine Events Thresh. (ms),50,checked_paper,Methods p. 4,papers/53_Foster_2006.md
53,https://doi.org/10.1038/nature04587,Decoding,Rank order correlation,checked_paper,Methods p. 4,papers/53_Foster_2006.md
53,https://doi.org/10.1038/nature04587,Time bin (ms),#N/A,not_applicable,Methods p. 4,papers/53_Foster_2006.md
53,https://doi.org/10.1038/nature04587,Position bin (cm),#N/A,not_applicable,Methods p. 4,papers/53_Foster_2006.md
53,https://doi.org/10.1038/nature04587,Place field smooth (cm),#N/A,not_applicable,Methods p. 4,papers/53_Foster_2006.md
53,https://doi.org/10.1038/nature04587,Trajectory,#N/A,not_applicable,Methods p. 4,papers/53_Foster_2006.md
53,https://doi.org/10.1038/nature04587,Decoding notes,,not_applicable,Methods p. 4,papers/53_Foster_2006.md
53,https://doi.org/10.1038/nature04587,Reconst. Error (cm),#N/A,not_applicable,Methods p. 4,papers/53_Foster_2006.md
53,https://doi.org/10.1038/nature04587,% Decoded,#N/A,not_applicable,Methods p. 4,papers/53_Foster_2006.md
53,https://doi.org/10.1038/nature04587,Spike sorting,Sorted,checked_paper,Methods p. 4,papers/53_Foster_2006.md
53,https://doi.org/10.1038/nature04587,Time bin step (ms),#N/A,not_applicable,Methods p. 4,papers/53_Foster_2006.md
53,https://doi.org/10.1038/nature04587,Shuffle Method,Cell-order permutation,checked_paper,Methods p. 4,papers/53_Foster_2006.md
53,https://doi.org/10.1038/nature04587,Shuffles (#),100,checked_paper,Methods p. 4,papers/53_Foster_2006.md
53,https://doi.org/10.1038/nature04587,Sig. Thresh.,p<0.05,checked_paper,Methods p. 4,papers/53_Foster_2006.md
53,https://doi.org/10.1038/nature04587,% Decoded denom.,#N/A,not_applicable,Methods p. 4,papers/53_Foster_2006.md
53,https://doi.org/10.1038/nature04587,Reconst. Error bin (ms),#N/A,not_applicable,Methods p. 4,papers/53_Foster_2006.md
54,https://doi.org/10.1016/S0896-6273(02)01096-6,First Author,Lee,checked_metadata,"Methods, sequence matching and control analyses",papers/54_Lee_2002.md
54,https://doi.org/10.1016/S0896-6273(02)01096-6,Last Author,Wilson,checked_metadata,"Methods, sequence matching and control analyses",papers/54_Lee_2002.md
54,https://doi.org/10.1016/S0896-6273(02)01096-6,Year,2002,checked_metadata,"Methods, sequence matching and control analyses",papers/54_Lee_2002.md
54,https://doi.org/10.1016/S0896-6273(02)01096-6,DOI,https://doi.org/10.1016/S0896-6273(02)01096-6,checked_metadata,"Methods, sequence matching and control analyses",papers/54_Lee_2002.md
54,https://doi.org/10.1016/S0896-6273(02)01096-6,Journal,Neuron,checked_metadata,"Methods, sequence matching and control analyses",papers/54_Lee_2002.md
54,https://doi.org/10.1016/S0896-6273(02)01096-6,Species,Rats,checked_metadata,"Methods, sequence matching and control analyses",papers/54_Lee_2002.md
54,https://doi.org/10.1016/S0896-6273(02)01096-6,Detection,MUA,checked_paper,"Methods, sequence matching and control analyses",papers/54_Lee_2002.md
54,https://doi.org/10.1016/S0896-6273(02)01096-6,Detection Notes,"MUA
spikes grouped within a cell by max_isi (50 ms), bursts split between cells by max_gap (100 ms)
REM identified by theta (5-12 Hz) to total power ratio; SWS is the remainder
visual inspection of animal state",reviewed_context,"Methods, sequence matching and control analyses",papers/54_Lee_2002.md
54,https://doi.org/10.1016/S0896-6273(02)01096-6,MUA Z-score Thresh. (STD),#N/A,not_applicable,"Methods, sequence matching and control analyses",papers/54_Lee_2002.md
54,https://doi.org/10.1016/S0896-6273(02)01096-6,SWR Z-score Thresh. (STD),#N/A,not_applicable,"Methods, sequence matching and control analyses",papers/54_Lee_2002.md
54,https://doi.org/10.1016/S0896-6273(02)01096-6,Animal Speed (cm/s),#N/A,not_applicable,"Methods, sequence matching and control analyses",papers/54_Lee_2002.md
54,https://doi.org/10.1016/S0896-6273(02)01096-6,MUA smooth (ms),#N/A,not_applicable,"Methods, sequence matching and control analyses",papers/54_Lee_2002.md
54,https://doi.org/10.1016/S0896-6273(02)01096-6,SWR smooth (ms),#N/A,not_applicable,"Methods, sequence matching and control analyses",papers/54_Lee_2002.md
54,https://doi.org/10.1016/S0896-6273(02)01096-6,Min. Cells (#),#N/A,not_applicable,"Methods, sequence matching and control analyses",papers/54_Lee_2002.md
54,https://doi.org/10.1016/S0896-6273(02)01096-6,SWR electrodes (#),#N/A,not_applicable,"Methods, sequence matching and control analyses",papers/54_Lee_2002.md
54,https://doi.org/10.1016/S0896-6273(02)01096-6,SWR Low Band (Hz),#N/A,not_applicable,"Methods, sequence matching and control analyses",papers/54_Lee_2002.md
54,https://doi.org/10.1016/S0896-6273(02)01096-6,SWR High Band (Hz),#N/A,not_applicable,"Methods, sequence matching and control analyses",papers/54_Lee_2002.md
54,https://doi.org/10.1016/S0896-6273(02)01096-6,Min. Duration (ms),#N/A,not_applicable,"Methods, sequence matching and control analyses",papers/54_Lee_2002.md
54,https://doi.org/10.1016/S0896-6273(02)01096-6,Max Duration (ms),#N/A,not_applicable,"Methods, sequence matching and control analyses",papers/54_Lee_2002.md
54,https://doi.org/10.1016/S0896-6273(02)01096-6,Combine Events Thresh. (ms),100,checked_paper,"Methods, sequence matching and control analyses",papers/54_Lee_2002.md
54,https://doi.org/10.1016/S0896-6273(02)01096-6,Decoding,Template matching,checked_paper,"Methods, sequence matching and control analyses",papers/54_Lee_2002.md
54,https://doi.org/10.1016/S0896-6273(02)01096-6,Time bin (ms),#N/A,not_applicable,"Methods, sequence matching and control analyses",papers/54_Lee_2002.md
54,https://doi.org/10.1016/S0896-6273(02)01096-6,Position bin (cm),#N/A,not_applicable,"Methods, sequence matching and control analyses",papers/54_Lee_2002.md
54,https://doi.org/10.1016/S0896-6273(02)01096-6,Place field smooth (cm),#N/A,not_applicable,"Methods, sequence matching and control analyses",papers/54_Lee_2002.md
54,https://doi.org/10.1016/S0896-6273(02)01096-6,Trajectory,#N/A,not_applicable,"Methods, sequence matching and control analyses",papers/54_Lee_2002.md
54,https://doi.org/10.1016/S0896-6273(02)01096-6,Decoding notes,,not_applicable,"Methods, sequence matching and control analyses",papers/54_Lee_2002.md
54,https://doi.org/10.1016/S0896-6273(02)01096-6,Reconst. Error (cm),#N/A,not_applicable,"Methods, sequence matching and control analyses",papers/54_Lee_2002.md
54,https://doi.org/10.1016/S0896-6273(02)01096-6,% Decoded,#N/A,not_applicable,"Methods, sequence matching and control analyses",papers/54_Lee_2002.md
54,https://doi.org/10.1016/S0896-6273(02)01096-6,Spike sorting,Sorted,checked_paper,"Methods, sequence matching and control analyses",papers/54_Lee_2002.md
54,https://doi.org/10.1016/S0896-6273(02)01096-6,Time bin step (ms),#N/A,not_applicable,"Methods, sequence matching and control analyses",papers/54_Lee_2002.md
54,https://doi.org/10.1016/S0896-6273(02)01096-6,Shuffle Method,Shuffled RUN template sequences; cell-shuffled templates,checked_paper,"Methods, sequence matching and control analyses",papers/54_Lee_2002.md
54,https://doi.org/10.1016/S0896-6273(02)01096-6,Shuffles (#),#N/A,not_applicable,"Methods, sequence matching and control analyses",papers/54_Lee_2002.md
54,https://doi.org/10.1016/S0896-6273(02)01096-6,Sig. Thresh.,match probability <=1/24,checked_paper,"Methods, sequence matching and control analyses",papers/54_Lee_2002.md
54,https://doi.org/10.1016/S0896-6273(02)01096-6,% Decoded denom.,#N/A,not_applicable,"Methods, sequence matching and control analyses",papers/54_Lee_2002.md
54,https://doi.org/10.1016/S0896-6273(02)01096-6,Reconst. Error bin (ms),#N/A,not_applicable,"Methods, sequence matching and control analyses",papers/54_Lee_2002.md
55,https://doi.org/10.1523/JNEUROSCI.19-21-09497.1999,First Author,Nádasdy,checked_metadata,Methods; cited Csicsvari 1999a Methods,papers/55_Nadasdy_1999.md
55,https://doi.org/10.1523/JNEUROSCI.19-21-09497.1999,Last Author,Buzsáki,checked_metadata,Methods; cited Csicsvari 1999a Methods,papers/55_Nadasdy_1999.md
55,https://doi.org/10.1523/JNEUROSCI.19-21-09497.1999,Year,1999,checked_metadata,Methods; cited Csicsvari 1999a Methods,papers/55_Nadasdy_1999.md
55,https://doi.org/10.1523/JNEUROSCI.19-21-09497.1999,DOI,https://doi.org/10.1523/JNEUROSCI.19-21-09497.1999,checked_metadata,Methods; cited Csicsvari 1999a Methods,papers/55_Nadasdy_1999.md
55,https://doi.org/10.1523/JNEUROSCI.19-21-09497.1999,Journal,Journal of Neuroscience,checked_metadata,Methods; cited Csicsvari 1999a Methods,papers/55_Nadasdy_1999.md
55,https://doi.org/10.1523/JNEUROSCI.19-21-09497.1999,Species,Rats,checked_metadata,Methods; cited Csicsvari 1999a Methods,papers/55_Nadasdy_1999.md
55,https://doi.org/10.1523/JNEUROSCI.19-21-09497.1999,Detection,SWR,checked_paper,Methods; cited Csicsvari 1999a Methods,papers/55_Nadasdy_1999.md
55,https://doi.org/10.1523/JNEUROSCI.19-21-09497.1999,Detection Notes,"SWR / Template matching searches spike trains directly; ripple parameters describe separate EEG/participation analyses and do not gate sequence discovery. / Cited Csicsvari 1999a Methods independently reopened: 150-250 Hz filtered RMS is computed per electrode and summed across electrodes, then compared with 7 SD. The RMS window is not specified. This verifies multi-electrode aggregation and supersedes the earlier channel-count uncertainty.",reviewed_context,"Csicsvari et al. 1999a, J Neurosci 19:274, Methods, Detection of SPWs and classification of the electrographic activity (PMC6782375); Nadasdy 1999 Methods/Results. Removed superseded uncertainty after reopening Csicsvari 1999a Methods.",papers/55_Nadasdy_1999.md
55,https://doi.org/10.1523/JNEUROSCI.19-21-09497.1999,MUA Z-score Thresh. (STD),#N/A,not_applicable,Methods; cited Csicsvari 1999a Methods,papers/55_Nadasdy_1999.md
55,https://doi.org/10.1523/JNEUROSCI.19-21-09497.1999,SWR Z-score Thresh. (STD),7,checked_paper,Methods; cited Csicsvari 1999a Methods,papers/55_Nadasdy_1999.md
55,https://doi.org/10.1523/JNEUROSCI.19-21-09497.1999,Animal Speed (cm/s),#N/A,not_applicable,Methods; cited Csicsvari 1999a Methods,papers/55_Nadasdy_1999.md
55,https://doi.org/10.1523/JNEUROSCI.19-21-09497.1999,MUA smooth (ms),#N/A,not_applicable,Methods; cited Csicsvari 1999a Methods,papers/55_Nadasdy_1999.md
55,https://doi.org/10.1523/JNEUROSCI.19-21-09497.1999,SWR smooth (ms),#N/A,not_applicable,Methods; cited Csicsvari 1999a Methods,papers/55_Nadasdy_1999.md
55,https://doi.org/10.1523/JNEUROSCI.19-21-09497.1999,Min. Cells (#),#N/A,not_applicable,Methods; cited Csicsvari 1999a Methods,papers/55_Nadasdy_1999.md
55,https://doi.org/10.1523/JNEUROSCI.19-21-09497.1999,SWR electrodes (#),>1,checked_paper,"Csicsvari et al. 1999a, J Neurosci 19:274, Methods, Detection of SPWs and classification of the electrographic activity (PMC6782375); Nadasdy 1999 Methods/Results.",papers/55_Nadasdy_1999.md
55,https://doi.org/10.1523/JNEUROSCI.19-21-09497.1999,SWR Low Band (Hz),150,checked_paper,Methods; cited Csicsvari 1999a Methods,papers/55_Nadasdy_1999.md
55,https://doi.org/10.1523/JNEUROSCI.19-21-09497.1999,SWR High Band (Hz),250,checked_paper,Methods; cited Csicsvari 1999a Methods,papers/55_Nadasdy_1999.md
55,https://doi.org/10.1523/JNEUROSCI.19-21-09497.1999,Min. Duration (ms),#N/A,not_applicable,Methods; cited Csicsvari 1999a Methods,papers/55_Nadasdy_1999.md
55,https://doi.org/10.1523/JNEUROSCI.19-21-09497.1999,Max Duration (ms),#N/A,not_applicable,Methods; cited Csicsvari 1999a Methods,papers/55_Nadasdy_1999.md
55,https://doi.org/10.1523/JNEUROSCI.19-21-09497.1999,Combine Events Thresh. (ms),#N/A,not_applicable,Methods; cited Csicsvari 1999a Methods,papers/55_Nadasdy_1999.md
55,https://doi.org/10.1523/JNEUROSCI.19-21-09497.1999,Decoding,Template matching,checked_paper,Methods; cited Csicsvari 1999a Methods,papers/55_Nadasdy_1999.md
55,https://doi.org/10.1523/JNEUROSCI.19-21-09497.1999,Time bin (ms),"5, 6.7, 10 (analysis variants)",checked_paper,"Csicsvari et al. 1999a, J Neurosci 19:274, Methods, Detection of SPWs and classification of the electrographic activity (PMC6782375); Nadasdy 1999 Methods/Results.",papers/55_Nadasdy_1999.md
55,https://doi.org/10.1523/JNEUROSCI.19-21-09497.1999,Position bin (cm),#N/A,not_applicable,Methods; cited Csicsvari 1999a Methods,papers/55_Nadasdy_1999.md
55,https://doi.org/10.1523/JNEUROSCI.19-21-09497.1999,Place field smooth (cm),#N/A,not_applicable,Methods; cited Csicsvari 1999a Methods,papers/55_Nadasdy_1999.md
55,https://doi.org/10.1523/JNEUROSCI.19-21-09497.1999,Trajectory,#N/A,not_applicable,Methods; cited Csicsvari 1999a Methods,papers/55_Nadasdy_1999.md
55,https://doi.org/10.1523/JNEUROSCI.19-21-09497.1999,Decoding notes,"Template/sequence analysis uses multiple resolutions (5, 6.7 and 10 ms); 10 ms is not a universal Bayesian decoding window. Methods describe p<0.01; Figure 6 describes p<=0.01 against 100 surrogates.",reviewed_context,"Csicsvari et al. 1999a, J Neurosci 19:274, Methods, Detection of SPWs and classification of the electrographic activity (PMC6782375); Nadasdy 1999 Methods/Results. Methods p<0.01; Figure 6 p<=0.01.",papers/55_Nadasdy_1999.md
55,https://doi.org/10.1523/JNEUROSCI.19-21-09497.1999,Reconst. Error (cm),#N/A,not_applicable,Methods; cited Csicsvari 1999a Methods,papers/55_Nadasdy_1999.md
55,https://doi.org/10.1523/JNEUROSCI.19-21-09497.1999,% Decoded,#N/A,not_applicable,Methods; cited Csicsvari 1999a Methods,papers/55_Nadasdy_1999.md
55,https://doi.org/10.1523/JNEUROSCI.19-21-09497.1999,Spike sorting,Sorted,checked_paper,Methods; cited Csicsvari 1999a Methods,papers/55_Nadasdy_1999.md
55,https://doi.org/10.1523/JNEUROSCI.19-21-09497.1999,Time bin step (ms),#N/A,not_applicable,Methods; cited Csicsvari 1999a Methods,papers/55_Nadasdy_1999.md
55,https://doi.org/10.1523/JNEUROSCI.19-21-09497.1999,Shuffle Method,ISI shuffle; temporal jitter; across-train shuffle; phase-invariant shuffle,checked_paper,Methods; cited Csicsvari 1999a Methods,papers/55_Nadasdy_1999.md
55,https://doi.org/10.1523/JNEUROSCI.19-21-09497.1999,Shuffles (#),100,checked_paper,Methods; cited Csicsvari 1999a Methods,papers/55_Nadasdy_1999.md
55,https://doi.org/10.1523/JNEUROSCI.19-21-09497.1999,Sig. Thresh.,p<0.01 (Methods); p<=0.01 (Fig. 6),checked_paper,"Csicsvari et al. 1999a, J Neurosci 19:274, Methods, Detection of SPWs and classification of the electrographic activity (PMC6782375); Nadasdy 1999 Methods/Results. Methods p<0.01; Figure 6 p<=0.01.",papers/55_Nadasdy_1999.md
55,https://doi.org/10.1523/JNEUROSCI.19-21-09497.1999,% Decoded denom.,#N/A,not_applicable,Methods; cited Csicsvari 1999a Methods,papers/55_Nadasdy_1999.md
55,https://doi.org/10.1523/JNEUROSCI.19-21-09497.1999,Reconst. Error bin (ms),#N/A,not_applicable,Methods; cited Csicsvari 1999a Methods,papers/55_Nadasdy_1999.md
56,https://doi.org/10.1523/JNEUROSCI.19-10-04090.1999,First Author,Kudrimoti,checked_metadata,"Methods, cell-pair correlations and ripple analysis",papers/56_Kudrimoti_1999.md
56,https://doi.org/10.1523/JNEUROSCI.19-10-04090.1999,Last Author,McNaughton,checked_metadata,"Methods, cell-pair correlations and ripple analysis",papers/56_Kudrimoti_1999.md
56,https://doi.org/10.1523/JNEUROSCI.19-10-04090.1999,Year,1999,checked_metadata,"Methods, cell-pair correlations and ripple analysis",papers/56_Kudrimoti_1999.md
56,https://doi.org/10.1523/JNEUROSCI.19-10-04090.1999,DOI,https://doi.org/10.1523/JNEUROSCI.19-10-04090.1999,checked_metadata,"Methods, cell-pair correlations and ripple analysis",papers/56_Kudrimoti_1999.md
56,https://doi.org/10.1523/JNEUROSCI.19-10-04090.1999,Journal,Journal of Neuroscience,checked_metadata,"Methods, cell-pair correlations and ripple analysis",papers/56_Kudrimoti_1999.md
56,https://doi.org/10.1523/JNEUROSCI.19-10-04090.1999,Species,Rats,checked_metadata,"Methods, cell-pair correlations and ripple analysis",papers/56_Kudrimoti_1999.md
56,https://doi.org/10.1523/JNEUROSCI.19-10-04090.1999,Detection,SWR,checked_paper,"Methods, cell-pair correlations and ripple analysis",papers/56_Kudrimoti_1999.md
56,https://doi.org/10.1523/JNEUROSCI.19-10-04090.1999,Detection Notes,"SWR
visual inspection of animal state",reviewed_context,"Methods, cell-pair correlations and ripple analysis",papers/56_Kudrimoti_1999.md
56,https://doi.org/10.1523/JNEUROSCI.19-10-04090.1999,MUA Z-score Thresh. (STD),#N/A,not_applicable,"Methods, cell-pair correlations and ripple analysis",papers/56_Kudrimoti_1999.md
56,https://doi.org/10.1523/JNEUROSCI.19-10-04090.1999,SWR Z-score Thresh. (STD),Not reported,not_reported,"Methods, cell-pair correlations and ripple analysis",papers/56_Kudrimoti_1999.md
56,https://doi.org/10.1523/JNEUROSCI.19-10-04090.1999,Animal Speed (cm/s),#N/A,not_applicable,"Methods, cell-pair correlations and ripple analysis",papers/56_Kudrimoti_1999.md
56,https://doi.org/10.1523/JNEUROSCI.19-10-04090.1999,MUA smooth (ms),#N/A,not_applicable,"Methods, cell-pair correlations and ripple analysis",papers/56_Kudrimoti_1999.md
56,https://doi.org/10.1523/JNEUROSCI.19-10-04090.1999,SWR smooth (ms),#N/A,not_applicable,"Methods, cell-pair correlations and ripple analysis",papers/56_Kudrimoti_1999.md
56,https://doi.org/10.1523/JNEUROSCI.19-10-04090.1999,Min. Cells (#),#N/A,not_applicable,"Methods, cell-pair correlations and ripple analysis",papers/56_Kudrimoti_1999.md
56,https://doi.org/10.1523/JNEUROSCI.19-10-04090.1999,SWR electrodes (#),1,checked_paper,"Methods, cell-pair correlations and ripple analysis",papers/56_Kudrimoti_1999.md
56,https://doi.org/10.1523/JNEUROSCI.19-10-04090.1999,SWR Low Band (Hz),100,checked_paper,"Methods, cell-pair correlations and ripple analysis",papers/56_Kudrimoti_1999.md
56,https://doi.org/10.1523/JNEUROSCI.19-10-04090.1999,SWR High Band (Hz),300,checked_paper,"Methods, cell-pair correlations and ripple analysis",papers/56_Kudrimoti_1999.md
56,https://doi.org/10.1523/JNEUROSCI.19-10-04090.1999,Min. Duration (ms),25,checked_paper,"Methods, cell-pair correlations and ripple analysis",papers/56_Kudrimoti_1999.md
56,https://doi.org/10.1523/JNEUROSCI.19-10-04090.1999,Max Duration (ms),#N/A,not_applicable,"Methods, cell-pair correlations and ripple analysis",papers/56_Kudrimoti_1999.md
56,https://doi.org/10.1523/JNEUROSCI.19-10-04090.1999,Combine Events Thresh. (ms),#N/A,not_applicable,"Methods, cell-pair correlations and ripple analysis",papers/56_Kudrimoti_1999.md
56,https://doi.org/10.1523/JNEUROSCI.19-10-04090.1999,Decoding,"Correlation, 100 ms bins",checked_paper,"Methods, cell-pair correlations and ripple analysis",papers/56_Kudrimoti_1999.md
56,https://doi.org/10.1523/JNEUROSCI.19-10-04090.1999,Time bin (ms),100,checked_paper,"Methods, cell-pair correlations and ripple analysis",papers/56_Kudrimoti_1999.md
56,https://doi.org/10.1523/JNEUROSCI.19-10-04090.1999,Position bin (cm),#N/A,not_applicable,"Methods, cell-pair correlations and ripple analysis",papers/56_Kudrimoti_1999.md
56,https://doi.org/10.1523/JNEUROSCI.19-10-04090.1999,Place field smooth (cm),#N/A,not_applicable,"Methods, cell-pair correlations and ripple analysis",papers/56_Kudrimoti_1999.md
56,https://doi.org/10.1523/JNEUROSCI.19-10-04090.1999,Trajectory,#N/A,not_applicable,"Methods, cell-pair correlations and ripple analysis",papers/56_Kudrimoti_1999.md
56,https://doi.org/10.1523/JNEUROSCI.19-10-04090.1999,Decoding notes,,not_applicable,"Methods, cell-pair correlations and ripple analysis",papers/56_Kudrimoti_1999.md
56,https://doi.org/10.1523/JNEUROSCI.19-10-04090.1999,Reconst. Error (cm),#N/A,not_applicable,"Methods, cell-pair correlations and ripple analysis",papers/56_Kudrimoti_1999.md
56,https://doi.org/10.1523/JNEUROSCI.19-10-04090.1999,% Decoded,#N/A,not_applicable,"Methods, cell-pair correlations and ripple analysis",papers/56_Kudrimoti_1999.md
56,https://doi.org/10.1523/JNEUROSCI.19-10-04090.1999,Spike sorting,Sorted,checked_paper,"Methods, cell-pair correlations and ripple analysis",papers/56_Kudrimoti_1999.md
56,https://doi.org/10.1523/JNEUROSCI.19-10-04090.1999,Time bin step (ms),100,checked_paper,"Methods, cell-pair correlations and ripple analysis",papers/56_Kudrimoti_1999.md
56,https://doi.org/10.1523/JNEUROSCI.19-10-04090.1999,Shuffle Method,none,checked_paper,"Methods, cell-pair correlations and ripple analysis",papers/56_Kudrimoti_1999.md
56,https://doi.org/10.1523/JNEUROSCI.19-10-04090.1999,Shuffles (#),#N/A,not_applicable,"Methods, cell-pair correlations and ripple analysis",papers/56_Kudrimoti_1999.md
56,https://doi.org/10.1523/JNEUROSCI.19-10-04090.1999,Sig. Thresh.,#N/A,not_applicable,"Methods, cell-pair correlations and ripple analysis",papers/56_Kudrimoti_1999.md
56,https://doi.org/10.1523/JNEUROSCI.19-10-04090.1999,% Decoded denom.,#N/A,not_applicable,"Methods, cell-pair correlations and ripple analysis",papers/56_Kudrimoti_1999.md
56,https://doi.org/10.1523/JNEUROSCI.19-10-04090.1999,Reconst. Error bin (ms),#N/A,not_applicable,"Methods, cell-pair correlations and ripple analysis",papers/56_Kudrimoti_1999.md
