method_a,method_b,truth_expression,onset_error_correlation,onset_error_correlation_low,onset_error_correlation_high,onset_error_correlation_n_sessions,offset_error_correlation,offset_error_correlation_low,offset_error_correlation_high,offset_error_correlation_n_sessions,network_onset_error_correlation,network_onset_error_correlation_low,network_onset_error_correlation_high,network_onset_error_correlation_n_sessions,network_offset_error_correlation,network_offset_error_correlation_low,network_offset_error_correlation_high,network_offset_error_correlation_n_sessions,n_sessions,n_failures_a,n_failures_b
Carey_candidate_detector,Karlsson_ripple_detector,network,0.205369,0.157369,0.252974,20,0.197645,0.156982,0.239583,20,0.205369,0.157369,0.252974,20,0.197645,0.156982,0.239583,20,20,0,0
Carey_candidate_detector,Kay_ripple_detector,network,0.252885,0.20163,0.296345,20,0.235961,0.19295,0.281255,20,0.252885,0.20163,0.296345,20,0.235961,0.19295,0.281255,20,20,0,0
Carey_candidate_detector,Long_sharp_wave_ripple_detector,network,0.187888,0.131371,0.248836,20,0.251305,0.208981,0.293437,20,0.187888,0.131371,0.248836,20,0.251305,0.208981,0.293437,20,20,0,0
Carey_candidate_detector,Roumis_ripple_detector,network,0.251076,0.203471,0.292527,20,0.22882,0.181818,0.278518,20,0.251076,0.203471,0.292527,20,0.22882,0.181818,0.278518,20,20,0,0
Carey_candidate_detector,Shvartsman_ripple_detector,network,0.194964,0.146109,0.24402,20,0.185776,0.146707,0.225875,20,0.194964,0.146109,0.24402,20,0.185776,0.146707,0.225875,20,20,0,0
Carey_candidate_detector,Yu_ripple_detector,network,0.262906,0.216782,0.305772,20,0.262508,0.211865,0.3119,20,0.262906,0.216782,0.305772,20,0.262508,0.211865,0.3119,20,20,0,0
Carey_candidate_detector,Zugaro_ripple_detector,network,0.315394,0.263521,0.364763,20,0.281272,0.21881,0.33903,20,0.315394,0.263521,0.364763,20,0.281272,0.21881,0.33903,20,20,0,0
Carey_candidate_detector,multiunit_HSE_detector,network,0.627333,0.586025,0.666531,20,0.655716,0.624411,0.68809,20,0.627333,0.586025,0.666531,20,0.655716,0.624411,0.68809,20,20,0,0
Carey_candidate_detector,recipe:ambrose_2016,network,0.111593,0.0461291,0.174016,20,0.195294,0.130384,0.258491,20,0.111593,0.0461291,0.174016,20,0.195294,0.130384,0.258491,20,20,0,0
Carey_candidate_detector,recipe:bendor_2012,network,0.796895,0.767359,0.820334,20,0.76463,0.722835,0.80299,20,0.796895,0.767359,0.820334,20,0.76463,0.722835,0.80299,20,20,0,0
Carey_candidate_detector,recipe:berners_lee_2021,network,0.147965,0.0999733,0.194089,20,0.199425,0.144233,0.253585,20,0.147965,0.0999733,0.194089,20,0.199425,0.144233,0.253585,20,20,0,0
Carey_candidate_detector,recipe:berners_lee_2022,network,0.750978,0.715351,0.785362,20,0.762028,0.728119,0.795814,20,0.750978,0.715351,0.785362,20,0.762028,0.728119,0.795814,20,20,0,0
Carey_candidate_detector,recipe:bhattarai_2020,network,0.171289,0.112146,0.227758,20,0.0964991,0.0295905,0.161361,20,0.171289,0.112146,0.227758,20,0.0964991,0.0295905,0.161361,20,20,0,0
Carey_candidate_detector,recipe:bhattarai_2020_ripples,network,0.248964,0.197756,0.304509,20,0.300551,0.254148,0.348999,20,0.248964,0.197756,0.304509,20,0.300551,0.254148,0.348999,20,20,0,0
Carey_candidate_detector,recipe:bush_2022,network,0.467739,0.427634,0.504097,20,0.45626,0.396822,0.515832,20,0.467739,0.427634,0.504097,20,0.45626,0.396822,0.515832,20,20,0,0
Carey_candidate_detector,recipe:carey_2019,network,0.861992,0.831656,0.888569,20,0.846697,0.822403,0.869408,20,0.861992,0.831656,0.888569,20,0.846697,0.822403,0.869408,20,20,0,0
Carey_candidate_detector,recipe:carr_2012,network,0.205369,0.157369,0.252974,20,0.197645,0.156982,0.239583,20,0.205369,0.157369,0.252974,20,0.197645,0.156982,0.239583,20,20,0,0
Carey_candidate_detector,recipe:chenani_2019,network,0.403034,0.358793,0.450099,20,0.400908,0.335259,0.457759,20,0.403034,0.358793,0.450099,20,0.400908,0.335259,0.457759,20,20,0,0
Carey_candidate_detector,recipe:davidson_2009,network,0.64485,0.604249,0.681119,20,0.662763,0.630139,0.693771,20,0.64485,0.604249,0.681119,20,0.662763,0.630139,0.693771,20,20,0,0
Carey_candidate_detector,recipe:denovellis_2021,network,0.274254,0.231812,0.31145,20,0.236391,0.18674,0.287449,20,0.274254,0.231812,0.31145,20,0.236391,0.18674,0.287449,20,20,0,0
Carey_candidate_detector,recipe:denovellis_2021_mua,network,0.626653,0.584562,0.666683,20,0.650038,0.615689,0.684909,20,0.626653,0.584562,0.666683,20,0.650038,0.615689,0.684909,20,20,0,0
Carey_candidate_detector,recipe:diba_2007,network,0.239552,0.167536,0.316829,20,0.109795,0.039559,0.181864,20,0.239552,0.167536,0.316829,20,0.109795,0.039559,0.181864,20,20,0,0
Carey_candidate_detector,recipe:drieu_2018,network,0.384952,0.333802,0.430537,20,0.3566,0.306902,0.408596,20,0.384952,0.333802,0.430537,20,0.3566,0.306902,0.408596,20,20,0,0
Carey_candidate_detector,recipe:farooq_2019_neuron,network,0.496503,0.419568,0.575134,20,0.484249,0.402188,0.556622,20,0.496503,0.419568,0.575134,20,0.484249,0.402188,0.556622,20,20,0,0
Carey_candidate_detector,recipe:farooq_2019_science,network,0.493486,0.413485,0.572742,20,0.482252,0.398721,0.554834,20,0.493486,0.413485,0.572742,20,0.482252,0.398721,0.554834,20,20,0,0
Carey_candidate_detector,recipe:farooq_2019_science_awake,network,0.493486,0.413485,0.572742,20,0.482252,0.398721,0.554834,20,0.493486,0.413485,0.572742,20,0.482252,0.398721,0.554834,20,20,0,0
Carey_candidate_detector,recipe:foster_2006,network,0.235813,0.122919,0.344621,20,0.246609,0.132242,0.349635,20,0.235813,0.122919,0.344621,20,0.246609,0.132242,0.349635,20,20,0,0
Carey_candidate_detector,recipe:foster_2006_ripples,network,0.175581,-0.0234496,0.367893,20,0.319787,0.186973,0.464327,20,0.175581,-0.0234496,0.367893,20,0.319787,0.186973,0.464327,20,20,0,0
Carey_candidate_detector,recipe:gillespie_2021,network,0.252885,0.20163,0.296345,20,0.235961,0.19295,0.281255,20,0.252885,0.20163,0.296345,20,0.235961,0.19295,0.281255,20,20,0,0
Carey_candidate_detector,recipe:gillespie_2021_mua,network,0.641185,0.600041,0.679484,20,0.665348,0.628918,0.699579,20,0.641185,0.600041,0.679484,20,0.665348,0.628918,0.699579,20,20,0,0
Carey_candidate_detector,recipe:gridchyn_2020,network,0.682656,0.646602,0.717965,20,0.572589,0.531329,0.61877,20,0.682656,0.646602,0.717965,20,0.572589,0.531329,0.61877,20,20,0,0
Carey_candidate_detector,recipe:grosmark_2016,network,0.399669,0.333054,0.462097,20,0.420794,0.361434,0.477863,20,0.399669,0.333054,0.462097,20,0.420794,0.361434,0.477863,20,20,0,0
Carey_candidate_detector,recipe:gupta_2010,network,0.267771,0.224118,0.307828,20,0.259719,0.218819,0.30171,20,0.267771,0.224118,0.307828,20,0.259719,0.218819,0.30171,20,20,0,0
Carey_candidate_detector,recipe:harvey_2023_code,network,0.252438,0.195996,0.312508,20,0.304628,0.26855,0.3404,20,0.252438,0.195996,0.312508,20,0.304628,0.26855,0.3404,20,20,0,0
Carey_candidate_detector,recipe:harvey_2023_no_radiatum,network,0.180428,0.11187,0.245032,20,0.20657,0.153543,0.26317,20,0.180428,0.11187,0.245032,20,0.20657,0.153543,0.26317,20,20,0,0
Carey_candidate_detector,recipe:harvey_2023_text,network,0.327675,0.285599,0.375714,20,0.303788,0.250937,0.358471,20,0.327675,0.285599,0.375714,20,0.303788,0.250937,0.358471,20,20,0,0
Carey_candidate_detector,recipe:huelin_gorriz_2023,network,0.644244,0.602848,0.685299,20,0.674506,0.623617,0.720174,20,0.644244,0.602848,0.685299,20,0.674506,0.623617,0.720174,20,20,0,0
Carey_candidate_detector,recipe:igata_2021,network,0.631055,0.588172,0.6723,20,0.669206,0.636496,0.701663,20,0.631055,0.588172,0.6723,20,0.669206,0.636496,0.701663,20,20,0,0
Carey_candidate_detector,recipe:igata_2021_ripples,network,0.219249,0.168689,0.266373,20,0.216903,0.182712,0.251326,20,0.219249,0.168689,0.266373,20,0.216903,0.182712,0.251326,20,20,0,0
Carey_candidate_detector,recipe:jadhav_2016,network,0.170826,0.11629,0.220723,20,0.208142,0.16146,0.256191,20,0.170826,0.11629,0.220723,20,0.208142,0.16146,0.256191,20,20,0,0
Carey_candidate_detector,recipe:ji_2007,network,0.728446,0.690082,0.768658,20,0.756618,0.710262,0.796276,20,0.728446,0.690082,0.768658,20,0.756618,0.710262,0.796276,20,20,0,0
Carey_candidate_detector,recipe:ji_2007_ripples,network,,,,0,,,,0,,,,0,,,,0,20,0,0
Carey_candidate_detector,recipe:kaefer_2020,network,1,1,1,1,0.5,0.5,0.5,1,1,1,1,1,0.5,0.5,0.5,1,20,0,0
Carey_candidate_detector,recipe:karlsson_2009,network,0.205369,0.157369,0.252974,20,0.197645,0.156982,0.239583,20,0.205369,0.157369,0.252974,20,0.197645,0.156982,0.239583,20,20,0,0
Carey_candidate_detector,recipe:krause_2022,network,0.279083,0.216404,0.337261,20,0.323854,0.265499,0.383284,20,0.279083,0.216404,0.337261,20,0.323854,0.265499,0.383284,20,20,0,0
Carey_candidate_detector,recipe:krause_2022_hse,network,0.510894,0.470028,0.543999,20,0.509775,0.474949,0.544463,20,0.510894,0.470028,0.543999,20,0.509775,0.474949,0.544463,20,20,0,0
Carey_candidate_detector,recipe:kudrimoti_1999,network,0.2,-0.230833,0.608542,11,0.163636,-0.25,0.572909,11,0.2,-0.230833,0.608542,11,0.163636,-0.25,0.572909,11,20,0,0
Carey_candidate_detector,recipe:lee_2002,network,0.143978,0.0993908,0.19138,20,0.163912,0.107564,0.221284,20,0.143978,0.0993908,0.19138,20,0.163912,0.107564,0.221284,20,20,0,0
Carey_candidate_detector,recipe:lee_2002_ripples,network,0.175581,-0.0234496,0.367893,20,0.319787,0.186973,0.464327,20,0.175581,-0.0234496,0.367893,20,0.319787,0.186973,0.464327,20,20,0,0
Carey_candidate_detector,recipe:liu_2019,network,0.05884,0.0208673,0.0956648,20,0.110117,0.0582338,0.155758,20,0.05884,0.0208673,0.0956648,20,0.110117,0.0582338,0.155758,20,20,0,0
Carey_candidate_detector,recipe:liu_2019_awake,network,0.05884,0.0208673,0.0956648,20,0.110117,0.0582338,0.155758,20,0.05884,0.0208673,0.0956648,20,0.110117,0.0582338,0.155758,20,20,0,0
Carey_candidate_detector,recipe:liu_2023,network,0.434885,0.378866,0.491664,20,0.458917,0.392119,0.518743,20,0.434885,0.378866,0.491664,20,0.458917,0.392119,0.518743,20,20,0,0
Carey_candidate_detector,recipe:maboudi_2018,network,0.503153,0.464783,0.538259,20,0.495419,0.457158,0.535967,20,0.503153,0.464783,0.538259,20,0.495419,0.457158,0.535967,20,20,0,0
Carey_candidate_detector,recipe:maboudi_2018_open_field,network,0.448949,0.39958,0.496116,20,0.475475,0.43441,0.519578,20,0.448949,0.39958,0.496116,20,0.475475,0.43441,0.519578,20,20,0,0
Carey_candidate_detector,recipe:mallory_2025,network,0.412007,0.367051,0.45556,20,0.43822,0.393654,0.483407,20,0.412007,0.367051,0.45556,20,0.43822,0.393654,0.483407,20,20,0,0
Carey_candidate_detector,recipe:mallory_2025_ripples,network,0.14637,0.0868112,0.206263,20,0.152475,0.0873121,0.224302,20,0.14637,0.0868112,0.206263,20,0.152475,0.0873121,0.224302,20,20,0,0
Carey_candidate_detector,recipe:michon_2019,network,0.849221,0.7964,0.898374,20,0.858127,0.814859,0.900034,20,0.849221,0.7964,0.898374,20,0.858127,0.814859,0.900034,20,20,0,0
Carey_candidate_detector,recipe:michon_2021,network,0.849221,0.7964,0.898374,20,0.858127,0.814859,0.900034,20,0.849221,0.7964,0.898374,20,0.858127,0.814859,0.900034,20,20,0,0
Carey_candidate_detector,recipe:mou_2022,network,0.368602,0.319251,0.420247,20,0.352163,0.299743,0.403005,20,0.368602,0.319251,0.420247,20,0.352163,0.299743,0.403005,20,20,0,0
Carey_candidate_detector,recipe:muessig_2019,network,0.440608,0.29889,0.560854,20,0.278653,0.145028,0.39626,20,0.440608,0.29889,0.560854,20,0.278653,0.145028,0.39626,20,20,0,0
Carey_candidate_detector,recipe:muessig_2019_ripples,network,0.230692,0.170898,0.288163,20,0.298506,0.252236,0.343373,20,0.230692,0.170898,0.288163,20,0.298506,0.252236,0.343373,20,20,0,0
Carey_candidate_detector,recipe:nadasdy_1999,network,0.268594,0.207673,0.326878,20,0.229772,0.161637,0.299985,20,0.268594,0.207673,0.326878,20,0.229772,0.161637,0.299985,20,20,0,0
Carey_candidate_detector,recipe:olafsdottir_2015,network,0.349424,0.290178,0.412964,20,0.311246,0.251019,0.365586,20,0.349424,0.290178,0.412964,20,0.311246,0.251019,0.365586,20,20,0,0
Carey_candidate_detector,recipe:olafsdottir_2015.bayesian_candidates,network,0.350114,0.286703,0.41497,20,0.295646,0.236278,0.350376,20,0.350114,0.286703,0.41497,20,0.295646,0.236278,0.350376,20,20,0,0
Carey_candidate_detector,recipe:olafsdottir_2016,network,0.405161,0.353441,0.457378,20,0.36525,0.301903,0.426222,20,0.405161,0.353441,0.457378,20,0.36525,0.301903,0.426222,20,20,0,0
Carey_candidate_detector,recipe:olafsdottir_2017,network,0.349833,0.305791,0.394118,20,0.398526,0.339676,0.457139,20,0.349833,0.305791,0.394118,20,0.398526,0.339676,0.457139,20,20,0,0
Carey_candidate_detector,recipe:olafsdottir_2017.trajectory,network,0.405161,0.353441,0.457378,20,0.36525,0.301903,0.426222,20,0.405161,0.353441,0.457378,20,0.36525,0.301903,0.426222,20,20,0,0
Carey_candidate_detector,recipe:pfeiffer_2013,network,0.448949,0.39958,0.496116,20,0.475475,0.43441,0.519578,20,0.448949,0.39958,0.496116,20,0.475475,0.43441,0.519578,20,20,0,0
Carey_candidate_detector,recipe:pfeiffer_2013_ripples,network,0.111593,0.0461291,0.174016,20,0.195294,0.130384,0.258491,20,0.111593,0.0461291,0.174016,20,0.195294,0.130384,0.258491,20,20,0,0
Carey_candidate_detector,recipe:pfeiffer_2015,network,0.11162,0.0461578,0.174042,20,0.195294,0.130384,0.258491,20,0.11162,0.0461578,0.174042,20,0.195294,0.130384,0.258491,20,20,0,0
Carey_candidate_detector,recipe:shin_2019,network,0.205369,0.157369,0.252974,20,0.197645,0.156982,0.239583,20,0.205369,0.157369,0.252974,20,0.197645,0.156982,0.239583,20,20,0,0
Carey_candidate_detector,recipe:silva_2015,network,0.442403,0.396691,0.4875,20,0.450533,0.395351,0.501861,20,0.442403,0.396691,0.4875,20,0.450533,0.395351,0.501861,20,20,0,0
Carey_candidate_detector,recipe:stella_2019,network,0.309298,0.265823,0.353175,20,0.297638,0.248226,0.34405,20,0.309298,0.265823,0.353175,20,0.297638,0.248226,0.34405,20,20,0,0
Carey_candidate_detector,recipe:tang_2017,network,0.205369,0.157369,0.252974,20,0.197645,0.156982,0.239583,20,0.205369,0.157369,0.252974,20,0.197645,0.156982,0.239583,20,20,0,0
Carey_candidate_detector,recipe:tirole_2022,network,0.644244,0.602848,0.685299,20,0.674506,0.623617,0.720174,20,0.644244,0.602848,0.685299,20,0.674506,0.623617,0.720174,20,20,0,0
Carey_candidate_detector,recipe:widloski_2025,network,0.0496014,-0.0138782,0.113705,20,0.058028,0.00448792,0.118205,20,0.0496014,-0.0138782,0.113705,20,0.058028,0.00448792,0.118205,20,20,0,0
Carey_candidate_detector,recipe:widloski_2025_bursts,network,0.0653415,0.0155918,0.115443,20,0.151444,0.0765625,0.221981,20,0.0653415,0.0155918,0.115443,20,0.151444,0.0765625,0.221981,20,20,0,0
Carey_candidate_detector,recipe:wikenheiser_2013,network,0.0505345,0.0148115,0.0868422,20,0.0960834,0.04981,0.146303,20,0.0505345,0.0148115,0.0868422,20,0.0960834,0.04981,0.146303,20,20,0,0
Carey_candidate_detector,recipe:wu_2014,network,0.340744,0.301479,0.380169,20,0.332292,0.28408,0.379223,20,0.340744,0.301479,0.380169,20,0.332292,0.28408,0.379223,20,20,0,0
Carey_candidate_detector,recipe:wu_2017,network,0.544076,0.487621,0.596488,20,0.496944,0.442797,0.549447,20,0.544076,0.487621,0.596488,20,0.496944,0.442797,0.549447,20,20,0,0
Carey_candidate_detector,recipe:xu_2019,network,0.373818,0.326595,0.422436,20,0.384345,0.339324,0.426794,20,0.373818,0.326595,0.422436,20,0.384345,0.339324,0.426794,20,20,0,0
Carey_candidate_detector,recipe:yamamoto_2017,network,0.470564,0.422708,0.518057,20,0.454301,0.399817,0.504512,20,0.470564,0.422708,0.518057,20,0.454301,0.399817,0.504512,20,20,0,0
Carey_candidate_detector,recipe:yang_2024,network,0.399669,0.333054,0.462097,20,0.420794,0.361434,0.477863,20,0.399669,0.333054,0.462097,20,0.420794,0.361434,0.477863,20,20,0,0
Karlsson_ripple_detector,Kay_ripple_detector,ripple,0.684847,0.648988,0.719706,20,0.708226,0.66885,0.743987,20,0.733788,0.696241,0.769442,20,0.741478,0.708379,0.773952,20,20,0,0
Karlsson_ripple_detector,Long_sharp_wave_ripple_detector,ripple,0.127691,0.0727501,0.182173,20,0.152095,0.0904399,0.211568,20,0.260922,0.211978,0.30857,20,0.343208,0.275256,0.407493,20,20,0,0
Karlsson_ripple_detector,Roumis_ripple_detector,ripple,0.685988,0.648048,0.721319,20,0.708304,0.670471,0.742618,20,0.738088,0.701166,0.772333,20,0.748655,0.71515,0.782429,20,20,0,0
Karlsson_ripple_detector,Shvartsman_ripple_detector,ripple,1,1,1,20,1,1,1,20,0.998517,0.99555,1,20,0.997382,0.992147,1,20,20,0,0
Karlsson_ripple_detector,Yu_ripple_detector,ripple,0.66702,0.633073,0.699054,20,0.700607,0.658578,0.739279,20,0.729103,0.69456,0.762541,20,0.746223,0.713226,0.777744,20,20,0,0
Karlsson_ripple_detector,Zugaro_ripple_detector,ripple,0.324686,0.278367,0.364496,20,0.347991,0.304673,0.396141,20,0.555085,0.505515,0.602453,20,0.522129,0.480133,0.56516,20,20,0,0
Karlsson_ripple_detector,multiunit_HSE_detector,network,0.0663205,0.0212988,0.112301,20,0.0438588,0.00200924,0.0876365,20,0.0663205,0.0212988,0.112301,20,0.0438588,0.00200924,0.0876365,20,20,0,0
Karlsson_ripple_detector,recipe:ambrose_2016,ripple,0.555996,0.513061,0.600351,20,0.570802,0.539034,0.600475,20,0.540261,0.493423,0.586495,20,0.606233,0.565496,0.645969,20,20,0,0
Karlsson_ripple_detector,recipe:bendor_2012,network,0.245281,0.174634,0.310426,20,0.262107,0.217863,0.307977,20,0.245281,0.174634,0.310426,20,0.262107,0.217863,0.307977,20,20,0,0
Karlsson_ripple_detector,recipe:berners_lee_2021,ripple,0.509265,0.465937,0.551481,20,0.553669,0.507209,0.592951,20,0.509516,0.463904,0.557148,20,0.585835,0.538713,0.629921,20,20,0,0
Karlsson_ripple_detector,recipe:berners_lee_2022,network,0.101004,0.0454469,0.161663,20,0.0991042,0.0526993,0.152914,20,0.101004,0.0454469,0.161663,20,0.0991042,0.0526993,0.152914,20,20,0,0
Karlsson_ripple_detector,recipe:bhattarai_2020,network,0.0686947,-0.0021161,0.137573,20,0.115486,0.0333686,0.194582,20,0.0686947,-0.0021161,0.137573,20,0.115486,0.0333686,0.194582,20,20,0,0
Karlsson_ripple_detector,recipe:bhattarai_2020_ripples,ripple,0.433102,0.379743,0.482926,20,0.503823,0.463124,0.537368,20,0.535959,0.47042,0.59305,20,0.570032,0.516631,0.619694,20,20,0,0
Karlsson_ripple_detector,recipe:bush_2022,network,0.0707046,0.01534,0.120288,20,0.0371831,-0.0292455,0.106713,20,0.0707046,0.01534,0.120288,20,0.0371831,-0.0292455,0.106713,20,20,0,0
Karlsson_ripple_detector,recipe:carey_2019,network,0.256396,0.200825,0.312293,20,0.276591,0.233661,0.318826,20,0.256396,0.200825,0.312293,20,0.276591,0.233661,0.318826,20,20,0,0
Karlsson_ripple_detector,recipe:carr_2012,ripple,1,1,1,20,1,1,1,20,1,1,1,20,1,1,1,20,20,0,0
Karlsson_ripple_detector,recipe:chenani_2019,network,0.0861273,0.0232216,0.143367,20,0.0492727,-0.00806921,0.111038,20,0.0861273,0.0232216,0.143367,20,0.0492727,-0.00806921,0.111038,20,20,0,0
Karlsson_ripple_detector,recipe:davidson_2009,network,0.0654996,0.015016,0.121753,20,0.0395588,-0.00870431,0.0879188,20,0.0654996,0.015016,0.121753,20,0.0395588,-0.00870431,0.0879188,20,20,0,0
Karlsson_ripple_detector,recipe:denovellis_2021,ripple,0.666872,0.633363,0.697948,20,0.696,0.659111,0.729338,20,0.737998,0.708442,0.767566,20,0.735082,0.699402,0.769181,20,20,0,0
Karlsson_ripple_detector,recipe:denovellis_2021_mua,network,0.070119,0.0279286,0.114762,20,0.0404024,-0.0013193,0.0830131,20,0.070119,0.0279286,0.114762,20,0.0404024,-0.0013193,0.0830131,20,20,0,0
Karlsson_ripple_detector,recipe:diba_2007,network,0.0898676,-0.0114018,0.185279,20,0.111848,0.0179406,0.208435,20,0.0898676,-0.0114018,0.185279,20,0.111848,0.0179406,0.208435,20,20,0,0
Karlsson_ripple_detector,recipe:drieu_2018,network,0.0615205,0.0081309,0.115125,20,0.0303515,-0.0213869,0.0772075,20,0.0615205,0.0081309,0.115125,20,0.0303515,-0.0213869,0.0772075,20,20,0,0
Karlsson_ripple_detector,recipe:farooq_2019_neuron,network,0.0966107,0.0189937,0.175933,20,0.10546,0.0236754,0.182895,20,0.0966107,0.0189937,0.175933,20,0.10546,0.0236754,0.182895,20,20,0,0
Karlsson_ripple_detector,recipe:farooq_2019_science,network,0.0967835,0.0188687,0.175577,20,0.100222,0.0165177,0.179876,20,0.0967835,0.0188687,0.175577,20,0.100222,0.0165177,0.179876,20,20,0,0
Karlsson_ripple_detector,recipe:farooq_2019_science_awake,network,0.0967835,0.0188687,0.175577,20,0.100222,0.0165177,0.179876,20,0.0967835,0.0188687,0.175577,20,0.100222,0.0165177,0.179876,20,20,0,0
Karlsson_ripple_detector,recipe:foster_2006,network,0.022242,-0.138299,0.168189,20,0.11848,0.0149369,0.221501,20,0.022242,-0.138299,0.168189,20,0.11848,0.0149369,0.221501,20,20,0,0
Karlsson_ripple_detector,recipe:foster_2006_ripples,ripple,0.153031,-0.0416753,0.338695,20,0.25042,0.078033,0.410944,20,0.467162,0.350391,0.587208,20,0.460163,0.317003,0.595192,20,20,0,0
Karlsson_ripple_detector,recipe:gillespie_2021,ripple,0.684847,0.648988,0.719706,20,0.708226,0.66885,0.743987,20,0.733788,0.696241,0.769442,20,0.741478,0.708379,0.773952,20,20,0,0
Karlsson_ripple_detector,recipe:gillespie_2021_mua,network,0.0526561,0.0088912,0.100548,20,0.0440054,-0.00127409,0.091499,20,0.0526561,0.0088912,0.100548,20,0.0440054,-0.00127409,0.091499,20,20,0,0
Karlsson_ripple_detector,recipe:gridchyn_2020,network,0.155174,0.0907813,0.217723,20,0.211896,0.151817,0.277103,20,0.155174,0.0907813,0.217723,20,0.211896,0.151817,0.277103,20,20,0,0
Karlsson_ripple_detector,recipe:grosmark_2016,network,0.0558737,-0.00604593,0.115259,20,-0.0190101,-0.07757,0.0413467,20,0.0558737,-0.00604593,0.115259,20,-0.0190101,-0.07757,0.0413467,20,20,0,0
Karlsson_ripple_detector,recipe:gupta_2010,ripple,0.347542,0.301241,0.39422,20,0.328271,0.259524,0.387847,20,0.490947,0.441142,0.542209,20,0.448439,0.393092,0.501306,20,20,0,0
Karlsson_ripple_detector,recipe:harvey_2023_code,ripple,0.139337,0.0705381,0.207043,20,0.164233,0.0887858,0.230007,20,0.277296,0.229087,0.327839,20,0.353024,0.279824,0.425475,20,20,0,0
Karlsson_ripple_detector,recipe:harvey_2023_no_radiatum,ripple,0.253446,0.192859,0.309624,20,0.291617,0.243547,0.340401,20,0.310593,0.243431,0.376233,20,0.350803,0.298304,0.399031,20,20,0,0
Karlsson_ripple_detector,recipe:harvey_2023_text,ripple,0.283047,0.234425,0.332742,20,0.309208,0.260926,0.361679,20,0.486102,0.450978,0.522509,20,0.482593,0.430452,0.537571,20,20,0,0
Karlsson_ripple_detector,recipe:huelin_gorriz_2023,network,0.0731026,0.0217087,0.125162,20,0.0448014,-0.00842048,0.104934,20,0.0731026,0.0217087,0.125162,20,0.0448014,-0.00842048,0.104934,20,20,0,0
Karlsson_ripple_detector,recipe:igata_2021,network,0.0628508,0.0189006,0.108202,20,0.0449584,0.00303705,0.0893436,20,0.0628508,0.0189006,0.108202,20,0.0449584,0.00303705,0.0893436,20,20,0,0
Karlsson_ripple_detector,recipe:igata_2021_ripples,ripple,0.480962,0.433777,0.526297,20,0.573946,0.51307,0.631261,20,0.749183,0.714793,0.783381,20,0.80007,0.760374,0.83736,20,20,0,0
Karlsson_ripple_detector,recipe:jadhav_2016,ripple,0.996083,0.988249,1,20,0.999565,0.998695,1,20,0.938345,0.916749,0.960146,20,0.92204,0.886457,0.95512,20,20,0,0
Karlsson_ripple_detector,recipe:ji_2007,network,0.216357,0.166638,0.264342,20,0.219184,0.175714,0.263324,20,0.216357,0.166638,0.264342,20,0.219184,0.175714,0.263324,20,20,0,0
Karlsson_ripple_detector,recipe:ji_2007_ripples,ripple,,,,0,,,,0,,,,0,,,,0,20,0,0
Karlsson_ripple_detector,recipe:kaefer_2020,ripple,,,,0,,,,0,1,1,1,1,0.5,0.5,0.5,1,20,0,0
Karlsson_ripple_detector,recipe:karlsson_2009,ripple,1,1,1,20,1,1,1,20,1,1,1,20,1,1,1,20,20,0,0
Karlsson_ripple_detector,recipe:krause_2022,network,0.392028,0.352295,0.435807,20,0.465243,0.415594,0.514493,20,0.392028,0.352295,0.435807,20,0.465243,0.415594,0.514493,20,20,0,0
Karlsson_ripple_detector,recipe:krause_2022_hse,network,0.0520709,0.00523116,0.108015,20,0.0592908,0.00299318,0.114255,20,0.0520709,0.00523116,0.108015,20,0.0592908,0.00299318,0.114255,20,20,0,0
Karlsson_ripple_detector,recipe:kudrimoti_1999,ripple,0.209091,-0.0909091,0.5,11,0.0454545,-0.32869,0.408333,11,0.145455,-0.2,0.5,11,0.436364,0.130714,0.7,11,20,0,0
Karlsson_ripple_detector,recipe:lee_2002,network,0.00491599,-0.0470175,0.0481585,20,-0.00110959,-0.0625749,0.054368,20,0.00491599,-0.0470175,0.0481585,20,-0.00110959,-0.0625749,0.054368,20,20,0,0
Karlsson_ripple_detector,recipe:lee_2002_ripples,ripple,0.153031,-0.0416753,0.338695,20,0.25042,0.078033,0.410944,20,0.467162,0.350391,0.587208,20,0.460163,0.317003,0.595192,20,20,0,0
Karlsson_ripple_detector,recipe:liu_2019,network,-0.00659758,-0.0613851,0.0478787,20,0.0628989,-0.000908062,0.125175,20,-0.00659758,-0.0613851,0.0478787,20,0.0628989,-0.000908062,0.125175,20,20,0,0
Karlsson_ripple_detector,recipe:liu_2019_awake,network,-0.00659758,-0.0613851,0.0478787,20,0.0628989,-0.000908062,0.125175,20,-0.00659758,-0.0613851,0.0478787,20,0.0628989,-0.000908062,0.125175,20,20,0,0
Karlsson_ripple_detector,recipe:liu_2023,network,0.0787386,0.00684734,0.144864,20,-0.00306784,-0.0673175,0.0631772,20,0.0787386,0.00684734,0.144864,20,-0.00306784,-0.0673175,0.0631772,20,20,0,0
Karlsson_ripple_detector,recipe:maboudi_2018,network,0.0523079,0.00708085,0.107743,20,0.0544711,-0.00264181,0.110702,20,0.0523079,0.00708085,0.107743,20,0.0544711,-0.00264181,0.110702,20,20,0,0
Karlsson_ripple_detector,recipe:maboudi_2018_open_field,network,0.0815206,0.0334418,0.131358,20,0.0460527,-0.0227429,0.117427,20,0.0815206,0.0334418,0.131358,20,0.0460527,-0.0227429,0.117427,20,20,0,0
Karlsson_ripple_detector,recipe:mallory_2025,network,0.0472272,-0.00393175,0.0987505,20,-0.00633902,-0.0667377,0.0526875,20,0.0472272,-0.00393175,0.0987505,20,-0.00633902,-0.0667377,0.0526875,20,20,0,0
Karlsson_ripple_detector,recipe:mallory_2025_ripples,ripple,0.421873,0.368625,0.474395,20,0.499191,0.462149,0.538733,20,0.458247,0.412962,0.503021,20,0.552491,0.514586,0.594472,20,20,0,0
Karlsson_ripple_detector,recipe:michon_2019,network,0.109033,0.0214234,0.192875,20,0.0737979,0.00878179,0.143126,20,0.109033,0.0214234,0.192875,20,0.0737979,0.00878179,0.143126,20,20,0,0
Karlsson_ripple_detector,recipe:michon_2021,network,0.109033,0.0214234,0.192875,20,0.0737979,0.00878179,0.143126,20,0.109033,0.0214234,0.192875,20,0.0737979,0.00878179,0.143126,20,20,0,0
Karlsson_ripple_detector,recipe:mou_2022,network,0.0215954,-0.0269572,0.0696984,20,0.019878,-0.0319115,0.0686073,20,0.0215954,-0.0269572,0.0696984,20,0.019878,-0.0319115,0.0686073,20,20,0,0
Karlsson_ripple_detector,recipe:muessig_2019,network,0.0889128,-0.0616259,0.234664,20,0.0186514,-0.130254,0.159384,20,0.0889128,-0.0616259,0.234664,20,0.0186514,-0.130254,0.159384,20,20,0,0
Karlsson_ripple_detector,recipe:muessig_2019_ripples,ripple,0.18108,0.123926,0.227479,20,0.130223,0.0870626,0.173176,20,0.331668,0.284647,0.372244,20,0.281839,0.224414,0.340813,20,20,0,0
Karlsson_ripple_detector,recipe:nadasdy_1999,ripple,0.410521,0.35794,0.46757,20,0.423188,0.371517,0.478655,20,0.576159,0.522288,0.629185,20,0.529177,0.472657,0.586802,20,20,0,0
Karlsson_ripple_detector,recipe:olafsdottir_2015,network,0.0607799,0.00746318,0.116009,20,0.0280522,-0.028514,0.0772201,20,0.0607799,0.00746318,0.116009,20,0.0280522,-0.028514,0.0772201,20,20,0,0
Karlsson_ripple_detector,recipe:olafsdottir_2015.bayesian_candidates,network,0.0681492,0.0132634,0.127787,20,0.0240156,-0.028341,0.0735294,20,0.0681492,0.0132634,0.127787,20,0.0240156,-0.028341,0.0735294,20,20,0,0
Karlsson_ripple_detector,recipe:olafsdottir_2016,network,0.103463,0.0505808,0.158537,20,0.139364,0.0772683,0.202679,20,0.103463,0.0505808,0.158537,20,0.139364,0.0772683,0.202679,20,20,0,0
Karlsson_ripple_detector,recipe:olafsdottir_2017,network,0.0905878,0.0265745,0.152314,20,0.163826,0.104384,0.223703,20,0.0905878,0.0265745,0.152314,20,0.163826,0.104384,0.223703,20,20,0,0
Karlsson_ripple_detector,recipe:olafsdottir_2017.trajectory,network,0.103463,0.0505808,0.158537,20,0.139364,0.0772683,0.202679,20,0.103463,0.0505808,0.158537,20,0.139364,0.0772683,0.202679,20,20,0,0
Karlsson_ripple_detector,recipe:pfeiffer_2013,network,0.0815206,0.0334418,0.131358,20,0.0460527,-0.0227429,0.117427,20,0.0815206,0.0334418,0.131358,20,0.0460527,-0.0227429,0.117427,20,20,0,0
Karlsson_ripple_detector,recipe:pfeiffer_2013_ripples,ripple,0.555996,0.513061,0.600351,20,0.570802,0.539034,0.600475,20,0.540261,0.493423,0.586495,20,0.606233,0.565496,0.645969,20,20,0,0
Karlsson_ripple_detector,recipe:pfeiffer_2015,ripple,0.555996,0.513061,0.600351,20,0.570802,0.539034,0.600475,20,0.540181,0.49326,0.586495,20,0.606233,0.565496,0.645969,20,20,0,0
Karlsson_ripple_detector,recipe:shin_2019,ripple,1,1,1,20,1,1,1,20,1,1,1,20,1,1,1,20,20,0,0
Karlsson_ripple_detector,recipe:silva_2015,network,0.0583424,-0.0075335,0.125534,20,0.0322621,-0.0296012,0.0905137,20,0.0583424,-0.0075335,0.125534,20,0.0322621,-0.0296012,0.0905137,20,20,0,0
Karlsson_ripple_detector,recipe:stella_2019,ripple,0.308031,0.262378,0.353266,20,0.319759,0.277903,0.364293,20,0.513607,0.463954,0.55938,20,0.510733,0.46441,0.559424,20,20,0,0
Karlsson_ripple_detector,recipe:tang_2017,ripple,1,1,1,20,1,1,1,20,1,1,1,20,1,1,1,20,20,0,0
Karlsson_ripple_detector,recipe:tirole_2022,network,0.0731026,0.0217087,0.125162,20,0.0448014,-0.00842048,0.104934,20,0.0731026,0.0217087,0.125162,20,0.0448014,-0.00842048,0.104934,20,20,0,0
Karlsson_ripple_detector,recipe:widloski_2025,ripple,0.169281,0.101926,0.229528,20,0.129863,0.0692159,0.188657,20,0.146491,0.0827901,0.211155,20,0.159865,0.0912347,0.226867,20,20,0,0
Karlsson_ripple_detector,recipe:widloski_2025_bursts,network,0.00104302,-0.0751253,0.0744547,20,0.0505398,-0.0307871,0.137731,20,0.00104302,-0.0751253,0.0744547,20,0.0505398,-0.0307871,0.137731,20,20,0,0
Karlsson_ripple_detector,recipe:wikenheiser_2013,ripple,0.122492,0.0684956,0.177173,20,0.120989,0.0591765,0.184666,20,0.134519,0.0848837,0.188451,20,0.149094,0.0985601,0.202025,20,20,0,0
Karlsson_ripple_detector,recipe:wu_2014,network,0.0539038,0.000428266,0.104111,20,0.0385265,-0.0112288,0.0895362,20,0.0539038,0.000428266,0.104111,20,0.0385265,-0.0112288,0.0895362,20,20,0,0
Karlsson_ripple_detector,recipe:wu_2017,network,0.213705,0.136355,0.292831,20,0.192221,0.118313,0.269145,20,0.213705,0.136355,0.292831,20,0.192221,0.118313,0.269145,20,20,0,0
Karlsson_ripple_detector,recipe:xu_2019,network,0.044376,-0.00714132,0.0929859,20,-0.000261629,-0.0564114,0.0569643,20,0.044376,-0.00714132,0.0929859,20,-0.000261629,-0.0564114,0.0569643,20,20,0,0
Karlsson_ripple_detector,recipe:yamamoto_2017,network,0.293061,0.232747,0.350149,20,0.258898,0.20266,0.318459,20,0.293061,0.232747,0.350149,20,0.258898,0.20266,0.318459,20,20,0,0
Karlsson_ripple_detector,recipe:yang_2024,network,0.0558737,-0.00604593,0.115259,20,-0.0190101,-0.07757,0.0413467,20,0.0558737,-0.00604593,0.115259,20,-0.0190101,-0.07757,0.0413467,20,20,0,0
Kay_ripple_detector,Long_sharp_wave_ripple_detector,ripple,0.248908,0.208289,0.286535,20,0.282041,0.213636,0.349042,20,0.271116,0.204721,0.332781,20,0.413873,0.365132,0.461908,20,20,0,0
Kay_ripple_detector,Roumis_ripple_detector,ripple,0.968236,0.955992,0.978874,20,0.969884,0.960382,0.9785,20,0.975259,0.964029,0.985603,20,0.972508,0.960946,0.982386,20,20,0,0
Kay_ripple_detector,Shvartsman_ripple_detector,ripple,0.695489,0.654493,0.7355,20,0.711131,0.674072,0.745576,20,0.741001,0.700248,0.780214,20,0.739922,0.70536,0.772775,20,20,0,0
Kay_ripple_detector,Yu_ripple_detector,ripple,0.876912,0.850845,0.900231,20,0.89165,0.876463,0.905602,20,0.886993,0.863276,0.908788,20,0.901704,0.88398,0.919654,20,20,0,0
Kay_ripple_detector,Zugaro_ripple_detector,ripple,0.461855,0.421451,0.501858,20,0.428658,0.367865,0.488398,20,0.623678,0.577661,0.664317,20,0.603589,0.573201,0.632283,20,20,0,0
Kay_ripple_detector,multiunit_HSE_detector,network,0.0939092,0.0528161,0.138581,20,0.0621557,0.0234621,0.105148,20,0.0939092,0.0528161,0.138581,20,0.0621557,0.0234621,0.105148,20,20,0,0
Kay_ripple_detector,recipe:ambrose_2016,ripple,0.524551,0.489081,0.55993,20,0.541212,0.506154,0.576283,20,0.507432,0.464574,0.5483,20,0.605263,0.571701,0.640182,20,20,0,0
Kay_ripple_detector,recipe:bendor_2012,network,0.304751,0.252659,0.356582,20,0.336073,0.285216,0.383788,20,0.304751,0.252659,0.356582,20,0.336073,0.285216,0.383788,20,20,0,0
Kay_ripple_detector,recipe:berners_lee_2021,ripple,0.515922,0.489498,0.54361,20,0.524972,0.472987,0.572748,20,0.509406,0.474228,0.545033,20,0.586549,0.543571,0.628292,20,20,0,0
Kay_ripple_detector,recipe:berners_lee_2022,network,0.144921,0.0979672,0.189006,20,0.1415,0.0882399,0.193827,20,0.144921,0.0979672,0.189006,20,0.1415,0.0882399,0.193827,20,20,0,0
Kay_ripple_detector,recipe:bhattarai_2020,network,0.0753293,0.000632315,0.147442,20,0.188104,0.109326,0.268171,20,0.0753293,0.000632315,0.147442,20,0.188104,0.109326,0.268171,20,20,0,0
Kay_ripple_detector,recipe:bhattarai_2020_ripples,ripple,0.466485,0.408195,0.524785,20,0.528779,0.484952,0.5743,20,0.561257,0.505488,0.615029,20,0.609337,0.553852,0.663816,20,20,0,0
Kay_ripple_detector,recipe:bush_2022,network,0.0998155,0.0527246,0.142734,20,0.0705101,-0.00722659,0.142175,20,0.0998155,0.0527246,0.142734,20,0.0705101,-0.00722659,0.142175,20,20,0,0
Kay_ripple_detector,recipe:carey_2019,network,0.321661,0.275351,0.367619,20,0.355795,0.310816,0.402332,20,0.321661,0.275351,0.367619,20,0.355795,0.310816,0.402332,20,20,0,0
Kay_ripple_detector,recipe:carr_2012,ripple,0.684847,0.648988,0.719706,20,0.708226,0.66885,0.743987,20,0.733788,0.696241,0.769442,20,0.741478,0.708379,0.773952,20,20,0,0
Kay_ripple_detector,recipe:chenani_2019,network,0.111176,0.0482363,0.169678,20,0.0961165,0.0405346,0.150739,20,0.111176,0.0482363,0.169678,20,0.0961165,0.0405346,0.150739,20,20,0,0
Kay_ripple_detector,recipe:davidson_2009,network,0.0838046,0.0403437,0.132336,20,0.0671532,0.0226145,0.115027,20,0.0838046,0.0403437,0.132336,20,0.0671532,0.0226145,0.115027,20,20,0,0
Kay_ripple_detector,recipe:denovellis_2021,ripple,0.921991,0.900026,0.940485,20,0.91006,0.890521,0.928873,20,0.927326,0.90835,0.945048,20,0.920133,0.902454,0.938239,20,20,0,0
Kay_ripple_detector,recipe:denovellis_2021_mua,network,0.0948387,0.054586,0.137537,20,0.0576553,0.0209487,0.0980792,20,0.0948387,0.054586,0.137537,20,0.0576553,0.0209487,0.0980792,20,20,0,0
Kay_ripple_detector,recipe:diba_2007,network,0.0726357,-0.000333808,0.150862,20,0.153671,0.0572292,0.253141,20,0.0726357,-0.000333808,0.150862,20,0.153671,0.0572292,0.253141,20,20,0,0
Kay_ripple_detector,recipe:drieu_2018,network,0.10052,0.053209,0.147155,20,0.0904199,0.0456728,0.132719,20,0.10052,0.053209,0.147155,20,0.0904199,0.0456728,0.132719,20,20,0,0
Kay_ripple_detector,recipe:farooq_2019_neuron,network,0.176191,0.0824758,0.265634,20,0.160055,0.0718132,0.239728,20,0.176191,0.0824758,0.265634,20,0.160055,0.0718132,0.239728,20,20,0,0
Kay_ripple_detector,recipe:farooq_2019_science,network,0.180194,0.0851496,0.270016,20,0.15399,0.0621978,0.235707,20,0.180194,0.0851496,0.270016,20,0.15399,0.0621978,0.235707,20,20,0,0
Kay_ripple_detector,recipe:farooq_2019_science_awake,network,0.180194,0.0851496,0.270016,20,0.15399,0.0621978,0.235707,20,0.180194,0.0851496,0.270016,20,0.15399,0.0621978,0.235707,20,20,0,0
Kay_ripple_detector,recipe:foster_2006,network,0.0788824,-0.0630233,0.219522,20,0.09138,-0.0789605,0.252005,20,0.0788824,-0.0630233,0.219522,20,0.09138,-0.0789605,0.252005,20,20,0,0
Kay_ripple_detector,recipe:foster_2006_ripples,ripple,0.132826,-0.059612,0.316206,20,0.318323,0.166512,0.471828,20,0.426717,0.308058,0.549289,20,0.586465,0.468049,0.691682,20,20,0,0
Kay_ripple_detector,recipe:gillespie_2021,ripple,1,1,1,20,1,1,1,20,1,1,1,20,1,1,1,20,20,0,0
Kay_ripple_detector,recipe:gillespie_2021_mua,network,0.078004,0.0364588,0.122777,20,0.0691179,0.031268,0.113394,20,0.078004,0.0364588,0.122777,20,0.0691179,0.031268,0.113394,20,20,0,0
Kay_ripple_detector,recipe:gridchyn_2020,network,0.19657,0.135269,0.25132,20,0.275125,0.224107,0.321928,20,0.19657,0.135269,0.25132,20,0.275125,0.224107,0.321928,20,20,0,0
Kay_ripple_detector,recipe:grosmark_2016,network,0.0709495,0.0269489,0.120828,20,0.00901417,-0.0665409,0.0783231,20,0.0709495,0.0269489,0.120828,20,0.00901417,-0.0665409,0.0783231,20,20,0,0
Kay_ripple_detector,recipe:gupta_2010,ripple,0.440302,0.391023,0.493974,20,0.419845,0.379779,0.460935,20,0.531234,0.490032,0.572559,20,0.503958,0.459812,0.545712,20,20,0,0
Kay_ripple_detector,recipe:harvey_2023_code,ripple,0.249109,0.204793,0.291319,20,0.287153,0.217484,0.353057,20,0.332891,0.271145,0.390353,20,0.468874,0.409855,0.52912,20,20,0,0
Kay_ripple_detector,recipe:harvey_2023_no_radiatum,ripple,0.253654,0.191455,0.317485,20,0.314819,0.273776,0.362865,20,0.288995,0.224323,0.359172,20,0.403329,0.352867,0.448621,20,20,0,0
Kay_ripple_detector,recipe:harvey_2023_text,ripple,0.381503,0.324649,0.443518,20,0.425485,0.35837,0.489041,20,0.535744,0.481286,0.588943,20,0.544654,0.504725,0.582199,20,20,0,0
Kay_ripple_detector,recipe:huelin_gorriz_2023,network,0.0831201,0.0317303,0.136221,20,0.0553079,0.00158397,0.108569,20,0.0831201,0.0317303,0.136221,20,0.0553079,0.00158397,0.108569,20,20,0,0
Kay_ripple_detector,recipe:igata_2021,network,0.0969306,0.0577762,0.140819,20,0.0634048,0.0281574,0.10351,20,0.0969306,0.0577762,0.140819,20,0.0634048,0.0281574,0.10351,20,20,0,0
Kay_ripple_detector,recipe:igata_2021_ripples,ripple,0.58351,0.545385,0.615983,20,0.601792,0.559167,0.645186,20,0.688866,0.654918,0.718675,20,0.718641,0.677331,0.75861,20,20,0,0
Kay_ripple_detector,recipe:jadhav_2016,ripple,0.68568,0.646824,0.72032,20,0.705399,0.666342,0.744829,20,0.683462,0.642226,0.723847,20,0.704464,0.664416,0.743618,20,20,0,0
Kay_ripple_detector,recipe:ji_2007,network,0.27926,0.226316,0.331653,20,0.290324,0.250144,0.333378,20,0.27926,0.226316,0.331653,20,0.290324,0.250144,0.333378,20,20,0,0
Kay_ripple_detector,recipe:ji_2007_ripples,ripple,,,,0,,,,0,,,,0,,,,0,20,0,0
Kay_ripple_detector,recipe:kaefer_2020,ripple,1,1,1,1,0.5,0.5,0.5,1,1,1,1,1,0.5,0.5,0.5,1,20,0,0
Kay_ripple_detector,recipe:karlsson_2009,ripple,0.684847,0.648988,0.719706,20,0.708226,0.66885,0.743987,20,0.733788,0.696241,0.769442,20,0.741478,0.708379,0.773952,20,20,0,0
Kay_ripple_detector,recipe:krause_2022,network,0.387417,0.340945,0.438632,20,0.487247,0.439664,0.533949,20,0.387417,0.340945,0.438632,20,0.487247,0.439664,0.533949,20,20,0,0
Kay_ripple_detector,recipe:krause_2022_hse,network,0.0724507,0.0220517,0.12843,20,0.0788931,0.0288825,0.129425,20,0.0724507,0.0220517,0.12843,20,0.0788931,0.0288825,0.129425,20,20,0,0
Kay_ripple_detector,recipe:kudrimoti_1999,ripple,0.65,0.5,0.8,10,0.11,-0.3,0.51,10,0.318182,-0.107778,0.740042,11,0.336364,-0.14447,0.755556,11,20,0,0
Kay_ripple_detector,recipe:lee_2002,network,0.0118675,-0.0363872,0.0601844,20,0.0248119,-0.021559,0.0742187,20,0.0118675,-0.0363872,0.0601844,20,0.0248119,-0.021559,0.0742187,20,20,0,0
Kay_ripple_detector,recipe:lee_2002_ripples,ripple,0.132826,-0.059612,0.316206,20,0.318323,0.166512,0.471828,20,0.426717,0.308058,0.549289,20,0.586465,0.468049,0.691682,20,20,0,0
Kay_ripple_detector,recipe:liu_2019,network,0.0133722,-0.034589,0.0618202,20,0.0833038,0.0360924,0.13259,20,0.0133722,-0.034589,0.0618202,20,0.0833038,0.0360924,0.13259,20,20,0,0
Kay_ripple_detector,recipe:liu_2019_awake,network,0.0133722,-0.034589,0.0618202,20,0.0833038,0.0360924,0.13259,20,0.0133722,-0.034589,0.0618202,20,0.0833038,0.0360924,0.13259,20,20,0,0
Kay_ripple_detector,recipe:liu_2023,network,0.109611,0.042567,0.170118,20,0.0494895,-0.0190183,0.116995,20,0.109611,0.042567,0.170118,20,0.0494895,-0.0190183,0.116995,20,20,0,0
Kay_ripple_detector,recipe:maboudi_2018,network,0.0632554,0.0096815,0.120207,20,0.0693306,0.0213404,0.120865,20,0.0632554,0.0096815,0.120207,20,0.0693306,0.0213404,0.120865,20,20,0,0
Kay_ripple_detector,recipe:maboudi_2018_open_field,network,0.112787,0.0616498,0.168499,20,0.0988713,0.0334995,0.165894,20,0.112787,0.0616498,0.168499,20,0.0988713,0.0334995,0.165894,20,20,0,0
Kay_ripple_detector,recipe:mallory_2025,network,0.0794587,0.0288394,0.135413,20,0.0256565,-0.0333187,0.0860109,20,0.0794587,0.0288394,0.135413,20,0.0256565,-0.0333187,0.0860109,20,20,0,0
Kay_ripple_detector,recipe:mallory_2025_ripples,ripple,0.420475,0.383538,0.46234,20,0.49062,0.463069,0.51887,20,0.460313,0.427603,0.493754,20,0.556056,0.52223,0.590633,20,20,0,0
Kay_ripple_detector,recipe:michon_2019,network,0.185018,0.0975724,0.262312,20,0.105178,0.0440709,0.175449,20,0.185018,0.0975724,0.262312,20,0.105178,0.0440709,0.175449,20,20,0,0
Kay_ripple_detector,recipe:michon_2021,network,0.185018,0.0975724,0.262312,20,0.105178,0.0440709,0.175449,20,0.185018,0.0975724,0.262312,20,0.105178,0.0440709,0.175449,20,20,0,0
Kay_ripple_detector,recipe:mou_2022,network,0.0504912,0.00651093,0.0961208,20,0.0469444,0.00460086,0.0913841,20,0.0504912,0.00651093,0.0961208,20,0.0469444,0.00460086,0.0913841,20,20,0,0
Kay_ripple_detector,recipe:muessig_2019,network,0.212275,0.0837929,0.340032,20,0.0864293,-0.092878,0.259348,20,0.212275,0.0837929,0.340032,20,0.0864293,-0.092878,0.259348,20,20,0,0
Kay_ripple_detector,recipe:muessig_2019_ripples,ripple,0.303584,0.255367,0.351551,20,0.266957,0.223284,0.306487,20,0.362431,0.316847,0.405802,20,0.40707,0.365905,0.448354,20,20,0,0
Kay_ripple_detector,recipe:nadasdy_1999,ripple,0.571179,0.513361,0.626314,20,0.558869,0.507429,0.609948,20,0.667362,0.610402,0.718495,20,0.629483,0.584965,0.669675,20,20,0,0
Kay_ripple_detector,recipe:olafsdottir_2015,network,0.111258,0.0600318,0.161253,20,0.0627435,0.00677773,0.116323,20,0.111258,0.0600318,0.161253,20,0.0627435,0.00677773,0.116323,20,20,0,0
Kay_ripple_detector,recipe:olafsdottir_2015.bayesian_candidates,network,0.120641,0.0716477,0.167773,20,0.0654418,-0.00372449,0.134541,20,0.120641,0.0716477,0.167773,20,0.0654418,-0.00372449,0.134541,20,20,0,0
Kay_ripple_detector,recipe:olafsdottir_2016,network,0.128835,0.0735993,0.177449,20,0.208238,0.156871,0.256293,20,0.128835,0.0735993,0.177449,20,0.208238,0.156871,0.256293,20,20,0,0
Kay_ripple_detector,recipe:olafsdottir_2017,network,0.114558,0.0581108,0.167128,20,0.218637,0.167286,0.267287,20,0.114558,0.0581108,0.167128,20,0.218637,0.167286,0.267287,20,20,0,0
Kay_ripple_detector,recipe:olafsdottir_2017.trajectory,network,0.128835,0.0735993,0.177449,20,0.208238,0.156871,0.256293,20,0.128835,0.0735993,0.177449,20,0.208238,0.156871,0.256293,20,20,0,0
Kay_ripple_detector,recipe:pfeiffer_2013,network,0.112787,0.0616498,0.168499,20,0.0988713,0.0334995,0.165894,20,0.112787,0.0616498,0.168499,20,0.0988713,0.0334995,0.165894,20,20,0,0
Kay_ripple_detector,recipe:pfeiffer_2013_ripples,ripple,0.524551,0.489081,0.55993,20,0.541212,0.506154,0.576283,20,0.507432,0.464574,0.5483,20,0.605263,0.571701,0.640182,20,20,0,0
Kay_ripple_detector,recipe:pfeiffer_2015,ripple,0.524551,0.489081,0.55993,20,0.541212,0.506154,0.576283,20,0.507425,0.464559,0.5483,20,0.605263,0.571701,0.640182,20,20,0,0
Kay_ripple_detector,recipe:shin_2019,ripple,0.684847,0.648988,0.719706,20,0.708226,0.66885,0.743987,20,0.733788,0.696241,0.769442,20,0.741478,0.708379,0.773952,20,20,0,0
Kay_ripple_detector,recipe:silva_2015,network,0.0963606,0.031623,0.160699,20,0.0823618,0.0145549,0.152675,20,0.0963606,0.031623,0.160699,20,0.0823618,0.0145549,0.152675,20,20,0,0
Kay_ripple_detector,recipe:stella_2019,ripple,0.442068,0.385207,0.500202,20,0.450153,0.401747,0.49547,20,0.577264,0.51513,0.635667,20,0.605172,0.567798,0.642377,20,20,0,0
Kay_ripple_detector,recipe:tang_2017,ripple,0.684847,0.648988,0.719706,20,0.708226,0.66885,0.743987,20,0.733788,0.696241,0.769442,20,0.741478,0.708379,0.773952,20,20,0,0
Kay_ripple_detector,recipe:tirole_2022,network,0.0831201,0.0317303,0.136221,20,0.0553079,0.00158397,0.108569,20,0.0831201,0.0317303,0.136221,20,0.0553079,0.00158397,0.108569,20,20,0,0
Kay_ripple_detector,recipe:widloski_2025,ripple,0.106718,0.0345497,0.183246,20,0.142615,0.0582592,0.22255,20,0.133395,0.0499884,0.20941,20,0.189881,0.106468,0.277412,20,20,0,0
Kay_ripple_detector,recipe:widloski_2025_bursts,network,-0.00124602,-0.0867315,0.078381,20,0.0958739,0.0258189,0.163128,20,-0.00124602,-0.0867315,0.078381,20,0.0958739,0.0258189,0.163128,20,20,0,0
Kay_ripple_detector,recipe:wikenheiser_2013,ripple,0.13134,0.0675512,0.19719,20,0.0977867,0.043756,0.155486,20,0.152417,0.0962575,0.210096,20,0.14648,0.0856888,0.206491,20,20,0,0
Kay_ripple_detector,recipe:wu_2014,network,0.0828129,0.0319754,0.130237,20,0.0534298,0.00925735,0.103172,20,0.0828129,0.0319754,0.130237,20,0.0534298,0.00925735,0.103172,20,20,0,0
Kay_ripple_detector,recipe:wu_2017,network,0.244823,0.185592,0.302316,20,0.270509,0.219436,0.322725,20,0.244823,0.185592,0.302316,20,0.270509,0.219436,0.322725,20,20,0,0
Kay_ripple_detector,recipe:xu_2019,network,0.0642014,0.024933,0.106037,20,0.0339324,-0.0283139,0.0931216,20,0.0642014,0.024933,0.106037,20,0.0339324,-0.0283139,0.0931216,20,20,0,0
Kay_ripple_detector,recipe:yamamoto_2017,network,0.320774,0.271906,0.365947,20,0.349431,0.280193,0.419876,20,0.320774,0.271906,0.365947,20,0.349431,0.280193,0.419876,20,20,0,0
Kay_ripple_detector,recipe:yang_2024,network,0.0709495,0.0269489,0.120828,20,0.00901417,-0.0665409,0.0783231,20,0.0709495,0.0269489,0.120828,20,0.00901417,-0.0665409,0.0783231,20,20,0,0
Long_sharp_wave_ripple_detector,Roumis_ripple_detector,ripple,0.247648,0.208491,0.284877,20,0.277878,0.213665,0.341367,20,0.272897,0.206644,0.336631,20,0.411972,0.362885,0.458474,20,20,0,0
Long_sharp_wave_ripple_detector,Shvartsman_ripple_detector,ripple,0.144749,0.0820441,0.203433,20,0.152948,0.084571,0.219318,20,0.280337,0.227629,0.332101,20,0.343458,0.275726,0.410411,20,20,0,0
Long_sharp_wave_ripple_detector,Yu_ripple_detector,ripple,0.263428,0.223782,0.301285,20,0.305531,0.238254,0.36716,20,0.270599,0.21455,0.327769,20,0.432836,0.379582,0.481461,20,20,0,0
Long_sharp_wave_ripple_detector,Zugaro_ripple_detector,ripple,0.57334,0.537815,0.607638,20,0.662876,0.632312,0.693961,20,0.453213,0.385122,0.516216,20,0.57837,0.521216,0.638077,20,20,0,0
Long_sharp_wave_ripple_detector,multiunit_HSE_detector,network,0.00188429,-0.0459088,0.0524997,20,0.0330783,-0.0139707,0.082953,20,0.00188429,-0.0459088,0.0524997,20,0.0330783,-0.0139707,0.082953,20,20,0,0
Long_sharp_wave_ripple_detector,recipe:ambrose_2016,ripple,0.134669,0.0849928,0.17882,20,0.14715,0.0879654,0.209344,20,0.165984,0.116464,0.212757,20,0.306548,0.252073,0.359585,20,20,0,0
Long_sharp_wave_ripple_detector,recipe:bendor_2012,network,0.317547,0.266818,0.374199,20,0.404956,0.353887,0.457326,20,0.317547,0.266818,0.374199,20,0.404956,0.353887,0.457326,20,20,0,0
Long_sharp_wave_ripple_detector,recipe:berners_lee_2021,ripple,0.13975,0.0968407,0.180777,20,0.158471,0.1057,0.213631,20,0.189632,0.135959,0.239149,20,0.298883,0.255788,0.344792,20,20,0,0
Long_sharp_wave_ripple_detector,recipe:berners_lee_2022,network,0.100428,0.0322982,0.164526,20,0.189299,0.126533,0.24738,20,0.100428,0.0322982,0.164526,20,0.189299,0.126533,0.24738,20,20,0,0
Long_sharp_wave_ripple_detector,recipe:bhattarai_2020,network,0.0249351,-0.0427739,0.0929652,20,0.249217,0.153865,0.336034,20,0.0249351,-0.0427739,0.0929652,20,0.249217,0.153865,0.336034,20,20,0,0
Long_sharp_wave_ripple_detector,recipe:bhattarai_2020_ripples,ripple,0.369927,0.302711,0.438168,20,0.396882,0.323734,0.466427,20,0.398464,0.326608,0.464542,20,0.520161,0.446459,0.588216,20,20,0,0
Long_sharp_wave_ripple_detector,recipe:bush_2022,network,0.129484,0.0613671,0.196196,20,0.215488,0.139916,0.284027,20,0.129484,0.0613671,0.196196,20,0.215488,0.139916,0.284027,20,20,0,0
Long_sharp_wave_ripple_detector,recipe:carey_2019,network,0.283641,0.215806,0.356586,20,0.397031,0.355001,0.436706,20,0.283641,0.215806,0.356586,20,0.397031,0.355001,0.436706,20,20,0,0
Long_sharp_wave_ripple_detector,recipe:carr_2012,ripple,0.127691,0.0727501,0.182173,20,0.152095,0.0904399,0.211568,20,0.260922,0.211978,0.30857,20,0.343208,0.275256,0.407493,20,20,0,0
Long_sharp_wave_ripple_detector,recipe:chenani_2019,network,0.152837,0.0861529,0.213561,20,0.215444,0.149673,0.279,20,0.152837,0.0861529,0.213561,20,0.215444,0.149673,0.279,20,20,0,0
Long_sharp_wave_ripple_detector,recipe:davidson_2009,network,0.00980955,-0.0418262,0.0627287,20,0.0274135,-0.0208371,0.0720579,20,0.00980955,-0.0418262,0.0627287,20,0.0274135,-0.0208371,0.0720579,20,20,0,0
Long_sharp_wave_ripple_detector,recipe:denovellis_2021,ripple,0.255813,0.210887,0.299698,20,0.287282,0.219606,0.355268,20,0.294035,0.231407,0.353515,20,0.428128,0.367121,0.483685,20,20,0,0
Long_sharp_wave_ripple_detector,recipe:denovellis_2021_mua,network,0.00527441,-0.0419665,0.0548535,20,0.0291276,-0.0171476,0.077356,20,0.00527441,-0.0419665,0.0548535,20,0.0291276,-0.0171476,0.077356,20,20,0,0
Long_sharp_wave_ripple_detector,recipe:diba_2007,network,0.119517,-0.00287711,0.250936,20,0.162385,0.0556582,0.256181,20,0.119517,-0.00287711,0.250936,20,0.162385,0.0556582,0.256181,20,20,0,0
Long_sharp_wave_ripple_detector,recipe:drieu_2018,network,0.094662,0.0402338,0.142905,20,0.15036,0.0905132,0.204992,20,0.094662,0.0402338,0.142905,20,0.15036,0.0905132,0.204992,20,20,0,0
Long_sharp_wave_ripple_detector,recipe:farooq_2019_neuron,network,0.21213,0.0743981,0.333737,20,0.351632,0.234371,0.466169,20,0.21213,0.0743981,0.333737,20,0.351632,0.234371,0.466169,20,20,0,0
Long_sharp_wave_ripple_detector,recipe:farooq_2019_science,network,0.215406,0.078091,0.334924,20,0.353245,0.236064,0.468242,20,0.215406,0.078091,0.334924,20,0.353245,0.236064,0.468242,20,20,0,0
Long_sharp_wave_ripple_detector,recipe:farooq_2019_science_awake,network,0.215406,0.078091,0.334924,20,0.353245,0.236064,0.468242,20,0.215406,0.078091,0.334924,20,0.353245,0.236064,0.468242,20,20,0,0
Long_sharp_wave_ripple_detector,recipe:foster_2006,network,0.140927,-0.0277335,0.288278,20,0.0691331,-0.0583713,0.191842,20,0.140927,-0.0277335,0.288278,20,0.0691331,-0.0583713,0.191842,20,20,0,0
Long_sharp_wave_ripple_detector,recipe:foster_2006_ripples,ripple,0.427371,0.247757,0.576459,20,0.602651,0.422995,0.747988,20,0.251309,0.053042,0.443628,20,0.526744,0.339806,0.699793,20,20,0,0
Long_sharp_wave_ripple_detector,recipe:gillespie_2021,ripple,0.248908,0.208289,0.286535,20,0.282041,0.213636,0.349042,20,0.271116,0.204721,0.332781,20,0.413873,0.365132,0.461908,20,20,0,0
Long_sharp_wave_ripple_detector,recipe:gillespie_2021_mua,network,0.00340959,-0.0465398,0.0573497,20,0.0292181,-0.0201629,0.077169,20,0.00340959,-0.0465398,0.0573497,20,0.0292181,-0.0201629,0.077169,20,20,0,0
Long_sharp_wave_ripple_detector,recipe:gridchyn_2020,network,0.156799,0.0952879,0.216595,20,0.257877,0.198692,0.317974,20,0.156799,0.0952879,0.216595,20,0.257877,0.198692,0.317974,20,20,0,0
Long_sharp_wave_ripple_detector,recipe:grosmark_2016,network,0.110744,0.0437956,0.176879,20,0.000882022,-0.0708785,0.0741841,20,0.110744,0.0437956,0.176879,20,0.000882022,-0.0708785,0.0741841,20,20,0,0
Long_sharp_wave_ripple_detector,recipe:gupta_2010,ripple,0.233562,0.176198,0.29218,20,0.256262,0.207516,0.299011,20,0.287395,0.225282,0.349003,20,0.416953,0.35,0.47739,20,20,0,0
Long_sharp_wave_ripple_detector,recipe:harvey_2023_code,ripple,1,1,1,20,1,1,1,20,0.930976,0.904027,0.956629,20,0.926848,0.894897,0.954922,20,20,0,0
Long_sharp_wave_ripple_detector,recipe:harvey_2023_no_radiatum,ripple,0.153716,0.0911748,0.229229,20,0.12869,0.0616275,0.190558,20,0.200239,0.120871,0.289301,20,0.254464,0.197593,0.306566,20,20,0,0
Long_sharp_wave_ripple_detector,recipe:harvey_2023_text,ripple,0.58085,0.545375,0.616478,20,0.664688,0.628514,0.703232,20,0.503007,0.438019,0.565862,20,0.603414,0.54375,0.665099,20,20,0,0
Long_sharp_wave_ripple_detector,recipe:huelin_gorriz_2023,network,0.0451264,-0.0140146,0.10319,20,0.11558,0.0545803,0.17769,20,0.0451264,-0.0140146,0.10319,20,0.11558,0.0545803,0.17769,20,20,0,0
Long_sharp_wave_ripple_detector,recipe:igata_2021,network,0.0116078,-0.035049,0.0613333,20,0.0267649,-0.0193081,0.0753423,20,0.0116078,-0.035049,0.0613333,20,0.0267649,-0.0193081,0.0753423,20,20,0,0
Long_sharp_wave_ripple_detector,recipe:igata_2021_ripples,ripple,0.277002,0.235045,0.314916,20,0.331494,0.286682,0.374903,20,0.305739,0.248867,0.361064,20,0.385634,0.335519,0.43047,20,20,0,0
Long_sharp_wave_ripple_detector,recipe:jadhav_2016,ripple,0.114127,0.052193,0.173075,20,0.162176,0.0781887,0.237395,20,0.227436,0.181616,0.276566,20,0.36568,0.299668,0.426109,20,20,0,0
Long_sharp_wave_ripple_detector,recipe:ji_2007,network,0.300459,0.243143,0.362941,20,0.338687,0.28135,0.390187,20,0.300459,0.243143,0.362941,20,0.338687,0.28135,0.390187,20,20,0,0
Long_sharp_wave_ripple_detector,recipe:ji_2007_ripples,ripple,,,,0,,,,0,,,,0,,,,0,20,0,0
Long_sharp_wave_ripple_detector,recipe:kaefer_2020,ripple,,,,0,,,,0,0.5,0.5,0.5,1,1,1,1,1,20,0,0
Long_sharp_wave_ripple_detector,recipe:karlsson_2009,ripple,0.127691,0.0727501,0.182173,20,0.152095,0.0904399,0.211568,20,0.260922,0.211978,0.30857,20,0.343208,0.275256,0.407493,20,20,0,0
Long_sharp_wave_ripple_detector,recipe:krause_2022,network,0.152093,0.0960068,0.215832,20,0.333196,0.279705,0.387614,20,0.152093,0.0960068,0.215832,20,0.333196,0.279705,0.387614,20,20,0,0
Long_sharp_wave_ripple_detector,recipe:krause_2022_hse,network,0.0089191,-0.0421854,0.0598527,20,0.0308524,-0.010611,0.0730739,20,0.0089191,-0.0421854,0.0598527,20,0.0308524,-0.010611,0.0730739,20,20,0,0
Long_sharp_wave_ripple_detector,recipe:kudrimoti_1999,ripple,0.444444,0.0775,0.79,9,0.333333,-0.137634,0.714345,9,0.255556,-0.0555556,0.540042,9,0.344444,-0.222292,0.785714,9,20,0,0
Long_sharp_wave_ripple_detector,recipe:lee_2002,network,-0.0123854,-0.0846064,0.0619878,20,-0.00553997,-0.0752063,0.0629195,20,-0.0123854,-0.0846064,0.0619878,20,-0.00553997,-0.0752063,0.0629195,20,20,0,0
Long_sharp_wave_ripple_detector,recipe:lee_2002_ripples,ripple,0.427371,0.247757,0.576459,20,0.602651,0.422995,0.747988,20,0.251309,0.053042,0.443628,20,0.526744,0.339806,0.699793,20,20,0,0
Long_sharp_wave_ripple_detector,recipe:liu_2019,network,0.00814324,-0.0711885,0.0783448,20,0.0704728,-0.00560459,0.144375,20,0.00814324,-0.0711885,0.0783448,20,0.0704728,-0.00560459,0.144375,20,20,0,0
Long_sharp_wave_ripple_detector,recipe:liu_2019_awake,network,0.00814324,-0.0711885,0.0783448,20,0.0704728,-0.00560459,0.144375,20,0.00814324,-0.0711885,0.0783448,20,0.0704728,-0.00560459,0.144375,20,20,0,0
Long_sharp_wave_ripple_detector,recipe:liu_2023,network,0.179089,0.117117,0.236972,20,0.176731,0.0838495,0.254225,20,0.179089,0.117117,0.236972,20,0.176731,0.0838495,0.254225,20,20,0,0
Long_sharp_wave_ripple_detector,recipe:maboudi_2018,network,0.0198085,-0.0295705,0.069605,20,0.0351615,-0.00737763,0.0782326,20,0.0198085,-0.0295705,0.069605,20,0.0351615,-0.00737763,0.0782326,20,20,0,0
Long_sharp_wave_ripple_detector,recipe:maboudi_2018_open_field,network,0.117046,0.0581722,0.180634,20,0.167711,0.0831022,0.244719,20,0.117046,0.0581722,0.180634,20,0.167711,0.0831022,0.244719,20,20,0,0
Long_sharp_wave_ripple_detector,recipe:mallory_2025,network,0.075905,0.0226001,0.132842,20,0.050123,-0.0306964,0.128527,20,0.075905,0.0226001,0.132842,20,0.050123,-0.0306964,0.128527,20,20,0,0
Long_sharp_wave_ripple_detector,recipe:mallory_2025_ripples,ripple,0.153151,0.0925375,0.207764,20,0.150656,0.087702,0.220989,20,0.199452,0.143561,0.255171,20,0.278653,0.228777,0.331663,20,20,0,0
Long_sharp_wave_ripple_detector,recipe:michon_2019,network,0.0749635,-0.00234836,0.156606,20,0.0829628,0.00404205,0.165624,20,0.0749635,-0.00234836,0.156606,20,0.0829628,0.00404205,0.165624,20,20,0,0
Long_sharp_wave_ripple_detector,recipe:michon_2021,network,0.0749635,-0.00234836,0.156606,20,0.0829628,0.00404205,0.165624,20,0.0749635,-0.00234836,0.156606,20,0.0829628,0.00404205,0.165624,20,20,0,0
Long_sharp_wave_ripple_detector,recipe:mou_2022,network,-0.00480378,-0.0491637,0.0381422,20,-0.00151155,-0.0493482,0.0431727,20,-0.00480378,-0.0491637,0.0381422,20,-0.00151155,-0.0493482,0.0431727,20,20,0,0
Long_sharp_wave_ripple_detector,recipe:muessig_2019,network,0.178305,-0.0195417,0.35973,20,0.329995,0.199182,0.458594,20,0.178305,-0.0195417,0.35973,20,0.329995,0.199182,0.458594,20,20,0,0
Long_sharp_wave_ripple_detector,recipe:muessig_2019_ripples,ripple,0.66655,0.635358,0.696285,20,0.76841,0.750757,0.784661,20,0.59095,0.5564,0.625092,20,0.733388,0.689584,0.776685,20,20,0,0
Long_sharp_wave_ripple_detector,recipe:nadasdy_1999,ripple,0.388157,0.337515,0.443171,20,0.486217,0.434512,0.534107,20,0.396014,0.339291,0.45061,20,0.502306,0.432193,0.56868,20,20,0,0
Long_sharp_wave_ripple_detector,recipe:olafsdottir_2015,network,0.0827078,0.014463,0.147169,20,0.136462,0.0854774,0.185093,20,0.0827078,0.014463,0.147169,20,0.136462,0.0854774,0.185093,20,20,0,0
Long_sharp_wave_ripple_detector,recipe:olafsdottir_2015.bayesian_candidates,network,0.112151,0.0287104,0.192401,20,0.137146,0.0846244,0.185822,20,0.112151,0.0287104,0.192401,20,0.137146,0.0846244,0.185822,20,20,0,0
Long_sharp_wave_ripple_detector,recipe:olafsdottir_2016,network,0.244595,0.165553,0.321132,20,0.375738,0.310843,0.433879,20,0.244595,0.165553,0.321132,20,0.375738,0.310843,0.433879,20,20,0,0
Long_sharp_wave_ripple_detector,recipe:olafsdottir_2017,network,0.23194,0.157171,0.307543,20,0.370949,0.30065,0.434594,20,0.23194,0.157171,0.307543,20,0.370949,0.30065,0.434594,20,20,0,0
Long_sharp_wave_ripple_detector,recipe:olafsdottir_2017.trajectory,network,0.244595,0.165553,0.321132,20,0.375738,0.310843,0.433879,20,0.244595,0.165553,0.321132,20,0.375738,0.310843,0.433879,20,20,0,0
Long_sharp_wave_ripple_detector,recipe:pfeiffer_2013,network,0.117046,0.0581722,0.180634,20,0.167711,0.0831022,0.244719,20,0.117046,0.0581722,0.180634,20,0.167711,0.0831022,0.244719,20,20,0,0
Long_sharp_wave_ripple_detector,recipe:pfeiffer_2013_ripples,ripple,0.134669,0.0849928,0.17882,20,0.14715,0.0879654,0.209344,20,0.165984,0.116464,0.212757,20,0.306548,0.252073,0.359585,20,20,0,0
Long_sharp_wave_ripple_detector,recipe:pfeiffer_2015,ripple,0.134669,0.0849928,0.17882,20,0.14715,0.0879654,0.209344,20,0.166005,0.116486,0.212758,20,0.306548,0.252073,0.359585,20,20,0,0
Long_sharp_wave_ripple_detector,recipe:shin_2019,ripple,0.127691,0.0727501,0.182173,20,0.152095,0.0904399,0.211568,20,0.260922,0.211978,0.30857,20,0.343208,0.275256,0.407493,20,20,0,0
Long_sharp_wave_ripple_detector,recipe:silva_2015,network,0.178677,0.116698,0.237254,20,0.174632,0.0850201,0.254613,20,0.178677,0.116698,0.237254,20,0.174632,0.0850201,0.254613,20,20,0,0
Long_sharp_wave_ripple_detector,recipe:stella_2019,ripple,0.570286,0.541369,0.596895,20,0.668377,0.63892,0.698875,20,0.44335,0.388988,0.495897,20,0.572092,0.509656,0.632131,20,20,0,0
Long_sharp_wave_ripple_detector,recipe:tang_2017,ripple,0.127691,0.0727501,0.182173,20,0.152095,0.0904399,0.211568,20,0.260922,0.211978,0.30857,20,0.343208,0.275256,0.407493,20,20,0,0
Long_sharp_wave_ripple_detector,recipe:tirole_2022,network,0.0451264,-0.0140146,0.10319,20,0.11558,0.0545803,0.17769,20,0.0451264,-0.0140146,0.10319,20,0.11558,0.0545803,0.17769,20,20,0,0
Long_sharp_wave_ripple_detector,recipe:widloski_2025,ripple,-0.0329071,-0.0943789,0.031633,20,0.0558444,-0.0161214,0.123869,20,0.0368524,-0.0218696,0.103301,20,0.137436,0.0678604,0.20313,20,20,0,0
Long_sharp_wave_ripple_detector,recipe:widloski_2025_bursts,network,-0.00225181,-0.0572682,0.055508,20,0.094529,0.0474282,0.140205,20,-0.00225181,-0.0572682,0.055508,20,0.094529,0.0474282,0.140205,20,20,0,0
Long_sharp_wave_ripple_detector,recipe:wikenheiser_2013,ripple,0.0280643,-0.0371682,0.0895502,20,0.00893883,-0.050943,0.0637616,20,0.0338981,-0.0325961,0.102193,20,0.0648566,0.0141722,0.116166,20,20,0,0
Long_sharp_wave_ripple_detector,recipe:wu_2014,network,0.0507219,0.00793523,0.0968207,20,0.0886079,0.0431405,0.136131,20,0.0507219,0.00793523,0.0968207,20,0.0886079,0.0431405,0.136131,20,20,0,0
Long_sharp_wave_ripple_detector,recipe:wu_2017,network,0.303681,0.246354,0.362988,20,0.381014,0.315598,0.444488,20,0.303681,0.246354,0.362988,20,0.381014,0.315598,0.444488,20,20,0,0
Long_sharp_wave_ripple_detector,recipe:xu_2019,network,0.070653,0.017263,0.124997,20,0.0606074,-0.0140099,0.132829,20,0.070653,0.017263,0.124997,20,0.0606074,-0.0140099,0.132829,20,20,0,0
Long_sharp_wave_ripple_detector,recipe:yamamoto_2017,network,0.407469,0.368186,0.445164,20,0.469493,0.391099,0.545111,20,0.407469,0.368186,0.445164,20,0.469493,0.391099,0.545111,20,20,0,0
Long_sharp_wave_ripple_detector,recipe:yang_2024,network,0.110744,0.0437956,0.176879,20,0.000882022,-0.0708785,0.0741841,20,0.110744,0.0437956,0.176879,20,0.000882022,-0.0708785,0.0741841,20,20,0,0
Roumis_ripple_detector,Shvartsman_ripple_detector,ripple,0.691984,0.65054,0.729854,20,0.709209,0.670306,0.744161,20,0.739983,0.700072,0.776819,20,0.748191,0.714162,0.781992,20,20,0,0
Roumis_ripple_detector,Yu_ripple_detector,ripple,0.884145,0.862111,0.905723,20,0.89935,0.884175,0.914033,20,0.891377,0.866185,0.914856,20,0.904335,0.882647,0.924694,20,20,0,0
Roumis_ripple_detector,Zugaro_ripple_detector,ripple,0.446852,0.40159,0.490605,20,0.428463,0.371401,0.487353,20,0.625717,0.583265,0.666703,20,0.599046,0.565708,0.631162,20,20,0,0
Roumis_ripple_detector,multiunit_HSE_detector,network,0.0821448,0.0409344,0.126041,20,0.0636223,0.0254938,0.105543,20,0.0821448,0.0409344,0.126041,20,0.0636223,0.0254938,0.105543,20,20,0,0
Roumis_ripple_detector,recipe:ambrose_2016,ripple,0.533515,0.497554,0.566185,20,0.551905,0.518534,0.584781,20,0.507405,0.466833,0.544955,20,0.622924,0.587266,0.657046,20,20,0,0
Roumis_ripple_detector,recipe:bendor_2012,network,0.302279,0.254903,0.350221,20,0.317953,0.26085,0.368383,20,0.302279,0.254903,0.350221,20,0.317953,0.26085,0.368383,20,20,0,0
Roumis_ripple_detector,recipe:berners_lee_2021,ripple,0.521809,0.495475,0.549257,20,0.540018,0.48821,0.586573,20,0.505901,0.470288,0.540434,20,0.606072,0.567285,0.645327,20,20,0,0
Roumis_ripple_detector,recipe:berners_lee_2022,network,0.145482,0.0969494,0.192746,20,0.122748,0.0695975,0.175029,20,0.145482,0.0969494,0.192746,20,0.122748,0.0695975,0.175029,20,20,0,0
Roumis_ripple_detector,recipe:bhattarai_2020,network,0.0801128,0.00950757,0.147611,20,0.172699,0.0934323,0.25295,20,0.0801128,0.00950757,0.147611,20,0.172699,0.0934323,0.25295,20,20,0,0
Roumis_ripple_detector,recipe:bhattarai_2020_ripples,ripple,0.468629,0.408292,0.527771,20,0.520189,0.480585,0.561722,20,0.55269,0.500029,0.605497,20,0.616427,0.559916,0.670435,20,20,0,0
Roumis_ripple_detector,recipe:bush_2022,network,0.0915929,0.0413629,0.136413,20,0.0639628,-0.00570158,0.127319,20,0.0915929,0.0413629,0.136413,20,0.0639628,-0.00570158,0.127319,20,20,0,0
Roumis_ripple_detector,recipe:carey_2019,network,0.321407,0.281166,0.362181,20,0.34371,0.297042,0.390976,20,0.321407,0.281166,0.362181,20,0.34371,0.297042,0.390976,20,20,0,0
Roumis_ripple_detector,recipe:carr_2012,ripple,0.685988,0.648048,0.721319,20,0.708304,0.670471,0.742618,20,0.738088,0.701166,0.772333,20,0.748655,0.71515,0.782429,20,20,0,0
Roumis_ripple_detector,recipe:chenani_2019,network,0.10884,0.0492784,0.163937,20,0.0872903,0.0349821,0.136617,20,0.10884,0.0492784,0.163937,20,0.0872903,0.0349821,0.136617,20,20,0,0
Roumis_ripple_detector,recipe:davidson_2009,network,0.0741338,0.0292656,0.124755,20,0.0660875,0.0183807,0.114533,20,0.0741338,0.0292656,0.124755,20,0.0660875,0.0183807,0.114533,20,20,0,0
Roumis_ripple_detector,recipe:denovellis_2021,ripple,0.905856,0.887606,0.922653,20,0.901378,0.885646,0.917879,20,0.911654,0.89167,0.931432,20,0.902869,0.881502,0.924942,20,20,0,0
Roumis_ripple_detector,recipe:denovellis_2021_mua,network,0.0827767,0.0431253,0.125129,20,0.0584111,0.0218014,0.0978909,20,0.0827767,0.0431253,0.125129,20,0.0584111,0.0218014,0.0978909,20,20,0,0
Roumis_ripple_detector,recipe:diba_2007,network,0.0763592,0.000551323,0.156886,20,0.149633,0.0511813,0.250752,20,0.0763592,0.000551323,0.156886,20,0.149633,0.0511813,0.250752,20,20,0,0
Roumis_ripple_detector,recipe:drieu_2018,network,0.105208,0.0592989,0.148492,20,0.0815705,0.0389972,0.122559,20,0.105208,0.0592989,0.148492,20,0.0815705,0.0389972,0.122559,20,20,0,0
Roumis_ripple_detector,recipe:farooq_2019_neuron,network,0.159102,0.0694792,0.245766,20,0.15969,0.0704051,0.239186,20,0.159102,0.0694792,0.245766,20,0.15969,0.0704051,0.239186,20,20,0,0
Roumis_ripple_detector,recipe:farooq_2019_science,network,0.163975,0.0751595,0.249111,20,0.153758,0.0606618,0.23607,20,0.163975,0.0751595,0.249111,20,0.153758,0.0606618,0.23607,20,20,0,0
Roumis_ripple_detector,recipe:farooq_2019_science_awake,network,0.163975,0.0751595,0.249111,20,0.153758,0.0606618,0.23607,20,0.163975,0.0751595,0.249111,20,0.153758,0.0606618,0.23607,20,20,0,0
Roumis_ripple_detector,recipe:foster_2006,network,0.0835119,-0.0635262,0.226215,20,0.0817037,-0.0854791,0.244293,20,0.0835119,-0.0635262,0.226215,20,0.0817037,-0.0854791,0.244293,20,20,0,0
Roumis_ripple_detector,recipe:foster_2006_ripples,ripple,0.163425,-0.0436775,0.373984,20,0.346936,0.216671,0.486546,20,0.502908,0.376887,0.621925,20,0.547473,0.413677,0.667869,20,20,0,0
Roumis_ripple_detector,recipe:gillespie_2021,ripple,0.968236,0.955992,0.978874,20,0.969884,0.960382,0.9785,20,0.975259,0.964029,0.985603,20,0.972508,0.960946,0.982386,20,20,0,0
Roumis_ripple_detector,recipe:gillespie_2021_mua,network,0.0657,0.0227812,0.11334,20,0.070462,0.0299661,0.113584,20,0.0657,0.0227812,0.11334,20,0.070462,0.0299661,0.113584,20,20,0,0
Roumis_ripple_detector,recipe:gridchyn_2020,network,0.187287,0.128783,0.239839,20,0.266813,0.214761,0.314058,20,0.187287,0.128783,0.239839,20,0.266813,0.214761,0.314058,20,20,0,0
Roumis_ripple_detector,recipe:grosmark_2016,network,0.0639279,0.0233918,0.110026,20,0.000294858,-0.0770408,0.0721734,20,0.0639279,0.0233918,0.110026,20,0.000294858,-0.0770408,0.0721734,20,20,0,0
Roumis_ripple_detector,recipe:gupta_2010,ripple,0.446176,0.394927,0.501742,20,0.429914,0.384603,0.474275,20,0.531701,0.48532,0.578577,20,0.509329,0.46002,0.554773,20,20,0,0
Roumis_ripple_detector,recipe:harvey_2023_code,ripple,0.252588,0.209756,0.295413,20,0.28244,0.216475,0.344385,20,0.335551,0.271651,0.391762,20,0.46146,0.403746,0.519921,20,20,0,0
Roumis_ripple_detector,recipe:harvey_2023_no_radiatum,ripple,0.255572,0.200126,0.311888,20,0.309246,0.265264,0.361304,20,0.286646,0.222013,0.357321,20,0.403834,0.359777,0.446158,20,20,0,0
Roumis_ripple_detector,recipe:harvey_2023_text,ripple,0.372946,0.316263,0.433027,20,0.427163,0.36136,0.492098,20,0.531969,0.480593,0.58271,20,0.54455,0.505659,0.58085,20,20,0,0
Roumis_ripple_detector,recipe:huelin_gorriz_2023,network,0.0783635,0.0220087,0.136669,20,0.0471101,-0.0129565,0.105149,20,0.0783635,0.0220087,0.136669,20,0.0471101,-0.0129565,0.105149,20,20,0,0
Roumis_ripple_detector,recipe:igata_2021,network,0.0850803,0.04641,0.128031,20,0.0634315,0.0265224,0.102563,20,0.0850803,0.04641,0.128031,20,0.0634315,0.0265224,0.102563,20,20,0,0
Roumis_ripple_detector,recipe:igata_2021_ripples,ripple,0.57144,0.533344,0.603487,20,0.601826,0.553342,0.648245,20,0.686081,0.651344,0.71788,20,0.723222,0.67378,0.766915,20,20,0,0
Roumis_ripple_detector,recipe:jadhav_2016,ripple,0.684332,0.639,0.722894,20,0.711851,0.675665,0.747336,20,0.681227,0.635654,0.724403,20,0.711866,0.678459,0.746769,20,20,0,0
Roumis_ripple_detector,recipe:ji_2007,network,0.279543,0.232257,0.325943,20,0.277706,0.237149,0.320366,20,0.279543,0.232257,0.325943,20,0.277706,0.237149,0.320366,20,20,0,0
Roumis_ripple_detector,recipe:ji_2007_ripples,ripple,,,,0,,,,0,,,,0,,,,0,20,0,0
Roumis_ripple_detector,recipe:kaefer_2020,ripple,,,,0,,,,0,1,1,1,1,0.5,0.5,0.5,1,20,0,0
Roumis_ripple_detector,recipe:karlsson_2009,ripple,0.685988,0.648048,0.721319,20,0.708304,0.670471,0.742618,20,0.738088,0.701166,0.772333,20,0.748655,0.71515,0.782429,20,20,0,0
Roumis_ripple_detector,recipe:krause_2022,network,0.38398,0.334131,0.437736,20,0.495407,0.441314,0.547116,20,0.38398,0.334131,0.437736,20,0.495407,0.441314,0.547116,20,20,0,0
Roumis_ripple_detector,recipe:krause_2022_hse,network,0.0608758,0.00590843,0.124131,20,0.0883758,0.0401117,0.137077,20,0.0608758,0.00590843,0.124131,20,0.0883758,0.0401117,0.137077,20,20,0,0
Roumis_ripple_detector,recipe:kudrimoti_1999,ripple,0.55,0.475,0.666667,10,0.11,-0.3,0.51,10,0.227273,-0.223077,0.662528,11,0.381818,-0.06,0.763712,11,20,0,0
Roumis_ripple_detector,recipe:lee_2002,network,0.0127502,-0.0314379,0.0570721,20,0.0220995,-0.0192325,0.0683755,20,0.0127502,-0.0314379,0.0570721,20,0.0220995,-0.0192325,0.0683755,20,20,0,0
Roumis_ripple_detector,recipe:lee_2002_ripples,ripple,0.163425,-0.0436775,0.373984,20,0.346936,0.216671,0.486546,20,0.502908,0.376887,0.621925,20,0.547473,0.413677,0.667869,20,20,0,0
Roumis_ripple_detector,recipe:liu_2019,network,0.00115647,-0.0494448,0.0523451,20,0.0772242,0.0298792,0.124551,20,0.00115647,-0.0494448,0.0523451,20,0.0772242,0.0298792,0.124551,20,20,0,0
Roumis_ripple_detector,recipe:liu_2019_awake,network,0.00115647,-0.0494448,0.0523451,20,0.0772242,0.0298792,0.124551,20,0.00115647,-0.0494448,0.0523451,20,0.0772242,0.0298792,0.124551,20,20,0,0
Roumis_ripple_detector,recipe:liu_2023,network,0.105438,0.0405492,0.161639,20,0.0451312,-0.0170799,0.109186,20,0.105438,0.0405492,0.161639,20,0.0451312,-0.0170799,0.109186,20,20,0,0
Roumis_ripple_detector,recipe:maboudi_2018,network,0.0508014,-0.0060613,0.113259,20,0.0786906,0.0301077,0.126456,20,0.0508014,-0.0060613,0.113259,20,0.0786906,0.0301077,0.126456,20,20,0,0
Roumis_ripple_detector,recipe:maboudi_2018_open_field,network,0.106267,0.0560562,0.161173,20,0.0884683,0.0267408,0.149043,20,0.106267,0.0560562,0.161173,20,0.0884683,0.0267408,0.149043,20,20,0,0
Roumis_ripple_detector,recipe:mallory_2025,network,0.0819641,0.0370265,0.130636,20,0.0147035,-0.0430652,0.0736938,20,0.0819641,0.0370265,0.130636,20,0.0147035,-0.0430652,0.0736938,20,20,0,0
Roumis_ripple_detector,recipe:mallory_2025_ripples,ripple,0.429267,0.393652,0.468147,20,0.504872,0.479777,0.530141,20,0.458916,0.425108,0.490973,20,0.571528,0.536195,0.606535,20,20,0,0
Roumis_ripple_detector,recipe:michon_2019,network,0.156456,0.0766844,0.229482,20,0.0907936,0.0307424,0.158189,20,0.156456,0.0766844,0.229482,20,0.0907936,0.0307424,0.158189,20,20,0,0
Roumis_ripple_detector,recipe:michon_2021,network,0.156456,0.0766844,0.229482,20,0.0907936,0.0307424,0.158189,20,0.156456,0.0766844,0.229482,20,0.0907936,0.0307424,0.158189,20,20,0,0
Roumis_ripple_detector,recipe:mou_2022,network,0.0447491,-0.00460802,0.0950083,20,0.0622104,0.0219491,0.105894,20,0.0447491,-0.00460802,0.0950083,20,0.0622104,0.0219491,0.105894,20,20,0,0
Roumis_ripple_detector,recipe:muessig_2019,network,0.211209,0.0695367,0.342239,20,0.0770327,-0.0958474,0.241461,20,0.211209,0.0695367,0.342239,20,0.0770327,-0.0958474,0.241461,20,20,0,0
Roumis_ripple_detector,recipe:muessig_2019_ripples,ripple,0.288184,0.24377,0.333555,20,0.256795,0.218041,0.293716,20,0.356737,0.3189,0.392228,20,0.393571,0.347672,0.439276,20,20,0,0
Roumis_ripple_detector,recipe:nadasdy_1999,ripple,0.574438,0.518861,0.628188,20,0.551149,0.500967,0.601086,20,0.662151,0.610442,0.710411,20,0.615586,0.56915,0.661825,20,20,0,0
Roumis_ripple_detector,recipe:olafsdottir_2015,network,0.113687,0.0589698,0.164217,20,0.0559255,0.0041809,0.104047,20,0.113687,0.0589698,0.164217,20,0.0559255,0.0041809,0.104047,20,20,0,0
Roumis_ripple_detector,recipe:olafsdottir_2015.bayesian_candidates,network,0.121402,0.0670907,0.170276,20,0.0614854,-0.00134818,0.127886,20,0.121402,0.0670907,0.170276,20,0.0614854,-0.00134818,0.127886,20,20,0,0
Roumis_ripple_detector,recipe:olafsdottir_2016,network,0.126435,0.0683622,0.17842,20,0.200619,0.153427,0.247051,20,0.126435,0.0683622,0.17842,20,0.200619,0.153427,0.247051,20,20,0,0
Roumis_ripple_detector,recipe:olafsdottir_2017,network,0.116073,0.0579441,0.168555,20,0.217852,0.167728,0.265103,20,0.116073,0.0579441,0.168555,20,0.217852,0.167728,0.265103,20,20,0,0
Roumis_ripple_detector,recipe:olafsdottir_2017.trajectory,network,0.126435,0.0683622,0.17842,20,0.200619,0.153427,0.247051,20,0.126435,0.0683622,0.17842,20,0.200619,0.153427,0.247051,20,20,0,0
Roumis_ripple_detector,recipe:pfeiffer_2013,network,0.106267,0.0560562,0.161173,20,0.0884683,0.0267408,0.149043,20,0.106267,0.0560562,0.161173,20,0.0884683,0.0267408,0.149043,20,20,0,0
Roumis_ripple_detector,recipe:pfeiffer_2013_ripples,ripple,0.533515,0.497554,0.566185,20,0.551905,0.518534,0.584781,20,0.507405,0.466833,0.544955,20,0.622924,0.587266,0.657046,20,20,0,0
Roumis_ripple_detector,recipe:pfeiffer_2015,ripple,0.533515,0.497554,0.566185,20,0.551905,0.518534,0.584781,20,0.507435,0.466923,0.544955,20,0.622924,0.587266,0.657046,20,20,0,0
Roumis_ripple_detector,recipe:shin_2019,ripple,0.685988,0.648048,0.721319,20,0.708304,0.670471,0.742618,20,0.738088,0.701166,0.772333,20,0.748655,0.71515,0.782429,20,20,0,0
Roumis_ripple_detector,recipe:silva_2015,network,0.0965968,0.0373278,0.157046,20,0.0726078,0.0105928,0.138331,20,0.0965968,0.0373278,0.157046,20,0.0726078,0.0105928,0.138331,20,20,0,0
Roumis_ripple_detector,recipe:stella_2019,ripple,0.433903,0.385582,0.487242,20,0.446146,0.399888,0.491651,20,0.568903,0.511281,0.624689,20,0.599081,0.567859,0.630052,20,20,0,0
Roumis_ripple_detector,recipe:tang_2017,ripple,0.685988,0.648048,0.721319,20,0.708304,0.670471,0.742618,20,0.738088,0.701166,0.772333,20,0.748655,0.71515,0.782429,20,20,0,0
Roumis_ripple_detector,recipe:tirole_2022,network,0.0783635,0.0220087,0.136669,20,0.0471101,-0.0129565,0.105149,20,0.0783635,0.0220087,0.136669,20,0.0471101,-0.0129565,0.105149,20,20,0,0
Roumis_ripple_detector,recipe:widloski_2025,ripple,0.111391,0.0352461,0.184553,20,0.135008,0.053189,0.211842,20,0.129896,0.0478015,0.204929,20,0.200108,0.119148,0.282253,20,20,0,0
Roumis_ripple_detector,recipe:widloski_2025_bursts,network,-0.0192853,-0.109506,0.0594082,20,0.0977467,0.026786,0.169963,20,-0.0192853,-0.109506,0.0594082,20,0.0977467,0.026786,0.169963,20,20,0,0
Roumis_ripple_detector,recipe:wikenheiser_2013,ripple,0.127122,0.0639864,0.190954,20,0.0835314,0.0221654,0.146254,20,0.154502,0.101507,0.209732,20,0.142344,0.0782168,0.203251,20,20,0,0
Roumis_ripple_detector,recipe:wu_2014,network,0.0866892,0.035919,0.135618,20,0.0490261,0.00495153,0.098657,20,0.0866892,0.035919,0.135618,20,0.0490261,0.00495153,0.098657,20,20,0,0
Roumis_ripple_detector,recipe:wu_2017,network,0.237176,0.17355,0.30022,20,0.256522,0.206194,0.310765,20,0.237176,0.17355,0.30022,20,0.256522,0.206194,0.310765,20,20,0,0
Roumis_ripple_detector,recipe:xu_2019,network,0.0641092,0.0238567,0.1032,20,0.0213386,-0.040268,0.0809808,20,0.0641092,0.0238567,0.1032,20,0.0213386,-0.040268,0.0809808,20,20,0,0
Roumis_ripple_detector,recipe:yamamoto_2017,network,0.327129,0.275027,0.375274,20,0.350203,0.28429,0.415803,20,0.327129,0.275027,0.375274,20,0.350203,0.28429,0.415803,20,20,0,0
Roumis_ripple_detector,recipe:yang_2024,network,0.0639279,0.0233918,0.110026,20,0.000294858,-0.0770408,0.0721734,20,0.0639279,0.0233918,0.110026,20,0.000294858,-0.0770408,0.0721734,20,20,0,0
Shvartsman_ripple_detector,Yu_ripple_detector,ripple,0.663793,0.625458,0.700108,20,0.700115,0.656965,0.740454,20,0.72953,0.697998,0.761057,20,0.743355,0.714975,0.771623,20,20,0,0
Shvartsman_ripple_detector,Zugaro_ripple_detector,ripple,0.312924,0.26583,0.354745,20,0.33891,0.296157,0.385261,20,0.548117,0.499162,0.59648,20,0.520578,0.479412,0.563335,20,20,0,0
Shvartsman_ripple_detector,multiunit_HSE_detector,network,0.0575501,0.00384884,0.109854,20,0.0380857,-0.00337885,0.0804217,20,0.0575501,0.00384884,0.109854,20,0.0380857,-0.00337885,0.0804217,20,20,0,0
Shvartsman_ripple_detector,recipe:ambrose_2016,ripple,0.570309,0.521112,0.6182,20,0.576833,0.540948,0.612243,20,0.547141,0.497444,0.597047,20,0.60727,0.565432,0.645614,20,20,0,0
Shvartsman_ripple_detector,recipe:bendor_2012,network,0.230346,0.157225,0.299804,20,0.259339,0.212615,0.303965,20,0.230346,0.157225,0.299804,20,0.259339,0.212615,0.303965,20,20,0,0
Shvartsman_ripple_detector,recipe:berners_lee_2021,ripple,0.526837,0.478262,0.573528,20,0.55168,0.506417,0.592909,20,0.521707,0.477764,0.569048,20,0.583626,0.538431,0.626658,20,20,0,0
Shvartsman_ripple_detector,recipe:berners_lee_2022,network,0.09318,0.0363184,0.15356,20,0.0846762,0.0399753,0.135576,20,0.09318,0.0363184,0.15356,20,0.0846762,0.0399753,0.135576,20,20,0,0
Shvartsman_ripple_detector,recipe:bhattarai_2020,network,0.0616031,-0.00893238,0.130002,20,0.115002,0.0345715,0.193754,20,0.0616031,-0.00893238,0.130002,20,0.115002,0.0345715,0.193754,20,20,0,0
Shvartsman_ripple_detector,recipe:bhattarai_2020_ripples,ripple,0.432743,0.37435,0.484937,20,0.502344,0.462198,0.53595,20,0.538812,0.470971,0.600238,20,0.565717,0.51228,0.616805,20,20,0,0
Shvartsman_ripple_detector,recipe:bush_2022,network,0.0631621,0.0014413,0.119831,20,0.0398003,-0.0207976,0.103957,20,0.0631621,0.0014413,0.119831,20,0.0398003,-0.0207976,0.103957,20,20,0,0
Shvartsman_ripple_detector,recipe:carey_2019,network,0.24719,0.190206,0.304256,20,0.270168,0.229741,0.310595,20,0.24719,0.190206,0.304256,20,0.270168,0.229741,0.310595,20,20,0,0
Shvartsman_ripple_detector,recipe:carr_2012,ripple,1,1,1,20,1,1,1,20,0.998517,0.99555,1,20,0.997382,0.992147,1,20,20,0,0
Shvartsman_ripple_detector,recipe:chenani_2019,network,0.0843488,0.0131096,0.14945,20,0.0400784,-0.0205158,0.104332,20,0.0843488,0.0131096,0.14945,20,0.0400784,-0.0205158,0.104332,20,20,0,0
Shvartsman_ripple_detector,recipe:davidson_2009,network,0.0558213,0.00024503,0.115734,20,0.0376386,-0.00788414,0.0858791,20,0.0558213,0.00024503,0.115734,20,0.0376386,-0.00788414,0.0858791,20,20,0,0
Shvartsman_ripple_detector,recipe:denovellis_2021,ripple,0.675994,0.638436,0.710502,20,0.69558,0.662456,0.727164,20,0.746071,0.710654,0.779794,20,0.734183,0.693577,0.772197,20,20,0,0
Shvartsman_ripple_detector,recipe:denovellis_2021_mua,network,0.060217,0.00705701,0.109527,20,0.0320093,-0.00478885,0.0715181,20,0.060217,0.00705701,0.109527,20,0.0320093,-0.00478885,0.0715181,20,20,0,0
Shvartsman_ripple_detector,recipe:diba_2007,network,0.0852763,-0.0167544,0.176701,20,0.118984,0.0370852,0.203004,20,0.0852763,-0.0167544,0.176701,20,0.118984,0.0370852,0.203004,20,20,0,0
Shvartsman_ripple_detector,recipe:drieu_2018,network,0.0539869,-0.00496325,0.114902,20,0.0310944,-0.024589,0.0843705,20,0.0539869,-0.00496325,0.114902,20,0.0310944,-0.024589,0.0843705,20,20,0,0
Shvartsman_ripple_detector,recipe:farooq_2019_neuron,network,0.102771,0.0257057,0.180304,20,0.0913755,0.00865572,0.168484,20,0.102771,0.0257057,0.180304,20,0.0913755,0.00865572,0.168484,20,20,0,0
Shvartsman_ripple_detector,recipe:farooq_2019_science,network,0.101481,0.0233066,0.179436,20,0.0852434,-0.000678149,0.165378,20,0.101481,0.0233066,0.179436,20,0.0852434,-0.000678149,0.165378,20,20,0,0
Shvartsman_ripple_detector,recipe:farooq_2019_science_awake,network,0.101481,0.0233066,0.179436,20,0.0852434,-0.000678149,0.165378,20,0.101481,0.0233066,0.179436,20,0.0852434,-0.000678149,0.165378,20,20,0,0
Shvartsman_ripple_detector,recipe:foster_2006,network,0.0259191,-0.130237,0.1713,20,0.134086,0.0284964,0.23595,20,0.0259191,-0.130237,0.1713,20,0.134086,0.0284964,0.23595,20,20,0,0
Shvartsman_ripple_detector,recipe:foster_2006_ripples,ripple,0.14446,-0.0471829,0.329888,20,0.239706,0.0709053,0.399976,20,0.467162,0.350391,0.587208,20,0.44302,0.301204,0.579069,20,20,0,0
Shvartsman_ripple_detector,recipe:gillespie_2021,ripple,0.695489,0.654493,0.7355,20,0.711131,0.674072,0.745576,20,0.741001,0.700248,0.780214,20,0.739922,0.70536,0.772775,20,20,0,0
Shvartsman_ripple_detector,recipe:gillespie_2021_mua,network,0.046795,-0.00469963,0.0999957,20,0.0405434,-0.00207291,0.0865255,20,0.046795,-0.00469963,0.0999957,20,0.0405434,-0.00207291,0.0865255,20,20,0,0
Shvartsman_ripple_detector,recipe:gridchyn_2020,network,0.146525,0.0760249,0.21591,20,0.201826,0.134961,0.266881,20,0.146525,0.0760249,0.21591,20,0.201826,0.134961,0.266881,20,20,0,0
Shvartsman_ripple_detector,recipe:grosmark_2016,network,0.0542185,-0.00703445,0.113749,20,-0.0169155,-0.0776189,0.046208,20,0.0542185,-0.00703445,0.113749,20,-0.0169155,-0.0776189,0.046208,20,20,0,0
Shvartsman_ripple_detector,recipe:gupta_2010,ripple,0.346507,0.303639,0.392946,20,0.313777,0.241008,0.377022,20,0.497088,0.445319,0.549802,20,0.435697,0.379978,0.488935,20,20,0,0
Shvartsman_ripple_detector,recipe:harvey_2023_code,ripple,0.162312,0.0829468,0.235621,20,0.168719,0.0866862,0.240555,20,0.289284,0.233212,0.347177,20,0.351655,0.280569,0.425103,20,20,0,0
Shvartsman_ripple_detector,recipe:harvey_2023_no_radiatum,ripple,0.26325,0.206191,0.315153,20,0.293511,0.248872,0.339225,20,0.326252,0.259351,0.393643,20,0.342409,0.293307,0.386641,20,20,0,0
Shvartsman_ripple_detector,recipe:harvey_2023_text,ripple,0.269829,0.221911,0.323064,20,0.302343,0.248166,0.356084,20,0.482897,0.440445,0.523795,20,0.486258,0.433008,0.542023,20,20,0,0
Shvartsman_ripple_detector,recipe:huelin_gorriz_2023,network,0.0723935,0.0202958,0.12674,20,0.0373176,-0.0147193,0.0974848,20,0.0723935,0.0202958,0.12674,20,0.0373176,-0.0147193,0.0974848,20,20,0,0
Shvartsman_ripple_detector,recipe:igata_2021,network,0.053943,-9.86098e-05,0.105179,20,0.0378574,-0.00407329,0.0802751,20,0.053943,-9.86098e-05,0.105179,20,0.0378574,-0.00407329,0.0802751,20,20,0,0
Shvartsman_ripple_detector,recipe:igata_2021_ripples,ripple,0.460596,0.412388,0.504617,20,0.56966,0.509154,0.623895,20,0.756914,0.72781,0.785063,20,0.803379,0.765262,0.837061,20,20,0,0
Shvartsman_ripple_detector,recipe:jadhav_2016,ripple,0.995362,0.986087,1,20,0.99966,0.998979,1,20,0.935391,0.91234,0.95875,20,0.916804,0.878101,0.952554,20,20,0,0
Shvartsman_ripple_detector,recipe:ji_2007,network,0.210443,0.156024,0.262253,20,0.218884,0.172481,0.263581,20,0.210443,0.156024,0.262253,20,0.218884,0.172481,0.263581,20,20,0,0
Shvartsman_ripple_detector,recipe:ji_2007_ripples,ripple,,,,0,,,,0,,,,0,,,,0,20,0,0
Shvartsman_ripple_detector,recipe:kaefer_2020,ripple,,,,0,,,,0,1,1,1,1,0.5,0.5,0.5,1,20,0,0
Shvartsman_ripple_detector,recipe:karlsson_2009,ripple,1,1,1,20,1,1,1,20,0.998517,0.99555,1,20,0.997382,0.992147,1,20,20,0,0
Shvartsman_ripple_detector,recipe:krause_2022,network,0.392005,0.348342,0.437046,20,0.455967,0.407988,0.50377,20,0.392005,0.348342,0.437046,20,0.455967,0.407988,0.50377,20,20,0,0
Shvartsman_ripple_detector,recipe:krause_2022_hse,network,0.0476884,-0.00352319,0.109928,20,0.0484074,-0.00282372,0.0972658,20,0.0476884,-0.00352319,0.109928,20,0.0484074,-0.00282372,0.0972658,20,20,0,0
Shvartsman_ripple_detector,recipe:kudrimoti_1999,ripple,0.209091,-0.0909091,0.5,11,0.0454545,-0.32869,0.408333,11,0.145455,-0.2,0.5,11,0.436364,0.130714,0.7,11,20,0,0
Shvartsman_ripple_detector,recipe:lee_2002,network,-0.00702122,-0.0591777,0.0377623,20,-0.019847,-0.0736125,0.0324547,20,-0.00702122,-0.0591777,0.0377623,20,-0.019847,-0.0736125,0.0324547,20,20,0,0
Shvartsman_ripple_detector,recipe:lee_2002_ripples,ripple,0.14446,-0.0471829,0.329888,20,0.239706,0.0709053,0.399976,20,0.467162,0.350391,0.587208,20,0.44302,0.301204,0.579069,20,20,0,0
Shvartsman_ripple_detector,recipe:liu_2019,network,-0.00158098,-0.061112,0.0538261,20,0.0492007,-0.00981496,0.106712,20,-0.00158098,-0.061112,0.0538261,20,0.0492007,-0.00981496,0.106712,20,20,0,0
Shvartsman_ripple_detector,recipe:liu_2019_awake,network,-0.00158098,-0.061112,0.0538261,20,0.0492007,-0.00981496,0.106712,20,-0.00158098,-0.061112,0.0538261,20,0.0492007,-0.00981496,0.106712,20,20,0,0
Shvartsman_ripple_detector,recipe:liu_2023,network,0.0622856,-0.0139814,0.135514,20,-0.0013954,-0.0687097,0.0659328,20,0.0622856,-0.0139814,0.135514,20,-0.0013954,-0.0687097,0.0659328,20,20,0,0
Shvartsman_ripple_detector,recipe:maboudi_2018,network,0.0528781,0.00293717,0.112729,20,0.0451602,-0.00739763,0.0950373,20,0.0528781,0.00293717,0.112729,20,0.0451602,-0.00739763,0.0950373,20,20,0,0
Shvartsman_ripple_detector,recipe:maboudi_2018_open_field,network,0.0789836,0.0239855,0.136074,20,0.0353982,-0.0317105,0.107448,20,0.0789836,0.0239855,0.136074,20,0.0353982,-0.0317105,0.107448,20,20,0,0
Shvartsman_ripple_detector,recipe:mallory_2025,network,0.0340176,-0.0257487,0.0960687,20,-0.0140994,-0.0739856,0.0435314,20,0.0340176,-0.0257487,0.0960687,20,-0.0140994,-0.0739856,0.0435314,20,20,0,0
Shvartsman_ripple_detector,recipe:mallory_2025_ripples,ripple,0.433469,0.379705,0.484864,20,0.496751,0.456559,0.538371,20,0.464114,0.420826,0.506864,20,0.551499,0.511054,0.596046,20,20,0,0
Shvartsman_ripple_detector,recipe:michon_2019,network,0.109033,0.0214234,0.192875,20,0.0737979,0.00878179,0.143126,20,0.109033,0.0214234,0.192875,20,0.0737979,0.00878179,0.143126,20,20,0,0
Shvartsman_ripple_detector,recipe:michon_2021,network,0.109033,0.0214234,0.192875,20,0.0737979,0.00878179,0.143126,20,0.109033,0.0214234,0.192875,20,0.0737979,0.00878179,0.143126,20,20,0,0
Shvartsman_ripple_detector,recipe:mou_2022,network,0.0205051,-0.0343255,0.0725299,20,0.00222921,-0.04761,0.0489435,20,0.0205051,-0.0343255,0.0725299,20,0.00222921,-0.04761,0.0489435,20,20,0,0
Shvartsman_ripple_detector,recipe:muessig_2019,network,0.0980003,-0.0531809,0.252078,20,-0.00577381,-0.171845,0.15409,20,0.0980003,-0.0531809,0.252078,20,-0.00577381,-0.171845,0.15409,20,20,0,0
Shvartsman_ripple_detector,recipe:muessig_2019_ripples,ripple,0.171609,0.114563,0.221576,20,0.146714,0.0974857,0.19378,20,0.325614,0.28172,0.36242,20,0.286057,0.22892,0.347068,20,20,0,0
Shvartsman_ripple_detector,recipe:nadasdy_1999,ripple,0.412005,0.359342,0.46974,20,0.423657,0.371909,0.479284,20,0.580855,0.526277,0.633213,20,0.533533,0.475597,0.594512,20,20,0,0
Shvartsman_ripple_detector,recipe:olafsdottir_2015,network,0.0493694,-0.00665475,0.106563,20,0.0253037,-0.0328042,0.0786712,20,0.0493694,-0.00665475,0.106563,20,0.0253037,-0.0328042,0.0786712,20,20,0,0
Shvartsman_ripple_detector,recipe:olafsdottir_2015.bayesian_candidates,network,0.0535759,-0.006484,0.115528,20,0.0241736,-0.032162,0.0820988,20,0.0535759,-0.006484,0.115528,20,0.0241736,-0.032162,0.0820988,20,20,0,0
Shvartsman_ripple_detector,recipe:olafsdottir_2016,network,0.107969,0.052433,0.162183,20,0.136252,0.0695188,0.205365,20,0.107969,0.052433,0.162183,20,0.136252,0.0695188,0.205365,20,20,0,0
Shvartsman_ripple_detector,recipe:olafsdottir_2017,network,0.0943201,0.0294065,0.158344,20,0.158627,0.0974235,0.223805,20,0.0943201,0.0294065,0.158344,20,0.158627,0.0974235,0.223805,20,20,0,0
Shvartsman_ripple_detector,recipe:olafsdottir_2017.trajectory,network,0.107969,0.052433,0.162183,20,0.136252,0.0695188,0.205365,20,0.107969,0.052433,0.162183,20,0.136252,0.0695188,0.205365,20,20,0,0
Shvartsman_ripple_detector,recipe:pfeiffer_2013,network,0.0789836,0.0239855,0.136074,20,0.0353982,-0.0317105,0.107448,20,0.0789836,0.0239855,0.136074,20,0.0353982,-0.0317105,0.107448,20,20,0,0
Shvartsman_ripple_detector,recipe:pfeiffer_2013_ripples,ripple,0.570309,0.521112,0.6182,20,0.576833,0.540948,0.612243,20,0.547141,0.497444,0.597047,20,0.60727,0.565432,0.645614,20,20,0,0
Shvartsman_ripple_detector,recipe:pfeiffer_2015,ripple,0.570309,0.521112,0.6182,20,0.576833,0.540948,0.612243,20,0.547056,0.49728,0.596963,20,0.60727,0.565432,0.645614,20,20,0,0
Shvartsman_ripple_detector,recipe:shin_2019,ripple,1,1,1,20,1,1,1,20,0.998517,0.99555,1,20,0.997382,0.992147,1,20,20,0,0
Shvartsman_ripple_detector,recipe:silva_2015,network,0.044462,-0.0248237,0.117487,20,0.032283,-0.0335853,0.0941153,20,0.044462,-0.0248237,0.117487,20,0.032283,-0.0335853,0.0941153,20,20,0,0
Shvartsman_ripple_detector,recipe:stella_2019,ripple,0.297119,0.252871,0.342374,20,0.316803,0.271261,0.364192,20,0.511616,0.461675,0.557923,20,0.513358,0.469021,0.561405,20,20,0,0
Shvartsman_ripple_detector,recipe:tang_2017,ripple,1,1,1,20,1,1,1,20,0.998517,0.99555,1,20,0.997382,0.992147,1,20,20,0,0
Shvartsman_ripple_detector,recipe:tirole_2022,network,0.0723935,0.0202958,0.12674,20,0.0373176,-0.0147193,0.0974848,20,0.0723935,0.0202958,0.12674,20,0.0373176,-0.0147193,0.0974848,20,20,0,0
Shvartsman_ripple_detector,recipe:widloski_2025,ripple,0.171292,0.101684,0.235242,20,0.126998,0.0708211,0.185495,20,0.144053,0.0809351,0.207344,20,0.161319,0.0939766,0.225392,20,20,0,0
Shvartsman_ripple_detector,recipe:widloski_2025_bursts,network,-0.0102412,-0.0858788,0.0607857,20,0.0621877,-0.0196653,0.147565,20,-0.0102412,-0.0858788,0.0607857,20,0.0621877,-0.0196653,0.147565,20,20,0,0
Shvartsman_ripple_detector,recipe:wikenheiser_2013,ripple,0.117856,0.0581729,0.178887,20,0.101436,0.0398886,0.164293,20,0.131966,0.0754006,0.192668,20,0.128857,0.0766336,0.182511,20,20,0,0
Shvartsman_ripple_detector,recipe:wu_2014,network,0.041794,-0.0165816,0.0975476,20,0.0253591,-0.0265721,0.0785109,20,0.041794,-0.0165816,0.0975476,20,0.0253591,-0.0265721,0.0785109,20,20,0,0
Shvartsman_ripple_detector,recipe:wu_2017,network,0.208428,0.132487,0.287548,20,0.186039,0.109852,0.264003,20,0.208428,0.132487,0.287548,20,0.186039,0.109852,0.264003,20,20,0,0
Shvartsman_ripple_detector,recipe:xu_2019,network,0.0282363,-0.0304306,0.0831622,20,-0.00700452,-0.0645202,0.0484216,20,0.0282363,-0.0304306,0.0831622,20,-0.00700452,-0.0645202,0.0484216,20,20,0,0
Shvartsman_ripple_detector,recipe:yamamoto_2017,network,0.288648,0.224998,0.347991,20,0.26649,0.209846,0.324346,20,0.288648,0.224998,0.347991,20,0.26649,0.209846,0.324346,20,20,0,0
Shvartsman_ripple_detector,recipe:yang_2024,network,0.0542185,-0.00703445,0.113749,20,-0.0169155,-0.0776189,0.046208,20,0.0542185,-0.00703445,0.113749,20,-0.0169155,-0.0776189,0.046208,20,20,0,0
Yu_ripple_detector,Zugaro_ripple_detector,ripple,0.493093,0.439038,0.543776,20,0.468085,0.415447,0.522184,20,0.628838,0.569363,0.681266,20,0.628621,0.587004,0.666738,20,20,0,0
Yu_ripple_detector,multiunit_HSE_detector,network,0.0891738,0.0526701,0.126674,20,0.105071,0.0693068,0.142597,20,0.0891738,0.0526701,0.126674,20,0.105071,0.0693068,0.142597,20,20,0,0
Yu_ripple_detector,recipe:ambrose_2016,ripple,0.490709,0.460408,0.519799,20,0.496799,0.45759,0.534764,20,0.488988,0.448815,0.527322,20,0.575383,0.534751,0.61477,20,20,0,0
Yu_ripple_detector,recipe:bendor_2012,network,0.304314,0.236029,0.368534,20,0.328491,0.267367,0.381255,20,0.304314,0.236029,0.368534,20,0.328491,0.267367,0.381255,20,20,0,0
Yu_ripple_detector,recipe:berners_lee_2021,ripple,0.487462,0.463903,0.508956,20,0.485978,0.426467,0.536767,20,0.495673,0.467799,0.524847,20,0.566385,0.521061,0.610555,20,20,0,0
Yu_ripple_detector,recipe:berners_lee_2022,network,0.156227,0.0986438,0.208155,20,0.15598,0.103655,0.204406,20,0.156227,0.0986438,0.208155,20,0.15598,0.103655,0.204406,20,20,0,0
Yu_ripple_detector,recipe:bhattarai_2020,network,0.0636748,0.0015793,0.128293,20,0.16664,0.081409,0.255131,20,0.0636748,0.0015793,0.128293,20,0.16664,0.081409,0.255131,20,20,0,0
Yu_ripple_detector,recipe:bhattarai_2020_ripples,ripple,0.448795,0.395808,0.504147,20,0.530897,0.492242,0.568217,20,0.54108,0.490798,0.590622,20,0.63956,0.579161,0.695352,20,20,0,0
Yu_ripple_detector,recipe:bush_2022,network,0.0767977,0.0343191,0.115824,20,0.085547,0.0199832,0.148852,20,0.0767977,0.0343191,0.115824,20,0.085547,0.0199832,0.148852,20,20,0,0
Yu_ripple_detector,recipe:carey_2019,network,0.335799,0.289896,0.379816,20,0.373965,0.327859,0.414937,20,0.335799,0.289896,0.379816,20,0.373965,0.327859,0.414937,20,20,0,0
Yu_ripple_detector,recipe:carr_2012,ripple,0.66702,0.633073,0.699054,20,0.700607,0.658578,0.739279,20,0.729103,0.69456,0.762541,20,0.746223,0.713226,0.777744,20,20,0,0
Yu_ripple_detector,recipe:chenani_2019,network,0.116524,0.0618537,0.171722,20,0.110406,0.0602566,0.158592,20,0.116524,0.0618537,0.171722,20,0.110406,0.0602566,0.158592,20,20,0,0
Yu_ripple_detector,recipe:davidson_2009,network,0.0821567,0.0378037,0.127576,20,0.0992569,0.0552706,0.143009,20,0.0821567,0.0378037,0.127576,20,0.0992569,0.0552706,0.143009,20,20,0,0
Yu_ripple_detector,recipe:denovellis_2021,ripple,0.846294,0.820773,0.870121,20,0.843982,0.823586,0.86273,20,0.867405,0.843333,0.890176,20,0.872142,0.852064,0.891658,20,20,0,0
Yu_ripple_detector,recipe:denovellis_2021_mua,network,0.0924927,0.0548483,0.131828,20,0.102415,0.0669313,0.139034,20,0.0924927,0.0548483,0.131828,20,0.102415,0.0669313,0.139034,20,20,0,0
Yu_ripple_detector,recipe:diba_2007,network,0.0965608,0.00499238,0.187097,20,0.186281,0.0952322,0.275889,20,0.0965608,0.00499238,0.187097,20,0.186281,0.0952322,0.275889,20,20,0,0
Yu_ripple_detector,recipe:drieu_2018,network,0.109305,0.0653016,0.151965,20,0.114954,0.0823005,0.148465,20,0.109305,0.0653016,0.151965,20,0.114954,0.0823005,0.148465,20,20,0,0
Yu_ripple_detector,recipe:farooq_2019_neuron,network,0.185652,0.106905,0.266212,20,0.187682,0.0945982,0.271273,20,0.185652,0.106905,0.266212,20,0.187682,0.0945982,0.271273,20,20,0,0
Yu_ripple_detector,recipe:farooq_2019_science,network,0.191312,0.114874,0.271013,20,0.182899,0.0853353,0.269645,20,0.191312,0.114874,0.271013,20,0.182899,0.0853353,0.269645,20,20,0,0
Yu_ripple_detector,recipe:farooq_2019_science_awake,network,0.191312,0.114874,0.271013,20,0.182899,0.0853353,0.269645,20,0.191312,0.114874,0.271013,20,0.182899,0.0853353,0.269645,20,20,0,0
Yu_ripple_detector,recipe:foster_2006,network,0.169487,0.0269969,0.306195,20,0.163987,0.0296143,0.299112,20,0.169487,0.0269969,0.306195,20,0.163987,0.0296143,0.299112,20,20,0,0
Yu_ripple_detector,recipe:foster_2006_ripples,ripple,0.190573,-0.0520042,0.437406,20,0.358313,0.211138,0.4922,20,0.503327,0.381187,0.635561,20,0.509949,0.337475,0.661365,20,20,0,0
Yu_ripple_detector,recipe:gillespie_2021,ripple,0.876912,0.850845,0.900231,20,0.89165,0.876463,0.905602,20,0.886993,0.863276,0.908788,20,0.901704,0.88398,0.919654,20,20,0,0
Yu_ripple_detector,recipe:gillespie_2021_mua,network,0.0778895,0.034713,0.122856,20,0.108563,0.0683095,0.150194,20,0.0778895,0.034713,0.122856,20,0.108563,0.0683095,0.150194,20,20,0,0
Yu_ripple_detector,recipe:gridchyn_2020,network,0.192851,0.141387,0.242421,20,0.289854,0.229309,0.345348,20,0.192851,0.141387,0.242421,20,0.289854,0.229309,0.345348,20,20,0,0
Yu_ripple_detector,recipe:grosmark_2016,network,0.0706695,0.0227816,0.121905,20,0.0534237,-0.00587945,0.114899,20,0.0706695,0.0227816,0.121905,20,0.0534237,-0.00587945,0.114899,20,20,0,0
Yu_ripple_detector,recipe:gupta_2010,ripple,0.441996,0.391685,0.4945,20,0.393248,0.348739,0.438471,20,0.530286,0.489211,0.571779,20,0.519901,0.471056,0.565306,20,20,0,0
Yu_ripple_detector,recipe:harvey_2023_code,ripple,0.271084,0.224257,0.315921,20,0.304675,0.238345,0.36971,20,0.337267,0.284649,0.39029,20,0.486644,0.42511,0.545487,20,20,0,0
Yu_ripple_detector,recipe:harvey_2023_no_radiatum,ripple,0.243047,0.194402,0.29433,20,0.287571,0.244952,0.337684,20,0.3044,0.23911,0.372286,20,0.392297,0.350447,0.432282,20,20,0,0
Yu_ripple_detector,recipe:harvey_2023_text,ripple,0.414118,0.353143,0.479475,20,0.445344,0.391439,0.497039,20,0.548495,0.498721,0.601253,20,0.581754,0.539167,0.624686,20,20,0,0
Yu_ripple_detector,recipe:huelin_gorriz_2023,network,0.0882574,0.0238036,0.151919,20,0.0693391,0.0194376,0.11574,20,0.0882574,0.0238036,0.151919,20,0.0693391,0.0194376,0.11574,20,20,0,0
Yu_ripple_detector,recipe:igata_2021,network,0.091186,0.0564921,0.126821,20,0.110488,0.0729872,0.148856,20,0.091186,0.0564921,0.126821,20,0.110488,0.0729872,0.148856,20,20,0,0
Yu_ripple_detector,recipe:igata_2021_ripples,ripple,0.599437,0.56443,0.632583,20,0.611853,0.576287,0.645724,20,0.691247,0.645094,0.729992,20,0.722048,0.675868,0.762371,20,20,0,0
Yu_ripple_detector,recipe:jadhav_2016,ripple,0.674413,0.635536,0.708491,20,0.71054,0.667965,0.749374,20,0.692468,0.652902,0.730986,20,0.713483,0.67737,0.749572,20,20,0,0
Yu_ripple_detector,recipe:ji_2007,network,0.291398,0.234434,0.348822,20,0.314613,0.282821,0.346093,20,0.291398,0.234434,0.348822,20,0.314613,0.282821,0.346093,20,20,0,0
Yu_ripple_detector,recipe:ji_2007_ripples,ripple,,,,0,,,,0,,,,0,,,,0,20,0,0
Yu_ripple_detector,recipe:kaefer_2020,ripple,1,1,1,1,1,1,1,1,1,1,1,1,0.5,0.5,0.5,1,20,0,0
Yu_ripple_detector,recipe:karlsson_2009,ripple,0.66702,0.633073,0.699054,20,0.700607,0.658578,0.739279,20,0.729103,0.69456,0.762541,20,0.746223,0.713226,0.777744,20,20,0,0
Yu_ripple_detector,recipe:krause_2022,network,0.375729,0.337272,0.417002,20,0.494462,0.447056,0.541732,20,0.375729,0.337272,0.417002,20,0.494462,0.447056,0.541732,20,20,0,0
Yu_ripple_detector,recipe:krause_2022_hse,network,0.0769237,0.0201857,0.137367,20,0.117491,0.0683998,0.167091,20,0.0769237,0.0201857,0.137367,20,0.117491,0.0683998,0.167091,20,20,0,0
Yu_ripple_detector,recipe:kudrimoti_1999,ripple,0.62,0.466667,0.8,10,0.08,-0.308437,0.460062,10,0.227273,-0.15,0.590023,11,0.281818,-0.175,0.7,11,20,0,0
Yu_ripple_detector,recipe:lee_2002,network,0.0366636,-0.00670132,0.0801822,20,0.0504587,0.00605496,0.0949743,20,0.0366636,-0.00670132,0.0801822,20,0.0504587,0.00605496,0.0949743,20,20,0,0
Yu_ripple_detector,recipe:lee_2002_ripples,ripple,0.190573,-0.0520042,0.437406,20,0.358313,0.211138,0.4922,20,0.503327,0.381187,0.635561,20,0.509949,0.337475,0.661365,20,20,0,0
Yu_ripple_detector,recipe:liu_2019,network,0.0395691,-0.0121724,0.0857056,20,0.0992224,0.0433981,0.15742,20,0.0395691,-0.0121724,0.0857056,20,0.0992224,0.0433981,0.15742,20,20,0,0
Yu_ripple_detector,recipe:liu_2019_awake,network,0.0395691,-0.0121724,0.0857056,20,0.0992224,0.0433981,0.15742,20,0.0395691,-0.0121724,0.0857056,20,0.0992224,0.0433981,0.15742,20,20,0,0
Yu_ripple_detector,recipe:liu_2023,network,0.125443,0.0548684,0.185106,20,0.0944472,0.0459188,0.147468,20,0.125443,0.0548684,0.185106,20,0.0944472,0.0459188,0.147468,20,20,0,0
Yu_ripple_detector,recipe:maboudi_2018,network,0.0702624,0.0151637,0.127501,20,0.107467,0.0577182,0.156704,20,0.0702624,0.0151637,0.127501,20,0.107467,0.0577182,0.156704,20,20,0,0
Yu_ripple_detector,recipe:maboudi_2018_open_field,network,0.105955,0.0566646,0.158459,20,0.119807,0.0625508,0.182467,20,0.105955,0.0566646,0.158459,20,0.119807,0.0625508,0.182467,20,20,0,0
Yu_ripple_detector,recipe:mallory_2025,network,0.0727598,0.02872,0.122343,20,0.0721152,0.020104,0.127346,20,0.0727598,0.02872,0.122343,20,0.0721152,0.020104,0.127346,20,20,0,0
Yu_ripple_detector,recipe:mallory_2025_ripples,ripple,0.407866,0.364939,0.446214,20,0.468128,0.429453,0.505796,20,0.430885,0.386315,0.476384,20,0.542629,0.499782,0.58394,20,20,0,0
Yu_ripple_detector,recipe:michon_2019,network,0.172663,0.0869325,0.250972,20,0.11186,0.0536382,0.172021,20,0.172663,0.0869325,0.250972,20,0.11186,0.0536382,0.172021,20,20,0,0
Yu_ripple_detector,recipe:michon_2021,network,0.172663,0.0869325,0.250972,20,0.11186,0.0536382,0.172021,20,0.172663,0.0869325,0.250972,20,0.11186,0.0536382,0.172021,20,20,0,0
Yu_ripple_detector,recipe:mou_2022,network,0.0559874,0.00636275,0.105951,20,0.0712964,0.0218728,0.122203,20,0.0559874,0.00636275,0.105951,20,0.0712964,0.0218728,0.122203,20,20,0,0
Yu_ripple_detector,recipe:muessig_2019,network,0.238969,0.11931,0.354518,20,0.0423415,-0.0962038,0.181957,20,0.238969,0.11931,0.354518,20,0.0423415,-0.0962038,0.181957,20,20,0,0
Yu_ripple_detector,recipe:muessig_2019_ripples,ripple,0.338202,0.296339,0.379351,20,0.277115,0.238845,0.314848,20,0.38035,0.338393,0.417663,20,0.407888,0.355932,0.454236,20,20,0,0
Yu_ripple_detector,recipe:nadasdy_1999,ripple,0.637824,0.573744,0.696581,20,0.594354,0.549131,0.639928,20,0.696513,0.636579,0.752644,20,0.678061,0.625721,0.732236,20,20,0,0
Yu_ripple_detector,recipe:olafsdottir_2015,network,0.106898,0.0505244,0.159645,20,0.0923911,0.0516568,0.12969,20,0.106898,0.0505244,0.159645,20,0.0923911,0.0516568,0.12969,20,20,0,0
Yu_ripple_detector,recipe:olafsdottir_2015.bayesian_candidates,network,0.115343,0.0610027,0.170109,20,0.100639,0.0549803,0.146956,20,0.115343,0.0610027,0.170109,20,0.100639,0.0549803,0.146956,20,20,0,0
Yu_ripple_detector,recipe:olafsdottir_2016,network,0.130798,0.071349,0.183772,20,0.229961,0.176478,0.276073,20,0.130798,0.071349,0.183772,20,0.229961,0.176478,0.276073,20,20,0,0
Yu_ripple_detector,recipe:olafsdottir_2017,network,0.129957,0.0716585,0.182969,20,0.245795,0.198516,0.290172,20,0.129957,0.0716585,0.182969,20,0.245795,0.198516,0.290172,20,20,0,0
Yu_ripple_detector,recipe:olafsdottir_2017.trajectory,network,0.130798,0.071349,0.183772,20,0.229961,0.176478,0.276073,20,0.130798,0.071349,0.183772,20,0.229961,0.176478,0.276073,20,20,0,0
Yu_ripple_detector,recipe:pfeiffer_2013,network,0.105955,0.0566646,0.158459,20,0.119807,0.0625508,0.182467,20,0.105955,0.0566646,0.158459,20,0.119807,0.0625508,0.182467,20,20,0,0
Yu_ripple_detector,recipe:pfeiffer_2013_ripples,ripple,0.490709,0.460408,0.519799,20,0.496799,0.45759,0.534764,20,0.488988,0.448815,0.527322,20,0.575383,0.534751,0.61477,20,20,0,0
Yu_ripple_detector,recipe:pfeiffer_2015,ripple,0.490709,0.460408,0.519799,20,0.496799,0.45759,0.534764,20,0.488961,0.448763,0.527296,20,0.575383,0.534751,0.61477,20,20,0,0
Yu_ripple_detector,recipe:shin_2019,ripple,0.66702,0.633073,0.699054,20,0.700607,0.658578,0.739279,20,0.729103,0.69456,0.762541,20,0.746223,0.713226,0.777744,20,20,0,0
Yu_ripple_detector,recipe:silva_2015,network,0.100284,0.038924,0.164509,20,0.118267,0.0668666,0.17407,20,0.100284,0.038924,0.164509,20,0.118267,0.0668666,0.17407,20,20,0,0
Yu_ripple_detector,recipe:stella_2019,ripple,0.486636,0.42959,0.543444,20,0.474527,0.426975,0.51873,20,0.591683,0.54465,0.638173,20,0.626301,0.580036,0.671127,20,20,0,0
Yu_ripple_detector,recipe:tang_2017,ripple,0.66702,0.633073,0.699054,20,0.700607,0.658578,0.739279,20,0.729103,0.69456,0.762541,20,0.746223,0.713226,0.777744,20,20,0,0
Yu_ripple_detector,recipe:tirole_2022,network,0.0882574,0.0238036,0.151919,20,0.0693391,0.0194376,0.11574,20,0.0882574,0.0238036,0.151919,20,0.0693391,0.0194376,0.11574,20,20,0,0
Yu_ripple_detector,recipe:widloski_2025,ripple,0.0893555,0.00509115,0.173007,20,0.150699,0.0755867,0.223952,20,0.12447,0.0400184,0.205708,20,0.201466,0.12537,0.286236,20,20,0,0
Yu_ripple_detector,recipe:widloski_2025_bursts,network,-0.011292,-0.0995597,0.0635002,20,0.105952,0.0411132,0.169066,20,-0.011292,-0.0995597,0.0635002,20,0.105952,0.0411132,0.169066,20,20,0,0
Yu_ripple_detector,recipe:wikenheiser_2013,ripple,0.134068,0.0654077,0.205597,20,0.0840024,0.0282547,0.139894,20,0.154218,0.0944373,0.218209,20,0.138504,0.0855574,0.193256,20,20,0,0
Yu_ripple_detector,recipe:wu_2014,network,0.0982625,0.0553816,0.137956,20,0.094308,0.0550012,0.132004,20,0.0982625,0.0553816,0.137956,20,0.094308,0.0550012,0.132004,20,20,0,0
Yu_ripple_detector,recipe:wu_2017,network,0.23709,0.164078,0.314785,20,0.289221,0.227086,0.356066,20,0.23709,0.164078,0.314785,20,0.289221,0.227086,0.356066,20,20,0,0
Yu_ripple_detector,recipe:xu_2019,network,0.048892,0.0154494,0.0880308,20,0.0716082,0.0217472,0.126316,20,0.048892,0.0154494,0.0880308,20,0.0716082,0.0217472,0.126316,20,20,0,0
Yu_ripple_detector,recipe:yamamoto_2017,network,0.334881,0.272945,0.395131,20,0.379027,0.321434,0.439677,20,0.334881,0.272945,0.395131,20,0.379027,0.321434,0.439677,20,20,0,0
Yu_ripple_detector,recipe:yang_2024,network,0.0706695,0.0227816,0.121905,20,0.0534237,-0.00587945,0.114899,20,0.0706695,0.0227816,0.121905,20,0.0534237,-0.00587945,0.114899,20,20,0,0
Zugaro_ripple_detector,multiunit_HSE_detector,network,0.111987,0.0688803,0.164888,20,0.0696612,0.0237834,0.117431,20,0.111987,0.0688803,0.164888,20,0.0696612,0.0237834,0.117431,20,20,0,0
Zugaro_ripple_detector,recipe:ambrose_2016,ripple,0.273989,0.216046,0.332345,20,0.24565,0.183666,0.310482,20,0.35318,0.304408,0.402655,20,0.407649,0.35046,0.460104,20,20,0,0
Zugaro_ripple_detector,recipe:bendor_2012,network,0.414669,0.356127,0.468925,20,0.400533,0.362613,0.44028,20,0.414669,0.356127,0.468925,20,0.400533,0.362613,0.44028,20,20,0,0
Zugaro_ripple_detector,recipe:berners_lee_2021,ripple,0.286979,0.235557,0.338969,20,0.251376,0.198092,0.307953,20,0.375207,0.324938,0.424602,20,0.386336,0.323308,0.442126,20,20,0,0
Zugaro_ripple_detector,recipe:berners_lee_2022,network,0.210666,0.149363,0.274583,20,0.23544,0.183679,0.291851,20,0.210666,0.149363,0.274583,20,0.23544,0.183679,0.291851,20,20,0,0
Zugaro_ripple_detector,recipe:bhattarai_2020,network,0.0622563,-0.011508,0.130467,20,0.235656,0.133746,0.333216,20,0.0622563,-0.011508,0.130467,20,0.235656,0.133746,0.333216,20,20,0,0
Zugaro_ripple_detector,recipe:bhattarai_2020_ripples,ripple,0.577804,0.499539,0.639286,20,0.60935,0.546968,0.677795,20,0.689337,0.62999,0.747204,20,0.629926,0.579957,0.681574,20,20,0,0
Zugaro_ripple_detector,recipe:bush_2022,network,0.19879,0.128098,0.262649,20,0.205561,0.146805,0.261286,20,0.19879,0.128098,0.262649,20,0.205561,0.146805,0.261286,20,20,0,0
Zugaro_ripple_detector,recipe:carey_2019,network,0.399314,0.342622,0.45373,20,0.417438,0.369138,0.463744,20,0.399314,0.342622,0.45373,20,0.417438,0.369138,0.463744,20,20,0,0
Zugaro_ripple_detector,recipe:carr_2012,ripple,0.324686,0.278367,0.364496,20,0.347991,0.304673,0.396141,20,0.555085,0.505515,0.602453,20,0.522129,0.480133,0.56516,20,20,0,0
Zugaro_ripple_detector,recipe:chenani_2019,network,0.200406,0.13452,0.2636,20,0.189237,0.131458,0.243845,20,0.200406,0.13452,0.2636,20,0.189237,0.131458,0.243845,20,20,0,0
Zugaro_ripple_detector,recipe:davidson_2009,network,0.120382,0.0762348,0.173949,20,0.0666525,0.0184611,0.112728,20,0.120382,0.0762348,0.173949,20,0.0666525,0.0184611,0.112728,20,20,0,0
Zugaro_ripple_detector,recipe:denovellis_2021,ripple,0.464981,0.427588,0.501819,20,0.415314,0.36286,0.467177,20,0.637609,0.601841,0.671317,20,0.593701,0.558995,0.624708,20,20,0,0
Zugaro_ripple_detector,recipe:denovellis_2021_mua,network,0.112524,0.0685233,0.164394,20,0.06215,0.0159764,0.111393,20,0.112524,0.0685233,0.164394,20,0.06215,0.0159764,0.111393,20,20,0,0
Zugaro_ripple_detector,recipe:diba_2007,network,0.124949,0.0113732,0.245447,20,0.210644,0.0969042,0.32111,20,0.124949,0.0113732,0.245447,20,0.210644,0.0969042,0.32111,20,20,0,0
Zugaro_ripple_detector,recipe:drieu_2018,network,0.148445,0.0839329,0.207403,20,0.130025,0.0721768,0.187913,20,0.148445,0.0839329,0.207403,20,0.130025,0.0721768,0.187913,20,20,0,0
Zugaro_ripple_detector,recipe:farooq_2019_neuron,network,0.274955,0.134708,0.396077,20,0.315342,0.187421,0.432259,20,0.274955,0.134708,0.396077,20,0.315342,0.187421,0.432259,20,20,0,0
Zugaro_ripple_detector,recipe:farooq_2019_science,network,0.276387,0.136938,0.396701,20,0.31308,0.185945,0.427905,20,0.276387,0.136938,0.396701,20,0.31308,0.185945,0.427905,20,20,0,0
Zugaro_ripple_detector,recipe:farooq_2019_science_awake,network,0.276387,0.136938,0.396701,20,0.31308,0.185945,0.427905,20,0.276387,0.136938,0.396701,20,0.31308,0.185945,0.427905,20,20,0,0
Zugaro_ripple_detector,recipe:foster_2006,network,0.132046,-0.0506232,0.29909,20,0.0503925,-0.0825316,0.179159,20,0.132046,-0.0506232,0.29909,20,0.0503925,-0.0825316,0.179159,20,20,0,0
Zugaro_ripple_detector,recipe:foster_2006_ripples,ripple,0.490619,0.34418,0.633062,20,0.626906,0.49812,0.736736,20,0.619052,0.473141,0.752941,20,0.752477,0.638735,0.854662,20,20,0,0
Zugaro_ripple_detector,recipe:gillespie_2021,ripple,0.461855,0.421451,0.501858,20,0.428658,0.367865,0.488398,20,0.623678,0.577661,0.664317,20,0.603589,0.573201,0.632283,20,20,0,0
Zugaro_ripple_detector,recipe:gillespie_2021_mua,network,0.112839,0.0672451,0.167205,20,0.0674195,0.0238681,0.109733,20,0.112839,0.0672451,0.167205,20,0.0674195,0.0238681,0.109733,20,20,0,0
Zugaro_ripple_detector,recipe:gridchyn_2020,network,0.257602,0.201317,0.312556,20,0.317374,0.271694,0.366083,20,0.257602,0.201317,0.312556,20,0.317374,0.271694,0.366083,20,20,0,0
Zugaro_ripple_detector,recipe:grosmark_2016,network,0.104629,0.0521449,0.159384,20,0.0795434,0.0226547,0.135397,20,0.104629,0.0521449,0.159384,20,0.0795434,0.0226547,0.135397,20,20,0,0
Zugaro_ripple_detector,recipe:gupta_2010,ripple,0.372923,0.314341,0.427031,20,0.296349,0.254945,0.335065,20,0.493234,0.438381,0.55282,20,0.477762,0.426509,0.533927,20,20,0,0
Zugaro_ripple_detector,recipe:harvey_2023_code,ripple,0.565086,0.530516,0.600099,20,0.637649,0.600955,0.675484,20,0.513009,0.449354,0.572803,20,0.632337,0.579213,0.685948,20,20,0,0
Zugaro_ripple_detector,recipe:harvey_2023_no_radiatum,ripple,0.268876,0.208255,0.322432,20,0.271189,0.217719,0.325025,20,0.343741,0.279633,0.404023,20,0.349159,0.303708,0.392789,20,20,0,0
Zugaro_ripple_detector,recipe:harvey_2023_text,ripple,0.776651,0.733675,0.816166,20,0.762032,0.72922,0.793313,20,0.776797,0.739219,0.815789,20,0.766329,0.733123,0.801788,20,20,0,0
Zugaro_ripple_detector,recipe:huelin_gorriz_2023,network,0.146519,0.0878468,0.214734,20,0.139313,0.0905748,0.19043,20,0.146519,0.0878468,0.214734,20,0.139313,0.0905748,0.19043,20,20,0,0
Zugaro_ripple_detector,recipe:igata_2021,network,0.118287,0.0763926,0.169271,20,0.0666116,0.0209292,0.112885,20,0.118287,0.0763926,0.169271,20,0.0666116,0.0209292,0.112885,20,20,0,0
Zugaro_ripple_detector,recipe:igata_2021_ripples,ripple,0.42127,0.381521,0.462726,20,0.39198,0.346875,0.442211,20,0.518542,0.469028,0.566198,20,0.506455,0.463168,0.552202,20,20,0,0
Zugaro_ripple_detector,recipe:jadhav_2016,ripple,0.318853,0.268375,0.364526,20,0.343156,0.289572,0.39541,20,0.504758,0.45791,0.55068,20,0.50373,0.461919,0.547655,20,20,0,0
Zugaro_ripple_detector,recipe:ji_2007,network,0.378356,0.313419,0.439129,20,0.334579,0.286287,0.381799,20,0.378356,0.313419,0.439129,20,0.334579,0.286287,0.381799,20,20,0,0
Zugaro_ripple_detector,recipe:ji_2007_ripples,ripple,,,,0,,,,0,,,,0,,,,0,20,0,0
Zugaro_ripple_detector,recipe:kaefer_2020,ripple,,,,0,,,,0,1,1,1,1,0.5,0.5,0.5,1,20,0,0
Zugaro_ripple_detector,recipe:karlsson_2009,ripple,0.324686,0.278367,0.364496,20,0.347991,0.304673,0.396141,20,0.555085,0.505515,0.602453,20,0.522129,0.480133,0.56516,20,20,0,0
Zugaro_ripple_detector,recipe:krause_2022,network,0.304856,0.251585,0.358273,20,0.389101,0.329425,0.44522,20,0.304856,0.251585,0.358273,20,0.389101,0.329425,0.44522,20,20,0,0
Zugaro_ripple_detector,recipe:krause_2022_hse,network,0.0907137,0.0387559,0.153553,20,0.0689294,0.0149931,0.119881,20,0.0907137,0.0387559,0.153553,20,0.0689294,0.0149931,0.119881,20,20,0,0
Zugaro_ripple_detector,recipe:kudrimoti_1999,ripple,0.544444,0.214286,0.781818,9,0.311111,-0.2,0.785759,9,0.4,-1.39274e-17,0.785714,10,0.27,-0.185714,0.671461,10,20,0,0
Zugaro_ripple_detector,recipe:lee_2002,network,0.0571984,0.00147793,0.110695,20,-0.00112876,-0.0476857,0.0417437,20,0.0571984,0.00147793,0.110695,20,-0.00112876,-0.0476857,0.0417437,20,20,0,0
Zugaro_ripple_detector,recipe:lee_2002_ripples,ripple,0.490619,0.34418,0.633062,20,0.626906,0.49812,0.736736,20,0.619052,0.473141,0.752941,20,0.752477,0.638735,0.854662,20,20,0,0
Zugaro_ripple_detector,recipe:liu_2019,network,0.0511918,-0.0174394,0.12058,20,0.0661165,-0.000229536,0.133202,20,0.0511918,-0.0174394,0.12058,20,0.0661165,-0.000229536,0.133202,20,20,0,0
Zugaro_ripple_detector,recipe:liu_2019_awake,network,0.0511918,-0.0174394,0.12058,20,0.0661165,-0.000229536,0.133202,20,0.0511918,-0.0174394,0.12058,20,0.0661165,-0.000229536,0.133202,20,20,0,0
Zugaro_ripple_detector,recipe:liu_2023,network,0.207371,0.126509,0.284262,20,0.170906,0.103267,0.244616,20,0.207371,0.126509,0.284262,20,0.170906,0.103267,0.244616,20,20,0,0
Zugaro_ripple_detector,recipe:maboudi_2018,network,0.0974189,0.0441566,0.160742,20,0.0713496,0.0171731,0.122375,20,0.0974189,0.0441566,0.160742,20,0.0713496,0.0171731,0.122375,20,20,0,0
Zugaro_ripple_detector,recipe:maboudi_2018_open_field,network,0.200108,0.145382,0.258136,20,0.174822,0.10282,0.24849,20,0.200108,0.145382,0.258136,20,0.174822,0.10282,0.24849,20,20,0,0
Zugaro_ripple_detector,recipe:mallory_2025,network,0.125809,0.0743116,0.179236,20,0.0875409,0.0306248,0.146208,20,0.125809,0.0743116,0.179236,20,0.0875409,0.0306248,0.146208,20,20,0,0
Zugaro_ripple_detector,recipe:mallory_2025_ripples,ripple,0.292465,0.234744,0.349743,20,0.285957,0.229656,0.343854,20,0.410742,0.356939,0.468495,20,0.409745,0.358113,0.45575,20,20,0,0
Zugaro_ripple_detector,recipe:michon_2019,network,0.239231,0.131145,0.331594,20,0.172263,0.101172,0.246729,20,0.239231,0.131145,0.331594,20,0.172263,0.101172,0.246729,20,20,0,0
Zugaro_ripple_detector,recipe:michon_2021,network,0.239231,0.131145,0.331594,20,0.172263,0.101172,0.246729,20,0.239231,0.131145,0.331594,20,0.172263,0.101172,0.246729,20,20,0,0
Zugaro_ripple_detector,recipe:mou_2022,network,0.0424247,-0.0356374,0.126941,20,0.0194633,-0.0327938,0.0704828,20,0.0424247,-0.0356374,0.126941,20,0.0194633,-0.0327938,0.0704828,20,20,0,0
Zugaro_ripple_detector,recipe:muessig_2019,network,0.30858,0.165047,0.445027,20,0.223916,0.0429071,0.398565,20,0.30858,0.165047,0.445027,20,0.223916,0.0429071,0.398565,20,20,0,0
Zugaro_ripple_detector,recipe:muessig_2019_ripples,ripple,0.679615,0.648951,0.710549,20,0.685664,0.657929,0.712953,20,0.540244,0.493599,0.586062,20,0.651768,0.606893,0.696679,20,20,0,0
Zugaro_ripple_detector,recipe:nadasdy_1999,ripple,0.593234,0.537278,0.650302,20,0.608945,0.551124,0.667479,20,0.760866,0.72373,0.797684,20,0.758472,0.715542,0.80221,20,20,0,0
Zugaro_ripple_detector,recipe:olafsdottir_2015,network,0.162286,0.102941,0.225505,20,0.109045,0.0494458,0.173252,20,0.162286,0.102941,0.225505,20,0.109045,0.0494458,0.173252,20,20,0,0
Zugaro_ripple_detector,recipe:olafsdottir_2015.bayesian_candidates,network,0.167021,0.104181,0.235943,20,0.104859,0.0500013,0.161332,20,0.167021,0.104181,0.235943,20,0.104859,0.0500013,0.161332,20,20,0,0
Zugaro_ripple_detector,recipe:olafsdottir_2016,network,0.271768,0.207603,0.337218,20,0.341893,0.287248,0.400492,20,0.271768,0.207603,0.337218,20,0.341893,0.287248,0.400492,20,20,0,0
Zugaro_ripple_detector,recipe:olafsdottir_2017,network,0.247877,0.182328,0.31054,20,0.34974,0.304877,0.394066,20,0.247877,0.182328,0.31054,20,0.34974,0.304877,0.394066,20,20,0,0
Zugaro_ripple_detector,recipe:olafsdottir_2017.trajectory,network,0.271768,0.207603,0.337218,20,0.341893,0.287248,0.400492,20,0.271768,0.207603,0.337218,20,0.341893,0.287248,0.400492,20,20,0,0
Zugaro_ripple_detector,recipe:pfeiffer_2013,network,0.200108,0.145382,0.258136,20,0.174822,0.10282,0.24849,20,0.200108,0.145382,0.258136,20,0.174822,0.10282,0.24849,20,20,0,0
Zugaro_ripple_detector,recipe:pfeiffer_2013_ripples,ripple,0.273989,0.216046,0.332345,20,0.24565,0.183666,0.310482,20,0.35318,0.304408,0.402655,20,0.407649,0.35046,0.460104,20,20,0,0
Zugaro_ripple_detector,recipe:pfeiffer_2015,ripple,0.273989,0.216046,0.332345,20,0.24565,0.183666,0.310482,20,0.35318,0.304408,0.402655,20,0.407649,0.35046,0.460104,20,20,0,0
Zugaro_ripple_detector,recipe:shin_2019,ripple,0.324686,0.278367,0.364496,20,0.347991,0.304673,0.396141,20,0.555085,0.505515,0.602453,20,0.522129,0.480133,0.56516,20,20,0,0
Zugaro_ripple_detector,recipe:silva_2015,network,0.189315,0.125243,0.256233,20,0.178854,0.10663,0.259375,20,0.189315,0.125243,0.256233,20,0.178854,0.10663,0.259375,20,20,0,0
Zugaro_ripple_detector,recipe:stella_2019,ripple,0.827273,0.799449,0.85051,20,0.824304,0.797535,0.847441,20,0.831594,0.791411,0.867438,20,0.848855,0.817521,0.879372,20,20,0,0
Zugaro_ripple_detector,recipe:tang_2017,ripple,0.324686,0.278367,0.364496,20,0.347991,0.304673,0.396141,20,0.555085,0.505515,0.602453,20,0.522129,0.480133,0.56516,20,20,0,0
Zugaro_ripple_detector,recipe:tirole_2022,network,0.146519,0.0878468,0.214734,20,0.139313,0.0905748,0.19043,20,0.146519,0.0878468,0.214734,20,0.139313,0.0905748,0.19043,20,20,0,0
Zugaro_ripple_detector,recipe:widloski_2025,ripple,-0.0037241,-0.076163,0.0707991,20,0.0803429,0.0299582,0.13609,20,0.106662,0.0371098,0.179839,20,0.145901,0.0665258,0.216837,20,20,0,0
Zugaro_ripple_detector,recipe:widloski_2025_bursts,network,0.0517247,-0.0206905,0.125074,20,0.0973748,0.00563907,0.176796,20,0.0517247,-0.0206905,0.125074,20,0.0973748,0.00563907,0.176796,20,20,0,0
Zugaro_ripple_detector,recipe:wikenheiser_2013,ripple,0.077972,0.00470653,0.152612,20,0.0609825,0.00456477,0.119504,20,0.135563,0.0630758,0.208439,20,0.133429,0.0545645,0.205431,20,20,0,0
Zugaro_ripple_detector,recipe:wu_2014,network,0.12942,0.0761297,0.181462,20,0.0887966,0.0470241,0.131786,20,0.12942,0.0761297,0.181462,20,0.0887966,0.0470241,0.131786,20,20,0,0
Zugaro_ripple_detector,recipe:wu_2017,network,0.351534,0.280328,0.42847,20,0.390302,0.328052,0.458546,20,0.351534,0.280328,0.42847,20,0.390302,0.328052,0.458546,20,20,0,0
Zugaro_ripple_detector,recipe:xu_2019,network,0.0982654,0.0575406,0.142609,20,0.0812547,0.0126477,0.144475,20,0.0982654,0.0575406,0.142609,20,0.0812547,0.0126477,0.144475,20,20,0,0
Zugaro_ripple_detector,recipe:yamamoto_2017,network,0.46713,0.411092,0.519923,20,0.487702,0.414095,0.562708,20,0.46713,0.411092,0.519923,20,0.487702,0.414095,0.562708,20,20,0,0
Zugaro_ripple_detector,recipe:yang_2024,network,0.104629,0.0521449,0.159384,20,0.0795434,0.0226547,0.135397,20,0.104629,0.0521449,0.159384,20,0.0795434,0.0226547,0.135397,20,20,0,0
multiunit_HSE_detector,recipe:ambrose_2016,network,0.0384698,-0.0103299,0.0900982,20,0.0533511,0.00414056,0.100417,20,0.0384698,-0.0103299,0.0900982,20,0.0533511,0.00414056,0.100417,20,20,0,0
multiunit_HSE_detector,recipe:bendor_2012,burst,0.428297,0.368579,0.487777,20,0.436833,0.377911,0.484174,20,0.388912,0.330103,0.443033,20,0.428112,0.375668,0.474339,20,20,0,0
multiunit_HSE_detector,recipe:berners_lee_2021,network,0.0715131,0.0243662,0.119515,20,0.0687267,0.0236111,0.114753,20,0.0715131,0.0243662,0.119515,20,0.0687267,0.0236111,0.114753,20,20,0,0
multiunit_HSE_detector,recipe:berners_lee_2022,burst,0.763172,0.720482,0.805166,20,0.767677,0.730825,0.797646,20,0.752224,0.710985,0.792497,20,0.772665,0.738513,0.8023,20,20,0,0
multiunit_HSE_detector,recipe:bhattarai_2020,network,0.125423,0.0615177,0.187568,20,0.00696618,-0.0685331,0.0916245,20,0.125423,0.0615177,0.187568,20,0.00696618,-0.0685331,0.0916245,20,20,0,0
multiunit_HSE_detector,recipe:bhattarai_2020_ripples,network,0.0710796,0.00416424,0.132046,20,0.0951987,0.0381524,0.157167,20,0.0710796,0.00416424,0.132046,20,0.0951987,0.0381524,0.157167,20,20,0,0
multiunit_HSE_detector,recipe:bush_2022,burst,0.246408,0.204857,0.287764,20,0.331465,0.294022,0.369704,20,0.253647,0.207988,0.303541,20,0.360018,0.321146,0.397149,20,20,0,0
multiunit_HSE_detector,recipe:carey_2019,network,0.429491,0.388,0.471785,20,0.466405,0.429826,0.502393,20,0.429491,0.388,0.471785,20,0.466405,0.429826,0.502393,20,20,0,0
multiunit_HSE_detector,recipe:carr_2012,network,0.0663205,0.0212988,0.112301,20,0.0438588,0.00200924,0.0876365,20,0.0663205,0.0212988,0.112301,20,0.0438588,0.00200924,0.0876365,20,20,0,0
multiunit_HSE_detector,recipe:chenani_2019,burst,0.207847,0.165109,0.252319,20,0.300969,0.237859,0.357102,20,0.240426,0.194495,0.288368,20,0.328306,0.273708,0.378055,20,20,0,0
multiunit_HSE_detector,recipe:davidson_2009,burst,0.994246,0.98765,0.998394,20,0.985035,0.974131,0.992213,20,0.995662,0.991342,0.998538,20,0.986467,0.975944,0.993105,20,20,0,0
multiunit_HSE_detector,recipe:denovellis_2021,network,0.103302,0.0636247,0.148345,20,0.0631246,0.0231381,0.10567,20,0.103302,0.0636247,0.148345,20,0.0631246,0.0231381,0.10567,20,20,0,0
multiunit_HSE_detector,recipe:denovellis_2021_mua,burst,0.994801,0.991741,0.997346,20,0.985374,0.976116,0.992222,20,0.995558,0.993227,0.997535,20,0.985234,0.973765,0.992968,20,20,0,0
multiunit_HSE_detector,recipe:diba_2007,burst,0.125901,0.0585914,0.192439,20,0.00263507,-0.0785202,0.0801368,20,0.165688,0.0956865,0.235285,20,0.0430074,-0.0412559,0.119216,20,20,0,0
multiunit_HSE_detector,recipe:drieu_2018,burst,0.194283,0.129101,0.259997,20,0.264503,0.202515,0.327627,20,0.222498,0.151728,0.293315,20,0.291401,0.234372,0.349344,20,20,0,0
multiunit_HSE_detector,recipe:farooq_2019_neuron,burst,0.20091,0.122202,0.282016,20,0.267945,0.197918,0.340944,20,0.258465,0.182121,0.336952,20,0.302405,0.229449,0.375883,20,20,0,0
multiunit_HSE_detector,recipe:farooq_2019_science,burst,0.192798,0.11455,0.273294,20,0.266144,0.198027,0.335997,20,0.253577,0.176846,0.333252,20,0.3001,0.229344,0.372765,20,20,0,0
multiunit_HSE_detector,recipe:farooq_2019_science_awake,burst,0.192798,0.11455,0.273294,20,0.266144,0.198027,0.335997,20,0.253577,0.176846,0.333252,20,0.3001,0.229344,0.372765,20,20,0,0
multiunit_HSE_detector,recipe:foster_2006,burst,0.111664,-0.041545,0.247974,20,0.289325,0.16663,0.403557,20,0.224246,0.134654,0.312257,20,0.283524,0.184375,0.381171,20,20,0,0
multiunit_HSE_detector,recipe:foster_2006_ripples,network,-0.0471129,-0.214758,0.122972,20,0.159247,0.0188896,0.300825,20,-0.0471129,-0.214758,0.122972,20,0.159247,0.0188896,0.300825,20,20,0,0
multiunit_HSE_detector,recipe:gillespie_2021,network,0.0939092,0.0528161,0.138581,20,0.0621557,0.0234621,0.105148,20,0.0939092,0.0528161,0.138581,20,0.0621557,0.0234621,0.105148,20,20,0,0
multiunit_HSE_detector,recipe:gillespie_2021_mua,burst,0.994343,0.987964,0.998411,20,0.983901,0.97204,0.991984,20,0.994745,0.990153,0.998196,20,0.985342,0.974384,0.992948,20,20,0,0
multiunit_HSE_detector,recipe:gridchyn_2020,burst,0.43006,0.388825,0.469373,20,0.349856,0.307041,0.392137,20,0.403271,0.366231,0.44215,20,0.350723,0.310834,0.390706,20,20,0,0
multiunit_HSE_detector,recipe:grosmark_2016,network,0.320204,0.251783,0.388765,20,0.425653,0.375931,0.475799,20,0.320204,0.251783,0.388765,20,0.425653,0.375931,0.475799,20,20,0,0
multiunit_HSE_detector,recipe:gupta_2010,network,0.125358,0.0730605,0.174222,20,0.126182,0.0814029,0.16961,20,0.125358,0.0730605,0.174222,20,0.126182,0.0814029,0.16961,20,20,0,0
multiunit_HSE_detector,recipe:harvey_2023_code,network,0.0329129,-0.00660715,0.0690666,20,0.0558796,0.00684274,0.103407,20,0.0329129,-0.00660715,0.0690666,20,0.0558796,0.00684274,0.103407,20,20,0,0
multiunit_HSE_detector,recipe:harvey_2023_no_radiatum,network,0.0584627,-0.00362703,0.12109,20,0.0953793,0.0623834,0.129786,20,0.0584627,-0.00362703,0.12109,20,0.0953793,0.0623834,0.129786,20,20,0,0
multiunit_HSE_detector,recipe:harvey_2023_text,network,0.103862,0.0535773,0.159796,20,0.0978451,0.0507156,0.144394,20,0.103862,0.0535773,0.159796,20,0.0978451,0.0507156,0.144394,20,20,0,0
multiunit_HSE_detector,recipe:huelin_gorriz_2023,network,0.91501,0.890615,0.938471,20,0.894869,0.864389,0.921508,20,0.91501,0.890615,0.938471,20,0.894869,0.864389,0.921508,20,20,0,0
multiunit_HSE_detector,recipe:igata_2021,burst,0.992051,0.984713,0.997645,20,0.985111,0.974587,0.992456,20,0.993313,0.986844,0.998138,20,0.986747,0.977092,0.993331,20,20,0,0
multiunit_HSE_detector,recipe:igata_2021_ripples,network,0.0514699,0.0039975,0.102101,20,0.0777293,0.0495101,0.108866,20,0.0514699,0.0039975,0.102101,20,0.0777293,0.0495101,0.108866,20,20,0,0
multiunit_HSE_detector,recipe:jadhav_2016,network,0.0437638,0.00955549,0.078993,20,0.0525644,0.00923289,0.0984828,20,0.0437638,0.00955549,0.078993,20,0.0525644,0.00923289,0.0984828,20,20,0,0
multiunit_HSE_detector,recipe:ji_2007,burst,0.451163,0.407909,0.492938,20,0.477304,0.424106,0.524078,20,0.415517,0.370049,0.456512,20,0.472468,0.42257,0.519585,20,20,0,0
multiunit_HSE_detector,recipe:ji_2007_ripples,network,,,,0,,,,0,,,,0,,,,0,20,0,0
multiunit_HSE_detector,recipe:kaefer_2020,network,0.5,0.5,0.5,1,-1,-1,-1,1,0.5,0.5,0.5,1,-1,-1,-1,1,20,0,0
multiunit_HSE_detector,recipe:karlsson_2009,network,0.0663205,0.0212988,0.112301,20,0.0438588,0.00200924,0.0876365,20,0.0663205,0.0212988,0.112301,20,0.0438588,0.00200924,0.0876365,20,20,0,0
multiunit_HSE_detector,recipe:krause_2022,network,0.165234,0.113378,0.212604,20,0.153077,0.101992,0.205243,20,0.165234,0.113378,0.212604,20,0.153077,0.101992,0.205243,20,20,0,0
multiunit_HSE_detector,recipe:krause_2022_hse,burst,0.820413,0.79516,0.845219,20,0.817745,0.795556,0.840733,20,0.819263,0.793674,0.844539,20,0.811737,0.786953,0.837274,20,20,0,0
multiunit_HSE_detector,recipe:kudrimoti_1999,network,0.0636364,-0.318227,0.411146,11,-0.0272727,-0.45,0.433333,11,0.0636364,-0.318227,0.411146,11,-0.0272727,-0.45,0.433333,11,20,0,0
multiunit_HSE_detector,recipe:lee_2002,burst,0.184571,0.1383,0.228616,20,0.185421,0.136286,0.233007,20,0.190471,0.145245,0.230151,20,0.173606,0.121102,0.224183,20,20,0,0
multiunit_HSE_detector,recipe:lee_2002_ripples,network,-0.0471129,-0.214758,0.122972,20,0.159247,0.0188896,0.300825,20,-0.0471129,-0.214758,0.122972,20,0.159247,0.0188896,0.300825,20,20,0,0
multiunit_HSE_detector,recipe:liu_2019,burst,0.101797,0.0541418,0.147561,20,0.123674,0.075149,0.171346,20,0.106303,0.0646398,0.147688,20,0.124238,0.0746728,0.171863,20,20,0,0
multiunit_HSE_detector,recipe:liu_2019_awake,burst,0.101797,0.0541418,0.147561,20,0.123674,0.075149,0.171346,20,0.106303,0.0646398,0.147688,20,0.124238,0.0746728,0.171863,20,20,0,0
multiunit_HSE_detector,recipe:liu_2023,network,0.298334,0.235804,0.360099,20,0.407075,0.351153,0.463897,20,0.298334,0.235804,0.360099,20,0.407075,0.351153,0.463897,20,20,0,0
multiunit_HSE_detector,recipe:maboudi_2018,burst,0.821897,0.796484,0.847197,20,0.813757,0.788479,0.839157,20,0.821184,0.792336,0.848777,20,0.807744,0.780473,0.836024,20,20,0,0
multiunit_HSE_detector,recipe:maboudi_2018_open_field,burst,0.279279,0.213976,0.342142,20,0.384867,0.337807,0.42796,20,0.287164,0.224922,0.350042,20,0.402547,0.360432,0.443383,20,20,0,0
multiunit_HSE_detector,recipe:mallory_2025,burst,0.316869,0.255568,0.383836,20,0.410405,0.359008,0.459672,20,0.322197,0.254428,0.396163,20,0.421698,0.370322,0.470176,20,20,0,0
multiunit_HSE_detector,recipe:mallory_2025_ripples,network,0.0533064,0.00864697,0.10173,20,0.0476824,-0.0149741,0.109834,20,0.0533064,0.00864697,0.10173,20,0.0476824,-0.0149741,0.109834,20,20,0,0
multiunit_HSE_detector,recipe:michon_2019,network,0.744466,0.686259,0.801879,20,0.781042,0.72929,0.831058,20,0.744466,0.686259,0.801879,20,0.781042,0.72929,0.831058,20,20,0,0
multiunit_HSE_detector,recipe:michon_2021,network,0.744466,0.686259,0.801879,20,0.781042,0.72929,0.831058,20,0.744466,0.686259,0.801879,20,0.781042,0.72929,0.831058,20,20,0,0
multiunit_HSE_detector,recipe:mou_2022,burst,0.666045,0.611427,0.723265,20,0.638822,0.575114,0.695762,20,0.663291,0.606678,0.720049,20,0.625498,0.564879,0.682694,20,20,0,0
multiunit_HSE_detector,recipe:muessig_2019,network,0.289682,0.168786,0.399592,20,0.24377,0.0717597,0.404388,20,0.289682,0.168786,0.399592,20,0.24377,0.0717597,0.404388,20,20,0,0
multiunit_HSE_detector,recipe:muessig_2019_ripples,network,0.0695639,0.0109879,0.122361,20,0.0842226,0.0535728,0.114065,20,0.0695639,0.0109879,0.122361,20,0.0842226,0.0535728,0.114065,20,20,0,0
multiunit_HSE_detector,recipe:nadasdy_1999,network,0.068994,0.0151922,0.131737,20,0.0624849,0.00948241,0.117791,20,0.068994,0.0151922,0.131737,20,0.0624849,0.00948241,0.117791,20,20,0,0
multiunit_HSE_detector,recipe:olafsdottir_2015,burst,0.200931,0.142282,0.257449,20,0.264389,0.212365,0.317281,20,0.218789,0.163014,0.272349,20,0.293173,0.242599,0.344915,20,20,0,0
multiunit_HSE_detector,recipe:olafsdottir_2015.bayesian_candidates,burst,0.187189,0.116453,0.25359,20,0.266111,0.214009,0.316701,20,0.208276,0.135114,0.274894,20,0.293591,0.241933,0.343114,20,20,0,0
multiunit_HSE_detector,recipe:olafsdottir_2016,burst,0.112011,0.0642738,0.163845,20,0.142661,0.084266,0.204127,20,0.156738,0.107284,0.211509,20,0.178911,0.118581,0.24038,20,20,0,0
multiunit_HSE_detector,recipe:olafsdottir_2017,burst,0.0903686,0.0385605,0.146088,20,0.191307,0.136302,0.25296,20,0.120516,0.0739882,0.17195,20,0.2183,0.162377,0.27907,20,20,0,0
multiunit_HSE_detector,recipe:olafsdottir_2017.trajectory,burst,0.112011,0.0642738,0.163845,20,0.142661,0.084266,0.204127,20,0.156738,0.107284,0.211509,20,0.178911,0.118581,0.24038,20,20,0,0
multiunit_HSE_detector,recipe:pfeiffer_2013,burst,0.279279,0.213976,0.342142,20,0.384867,0.337807,0.42796,20,0.287164,0.224922,0.350042,20,0.402547,0.360432,0.443383,20,20,0,0
multiunit_HSE_detector,recipe:pfeiffer_2013_ripples,network,0.0384698,-0.0103299,0.0900982,20,0.0533511,0.00414056,0.100417,20,0.0384698,-0.0103299,0.0900982,20,0.0533511,0.00414056,0.100417,20,20,0,0
multiunit_HSE_detector,recipe:pfeiffer_2015,network,0.0385231,-0.010314,0.0901589,20,0.0533511,0.00414056,0.100417,20,0.0385231,-0.010314,0.0901589,20,0.0533511,0.00414056,0.100417,20,20,0,0
multiunit_HSE_detector,recipe:shin_2019,network,0.0663205,0.0212988,0.112301,20,0.0438588,0.00200924,0.0876365,20,0.0663205,0.0212988,0.112301,20,0.0438588,0.00200924,0.0876365,20,20,0,0
multiunit_HSE_detector,recipe:silva_2015,burst,0.294336,0.231758,0.358945,20,0.373025,0.316671,0.425042,20,0.306764,0.244853,0.369208,20,0.408394,0.356161,0.458778,20,20,0,0
multiunit_HSE_detector,recipe:stella_2019,network,0.084672,0.0409153,0.132221,20,0.0758033,0.051598,0.0997236,20,0.084672,0.0409153,0.132221,20,0.0758033,0.051598,0.0997236,20,20,0,0
multiunit_HSE_detector,recipe:tang_2017,network,0.0663205,0.0212988,0.112301,20,0.0438588,0.00200924,0.0876365,20,0.0663205,0.0212988,0.112301,20,0.0438588,0.00200924,0.0876365,20,20,0,0
multiunit_HSE_detector,recipe:tirole_2022,network,0.91501,0.890615,0.938471,20,0.894869,0.864389,0.921508,20,0.91501,0.890615,0.938471,20,0.894869,0.864389,0.921508,20,20,0,0
multiunit_HSE_detector,recipe:widloski_2025,network,-0.0119147,-0.0686794,0.0466144,20,0.0831322,0.0358669,0.132063,20,-0.0119147,-0.0686794,0.0466144,20,0.0831322,0.0358669,0.132063,20,20,0,0
multiunit_HSE_detector,recipe:widloski_2025_bursts,burst,0.19655,0.136064,0.253455,20,0.251436,0.178982,0.324843,20,0.160279,0.108547,0.210829,20,0.236509,0.163452,0.307453,20,20,0,0
multiunit_HSE_detector,recipe:wikenheiser_2013,network,-0.00760925,-0.0525712,0.0373048,20,0.0257822,-0.0321492,0.0874526,20,-0.00760925,-0.0525712,0.0373048,20,0.0257822,-0.0321492,0.0874526,20,20,0,0
multiunit_HSE_detector,recipe:wu_2014,burst,0.216427,0.156951,0.274717,20,0.290306,0.254778,0.329838,20,0.232082,0.178404,0.286224,20,0.311906,0.279778,0.34486,20,20,0,0
multiunit_HSE_detector,recipe:wu_2017,burst,0.295004,0.222849,0.363612,20,0.235224,0.183916,0.288697,20,0.278439,0.208645,0.344715,20,0.232894,0.178275,0.28975,20,20,0,0
multiunit_HSE_detector,recipe:xu_2019,burst,0.285073,0.224889,0.348765,20,0.383516,0.337396,0.427953,20,0.299838,0.243066,0.36441,20,0.403407,0.356421,0.447571,20,20,0,0
multiunit_HSE_detector,recipe:yamamoto_2017,network,0.183407,0.137804,0.230712,20,0.17144,0.10938,0.224122,20,0.183407,0.137804,0.230712,20,0.17144,0.10938,0.224122,20,20,0,0
multiunit_HSE_detector,recipe:yang_2024,network,0.320204,0.251783,0.388765,20,0.425653,0.375931,0.475799,20,0.320204,0.251783,0.388765,20,0.425653,0.375931,0.475799,20,20,0,0
recipe:ambrose_2016,recipe:bendor_2012,network,0.109033,0.037203,0.170073,20,0.244061,0.187407,0.302583,20,0.109033,0.037203,0.170073,20,0.244061,0.187407,0.302583,20,20,0,0
recipe:ambrose_2016,recipe:berners_lee_2021,ripple,0.857576,0.836484,0.879407,20,0.859467,0.829688,0.885505,20,0.836882,0.801919,0.870493,20,0.864378,0.835066,0.887928,20,20,0,0
recipe:ambrose_2016,recipe:berners_lee_2022,network,0.0628792,-0.00341533,0.128626,20,0.109229,0.0510823,0.162049,20,0.0628792,-0.00341533,0.128626,20,0.109229,0.0510823,0.162049,20,20,0,0
recipe:ambrose_2016,recipe:bhattarai_2020,network,0.056274,-0.00892108,0.115917,20,0.100859,0.0235839,0.181732,20,0.056274,-0.00892108,0.115917,20,0.100859,0.0235839,0.181732,20,20,0,0
recipe:ambrose_2016,recipe:bhattarai_2020_ripples,ripple,0.451517,0.402937,0.504324,20,0.438782,0.399487,0.483391,20,0.447053,0.399487,0.495758,20,0.461671,0.409026,0.514307,20,20,0,0
recipe:ambrose_2016,recipe:bush_2022,network,-0.0405929,-0.0886184,0.0119727,20,0.0348438,-0.0338781,0.0952181,20,-0.0405929,-0.0886184,0.0119727,20,0.0348438,-0.0338781,0.0952181,20,20,0,0
recipe:ambrose_2016,recipe:carey_2019,network,0.119552,0.0662109,0.174072,20,0.271296,0.221658,0.326235,20,0.119552,0.0662109,0.174072,20,0.271296,0.221658,0.326235,20,20,0,0
recipe:ambrose_2016,recipe:carr_2012,ripple,0.555996,0.513061,0.600351,20,0.570802,0.539034,0.600475,20,0.540261,0.493423,0.586495,20,0.606233,0.565496,0.645969,20,20,0,0
recipe:ambrose_2016,recipe:chenani_2019,network,-0.0258251,-0.0761087,0.0254521,20,0.014063,-0.036161,0.0560827,20,-0.0258251,-0.0761087,0.0254521,20,0.014063,-0.036161,0.0560827,20,20,0,0
recipe:ambrose_2016,recipe:davidson_2009,network,0.0306466,-0.0206787,0.0820834,20,0.0355549,-0.0225987,0.0968155,20,0.0306466,-0.0206787,0.0820834,20,0.0355549,-0.0225987,0.0968155,20,20,0,0
recipe:ambrose_2016,recipe:denovellis_2021,ripple,0.498004,0.461157,0.535928,20,0.550244,0.513669,0.589207,20,0.48859,0.447757,0.527512,20,0.597266,0.558027,0.638518,20,20,0,0
recipe:ambrose_2016,recipe:denovellis_2021_mua,network,0.0408164,-0.00881354,0.0930447,20,0.0480508,0.0015574,0.0923957,20,0.0408164,-0.00881354,0.0930447,20,0.0480508,0.0015574,0.0923957,20,20,0,0
recipe:ambrose_2016,recipe:diba_2007,network,0.0193797,-0.0819203,0.123802,20,0.115858,0.00526832,0.215116,20,0.0193797,-0.0819203,0.123802,20,0.115858,0.00526832,0.215116,20,20,0,0
recipe:ambrose_2016,recipe:drieu_2018,network,-0.0303852,-0.0883339,0.0277297,20,-0.00495798,-0.0529707,0.0401447,20,-0.0303852,-0.0883339,0.0277297,20,-0.00495798,-0.0529707,0.0401447,20,20,0,0
recipe:ambrose_2016,recipe:farooq_2019_neuron,network,-0.0379798,-0.12871,0.0494774,20,0.0646296,-0.0545662,0.168006,20,-0.0379798,-0.12871,0.0494774,20,0.0646296,-0.0545662,0.168006,20,20,0,0
recipe:ambrose_2016,recipe:farooq_2019_science,network,-0.038012,-0.128092,0.0514686,20,0.059278,-0.0595585,0.163941,20,-0.038012,-0.128092,0.0514686,20,0.059278,-0.0595585,0.163941,20,20,0,0
recipe:ambrose_2016,recipe:farooq_2019_science_awake,network,-0.038012,-0.128092,0.0514686,20,0.059278,-0.0595585,0.163941,20,-0.038012,-0.128092,0.0514686,20,0.059278,-0.0595585,0.163941,20,20,0,0
recipe:ambrose_2016,recipe:foster_2006,network,-0.0375028,-0.184953,0.129956,20,0.074228,-0.0835386,0.231214,20,-0.0375028,-0.184953,0.129956,20,0.074228,-0.0835386,0.231214,20,20,0,0
recipe:ambrose_2016,recipe:foster_2006_ripples,ripple,0.0817516,-0.0826537,0.246823,20,0.263128,0.0994353,0.402958,20,0.281758,0.127014,0.430017,20,0.351772,0.190994,0.509567,20,20,0,0
recipe:ambrose_2016,recipe:gillespie_2021,ripple,0.524551,0.489081,0.55993,20,0.541212,0.506154,0.576283,20,0.507432,0.464574,0.5483,20,0.605263,0.571701,0.640182,20,20,0,0
recipe:ambrose_2016,recipe:gillespie_2021_mua,network,0.0287519,-0.0271163,0.0861783,20,0.0393115,-0.0143527,0.0947195,20,0.0287519,-0.0271163,0.0861783,20,0.0393115,-0.0143527,0.0947195,20,20,0,0
recipe:ambrose_2016,recipe:gridchyn_2020,network,0.0212414,-0.0451237,0.0874023,20,0.192785,0.139314,0.245324,20,0.0212414,-0.0451237,0.0874023,20,0.192785,0.139314,0.245324,20,20,0,0
recipe:ambrose_2016,recipe:grosmark_2016,network,-0.0568365,-0.10376,-0.0119742,20,-0.0283022,-0.0940961,0.0367697,20,-0.0568365,-0.10376,-0.0119742,20,-0.0283022,-0.0940961,0.0367697,20,20,0,0
recipe:ambrose_2016,recipe:gupta_2010,ripple,0.331499,0.274702,0.390087,20,0.294443,0.248178,0.33699,20,0.382913,0.332618,0.433721,20,0.3688,0.316281,0.428474,20,20,0,0
recipe:ambrose_2016,recipe:harvey_2023_code,ripple,0.13375,0.081155,0.184072,20,0.159622,0.104339,0.215181,20,0.163052,0.102163,0.2163,20,0.31544,0.253944,0.367581,20,20,0,0
recipe:ambrose_2016,recipe:harvey_2023_no_radiatum,ripple,0.315694,0.258967,0.369122,20,0.398364,0.348282,0.444316,20,0.315659,0.256561,0.37422,20,0.440428,0.372369,0.5019,20,20,0,0
recipe:ambrose_2016,recipe:harvey_2023_text,ripple,0.232298,0.177312,0.291558,20,0.256799,0.200873,0.316532,20,0.295016,0.246284,0.341615,20,0.395713,0.346307,0.445385,20,20,0,0
recipe:ambrose_2016,recipe:huelin_gorriz_2023,network,0.0465567,-0.0121252,0.105843,20,0.0130574,-0.0332716,0.0590298,20,0.0465567,-0.0121252,0.105843,20,0.0130574,-0.0332716,0.0590298,20,20,0,0
recipe:ambrose_2016,recipe:igata_2021,network,0.0360475,-0.0143378,0.0885218,20,0.0433424,-0.00816795,0.0936319,20,0.0360475,-0.0143378,0.0885218,20,0.0433424,-0.00816795,0.0936319,20,20,0,0
recipe:ambrose_2016,recipe:igata_2021_ripples,ripple,0.289009,0.237332,0.340656,20,0.374153,0.31873,0.424617,20,0.439096,0.388947,0.490568,20,0.563188,0.518866,0.608106,20,20,0,0
recipe:ambrose_2016,recipe:jadhav_2016,ripple,0.584613,0.549602,0.621063,20,0.556748,0.513351,0.594212,20,0.561802,0.514052,0.607157,20,0.542071,0.501134,0.57988,20,20,0,0
recipe:ambrose_2016,recipe:ji_2007,network,0.0770768,0.0103458,0.143082,20,0.192755,0.134931,0.247502,20,0.0770768,0.0103458,0.143082,20,0.192755,0.134931,0.247502,20,20,0,0
recipe:ambrose_2016,recipe:ji_2007_ripples,ripple,,,,0,,,,0,,,,0,,,,0,20,0,0
recipe:ambrose_2016,recipe:kaefer_2020,ripple,,,,0,,,,0,1,1,1,1,0.5,0.5,0.5,1,20,0,0
recipe:ambrose_2016,recipe:karlsson_2009,ripple,0.555996,0.513061,0.600351,20,0.570802,0.539034,0.600475,20,0.540261,0.493423,0.586495,20,0.606233,0.565496,0.645969,20,20,0,0
recipe:ambrose_2016,recipe:krause_2022,network,0.628425,0.595105,0.662349,20,0.729745,0.683383,0.772027,20,0.628425,0.595105,0.662349,20,0.729745,0.683383,0.772027,20,20,0,0
recipe:ambrose_2016,recipe:krause_2022_hse,network,0.0208928,-0.0503713,0.095636,20,0.0511826,-0.00831795,0.108176,20,0.0208928,-0.0503713,0.095636,20,0.0511826,-0.00831795,0.108176,20,20,0,0
recipe:ambrose_2016,recipe:kudrimoti_1999,ripple,0.42,0.0249306,0.766667,10,0.14,-0.318227,0.557143,10,0.2,-0.186667,0.569286,11,0.481818,0.238409,0.66,11,20,0,0
recipe:ambrose_2016,recipe:lee_2002,network,0.0170107,-0.0280194,0.0655623,20,-0.0350953,-0.0819492,0.0135999,20,0.0170107,-0.0280194,0.0655623,20,-0.0350953,-0.0819492,0.0135999,20,20,0,0
recipe:ambrose_2016,recipe:lee_2002_ripples,ripple,0.0817516,-0.0826537,0.246823,20,0.263128,0.0994353,0.402958,20,0.281758,0.127014,0.430017,20,0.351772,0.190994,0.509567,20,20,0,0
recipe:ambrose_2016,recipe:liu_2019,network,0.0150703,-0.0370575,0.0702529,20,0.00709344,-0.0463692,0.0592073,20,0.0150703,-0.0370575,0.0702529,20,0.00709344,-0.0463692,0.0592073,20,20,0,0
recipe:ambrose_2016,recipe:liu_2019_awake,network,0.0150703,-0.0370575,0.0702529,20,0.00709344,-0.0463692,0.0592073,20,0.0150703,-0.0370575,0.0702529,20,0.00709344,-0.0463692,0.0592073,20,20,0,0
recipe:ambrose_2016,recipe:liu_2023,network,-0.0461815,-0.108898,0.016628,20,-0.0408526,-0.0997802,0.015134,20,-0.0461815,-0.108898,0.016628,20,-0.0408526,-0.0997802,0.015134,20,20,0,0
recipe:ambrose_2016,recipe:maboudi_2018,network,0.0170476,-0.0543265,0.090733,20,0.049233,-0.0106554,0.107939,20,0.0170476,-0.0543265,0.090733,20,0.049233,-0.0106554,0.107939,20,20,0,0
recipe:ambrose_2016,recipe:maboudi_2018_open_field,network,-0.0132158,-0.0707721,0.0369117,20,0.000455343,-0.0517816,0.0575279,20,-0.0132158,-0.0707721,0.0369117,20,0.000455343,-0.0517816,0.0575279,20,20,0,0
recipe:ambrose_2016,recipe:mallory_2025,network,-0.0263141,-0.0799379,0.025391,20,-0.0199702,-0.0566086,0.0219929,20,-0.0263141,-0.0799379,0.025391,20,-0.0199702,-0.0566086,0.0219929,20,20,0,0
recipe:ambrose_2016,recipe:mallory_2025_ripples,ripple,0.544256,0.496794,0.587038,20,0.62375,0.58518,0.663457,20,0.531109,0.489701,0.571837,20,0.646615,0.612203,0.68,20,20,0,0
recipe:ambrose_2016,recipe:michon_2019,network,0.0660521,-0.00950394,0.136808,20,0.0848986,0.00218523,0.171023,20,0.0660521,-0.00950394,0.136808,20,0.0848986,0.00218523,0.171023,20,20,0,0
recipe:ambrose_2016,recipe:michon_2021,network,0.0660521,-0.00950394,0.136808,20,0.0848986,0.00218523,0.171023,20,0.0660521,-0.00950394,0.136808,20,0.0848986,0.00218523,0.171023,20,20,0,0
recipe:ambrose_2016,recipe:mou_2022,network,0.0419724,-0.0183305,0.100743,20,-0.00483209,-0.053948,0.0490813,20,0.0419724,-0.0183305,0.100743,20,-0.00483209,-0.053948,0.0490813,20,20,0,0
recipe:ambrose_2016,recipe:muessig_2019,network,-0.0606711,-0.233775,0.103423,20,-0.0873751,-0.254486,0.0677399,20,-0.0606711,-0.233775,0.103423,20,-0.0873751,-0.254486,0.0677399,20,20,0,0
recipe:ambrose_2016,recipe:muessig_2019_ripples,ripple,0.177303,0.129484,0.225003,20,0.135745,0.0927543,0.180692,20,0.200526,0.144301,0.253698,20,0.269813,0.21049,0.325292,20,20,0,0
recipe:ambrose_2016,recipe:nadasdy_1999,ripple,0.26557,0.20464,0.326264,20,0.284623,0.231803,0.337583,20,0.334235,0.284491,0.383229,20,0.412889,0.352187,0.478989,20,20,0,0
recipe:ambrose_2016,recipe:olafsdottir_2015,network,0.00885497,-0.0491746,0.0636217,20,0.018279,-0.0416417,0.0749151,20,0.00885497,-0.0491746,0.0636217,20,0.018279,-0.0416417,0.0749151,20,20,0,0
recipe:ambrose_2016,recipe:olafsdottir_2015.bayesian_candidates,network,0.00959337,-0.0508399,0.0701085,20,0.00393816,-0.0654733,0.0700737,20,0.00959337,-0.0508399,0.0701085,20,0.00393816,-0.0654733,0.0700737,20,20,0,0
recipe:ambrose_2016,recipe:olafsdottir_2016,network,0.000430141,-0.0601027,0.0592477,20,0.107995,0.047502,0.168946,20,0.000430141,-0.0601027,0.0592477,20,0.107995,0.047502,0.168946,20,20,0,0
recipe:ambrose_2016,recipe:olafsdottir_2017,network,-0.0157743,-0.0709847,0.0350502,20,0.127339,0.0740697,0.186337,20,-0.0157743,-0.0709847,0.0350502,20,0.127339,0.0740697,0.186337,20,20,0,0
recipe:ambrose_2016,recipe:olafsdottir_2017.trajectory,network,0.000430141,-0.0601027,0.0592477,20,0.107995,0.047502,0.168946,20,0.000430141,-0.0601027,0.0592477,20,0.107995,0.047502,0.168946,20,20,0,0
recipe:ambrose_2016,recipe:pfeiffer_2013,network,-0.0132158,-0.0707721,0.0369117,20,0.000455343,-0.0517816,0.0575279,20,-0.0132158,-0.0707721,0.0369117,20,0.000455343,-0.0517816,0.0575279,20,20,0,0
recipe:ambrose_2016,recipe:pfeiffer_2013_ripples,ripple,1,1,1,20,1,1,1,20,1,1,1,20,1,1,1,20,20,0,0
recipe:ambrose_2016,recipe:pfeiffer_2015,ripple,1,1,1,20,1,1,1,20,0.999996,0.999989,1,20,1,1,1,20,20,0,0
recipe:ambrose_2016,recipe:shin_2019,ripple,0.555996,0.513061,0.600351,20,0.570802,0.539034,0.600475,20,0.540261,0.493423,0.586495,20,0.606233,0.565496,0.645969,20,20,0,0
recipe:ambrose_2016,recipe:silva_2015,network,-0.040135,-0.0999375,0.0236739,20,-0.00153926,-0.0529343,0.0507391,20,-0.040135,-0.0999375,0.0236739,20,-0.00153926,-0.0529343,0.0507391,20,20,0,0
recipe:ambrose_2016,recipe:stella_2019,ripple,0.236613,0.173063,0.301627,20,0.249176,0.203744,0.299167,20,0.302003,0.254907,0.351409,20,0.396291,0.352039,0.436629,20,20,0,0
recipe:ambrose_2016,recipe:tang_2017,ripple,0.555996,0.513061,0.600351,20,0.570802,0.539034,0.600475,20,0.540261,0.493423,0.586495,20,0.606233,0.565496,0.645969,20,20,0,0
recipe:ambrose_2016,recipe:tirole_2022,network,0.0465567,-0.0121252,0.105843,20,0.0130574,-0.0332716,0.0590298,20,0.0465567,-0.0121252,0.105843,20,0.0130574,-0.0332716,0.0590298,20,20,0,0
recipe:ambrose_2016,recipe:widloski_2025,ripple,0.199381,0.146036,0.251585,20,0.172024,0.0989442,0.238032,20,0.175232,0.113034,0.236106,20,0.177885,0.0995471,0.257346,20,20,0,0
recipe:ambrose_2016,recipe:widloski_2025_bursts,network,-0.0201398,-0.0731718,0.0356447,20,0.0393451,-0.0385052,0.120881,20,-0.0201398,-0.0731718,0.0356447,20,0.0393451,-0.0385052,0.120881,20,20,0,0
recipe:ambrose_2016,recipe:wikenheiser_2013,ripple,0.207403,0.154573,0.260841,20,0.181659,0.115314,0.246182,20,0.192284,0.1387,0.247667,20,0.204316,0.137173,0.265427,20,20,0,0
recipe:ambrose_2016,recipe:wu_2014,network,-0.00436224,-0.0607177,0.0522573,20,-0.00496868,-0.0619539,0.0515814,20,-0.00436224,-0.0607177,0.0522573,20,-0.00496868,-0.0619539,0.0515814,20,20,0,0
recipe:ambrose_2016,recipe:wu_2017,network,0.0780338,0.0146013,0.142292,20,0.157934,0.0795708,0.234614,20,0.0780338,0.0146013,0.142292,20,0.157934,0.0795708,0.234614,20,20,0,0
recipe:ambrose_2016,recipe:xu_2019,network,-0.0226288,-0.070797,0.0246255,20,-0.014836,-0.0603845,0.0300355,20,-0.0226288,-0.070797,0.0246255,20,-0.014836,-0.0603845,0.0300355,20,20,0,0
recipe:ambrose_2016,recipe:yamamoto_2017,network,0.142709,0.0595639,0.220684,20,0.236543,0.183798,0.288806,20,0.142709,0.0595639,0.220684,20,0.236543,0.183798,0.288806,20,20,0,0
recipe:ambrose_2016,recipe:yang_2024,network,-0.0568365,-0.10376,-0.0119742,20,-0.0283022,-0.0940961,0.0367697,20,-0.0568365,-0.10376,-0.0119742,20,-0.0283022,-0.0940961,0.0367697,20,20,0,0
recipe:bendor_2012,recipe:berners_lee_2021,network,0.12098,0.0583734,0.181366,20,0.252761,0.201612,0.309982,20,0.12098,0.0583734,0.181366,20,0.252761,0.201612,0.309982,20,20,0,0
recipe:bendor_2012,recipe:berners_lee_2022,burst,0.51204,0.456294,0.568911,20,0.556506,0.495077,0.611564,20,0.495194,0.442408,0.547784,20,0.542045,0.488699,0.59359,20,20,0,0
recipe:bendor_2012,recipe:bhattarai_2020,network,0.159845,0.0907421,0.227502,20,0.179662,0.106701,0.255046,20,0.159845,0.0907421,0.227502,20,0.179662,0.106701,0.255046,20,20,0,0
recipe:bendor_2012,recipe:bhattarai_2020_ripples,network,0.315576,0.240763,0.388148,20,0.391888,0.34717,0.430531,20,0.315576,0.240763,0.388148,20,0.391888,0.34717,0.430531,20,20,0,0
recipe:bendor_2012,recipe:bush_2022,burst,0.340394,0.2859,0.400321,20,0.37081,0.294325,0.4488,20,0.431668,0.377828,0.481497,20,0.393611,0.314712,0.4692,20,20,0,0
recipe:bendor_2012,recipe:carey_2019,network,0.91075,0.891282,0.927971,20,0.922552,0.906426,0.93798,20,0.91075,0.891282,0.927971,20,0.922552,0.906426,0.93798,20,20,0,0
recipe:bendor_2012,recipe:carr_2012,network,0.245281,0.174634,0.310426,20,0.262107,0.217863,0.307977,20,0.245281,0.174634,0.310426,20,0.262107,0.217863,0.307977,20,20,0,0
recipe:bendor_2012,recipe:chenani_2019,burst,0.353159,0.298483,0.409902,20,0.355897,0.288049,0.418441,20,0.430291,0.379413,0.482299,20,0.371439,0.290805,0.442211,20,20,0,0
recipe:bendor_2012,recipe:davidson_2009,burst,0.441801,0.379411,0.501298,20,0.440523,0.375281,0.490017,20,0.404552,0.340135,0.461715,20,0.429615,0.372406,0.476845,20,20,0,0
recipe:bendor_2012,recipe:denovellis_2021,network,0.31791,0.26495,0.369385,20,0.317604,0.268202,0.365588,20,0.31791,0.26495,0.369385,20,0.317604,0.268202,0.365588,20,20,0,0
recipe:bendor_2012,recipe:denovellis_2021_mua,burst,0.428963,0.366355,0.490399,20,0.434274,0.376291,0.48203,20,0.391135,0.330051,0.445935,20,0.421701,0.36763,0.469595,20,20,0,0
recipe:bendor_2012,recipe:diba_2007,burst,0.144325,0.0461466,0.245834,20,0.112368,0.0394869,0.182794,20,0.190276,0.0842627,0.306844,20,0.162743,0.0835141,0.238162,20,20,0,0
recipe:bendor_2012,recipe:drieu_2018,burst,0.303331,0.244202,0.358745,20,0.302195,0.249425,0.353442,20,0.376113,0.306866,0.437257,20,0.332321,0.271475,0.389525,20,20,0,0
recipe:bendor_2012,recipe:farooq_2019_neuron,burst,0.413949,0.325444,0.502301,20,0.501464,0.395317,0.579508,20,0.530206,0.44042,0.606605,20,0.541769,0.437876,0.612166,20,20,0,0
recipe:bendor_2012,recipe:farooq_2019_science,burst,0.408809,0.316293,0.498467,20,0.499708,0.393599,0.577829,20,0.526683,0.431691,0.604965,20,0.541123,0.438182,0.611278,20,20,0,0
recipe:bendor_2012,recipe:farooq_2019_science_awake,burst,0.408809,0.316293,0.498467,20,0.499708,0.393599,0.577829,20,0.526683,0.431691,0.604965,20,0.541123,0.438182,0.611278,20,20,0,0
recipe:bendor_2012,recipe:foster_2006,burst,0.0949657,-0.0769311,0.245376,20,0.149681,0.0141791,0.281246,20,0.246594,0.119355,0.363509,20,0.143448,-0.00792958,0.282998,20,20,0,0
recipe:bendor_2012,recipe:foster_2006_ripples,network,0.23737,0.0575003,0.396315,20,0.428338,0.255115,0.585301,20,0.23737,0.0575003,0.396315,20,0.428338,0.255115,0.585301,20,20,0,0
recipe:bendor_2012,recipe:gillespie_2021,network,0.304751,0.252659,0.356582,20,0.336073,0.285216,0.383788,20,0.304751,0.252659,0.356582,20,0.336073,0.285216,0.383788,20,20,0,0
recipe:bendor_2012,recipe:gillespie_2021_mua,burst,0.435578,0.373332,0.497811,20,0.446533,0.387464,0.495383,20,0.396045,0.334467,0.453331,20,0.43456,0.381386,0.481455,20,20,0,0
recipe:bendor_2012,recipe:gridchyn_2020,burst,0.703113,0.660719,0.746093,20,0.688496,0.650799,0.726709,20,0.713262,0.682384,0.747769,20,0.681293,0.645464,0.719096,20,20,0,0
recipe:bendor_2012,recipe:grosmark_2016,network,0.352088,0.266815,0.431676,20,0.275049,0.208256,0.343017,20,0.352088,0.266815,0.431676,20,0.275049,0.208256,0.343017,20,20,0,0
recipe:bendor_2012,recipe:gupta_2010,network,0.30632,0.256018,0.358836,20,0.308539,0.254155,0.364606,20,0.30632,0.256018,0.358836,20,0.308539,0.254155,0.364606,20,20,0,0
recipe:bendor_2012,recipe:harvey_2023_code,network,0.37498,0.314079,0.435961,20,0.452302,0.40305,0.499459,20,0.37498,0.314079,0.435961,20,0.452302,0.40305,0.499459,20,20,0,0
recipe:bendor_2012,recipe:harvey_2023_no_radiatum,network,0.211454,0.147364,0.277454,20,0.219518,0.172189,0.270685,20,0.211454,0.147364,0.277454,20,0.219518,0.172189,0.270685,20,20,0,0
recipe:bendor_2012,recipe:harvey_2023_text,network,0.415416,0.342986,0.474869,20,0.384959,0.337293,0.432309,20,0.415416,0.342986,0.474869,20,0.384959,0.337293,0.432309,20,20,0,0
recipe:bendor_2012,recipe:huelin_gorriz_2023,network,0.392938,0.326275,0.456273,20,0.427253,0.350547,0.493515,20,0.392938,0.326275,0.456273,20,0.427253,0.350547,0.493515,20,20,0,0
recipe:bendor_2012,recipe:igata_2021,burst,0.435621,0.373664,0.497901,20,0.446431,0.387424,0.495105,20,0.395835,0.334285,0.452713,20,0.43456,0.381467,0.48144,20,20,0,0
recipe:bendor_2012,recipe:igata_2021_ripples,network,0.272715,0.211333,0.335495,20,0.284547,0.239725,0.324341,20,0.272715,0.211333,0.335495,20,0.284547,0.239725,0.324341,20,20,0,0
recipe:bendor_2012,recipe:jadhav_2016,network,0.198804,0.115651,0.275328,20,0.276979,0.220587,0.337247,20,0.198804,0.115651,0.275328,20,0.276979,0.220587,0.337247,20,20,0,0
recipe:bendor_2012,recipe:ji_2007,burst,0.861693,0.832497,0.886827,20,0.8927,0.878343,0.906318,20,0.859084,0.833311,0.881363,20,0.887443,0.87288,0.900764,20,20,0,0
recipe:bendor_2012,recipe:ji_2007_ripples,network,,,,0,,,,0,,,,0,,,,0,20,0,0
recipe:bendor_2012,recipe:kaefer_2020,network,0.5,0.5,0.5,1,0.5,0.5,0.5,1,0.5,0.5,0.5,1,0.5,0.5,0.5,1,20,0,0
recipe:bendor_2012,recipe:karlsson_2009,network,0.245281,0.174634,0.310426,20,0.262107,0.217863,0.307977,20,0.245281,0.174634,0.310426,20,0.262107,0.217863,0.307977,20,20,0,0
recipe:bendor_2012,recipe:krause_2022,network,0.266007,0.211599,0.322578,20,0.352753,0.288726,0.411797,20,0.266007,0.211599,0.322578,20,0.352753,0.288726,0.411797,20,20,0,0
recipe:bendor_2012,recipe:krause_2022_hse,burst,0.357956,0.314074,0.402042,20,0.354083,0.304313,0.401925,20,0.325167,0.26872,0.377858,20,0.340135,0.290148,0.389049,20,20,0,0
recipe:bendor_2012,recipe:kudrimoti_1999,network,0.577778,0.249904,0.84447,9,0.388889,0.0571429,0.655667,9,0.577778,0.249904,0.84447,9,0.388889,0.0571429,0.655667,9,20,0,0
recipe:bendor_2012,recipe:lee_2002,burst,0.0854889,0.0342064,0.134067,20,0.129249,0.0647164,0.193935,20,0.108042,0.0586257,0.155724,20,0.117292,0.0508615,0.187377,20,20,0,0
recipe:bendor_2012,recipe:lee_2002_ripples,network,0.23737,0.0575003,0.396315,20,0.428338,0.255115,0.585301,20,0.23737,0.0575003,0.396315,20,0.428338,0.255115,0.585301,20,20,0,0
recipe:bendor_2012,recipe:liu_2019,burst,0.045709,-0.0107076,0.101153,20,0.092881,0.0346605,0.149883,20,0.0801862,0.0376868,0.122439,20,0.0948973,0.0277728,0.16106,20,20,0,0
recipe:bendor_2012,recipe:liu_2019_awake,burst,0.045709,-0.0107076,0.101153,20,0.092881,0.0346605,0.149883,20,0.0801862,0.0376868,0.122439,20,0.0948973,0.0277728,0.16106,20,20,0,0
recipe:bendor_2012,recipe:liu_2023,network,0.391615,0.322398,0.458097,20,0.332176,0.255778,0.40266,20,0.391615,0.322398,0.458097,20,0.332176,0.255778,0.40266,20,20,0,0
recipe:bendor_2012,recipe:maboudi_2018,burst,0.3486,0.302509,0.396658,20,0.344385,0.287407,0.398,20,0.320895,0.264293,0.373546,20,0.331464,0.27785,0.384547,20,20,0,0
recipe:bendor_2012,recipe:maboudi_2018_open_field,burst,0.322894,0.268332,0.381587,20,0.366471,0.305551,0.425815,20,0.396758,0.335394,0.451849,20,0.373626,0.309604,0.435869,20,20,0,0
recipe:bendor_2012,recipe:mallory_2025,burst,0.273598,0.215065,0.325844,20,0.293355,0.242049,0.35189,20,0.334617,0.265337,0.39668,20,0.295062,0.234443,0.3581,20,20,0,0
recipe:bendor_2012,recipe:mallory_2025_ripples,network,0.153302,0.0797522,0.220092,20,0.211263,0.159567,0.267733,20,0.153302,0.0797522,0.220092,20,0.211263,0.159567,0.267733,20,20,0,0
recipe:bendor_2012,recipe:michon_2019,network,0.599602,0.516965,0.682784,20,0.598587,0.540227,0.658097,20,0.599602,0.516965,0.682784,20,0.598587,0.540227,0.658097,20,20,0,0
recipe:bendor_2012,recipe:michon_2021,network,0.599602,0.516965,0.682784,20,0.598587,0.540227,0.658097,20,0.599602,0.516965,0.682784,20,0.598587,0.540227,0.658097,20,20,0,0
recipe:bendor_2012,recipe:mou_2022,burst,0.270507,0.215723,0.327556,20,0.243132,0.183498,0.297248,20,0.245232,0.190031,0.300801,20,0.223268,0.168912,0.275269,20,20,0,0
recipe:bendor_2012,recipe:muessig_2019,network,0.488122,0.378145,0.589567,20,0.500425,0.394575,0.60122,20,0.488122,0.378145,0.589567,20,0.500425,0.394575,0.60122,20,20,0,0
recipe:bendor_2012,recipe:muessig_2019_ripples,network,0.354146,0.292742,0.41554,20,0.447749,0.407519,0.486121,20,0.354146,0.292742,0.41554,20,0.447749,0.407519,0.486121,20,20,0,0
recipe:bendor_2012,recipe:nadasdy_1999,network,0.356616,0.286369,0.427313,20,0.343708,0.298991,0.386285,20,0.356616,0.286369,0.427313,20,0.343708,0.298991,0.386285,20,20,0,0
recipe:bendor_2012,recipe:olafsdottir_2015,burst,0.248259,0.182089,0.31543,20,0.196755,0.118502,0.268506,20,0.321542,0.245654,0.391675,20,0.216723,0.129455,0.293295,20,20,0,0
recipe:bendor_2012,recipe:olafsdottir_2015.bayesian_candidates,burst,0.240946,0.16817,0.312421,20,0.188297,0.110737,0.26017,20,0.323904,0.244851,0.394223,20,0.212899,0.129251,0.286692,20,20,0,0
recipe:bendor_2012,recipe:olafsdottir_2016,burst,0.3198,0.249008,0.390174,20,0.427161,0.384657,0.47397,20,0.44038,0.380463,0.497134,20,0.460925,0.421334,0.502348,20,20,0,0
recipe:bendor_2012,recipe:olafsdottir_2017,burst,0.309849,0.243882,0.37222,20,0.450071,0.407886,0.495091,20,0.399867,0.336739,0.464391,20,0.474165,0.432718,0.515519,20,20,0,0
recipe:bendor_2012,recipe:olafsdottir_2017.trajectory,burst,0.3198,0.249008,0.390174,20,0.427161,0.384657,0.47397,20,0.44038,0.380463,0.497134,20,0.460925,0.421334,0.502348,20,20,0,0
recipe:bendor_2012,recipe:pfeiffer_2013,burst,0.322894,0.268332,0.381587,20,0.366471,0.305551,0.425815,20,0.396758,0.335394,0.451849,20,0.373626,0.309604,0.435869,20,20,0,0
recipe:bendor_2012,recipe:pfeiffer_2013_ripples,network,0.109033,0.037203,0.170073,20,0.244061,0.187407,0.302583,20,0.109033,0.037203,0.170073,20,0.244061,0.187407,0.302583,20,20,0,0
recipe:bendor_2012,recipe:pfeiffer_2015,network,0.109056,0.037249,0.170073,20,0.244061,0.187407,0.302583,20,0.109056,0.037249,0.170073,20,0.244061,0.187407,0.302583,20,20,0,0
recipe:bendor_2012,recipe:shin_2019,network,0.245281,0.174634,0.310426,20,0.262107,0.217863,0.307977,20,0.245281,0.174634,0.310426,20,0.262107,0.217863,0.307977,20,20,0,0
recipe:bendor_2012,recipe:silva_2015,burst,0.316192,0.262046,0.37121,20,0.320537,0.260747,0.379075,20,0.379007,0.312748,0.440267,20,0.335465,0.265637,0.398108,20,20,0,0
recipe:bendor_2012,recipe:stella_2019,network,0.412407,0.350936,0.471648,20,0.418184,0.377063,0.45546,20,0.412407,0.350936,0.471648,20,0.418184,0.377063,0.45546,20,20,0,0
recipe:bendor_2012,recipe:tang_2017,network,0.245281,0.174634,0.310426,20,0.262107,0.217863,0.307977,20,0.245281,0.174634,0.310426,20,0.262107,0.217863,0.307977,20,20,0,0
recipe:bendor_2012,recipe:tirole_2022,network,0.392938,0.326275,0.456273,20,0.427253,0.350547,0.493515,20,0.392938,0.326275,0.456273,20,0.427253,0.350547,0.493515,20,20,0,0
recipe:bendor_2012,recipe:widloski_2025,network,0.0773259,-0.00247135,0.151754,20,0.0781153,0.0206354,0.133558,20,0.0773259,-0.00247135,0.151754,20,0.0781153,0.0206354,0.133558,20,20,0,0
recipe:bendor_2012,recipe:widloski_2025_bursts,burst,0.185376,0.12676,0.246022,20,0.223848,0.167402,0.274931,20,0.182805,0.117597,0.248649,20,0.207441,0.149839,0.259827,20,20,0,0
recipe:bendor_2012,recipe:wikenheiser_2013,network,0.0424441,-0.0053661,0.0897491,20,0.101978,0.0495923,0.155667,20,0.0424441,-0.0053661,0.0897491,20,0.101978,0.0495923,0.155667,20,20,0,0
recipe:bendor_2012,recipe:wu_2014,burst,0.234272,0.181976,0.289345,20,0.19527,0.132233,0.256406,20,0.290265,0.228156,0.350544,20,0.205702,0.13468,0.270542,20,20,0,0
recipe:bendor_2012,recipe:wu_2017,burst,0.614629,0.544881,0.679614,20,0.62532,0.57021,0.681284,20,0.657041,0.597588,0.710187,20,0.628682,0.574046,0.677938,20,20,0,0
recipe:bendor_2012,recipe:xu_2019,burst,0.230773,0.182797,0.281987,20,0.242528,0.179652,0.308887,20,0.291428,0.224237,0.352211,20,0.248738,0.177152,0.320822,20,20,0,0
recipe:bendor_2012,recipe:yamamoto_2017,network,0.577942,0.52902,0.624353,20,0.583075,0.544322,0.62205,20,0.577942,0.52902,0.624353,20,0.583075,0.544322,0.62205,20,20,0,0
recipe:bendor_2012,recipe:yang_2024,network,0.352088,0.266815,0.431676,20,0.275049,0.208256,0.343017,20,0.352088,0.266815,0.431676,20,0.275049,0.208256,0.343017,20,20,0,0
recipe:berners_lee_2021,recipe:berners_lee_2022,network,0.0859393,0.0236417,0.147217,20,0.105959,0.0520274,0.161025,20,0.0859393,0.0236417,0.147217,20,0.105959,0.0520274,0.161025,20,20,0,0
recipe:berners_lee_2021,recipe:bhattarai_2020,network,0.0204625,-0.0284337,0.0713566,20,0.104319,0.0256467,0.191446,20,0.0204625,-0.0284337,0.0713566,20,0.104319,0.0256467,0.191446,20,20,0,0
recipe:berners_lee_2021,recipe:bhattarai_2020_ripples,ripple,0.4883,0.447286,0.528805,20,0.47884,0.435882,0.523874,20,0.483925,0.441454,0.528512,20,0.487188,0.439636,0.534072,20,20,0,0
recipe:berners_lee_2021,recipe:bush_2022,network,-0.0409225,-0.0835065,0.00491967,20,0.0284104,-0.0277309,0.080994,20,-0.0409225,-0.0835065,0.00491967,20,0.0284104,-0.0277309,0.080994,20,20,0,0
recipe:berners_lee_2021,recipe:carey_2019,network,0.154271,0.114327,0.196852,20,0.277004,0.233917,0.324058,20,0.154271,0.114327,0.196852,20,0.277004,0.233917,0.324058,20,20,0,0
recipe:berners_lee_2021,recipe:carr_2012,ripple,0.509265,0.465937,0.551481,20,0.553669,0.507209,0.592951,20,0.509516,0.463904,0.557148,20,0.585835,0.538713,0.629921,20,20,0,0
recipe:berners_lee_2021,recipe:chenani_2019,network,0.00545635,-0.0362095,0.0445195,20,0.0235983,-0.0212378,0.0666508,20,0.00545635,-0.0362095,0.0445195,20,0.0235983,-0.0212378,0.0666508,20,20,0,0
recipe:berners_lee_2021,recipe:davidson_2009,network,0.0540221,0.00761285,0.102487,20,0.0527013,-0.00263654,0.109405,20,0.0540221,0.00761285,0.102487,20,0.0527013,-0.00263654,0.109405,20,20,0,0
recipe:berners_lee_2021,recipe:denovellis_2021,ripple,0.4888,0.446381,0.529853,20,0.538396,0.492257,0.584671,20,0.494604,0.451764,0.536989,20,0.585666,0.545122,0.625751,20,20,0,0
recipe:berners_lee_2021,recipe:denovellis_2021_mua,network,0.0733055,0.0247809,0.12059,20,0.0623779,0.0195833,0.105675,20,0.0733055,0.0247809,0.12059,20,0.0623779,0.0195833,0.105675,20,20,0,0
recipe:berners_lee_2021,recipe:diba_2007,network,-0.0542543,-0.162144,0.0382903,20,0.114956,0.000504674,0.224399,20,-0.0542543,-0.162144,0.0382903,20,0.114956,0.000504674,0.224399,20,20,0,0
recipe:berners_lee_2021,recipe:drieu_2018,network,-0.00915364,-0.0554853,0.0318827,20,0.0360919,-0.0103228,0.0822217,20,-0.00915364,-0.0554853,0.0318827,20,0.0360919,-0.0103228,0.0822217,20,20,0,0
recipe:berners_lee_2021,recipe:farooq_2019_neuron,network,-0.00949967,-0.100721,0.0775972,20,0.0771825,-0.0290873,0.168435,20,-0.00949967,-0.100721,0.0775972,20,0.0771825,-0.0290873,0.168435,20,20,0,0
recipe:berners_lee_2021,recipe:farooq_2019_science,network,-0.00690356,-0.0978033,0.0831864,20,0.0730345,-0.0318845,0.165038,20,-0.00690356,-0.0978033,0.0831864,20,0.0730345,-0.0318845,0.165038,20,20,0,0
recipe:berners_lee_2021,recipe:farooq_2019_science_awake,network,-0.00690356,-0.0978033,0.0831864,20,0.0730345,-0.0318845,0.165038,20,-0.00690356,-0.0978033,0.0831864,20,0.0730345,-0.0318845,0.165038,20,20,0,0
recipe:berners_lee_2021,recipe:foster_2006,network,0.00439818,-0.135083,0.157615,20,0.127122,-0.0179271,0.283839,20,0.00439818,-0.135083,0.157615,20,0.127122,-0.0179271,0.283839,20,20,0,0
recipe:berners_lee_2021,recipe:foster_2006_ripples,ripple,0.0296878,-0.148121,0.208909,20,0.271469,0.0912759,0.433854,20,0.23199,0.0549767,0.399295,20,0.340154,0.201835,0.481334,20,20,0,0
recipe:berners_lee_2021,recipe:gillespie_2021,ripple,0.515922,0.489498,0.54361,20,0.524972,0.472987,0.572748,20,0.509406,0.474228,0.545033,20,0.586549,0.543571,0.628292,20,20,0,0
recipe:berners_lee_2021,recipe:gillespie_2021_mua,network,0.0501991,-0.00266307,0.103941,20,0.0579251,0.00565257,0.113227,20,0.0501991,-0.00266307,0.103941,20,0.0579251,0.00565257,0.113227,20,20,0,0
recipe:berners_lee_2021,recipe:gridchyn_2020,network,0.0595977,0.00393873,0.113343,20,0.222354,0.168038,0.283894,20,0.0595977,0.00393873,0.113343,20,0.222354,0.168038,0.283894,20,20,0,0
recipe:berners_lee_2021,recipe:grosmark_2016,network,-0.0255592,-0.0888242,0.0361484,20,-0.026644,-0.0899412,0.037836,20,-0.0255592,-0.0888242,0.0361484,20,-0.026644,-0.0899412,0.037836,20,20,0,0
recipe:berners_lee_2021,recipe:gupta_2010,ripple,0.352433,0.297262,0.405338,20,0.299582,0.242515,0.351399,20,0.412657,0.35768,0.470289,20,0.380455,0.321147,0.444495,20,20,0,0
recipe:berners_lee_2021,recipe:harvey_2023_code,ripple,0.136611,0.0860087,0.185871,20,0.168674,0.119519,0.219878,20,0.183391,0.121096,0.240184,20,0.310772,0.260022,0.359658,20,20,0,0
recipe:berners_lee_2021,recipe:harvey_2023_no_radiatum,ripple,0.332853,0.265981,0.399033,20,0.411625,0.372825,0.451266,20,0.330277,0.265645,0.391623,20,0.445619,0.379591,0.501511,20,20,0,0
recipe:berners_lee_2021,recipe:harvey_2023_text,ripple,0.22555,0.16548,0.287365,20,0.281947,0.22875,0.33493,20,0.307045,0.250436,0.361978,20,0.394297,0.349257,0.436013,20,20,0,0
recipe:berners_lee_2021,recipe:huelin_gorriz_2023,network,0.0523528,-0.00955126,0.116691,20,0.0292699,-0.0295725,0.0872482,20,0.0523528,-0.00955126,0.116691,20,0.0292699,-0.0295725,0.0872482,20,20,0,0
recipe:berners_lee_2021,recipe:igata_2021,network,0.0703648,0.0233794,0.11821,20,0.0630474,0.0149819,0.114105,20,0.0703648,0.0233794,0.11821,20,0.0630474,0.0149819,0.114105,20,20,0,0
recipe:berners_lee_2021,recipe:igata_2021_ripples,ripple,0.32383,0.282706,0.366536,20,0.36555,0.302646,0.423333,20,0.449189,0.412517,0.489542,20,0.555192,0.512672,0.597484,20,20,0,0
recipe:berners_lee_2021,recipe:jadhav_2016,ripple,0.536063,0.496544,0.578941,20,0.541731,0.486432,0.587592,20,0.524216,0.477109,0.571965,20,0.524035,0.467974,0.575269,20,20,0,0
recipe:berners_lee_2021,recipe:ji_2007,network,0.108212,0.0472726,0.166347,20,0.213371,0.170429,0.257166,20,0.108212,0.0472726,0.166347,20,0.213371,0.170429,0.257166,20,20,0,0
recipe:berners_lee_2021,recipe:ji_2007_ripples,ripple,,,,0,,,,0,,,,0,,,,0,20,0,0
recipe:berners_lee_2021,recipe:kaefer_2020,ripple,,,,0,,,,0,1,1,1,1,0.5,0.5,0.5,1,20,0,0
recipe:berners_lee_2021,recipe:karlsson_2009,ripple,0.509265,0.465937,0.551481,20,0.553669,0.507209,0.592951,20,0.509516,0.463904,0.557148,20,0.585835,0.538713,0.629921,20,20,0,0
recipe:berners_lee_2021,recipe:krause_2022,network,0.559154,0.531953,0.588072,20,0.650401,0.601749,0.698003,20,0.559154,0.531953,0.588072,20,0.650401,0.601749,0.698003,20,20,0,0
recipe:berners_lee_2021,recipe:krause_2022_hse,network,0.0402599,-0.024915,0.109223,20,0.0773297,0.0244287,0.128462,20,0.0402599,-0.024915,0.109223,20,0.0773297,0.0244287,0.128462,20,20,0,0
recipe:berners_lee_2021,recipe:kudrimoti_1999,ripple,0.08,-0.312545,0.477833,10,0.11,-0.388917,0.555667,10,0.172727,-0.130833,0.490083,11,0.463636,0.136364,0.736364,11,20,0,0
recipe:berners_lee_2021,recipe:lee_2002,network,0.0348584,-0.00773127,0.077789,20,-0.0248031,-0.0641675,0.0200191,20,0.0348584,-0.00773127,0.077789,20,-0.0248031,-0.0641675,0.0200191,20,20,0,0
recipe:berners_lee_2021,recipe:lee_2002_ripples,ripple,0.0296878,-0.148121,0.208909,20,0.271469,0.0912759,0.433854,20,0.23199,0.0549767,0.399295,20,0.340154,0.201835,0.481334,20,20,0,0
recipe:berners_lee_2021,recipe:liu_2019,network,0.0297692,-0.0192563,0.0777252,20,0.00983219,-0.0302389,0.0499305,20,0.0297692,-0.0192563,0.0777252,20,0.00983219,-0.0302389,0.0499305,20,20,0,0
recipe:berners_lee_2021,recipe:liu_2019_awake,network,0.0297692,-0.0192563,0.0777252,20,0.00983219,-0.0302389,0.0499305,20,0.0297692,-0.0192563,0.0777252,20,0.00983219,-0.0302389,0.0499305,20,20,0,0
recipe:berners_lee_2021,recipe:liu_2023,network,-0.0206295,-0.0732058,0.0320796,20,-0.0220005,-0.0747427,0.0279911,20,-0.0206295,-0.0732058,0.0320796,20,-0.0220005,-0.0747427,0.0279911,20,20,0,0
recipe:berners_lee_2021,recipe:maboudi_2018,network,0.0325765,-0.0310146,0.101295,20,0.0693543,0.01167,0.122346,20,0.0325765,-0.0310146,0.101295,20,0.0693543,0.01167,0.122346,20,20,0,0
recipe:berners_lee_2021,recipe:maboudi_2018_open_field,network,0.0128955,-0.0399222,0.0585552,20,0.0349715,-0.0269329,0.0938962,20,0.0128955,-0.0399222,0.0585552,20,0.0349715,-0.0269329,0.0938962,20,20,0,0
recipe:berners_lee_2021,recipe:mallory_2025,network,0.000409957,-0.0577045,0.0556144,20,-0.00830835,-0.0544128,0.0399347,20,0.000409957,-0.0577045,0.0556144,20,-0.00830835,-0.0544128,0.0399347,20,20,0,0
recipe:berners_lee_2021,recipe:mallory_2025_ripples,ripple,0.583146,0.539596,0.623187,20,0.635845,0.607742,0.665725,20,0.56506,0.522544,0.606632,20,0.652026,0.613578,0.688254,20,20,0,0
recipe:berners_lee_2021,recipe:michon_2019,network,0.0753047,0.0176471,0.129907,20,0.0761099,-0.00984269,0.162262,20,0.0753047,0.0176471,0.129907,20,0.0761099,-0.00984269,0.162262,20,20,0,0
recipe:berners_lee_2021,recipe:michon_2021,network,0.0753047,0.0176471,0.129907,20,0.0761099,-0.00984269,0.162262,20,0.0753047,0.0176471,0.129907,20,0.0761099,-0.00984269,0.162262,20,20,0,0
recipe:berners_lee_2021,recipe:mou_2022,network,0.0429614,-0.0209168,0.104099,20,0.0203255,-0.028421,0.0716828,20,0.0429614,-0.0209168,0.104099,20,0.0203255,-0.028421,0.0716828,20,20,0,0
recipe:berners_lee_2021,recipe:muessig_2019,network,-0.0616923,-0.214913,0.0862289,20,-0.00566659,-0.151227,0.131257,20,-0.0616923,-0.214913,0.0862289,20,-0.00566659,-0.151227,0.131257,20,20,0,0
recipe:berners_lee_2021,recipe:muessig_2019_ripples,ripple,0.200107,0.1559,0.244684,20,0.148935,0.12003,0.180414,20,0.238598,0.203352,0.276998,20,0.274612,0.230452,0.322155,20,20,0,0
recipe:berners_lee_2021,recipe:nadasdy_1999,ripple,0.268354,0.208304,0.325104,20,0.302206,0.239924,0.361886,20,0.34391,0.298407,0.389528,20,0.407444,0.342472,0.473486,20,20,0,0
recipe:berners_lee_2021,recipe:olafsdottir_2015,network,0.0207706,-0.0332419,0.0724928,20,0.0132285,-0.0562648,0.0823009,20,0.0207706,-0.0332419,0.0724928,20,0.0132285,-0.0562648,0.0823009,20,20,0,0
recipe:berners_lee_2021,recipe:olafsdottir_2015.bayesian_candidates,network,0.0258933,-0.0259332,0.0769614,20,0.0057931,-0.0721252,0.0842936,20,0.0258933,-0.0259332,0.0769614,20,0.0057931,-0.0721252,0.0842936,20,20,0,0
recipe:berners_lee_2021,recipe:olafsdottir_2016,network,0.0345356,-0.0183401,0.0908154,20,0.102504,0.0533072,0.15261,20,0.0345356,-0.0183401,0.0908154,20,0.102504,0.0533072,0.15261,20,20,0,0
recipe:berners_lee_2021,recipe:olafsdottir_2017,network,0.00641571,-0.0502959,0.0589029,20,0.137299,0.0902996,0.185796,20,0.00641571,-0.0502959,0.0589029,20,0.137299,0.0902996,0.185796,20,20,0,0
recipe:berners_lee_2021,recipe:olafsdottir_2017.trajectory,network,0.0345356,-0.0183401,0.0908154,20,0.102504,0.0533072,0.15261,20,0.0345356,-0.0183401,0.0908154,20,0.102504,0.0533072,0.15261,20,20,0,0
recipe:berners_lee_2021,recipe:pfeiffer_2013,network,0.0128955,-0.0399222,0.0585552,20,0.0349715,-0.0269329,0.0938962,20,0.0128955,-0.0399222,0.0585552,20,0.0349715,-0.0269329,0.0938962,20,20,0,0
recipe:berners_lee_2021,recipe:pfeiffer_2013_ripples,ripple,0.857576,0.836484,0.879407,20,0.859467,0.829688,0.885505,20,0.836882,0.801919,0.870493,20,0.864378,0.835066,0.887928,20,20,0,0
recipe:berners_lee_2021,recipe:pfeiffer_2015,ripple,0.857576,0.836484,0.879407,20,0.859467,0.829688,0.885505,20,0.83687,0.801908,0.870493,20,0.864378,0.835066,0.887928,20,20,0,0
recipe:berners_lee_2021,recipe:shin_2019,ripple,0.509265,0.465937,0.551481,20,0.553669,0.507209,0.592951,20,0.509516,0.463904,0.557148,20,0.585835,0.538713,0.629921,20,20,0,0
recipe:berners_lee_2021,recipe:silva_2015,network,-0.00923281,-0.0720642,0.0453514,20,0.0355518,-0.0128232,0.0816113,20,-0.00923281,-0.0720642,0.0453514,20,0.0355518,-0.0128232,0.0816113,20,20,0,0
recipe:berners_lee_2021,recipe:stella_2019,ripple,0.25187,0.185374,0.318993,20,0.256506,0.21238,0.301166,20,0.324989,0.273678,0.37807,20,0.380339,0.330491,0.427948,20,20,0,0
recipe:berners_lee_2021,recipe:tang_2017,ripple,0.509265,0.465937,0.551481,20,0.553669,0.507209,0.592951,20,0.509516,0.463904,0.557148,20,0.585835,0.538713,0.629921,20,20,0,0
recipe:berners_lee_2021,recipe:tirole_2022,network,0.0523528,-0.00955126,0.116691,20,0.0292699,-0.0295725,0.0872482,20,0.0523528,-0.00955126,0.116691,20,0.0292699,-0.0295725,0.0872482,20,20,0,0
recipe:berners_lee_2021,recipe:widloski_2025,ripple,0.170861,0.108566,0.231066,20,0.156888,0.0792373,0.227,20,0.143885,0.0701927,0.214193,20,0.170985,0.0905619,0.248212,20,20,0,0
recipe:berners_lee_2021,recipe:widloski_2025_bursts,network,-0.0127471,-0.0609696,0.0415396,20,0.0363377,-0.0383139,0.115926,20,-0.0127471,-0.0609696,0.0415396,20,0.0363377,-0.0383139,0.115926,20,20,0,0
recipe:berners_lee_2021,recipe:wikenheiser_2013,ripple,0.215034,0.166228,0.262405,20,0.16068,0.106712,0.214518,20,0.21396,0.157299,0.268387,20,0.18177,0.127228,0.231151,20,20,0,0
recipe:berners_lee_2021,recipe:wu_2014,network,0.0380318,-0.0121297,0.0869724,20,0.00764319,-0.0495377,0.0686595,20,0.0380318,-0.0121297,0.0869724,20,0.00764319,-0.0495377,0.0686595,20,20,0,0
recipe:berners_lee_2021,recipe:wu_2017,network,0.103453,0.0404444,0.166986,20,0.188687,0.116933,0.261485,20,0.103453,0.0404444,0.166986,20,0.188687,0.116933,0.261485,20,20,0,0
recipe:berners_lee_2021,recipe:xu_2019,network,0.006181,-0.0608662,0.0683367,20,-0.00959886,-0.053678,0.0366968,20,0.006181,-0.0608662,0.0683367,20,-0.00959886,-0.053678,0.0366968,20,20,0,0
recipe:berners_lee_2021,recipe:yamamoto_2017,network,0.151726,0.0796457,0.221154,20,0.264492,0.218718,0.314564,20,0.151726,0.0796457,0.221154,20,0.264492,0.218718,0.314564,20,20,0,0
recipe:berners_lee_2021,recipe:yang_2024,network,-0.0255592,-0.0888242,0.0361484,20,-0.026644,-0.0899412,0.037836,20,-0.0255592,-0.0888242,0.0361484,20,-0.026644,-0.0899412,0.037836,20,20,0,0
recipe:berners_lee_2022,recipe:bhattarai_2020,network,0.154689,0.0932827,0.209361,20,0.0594302,-0.0377645,0.153094,20,0.154689,0.0932827,0.209361,20,0.0594302,-0.0377645,0.153094,20,20,0,0
recipe:berners_lee_2022,recipe:bhattarai_2020_ripples,network,0.150033,0.100172,0.19382,20,0.186828,0.118123,0.260087,20,0.150033,0.100172,0.19382,20,0.186828,0.118123,0.260087,20,20,0,0
recipe:berners_lee_2022,recipe:bush_2022,burst,0.268509,0.217671,0.319521,20,0.369512,0.303982,0.434721,20,0.308069,0.25373,0.363597,20,0.411132,0.353529,0.470162,20,20,0,0
recipe:berners_lee_2022,recipe:carey_2019,network,0.554304,0.510425,0.594905,20,0.595347,0.555885,0.636771,20,0.554304,0.510425,0.594905,20,0.595347,0.555885,0.636771,20,20,0,0
recipe:berners_lee_2022,recipe:carr_2012,network,0.101004,0.0454469,0.161663,20,0.0991042,0.0526993,0.152914,20,0.101004,0.0454469,0.161663,20,0.0991042,0.0526993,0.152914,20,20,0,0
recipe:berners_lee_2022,recipe:chenani_2019,burst,0.212112,0.161966,0.266021,20,0.330357,0.261441,0.396541,20,0.28116,0.235951,0.329079,20,0.359908,0.295868,0.422528,20,20,0,0
recipe:berners_lee_2022,recipe:davidson_2009,burst,0.783544,0.741899,0.823691,20,0.77629,0.739215,0.806371,20,0.770846,0.730915,0.809177,20,0.780409,0.747132,0.808876,20,20,0,0
recipe:berners_lee_2022,recipe:denovellis_2021,network,0.157051,0.111091,0.202684,20,0.144184,0.0941533,0.198383,20,0.157051,0.111091,0.202684,20,0.144184,0.0941533,0.198383,20,20,0,0
recipe:berners_lee_2022,recipe:denovellis_2021_mua,burst,0.759518,0.713877,0.80281,20,0.764117,0.724123,0.797338,20,0.750343,0.708227,0.791253,20,0.766476,0.728312,0.798332,20,20,0,0
recipe:berners_lee_2022,recipe:diba_2007,burst,0.141401,0.0637115,0.218877,20,0.0496028,-0.0383033,0.142581,20,0.19324,0.116013,0.27059,20,0.119436,0.0363384,0.203318,20,20,0,0
recipe:berners_lee_2022,recipe:drieu_2018,burst,0.243595,0.197332,0.293196,20,0.250285,0.191623,0.310108,20,0.278948,0.234988,0.330522,20,0.277607,0.224407,0.332805,20,20,0,0
recipe:berners_lee_2022,recipe:farooq_2019_neuron,burst,0.236242,0.164014,0.307571,20,0.358158,0.278338,0.428299,20,0.312413,0.242217,0.381301,20,0.386706,0.310442,0.457002,20,20,0,0
recipe:berners_lee_2022,recipe:farooq_2019_science,burst,0.232257,0.160909,0.302721,20,0.354073,0.275057,0.424211,20,0.310078,0.239692,0.379033,20,0.382762,0.305982,0.453784,20,20,0,0
recipe:berners_lee_2022,recipe:farooq_2019_science_awake,burst,0.232257,0.160909,0.302721,20,0.354073,0.275057,0.424211,20,0.310078,0.239692,0.379033,20,0.382762,0.305982,0.453784,20,20,0,0
recipe:berners_lee_2022,recipe:foster_2006,burst,0.0928246,-0.086863,0.255443,20,0.246776,0.107645,0.368298,20,0.200317,0.0604102,0.326726,20,0.238629,0.126488,0.333431,20,20,0,0
recipe:berners_lee_2022,recipe:foster_2006_ripples,network,0.0654221,-0.135295,0.257159,20,0.172811,0.00253211,0.334895,20,0.0654221,-0.135295,0.257159,20,0.172811,0.00253211,0.334895,20,20,0,0
recipe:berners_lee_2022,recipe:gillespie_2021,network,0.144921,0.0979672,0.189006,20,0.1415,0.0882399,0.193827,20,0.144921,0.0979672,0.189006,20,0.1415,0.0882399,0.193827,20,20,0,0
recipe:berners_lee_2022,recipe:gillespie_2021_mua,burst,0.777725,0.733771,0.816931,20,0.777485,0.737159,0.810633,20,0.766241,0.725214,0.804749,20,0.781717,0.745717,0.813413,20,20,0,0
recipe:berners_lee_2022,recipe:gridchyn_2020,burst,0.542025,0.506256,0.583982,20,0.449526,0.41573,0.481533,20,0.508514,0.469775,0.547075,20,0.442883,0.404676,0.482248,20,20,0,0
recipe:berners_lee_2022,recipe:grosmark_2016,network,0.31705,0.231969,0.399885,20,0.399847,0.330548,0.468717,20,0.31705,0.231969,0.399885,20,0.399847,0.330548,0.468717,20,20,0,0
recipe:berners_lee_2022,recipe:gupta_2010,network,0.152298,0.108525,0.195004,20,0.172175,0.106264,0.237623,20,0.152298,0.108525,0.195004,20,0.172175,0.106264,0.237623,20,20,0,0
recipe:berners_lee_2022,recipe:harvey_2023_code,network,0.168203,0.111945,0.221761,20,0.234111,0.18231,0.282922,20,0.168203,0.111945,0.221761,20,0.234111,0.18231,0.282922,20,20,0,0
recipe:berners_lee_2022,recipe:harvey_2023_no_radiatum,network,0.119861,0.037049,0.192716,20,0.121475,0.0703222,0.17432,20,0.119861,0.037049,0.192716,20,0.121475,0.0703222,0.17432,20,20,0,0
recipe:berners_lee_2022,recipe:harvey_2023_text,network,0.189881,0.128934,0.26104,20,0.22557,0.171066,0.283564,20,0.189881,0.128934,0.26104,20,0.22557,0.171066,0.283564,20,20,0,0
recipe:berners_lee_2022,recipe:huelin_gorriz_2023,network,0.832249,0.793505,0.867664,20,0.812022,0.76504,0.850708,20,0.832249,0.793505,0.867664,20,0.812022,0.76504,0.850708,20,20,0,0
recipe:berners_lee_2022,recipe:igata_2021,burst,0.769219,0.724296,0.810621,20,0.778329,0.739349,0.809389,20,0.756833,0.715657,0.797507,20,0.78183,0.745889,0.81143,20,20,0,0
recipe:berners_lee_2022,recipe:igata_2021_ripples,network,0.119645,0.0571472,0.181605,20,0.119235,0.0860277,0.155323,20,0.119645,0.0571472,0.181605,20,0.119235,0.0860277,0.155323,20,20,0,0
recipe:berners_lee_2022,recipe:jadhav_2016,network,0.0231616,-0.0259568,0.0713517,20,0.108265,0.047219,0.171995,20,0.0231616,-0.0259568,0.0713517,20,0.108265,0.047219,0.171995,20,20,0,0
recipe:berners_lee_2022,recipe:ji_2007,burst,0.517906,0.467755,0.569517,20,0.564215,0.505254,0.621389,20,0.491112,0.440047,0.545726,20,0.551267,0.493822,0.60518,20,20,0,0
recipe:berners_lee_2022,recipe:ji_2007_ripples,network,,,,0,,,,0,,,,0,,,,0,20,0,0
recipe:berners_lee_2022,recipe:kaefer_2020,network,,,,0,,,,0,,,,0,,,,0,20,0,0
recipe:berners_lee_2022,recipe:karlsson_2009,network,0.101004,0.0454469,0.161663,20,0.0991042,0.0526993,0.152914,20,0.101004,0.0454469,0.161663,20,0.0991042,0.0526993,0.152914,20,20,0,0
recipe:berners_lee_2022,recipe:krause_2022,network,0.186622,0.133995,0.236482,20,0.224392,0.16815,0.280356,20,0.186622,0.133995,0.236482,20,0.224392,0.16815,0.280356,20,20,0,0
recipe:berners_lee_2022,recipe:krause_2022_hse,burst,0.610915,0.579834,0.640986,20,0.612054,0.571599,0.648717,20,0.599373,0.560371,0.636369,20,0.608802,0.568252,0.648591,20,20,0,0
recipe:berners_lee_2022,recipe:kudrimoti_1999,network,0.2,-0.285821,0.614286,9,0.233333,-0.216667,0.6875,9,0.2,-0.285821,0.614286,9,0.233333,-0.216667,0.6875,9,20,0,0
recipe:berners_lee_2022,recipe:lee_2002,burst,0.125772,0.0745926,0.17445,20,0.185409,0.135064,0.234255,20,0.13933,0.0921272,0.182847,20,0.189518,0.138002,0.242136,20,20,0,0
recipe:berners_lee_2022,recipe:lee_2002_ripples,network,0.0654221,-0.135295,0.257159,20,0.172811,0.00253211,0.334895,20,0.0654221,-0.135295,0.257159,20,0.172811,0.00253211,0.334895,20,20,0,0
recipe:berners_lee_2022,recipe:liu_2019,burst,0.0329703,-0.0266776,0.0918342,20,0.137149,0.0845762,0.188176,20,0.0501629,-0.0123162,0.105778,20,0.156696,0.104499,0.202669,20,20,0,0
recipe:berners_lee_2022,recipe:liu_2019_awake,burst,0.0329703,-0.0266776,0.0918342,20,0.137149,0.0845762,0.188176,20,0.0501629,-0.0123162,0.105778,20,0.156696,0.104499,0.202669,20,20,0,0
recipe:berners_lee_2022,recipe:liu_2023,network,0.38547,0.342207,0.434069,20,0.434658,0.376467,0.492248,20,0.38547,0.342207,0.434069,20,0.434658,0.376467,0.492248,20,20,0,0
recipe:berners_lee_2022,recipe:maboudi_2018,burst,0.610541,0.576217,0.642539,20,0.605875,0.558602,0.645199,20,0.600276,0.56092,0.638197,20,0.604222,0.558878,0.645217,20,20,0,0
recipe:berners_lee_2022,recipe:maboudi_2018_open_field,burst,0.315676,0.263768,0.368251,20,0.404948,0.355365,0.458819,20,0.336768,0.284296,0.391441,20,0.428348,0.378016,0.48111,20,20,0,0
recipe:berners_lee_2022,recipe:mallory_2025,burst,0.324768,0.284611,0.36923,20,0.387061,0.330151,0.446725,20,0.341052,0.288571,0.397636,20,0.411732,0.356469,0.468464,20,20,0,0
recipe:berners_lee_2022,recipe:mallory_2025_ripples,network,0.0651185,0.000809978,0.127651,20,0.0816689,0.0110167,0.156161,20,0.0651185,0.000809978,0.127651,20,0.0816689,0.0110167,0.156161,20,20,0,0
recipe:berners_lee_2022,recipe:michon_2019,network,0.869812,0.826562,0.908407,20,0.87312,0.833095,0.908915,20,0.869812,0.826562,0.908407,20,0.87312,0.833095,0.908915,20,20,0,0
recipe:berners_lee_2022,recipe:michon_2021,network,0.869812,0.826562,0.908407,20,0.87312,0.833095,0.908915,20,0.869812,0.826562,0.908407,20,0.87312,0.833095,0.908915,20,20,0,0
recipe:berners_lee_2022,recipe:mou_2022,burst,0.480172,0.419461,0.544728,20,0.454685,0.391988,0.517707,20,0.462802,0.399226,0.530935,20,0.441557,0.378939,0.506693,20,20,0,0
recipe:berners_lee_2022,recipe:muessig_2019,network,0.29977,0.17308,0.425433,20,0.243029,0.0775424,0.390314,20,0.29977,0.17308,0.425433,20,0.243029,0.0775424,0.390314,20,20,0,0
recipe:berners_lee_2022,recipe:muessig_2019_ripples,network,0.169194,0.103702,0.229364,20,0.243893,0.203217,0.284444,20,0.169194,0.103702,0.229364,20,0.243893,0.203217,0.284444,20,20,0,0
recipe:berners_lee_2022,recipe:nadasdy_1999,network,0.173466,0.0876828,0.252897,20,0.150976,0.0900746,0.215086,20,0.173466,0.0876828,0.252897,20,0.150976,0.0900746,0.215086,20,20,0,0
recipe:berners_lee_2022,recipe:olafsdottir_2015,burst,0.272065,0.213603,0.336251,20,0.254838,0.181909,0.321218,20,0.285292,0.230767,0.343026,20,0.289828,0.221347,0.351614,20,20,0,0
recipe:berners_lee_2022,recipe:olafsdottir_2015.bayesian_candidates,burst,0.249513,0.17963,0.318679,20,0.241826,0.175796,0.303267,20,0.271821,0.211496,0.328771,20,0.277776,0.214844,0.334994,20,20,0,0
recipe:berners_lee_2022,recipe:olafsdottir_2016,burst,0.168202,0.123154,0.216812,20,0.246303,0.19133,0.304432,20,0.250929,0.194725,0.307879,20,0.276246,0.221489,0.328416,20,20,0,0
recipe:berners_lee_2022,recipe:olafsdottir_2017,burst,0.161245,0.117985,0.204881,20,0.26486,0.211501,0.327839,20,0.212629,0.1661,0.260212,20,0.279026,0.223933,0.334531,20,20,0,0
recipe:berners_lee_2022,recipe:olafsdottir_2017.trajectory,burst,0.168202,0.123154,0.216812,20,0.246303,0.19133,0.304432,20,0.250929,0.194725,0.307879,20,0.276246,0.221489,0.328416,20,20,0,0
recipe:berners_lee_2022,recipe:pfeiffer_2013,burst,0.315676,0.263768,0.368251,20,0.404948,0.355365,0.458819,20,0.336768,0.284296,0.391441,20,0.428348,0.378016,0.48111,20,20,0,0
recipe:berners_lee_2022,recipe:pfeiffer_2013_ripples,network,0.0628792,-0.00341533,0.128626,20,0.109229,0.0510823,0.162049,20,0.0628792,-0.00341533,0.128626,20,0.109229,0.0510823,0.162049,20,20,0,0
recipe:berners_lee_2022,recipe:pfeiffer_2015,network,0.0628661,-0.00344103,0.128614,20,0.109229,0.0510823,0.162049,20,0.0628661,-0.00344103,0.128614,20,0.109229,0.0510823,0.162049,20,20,0,0
recipe:berners_lee_2022,recipe:shin_2019,network,0.101004,0.0454469,0.161663,20,0.0991042,0.0526993,0.152914,20,0.101004,0.0454469,0.161663,20,0.0991042,0.0526993,0.152914,20,20,0,0
recipe:berners_lee_2022,recipe:silva_2015,burst,0.3564,0.321289,0.391266,20,0.382612,0.323736,0.439536,20,0.381914,0.340681,0.424354,20,0.423995,0.370469,0.475305,20,20,0,0
recipe:berners_lee_2022,recipe:stella_2019,network,0.170808,0.116917,0.226413,20,0.215689,0.176703,0.256833,20,0.170808,0.116917,0.226413,20,0.215689,0.176703,0.256833,20,20,0,0
recipe:berners_lee_2022,recipe:tang_2017,network,0.101004,0.0454469,0.161663,20,0.0991042,0.0526993,0.152914,20,0.101004,0.0454469,0.161663,20,0.0991042,0.0526993,0.152914,20,20,0,0
recipe:berners_lee_2022,recipe:tirole_2022,network,0.832249,0.793505,0.867664,20,0.812022,0.76504,0.850708,20,0.832249,0.793505,0.867664,20,0.812022,0.76504,0.850708,20,20,0,0
recipe:berners_lee_2022,recipe:widloski_2025,network,0.0471708,-0.0356723,0.132476,20,0.0413867,-0.0287182,0.126598,20,0.0471708,-0.0356723,0.132476,20,0.0413867,-0.0287182,0.126598,20,20,0,0
recipe:berners_lee_2022,recipe:widloski_2025_bursts,burst,0.142981,0.0824323,0.202009,20,0.225309,0.161912,0.28654,20,0.121085,0.0668936,0.172009,20,0.2138,0.155033,0.272233,20,20,0,0
recipe:berners_lee_2022,recipe:wikenheiser_2013,network,0.0114029,-0.0370845,0.0574793,20,0.0591856,-0.0086209,0.129056,20,0.0114029,-0.0370845,0.0574793,20,0.0591856,-0.0086209,0.129056,20,20,0,0
recipe:berners_lee_2022,recipe:wu_2014,burst,0.250898,0.191241,0.307704,20,0.264404,0.209106,0.321938,20,0.272613,0.224393,0.321515,20,0.283234,0.23361,0.332612,20,20,0,0
recipe:berners_lee_2022,recipe:wu_2017,burst,0.351683,0.271139,0.419714,20,0.330221,0.283073,0.376025,20,0.35492,0.283204,0.428736,20,0.328102,0.27849,0.375428,20,20,0,0
recipe:berners_lee_2022,recipe:xu_2019,burst,0.301147,0.245531,0.358521,20,0.345211,0.284469,0.404773,20,0.321156,0.258574,0.386197,20,0.373743,0.315776,0.429821,20,20,0,0
recipe:berners_lee_2022,recipe:yamamoto_2017,network,0.274381,0.226542,0.320741,20,0.278862,0.232907,0.320356,20,0.274381,0.226542,0.320741,20,0.278862,0.232907,0.320356,20,20,0,0
recipe:berners_lee_2022,recipe:yang_2024,network,0.31705,0.231969,0.399885,20,0.399847,0.330548,0.468717,20,0.31705,0.231969,0.399885,20,0.399847,0.330548,0.468717,20,20,0,0
recipe:bhattarai_2020,recipe:bhattarai_2020_ripples,network,0.0288649,-0.0389766,0.0964212,20,0.174478,0.0916267,0.256976,20,0.0288649,-0.0389766,0.0964212,20,0.174478,0.0916267,0.256976,20,20,0,0
recipe:bhattarai_2020,recipe:bush_2022,network,0.15289,0.0832977,0.225263,20,0.188672,0.104066,0.275423,20,0.15289,0.0832977,0.225263,20,0.188672,0.104066,0.275423,20,20,0,0
recipe:bhattarai_2020,recipe:carey_2019,network,0.164021,0.0992199,0.224368,20,0.182191,0.123253,0.239193,20,0.164021,0.0992199,0.224368,20,0.182191,0.123253,0.239193,20,20,0,0
recipe:bhattarai_2020,recipe:carr_2012,network,0.0686947,-0.0021161,0.137573,20,0.115486,0.0333686,0.194582,20,0.0686947,-0.0021161,0.137573,20,0.115486,0.0333686,0.194582,20,20,0,0
recipe:bhattarai_2020,recipe:chenani_2019,network,0.249602,0.168702,0.327986,20,0.271958,0.193488,0.346267,20,0.249602,0.168702,0.327986,20,0.271958,0.193488,0.346267,20,20,0,0
recipe:bhattarai_2020,recipe:davidson_2009,network,0.137151,0.0712663,0.200456,20,-0.0130017,-0.0945733,0.074481,20,0.137151,0.0712663,0.200456,20,-0.0130017,-0.0945733,0.074481,20,20,0,0
recipe:bhattarai_2020,recipe:denovellis_2021,network,0.0961452,0.0299473,0.155591,20,0.167798,0.0861871,0.247836,20,0.0961452,0.0299473,0.155591,20,0.167798,0.0861871,0.247836,20,20,0,0
recipe:bhattarai_2020,recipe:denovellis_2021_mua,network,0.12488,0.062424,0.185725,20,0.00647492,-0.0740542,0.0952926,20,0.12488,0.062424,0.185725,20,0.00647492,-0.0740542,0.0952926,20,20,0,0
recipe:bhattarai_2020,recipe:diba_2007,network,1,1,1,20,0.850439,0.816573,0.883101,20,1,1,1,20,0.850439,0.816573,0.883101,20,20,0,0
recipe:bhattarai_2020,recipe:drieu_2018,network,0.251552,0.185936,0.31406,20,0.234728,0.164027,0.304004,20,0.251552,0.185936,0.31406,20,0.234728,0.164027,0.304004,20,20,0,0
recipe:bhattarai_2020,recipe:farooq_2019_neuron,network,0.195104,0.101109,0.286293,20,0.168464,0.0486228,0.281416,20,0.195104,0.101109,0.286293,20,0.168464,0.0486228,0.281416,20,20,0,0
recipe:bhattarai_2020,recipe:farooq_2019_science,network,0.195104,0.101109,0.286293,20,0.168464,0.0486228,0.281416,20,0.195104,0.101109,0.286293,20,0.168464,0.0486228,0.281416,20,20,0,0
recipe:bhattarai_2020,recipe:farooq_2019_science_awake,network,0.195104,0.101109,0.286293,20,0.168464,0.0486228,0.281416,20,0.195104,0.101109,0.286293,20,0.168464,0.0486228,0.281416,20,20,0,0
recipe:bhattarai_2020,recipe:foster_2006,network,0.249698,0.10594,0.38629,20,0.209798,0.0318668,0.366418,20,0.249698,0.10594,0.38629,20,0.209798,0.0318668,0.366418,20,20,0,0
recipe:bhattarai_2020,recipe:foster_2006_ripples,network,0.203419,0.0247632,0.390528,20,0.177478,-0.0297925,0.36786,20,0.203419,0.0247632,0.390528,20,0.177478,-0.0297925,0.36786,20,20,0,0
recipe:bhattarai_2020,recipe:gillespie_2021,network,0.0753293,0.000632315,0.147442,20,0.188104,0.109326,0.268171,20,0.0753293,0.000632315,0.147442,20,0.188104,0.109326,0.268171,20,20,0,0
recipe:bhattarai_2020,recipe:gillespie_2021_mua,network,0.129618,0.0666947,0.190393,20,-0.00468939,-0.0837208,0.0838972,20,0.129618,0.0666947,0.190393,20,-0.00468939,-0.0837208,0.0838972,20,20,0,0
recipe:bhattarai_2020,recipe:gridchyn_2020,network,0.159683,0.108719,0.207549,20,0.153686,0.109817,0.198961,20,0.159683,0.108719,0.207549,20,0.153686,0.109817,0.198961,20,20,0,0
recipe:bhattarai_2020,recipe:grosmark_2016,network,0.25854,0.189942,0.325281,20,0.168792,0.0900714,0.247217,20,0.25854,0.189942,0.325281,20,0.168792,0.0900714,0.247217,20,20,0,0
recipe:bhattarai_2020,recipe:gupta_2010,network,0.0976253,0.0152276,0.171257,20,0.189615,0.0936738,0.282152,20,0.0976253,0.0152276,0.171257,20,0.189615,0.0936738,0.282152,20,20,0,0
recipe:bhattarai_2020,recipe:harvey_2023_code,network,0.0774465,0.00990369,0.141971,20,0.303504,0.218964,0.385213,20,0.0774465,0.00990369,0.141971,20,0.303504,0.218964,0.385213,20,20,0,0
recipe:bhattarai_2020,recipe:harvey_2023_no_radiatum,network,0.0765096,0.00256799,0.148158,20,0.145466,0.074049,0.215803,20,0.0765096,0.00256799,0.148158,20,0.145466,0.074049,0.215803,20,20,0,0
recipe:bhattarai_2020,recipe:harvey_2023_text,network,0.107499,0.0342883,0.183053,20,0.221569,0.127282,0.311353,20,0.107499,0.0342883,0.183053,20,0.221569,0.127282,0.311353,20,20,0,0
recipe:bhattarai_2020,recipe:huelin_gorriz_2023,network,0.132195,0.0638114,0.197503,20,0.0593187,-0.0276945,0.147324,20,0.132195,0.0638114,0.197503,20,0.0593187,-0.0276945,0.147324,20,20,0,0
recipe:bhattarai_2020,recipe:igata_2021,network,0.129938,0.0657673,0.19077,20,-0.000283131,-0.0785775,0.0871933,20,0.129938,0.0657673,0.19077,20,-0.000283131,-0.0785775,0.0871933,20,20,0,0
recipe:bhattarai_2020,recipe:igata_2021_ripples,network,0.0833658,-0.00184524,0.155777,20,0.121575,0.0439074,0.197251,20,0.0833658,-0.00184524,0.155777,20,0.121575,0.0439074,0.197251,20,20,0,0
recipe:bhattarai_2020,recipe:jadhav_2016,network,-0.00834232,-0.0862941,0.065879,20,0.109469,0.0312741,0.186247,20,-0.00834232,-0.0862941,0.065879,20,0.109469,0.0312741,0.186247,20,20,0,0
recipe:bhattarai_2020,recipe:ji_2007,network,0.118411,0.0524477,0.181746,20,0.170812,0.119249,0.227161,20,0.118411,0.0524477,0.181746,20,0.170812,0.119249,0.227161,20,20,0,0
recipe:bhattarai_2020,recipe:ji_2007_ripples,network,,,,0,,,,0,,,,0,,,,0,20,0,0
recipe:bhattarai_2020,recipe:kaefer_2020,network,-0.5,-0.5,-0.5,1,0.5,0.5,0.5,1,-0.5,-0.5,-0.5,1,0.5,0.5,0.5,1,20,0,0
recipe:bhattarai_2020,recipe:karlsson_2009,network,0.0686947,-0.0021161,0.137573,20,0.115486,0.0333686,0.194582,20,0.0686947,-0.0021161,0.137573,20,0.115486,0.0333686,0.194582,20,20,0,0
recipe:bhattarai_2020,recipe:krause_2022,network,0.2059,0.130515,0.278077,20,0.203032,0.125776,0.288131,20,0.2059,0.130515,0.278077,20,0.203032,0.125776,0.288131,20,20,0,0
recipe:bhattarai_2020,recipe:krause_2022_hse,network,0.0859539,0.0207569,0.15218,20,-0.0394546,-0.125449,0.0425326,20,0.0859539,0.0207569,0.15218,20,-0.0394546,-0.125449,0.0425326,20,20,0,0
recipe:bhattarai_2020,recipe:kudrimoti_1999,network,-0.05,-0.5,0.576,4,0.35,-0.5,1,4,-0.05,-0.5,0.576,4,0.35,-0.5,1,4,20,0,0
recipe:bhattarai_2020,recipe:lee_2002,network,0.297162,0.21035,0.379144,20,0.156125,0.0794082,0.239135,20,0.297162,0.21035,0.379144,20,0.156125,0.0794082,0.239135,20,20,0,0
recipe:bhattarai_2020,recipe:lee_2002_ripples,network,0.203419,0.0247632,0.390528,20,0.177478,-0.0297925,0.36786,20,0.203419,0.0247632,0.390528,20,0.177478,-0.0297925,0.36786,20,20,0,0
recipe:bhattarai_2020,recipe:liu_2019,network,0.0934997,-0.00914532,0.199616,20,0.0850577,0.0150116,0.154183,20,0.0934997,-0.00914532,0.199616,20,0.0850577,0.0150116,0.154183,20,20,0,0
recipe:bhattarai_2020,recipe:liu_2019_awake,network,0.0934997,-0.00914532,0.199616,20,0.0850577,0.0150116,0.154183,20,0.0934997,-0.00914532,0.199616,20,0.0850577,0.0150116,0.154183,20,20,0,0
recipe:bhattarai_2020,recipe:liu_2023,network,0.242059,0.168869,0.320647,20,0.245545,0.153813,0.329998,20,0.242059,0.168869,0.320647,20,0.245545,0.153813,0.329998,20,20,0,0
recipe:bhattarai_2020,recipe:maboudi_2018,network,0.0824176,0.0133372,0.15127,20,-0.0314666,-0.120601,0.0536553,20,0.0824176,0.0133372,0.15127,20,-0.0314666,-0.120601,0.0536553,20,20,0,0
recipe:bhattarai_2020,recipe:maboudi_2018_open_field,network,0.21652,0.139761,0.294133,20,0.20128,0.127193,0.275476,20,0.21652,0.139761,0.294133,20,0.20128,0.127193,0.275476,20,20,0,0
recipe:bhattarai_2020,recipe:mallory_2025,network,0.234762,0.175577,0.294627,20,0.175344,0.0945228,0.257766,20,0.234762,0.175577,0.294627,20,0.175344,0.0945228,0.257766,20,20,0,0
recipe:bhattarai_2020,recipe:mallory_2025_ripples,network,0.01635,-0.0577123,0.0874731,20,0.0652825,0.0047949,0.128223,20,0.01635,-0.0577123,0.0874731,20,0.0652825,0.0047949,0.128223,20,20,0,0
recipe:bhattarai_2020,recipe:michon_2019,network,0.150519,0.0641671,0.236716,20,0.0712297,-0.0470827,0.193237,20,0.150519,0.0641671,0.236716,20,0.0712297,-0.0470827,0.193237,20,20,0,0
recipe:bhattarai_2020,recipe:michon_2021,network,0.150519,0.0641671,0.236716,20,0.0712297,-0.0470827,0.193237,20,0.150519,0.0641671,0.236716,20,0.0712297,-0.0470827,0.193237,20,20,0,0
recipe:bhattarai_2020,recipe:mou_2022,network,0.0246123,-0.0550254,0.100182,20,-0.000797436,-0.0615532,0.0596219,20,0.0246123,-0.0550254,0.100182,20,-0.000797436,-0.0615532,0.0596219,20,20,0,0
recipe:bhattarai_2020,recipe:muessig_2019,network,0.102408,-0.0587147,0.261699,20,0.240167,0.115279,0.352515,20,0.102408,-0.0587147,0.261699,20,0.240167,0.115279,0.352515,20,20,0,0
recipe:bhattarai_2020,recipe:muessig_2019_ripples,network,0.0708236,-0.0165689,0.159967,20,0.360729,0.285441,0.434334,20,0.0708236,-0.0165689,0.159967,20,0.360729,0.285441,0.434334,20,20,0,0
recipe:bhattarai_2020,recipe:nadasdy_1999,network,0.0573453,-0.0300222,0.151195,20,0.150964,0.0572542,0.244394,20,0.0573453,-0.0300222,0.151195,20,0.150964,0.0572542,0.244394,20,20,0,0
recipe:bhattarai_2020,recipe:olafsdottir_2015,network,0.277233,0.209047,0.346401,20,0.221588,0.155097,0.282945,20,0.277233,0.209047,0.346401,20,0.221588,0.155097,0.282945,20,20,0,0
recipe:bhattarai_2020,recipe:olafsdottir_2015.bayesian_candidates,network,0.281077,0.204169,0.353586,20,0.242537,0.171832,0.313218,20,0.281077,0.204169,0.353586,20,0.242537,0.171832,0.313218,20,20,0,0
recipe:bhattarai_2020,recipe:olafsdottir_2016,network,0.17734,0.109371,0.242016,20,0.222623,0.139163,0.302036,20,0.17734,0.109371,0.242016,20,0.222623,0.139163,0.302036,20,20,0,0
recipe:bhattarai_2020,recipe:olafsdottir_2017,network,0.151377,0.0923583,0.20991,20,0.232526,0.157269,0.304341,20,0.151377,0.0923583,0.20991,20,0.232526,0.157269,0.304341,20,20,0,0
recipe:bhattarai_2020,recipe:olafsdottir_2017.trajectory,network,0.17734,0.109371,0.242016,20,0.222623,0.139163,0.302036,20,0.17734,0.109371,0.242016,20,0.222623,0.139163,0.302036,20,20,0,0
recipe:bhattarai_2020,recipe:pfeiffer_2013,network,0.21652,0.139761,0.294133,20,0.20128,0.127193,0.275476,20,0.21652,0.139761,0.294133,20,0.20128,0.127193,0.275476,20,20,0,0
recipe:bhattarai_2020,recipe:pfeiffer_2013_ripples,network,0.056274,-0.00892108,0.115917,20,0.100859,0.0235839,0.181732,20,0.056274,-0.00892108,0.115917,20,0.100859,0.0235839,0.181732,20,20,0,0
recipe:bhattarai_2020,recipe:pfeiffer_2015,network,0.056274,-0.00892108,0.115917,20,0.100859,0.0235839,0.181732,20,0.056274,-0.00892108,0.115917,20,0.100859,0.0235839,0.181732,20,20,0,0
recipe:bhattarai_2020,recipe:shin_2019,network,0.0686947,-0.0021161,0.137573,20,0.115486,0.0333686,0.194582,20,0.0686947,-0.0021161,0.137573,20,0.115486,0.0333686,0.194582,20,20,0,0
recipe:bhattarai_2020,recipe:silva_2015,network,0.226166,0.155175,0.294595,20,0.232379,0.155874,0.311705,20,0.226166,0.155175,0.294595,20,0.232379,0.155874,0.311705,20,20,0,0
recipe:bhattarai_2020,recipe:stella_2019,network,0.0745583,-0.00225103,0.149392,20,0.25292,0.159416,0.344827,20,0.0745583,-0.00225103,0.149392,20,0.25292,0.159416,0.344827,20,20,0,0
recipe:bhattarai_2020,recipe:tang_2017,network,0.0686947,-0.0021161,0.137573,20,0.115486,0.0333686,0.194582,20,0.0686947,-0.0021161,0.137573,20,0.115486,0.0333686,0.194582,20,20,0,0
recipe:bhattarai_2020,recipe:tirole_2022,network,0.132195,0.0638114,0.197503,20,0.0593187,-0.0276945,0.147324,20,0.132195,0.0638114,0.197503,20,0.0593187,-0.0276945,0.147324,20,20,0,0
recipe:bhattarai_2020,recipe:widloski_2025,network,0.0178587,-0.0349201,0.0663786,20,0.00665995,-0.0756796,0.0799922,20,0.0178587,-0.0349201,0.0663786,20,0.00665995,-0.0756796,0.0799922,20,20,0,0
recipe:bhattarai_2020,recipe:widloski_2025_bursts,network,0.0386179,-0.0359354,0.111325,20,0.114599,0.0395184,0.18663,20,0.0386179,-0.0359354,0.111325,20,0.114599,0.0395184,0.18663,20,20,0,0
recipe:bhattarai_2020,recipe:wikenheiser_2013,network,0.0424751,-0.040664,0.126435,20,0.0145142,-0.0578351,0.0824814,20,0.0424751,-0.040664,0.126435,20,0.0145142,-0.0578351,0.0824814,20,20,0,0
recipe:bhattarai_2020,recipe:wu_2014,network,0.283069,0.215141,0.346913,20,0.20066,0.139634,0.266855,20,0.283069,0.215141,0.346913,20,0.20066,0.139634,0.266855,20,20,0,0
recipe:bhattarai_2020,recipe:wu_2017,network,0.0967163,0.0165768,0.178707,20,0.201011,0.143121,0.259433,20,0.0967163,0.0165768,0.178707,20,0.201011,0.143121,0.259433,20,20,0,0
recipe:bhattarai_2020,recipe:xu_2019,network,0.250725,0.184108,0.31598,20,0.196613,0.119145,0.2754,20,0.250725,0.184108,0.31598,20,0.196613,0.119145,0.2754,20,20,0,0
recipe:bhattarai_2020,recipe:yamamoto_2017,network,0.127316,0.0602728,0.176991,20,0.257306,0.184315,0.34213,20,0.127316,0.0602728,0.176991,20,0.257306,0.184315,0.34213,20,20,0,0
recipe:bhattarai_2020,recipe:yang_2024,network,0.25854,0.189942,0.325281,20,0.168792,0.0900714,0.247217,20,0.25854,0.189942,0.325281,20,0.168792,0.0900714,0.247217,20,20,0,0
recipe:bhattarai_2020_ripples,recipe:bush_2022,network,0.0586759,-0.0256873,0.139959,20,0.0781314,0.00312516,0.150451,20,0.0586759,-0.0256873,0.139959,20,0.0781314,0.00312516,0.150451,20,20,0,0
recipe:bhattarai_2020_ripples,recipe:carey_2019,network,0.317681,0.253453,0.379187,20,0.445344,0.398644,0.488986,20,0.317681,0.253453,0.379187,20,0.445344,0.398644,0.488986,20,20,0,0
recipe:bhattarai_2020_ripples,recipe:carr_2012,ripple,0.433102,0.379743,0.482926,20,0.503823,0.463124,0.537368,20,0.535959,0.47042,0.59305,20,0.570032,0.516631,0.619694,20,20,0,0
recipe:bhattarai_2020_ripples,recipe:chenani_2019,network,0.0669992,-0.00927454,0.137874,20,0.0733883,0.0171199,0.130201,20,0.0669992,-0.00927454,0.137874,20,0.0733883,0.0171199,0.130201,20,20,0,0
recipe:bhattarai_2020_ripples,recipe:davidson_2009,network,0.086795,0.0238202,0.14599,20,0.0742779,0.00371216,0.145139,20,0.086795,0.0238202,0.14599,20,0.0742779,0.00371216,0.145139,20,20,0,0
recipe:bhattarai_2020_ripples,recipe:denovellis_2021,ripple,0.449021,0.390436,0.511745,20,0.519833,0.484639,0.556327,20,0.58014,0.52077,0.638366,20,0.59587,0.550867,0.639782,20,20,0,0
recipe:bhattarai_2020_ripples,recipe:denovellis_2021_mua,network,0.0735826,0.00954208,0.132675,20,0.0825866,0.0222731,0.144482,20,0.0735826,0.00954208,0.132675,20,0.0825866,0.0222731,0.144482,20,20,0,0
recipe:bhattarai_2020_ripples,recipe:diba_2007,network,0.0137175,-0.0824353,0.115475,20,0.115915,0.0059534,0.222465,20,0.0137175,-0.0824353,0.115475,20,0.115915,0.0059534,0.222465,20,20,0,0
recipe:bhattarai_2020_ripples,recipe:drieu_2018,network,0.00356178,-0.0652148,0.0693881,20,0.0602439,0.0186018,0.102166,20,0.00356178,-0.0652148,0.0693881,20,0.0602439,0.0186018,0.102166,20,20,0,0
recipe:bhattarai_2020_ripples,recipe:farooq_2019_neuron,network,0.0263352,-0.096456,0.134923,20,0.0904233,0.00945077,0.179173,20,0.0263352,-0.096456,0.134923,20,0.0904233,0.00945077,0.179173,20,20,0,0
recipe:bhattarai_2020_ripples,recipe:farooq_2019_science,network,0.0263352,-0.096456,0.134923,20,0.0904233,0.00945077,0.179173,20,0.0263352,-0.096456,0.134923,20,0.0904233,0.00945077,0.179173,20,20,0,0
recipe:bhattarai_2020_ripples,recipe:farooq_2019_science_awake,network,0.0263352,-0.096456,0.134923,20,0.0904233,0.00945077,0.179173,20,0.0263352,-0.096456,0.134923,20,0.0904233,0.00945077,0.179173,20,20,0,0
recipe:bhattarai_2020_ripples,recipe:foster_2006,network,0.0627496,-0.0809974,0.214837,20,-0.0135976,-0.177615,0.142973,20,0.0627496,-0.0809974,0.214837,20,-0.0135976,-0.177615,0.142973,20,20,0,0
recipe:bhattarai_2020_ripples,recipe:foster_2006_ripples,ripple,0.441565,0.250764,0.617176,20,0.497552,0.309502,0.66302,20,0.575262,0.409428,0.718022,20,0.534043,0.403771,0.669048,20,20,0,0
recipe:bhattarai_2020_ripples,recipe:gillespie_2021,ripple,0.466485,0.408195,0.524785,20,0.528779,0.484952,0.5743,20,0.561257,0.505488,0.615029,20,0.609337,0.553852,0.663816,20,20,0,0
recipe:bhattarai_2020_ripples,recipe:gillespie_2021_mua,network,0.0759636,0.0103542,0.137985,20,0.0963652,0.0342382,0.160878,20,0.0759636,0.0103542,0.137985,20,0.0963652,0.0342382,0.160878,20,20,0,0
recipe:bhattarai_2020_ripples,recipe:gridchyn_2020,network,0.164409,0.102887,0.22527,20,0.249796,0.188306,0.311639,20,0.164409,0.102887,0.22527,20,0.249796,0.188306,0.311639,20,20,0,0
recipe:bhattarai_2020_ripples,recipe:grosmark_2016,network,0.00765887,-0.0611972,0.0789664,20,0.0283398,-0.054341,0.109346,20,0.00765887,-0.0611972,0.0789664,20,0.0283398,-0.054341,0.109346,20,20,0,0
recipe:bhattarai_2020_ripples,recipe:gupta_2010,ripple,0.226983,0.167711,0.294213,20,0.32885,0.276625,0.378309,20,0.451473,0.403277,0.505343,20,0.44019,0.388701,0.492472,20,20,0,0
recipe:bhattarai_2020_ripples,recipe:harvey_2023_code,ripple,0.407737,0.333607,0.478254,20,0.436468,0.372109,0.496214,20,0.418921,0.359258,0.476389,20,0.54692,0.46672,0.620142,20,20,0,0
recipe:bhattarai_2020_ripples,recipe:harvey_2023_no_radiatum,ripple,0.382047,0.306592,0.46153,20,0.398317,0.327595,0.465397,20,0.383045,0.30801,0.457777,20,0.414183,0.347544,0.476711,20,20,0,0
recipe:bhattarai_2020_ripples,recipe:harvey_2023_text,ripple,0.604365,0.530315,0.671193,20,0.618439,0.556412,0.680512,20,0.666938,0.597964,0.734729,20,0.701724,0.648447,0.749648,20,20,0,0
recipe:bhattarai_2020_ripples,recipe:huelin_gorriz_2023,network,0.120799,0.0697711,0.172599,20,0.119771,0.0555452,0.183176,20,0.120799,0.0697711,0.172599,20,0.119771,0.0555452,0.183176,20,20,0,0
recipe:bhattarai_2020_ripples,recipe:igata_2021,network,0.0662575,0.000289893,0.127902,20,0.0962723,0.0355358,0.157656,20,0.0662575,0.000289893,0.127902,20,0.0962723,0.0355358,0.157656,20,20,0,0
recipe:bhattarai_2020_ripples,recipe:igata_2021_ripples,ripple,0.316832,0.246701,0.389773,20,0.380214,0.317989,0.439917,20,0.433674,0.358879,0.496429,20,0.532179,0.473928,0.588494,20,20,0,0
recipe:bhattarai_2020_ripples,recipe:jadhav_2016,ripple,0.494463,0.438389,0.54686,20,0.500961,0.448271,0.541754,20,0.602347,0.552407,0.649508,20,0.526021,0.462689,0.589563,20,20,0,0
recipe:bhattarai_2020_ripples,recipe:ji_2007,network,0.259578,0.177521,0.33196,20,0.323396,0.286205,0.361904,20,0.259578,0.177521,0.33196,20,0.323396,0.286205,0.361904,20,20,0,0
recipe:bhattarai_2020_ripples,recipe:ji_2007_ripples,ripple,,,,0,,,,0,,,,0,,,,0,20,0,0
recipe:bhattarai_2020_ripples,recipe:kaefer_2020,ripple,1,1,1,1,0.5,0.5,0.5,1,0.5,0.5,0.5,1,1,1,1,1,20,0,0
recipe:bhattarai_2020_ripples,recipe:karlsson_2009,ripple,0.433102,0.379743,0.482926,20,0.503823,0.463124,0.537368,20,0.535959,0.47042,0.59305,20,0.570032,0.516631,0.619694,20,20,0,0
recipe:bhattarai_2020_ripples,recipe:krause_2022,network,0.334605,0.268714,0.398462,20,0.40508,0.336722,0.47236,20,0.334605,0.268714,0.398462,20,0.40508,0.336722,0.47236,20,20,0,0
recipe:bhattarai_2020_ripples,recipe:krause_2022_hse,network,0.0618355,-0.019064,0.143261,20,0.087826,0.0416322,0.138698,20,0.0618355,-0.019064,0.143261,20,0.087826,0.0416322,0.138698,20,20,0,0
recipe:bhattarai_2020_ripples,recipe:kudrimoti_1999,ripple,0.35,-0.0891667,0.725,8,0.5,0,0.9,8,0.344444,-0.116705,0.762604,9,0.577778,0.17131,0.9375,9,20,0,0
recipe:bhattarai_2020_ripples,recipe:lee_2002,network,0.0169846,-0.0510476,0.0858725,20,-0.00557994,-0.0628124,0.0489185,20,0.0169846,-0.0510476,0.0858725,20,-0.00557994,-0.0628124,0.0489185,20,20,0,0
recipe:bhattarai_2020_ripples,recipe:lee_2002_ripples,ripple,0.441565,0.250764,0.617176,20,0.497552,0.309502,0.66302,20,0.575262,0.409428,0.718022,20,0.534043,0.403771,0.669048,20,20,0,0
recipe:bhattarai_2020_ripples,recipe:liu_2019,network,0.0559705,-0.0167722,0.133625,20,0.0704917,-0.014594,0.160669,20,0.0559705,-0.0167722,0.133625,20,0.0704917,-0.014594,0.160669,20,20,0,0
recipe:bhattarai_2020_ripples,recipe:liu_2019_awake,network,0.0559705,-0.0167722,0.133625,20,0.0704917,-0.014594,0.160669,20,0.0559705,-0.0167722,0.133625,20,0.0704917,-0.014594,0.160669,20,20,0,0
recipe:bhattarai_2020_ripples,recipe:liu_2023,network,0.0581758,-0.0274213,0.136262,20,0.063628,0.00453368,0.12188,20,0.0581758,-0.0274213,0.136262,20,0.063628,0.00453368,0.12188,20,20,0,0
recipe:bhattarai_2020_ripples,recipe:maboudi_2018,network,0.0721192,-0.00966449,0.153069,20,0.0895784,0.042679,0.139532,20,0.0721192,-0.00966449,0.153069,20,0.0895784,0.042679,0.139532,20,20,0,0
recipe:bhattarai_2020_ripples,recipe:maboudi_2018_open_field,network,0.0453296,-0.029556,0.110832,20,0.083373,0.0248047,0.142387,20,0.0453296,-0.029556,0.110832,20,0.083373,0.0248047,0.142387,20,20,0,0
recipe:bhattarai_2020_ripples,recipe:mallory_2025,network,0.00785635,-0.0609856,0.0775906,20,0.0413173,-0.0185529,0.0977245,20,0.00785635,-0.0609856,0.0775906,20,0.0413173,-0.0185529,0.0977245,20,20,0,0
recipe:bhattarai_2020_ripples,recipe:mallory_2025_ripples,ripple,0.428698,0.357528,0.495869,20,0.448343,0.383907,0.515352,20,0.469365,0.410227,0.523879,20,0.47057,0.41387,0.525365,20,20,0,0
recipe:bhattarai_2020_ripples,recipe:michon_2019,network,0.191721,0.100304,0.282789,20,0.195779,0.119469,0.268578,20,0.191721,0.100304,0.282789,20,0.195779,0.119469,0.268578,20,20,0,0
recipe:bhattarai_2020_ripples,recipe:michon_2021,network,0.191721,0.100304,0.282789,20,0.195779,0.119469,0.268578,20,0.191721,0.100304,0.282789,20,0.195779,0.119469,0.268578,20,20,0,0
recipe:bhattarai_2020_ripples,recipe:mou_2022,network,0.0428467,-0.0446159,0.125323,20,0.0330014,-0.0243803,0.0855466,20,0.0428467,-0.0446159,0.125323,20,0.0330014,-0.0243803,0.0855466,20,20,0,0
recipe:bhattarai_2020_ripples,recipe:muessig_2019,network,0.0401723,-0.123395,0.197352,20,-0.0930395,-0.266017,0.0885421,20,0.0401723,-0.123395,0.197352,20,-0.0930395,-0.266017,0.0885421,20,20,0,0
recipe:bhattarai_2020_ripples,recipe:muessig_2019_ripples,ripple,0.440254,0.387567,0.491136,20,0.424429,0.361949,0.482508,20,0.460161,0.405697,0.513456,20,0.426305,0.375555,0.477592,20,20,0,0
recipe:bhattarai_2020_ripples,recipe:nadasdy_1999,ripple,0.428283,0.346038,0.504946,20,0.542031,0.492465,0.591497,20,0.649002,0.593675,0.70098,20,0.588056,0.52808,0.648622,20,20,0,0
recipe:bhattarai_2020_ripples,recipe:olafsdottir_2015,network,0.040046,-0.030366,0.111691,20,0.0811658,0.032093,0.133963,20,0.040046,-0.030366,0.111691,20,0.0811658,0.032093,0.133963,20,20,0,0
recipe:bhattarai_2020_ripples,recipe:olafsdottir_2015.bayesian_candidates,network,0.0450931,-0.034813,0.126788,20,0.0756559,0.0246166,0.124871,20,0.0450931,-0.034813,0.126788,20,0.0756559,0.0246166,0.124871,20,20,0,0
recipe:bhattarai_2020_ripples,recipe:olafsdottir_2016,network,0.106131,0.0357925,0.166605,20,0.207178,0.149083,0.264,20,0.106131,0.0357925,0.166605,20,0.207178,0.149083,0.264,20,20,0,0
recipe:bhattarai_2020_ripples,recipe:olafsdottir_2017,network,0.0836198,0.0130414,0.14477,20,0.224485,0.15966,0.286214,20,0.0836198,0.0130414,0.14477,20,0.224485,0.15966,0.286214,20,20,0,0
recipe:bhattarai_2020_ripples,recipe:olafsdottir_2017.trajectory,network,0.106131,0.0357925,0.166605,20,0.207178,0.149083,0.264,20,0.106131,0.0357925,0.166605,20,0.207178,0.149083,0.264,20,20,0,0
recipe:bhattarai_2020_ripples,recipe:pfeiffer_2013,network,0.0453296,-0.029556,0.110832,20,0.083373,0.0248047,0.142387,20,0.0453296,-0.029556,0.110832,20,0.083373,0.0248047,0.142387,20,20,0,0
recipe:bhattarai_2020_ripples,recipe:pfeiffer_2013_ripples,ripple,0.451517,0.402937,0.504324,20,0.438782,0.399487,0.483391,20,0.447053,0.399487,0.495758,20,0.461671,0.409026,0.514307,20,20,0,0
recipe:bhattarai_2020_ripples,recipe:pfeiffer_2015,ripple,0.451517,0.402937,0.504324,20,0.438782,0.399487,0.483391,20,0.447053,0.399487,0.495758,20,0.461671,0.409026,0.514307,20,20,0,0
recipe:bhattarai_2020_ripples,recipe:shin_2019,ripple,0.433102,0.379743,0.482926,20,0.503823,0.463124,0.537368,20,0.535959,0.47042,0.59305,20,0.570032,0.516631,0.619694,20,20,0,0
recipe:bhattarai_2020_ripples,recipe:silva_2015,network,0.0388548,-0.0338514,0.108316,20,0.0757475,0.0167448,0.139396,20,0.0388548,-0.0338514,0.108316,20,0.0757475,0.0167448,0.139396,20,20,0,0
recipe:bhattarai_2020_ripples,recipe:stella_2019,ripple,0.578381,0.509549,0.642022,20,0.661592,0.594226,0.726537,20,0.697224,0.638991,0.750524,20,0.67671,0.617787,0.731498,20,20,0,0
recipe:bhattarai_2020_ripples,recipe:tang_2017,ripple,0.433102,0.379743,0.482926,20,0.503823,0.463124,0.537368,20,0.535959,0.47042,0.59305,20,0.570032,0.516631,0.619694,20,20,0,0
recipe:bhattarai_2020_ripples,recipe:tirole_2022,network,0.120799,0.0697711,0.172599,20,0.119771,0.0555452,0.183176,20,0.120799,0.0697711,0.172599,20,0.119771,0.0555452,0.183176,20,20,0,0
recipe:bhattarai_2020_ripples,recipe:widloski_2025,ripple,0.143246,0.0818317,0.206877,20,0.181364,0.112346,0.242669,20,0.150397,0.0734269,0.231037,20,0.242873,0.16675,0.31682,20,20,0,0
recipe:bhattarai_2020_ripples,recipe:widloski_2025_bursts,network,0.0299177,-0.0429228,0.101163,20,0.0615048,-0.0116501,0.138421,20,0.0299177,-0.0429228,0.101163,20,0.0615048,-0.0116501,0.138421,20,20,0,0
recipe:bhattarai_2020_ripples,recipe:wikenheiser_2013,ripple,0.138122,0.0550018,0.21278,20,0.126675,0.0546673,0.190853,20,0.141889,0.0637185,0.220357,20,0.161059,0.0985969,0.216997,20,20,0,0
recipe:bhattarai_2020_ripples,recipe:wu_2014,network,0.0207546,-0.0508389,0.0927878,20,0.0404137,-0.00101937,0.0823263,20,0.0207546,-0.0508389,0.0927878,20,0.0404137,-0.00101937,0.0823263,20,20,0,0
recipe:bhattarai_2020_ripples,recipe:wu_2017,network,0.24105,0.168238,0.311324,20,0.251849,0.183599,0.316803,20,0.24105,0.168238,0.311324,20,0.251849,0.183599,0.316803,20,20,0,0
recipe:bhattarai_2020_ripples,recipe:xu_2019,network,-0.0146221,-0.085368,0.0564538,20,0.0354384,-0.0358608,0.103403,20,-0.0146221,-0.085368,0.0564538,20,0.0354384,-0.0358608,0.103403,20,20,0,0
recipe:bhattarai_2020_ripples,recipe:yamamoto_2017,network,0.287801,0.207018,0.363011,20,0.342368,0.282152,0.402991,20,0.287801,0.207018,0.363011,20,0.342368,0.282152,0.402991,20,20,0,0
recipe:bhattarai_2020_ripples,recipe:yang_2024,network,0.00765887,-0.0611972,0.0789664,20,0.0283398,-0.054341,0.109346,20,0.00765887,-0.0611972,0.0789664,20,0.0283398,-0.054341,0.109346,20,20,0,0
recipe:bush_2022,recipe:carey_2019,network,0.487578,0.45364,0.519818,20,0.407972,0.333122,0.477416,20,0.487578,0.45364,0.519818,20,0.407972,0.333122,0.477416,20,20,0,0
recipe:bush_2022,recipe:carr_2012,network,0.0707046,0.01534,0.120288,20,0.0371831,-0.0292455,0.106713,20,0.0707046,0.01534,0.120288,20,0.0371831,-0.0292455,0.106713,20,20,0,0
recipe:bush_2022,recipe:chenani_2019,burst,0.508007,0.4537,0.561326,20,0.550361,0.498579,0.603394,20,0.585812,0.544677,0.630355,20,0.572785,0.520599,0.626069,20,20,0,0
recipe:bush_2022,recipe:davidson_2009,burst,0.256803,0.216166,0.300217,20,0.319724,0.266981,0.369818,20,0.267175,0.217996,0.320491,20,0.347812,0.293883,0.39838,20,20,0,0
recipe:bush_2022,recipe:denovellis_2021,network,0.109224,0.0694355,0.146729,20,0.0680499,-0.00693621,0.141331,20,0.109224,0.0694355,0.146729,20,0.0680499,-0.00693621,0.141331,20,20,0,0
recipe:bush_2022,recipe:denovellis_2021_mua,burst,0.245835,0.20434,0.287453,20,0.324188,0.2838,0.366376,20,0.254709,0.210348,0.302698,20,0.352777,0.313845,0.391202,20,20,0,0
recipe:bush_2022,recipe:diba_2007,burst,0.191984,0.125431,0.26099,20,0.0710541,-0.0222297,0.165533,20,0.213046,0.139198,0.290017,20,0.131501,0.0456049,0.221982,20,20,0,0
recipe:bush_2022,recipe:drieu_2018,burst,0.487391,0.443053,0.532422,20,0.47089,0.420211,0.517243,20,0.570137,0.540431,0.602237,20,0.508757,0.454156,0.558693,20,20,0,0
recipe:bush_2022,recipe:farooq_2019_neuron,burst,0.681354,0.620006,0.740279,20,0.569451,0.480267,0.647856,20,0.755333,0.712012,0.796643,20,0.611697,0.535431,0.682156,20,20,0,0
recipe:bush_2022,recipe:farooq_2019_science,burst,0.679519,0.617737,0.738613,20,0.568498,0.478946,0.64718,20,0.753714,0.708073,0.796065,20,0.611086,0.533318,0.681911,20,20,0,0
recipe:bush_2022,recipe:farooq_2019_science_awake,burst,0.679519,0.617737,0.738613,20,0.568498,0.478946,0.64718,20,0.753714,0.708073,0.796065,20,0.611086,0.533318,0.681911,20,20,0,0
recipe:bush_2022,recipe:foster_2006,burst,0.262187,0.130927,0.398759,20,0.339217,0.259566,0.415118,20,0.38121,0.261776,0.484584,20,0.371945,0.290629,0.454467,20,20,0,0
recipe:bush_2022,recipe:foster_2006_ripples,network,0.221086,0.0437883,0.388205,19,0.228382,0.0554829,0.389245,19,0.221086,0.0437883,0.388205,19,0.228382,0.0554829,0.389245,19,20,0,0
recipe:bush_2022,recipe:gillespie_2021,network,0.0998155,0.0527246,0.142734,20,0.0705101,-0.00722659,0.142175,20,0.0998155,0.0527246,0.142734,20,0.0705101,-0.00722659,0.142175,20,20,0,0
recipe:bush_2022,recipe:gillespie_2021_mua,burst,0.248337,0.211018,0.288009,20,0.321696,0.272208,0.368973,20,0.259427,0.212873,0.311311,20,0.349917,0.299399,0.399411,20,20,0,0
recipe:bush_2022,recipe:gridchyn_2020,burst,0.354137,0.297949,0.416656,20,0.293079,0.252518,0.332453,20,0.400053,0.346994,0.457459,20,0.315498,0.278721,0.350906,20,20,0,0
recipe:bush_2022,recipe:grosmark_2016,network,0.580341,0.528188,0.626489,20,0.528533,0.473975,0.585598,20,0.580341,0.528188,0.626489,20,0.528533,0.473975,0.585598,20,20,0,0
recipe:bush_2022,recipe:gupta_2010,network,0.110112,0.0648954,0.155145,20,0.111965,0.0315271,0.191715,20,0.110112,0.0648954,0.155145,20,0.111965,0.0315271,0.191715,20,20,0,0
recipe:bush_2022,recipe:harvey_2023_code,network,0.226577,0.164371,0.285436,20,0.259404,0.198197,0.31668,20,0.226577,0.164371,0.285436,20,0.259404,0.198197,0.31668,20,20,0,0
recipe:bush_2022,recipe:harvey_2023_no_radiatum,network,0.0685327,-0.0158894,0.153072,20,0.0656245,-0.000590218,0.13444,20,0.0685327,-0.0158894,0.153072,20,0.0656245,-0.000590218,0.13444,20,20,0,0
recipe:bush_2022,recipe:harvey_2023_text,network,0.22628,0.153642,0.293869,20,0.194884,0.136218,0.251019,20,0.22628,0.153642,0.293869,20,0.194884,0.136218,0.251019,20,20,0,0
recipe:bush_2022,recipe:huelin_gorriz_2023,network,0.255697,0.201008,0.310928,20,0.389379,0.34242,0.436696,20,0.255697,0.201008,0.310928,20,0.389379,0.34242,0.436696,20,20,0,0
recipe:bush_2022,recipe:igata_2021,burst,0.249212,0.207952,0.292226,20,0.335893,0.293873,0.377838,20,0.256214,0.20831,0.308819,20,0.362453,0.31873,0.404551,20,20,0,0
recipe:bush_2022,recipe:igata_2021_ripples,network,0.0714326,0.0173982,0.118137,20,0.0651343,-0.0104528,0.138828,20,0.0714326,0.0173982,0.118137,20,0.0651343,-0.0104528,0.138828,20,20,0,0
recipe:bush_2022,recipe:jadhav_2016,network,-0.0039261,-0.0680782,0.053433,20,0.0968433,0.0282472,0.167324,20,-0.0039261,-0.0680782,0.053433,20,0.0968433,0.0282472,0.167324,20,20,0,0
recipe:bush_2022,recipe:ji_2007,burst,0.337088,0.297363,0.377551,20,0.358588,0.29389,0.422108,20,0.427343,0.385958,0.466062,20,0.383882,0.31904,0.446973,20,20,0,0
recipe:bush_2022,recipe:ji_2007_ripples,network,,,,0,,,,0,,,,0,,,,0,20,0,0
recipe:bush_2022,recipe:kaefer_2020,network,-0.5,-0.5,-0.5,1,1,1,1,1,-0.5,-0.5,-0.5,1,1,1,1,1,20,0,0
recipe:bush_2022,recipe:karlsson_2009,network,0.0707046,0.01534,0.120288,20,0.0371831,-0.0292455,0.106713,20,0.0707046,0.01534,0.120288,20,0.0371831,-0.0292455,0.106713,20,20,0,0
recipe:bush_2022,recipe:krause_2022,network,0.268841,0.217167,0.323012,20,0.265099,0.184491,0.337115,20,0.268841,0.217167,0.323012,20,0.265099,0.184491,0.337115,20,20,0,0
recipe:bush_2022,recipe:krause_2022_hse,burst,0.200721,0.159794,0.241247,20,0.245249,0.207458,0.282854,20,0.216341,0.169333,0.268723,20,0.266428,0.23058,0.298807,20,20,0,0
recipe:bush_2022,recipe:kudrimoti_1999,network,-0.14,-0.71125,0.35,5,0.34,-0.1,0.56,5,-0.14,-0.71125,0.35,5,0.34,-0.1,0.56,5,20,0,0
recipe:bush_2022,recipe:lee_2002,burst,0.182541,0.121042,0.241938,20,0.178117,0.124416,0.228243,20,0.211556,0.157077,0.268814,20,0.176202,0.126534,0.22891,20,20,0,0
recipe:bush_2022,recipe:lee_2002_ripples,network,0.221086,0.0437883,0.388205,19,0.228382,0.0554829,0.389245,19,0.221086,0.0437883,0.388205,19,0.228382,0.0554829,0.389245,19,20,0,0
recipe:bush_2022,recipe:liu_2019,burst,0.059181,-0.00114121,0.122169,20,0.146594,0.09025,0.209961,20,0.0781224,0.00731059,0.149704,20,0.154092,0.0968765,0.21947,20,20,0,0
recipe:bush_2022,recipe:liu_2019_awake,burst,0.059181,-0.00114121,0.122169,20,0.146594,0.09025,0.209961,20,0.0781224,0.00731059,0.149704,20,0.154092,0.0968765,0.21947,20,20,0,0
recipe:bush_2022,recipe:liu_2023,network,0.643807,0.593938,0.694579,20,0.621485,0.576952,0.665359,20,0.643807,0.593938,0.694579,20,0.621485,0.576952,0.665359,20,20,0,0
recipe:bush_2022,recipe:maboudi_2018,burst,0.206899,0.165604,0.249019,20,0.245112,0.208719,0.282838,20,0.219609,0.173482,0.271332,20,0.266225,0.231329,0.298783,20,20,0,0
recipe:bush_2022,recipe:maboudi_2018_open_field,burst,0.690198,0.635717,0.738302,20,0.678453,0.621588,0.733552,20,0.737686,0.690972,0.782043,20,0.69657,0.644491,0.746839,20,20,0,0
recipe:bush_2022,recipe:mallory_2025,burst,0.51987,0.478367,0.560004,20,0.527829,0.492641,0.562646,20,0.581096,0.549207,0.614976,20,0.541445,0.501538,0.579678,20,20,0,0
recipe:bush_2022,recipe:mallory_2025_ripples,network,-0.00331452,-0.0701096,0.0629632,20,0.018772,-0.0378943,0.0779548,20,-0.00331452,-0.0701096,0.0629632,20,0.018772,-0.0378943,0.0779548,20,20,0,0
recipe:bush_2022,recipe:michon_2019,network,0.347926,0.253267,0.436511,20,0.445789,0.374639,0.517739,20,0.347926,0.253267,0.436511,20,0.445789,0.374639,0.517739,20,20,0,0
recipe:bush_2022,recipe:michon_2021,network,0.347926,0.253267,0.436511,20,0.445789,0.374639,0.517739,20,0.347926,0.253267,0.436511,20,0.445789,0.374639,0.517739,20,20,0,0
recipe:bush_2022,recipe:mou_2022,burst,0.132841,0.0669615,0.195833,20,0.168898,0.118233,0.222335,20,0.132847,0.0729127,0.192522,20,0.181215,0.129447,0.231774,20,20,0,0
recipe:bush_2022,recipe:muessig_2019,network,0.647493,0.555583,0.725973,20,0.406835,0.287263,0.520862,20,0.647493,0.555583,0.725973,20,0.406835,0.287263,0.520862,20,20,0,0
recipe:bush_2022,recipe:muessig_2019_ripples,network,0.185911,0.131047,0.240684,20,0.303439,0.2358,0.368412,20,0.185911,0.131047,0.240684,20,0.303439,0.2358,0.368412,20,20,0,0
recipe:bush_2022,recipe:nadasdy_1999,network,0.161001,0.0909543,0.229527,20,0.136329,0.0567041,0.216398,20,0.161001,0.0909543,0.229527,20,0.136329,0.0567041,0.216398,20,20,0,0
recipe:bush_2022,recipe:olafsdottir_2015,burst,0.416761,0.367021,0.464798,20,0.442015,0.375295,0.508016,20,0.496026,0.449038,0.538964,20,0.469376,0.406827,0.532237,20,20,0,0
recipe:bush_2022,recipe:olafsdottir_2015.bayesian_candidates,burst,0.416146,0.365852,0.464643,20,0.422252,0.351754,0.492024,20,0.494357,0.447433,0.5362,20,0.450791,0.386265,0.516722,20,20,0,0
recipe:bush_2022,recipe:olafsdottir_2016,burst,0.503415,0.464841,0.546678,20,0.414308,0.354164,0.469475,20,0.593279,0.555556,0.631429,20,0.449931,0.394865,0.500643,20,20,0,0
recipe:bush_2022,recipe:olafsdottir_2017,burst,0.451038,0.406401,0.493992,20,0.399323,0.339493,0.459401,20,0.539163,0.497743,0.580006,20,0.433948,0.378176,0.490064,20,20,0,0
recipe:bush_2022,recipe:olafsdottir_2017.trajectory,burst,0.503415,0.464841,0.546678,20,0.414308,0.354164,0.469475,20,0.593279,0.555556,0.631429,20,0.449931,0.394865,0.500643,20,20,0,0
recipe:bush_2022,recipe:pfeiffer_2013,burst,0.690198,0.635717,0.738302,20,0.678453,0.621588,0.733552,20,0.737686,0.690972,0.782043,20,0.69657,0.644491,0.746839,20,20,0,0
recipe:bush_2022,recipe:pfeiffer_2013_ripples,network,-0.0405929,-0.0886184,0.0119727,20,0.0348438,-0.0338781,0.0952181,20,-0.0405929,-0.0886184,0.0119727,20,0.0348438,-0.0338781,0.0952181,20,20,0,0
recipe:bush_2022,recipe:pfeiffer_2015,network,-0.0406986,-0.0887267,0.0119701,20,0.0348438,-0.0338781,0.0952181,20,-0.0406986,-0.0887267,0.0119701,20,0.0348438,-0.0338781,0.0952181,20,20,0,0
recipe:bush_2022,recipe:shin_2019,network,0.0707046,0.01534,0.120288,20,0.0371831,-0.0292455,0.106713,20,0.0707046,0.01534,0.120288,20,0.0371831,-0.0292455,0.106713,20,20,0,0
recipe:bush_2022,recipe:silva_2015,burst,0.587416,0.53207,0.642999,20,0.578885,0.517688,0.636164,20,0.642148,0.596638,0.687529,20,0.600744,0.544265,0.653011,20,20,0,0
recipe:bush_2022,recipe:stella_2019,network,0.207927,0.139727,0.26944,20,0.181575,0.103565,0.255183,20,0.207927,0.139727,0.26944,20,0.181575,0.103565,0.255183,20,20,0,0
recipe:bush_2022,recipe:tang_2017,network,0.0707046,0.01534,0.120288,20,0.0371831,-0.0292455,0.106713,20,0.0707046,0.01534,0.120288,20,0.0371831,-0.0292455,0.106713,20,20,0,0
recipe:bush_2022,recipe:tirole_2022,network,0.255697,0.201008,0.310928,20,0.389379,0.34242,0.436696,20,0.255697,0.201008,0.310928,20,0.389379,0.34242,0.436696,20,20,0,0
recipe:bush_2022,recipe:widloski_2025,network,-0.00104926,-0.0685821,0.0653705,20,-0.0470462,-0.118986,0.0266392,20,-0.00104926,-0.0685821,0.0653705,20,-0.0470462,-0.118986,0.0266392,20,20,0,0
recipe:bush_2022,recipe:widloski_2025_bursts,burst,0.0148758,-0.0500933,0.0807162,20,0.103132,0.0404602,0.164404,20,0.0338625,-0.0274864,0.0918703,20,0.117291,0.0479543,0.18456,20,20,0,0
recipe:bush_2022,recipe:wikenheiser_2013,network,0.0253153,-0.0370281,0.0907788,20,-0.0146083,-0.086049,0.0520759,20,0.0253153,-0.0370281,0.0907788,20,-0.0146083,-0.086049,0.0520759,20,20,0,0
recipe:bush_2022,recipe:wu_2014,burst,0.36768,0.31881,0.415153,20,0.415334,0.364043,0.465034,20,0.450548,0.410755,0.487959,20,0.436633,0.387423,0.487776,20,20,0,0
recipe:bush_2022,recipe:wu_2017,burst,0.282011,0.219159,0.345422,20,0.228828,0.173987,0.284079,20,0.348942,0.286957,0.411178,20,0.255668,0.195613,0.319513,20,20,0,0
recipe:bush_2022,recipe:xu_2019,burst,0.449755,0.406674,0.492878,20,0.484355,0.441506,0.527009,20,0.505,0.461714,0.54785,20,0.493544,0.446957,0.539979,20,20,0,0
recipe:bush_2022,recipe:yamamoto_2017,network,0.318666,0.269134,0.37171,20,0.289447,0.232708,0.346535,20,0.318666,0.269134,0.37171,20,0.289447,0.232708,0.346535,20,20,0,0
recipe:bush_2022,recipe:yang_2024,network,0.580341,0.528188,0.626489,20,0.528533,0.473975,0.585598,20,0.580341,0.528188,0.626489,20,0.528533,0.473975,0.585598,20,20,0,0
recipe:carey_2019,recipe:carr_2012,network,0.256396,0.200825,0.312293,20,0.276591,0.233661,0.318826,20,0.256396,0.200825,0.312293,20,0.276591,0.233661,0.318826,20,20,0,0
recipe:carey_2019,recipe:chenani_2019,network,0.451173,0.407027,0.499717,20,0.399801,0.339176,0.45725,20,0.451173,0.407027,0.499717,20,0.399801,0.339176,0.45725,20,20,0,0
recipe:carey_2019,recipe:davidson_2009,network,0.4554,0.404546,0.502565,20,0.473902,0.432926,0.513265,20,0.4554,0.404546,0.502565,20,0.473902,0.432926,0.513265,20,20,0,0
recipe:carey_2019,recipe:denovellis_2021,network,0.343737,0.298255,0.387859,20,0.341737,0.298005,0.38631,20,0.343737,0.298255,0.387859,20,0.341737,0.298005,0.38631,20,20,0,0
recipe:carey_2019,recipe:denovellis_2021_mua,network,0.429518,0.38624,0.472208,20,0.461254,0.423722,0.500035,20,0.429518,0.38624,0.472208,20,0.461254,0.423722,0.500035,20,20,0,0
recipe:carey_2019,recipe:diba_2007,network,0.234268,0.141466,0.333807,20,0.216377,0.144662,0.287607,20,0.234268,0.141466,0.333807,20,0.216377,0.144662,0.287607,20,20,0,0
recipe:carey_2019,recipe:drieu_2018,network,0.41725,0.361009,0.469167,20,0.373355,0.31954,0.423142,20,0.41725,0.361009,0.469167,20,0.373355,0.31954,0.423142,20,20,0,0
recipe:carey_2019,recipe:farooq_2019_neuron,network,0.584017,0.516964,0.650558,20,0.576547,0.509987,0.634203,20,0.584017,0.516964,0.650558,20,0.576547,0.509987,0.634203,20,20,0,0
recipe:carey_2019,recipe:farooq_2019_science,network,0.582172,0.513548,0.65078,20,0.576667,0.509716,0.635517,20,0.582172,0.513548,0.65078,20,0.576667,0.509716,0.635517,20,20,0,0
recipe:carey_2019,recipe:farooq_2019_science_awake,network,0.582172,0.513548,0.65078,20,0.576667,0.509716,0.635517,20,0.582172,0.513548,0.65078,20,0.576667,0.509716,0.635517,20,20,0,0
recipe:carey_2019,recipe:foster_2006,network,0.292378,0.173317,0.402833,20,0.141362,0.0271977,0.244625,20,0.292378,0.173317,0.402833,20,0.141362,0.0271977,0.244625,20,20,0,0
recipe:carey_2019,recipe:foster_2006_ripples,network,0.368137,0.160613,0.556064,20,0.494411,0.363655,0.618981,20,0.368137,0.160613,0.556064,20,0.494411,0.363655,0.618981,20,20,0,0
recipe:carey_2019,recipe:gillespie_2021,network,0.321661,0.275351,0.367619,20,0.355795,0.310816,0.402332,20,0.321661,0.275351,0.367619,20,0.355795,0.310816,0.402332,20,20,0,0
recipe:carey_2019,recipe:gillespie_2021_mua,network,0.445809,0.396945,0.492452,20,0.476694,0.434933,0.517142,20,0.445809,0.396945,0.492452,20,0.476694,0.434933,0.517142,20,20,0,0
recipe:carey_2019,recipe:gridchyn_2020,network,0.702276,0.676176,0.730376,20,0.659527,0.622467,0.697734,20,0.702276,0.676176,0.730376,20,0.659527,0.622467,0.697734,20,20,0,0
recipe:carey_2019,recipe:grosmark_2016,network,0.408503,0.334441,0.477879,20,0.326099,0.258214,0.39239,20,0.408503,0.334441,0.477879,20,0.326099,0.258214,0.39239,20,20,0,0
recipe:carey_2019,recipe:gupta_2010,network,0.329075,0.287403,0.36893,20,0.353264,0.314285,0.393385,20,0.329075,0.287403,0.36893,20,0.353264,0.314285,0.393385,20,20,0,0
recipe:carey_2019,recipe:harvey_2023_code,network,0.358439,0.295818,0.423644,20,0.45312,0.404942,0.497205,20,0.358439,0.295818,0.423644,20,0.45312,0.404942,0.497205,20,20,0,0
recipe:carey_2019,recipe:harvey_2023_no_radiatum,network,0.217988,0.152503,0.28024,20,0.256724,0.210713,0.305361,20,0.217988,0.152503,0.28024,20,0.256724,0.210713,0.305361,20,20,0,0
recipe:carey_2019,recipe:harvey_2023_text,network,0.418706,0.371449,0.465926,20,0.422369,0.369745,0.47188,20,0.418706,0.371449,0.465926,20,0.422369,0.369745,0.47188,20,20,0,0
recipe:carey_2019,recipe:huelin_gorriz_2023,network,0.445285,0.388561,0.495963,20,0.489336,0.437334,0.535226,20,0.445285,0.388561,0.495963,20,0.489336,0.437334,0.535226,20,20,0,0
recipe:carey_2019,recipe:igata_2021,network,0.436528,0.392168,0.481301,20,0.477128,0.438611,0.514293,20,0.436528,0.392168,0.481301,20,0.477128,0.438611,0.514293,20,20,0,0
recipe:carey_2019,recipe:igata_2021_ripples,network,0.283959,0.244288,0.321822,20,0.31633,0.277328,0.354975,20,0.283959,0.244288,0.321822,20,0.31633,0.277328,0.354975,20,20,0,0
recipe:carey_2019,recipe:jadhav_2016,network,0.201161,0.141356,0.259586,20,0.29396,0.23727,0.350818,20,0.201161,0.141356,0.259586,20,0.29396,0.23727,0.350818,20,20,0,0
recipe:carey_2019,recipe:ji_2007,network,0.842124,0.812309,0.868555,20,0.871283,0.849576,0.88923,20,0.842124,0.812309,0.868555,20,0.871283,0.849576,0.88923,20,20,0,0
recipe:carey_2019,recipe:ji_2007_ripples,network,,,,0,,,,0,,,,0,,,,0,20,0,0
recipe:carey_2019,recipe:kaefer_2020,network,1,1,1,1,1,1,1,1,1,1,1,1,1,1,1,1,20,0,0
recipe:carey_2019,recipe:karlsson_2009,network,0.256396,0.200825,0.312293,20,0.276591,0.233661,0.318826,20,0.256396,0.200825,0.312293,20,0.276591,0.233661,0.318826,20,20,0,0
recipe:carey_2019,recipe:krause_2022,network,0.296413,0.2533,0.341072,20,0.400904,0.342712,0.456355,20,0.296413,0.2533,0.341072,20,0.400904,0.342712,0.456355,20,20,0,0
recipe:carey_2019,recipe:krause_2022_hse,network,0.356324,0.316397,0.387302,20,0.357032,0.31849,0.393092,20,0.356324,0.316397,0.387302,20,0.357032,0.31849,0.393092,20,20,0,0
recipe:carey_2019,recipe:kudrimoti_1999,network,0.445455,0.0909091,0.757214,11,0.309091,-0.0285924,0.636392,11,0.445455,0.0909091,0.757214,11,0.309091,-0.0285924,0.636392,11,20,0,0
recipe:carey_2019,recipe:lee_2002,network,0.127082,0.0784195,0.176115,20,0.139628,0.0786907,0.200376,20,0.127082,0.0784195,0.176115,20,0.139628,0.0786907,0.200376,20,20,0,0
recipe:carey_2019,recipe:lee_2002_ripples,network,0.368137,0.160613,0.556064,20,0.494411,0.363655,0.618981,20,0.368137,0.160613,0.556064,20,0.494411,0.363655,0.618981,20,20,0,0
recipe:carey_2019,recipe:liu_2019,network,0.0797315,0.0451967,0.114513,20,0.0980799,0.0492885,0.142746,20,0.0797315,0.0451967,0.114513,20,0.0980799,0.0492885,0.142746,20,20,0,0
recipe:carey_2019,recipe:liu_2019_awake,network,0.0797315,0.0451967,0.114513,20,0.0980799,0.0492885,0.142746,20,0.0797315,0.0451967,0.114513,20,0.0980799,0.0492885,0.142746,20,20,0,0
recipe:carey_2019,recipe:liu_2023,network,0.46463,0.399155,0.527409,20,0.412646,0.36172,0.459888,20,0.46463,0.399155,0.527409,20,0.412646,0.36172,0.459888,20,20,0,0
recipe:carey_2019,recipe:maboudi_2018,network,0.346542,0.306662,0.378635,20,0.338476,0.297813,0.376957,20,0.346542,0.306662,0.378635,20,0.338476,0.297813,0.376957,20,20,0,0
recipe:carey_2019,recipe:maboudi_2018_open_field,network,0.466368,0.411954,0.517975,20,0.425597,0.370934,0.480259,20,0.466368,0.411954,0.517975,20,0.425597,0.370934,0.480259,20,20,0,0
recipe:carey_2019,recipe:mallory_2025,network,0.389084,0.343979,0.431839,20,0.351146,0.300704,0.402897,20,0.389084,0.343979,0.431839,20,0.351146,0.300704,0.402897,20,20,0,0
recipe:carey_2019,recipe:mallory_2025_ripples,network,0.178431,0.118643,0.237779,20,0.236159,0.18614,0.291518,20,0.178431,0.118643,0.237779,20,0.236159,0.18614,0.291518,20,20,0,0
recipe:carey_2019,recipe:michon_2019,network,0.637294,0.570226,0.707859,20,0.647704,0.609288,0.68941,20,0.637294,0.570226,0.707859,20,0.647704,0.609288,0.68941,20,20,0,0
recipe:carey_2019,recipe:michon_2021,network,0.637294,0.570226,0.707859,20,0.647704,0.609288,0.68941,20,0.637294,0.570226,0.707859,20,0.647704,0.609288,0.68941,20,20,0,0
recipe:carey_2019,recipe:mou_2022,network,0.238861,0.186266,0.288875,20,0.22103,0.166776,0.273974,20,0.238861,0.186266,0.288875,20,0.22103,0.166776,0.273974,20,20,0,0
recipe:carey_2019,recipe:muessig_2019,network,0.562853,0.460394,0.660841,20,0.507467,0.411496,0.605834,20,0.562853,0.460394,0.660841,20,0.507467,0.411496,0.605834,20,20,0,0
recipe:carey_2019,recipe:muessig_2019_ripples,network,0.325929,0.280932,0.369251,20,0.414405,0.376636,0.450681,20,0.325929,0.280932,0.369251,20,0.414405,0.376636,0.450681,20,20,0,0
recipe:carey_2019,recipe:nadasdy_1999,network,0.335814,0.275541,0.394791,20,0.369086,0.311663,0.425249,20,0.335814,0.275541,0.394791,20,0.369086,0.311663,0.425249,20,20,0,0
recipe:carey_2019,recipe:olafsdottir_2015,network,0.34784,0.295586,0.400022,20,0.27197,0.208478,0.330955,20,0.34784,0.295586,0.400022,20,0.27197,0.208478,0.330955,20,20,0,0
recipe:carey_2019,recipe:olafsdottir_2015.bayesian_candidates,network,0.350897,0.297535,0.404795,20,0.261395,0.19573,0.31804,20,0.350897,0.297535,0.404795,20,0.261395,0.19573,0.31804,20,20,0,0
recipe:carey_2019,recipe:olafsdottir_2016,network,0.494477,0.446876,0.54079,20,0.49675,0.447211,0.543215,20,0.494477,0.446876,0.54079,20,0.49675,0.447211,0.543215,20,20,0,0
recipe:carey_2019,recipe:olafsdottir_2017,network,0.445183,0.397873,0.493171,20,0.510901,0.454325,0.563574,20,0.445183,0.397873,0.493171,20,0.510901,0.454325,0.563574,20,20,0,0
recipe:carey_2019,recipe:olafsdottir_2017.trajectory,network,0.494477,0.446876,0.54079,20,0.49675,0.447211,0.543215,20,0.494477,0.446876,0.54079,20,0.49675,0.447211,0.543215,20,20,0,0
recipe:carey_2019,recipe:pfeiffer_2013,network,0.466368,0.411954,0.517975,20,0.425597,0.370934,0.480259,20,0.466368,0.411954,0.517975,20,0.425597,0.370934,0.480259,20,20,0,0
recipe:carey_2019,recipe:pfeiffer_2013_ripples,network,0.119552,0.0662109,0.174072,20,0.271296,0.221658,0.326235,20,0.119552,0.0662109,0.174072,20,0.271296,0.221658,0.326235,20,20,0,0
recipe:carey_2019,recipe:pfeiffer_2015,network,0.119564,0.0662472,0.174072,20,0.271296,0.221658,0.326235,20,0.119564,0.0662472,0.174072,20,0.271296,0.221658,0.326235,20,20,0,0
recipe:carey_2019,recipe:shin_2019,network,0.256396,0.200825,0.312293,20,0.276591,0.233661,0.318826,20,0.256396,0.200825,0.312293,20,0.276591,0.233661,0.318826,20,20,0,0
recipe:carey_2019,recipe:silva_2015,network,0.437831,0.384656,0.48959,20,0.40515,0.356353,0.454543,20,0.437831,0.384656,0.48959,20,0.40515,0.356353,0.454543,20,20,0,0
recipe:carey_2019,recipe:stella_2019,network,0.404162,0.352295,0.452961,20,0.444599,0.404529,0.48395,20,0.404162,0.352295,0.452961,20,0.444599,0.404529,0.48395,20,20,0,0
recipe:carey_2019,recipe:tang_2017,network,0.256396,0.200825,0.312293,20,0.276591,0.233661,0.318826,20,0.256396,0.200825,0.312293,20,0.276591,0.233661,0.318826,20,20,0,0
recipe:carey_2019,recipe:tirole_2022,network,0.445285,0.388561,0.495963,20,0.489336,0.437334,0.535226,20,0.445285,0.388561,0.495963,20,0.489336,0.437334,0.535226,20,20,0,0
recipe:carey_2019,recipe:widloski_2025,network,0.0640575,-0.0131159,0.135577,20,0.095892,0.0433449,0.149216,20,0.0640575,-0.0131159,0.135577,20,0.095892,0.0433449,0.149216,20,20,0,0
recipe:carey_2019,recipe:widloski_2025_bursts,network,0.0721669,0.00818429,0.135,20,0.16325,0.100329,0.219065,20,0.0721669,0.00818429,0.135,20,0.16325,0.100329,0.219065,20,20,0,0
recipe:carey_2019,recipe:wikenheiser_2013,network,0.0984602,0.0501695,0.146122,20,0.125505,0.0771914,0.176214,20,0.0984602,0.0501695,0.146122,20,0.125505,0.0771914,0.176214,20,20,0,0
recipe:carey_2019,recipe:wu_2014,network,0.333869,0.293126,0.371179,20,0.277214,0.221327,0.332205,20,0.333869,0.293126,0.371179,20,0.277214,0.221327,0.332205,20,20,0,0
recipe:carey_2019,recipe:wu_2017,network,0.62886,0.575349,0.682515,20,0.605699,0.554197,0.656766,20,0.62886,0.575349,0.682515,20,0.605699,0.554197,0.656766,20,20,0,0
recipe:carey_2019,recipe:xu_2019,network,0.343111,0.296023,0.386941,20,0.301718,0.247445,0.354067,20,0.343111,0.296023,0.386941,20,0.301718,0.247445,0.354067,20,20,0,0
recipe:carey_2019,recipe:yamamoto_2017,network,0.612275,0.577064,0.652368,20,0.61033,0.571942,0.647382,20,0.612275,0.577064,0.652368,20,0.61033,0.571942,0.647382,20,20,0,0
recipe:carey_2019,recipe:yang_2024,network,0.408503,0.334441,0.477879,20,0.326099,0.258214,0.39239,20,0.408503,0.334441,0.477879,20,0.326099,0.258214,0.39239,20,20,0,0
recipe:carr_2012,recipe:chenani_2019,network,0.0861273,0.0232216,0.143367,20,0.0492727,-0.00806921,0.111038,20,0.0861273,0.0232216,0.143367,20,0.0492727,-0.00806921,0.111038,20,20,0,0
recipe:carr_2012,recipe:davidson_2009,network,0.0654996,0.015016,0.121753,20,0.0395588,-0.00870431,0.0879188,20,0.0654996,0.015016,0.121753,20,0.0395588,-0.00870431,0.0879188,20,20,0,0
recipe:carr_2012,recipe:denovellis_2021,ripple,0.666872,0.633363,0.697948,20,0.696,0.659111,0.729338,20,0.737998,0.708442,0.767566,20,0.735082,0.699402,0.769181,20,20,0,0
recipe:carr_2012,recipe:denovellis_2021_mua,network,0.070119,0.0279286,0.114762,20,0.0404024,-0.0013193,0.0830131,20,0.070119,0.0279286,0.114762,20,0.0404024,-0.0013193,0.0830131,20,20,0,0
recipe:carr_2012,recipe:diba_2007,network,0.0898676,-0.0114018,0.185279,20,0.111848,0.0179406,0.208435,20,0.0898676,-0.0114018,0.185279,20,0.111848,0.0179406,0.208435,20,20,0,0
recipe:carr_2012,recipe:drieu_2018,network,0.0615205,0.0081309,0.115125,20,0.0303515,-0.0213869,0.0772075,20,0.0615205,0.0081309,0.115125,20,0.0303515,-0.0213869,0.0772075,20,20,0,0
recipe:carr_2012,recipe:farooq_2019_neuron,network,0.0966107,0.0189937,0.175933,20,0.10546,0.0236754,0.182895,20,0.0966107,0.0189937,0.175933,20,0.10546,0.0236754,0.182895,20,20,0,0
recipe:carr_2012,recipe:farooq_2019_science,network,0.0967835,0.0188687,0.175577,20,0.100222,0.0165177,0.179876,20,0.0967835,0.0188687,0.175577,20,0.100222,0.0165177,0.179876,20,20,0,0
recipe:carr_2012,recipe:farooq_2019_science_awake,network,0.0967835,0.0188687,0.175577,20,0.100222,0.0165177,0.179876,20,0.0967835,0.0188687,0.175577,20,0.100222,0.0165177,0.179876,20,20,0,0
recipe:carr_2012,recipe:foster_2006,network,0.022242,-0.138299,0.168189,20,0.11848,0.0149369,0.221501,20,0.022242,-0.138299,0.168189,20,0.11848,0.0149369,0.221501,20,20,0,0
recipe:carr_2012,recipe:foster_2006_ripples,ripple,0.153031,-0.0416753,0.338695,20,0.25042,0.078033,0.410944,20,0.467162,0.350391,0.587208,20,0.460163,0.317003,0.595192,20,20,0,0
recipe:carr_2012,recipe:gillespie_2021,ripple,0.684847,0.648988,0.719706,20,0.708226,0.66885,0.743987,20,0.733788,0.696241,0.769442,20,0.741478,0.708379,0.773952,20,20,0,0
recipe:carr_2012,recipe:gillespie_2021_mua,network,0.0526561,0.0088912,0.100548,20,0.0440054,-0.00127409,0.091499,20,0.0526561,0.0088912,0.100548,20,0.0440054,-0.00127409,0.091499,20,20,0,0
recipe:carr_2012,recipe:gridchyn_2020,network,0.155174,0.0907813,0.217723,20,0.211896,0.151817,0.277103,20,0.155174,0.0907813,0.217723,20,0.211896,0.151817,0.277103,20,20,0,0
recipe:carr_2012,recipe:grosmark_2016,network,0.0558737,-0.00604593,0.115259,20,-0.0190101,-0.07757,0.0413467,20,0.0558737,-0.00604593,0.115259,20,-0.0190101,-0.07757,0.0413467,20,20,0,0
recipe:carr_2012,recipe:gupta_2010,ripple,0.347542,0.301241,0.39422,20,0.328271,0.259524,0.387847,20,0.490947,0.441142,0.542209,20,0.448439,0.393092,0.501306,20,20,0,0
recipe:carr_2012,recipe:harvey_2023_code,ripple,0.139337,0.0705381,0.207043,20,0.164233,0.0887858,0.230007,20,0.277296,0.229087,0.327839,20,0.353024,0.279824,0.425475,20,20,0,0
recipe:carr_2012,recipe:harvey_2023_no_radiatum,ripple,0.253446,0.192859,0.309624,20,0.291617,0.243547,0.340401,20,0.310593,0.243431,0.376233,20,0.350803,0.298304,0.399031,20,20,0,0
recipe:carr_2012,recipe:harvey_2023_text,ripple,0.283047,0.234425,0.332742,20,0.309208,0.260926,0.361679,20,0.486102,0.450978,0.522509,20,0.482593,0.430452,0.537571,20,20,0,0
recipe:carr_2012,recipe:huelin_gorriz_2023,network,0.0731026,0.0217087,0.125162,20,0.0448014,-0.00842048,0.104934,20,0.0731026,0.0217087,0.125162,20,0.0448014,-0.00842048,0.104934,20,20,0,0
recipe:carr_2012,recipe:igata_2021,network,0.0628508,0.0189006,0.108202,20,0.0449584,0.00303705,0.0893436,20,0.0628508,0.0189006,0.108202,20,0.0449584,0.00303705,0.0893436,20,20,0,0
recipe:carr_2012,recipe:igata_2021_ripples,ripple,0.480962,0.433777,0.526297,20,0.573946,0.51307,0.631261,20,0.749183,0.714793,0.783381,20,0.80007,0.760374,0.83736,20,20,0,0
recipe:carr_2012,recipe:jadhav_2016,ripple,0.996083,0.988249,1,20,0.999565,0.998695,1,20,0.938345,0.916749,0.960146,20,0.92204,0.886457,0.95512,20,20,0,0
recipe:carr_2012,recipe:ji_2007,network,0.216357,0.166638,0.264342,20,0.219184,0.175714,0.263324,20,0.216357,0.166638,0.264342,20,0.219184,0.175714,0.263324,20,20,0,0
recipe:carr_2012,recipe:ji_2007_ripples,ripple,,,,0,,,,0,,,,0,,,,0,20,0,0
recipe:carr_2012,recipe:kaefer_2020,ripple,,,,0,,,,0,1,1,1,1,0.5,0.5,0.5,1,20,0,0
recipe:carr_2012,recipe:karlsson_2009,ripple,1,1,1,20,1,1,1,20,1,1,1,20,1,1,1,20,20,0,0
recipe:carr_2012,recipe:krause_2022,network,0.392028,0.352295,0.435807,20,0.465243,0.415594,0.514493,20,0.392028,0.352295,0.435807,20,0.465243,0.415594,0.514493,20,20,0,0
recipe:carr_2012,recipe:krause_2022_hse,network,0.0520709,0.00523116,0.108015,20,0.0592908,0.00299318,0.114255,20,0.0520709,0.00523116,0.108015,20,0.0592908,0.00299318,0.114255,20,20,0,0
recipe:carr_2012,recipe:kudrimoti_1999,ripple,0.209091,-0.0909091,0.5,11,0.0454545,-0.32869,0.408333,11,0.145455,-0.2,0.5,11,0.436364,0.130714,0.7,11,20,0,0
recipe:carr_2012,recipe:lee_2002,network,0.00491599,-0.0470175,0.0481585,20,-0.00110959,-0.0625749,0.054368,20,0.00491599,-0.0470175,0.0481585,20,-0.00110959,-0.0625749,0.054368,20,20,0,0
recipe:carr_2012,recipe:lee_2002_ripples,ripple,0.153031,-0.0416753,0.338695,20,0.25042,0.078033,0.410944,20,0.467162,0.350391,0.587208,20,0.460163,0.317003,0.595192,20,20,0,0
recipe:carr_2012,recipe:liu_2019,network,-0.00659758,-0.0613851,0.0478787,20,0.0628989,-0.000908062,0.125175,20,-0.00659758,-0.0613851,0.0478787,20,0.0628989,-0.000908062,0.125175,20,20,0,0
recipe:carr_2012,recipe:liu_2019_awake,network,-0.00659758,-0.0613851,0.0478787,20,0.0628989,-0.000908062,0.125175,20,-0.00659758,-0.0613851,0.0478787,20,0.0628989,-0.000908062,0.125175,20,20,0,0
recipe:carr_2012,recipe:liu_2023,network,0.0787386,0.00684734,0.144864,20,-0.00306784,-0.0673175,0.0631772,20,0.0787386,0.00684734,0.144864,20,-0.00306784,-0.0673175,0.0631772,20,20,0,0
recipe:carr_2012,recipe:maboudi_2018,network,0.0523079,0.00708085,0.107743,20,0.0544711,-0.00264181,0.110702,20,0.0523079,0.00708085,0.107743,20,0.0544711,-0.00264181,0.110702,20,20,0,0
recipe:carr_2012,recipe:maboudi_2018_open_field,network,0.0815206,0.0334418,0.131358,20,0.0460527,-0.0227429,0.117427,20,0.0815206,0.0334418,0.131358,20,0.0460527,-0.0227429,0.117427,20,20,0,0
recipe:carr_2012,recipe:mallory_2025,network,0.0472272,-0.00393175,0.0987505,20,-0.00633902,-0.0667377,0.0526875,20,0.0472272,-0.00393175,0.0987505,20,-0.00633902,-0.0667377,0.0526875,20,20,0,0
recipe:carr_2012,recipe:mallory_2025_ripples,ripple,0.421873,0.368625,0.474395,20,0.499191,0.462149,0.538733,20,0.458247,0.412962,0.503021,20,0.552491,0.514586,0.594472,20,20,0,0
recipe:carr_2012,recipe:michon_2019,network,0.109033,0.0214234,0.192875,20,0.0737979,0.00878179,0.143126,20,0.109033,0.0214234,0.192875,20,0.0737979,0.00878179,0.143126,20,20,0,0
recipe:carr_2012,recipe:michon_2021,network,0.109033,0.0214234,0.192875,20,0.0737979,0.00878179,0.143126,20,0.109033,0.0214234,0.192875,20,0.0737979,0.00878179,0.143126,20,20,0,0
recipe:carr_2012,recipe:mou_2022,network,0.0215954,-0.0269572,0.0696984,20,0.019878,-0.0319115,0.0686073,20,0.0215954,-0.0269572,0.0696984,20,0.019878,-0.0319115,0.0686073,20,20,0,0
recipe:carr_2012,recipe:muessig_2019,network,0.0889128,-0.0616259,0.234664,20,0.0186514,-0.130254,0.159384,20,0.0889128,-0.0616259,0.234664,20,0.0186514,-0.130254,0.159384,20,20,0,0
recipe:carr_2012,recipe:muessig_2019_ripples,ripple,0.18108,0.123926,0.227479,20,0.130223,0.0870626,0.173176,20,0.331668,0.284647,0.372244,20,0.281839,0.224414,0.340813,20,20,0,0
recipe:carr_2012,recipe:nadasdy_1999,ripple,0.410521,0.35794,0.46757,20,0.423188,0.371517,0.478655,20,0.576159,0.522288,0.629185,20,0.529177,0.472657,0.586802,20,20,0,0
recipe:carr_2012,recipe:olafsdottir_2015,network,0.0607799,0.00746318,0.116009,20,0.0280522,-0.028514,0.0772201,20,0.0607799,0.00746318,0.116009,20,0.0280522,-0.028514,0.0772201,20,20,0,0
recipe:carr_2012,recipe:olafsdottir_2015.bayesian_candidates,network,0.0681492,0.0132634,0.127787,20,0.0240156,-0.028341,0.0735294,20,0.0681492,0.0132634,0.127787,20,0.0240156,-0.028341,0.0735294,20,20,0,0
recipe:carr_2012,recipe:olafsdottir_2016,network,0.103463,0.0505808,0.158537,20,0.139364,0.0772683,0.202679,20,0.103463,0.0505808,0.158537,20,0.139364,0.0772683,0.202679,20,20,0,0
recipe:carr_2012,recipe:olafsdottir_2017,network,0.0905878,0.0265745,0.152314,20,0.163826,0.104384,0.223703,20,0.0905878,0.0265745,0.152314,20,0.163826,0.104384,0.223703,20,20,0,0
recipe:carr_2012,recipe:olafsdottir_2017.trajectory,network,0.103463,0.0505808,0.158537,20,0.139364,0.0772683,0.202679,20,0.103463,0.0505808,0.158537,20,0.139364,0.0772683,0.202679,20,20,0,0
recipe:carr_2012,recipe:pfeiffer_2013,network,0.0815206,0.0334418,0.131358,20,0.0460527,-0.0227429,0.117427,20,0.0815206,0.0334418,0.131358,20,0.0460527,-0.0227429,0.117427,20,20,0,0
recipe:carr_2012,recipe:pfeiffer_2013_ripples,ripple,0.555996,0.513061,0.600351,20,0.570802,0.539034,0.600475,20,0.540261,0.493423,0.586495,20,0.606233,0.565496,0.645969,20,20,0,0
recipe:carr_2012,recipe:pfeiffer_2015,ripple,0.555996,0.513061,0.600351,20,0.570802,0.539034,0.600475,20,0.540181,0.49326,0.586495,20,0.606233,0.565496,0.645969,20,20,0,0
recipe:carr_2012,recipe:shin_2019,ripple,1,1,1,20,1,1,1,20,1,1,1,20,1,1,1,20,20,0,0
recipe:carr_2012,recipe:silva_2015,network,0.0583424,-0.0075335,0.125534,20,0.0322621,-0.0296012,0.0905137,20,0.0583424,-0.0075335,0.125534,20,0.0322621,-0.0296012,0.0905137,20,20,0,0
recipe:carr_2012,recipe:stella_2019,ripple,0.308031,0.262378,0.353266,20,0.319759,0.277903,0.364293,20,0.513607,0.463954,0.55938,20,0.510733,0.46441,0.559424,20,20,0,0
recipe:carr_2012,recipe:tang_2017,ripple,1,1,1,20,1,1,1,20,1,1,1,20,1,1,1,20,20,0,0
recipe:carr_2012,recipe:tirole_2022,network,0.0731026,0.0217087,0.125162,20,0.0448014,-0.00842048,0.104934,20,0.0731026,0.0217087,0.125162,20,0.0448014,-0.00842048,0.104934,20,20,0,0
recipe:carr_2012,recipe:widloski_2025,ripple,0.169281,0.101926,0.229528,20,0.129863,0.0692159,0.188657,20,0.146491,0.0827901,0.211155,20,0.159865,0.0912347,0.226867,20,20,0,0
recipe:carr_2012,recipe:widloski_2025_bursts,network,0.00104302,-0.0751253,0.0744547,20,0.0505398,-0.0307871,0.137731,20,0.00104302,-0.0751253,0.0744547,20,0.0505398,-0.0307871,0.137731,20,20,0,0
recipe:carr_2012,recipe:wikenheiser_2013,ripple,0.122492,0.0684956,0.177173,20,0.120989,0.0591765,0.184666,20,0.134519,0.0848837,0.188451,20,0.149094,0.0985601,0.202025,20,20,0,0
recipe:carr_2012,recipe:wu_2014,network,0.0539038,0.000428266,0.104111,20,0.0385265,-0.0112288,0.0895362,20,0.0539038,0.000428266,0.104111,20,0.0385265,-0.0112288,0.0895362,20,20,0,0
recipe:carr_2012,recipe:wu_2017,network,0.213705,0.136355,0.292831,20,0.192221,0.118313,0.269145,20,0.213705,0.136355,0.292831,20,0.192221,0.118313,0.269145,20,20,0,0
recipe:carr_2012,recipe:xu_2019,network,0.044376,-0.00714132,0.0929859,20,-0.000261629,-0.0564114,0.0569643,20,0.044376,-0.00714132,0.0929859,20,-0.000261629,-0.0564114,0.0569643,20,20,0,0
recipe:carr_2012,recipe:yamamoto_2017,network,0.293061,0.232747,0.350149,20,0.258898,0.20266,0.318459,20,0.293061,0.232747,0.350149,20,0.258898,0.20266,0.318459,20,20,0,0
recipe:carr_2012,recipe:yang_2024,network,0.0558737,-0.00604593,0.115259,20,-0.0190101,-0.07757,0.0413467,20,0.0558737,-0.00604593,0.115259,20,-0.0190101,-0.07757,0.0413467,20,20,0,0
recipe:chenani_2019,recipe:davidson_2009,burst,0.210433,0.156737,0.262144,20,0.291151,0.236133,0.343441,20,0.245139,0.190348,0.298356,20,0.317873,0.270008,0.366171,20,20,0,0
recipe:chenani_2019,recipe:denovellis_2021,network,0.133915,0.0774266,0.188085,20,0.102738,0.0532652,0.151944,20,0.133915,0.0774266,0.188085,20,0.102738,0.0532652,0.151944,20,20,0,0
recipe:chenani_2019,recipe:denovellis_2021_mua,burst,0.206335,0.164887,0.250421,20,0.303596,0.235793,0.363346,20,0.238929,0.192493,0.28609,20,0.332873,0.276842,0.385255,20,20,0,0
recipe:chenani_2019,recipe:diba_2007,burst,0.325471,0.231574,0.41986,20,0.169252,0.0793615,0.25724,20,0.348148,0.255209,0.441144,20,0.21119,0.116776,0.299827,20,20,0,0
recipe:chenani_2019,recipe:drieu_2018,burst,0.669004,0.639675,0.698643,20,0.681245,0.635692,0.728163,20,0.70557,0.673949,0.733636,20,0.695514,0.650836,0.741546,20,20,0,0
recipe:chenani_2019,recipe:farooq_2019_neuron,burst,0.516276,0.434635,0.591758,20,0.441643,0.368606,0.50571,20,0.625105,0.541728,0.69865,20,0.495032,0.430957,0.557032,20,20,0,0
recipe:chenani_2019,recipe:farooq_2019_science,burst,0.516276,0.434635,0.591758,20,0.441643,0.368606,0.50571,20,0.625105,0.541728,0.69865,20,0.495032,0.430957,0.557032,20,20,0,0
recipe:chenani_2019,recipe:farooq_2019_science_awake,burst,0.516276,0.434635,0.591758,20,0.441643,0.368606,0.50571,20,0.625105,0.541728,0.69865,20,0.495032,0.430957,0.557032,20,20,0,0
recipe:chenani_2019,recipe:foster_2006,burst,0.653152,0.545461,0.743083,20,0.800833,0.74352,0.849338,20,0.687037,0.600367,0.764059,20,0.796324,0.733065,0.852713,20,20,0,0
recipe:chenani_2019,recipe:foster_2006_ripples,network,0.243885,0.072694,0.409294,19,0.197975,0.0152231,0.386258,19,0.243885,0.072694,0.409294,19,0.197975,0.0152231,0.386258,19,20,0,0
recipe:chenani_2019,recipe:gillespie_2021,network,0.111176,0.0482363,0.169678,20,0.0961165,0.0405346,0.150739,20,0.111176,0.0482363,0.169678,20,0.0961165,0.0405346,0.150739,20,20,0,0
recipe:chenani_2019,recipe:gillespie_2021_mua,burst,0.206826,0.154198,0.257716,20,0.291665,0.23254,0.34881,20,0.243076,0.188666,0.296765,20,0.316238,0.264316,0.366311,20,20,0,0
recipe:chenani_2019,recipe:gridchyn_2020,burst,0.278774,0.240419,0.318886,20,0.257458,0.213175,0.302045,20,0.335445,0.294274,0.373938,20,0.265331,0.216957,0.311351,20,20,0,0
recipe:chenani_2019,recipe:grosmark_2016,network,0.638507,0.576062,0.693274,20,0.627026,0.579466,0.676313,20,0.638507,0.576062,0.693274,20,0.627026,0.579466,0.676313,20,20,0,0
recipe:chenani_2019,recipe:gupta_2010,network,0.139153,0.077351,0.203111,20,0.136597,0.0629069,0.207682,20,0.139153,0.077351,0.203111,20,0.136597,0.0629069,0.207682,20,20,0,0
recipe:chenani_2019,recipe:harvey_2023_code,network,0.224084,0.161816,0.283449,20,0.265249,0.21569,0.313725,20,0.224084,0.161816,0.283449,20,0.265249,0.21569,0.313725,20,20,0,0
recipe:chenani_2019,recipe:harvey_2023_no_radiatum,network,0.0981731,0.0320143,0.164859,20,0.12374,0.0684141,0.177932,20,0.0981731,0.0320143,0.164859,20,0.12374,0.0684141,0.177932,20,20,0,0
recipe:chenani_2019,recipe:harvey_2023_text,network,0.234861,0.157215,0.307617,20,0.176875,0.131965,0.222066,20,0.234861,0.157215,0.307617,20,0.176875,0.131965,0.222066,20,20,0,0
recipe:chenani_2019,recipe:huelin_gorriz_2023,network,0.25544,0.213858,0.298125,20,0.336773,0.274699,0.397331,20,0.25544,0.213858,0.298125,20,0.336773,0.274699,0.397331,20,20,0,0
recipe:chenani_2019,recipe:igata_2021,burst,0.21606,0.173109,0.262452,20,0.296996,0.236627,0.352145,20,0.246754,0.198859,0.295258,20,0.323617,0.272815,0.372469,20,20,0,0
recipe:chenani_2019,recipe:igata_2021_ripples,network,0.101137,0.0310052,0.166793,20,0.0653781,0.00958993,0.120113,20,0.101137,0.0310052,0.166793,20,0.0653781,0.00958993,0.120113,20,20,0,0
recipe:chenani_2019,recipe:jadhav_2016,network,-0.017586,-0.0867526,0.0443593,20,0.113791,0.0578068,0.168816,20,-0.017586,-0.0867526,0.0443593,20,0.113791,0.0578068,0.168816,20,20,0,0
recipe:chenani_2019,recipe:ji_2007,burst,0.387304,0.334912,0.4355,20,0.396745,0.333716,0.452765,20,0.463104,0.413411,0.512729,20,0.407468,0.342585,0.463249,20,20,0,0
recipe:chenani_2019,recipe:ji_2007_ripples,network,,,,0,,,,0,,,,0,,,,0,20,0,0
recipe:chenani_2019,recipe:kaefer_2020,network,0.5,0.5,0.5,1,0.5,0.5,0.5,1,0.5,0.5,0.5,1,0.5,0.5,0.5,1,20,0,0
recipe:chenani_2019,recipe:karlsson_2009,network,0.0861273,0.0232216,0.143367,20,0.0492727,-0.00806921,0.111038,20,0.0861273,0.0232216,0.143367,20,0.0492727,-0.00806921,0.111038,20,20,0,0
recipe:chenani_2019,recipe:krause_2022,network,0.351055,0.291096,0.412531,20,0.340961,0.296014,0.382141,20,0.351055,0.291096,0.412531,20,0.340961,0.296014,0.382141,20,20,0,0
recipe:chenani_2019,recipe:krause_2022_hse,burst,0.196215,0.146356,0.246199,20,0.281649,0.229308,0.329996,20,0.238378,0.188882,0.289286,20,0.300347,0.251619,0.34941,20,20,0,0
recipe:chenani_2019,recipe:kudrimoti_1999,network,0.3375,-0.3,0.857214,8,0.3125,-0.100227,0.7,8,0.3375,-0.3,0.857214,8,0.3125,-0.100227,0.7,8,20,0,0
recipe:chenani_2019,recipe:lee_2002,burst,0.408041,0.358315,0.453905,20,0.456249,0.411775,0.505552,20,0.432769,0.387871,0.478644,20,0.444575,0.400641,0.491116,20,20,0,0
recipe:chenani_2019,recipe:lee_2002_ripples,network,0.243885,0.072694,0.409294,19,0.197975,0.0152231,0.386258,19,0.243885,0.072694,0.409294,19,0.197975,0.0152231,0.386258,19,20,0,0
recipe:chenani_2019,recipe:liu_2019,burst,0.170015,0.119404,0.220274,20,0.197267,0.14003,0.256002,20,0.201128,0.141525,0.26089,20,0.201983,0.148715,0.256947,20,20,0,0
recipe:chenani_2019,recipe:liu_2019_awake,burst,0.170015,0.119404,0.220274,20,0.197267,0.14003,0.256002,20,0.201128,0.141525,0.26089,20,0.201983,0.148715,0.256947,20,20,0,0
recipe:chenani_2019,recipe:liu_2023,network,0.6116,0.559658,0.659537,20,0.565441,0.499749,0.621415,20,0.6116,0.559658,0.659537,20,0.565441,0.499749,0.621415,20,20,0,0
recipe:chenani_2019,recipe:maboudi_2018,burst,0.200097,0.152114,0.250201,20,0.28388,0.231604,0.333149,20,0.243836,0.196399,0.293024,20,0.302175,0.253294,0.351188,20,20,0,0
recipe:chenani_2019,recipe:maboudi_2018_open_field,burst,0.539593,0.494345,0.586605,20,0.550495,0.495893,0.605072,20,0.600584,0.559026,0.642604,20,0.576095,0.524287,0.627707,20,20,0,0
recipe:chenani_2019,recipe:mallory_2025,burst,0.537956,0.497893,0.57679,20,0.564624,0.512135,0.615652,20,0.590154,0.552611,0.62434,20,0.590889,0.543129,0.63686,20,20,0,0
recipe:chenani_2019,recipe:mallory_2025_ripples,network,0.0455324,-0.0128777,0.102964,20,0.0376318,-0.021922,0.0991634,20,0.0455324,-0.0128777,0.102964,20,0.0376318,-0.021922,0.0991634,20,20,0,0
recipe:chenani_2019,recipe:michon_2019,network,0.31223,0.235662,0.389732,20,0.356315,0.262549,0.454516,20,0.31223,0.235662,0.389732,20,0.356315,0.262549,0.454516,20,20,0,0
recipe:chenani_2019,recipe:michon_2021,network,0.31223,0.235662,0.389732,20,0.356315,0.262549,0.454516,20,0.31223,0.235662,0.389732,20,0.356315,0.262549,0.454516,20,20,0,0
recipe:chenani_2019,recipe:mou_2022,burst,0.179538,0.131972,0.227484,20,0.244184,0.192612,0.295779,20,0.197937,0.145572,0.250156,20,0.254867,0.202381,0.309287,20,20,0,0
recipe:chenani_2019,recipe:muessig_2019,network,0.636179,0.537986,0.731168,20,0.31909,0.198045,0.441033,20,0.636179,0.537986,0.731168,20,0.31909,0.198045,0.441033,20,20,0,0
recipe:chenani_2019,recipe:muessig_2019_ripples,network,0.206458,0.163544,0.245276,20,0.287929,0.238424,0.338162,20,0.206458,0.163544,0.245276,20,0.287929,0.238424,0.338162,20,20,0,0
recipe:chenani_2019,recipe:nadasdy_1999,network,0.177967,0.0887351,0.261162,20,0.146462,0.0763928,0.219141,20,0.177967,0.0887351,0.261162,20,0.146462,0.0763928,0.219141,20,20,0,0
recipe:chenani_2019,recipe:olafsdottir_2015,burst,0.665579,0.631274,0.69991,20,0.715321,0.673511,0.756389,20,0.702139,0.666128,0.735386,20,0.733149,0.690003,0.772995,20,20,0,0
recipe:chenani_2019,recipe:olafsdottir_2015.bayesian_candidates,burst,0.666615,0.630712,0.702756,20,0.711955,0.667718,0.752995,20,0.706686,0.672218,0.739113,20,0.73077,0.683802,0.774394,20,20,0,0
recipe:chenani_2019,recipe:olafsdottir_2016,burst,0.510422,0.448056,0.569728,20,0.466957,0.430249,0.501873,20,0.587091,0.527985,0.6464,20,0.491188,0.444423,0.534858,20,20,0,0
recipe:chenani_2019,recipe:olafsdottir_2017,burst,0.503042,0.451883,0.553183,20,0.464021,0.424088,0.503603,20,0.566481,0.515582,0.614577,20,0.48556,0.437736,0.530492,20,20,0,0
recipe:chenani_2019,recipe:olafsdottir_2017.trajectory,burst,0.510422,0.448056,0.569728,20,0.466957,0.430249,0.501873,20,0.587091,0.527985,0.6464,20,0.491188,0.444423,0.534858,20,20,0,0
recipe:chenani_2019,recipe:pfeiffer_2013,burst,0.539593,0.494345,0.586605,20,0.550495,0.495893,0.605072,20,0.600584,0.559026,0.642604,20,0.576095,0.524287,0.627707,20,20,0,0
recipe:chenani_2019,recipe:pfeiffer_2013_ripples,network,-0.0258251,-0.0761087,0.0254521,20,0.014063,-0.036161,0.0560827,20,-0.0258251,-0.0761087,0.0254521,20,0.014063,-0.036161,0.0560827,20,20,0,0
recipe:chenani_2019,recipe:pfeiffer_2015,network,-0.0259006,-0.0761823,0.025407,20,0.014063,-0.036161,0.0560827,20,-0.0259006,-0.0761823,0.025407,20,0.014063,-0.036161,0.0560827,20,20,0,0
recipe:chenani_2019,recipe:shin_2019,network,0.0861273,0.0232216,0.143367,20,0.0492727,-0.00806921,0.111038,20,0.0861273,0.0232216,0.143367,20,0.0492727,-0.00806921,0.111038,20,20,0,0
recipe:chenani_2019,recipe:silva_2015,burst,0.527053,0.487665,0.568421,20,0.512857,0.445622,0.575489,20,0.581298,0.538836,0.623803,20,0.545276,0.483003,0.604168,20,20,0,0
recipe:chenani_2019,recipe:stella_2019,network,0.210792,0.123347,0.288608,20,0.182706,0.105157,0.250135,20,0.210792,0.123347,0.288608,20,0.182706,0.105157,0.250135,20,20,0,0
recipe:chenani_2019,recipe:tang_2017,network,0.0861273,0.0232216,0.143367,20,0.0492727,-0.00806921,0.111038,20,0.0861273,0.0232216,0.143367,20,0.0492727,-0.00806921,0.111038,20,20,0,0
recipe:chenani_2019,recipe:tirole_2022,network,0.25544,0.213858,0.298125,20,0.336773,0.274699,0.397331,20,0.25544,0.213858,0.298125,20,0.336773,0.274699,0.397331,20,20,0,0
recipe:chenani_2019,recipe:widloski_2025,network,-0.0125094,-0.0877037,0.0616364,20,0.0152082,-0.0315852,0.0573129,20,-0.0125094,-0.0877037,0.0616364,20,0.0152082,-0.0315852,0.0573129,20,20,0,0
recipe:chenani_2019,recipe:widloski_2025_bursts,burst,0.072099,0.00867423,0.139345,20,0.107769,0.0383423,0.170465,20,0.0842048,0.00320907,0.170973,20,0.101324,0.0268508,0.172477,20,20,0,0
recipe:chenani_2019,recipe:wikenheiser_2013,network,0.0210116,-0.0342591,0.0748272,20,0.0254973,-0.0417714,0.0872401,20,0.0210116,-0.0342591,0.0748272,20,0.0254973,-0.0417714,0.0872401,20,20,0,0
recipe:chenani_2019,recipe:wu_2014,burst,0.735457,0.69595,0.773859,20,0.777767,0.743152,0.811087,20,0.761947,0.725429,0.798822,20,0.789321,0.754492,0.821763,20,20,0,0
recipe:chenani_2019,recipe:wu_2017,burst,0.290949,0.237844,0.342955,20,0.265126,0.207525,0.324029,20,0.362656,0.301672,0.42189,20,0.287033,0.223913,0.348795,20,20,0,0
recipe:chenani_2019,recipe:xu_2019,burst,0.533128,0.486059,0.577339,20,0.585268,0.540586,0.629381,20,0.580013,0.527811,0.626713,20,0.608696,0.569119,0.647778,20,20,0,0
recipe:chenani_2019,recipe:yamamoto_2017,network,0.37333,0.334016,0.41053,20,0.312854,0.24807,0.375523,20,0.37333,0.334016,0.41053,20,0.312854,0.24807,0.375523,20,20,0,0
recipe:chenani_2019,recipe:yang_2024,network,0.638507,0.576062,0.693274,20,0.627026,0.579466,0.676313,20,0.638507,0.576062,0.693274,20,0.627026,0.579466,0.676313,20,20,0,0
recipe:davidson_2009,recipe:denovellis_2021,network,0.0914279,0.0476956,0.142341,20,0.057789,0.0100703,0.108483,20,0.0914279,0.0476956,0.142341,20,0.057789,0.0100703,0.108483,20,20,0,0
recipe:davidson_2009,recipe:denovellis_2021_mua,burst,0.989588,0.983863,0.994154,20,0.983123,0.971723,0.991192,20,0.991512,0.987478,0.994982,20,0.982668,0.96886,0.991902,20,20,0,0
recipe:davidson_2009,recipe:diba_2007,burst,0.149434,0.07272,0.223126,20,-0.00457444,-0.0811046,0.0681379,20,0.183759,0.101218,0.261845,20,0.045204,-0.0310759,0.115594,20,20,0,0
recipe:davidson_2009,recipe:drieu_2018,burst,0.188728,0.121073,0.255035,20,0.250552,0.189538,0.311513,20,0.218973,0.153358,0.283563,20,0.276919,0.221347,0.332049,20,20,0,0
recipe:davidson_2009,recipe:farooq_2019_neuron,burst,0.212944,0.129032,0.29851,20,0.251915,0.167955,0.333768,20,0.275173,0.194455,0.356032,20,0.287718,0.206496,0.369147,20,20,0,0
recipe:davidson_2009,recipe:farooq_2019_science,burst,0.204657,0.118997,0.291305,20,0.249699,0.16708,0.33126,20,0.270468,0.191456,0.350786,20,0.284871,0.206273,0.364133,20,20,0,0
recipe:davidson_2009,recipe:farooq_2019_science_awake,burst,0.204657,0.118997,0.291305,20,0.249699,0.16708,0.33126,20,0.270468,0.191456,0.350786,20,0.284871,0.206273,0.364133,20,20,0,0
recipe:davidson_2009,recipe:foster_2006,burst,0.124544,-0.0276746,0.268063,20,0.289736,0.168311,0.395663,20,0.2157,0.128443,0.307026,20,0.280401,0.186099,0.376619,20,20,0,0
recipe:davidson_2009,recipe:foster_2006_ripples,network,-0.0102514,-0.167959,0.152319,20,0.150761,0.00424182,0.301548,20,-0.0102514,-0.167959,0.152319,20,0.150761,0.00424182,0.301548,20,20,0,0
recipe:davidson_2009,recipe:gillespie_2021,network,0.0838046,0.0403437,0.132336,20,0.0671532,0.0226145,0.115027,20,0.0838046,0.0403437,0.132336,20,0.0671532,0.0226145,0.115027,20,20,0,0
recipe:davidson_2009,recipe:gillespie_2021_mua,burst,0.999944,0.999906,0.999974,20,0.999958,0.999937,0.999975,20,0.999952,0.99992,0.999978,20,0.999952,0.999924,0.999975,20,20,0,0
recipe:davidson_2009,recipe:gridchyn_2020,burst,0.445298,0.400332,0.48873,20,0.358805,0.312183,0.401494,20,0.416105,0.376062,0.457616,20,0.356337,0.310484,0.401696,20,20,0,0
recipe:davidson_2009,recipe:grosmark_2016,network,0.326617,0.259652,0.394896,20,0.416632,0.365474,0.470017,20,0.326617,0.259652,0.394896,20,0.416632,0.365474,0.470017,20,20,0,0
recipe:davidson_2009,recipe:gupta_2010,network,0.136414,0.0716852,0.190872,20,0.117497,0.0632311,0.169375,20,0.136414,0.0716852,0.190872,20,0.117497,0.0632311,0.169375,20,20,0,0
recipe:davidson_2009,recipe:harvey_2023_code,network,0.0511276,0.0103494,0.0878735,20,0.0434891,-0.0200556,0.100171,20,0.0511276,0.0103494,0.0878735,20,0.0434891,-0.0200556,0.100171,20,20,0,0
recipe:davidson_2009,recipe:harvey_2023_no_radiatum,network,0.0752883,0.0121402,0.138812,20,0.073524,0.0398753,0.108745,20,0.0752883,0.0121402,0.138812,20,0.073524,0.0398753,0.108745,20,20,0,0
recipe:davidson_2009,recipe:harvey_2023_text,network,0.115335,0.0635276,0.173282,20,0.0876277,0.043699,0.130692,20,0.115335,0.0635276,0.173282,20,0.0876277,0.043699,0.130692,20,20,0,0
recipe:davidson_2009,recipe:huelin_gorriz_2023,network,0.928984,0.904613,0.950455,20,0.911659,0.883924,0.936621,20,0.928984,0.904613,0.950455,20,0.911659,0.883924,0.936621,20,20,0,0
recipe:davidson_2009,recipe:igata_2021,burst,1,1,1,20,1,1,1,20,1,1,1,20,1,1,1,20,20,0,0
recipe:davidson_2009,recipe:igata_2021_ripples,network,0.0550388,0.00196306,0.11235,20,0.0659647,0.0316764,0.0991755,20,0.0550388,0.00196306,0.11235,20,0.0659647,0.0316764,0.0991755,20,20,0,0
recipe:davidson_2009,recipe:jadhav_2016,network,0.0359468,-0.00233198,0.0779271,20,0.0495301,-0.000364706,0.104395,20,0.0359468,-0.00233198,0.0779271,20,0.0495301,-0.000364706,0.104395,20,20,0,0
recipe:davidson_2009,recipe:ji_2007,burst,0.47028,0.421042,0.517987,20,0.48145,0.421789,0.537438,20,0.434331,0.380859,0.484516,20,0.477436,0.420912,0.52878,20,20,0,0
recipe:davidson_2009,recipe:ji_2007_ripples,network,,,,0,,,,0,,,,0,,,,0,20,0,0
recipe:davidson_2009,recipe:kaefer_2020,network,0.5,0.5,0.5,1,-1,-1,-1,1,0.5,0.5,0.5,1,-1,-1,-1,1,20,0,0
recipe:davidson_2009,recipe:karlsson_2009,network,0.0654996,0.015016,0.121753,20,0.0395588,-0.00870431,0.0879188,20,0.0654996,0.015016,0.121753,20,0.0395588,-0.00870431,0.0879188,20,20,0,0
recipe:davidson_2009,recipe:krause_2022,network,0.16428,0.110237,0.215744,20,0.138118,0.0840734,0.194877,20,0.16428,0.110237,0.215744,20,0.138118,0.0840734,0.194877,20,20,0,0
recipe:davidson_2009,recipe:krause_2022_hse,burst,0.81347,0.785113,0.840362,20,0.80304,0.778034,0.827624,20,0.814372,0.787991,0.841211,20,0.79793,0.77225,0.823521,20,20,0,0
recipe:davidson_2009,recipe:kudrimoti_1999,network,0.04,-0.375208,0.422244,10,-0.14,-0.55,0.3,10,0.04,-0.375208,0.422244,10,-0.14,-0.55,0.3,10,20,0,0
recipe:davidson_2009,recipe:lee_2002,burst,0.176227,0.124881,0.227082,20,0.182756,0.130343,0.236612,20,0.186627,0.13349,0.234808,20,0.179679,0.123234,0.236329,20,20,0,0
recipe:davidson_2009,recipe:lee_2002_ripples,network,-0.0102514,-0.167959,0.152319,20,0.150761,0.00424182,0.301548,20,-0.0102514,-0.167959,0.152319,20,0.150761,0.00424182,0.301548,20,20,0,0
recipe:davidson_2009,recipe:liu_2019,burst,0.0902834,0.0345608,0.14248,20,0.11844,0.0593911,0.171864,20,0.0981854,0.0497152,0.147568,20,0.123564,0.062127,0.179442,20,20,0,0
recipe:davidson_2009,recipe:liu_2019_awake,burst,0.0902834,0.0345608,0.14248,20,0.11844,0.0593911,0.171864,20,0.0981854,0.0497152,0.147568,20,0.123564,0.062127,0.179442,20,20,0,0
recipe:davidson_2009,recipe:liu_2023,network,0.301797,0.236874,0.363504,20,0.389616,0.328463,0.452221,20,0.301797,0.236874,0.363504,20,0.389616,0.328463,0.452221,20,20,0,0
recipe:davidson_2009,recipe:maboudi_2018,burst,0.815052,0.787265,0.842778,20,0.798322,0.771095,0.825135,20,0.816379,0.786675,0.845098,20,0.793237,0.764362,0.821854,20,20,0,0
recipe:davidson_2009,recipe:maboudi_2018_open_field,burst,0.280566,0.216532,0.34046,20,0.379328,0.335015,0.419956,20,0.28148,0.222809,0.340511,20,0.39588,0.355944,0.437229,20,20,0,0
recipe:davidson_2009,recipe:mallory_2025,burst,0.304825,0.24268,0.372398,20,0.400103,0.34504,0.452674,20,0.310557,0.247971,0.378377,20,0.412293,0.355464,0.466737,20,20,0,0
recipe:davidson_2009,recipe:mallory_2025_ripples,network,0.0552917,0.00721288,0.108319,20,0.0404692,-0.0268504,0.111748,20,0.0552917,0.00721288,0.108319,20,0.0404692,-0.0268504,0.111748,20,20,0,0
recipe:davidson_2009,recipe:michon_2019,network,0.761241,0.700258,0.820529,20,0.782799,0.726239,0.835312,20,0.761241,0.700258,0.820529,20,0.782799,0.726239,0.835312,20,20,0,0
recipe:davidson_2009,recipe:michon_2021,network,0.761241,0.700258,0.820529,20,0.782799,0.726239,0.835312,20,0.761241,0.700258,0.820529,20,0.782799,0.726239,0.835312,20,20,0,0
recipe:davidson_2009,recipe:mou_2022,burst,0.65247,0.594359,0.713028,20,0.629673,0.564307,0.686687,20,0.651475,0.592822,0.711189,20,0.617734,0.553002,0.675751,20,20,0,0
recipe:davidson_2009,recipe:muessig_2019,network,0.303505,0.17659,0.426536,20,0.266879,0.0867651,0.427144,20,0.303505,0.17659,0.426536,20,0.266879,0.0867651,0.427144,20,20,0,0
recipe:davidson_2009,recipe:muessig_2019_ripples,network,0.0758934,0.0176609,0.129076,20,0.0903141,0.0518996,0.125677,20,0.0758934,0.0176609,0.129076,20,0.0903141,0.0518996,0.125677,20,20,0,0
recipe:davidson_2009,recipe:nadasdy_1999,network,0.0757851,0.0178515,0.140819,20,0.0655472,0.0164621,0.119673,20,0.0757851,0.0178515,0.140819,20,0.0655472,0.0164621,0.119673,20,20,0,0
recipe:davidson_2009,recipe:olafsdottir_2015,burst,0.198453,0.146215,0.253932,20,0.237887,0.183983,0.290788,20,0.219721,0.164184,0.272256,20,0.268024,0.217016,0.318777,20,20,0,0
recipe:davidson_2009,recipe:olafsdottir_2015.bayesian_candidates,burst,0.196265,0.129489,0.261517,20,0.235584,0.18251,0.28625,20,0.220176,0.14757,0.282273,20,0.267083,0.21696,0.314273,20,20,0,0
recipe:davidson_2009,recipe:olafsdottir_2016,burst,0.1184,0.0650296,0.178353,20,0.133845,0.0827376,0.190961,20,0.172161,0.11616,0.233263,20,0.170574,0.111886,0.229805,20,20,0,0
recipe:davidson_2009,recipe:olafsdottir_2017,burst,0.0974868,0.0445222,0.158051,20,0.189285,0.140099,0.244265,20,0.133321,0.0832733,0.188455,20,0.211646,0.155629,0.26922,20,20,0,0
recipe:davidson_2009,recipe:olafsdottir_2017.trajectory,burst,0.1184,0.0650296,0.178353,20,0.133845,0.0827376,0.190961,20,0.172161,0.11616,0.233263,20,0.170574,0.111886,0.229805,20,20,0,0
recipe:davidson_2009,recipe:pfeiffer_2013,burst,0.280566,0.216532,0.34046,20,0.379328,0.335015,0.419956,20,0.28148,0.222809,0.340511,20,0.39588,0.355944,0.437229,20,20,0,0
recipe:davidson_2009,recipe:pfeiffer_2013_ripples,network,0.0306466,-0.0206787,0.0820834,20,0.0355549,-0.0225987,0.0968155,20,0.0306466,-0.0206787,0.0820834,20,0.0355549,-0.0225987,0.0968155,20,20,0,0
recipe:davidson_2009,recipe:pfeiffer_2015,network,0.0307042,-0.0205634,0.0820974,20,0.0355549,-0.0225987,0.0968155,20,0.0307042,-0.0205634,0.0820974,20,0.0355549,-0.0225987,0.0968155,20,20,0,0
recipe:davidson_2009,recipe:shin_2019,network,0.0654996,0.015016,0.121753,20,0.0395588,-0.00870431,0.0879188,20,0.0654996,0.015016,0.121753,20,0.0395588,-0.00870431,0.0879188,20,20,0,0
recipe:davidson_2009,recipe:silva_2015,burst,0.296352,0.232668,0.361454,20,0.360573,0.309527,0.410718,20,0.3074,0.245093,0.369683,20,0.394949,0.345904,0.444649,20,20,0,0
recipe:davidson_2009,recipe:stella_2019,network,0.0928656,0.0474399,0.145395,20,0.0682997,0.037923,0.0994374,20,0.0928656,0.0474399,0.145395,20,0.0682997,0.037923,0.0994374,20,20,0,0
recipe:davidson_2009,recipe:tang_2017,network,0.0654996,0.015016,0.121753,20,0.0395588,-0.00870431,0.0879188,20,0.0654996,0.015016,0.121753,20,0.0395588,-0.00870431,0.0879188,20,20,0,0
recipe:davidson_2009,recipe:tirole_2022,network,0.928984,0.904613,0.950455,20,0.911659,0.883924,0.936621,20,0.928984,0.904613,0.950455,20,0.911659,0.883924,0.936621,20,20,0,0
recipe:davidson_2009,recipe:widloski_2025,network,-0.0113281,-0.0704493,0.0505212,20,0.0761502,0.0266636,0.126177,20,-0.0113281,-0.0704493,0.0505212,20,0.0761502,0.0266636,0.126177,20,20,0,0
recipe:davidson_2009,recipe:widloski_2025_bursts,burst,0.202444,0.141875,0.262268,20,0.256306,0.183749,0.327048,20,0.16914,0.118538,0.222051,20,0.242449,0.167307,0.31337,20,20,0,0
recipe:davidson_2009,recipe:wikenheiser_2013,network,-0.0117276,-0.0643011,0.0401237,20,0.0163231,-0.0411573,0.0757152,20,-0.0117276,-0.0643011,0.0401237,20,0.0163231,-0.0411573,0.0757152,20,20,0,0
recipe:davidson_2009,recipe:wu_2014,burst,0.226774,0.169556,0.283689,20,0.274893,0.235733,0.315427,20,0.244822,0.195388,0.297229,20,0.294172,0.258895,0.329961,20,20,0,0
recipe:davidson_2009,recipe:wu_2017,burst,0.304882,0.233673,0.367852,20,0.235996,0.18824,0.288559,20,0.286785,0.217198,0.354134,20,0.231666,0.17494,0.289439,20,20,0,0
recipe:davidson_2009,recipe:xu_2019,burst,0.286404,0.227124,0.349747,20,0.362045,0.313355,0.410095,20,0.302583,0.245881,0.367086,20,0.384287,0.333505,0.431338,20,20,0,0
recipe:davidson_2009,recipe:yamamoto_2017,network,0.191319,0.145018,0.23685,20,0.175344,0.115988,0.229088,20,0.191319,0.145018,0.23685,20,0.175344,0.115988,0.229088,20,20,0,0
recipe:davidson_2009,recipe:yang_2024,network,0.326617,0.259652,0.394896,20,0.416632,0.365474,0.470017,20,0.326617,0.259652,0.394896,20,0.416632,0.365474,0.470017,20,20,0,0
recipe:denovellis_2021,recipe:denovellis_2021_mua,network,0.104112,0.0666434,0.147757,20,0.0581553,0.0196121,0.100402,20,0.104112,0.0666434,0.147757,20,0.0581553,0.0196121,0.100402,20,20,0,0
recipe:denovellis_2021,recipe:diba_2007,network,0.111113,0.0457262,0.177719,20,0.121892,0.0179223,0.222132,20,0.111113,0.0457262,0.177719,20,0.121892,0.0179223,0.222132,20,20,0,0
recipe:denovellis_2021,recipe:drieu_2018,network,0.115819,0.066808,0.163282,20,0.0811461,0.0334335,0.127192,20,0.115819,0.066808,0.163282,20,0.0811461,0.0334335,0.127192,20,20,0,0
recipe:denovellis_2021,recipe:farooq_2019_neuron,network,0.177609,0.0957773,0.259452,20,0.171877,0.0821226,0.254862,20,0.177609,0.0957773,0.259452,20,0.171877,0.0821226,0.254862,20,20,0,0
recipe:denovellis_2021,recipe:farooq_2019_science,network,0.180992,0.100544,0.260554,20,0.16569,0.0726917,0.25145,20,0.180992,0.100544,0.260554,20,0.16569,0.0726917,0.25145,20,20,0,0
recipe:denovellis_2021,recipe:farooq_2019_science_awake,network,0.180992,0.100544,0.260554,20,0.16569,0.0726917,0.25145,20,0.180992,0.100544,0.260554,20,0.16569,0.0726917,0.25145,20,20,0,0
recipe:denovellis_2021,recipe:foster_2006,network,0.144822,0.01267,0.272973,20,0.102892,-0.0251835,0.230887,20,0.144822,0.01267,0.272973,20,0.102892,-0.0251835,0.230887,20,20,0,0
recipe:denovellis_2021,recipe:foster_2006_ripples,ripple,0.222356,0.00398341,0.444333,20,0.324964,0.192747,0.458027,20,0.463387,0.342547,0.586185,20,0.541899,0.42442,0.651169,20,20,0,0
recipe:denovellis_2021,recipe:gillespie_2021,ripple,0.921991,0.900026,0.940485,20,0.91006,0.890521,0.928873,20,0.927326,0.90835,0.945048,20,0.920133,0.902454,0.938239,20,20,0,0
recipe:denovellis_2021,recipe:gillespie_2021_mua,network,0.0891953,0.0469879,0.138536,20,0.0656584,0.0224599,0.111509,20,0.0891953,0.0469879,0.138536,20,0.0656584,0.0224599,0.111509,20,20,0,0
recipe:denovellis_2021,recipe:gridchyn_2020,network,0.21623,0.162791,0.265041,20,0.251467,0.203974,0.297162,20,0.21623,0.162791,0.265041,20,0.251467,0.203974,0.297162,20,20,0,0
recipe:denovellis_2021,recipe:grosmark_2016,network,0.0860553,0.0344736,0.140482,20,0.0162597,-0.0471356,0.0773867,20,0.0860553,0.0344736,0.140482,20,0.0162597,-0.0471356,0.0773867,20,20,0,0
recipe:denovellis_2021,recipe:gupta_2010,ripple,0.452989,0.394459,0.510535,20,0.419453,0.378088,0.464553,20,0.547895,0.500915,0.597219,20,0.523529,0.474148,0.570799,20,20,0,0
recipe:denovellis_2021,recipe:harvey_2023_code,ripple,0.259178,0.21524,0.303602,20,0.290961,0.22077,0.364057,20,0.34341,0.280085,0.400539,20,0.462582,0.39005,0.528787,20,20,0,0
recipe:denovellis_2021,recipe:harvey_2023_no_radiatum,ripple,0.261784,0.200821,0.325525,20,0.308656,0.262404,0.363056,20,0.312076,0.250765,0.378385,20,0.392718,0.327898,0.447799,20,20,0,0
recipe:denovellis_2021,recipe:harvey_2023_text,ripple,0.379696,0.326677,0.435321,20,0.415062,0.345869,0.475654,20,0.558667,0.514966,0.603102,20,0.548136,0.507757,0.592819,20,20,0,0
recipe:denovellis_2021,recipe:huelin_gorriz_2023,network,0.0967794,0.0440435,0.152682,20,0.0535348,0.000138998,0.106263,20,0.0967794,0.0440435,0.152682,20,0.0535348,0.000138998,0.106263,20,20,0,0
recipe:denovellis_2021,recipe:igata_2021,network,0.10711,0.0688689,0.151013,20,0.062293,0.0235026,0.103934,20,0.10711,0.0688689,0.151013,20,0.062293,0.0235026,0.103934,20,20,0,0
recipe:denovellis_2021,recipe:igata_2021_ripples,ripple,0.552537,0.521192,0.584011,20,0.584751,0.539394,0.631431,20,0.670753,0.627048,0.708475,20,0.712948,0.669251,0.751135,20,20,0,0
recipe:denovellis_2021,recipe:jadhav_2016,ripple,0.667675,0.635864,0.697392,20,0.69349,0.654807,0.733132,20,0.68355,0.646957,0.718882,20,0.701247,0.663981,0.740562,20,20,0,0
recipe:denovellis_2021,recipe:ji_2007,network,0.298175,0.247694,0.346925,20,0.2839,0.254822,0.315941,20,0.298175,0.247694,0.346925,20,0.2839,0.254822,0.315941,20,20,0,0
recipe:denovellis_2021,recipe:ji_2007_ripples,ripple,,,,0,,,,0,,,,0,,,,0,20,0,0
recipe:denovellis_2021,recipe:kaefer_2020,ripple,1,1,1,1,0.5,0.5,0.5,1,1,1,1,1,0.5,0.5,0.5,1,20,0,0
recipe:denovellis_2021,recipe:karlsson_2009,ripple,0.666872,0.633363,0.697948,20,0.696,0.659111,0.729338,20,0.737998,0.708442,0.767566,20,0.735082,0.699402,0.769181,20,20,0,0
recipe:denovellis_2021,recipe:krause_2022,network,0.380138,0.334928,0.431495,20,0.494855,0.449121,0.539586,20,0.380138,0.334928,0.431495,20,0.494855,0.449121,0.539586,20,20,0,0
recipe:denovellis_2021,recipe:krause_2022_hse,network,0.0835584,0.026883,0.144309,20,0.0812503,0.0338588,0.127838,20,0.0835584,0.026883,0.144309,20,0.0812503,0.0338588,0.127838,20,20,0,0
recipe:denovellis_2021,recipe:kudrimoti_1999,ripple,0.31,0.00909091,0.575,10,0.46,0.0909091,0.758375,10,0.0636364,-0.411146,0.5375,11,0.427273,-0.0357143,0.8,11,20,0,0
recipe:denovellis_2021,recipe:lee_2002,network,0.0160104,-0.0321756,0.0628607,20,0.0253147,-0.0203437,0.0712472,20,0.0160104,-0.0321756,0.0628607,20,0.0253147,-0.0203437,0.0712472,20,20,0,0
recipe:denovellis_2021,recipe:lee_2002_ripples,ripple,0.222356,0.00398341,0.444333,20,0.324964,0.192747,0.458027,20,0.463387,0.342547,0.586185,20,0.541899,0.42442,0.651169,20,20,0,0
recipe:denovellis_2021,recipe:liu_2019,network,0.0226741,-0.030183,0.0751018,20,0.0664933,0.00986281,0.121129,20,0.0226741,-0.030183,0.0751018,20,0.0664933,0.00986281,0.121129,20,20,0,0
recipe:denovellis_2021,recipe:liu_2019_awake,network,0.0226741,-0.030183,0.0751018,20,0.0664933,0.00986281,0.121129,20,0.0226741,-0.030183,0.0751018,20,0.0664933,0.00986281,0.121129,20,20,0,0
recipe:denovellis_2021,recipe:liu_2023,network,0.137215,0.0691639,0.191328,20,0.0382105,-0.0342407,0.11154,20,0.137215,0.0691639,0.191328,20,0.0382105,-0.0342407,0.11154,20,20,0,0
recipe:denovellis_2021,recipe:maboudi_2018,network,0.0748837,0.0146409,0.139176,20,0.074955,0.0288318,0.123891,20,0.0748837,0.0146409,0.139176,20,0.074955,0.0288318,0.123891,20,20,0,0
recipe:denovellis_2021,recipe:maboudi_2018_open_field,network,0.119372,0.0665452,0.175571,20,0.0869713,0.0120442,0.158758,20,0.119372,0.0665452,0.175571,20,0.0869713,0.0120442,0.158758,20,20,0,0
recipe:denovellis_2021,recipe:mallory_2025,network,0.0832865,0.0330765,0.134395,20,0.0342686,-0.0207903,0.0913378,20,0.0832865,0.0330765,0.134395,20,0.0342686,-0.0207903,0.0913378,20,20,0,0
recipe:denovellis_2021,recipe:mallory_2025_ripples,ripple,0.403979,0.362792,0.447868,20,0.483086,0.449024,0.51543,20,0.452197,0.412382,0.491808,20,0.531105,0.499176,0.56282,20,20,0,0
recipe:denovellis_2021,recipe:michon_2019,network,0.179482,0.0893584,0.256707,20,0.109789,0.0486173,0.180409,20,0.179482,0.0893584,0.256707,20,0.109789,0.0486173,0.180409,20,20,0,0
recipe:denovellis_2021,recipe:michon_2021,network,0.179482,0.0893584,0.256707,20,0.109789,0.0486173,0.180409,20,0.179482,0.0893584,0.256707,20,0.109789,0.0486173,0.180409,20,20,0,0
recipe:denovellis_2021,recipe:mou_2022,network,0.0619176,0.0126321,0.115888,20,0.0470618,0.00884117,0.0877286,20,0.0619176,0.0126321,0.115888,20,0.0470618,0.00884117,0.0877286,20,20,0,0
recipe:denovellis_2021,recipe:muessig_2019,network,0.183922,0.0644399,0.301506,20,0.109168,-0.0723119,0.28232,20,0.183922,0.0644399,0.301506,20,0.109168,-0.0723119,0.28232,20,20,0,0
recipe:denovellis_2021,recipe:muessig_2019_ripples,ripple,0.298473,0.252848,0.344575,20,0.26181,0.217391,0.303363,20,0.361106,0.307268,0.407827,20,0.406166,0.362023,0.44791,20,20,0,0
recipe:denovellis_2021,recipe:nadasdy_1999,ripple,0.580715,0.516191,0.644584,20,0.557707,0.49931,0.61134,20,0.687757,0.650233,0.725872,20,0.621555,0.572168,0.668257,20,20,0,0
recipe:denovellis_2021,recipe:olafsdottir_2015,network,0.127748,0.0706729,0.177557,20,0.0760219,0.022424,0.125423,20,0.127748,0.0706729,0.177557,20,0.0760219,0.022424,0.125423,20,20,0,0
recipe:denovellis_2021,recipe:olafsdottir_2015.bayesian_candidates,network,0.138069,0.0831708,0.189071,20,0.079602,0.0158299,0.14242,20,0.138069,0.0831708,0.189071,20,0.079602,0.0158299,0.14242,20,20,0,0
recipe:denovellis_2021,recipe:olafsdottir_2016,network,0.149526,0.0933815,0.202974,20,0.202919,0.15741,0.250757,20,0.149526,0.0933815,0.202974,20,0.202919,0.15741,0.250757,20,20,0,0
recipe:denovellis_2021,recipe:olafsdottir_2017,network,0.131578,0.0738215,0.183817,20,0.206136,0.158606,0.254645,20,0.131578,0.0738215,0.183817,20,0.206136,0.158606,0.254645,20,20,0,0
recipe:denovellis_2021,recipe:olafsdottir_2017.trajectory,network,0.149526,0.0933815,0.202974,20,0.202919,0.15741,0.250757,20,0.149526,0.0933815,0.202974,20,0.202919,0.15741,0.250757,20,20,0,0
recipe:denovellis_2021,recipe:pfeiffer_2013,network,0.119372,0.0665452,0.175571,20,0.0869713,0.0120442,0.158758,20,0.119372,0.0665452,0.175571,20,0.0869713,0.0120442,0.158758,20,20,0,0
recipe:denovellis_2021,recipe:pfeiffer_2013_ripples,ripple,0.498004,0.461157,0.535928,20,0.550244,0.513669,0.589207,20,0.48859,0.447757,0.527512,20,0.597266,0.558027,0.638518,20,20,0,0
recipe:denovellis_2021,recipe:pfeiffer_2015,ripple,0.498004,0.461157,0.535928,20,0.550244,0.513669,0.589207,20,0.488617,0.447784,0.527539,20,0.597266,0.558027,0.638518,20,20,0,0
recipe:denovellis_2021,recipe:shin_2019,ripple,0.666872,0.633363,0.697948,20,0.696,0.659111,0.729338,20,0.737998,0.708442,0.767566,20,0.735082,0.699402,0.769181,20,20,0,0
recipe:denovellis_2021,recipe:silva_2015,network,0.109845,0.0464199,0.173021,20,0.0809635,0.0136185,0.149244,20,0.109845,0.0464199,0.173021,20,0.0809635,0.0136185,0.149244,20,20,0,0
recipe:denovellis_2021,recipe:stella_2019,ripple,0.468522,0.409697,0.531568,20,0.437436,0.387334,0.484742,20,0.598867,0.547492,0.650076,20,0.594908,0.555635,0.634019,20,20,0,0
recipe:denovellis_2021,recipe:tang_2017,ripple,0.666872,0.633363,0.697948,20,0.696,0.659111,0.729338,20,0.737998,0.708442,0.767566,20,0.735082,0.699402,0.769181,20,20,0,0
recipe:denovellis_2021,recipe:tirole_2022,network,0.0967794,0.0440435,0.152682,20,0.0535348,0.000138998,0.106263,20,0.0967794,0.0440435,0.152682,20,0.0535348,0.000138998,0.106263,20,20,0,0
recipe:denovellis_2021,recipe:widloski_2025,ripple,0.0859074,0.0105009,0.165584,20,0.130229,0.0470656,0.210997,20,0.119542,0.0400873,0.194966,20,0.168828,0.0797423,0.25774,20,20,0,0
recipe:denovellis_2021,recipe:widloski_2025_bursts,network,-0.0115568,-0.0891777,0.0641795,20,0.0658717,0.00635022,0.12602,20,-0.0115568,-0.0891777,0.0641795,20,0.0658717,0.00635022,0.12602,20,20,0,0
recipe:denovellis_2021,recipe:wikenheiser_2013,ripple,0.106634,0.0440642,0.174601,20,0.0989972,0.0399816,0.157855,20,0.142429,0.0867591,0.20128,20,0.150807,0.0900148,0.209812,20,20,0,0
recipe:denovellis_2021,recipe:wu_2014,network,0.102359,0.0533231,0.147981,20,0.0588943,0.0142551,0.108409,20,0.102359,0.0533231,0.147981,20,0.0588943,0.0142551,0.108409,20,20,0,0
recipe:denovellis_2021,recipe:wu_2017,network,0.265673,0.205465,0.325742,20,0.288319,0.226567,0.350877,20,0.265673,0.205465,0.325742,20,0.288319,0.226567,0.350877,20,20,0,0
recipe:denovellis_2021,recipe:xu_2019,network,0.071081,0.0295164,0.113708,20,0.0369644,-0.0148879,0.0909401,20,0.071081,0.0295164,0.113708,20,0.0369644,-0.0148879,0.0909401,20,20,0,0
recipe:denovellis_2021,recipe:yamamoto_2017,network,0.33407,0.269098,0.391188,20,0.360582,0.299674,0.426072,20,0.33407,0.269098,0.391188,20,0.360582,0.299674,0.426072,20,20,0,0
recipe:denovellis_2021,recipe:yang_2024,network,0.0860553,0.0344736,0.140482,20,0.0162597,-0.0471356,0.0773867,20,0.0860553,0.0344736,0.140482,20,0.0162597,-0.0471356,0.0773867,20,20,0,0
recipe:denovellis_2021_mua,recipe:diba_2007,burst,0.123475,0.0537521,0.191208,20,-0.013038,-0.0898779,0.0598156,20,0.165024,0.0945486,0.23497,20,0.0351093,-0.0452038,0.106979,20,20,0,0
recipe:denovellis_2021_mua,recipe:drieu_2018,burst,0.190582,0.124087,0.256507,20,0.259637,0.196956,0.323976,20,0.218113,0.148309,0.287867,20,0.287184,0.231798,0.343549,20,20,0,0
recipe:denovellis_2021_mua,recipe:farooq_2019_neuron,burst,0.201362,0.121669,0.282234,20,0.265429,0.196296,0.337654,20,0.262835,0.187356,0.34021,20,0.296758,0.228868,0.367009,20,20,0,0
recipe:denovellis_2021_mua,recipe:farooq_2019_science,burst,0.192973,0.112503,0.274705,20,0.263833,0.196478,0.333641,20,0.257827,0.181497,0.336334,20,0.29476,0.228552,0.362555,20,20,0,0
recipe:denovellis_2021_mua,recipe:farooq_2019_science_awake,burst,0.192973,0.112503,0.274705,20,0.263833,0.196478,0.333641,20,0.257827,0.181497,0.336334,20,0.29476,0.228552,0.362555,20,20,0,0
recipe:denovellis_2021_mua,recipe:foster_2006,burst,0.109025,-0.0450859,0.2433,20,0.286162,0.160232,0.402788,20,0.223169,0.135458,0.30853,20,0.298474,0.201772,0.396273,20,20,0,0
recipe:denovellis_2021_mua,recipe:foster_2006_ripples,network,-0.0482884,-0.21613,0.121254,20,0.162985,0.0240589,0.303004,20,-0.0482884,-0.21613,0.121254,20,0.162985,0.0240589,0.303004,20,20,0,0
recipe:denovellis_2021_mua,recipe:gillespie_2021,network,0.0948387,0.054586,0.137537,20,0.0576553,0.0209487,0.0980792,20,0.0948387,0.054586,0.137537,20,0.0576553,0.0209487,0.0980792,20,20,0,0
recipe:denovellis_2021_mua,recipe:gillespie_2021_mua,burst,0.9897,0.984266,0.994139,20,0.982163,0.968628,0.99135,20,0.990659,0.986512,0.994251,20,0.981663,0.965437,0.992071,20,20,0,0
recipe:denovellis_2021_mua,recipe:gridchyn_2020,burst,0.429856,0.386128,0.471482,20,0.34764,0.305504,0.389086,20,0.403066,0.364582,0.444147,20,0.347562,0.306431,0.387692,20,20,0,0
recipe:denovellis_2021_mua,recipe:grosmark_2016,network,0.317206,0.247696,0.386304,20,0.420631,0.369575,0.470855,20,0.317206,0.247696,0.386304,20,0.420631,0.369575,0.470855,20,20,0,0
recipe:denovellis_2021_mua,recipe:gupta_2010,network,0.125682,0.0734452,0.174391,20,0.119817,0.0749542,0.163651,20,0.125682,0.0734452,0.174391,20,0.119817,0.0749542,0.163651,20,20,0,0
recipe:denovellis_2021_mua,recipe:harvey_2023_code,network,0.0344956,-0.00478296,0.0704466,20,0.0496604,-0.000979313,0.0975333,20,0.0344956,-0.00478296,0.0704466,20,0.0496604,-0.000979313,0.0975333,20,20,0,0
recipe:denovellis_2021_mua,recipe:harvey_2023_no_radiatum,network,0.0633739,0.000682562,0.127208,20,0.0873807,0.0549351,0.121999,20,0.0633739,0.000682562,0.127208,20,0.0873807,0.0549351,0.121999,20,20,0,0
recipe:denovellis_2021_mua,recipe:harvey_2023_text,network,0.105331,0.05328,0.160702,20,0.0939126,0.0468916,0.139591,20,0.105331,0.05328,0.160702,20,0.0939126,0.0468916,0.139591,20,20,0,0
recipe:denovellis_2021_mua,recipe:huelin_gorriz_2023,network,0.914864,0.888806,0.939065,20,0.892613,0.859464,0.922804,20,0.914864,0.888806,0.939065,20,0.892613,0.859464,0.922804,20,20,0,0
recipe:denovellis_2021_mua,recipe:igata_2021,burst,0.987718,0.979535,0.993842,20,0.983601,0.971111,0.992145,20,0.989657,0.981944,0.995112,20,0.983417,0.968632,0.992809,20,20,0,0
recipe:denovellis_2021_mua,recipe:igata_2021_ripples,network,0.054354,0.00481466,0.106914,20,0.0766069,0.0498792,0.108511,20,0.054354,0.00481466,0.106914,20,0.0766069,0.0498792,0.108511,20,20,0,0
recipe:denovellis_2021_mua,recipe:jadhav_2016,network,0.0467616,0.0125665,0.081115,20,0.0487671,0.00706589,0.0926337,20,0.0467616,0.0125665,0.081115,20,0.0487671,0.00706589,0.0926337,20,20,0,0
recipe:denovellis_2021_mua,recipe:ji_2007,burst,0.450043,0.406803,0.49213,20,0.472445,0.416861,0.523788,20,0.414943,0.370875,0.455747,20,0.465478,0.412692,0.51626,20,20,0,0
recipe:denovellis_2021_mua,recipe:ji_2007_ripples,network,,,,0,,,,0,,,,0,,,,0,20,0,0
recipe:denovellis_2021_mua,recipe:kaefer_2020,network,0.5,0.5,0.5,1,-1,-1,-1,1,0.5,0.5,0.5,1,-1,-1,-1,1,20,0,0
recipe:denovellis_2021_mua,recipe:karlsson_2009,network,0.070119,0.0279286,0.114762,20,0.0404024,-0.0013193,0.0830131,20,0.070119,0.0279286,0.114762,20,0.0404024,-0.0013193,0.0830131,20,20,0,0
recipe:denovellis_2021_mua,recipe:krause_2022,network,0.166999,0.115576,0.215083,20,0.152267,0.102721,0.203298,20,0.166999,0.115576,0.215083,20,0.152267,0.102721,0.203298,20,20,0,0
recipe:denovellis_2021_mua,recipe:krause_2022_hse,burst,0.821535,0.796301,0.845704,20,0.81405,0.788969,0.839404,20,0.819422,0.793998,0.844705,20,0.809988,0.784194,0.836693,20,20,0,0
recipe:denovellis_2021_mua,recipe:kudrimoti_1999,network,0.0636364,-0.318227,0.411146,11,-0.0181818,-0.43,0.433333,11,0.0636364,-0.318227,0.411146,11,-0.0181818,-0.43,0.433333,11,20,0,0
recipe:denovellis_2021_mua,recipe:lee_2002,burst,0.18351,0.135132,0.229642,20,0.189439,0.138528,0.239177,20,0.189346,0.144897,0.231768,20,0.178344,0.123273,0.233684,20,20,0,0
recipe:denovellis_2021_mua,recipe:lee_2002_ripples,network,-0.0482884,-0.21613,0.121254,20,0.162985,0.0240589,0.303004,20,-0.0482884,-0.21613,0.121254,20,0.162985,0.0240589,0.303004,20,20,0,0
recipe:denovellis_2021_mua,recipe:liu_2019,burst,0.102768,0.0539539,0.148467,20,0.122499,0.0713233,0.171183,20,0.108962,0.066784,0.152136,20,0.123568,0.0715542,0.174012,20,20,0,0
recipe:denovellis_2021_mua,recipe:liu_2019_awake,burst,0.102768,0.0539539,0.148467,20,0.122499,0.0713233,0.171183,20,0.108962,0.066784,0.152136,20,0.123568,0.0715542,0.174012,20,20,0,0
recipe:denovellis_2021_mua,recipe:liu_2023,network,0.294703,0.232638,0.356378,20,0.401344,0.348174,0.455218,20,0.294703,0.232638,0.356378,20,0.401344,0.348174,0.455218,20,20,0,0
recipe:denovellis_2021_mua,recipe:maboudi_2018,burst,0.823278,0.798177,0.848445,20,0.809217,0.782062,0.836136,20,0.821423,0.792686,0.848345,20,0.805402,0.777692,0.834358,20,20,0,0
recipe:denovellis_2021_mua,recipe:maboudi_2018_open_field,burst,0.280001,0.215451,0.342152,20,0.37832,0.332278,0.424247,20,0.28639,0.225739,0.348176,20,0.396802,0.354316,0.438295,20,20,0,0
recipe:denovellis_2021_mua,recipe:mallory_2025,burst,0.313715,0.253138,0.380838,20,0.399866,0.351405,0.446226,20,0.31968,0.252929,0.393024,20,0.412783,0.363319,0.460035,20,20,0,0
recipe:denovellis_2021_mua,recipe:mallory_2025_ripples,network,0.05572,0.0110936,0.102927,20,0.0440711,-0.0137113,0.105331,20,0.05572,0.0110936,0.102927,20,0.0440711,-0.0137113,0.105331,20,20,0,0
recipe:denovellis_2021_mua,recipe:michon_2019,network,0.749944,0.697897,0.803227,20,0.767418,0.703988,0.822722,20,0.749944,0.697897,0.803227,20,0.767418,0.703988,0.822722,20,20,0,0
recipe:denovellis_2021_mua,recipe:michon_2021,network,0.749944,0.697897,0.803227,20,0.767418,0.703988,0.822722,20,0.749944,0.697897,0.803227,20,0.767418,0.703988,0.822722,20,20,0,0
recipe:denovellis_2021_mua,recipe:mou_2022,burst,0.666937,0.612543,0.723227,20,0.63693,0.575129,0.691817,20,0.663129,0.606849,0.719383,20,0.625593,0.564398,0.682595,20,20,0,0
recipe:denovellis_2021_mua,recipe:muessig_2019,network,0.306157,0.18282,0.425377,20,0.212756,0.0421126,0.374465,20,0.306157,0.18282,0.425377,20,0.212756,0.0421126,0.374465,20,20,0,0
recipe:denovellis_2021_mua,recipe:muessig_2019_ripples,network,0.0717992,0.0137876,0.12578,20,0.0807662,0.0504848,0.107813,20,0.0717992,0.0137876,0.12578,20,0.0807662,0.0504848,0.107813,20,20,0,0
recipe:denovellis_2021_mua,recipe:nadasdy_1999,network,0.071856,0.0190369,0.132637,20,0.059079,0.00352636,0.116071,20,0.071856,0.0190369,0.132637,20,0.059079,0.00352636,0.116071,20,20,0,0
recipe:denovellis_2021_mua,recipe:olafsdottir_2015,burst,0.201091,0.143399,0.257226,20,0.262978,0.210197,0.315106,20,0.217707,0.162743,0.271467,20,0.292822,0.241009,0.342859,20,20,0,0
recipe:denovellis_2021_mua,recipe:olafsdottir_2015.bayesian_candidates,burst,0.18754,0.118361,0.252547,20,0.269165,0.215354,0.321847,20,0.208656,0.137453,0.27383,20,0.298122,0.245449,0.348719,20,20,0,0
recipe:denovellis_2021_mua,recipe:olafsdottir_2016,burst,0.114904,0.067833,0.168799,20,0.134723,0.0777769,0.196453,20,0.161098,0.112712,0.215277,20,0.170124,0.110721,0.231609,20,20,0,0
recipe:denovellis_2021_mua,recipe:olafsdottir_2017,burst,0.0908665,0.0382924,0.148216,20,0.186592,0.133963,0.245551,20,0.121522,0.0740352,0.174914,20,0.212025,0.159636,0.270476,20,20,0,0
recipe:denovellis_2021_mua,recipe:olafsdottir_2017.trajectory,burst,0.114904,0.067833,0.168799,20,0.134723,0.0777769,0.196453,20,0.161098,0.112712,0.215277,20,0.170124,0.110721,0.231609,20,20,0,0
recipe:denovellis_2021_mua,recipe:pfeiffer_2013,burst,0.280001,0.215451,0.342152,20,0.37832,0.332278,0.424247,20,0.28639,0.225739,0.348176,20,0.396802,0.354316,0.438295,20,20,0,0
recipe:denovellis_2021_mua,recipe:pfeiffer_2013_ripples,network,0.0408164,-0.00881354,0.0930447,20,0.0480508,0.0015574,0.0923957,20,0.0408164,-0.00881354,0.0930447,20,0.0480508,0.0015574,0.0923957,20,20,0,0
recipe:denovellis_2021_mua,recipe:pfeiffer_2015,network,0.0408698,-0.00877794,0.0931543,20,0.0480508,0.0015574,0.0923957,20,0.0408698,-0.00877794,0.0931543,20,0.0480508,0.0015574,0.0923957,20,20,0,0
recipe:denovellis_2021_mua,recipe:shin_2019,network,0.070119,0.0279286,0.114762,20,0.0404024,-0.0013193,0.0830131,20,0.070119,0.0279286,0.114762,20,0.0404024,-0.0013193,0.0830131,20,20,0,0
recipe:denovellis_2021_mua,recipe:silva_2015,burst,0.291736,0.231113,0.355981,20,0.361378,0.307115,0.412608,20,0.30241,0.240997,0.364027,20,0.397005,0.347411,0.445527,20,20,0,0
recipe:denovellis_2021_mua,recipe:stella_2019,network,0.0866421,0.0436814,0.133004,20,0.0723293,0.0471264,0.0978244,20,0.0866421,0.0436814,0.133004,20,0.0723293,0.0471264,0.0978244,20,20,0,0
recipe:denovellis_2021_mua,recipe:tang_2017,network,0.070119,0.0279286,0.114762,20,0.0404024,-0.0013193,0.0830131,20,0.070119,0.0279286,0.114762,20,0.0404024,-0.0013193,0.0830131,20,20,0,0
recipe:denovellis_2021_mua,recipe:tirole_2022,network,0.914864,0.888806,0.939065,20,0.892613,0.859464,0.922804,20,0.914864,0.888806,0.939065,20,0.892613,0.859464,0.922804,20,20,0,0
recipe:denovellis_2021_mua,recipe:widloski_2025,network,-0.0123106,-0.0688747,0.0460936,20,0.0796761,0.031475,0.127686,20,-0.0123106,-0.0688747,0.0460936,20,0.0796761,0.031475,0.127686,20,20,0,0
recipe:denovellis_2021_mua,recipe:widloski_2025_bursts,burst,0.194478,0.134896,0.251025,20,0.248206,0.175112,0.322457,20,0.159879,0.108215,0.210569,20,0.230395,0.156997,0.302335,20,20,0,0
recipe:denovellis_2021_mua,recipe:wikenheiser_2013,network,-0.00312785,-0.0485878,0.0411827,20,0.0217736,-0.0353574,0.0831647,20,-0.00312785,-0.0485878,0.0411827,20,0.0217736,-0.0353574,0.0831647,20,20,0,0
recipe:denovellis_2021_mua,recipe:wu_2014,burst,0.215223,0.156951,0.27291,20,0.288677,0.252001,0.32826,20,0.229922,0.177818,0.283304,20,0.313839,0.281506,0.348127,20,20,0,0
recipe:denovellis_2021_mua,recipe:wu_2017,burst,0.292991,0.222678,0.360904,20,0.222051,0.174198,0.272172,20,0.278651,0.212279,0.342917,20,0.216815,0.165649,0.268669,20,20,0,0
recipe:denovellis_2021_mua,recipe:xu_2019,burst,0.282678,0.223085,0.346788,20,0.376916,0.332637,0.416991,20,0.297609,0.240765,0.361949,20,0.398729,0.353718,0.439499,20,20,0,0
recipe:denovellis_2021_mua,recipe:yamamoto_2017,network,0.183667,0.138233,0.231612,20,0.16505,0.101779,0.221346,20,0.183667,0.138233,0.231612,20,0.16505,0.101779,0.221346,20,20,0,0
recipe:denovellis_2021_mua,recipe:yang_2024,network,0.317206,0.247696,0.386304,20,0.420631,0.369575,0.470855,20,0.317206,0.247696,0.386304,20,0.420631,0.369575,0.470855,20,20,0,0
recipe:diba_2007,recipe:drieu_2018,burst,0.212731,0.114695,0.307504,20,0.0834274,-0.00285419,0.160494,20,0.245495,0.138156,0.347495,20,0.141462,0.051908,0.22414,20,20,0,0
recipe:diba_2007,recipe:farooq_2019_neuron,burst,0.201848,0.116868,0.284095,20,0.190854,0.0993955,0.287529,20,0.262188,0.177497,0.348139,20,0.285219,0.169009,0.396618,20,20,0,0
recipe:diba_2007,recipe:farooq_2019_science,burst,0.201848,0.116868,0.284095,20,0.190854,0.0993955,0.287529,20,0.262188,0.177497,0.348139,20,0.285219,0.169009,0.396618,20,20,0,0
recipe:diba_2007,recipe:farooq_2019_science_awake,burst,0.201848,0.116868,0.284095,20,0.190854,0.0993955,0.287529,20,0.262188,0.177497,0.348139,20,0.285219,0.169009,0.396618,20,20,0,0
recipe:diba_2007,recipe:foster_2006,burst,0.301577,0.163545,0.434123,19,0.105019,-0.0480931,0.263979,19,0.351636,0.227863,0.468284,19,0.174925,0.0301194,0.325933,19,20,0,0
recipe:diba_2007,recipe:foster_2006_ripples,network,0.221429,-0.185732,0.592857,11,0.0558442,-0.280255,0.358363,11,0.221429,-0.185732,0.592857,11,0.0558442,-0.280255,0.358363,11,20,0,0
recipe:diba_2007,recipe:gillespie_2021,network,0.0726357,-0.000333808,0.150862,20,0.153671,0.0572292,0.253141,20,0.0726357,-0.000333808,0.150862,20,0.153671,0.0572292,0.253141,20,20,0,0
recipe:diba_2007,recipe:gillespie_2021_mua,burst,0.141163,0.0662844,0.214275,20,-0.00161672,-0.0727727,0.0689667,20,0.177885,0.098983,0.25278,20,0.0420149,-0.0330735,0.110237,20,20,0,0
recipe:diba_2007,recipe:gridchyn_2020,burst,0.11998,0.0258528,0.211302,20,0.137046,0.0539835,0.217421,20,0.16851,0.0767552,0.262056,20,0.186664,0.101122,0.269461,20,20,0,0
recipe:diba_2007,recipe:grosmark_2016,network,0.399505,0.311381,0.486752,20,0.150755,0.0394151,0.260195,20,0.399505,0.311381,0.486752,20,0.150755,0.0394151,0.260195,20,20,0,0
recipe:diba_2007,recipe:gupta_2010,network,0.154581,0.0832776,0.223221,20,0.0463363,-0.0935544,0.174681,20,0.154581,0.0832776,0.223221,20,0.0463363,-0.0935544,0.174681,20,20,0,0
recipe:diba_2007,recipe:harvey_2023_code,network,0.193138,0.0785883,0.312432,20,0.186314,0.0677575,0.29251,20,0.193138,0.0785883,0.312432,20,0.186314,0.0677575,0.29251,20,20,0,0
recipe:diba_2007,recipe:harvey_2023_no_radiatum,network,0.0849768,0.0279381,0.14459,20,0.119432,0.0159697,0.220389,20,0.0849768,0.0279381,0.14459,20,0.119432,0.0159697,0.220389,20,20,0,0
recipe:diba_2007,recipe:harvey_2023_text,network,0.185403,0.0524773,0.325548,20,0.18319,0.089785,0.276714,20,0.185403,0.0524773,0.325548,20,0.18319,0.089785,0.276714,20,20,0,0
recipe:diba_2007,recipe:huelin_gorriz_2023,network,0.19677,0.1065,0.283643,20,0.12756,0.0272026,0.221505,20,0.19677,0.1065,0.283643,20,0.12756,0.0272026,0.221505,20,20,0,0
recipe:diba_2007,recipe:igata_2021,burst,0.132003,0.0639896,0.198449,20,0.000377209,-0.0722698,0.0716817,20,0.170311,0.0964227,0.242519,20,0.04233,-0.0347972,0.112762,20,20,0,0
recipe:diba_2007,recipe:igata_2021_ripples,network,0.0690609,-0.0172942,0.148018,20,0.111532,0.0318285,0.191396,20,0.0690609,-0.0172942,0.148018,20,0.111532,0.0318285,0.191396,20,20,0,0
recipe:diba_2007,recipe:jadhav_2016,network,-0.0158676,-0.124713,0.0889324,20,0.126538,0.0218488,0.226833,20,-0.0158676,-0.124713,0.0889324,20,0.126538,0.0218488,0.226833,20,20,0,0
recipe:diba_2007,recipe:ji_2007,burst,0.157978,0.0722159,0.252602,20,0.135082,0.0658486,0.208423,20,0.20227,0.102541,0.313665,20,0.189248,0.102193,0.274314,20,20,0,0
recipe:diba_2007,recipe:ji_2007_ripples,network,,,,0,,,,0,,,,0,,,,0,20,0,0
recipe:diba_2007,recipe:kaefer_2020,network,,,,0,,,,0,,,,0,,,,0,20,0,0
recipe:diba_2007,recipe:karlsson_2009,network,0.0898676,-0.0114018,0.185279,20,0.111848,0.0179406,0.208435,20,0.0898676,-0.0114018,0.185279,20,0.111848,0.0179406,0.208435,20,20,0,0
recipe:diba_2007,recipe:krause_2022,network,0.219429,0.104465,0.329229,20,0.19552,0.0826212,0.293671,20,0.219429,0.104465,0.329229,20,0.19552,0.0826212,0.293671,20,20,0,0
recipe:diba_2007,recipe:krause_2022_hse,burst,0.104433,0.0215463,0.185205,20,-0.0255604,-0.0918497,0.045716,20,0.156479,0.0919951,0.222567,20,-0.00945304,-0.0822509,0.0668861,20,20,0,0
recipe:diba_2007,recipe:kudrimoti_1999,network,0.2,0.2,0.2,1,0.4,0.4,0.4,1,0.2,0.2,0.2,1,0.4,0.4,0.4,1,20,0,0
recipe:diba_2007,recipe:lee_2002,burst,0.381369,0.268634,0.492986,20,0.0784228,0.00358849,0.155079,20,0.394886,0.283118,0.507478,20,0.0925279,0.0200164,0.166385,20,20,0,0
recipe:diba_2007,recipe:lee_2002_ripples,network,0.221429,-0.185732,0.592857,11,0.0558442,-0.280255,0.358363,11,0.221429,-0.185732,0.592857,11,0.0558442,-0.280255,0.358363,11,20,0,0
recipe:diba_2007,recipe:liu_2019,burst,0.164337,0.064892,0.264321,20,0.021201,-0.0838204,0.136901,20,0.168997,0.0629868,0.273029,20,0.0435221,-0.0649704,0.158895,20,20,0,0
recipe:diba_2007,recipe:liu_2019_awake,burst,0.164337,0.064892,0.264321,20,0.021201,-0.0838204,0.136901,20,0.168997,0.0629868,0.273029,20,0.0435221,-0.0649704,0.158895,20,20,0,0
recipe:diba_2007,recipe:liu_2023,network,0.329893,0.227981,0.431197,20,0.180858,0.0678025,0.289949,20,0.329893,0.227981,0.431197,20,0.180858,0.0678025,0.289949,20,20,0,0
recipe:diba_2007,recipe:maboudi_2018,burst,0.111354,0.0354567,0.186633,20,-0.0272902,-0.0939514,0.044698,20,0.164813,0.102363,0.227224,20,-0.0102164,-0.0820723,0.0651699,20,20,0,0
recipe:diba_2007,recipe:maboudi_2018_open_field,burst,0.24335,0.154485,0.334084,20,0.0929277,0.00757769,0.174789,20,0.267958,0.166024,0.369157,20,0.153824,0.0677198,0.230767,20,20,0,0
recipe:diba_2007,recipe:mallory_2025,burst,0.248699,0.178513,0.323615,20,0.0549486,-0.0204873,0.129873,20,0.297898,0.218438,0.384305,20,0.10495,0.0275587,0.182976,20,20,0,0
recipe:diba_2007,recipe:mallory_2025_ripples,network,0.0218658,-0.0976495,0.126947,20,0.0824069,0.0209043,0.142148,20,0.0218658,-0.0976495,0.126947,20,0.0824069,0.0209043,0.142148,20,20,0,0
recipe:diba_2007,recipe:michon_2019,network,0.203961,0.0729774,0.333177,20,0.161797,0.0191039,0.30485,20,0.203961,0.0729774,0.333177,20,0.161797,0.0191039,0.30485,20,20,0,0
recipe:diba_2007,recipe:michon_2021,network,0.203961,0.0729774,0.333177,20,0.161797,0.0191039,0.30485,20,0.203961,0.0729774,0.333177,20,0.161797,0.0191039,0.30485,20,20,0,0
recipe:diba_2007,recipe:mou_2022,burst,0.0408853,-0.0294491,0.120613,20,-0.00673796,-0.0819167,0.0736802,20,0.0534678,-0.0183479,0.127815,20,0.0152374,-0.0563145,0.0932474,20,20,0,0
recipe:diba_2007,recipe:muessig_2019,network,0.234883,0.0945561,0.378222,19,0.18224,0.00892125,0.338262,19,0.234883,0.0945561,0.378222,19,0.18224,0.00892125,0.338262,19,20,0,0
recipe:diba_2007,recipe:muessig_2019_ripples,network,0.197827,0.0773671,0.300736,20,0.28045,0.176755,0.372667,20,0.197827,0.0773671,0.300736,20,0.28045,0.176755,0.372667,20,20,0,0
recipe:diba_2007,recipe:nadasdy_1999,network,0.0751067,-0.0555109,0.215384,20,0.186682,0.0384257,0.319395,20,0.0751067,-0.0555109,0.215384,20,0.186682,0.0384257,0.319395,20,20,0,0
recipe:diba_2007,recipe:olafsdottir_2015,burst,0.271997,0.169318,0.371108,20,0.124323,0.0351858,0.200711,20,0.292297,0.179788,0.396503,20,0.159289,0.0717073,0.23397,20,20,0,0
recipe:diba_2007,recipe:olafsdottir_2015.bayesian_candidates,burst,0.271997,0.169318,0.371108,20,0.124323,0.0351858,0.200711,20,0.292297,0.179788,0.396503,20,0.159289,0.0717073,0.23397,20,20,0,0
recipe:diba_2007,recipe:olafsdottir_2016,burst,0.134929,0.0560845,0.216458,20,0.179257,0.0866984,0.26916,20,0.176728,0.0891223,0.273123,20,0.221422,0.131747,0.310842,20,20,0,0
recipe:diba_2007,recipe:olafsdottir_2017,burst,0.137714,0.0567414,0.219732,20,0.159882,0.0725724,0.243107,20,0.1786,0.0871558,0.274702,20,0.202976,0.116788,0.289445,20,20,0,0
recipe:diba_2007,recipe:olafsdottir_2017.trajectory,burst,0.134929,0.0560845,0.216458,20,0.179257,0.0866984,0.26916,20,0.176728,0.0891223,0.273123,20,0.221422,0.131747,0.310842,20,20,0,0
recipe:diba_2007,recipe:pfeiffer_2013,burst,0.24335,0.154485,0.334084,20,0.0929277,0.00757769,0.174789,20,0.267958,0.166024,0.369157,20,0.153824,0.0677198,0.230767,20,20,0,0
recipe:diba_2007,recipe:pfeiffer_2013_ripples,network,0.0193797,-0.0819203,0.123802,20,0.115858,0.00526832,0.215116,20,0.0193797,-0.0819203,0.123802,20,0.115858,0.00526832,0.215116,20,20,0,0
recipe:diba_2007,recipe:pfeiffer_2015,network,0.0193797,-0.0819203,0.123802,20,0.115858,0.00526832,0.215116,20,0.0193797,-0.0819203,0.123802,20,0.115858,0.00526832,0.215116,20,20,0,0
recipe:diba_2007,recipe:shin_2019,network,0.0898676,-0.0114018,0.185279,20,0.111848,0.0179406,0.208435,20,0.0898676,-0.0114018,0.185279,20,0.111848,0.0179406,0.208435,20,20,0,0
recipe:diba_2007,recipe:silva_2015,burst,0.240353,0.148237,0.335218,20,0.101175,0.0307521,0.172398,20,0.289173,0.185298,0.396486,20,0.152276,0.0795889,0.223714,20,20,0,0
recipe:diba_2007,recipe:stella_2019,network,0.13088,0.00790246,0.263809,20,0.216869,0.0922898,0.340569,20,0.13088,0.00790246,0.263809,20,0.216869,0.0922898,0.340569,20,20,0,0
recipe:diba_2007,recipe:tang_2017,network,0.0898676,-0.0114018,0.185279,20,0.111848,0.0179406,0.208435,20,0.0898676,-0.0114018,0.185279,20,0.111848,0.0179406,0.208435,20,20,0,0
recipe:diba_2007,recipe:tirole_2022,network,0.19677,0.1065,0.283643,20,0.12756,0.0272026,0.221505,20,0.19677,0.1065,0.283643,20,0.12756,0.0272026,0.221505,20,20,0,0
recipe:diba_2007,recipe:widloski_2025,network,0.0755753,0.000399863,0.158247,20,0.0537177,-0.0561418,0.157247,20,0.0755753,0.000399863,0.158247,20,0.0537177,-0.0561418,0.157247,20,20,0,0
recipe:diba_2007,recipe:widloski_2025_bursts,burst,0.013287,-0.0891042,0.113377,20,0.0757776,-0.0443131,0.203656,20,0.0411927,-0.0710825,0.143655,20,0.104577,-0.00834859,0.221621,20,20,0,0
recipe:diba_2007,recipe:wikenheiser_2013,network,0.058887,-0.0152068,0.129567,20,-0.0149116,-0.0860023,0.0616443,20,0.058887,-0.0152068,0.129567,20,-0.0149116,-0.0860023,0.0616443,20,20,0,0
recipe:diba_2007,recipe:wu_2014,burst,0.32402,0.227087,0.424191,20,0.0948446,0.0193417,0.166328,20,0.358255,0.256965,0.456706,20,0.143579,0.0643966,0.216824,20,20,0,0
recipe:diba_2007,recipe:wu_2017,burst,0.122671,0.00503898,0.247649,20,0.100273,0.00587018,0.191882,20,0.189132,0.0631449,0.314476,20,0.153768,0.061485,0.250063,20,20,0,0
recipe:diba_2007,recipe:xu_2019,burst,0.315244,0.255851,0.386021,20,0.0977051,0.0209226,0.170728,20,0.343919,0.274797,0.421994,20,0.137979,0.0642712,0.211761,20,20,0,0
recipe:diba_2007,recipe:yamamoto_2017,network,0.244051,0.164268,0.329609,20,0.174466,0.074965,0.268823,20,0.244051,0.164268,0.329609,20,0.174466,0.074965,0.268823,20,20,0,0
recipe:diba_2007,recipe:yang_2024,network,0.399505,0.311381,0.486752,20,0.150755,0.0394151,0.260195,20,0.399505,0.311381,0.486752,20,0.150755,0.0394151,0.260195,20,20,0,0
recipe:drieu_2018,recipe:farooq_2019_neuron,burst,0.531177,0.460836,0.593684,20,0.406889,0.34666,0.469686,20,0.642409,0.578663,0.699558,20,0.487671,0.432712,0.542391,20,20,0,0
recipe:drieu_2018,recipe:farooq_2019_science,burst,0.530037,0.460459,0.592561,20,0.404262,0.342642,0.468066,20,0.642305,0.578358,0.699456,20,0.486306,0.431028,0.540845,20,20,0,0
recipe:drieu_2018,recipe:farooq_2019_science_awake,burst,0.530037,0.460459,0.592561,20,0.404262,0.342642,0.468066,20,0.642305,0.578358,0.699456,20,0.486306,0.431028,0.540845,20,20,0,0
recipe:drieu_2018,recipe:foster_2006,burst,0.61884,0.497534,0.728017,20,0.650788,0.51627,0.763288,20,0.670225,0.57086,0.758971,20,0.655223,0.518009,0.769364,20,20,0,0
recipe:drieu_2018,recipe:foster_2006_ripples,network,0.233365,0.0641623,0.395759,20,0.19829,0.0108025,0.377522,20,0.233365,0.0641623,0.395759,20,0.19829,0.0108025,0.377522,20,20,0,0
recipe:drieu_2018,recipe:gillespie_2021,network,0.10052,0.053209,0.147155,20,0.0904199,0.0456728,0.132719,20,0.10052,0.053209,0.147155,20,0.0904199,0.0456728,0.132719,20,20,0,0
recipe:drieu_2018,recipe:gillespie_2021_mua,burst,0.18741,0.116629,0.2552,20,0.252093,0.189021,0.315015,20,0.218923,0.151692,0.285013,20,0.27525,0.219562,0.332959,20,20,0,0
recipe:drieu_2018,recipe:gridchyn_2020,burst,0.252297,0.187777,0.305927,20,0.255341,0.202752,0.305868,20,0.297636,0.238233,0.354639,20,0.274441,0.218413,0.32745,20,20,0,0
recipe:drieu_2018,recipe:grosmark_2016,network,0.549478,0.496849,0.598793,20,0.547086,0.490692,0.605675,20,0.549478,0.496849,0.598793,20,0.547086,0.490692,0.605675,20,20,0,0
recipe:drieu_2018,recipe:gupta_2010,network,0.1012,0.0487012,0.150926,20,0.143815,0.0826125,0.199276,20,0.1012,0.0487012,0.150926,20,0.143815,0.0826125,0.199276,20,20,0,0
recipe:drieu_2018,recipe:harvey_2023_code,network,0.197658,0.14499,0.248395,20,0.204499,0.141123,0.263787,20,0.197658,0.14499,0.248395,20,0.204499,0.141123,0.263787,20,20,0,0
recipe:drieu_2018,recipe:harvey_2023_no_radiatum,network,0.0860935,-0.00185842,0.174107,20,0.0807222,0.017936,0.139778,20,0.0860935,-0.00185842,0.174107,20,0.0807222,0.017936,0.139778,20,20,0,0
recipe:drieu_2018,recipe:harvey_2023_text,network,0.188962,0.11478,0.25911,20,0.142393,0.0933204,0.190805,20,0.188962,0.11478,0.25911,20,0.142393,0.0933204,0.190805,20,20,0,0
recipe:drieu_2018,recipe:huelin_gorriz_2023,network,0.25857,0.19712,0.319699,20,0.266029,0.210458,0.327728,20,0.25857,0.19712,0.319699,20,0.266029,0.210458,0.327728,20,20,0,0
recipe:drieu_2018,recipe:igata_2021,burst,0.198022,0.131904,0.264775,20,0.266293,0.204828,0.328025,20,0.224244,0.153261,0.293445,20,0.29312,0.236461,0.350508,20,20,0,0
recipe:drieu_2018,recipe:igata_2021_ripples,network,0.0798505,0.0300105,0.130491,20,0.0591184,0.00268418,0.114362,20,0.0798505,0.0300105,0.130491,20,0.0591184,0.00268418,0.114362,20,20,0,0
recipe:drieu_2018,recipe:jadhav_2016,network,-0.026714,-0.0744704,0.0189018,20,0.0800378,0.011758,0.143135,20,-0.026714,-0.0744704,0.0189018,20,0.0800378,0.011758,0.143135,20,20,0,0
recipe:drieu_2018,recipe:ji_2007,burst,0.27993,0.219946,0.328122,20,0.330667,0.284551,0.375702,20,0.373791,0.319938,0.419194,20,0.353797,0.300202,0.404873,20,20,0,0
recipe:drieu_2018,recipe:ji_2007_ripples,network,,,,0,,,,0,,,,0,,,,0,20,0,0
recipe:drieu_2018,recipe:kaefer_2020,network,0.5,0.5,0.5,1,-0.5,-0.5,-0.5,1,0.5,0.5,0.5,1,-0.5,-0.5,-0.5,1,20,0,0
recipe:drieu_2018,recipe:karlsson_2009,network,0.0615205,0.0081309,0.115125,20,0.0303515,-0.0213869,0.0772075,20,0.0615205,0.0081309,0.115125,20,0.0303515,-0.0213869,0.0772075,20,20,0,0
recipe:drieu_2018,recipe:krause_2022,network,0.364643,0.302598,0.422911,20,0.335736,0.289738,0.381503,20,0.364643,0.302598,0.422911,20,0.335736,0.289738,0.381503,20,20,0,0
recipe:drieu_2018,recipe:krause_2022_hse,burst,0.13743,0.0713597,0.201413,20,0.221417,0.15996,0.28487,20,0.170744,0.107542,0.23034,20,0.242515,0.18308,0.303686,20,20,0,0
recipe:drieu_2018,recipe:kudrimoti_1999,network,0.333333,-0.137562,0.7,9,0.166667,-0.180083,0.512545,9,0.333333,-0.137562,0.7,9,0.166667,-0.180083,0.512545,9,20,0,0
recipe:drieu_2018,recipe:lee_2002,burst,0.255851,0.208317,0.295584,20,0.290301,0.242741,0.339162,20,0.276279,0.235578,0.31411,20,0.283582,0.233847,0.329996,20,20,0,0
recipe:drieu_2018,recipe:lee_2002_ripples,network,0.233365,0.0641623,0.395759,20,0.19829,0.0108025,0.377522,20,0.233365,0.0641623,0.395759,20,0.19829,0.0108025,0.377522,20,20,0,0
recipe:drieu_2018,recipe:liu_2019,burst,0.0729746,0.0216456,0.123059,20,0.121217,0.0798219,0.162415,20,0.0864463,0.0291869,0.13947,20,0.12762,0.0863909,0.16699,20,20,0,0
recipe:drieu_2018,recipe:liu_2019_awake,burst,0.0729746,0.0216456,0.123059,20,0.121217,0.0798219,0.162415,20,0.0864463,0.0291869,0.13947,20,0.12762,0.0863909,0.16699,20,20,0,0
recipe:drieu_2018,recipe:liu_2023,network,0.688512,0.647189,0.730626,20,0.612477,0.563544,0.656236,20,0.688512,0.647189,0.730626,20,0.612477,0.563544,0.656236,20,20,0,0
recipe:drieu_2018,recipe:maboudi_2018,burst,0.133774,0.0712087,0.192649,20,0.215171,0.153343,0.277433,20,0.16972,0.110061,0.224757,20,0.237373,0.177351,0.299751,20,20,0,0
recipe:drieu_2018,recipe:maboudi_2018_open_field,burst,0.586633,0.544315,0.625366,20,0.596235,0.553862,0.636635,20,0.652971,0.617524,0.683009,20,0.623018,0.580637,0.663291,20,20,0,0
recipe:drieu_2018,recipe:mallory_2025,burst,0.598442,0.562821,0.633316,20,0.584128,0.534844,0.632248,20,0.651487,0.612822,0.690863,20,0.60264,0.556272,0.64595,20,20,0,0
recipe:drieu_2018,recipe:mallory_2025_ripples,network,-0.0123432,-0.0775382,0.0515996,20,0.0118034,-0.0493472,0.0751794,20,-0.0123432,-0.0775382,0.0515996,20,0.0118034,-0.0493472,0.0751794,20,20,0,0
recipe:drieu_2018,recipe:michon_2019,network,0.307237,0.225777,0.386042,20,0.300507,0.215897,0.38929,20,0.307237,0.225777,0.386042,20,0.300507,0.215897,0.38929,20,20,0,0
recipe:drieu_2018,recipe:michon_2021,network,0.307237,0.225777,0.386042,20,0.300507,0.215897,0.38929,20,0.307237,0.225777,0.386042,20,0.300507,0.215897,0.38929,20,20,0,0
recipe:drieu_2018,recipe:mou_2022,burst,0.0910319,0.0297137,0.149823,20,0.163627,0.108336,0.221901,20,0.104487,0.0393537,0.167432,20,0.180689,0.125115,0.239973,20,20,0,0
recipe:drieu_2018,recipe:muessig_2019,network,0.620291,0.516881,0.714625,20,0.399466,0.289245,0.513215,20,0.620291,0.516881,0.714625,20,0.399466,0.289245,0.513215,20,20,0,0
recipe:drieu_2018,recipe:muessig_2019_ripples,network,0.140121,0.0822906,0.192806,20,0.233768,0.177923,0.281397,20,0.140121,0.0822906,0.192806,20,0.233768,0.177923,0.281397,20,20,0,0
recipe:drieu_2018,recipe:nadasdy_1999,network,0.152323,0.0796162,0.219653,20,0.125574,0.0633908,0.18656,20,0.152323,0.0796162,0.219653,20,0.125574,0.0633908,0.18656,20,20,0,0
recipe:drieu_2018,recipe:olafsdottir_2015,burst,0.740645,0.700805,0.781038,20,0.726539,0.678904,0.769463,20,0.765843,0.726476,0.802864,20,0.734364,0.688742,0.777284,20,20,0,0
recipe:drieu_2018,recipe:olafsdottir_2015.bayesian_candidates,burst,0.729167,0.686543,0.773102,20,0.723147,0.672588,0.769034,20,0.756808,0.715979,0.797488,20,0.732218,0.683316,0.777273,20,20,0,0
recipe:drieu_2018,recipe:olafsdottir_2016,burst,0.538158,0.489085,0.585463,20,0.470391,0.441934,0.49957,20,0.601387,0.561384,0.641107,20,0.505292,0.466407,0.543259,20,20,0,0
recipe:drieu_2018,recipe:olafsdottir_2017,burst,0.527046,0.475612,0.574217,20,0.462432,0.428201,0.495588,20,0.582528,0.544836,0.617068,20,0.496129,0.458342,0.532497,20,20,0,0
recipe:drieu_2018,recipe:olafsdottir_2017.trajectory,burst,0.538158,0.489085,0.585463,20,0.470391,0.441934,0.49957,20,0.601387,0.561384,0.641107,20,0.505292,0.466407,0.543259,20,20,0,0
recipe:drieu_2018,recipe:pfeiffer_2013,burst,0.586633,0.544315,0.625366,20,0.596235,0.553862,0.636635,20,0.652971,0.617524,0.683009,20,0.623018,0.580637,0.663291,20,20,0,0
recipe:drieu_2018,recipe:pfeiffer_2013_ripples,network,-0.0303852,-0.0883339,0.0277297,20,-0.00495798,-0.0529707,0.0401447,20,-0.0303852,-0.0883339,0.0277297,20,-0.00495798,-0.0529707,0.0401447,20,20,0,0
recipe:drieu_2018,recipe:pfeiffer_2015,network,-0.0304923,-0.0884881,0.0274613,20,-0.00495798,-0.0529707,0.0401447,20,-0.0304923,-0.0884881,0.0274613,20,-0.00495798,-0.0529707,0.0401447,20,20,0,0
recipe:drieu_2018,recipe:shin_2019,network,0.0615205,0.0081309,0.115125,20,0.0303515,-0.0213869,0.0772075,20,0.0615205,0.0081309,0.115125,20,0.0303515,-0.0213869,0.0772075,20,20,0,0
recipe:drieu_2018,recipe:silva_2015,burst,0.602991,0.555408,0.646108,20,0.590353,0.541225,0.640132,20,0.658281,0.614317,0.696092,20,0.619155,0.572344,0.665384,20,20,0,0
recipe:drieu_2018,recipe:stella_2019,network,0.163819,0.0839295,0.23784,20,0.158432,0.102308,0.213628,20,0.163819,0.0839295,0.23784,20,0.158432,0.102308,0.213628,20,20,0,0
recipe:drieu_2018,recipe:tang_2017,network,0.0615205,0.0081309,0.115125,20,0.0303515,-0.0213869,0.0772075,20,0.0615205,0.0081309,0.115125,20,0.0303515,-0.0213869,0.0772075,20,20,0,0
recipe:drieu_2018,recipe:tirole_2022,network,0.25857,0.19712,0.319699,20,0.266029,0.210458,0.327728,20,0.25857,0.19712,0.319699,20,0.266029,0.210458,0.327728,20,20,0,0
recipe:drieu_2018,recipe:widloski_2025,network,-0.0492279,-0.125916,0.0190615,20,0.0187417,-0.0355754,0.0762226,20,-0.0492279,-0.125916,0.0190615,20,0.0187417,-0.0355754,0.0762226,20,20,0,0
recipe:drieu_2018,recipe:widloski_2025_bursts,burst,0.0648272,0.00988258,0.122939,20,0.073518,0.0176052,0.128859,20,0.0821167,0.0169045,0.147006,20,0.0817373,0.0206159,0.140929,20,20,0,0
recipe:drieu_2018,recipe:wikenheiser_2013,network,0.0237028,-0.0219352,0.0676434,20,0.00446543,-0.0417044,0.0553199,20,0.0237028,-0.0219352,0.0676434,20,0.00446543,-0.0417044,0.0553199,20,20,0,0
recipe:drieu_2018,recipe:wu_2014,burst,0.645251,0.614403,0.675301,20,0.647803,0.591401,0.69987,20,0.691099,0.658176,0.723471,20,0.657613,0.603285,0.708704,20,20,0,0
recipe:drieu_2018,recipe:wu_2017,burst,0.238441,0.169795,0.301428,20,0.210203,0.15761,0.264121,20,0.298593,0.220502,0.375695,20,0.258422,0.207302,0.310766,20,20,0,0
recipe:drieu_2018,recipe:xu_2019,burst,0.493741,0.460263,0.526937,20,0.50584,0.452489,0.557738,20,0.552869,0.516657,0.588719,20,0.525938,0.475993,0.574641,20,20,0,0
recipe:drieu_2018,recipe:yamamoto_2017,network,0.286398,0.220877,0.35199,20,0.257914,0.184758,0.316706,20,0.286398,0.220877,0.35199,20,0.257914,0.184758,0.316706,20,20,0,0
recipe:drieu_2018,recipe:yang_2024,network,0.549478,0.496849,0.598793,20,0.547086,0.490692,0.605675,20,0.549478,0.496849,0.598793,20,0.547086,0.490692,0.605675,20,20,0,0
recipe:farooq_2019_neuron,recipe:farooq_2019_science,burst,1,1,1,20,1,1,1,20,1,1,1,20,1,1,1,20,20,0,0
recipe:farooq_2019_neuron,recipe:farooq_2019_science_awake,burst,1,1,1,20,1,1,1,20,1,1,1,20,1,1,1,20,20,0,0
recipe:farooq_2019_neuron,recipe:foster_2006,burst,0.191399,0.0594139,0.329916,20,0.160053,0.0524751,0.272417,20,0.337198,0.210405,0.447518,20,0.22042,0.110161,0.328917,20,20,0,0
recipe:farooq_2019_neuron,recipe:foster_2006_ripples,network,0.26658,-0.0663891,0.556951,15,0.558254,0.302671,0.779048,15,0.26658,-0.0663891,0.556951,15,0.558254,0.302671,0.779048,15,20,0,0
recipe:farooq_2019_neuron,recipe:gillespie_2021,network,0.176191,0.0824758,0.265634,20,0.160055,0.0718132,0.239728,20,0.176191,0.0824758,0.265634,20,0.160055,0.0718132,0.239728,20,20,0,0
recipe:farooq_2019_neuron,recipe:gillespie_2021_mua,burst,0.204604,0.12376,0.285364,20,0.26405,0.190854,0.337245,20,0.268233,0.191297,0.342077,20,0.295626,0.220779,0.370904,20,20,0,0
recipe:farooq_2019_neuron,recipe:gridchyn_2020,burst,0.380905,0.299183,0.468362,20,0.365912,0.301634,0.428583,20,0.447797,0.362934,0.53284,20,0.406073,0.341916,0.46978,20,20,0,0
recipe:farooq_2019_neuron,recipe:grosmark_2016,network,0.475604,0.398944,0.547937,20,0.350413,0.278818,0.421855,20,0.475604,0.398944,0.547937,20,0.350413,0.278818,0.421855,20,20,0,0
recipe:farooq_2019_neuron,recipe:gupta_2010,network,0.245874,0.175552,0.314182,20,0.190137,0.0868604,0.288503,20,0.245874,0.175552,0.314182,20,0.190137,0.0868604,0.288503,20,20,0,0
recipe:farooq_2019_neuron,recipe:harvey_2023_code,network,0.367805,0.271222,0.454212,20,0.392591,0.301963,0.473784,20,0.367805,0.271222,0.454212,20,0.392591,0.301963,0.473784,20,20,0,0
recipe:farooq_2019_neuron,recipe:harvey_2023_no_radiatum,network,0.106565,-0.00103634,0.211158,20,0.165835,0.0899933,0.232282,20,0.106565,-0.00103634,0.211158,20,0.165835,0.0899933,0.232282,20,20,0,0
recipe:farooq_2019_neuron,recipe:harvey_2023_text,network,0.357252,0.224375,0.485828,20,0.295668,0.211214,0.382941,20,0.357252,0.224375,0.485828,20,0.295668,0.211214,0.382941,20,20,0,0
recipe:farooq_2019_neuron,recipe:huelin_gorriz_2023,network,0.291532,0.20912,0.366195,20,0.335942,0.248075,0.423381,20,0.291532,0.20912,0.366195,20,0.335942,0.248075,0.423381,20,20,0,0
recipe:farooq_2019_neuron,recipe:igata_2021,burst,0.209786,0.126018,0.292682,20,0.276355,0.20604,0.347368,20,0.262886,0.18204,0.344527,20,0.306143,0.233783,0.379007,20,20,0,0
recipe:farooq_2019_neuron,recipe:igata_2021_ripples,network,0.154875,0.0622959,0.235123,20,0.129909,0.0258358,0.221656,20,0.154875,0.0622959,0.235123,20,0.129909,0.0258358,0.221656,20,20,0,0
recipe:farooq_2019_neuron,recipe:jadhav_2016,network,-0.0662855,-0.15498,0.0245511,20,0.215409,0.11839,0.306739,20,-0.0662855,-0.15498,0.0245511,20,0.215409,0.11839,0.306739,20,20,0,0
recipe:farooq_2019_neuron,recipe:ji_2007,burst,0.459815,0.370563,0.539346,20,0.463417,0.375775,0.536134,20,0.587873,0.517959,0.653403,20,0.5003,0.44074,0.554744,20,20,0,0
recipe:farooq_2019_neuron,recipe:ji_2007_ripples,network,,,,0,,,,0,,,,0,,,,0,20,0,0
recipe:farooq_2019_neuron,recipe:kaefer_2020,network,,,,0,,,,0,,,,0,,,,0,20,0,0
recipe:farooq_2019_neuron,recipe:karlsson_2009,network,0.0966107,0.0189937,0.175933,20,0.10546,0.0236754,0.182895,20,0.0966107,0.0189937,0.175933,20,0.10546,0.0236754,0.182895,20,20,0,0
recipe:farooq_2019_neuron,recipe:krause_2022,network,0.265499,0.162876,0.36525,20,0.266786,0.174977,0.346954,20,0.265499,0.162876,0.36525,20,0.266786,0.174977,0.346954,20,20,0,0
recipe:farooq_2019_neuron,recipe:krause_2022_hse,burst,0.171355,0.0967568,0.243943,20,0.162008,0.0982754,0.236915,20,0.250916,0.202322,0.298443,20,0.179329,0.11434,0.255087,20,20,0,0
recipe:farooq_2019_neuron,recipe:kudrimoti_1999,network,,,,0,,,,0,,,,0,,,,0,20,0,0
recipe:farooq_2019_neuron,recipe:lee_2002,burst,0.16094,0.0868555,0.231243,20,0.05871,0.00402966,0.113349,20,0.216856,0.141002,0.293168,20,0.0625301,0.00829344,0.120786,20,20,0,0
recipe:farooq_2019_neuron,recipe:lee_2002_ripples,network,0.26658,-0.0663891,0.556951,15,0.558254,0.302671,0.779048,15,0.26658,-0.0663891,0.556951,15,0.558254,0.302671,0.779048,15,20,0,0
recipe:farooq_2019_neuron,recipe:liu_2019,burst,0.0573431,-0.0257186,0.141883,20,0.0881459,0.0225848,0.150662,20,0.120313,0.0281237,0.211736,20,0.103432,0.0395919,0.165169,20,20,0,0
recipe:farooq_2019_neuron,recipe:liu_2019_awake,burst,0.0573431,-0.0257186,0.141883,20,0.0881459,0.0225848,0.150662,20,0.120313,0.0281237,0.211736,20,0.103432,0.0395919,0.165169,20,20,0,0
recipe:farooq_2019_neuron,recipe:liu_2023,network,0.673643,0.594985,0.738134,20,0.534784,0.469814,0.596842,20,0.673643,0.594985,0.738134,20,0.534784,0.469814,0.596842,20,20,0,0
recipe:farooq_2019_neuron,recipe:maboudi_2018,burst,0.173621,0.0986316,0.246159,20,0.16471,0.0991864,0.241105,20,0.251924,0.20333,0.299351,20,0.181269,0.115599,0.259264,20,20,0,0
recipe:farooq_2019_neuron,recipe:maboudi_2018_open_field,burst,0.647643,0.585729,0.704425,20,0.569024,0.50512,0.632097,20,0.74184,0.687796,0.788145,20,0.615247,0.562704,0.665087,20,20,0,0
recipe:farooq_2019_neuron,recipe:mallory_2025,burst,0.429335,0.352587,0.504337,20,0.347045,0.247044,0.436064,20,0.546167,0.469491,0.620145,20,0.401099,0.316289,0.477514,20,20,0,0
recipe:farooq_2019_neuron,recipe:mallory_2025_ripples,network,0.0386985,-0.0780513,0.157108,20,0.130031,0.0472878,0.207802,20,0.0386985,-0.0780513,0.157108,20,0.130031,0.0472878,0.207802,20,20,0,0
recipe:farooq_2019_neuron,recipe:michon_2019,network,0.372951,0.254671,0.485935,20,0.374656,0.284783,0.469182,20,0.372951,0.254671,0.485935,20,0.374656,0.284783,0.469182,20,20,0,0
recipe:farooq_2019_neuron,recipe:michon_2021,network,0.372951,0.254671,0.485935,20,0.374656,0.284783,0.469182,20,0.372951,0.254671,0.485935,20,0.374656,0.284783,0.469182,20,20,0,0
recipe:farooq_2019_neuron,recipe:mou_2022,burst,0.0890116,0.0106201,0.173367,20,0.0965278,0.0201367,0.178724,20,0.133956,0.0648678,0.19673,20,0.108351,0.0270485,0.195818,20,20,0,0
recipe:farooq_2019_neuron,recipe:muessig_2019,network,0.911716,0.873378,0.947545,20,0.803921,0.716082,0.879631,20,0.911716,0.873378,0.947545,20,0.803921,0.716082,0.879631,20,20,0,0
recipe:farooq_2019_neuron,recipe:muessig_2019_ripples,network,0.271033,0.178173,0.367266,20,0.521262,0.450517,0.587253,20,0.271033,0.178173,0.367266,20,0.521262,0.450517,0.587253,20,20,0,0
recipe:farooq_2019_neuron,recipe:nadasdy_1999,network,0.275489,0.154712,0.392243,20,0.237931,0.101721,0.35825,20,0.275489,0.154712,0.392243,20,0.237931,0.101721,0.35825,20,20,0,0
recipe:farooq_2019_neuron,recipe:olafsdottir_2015,burst,0.33654,0.256094,0.414625,20,0.307834,0.232189,0.379946,20,0.46387,0.392373,0.53152,20,0.359158,0.295248,0.420493,20,20,0,0
recipe:farooq_2019_neuron,recipe:olafsdottir_2015.bayesian_candidates,burst,0.331372,0.252169,0.409079,20,0.291956,0.218089,0.369272,20,0.459229,0.389355,0.525478,20,0.347293,0.280664,0.411171,20,20,0,0
recipe:farooq_2019_neuron,recipe:olafsdottir_2016,burst,0.56867,0.501329,0.632897,20,0.438065,0.347667,0.524483,20,0.695161,0.639768,0.749677,20,0.502134,0.430636,0.573978,20,20,0,0
recipe:farooq_2019_neuron,recipe:olafsdottir_2017,burst,0.511876,0.442912,0.578555,20,0.445879,0.349596,0.535431,20,0.630141,0.562467,0.695037,20,0.50676,0.432291,0.581922,20,20,0,0
recipe:farooq_2019_neuron,recipe:olafsdottir_2017.trajectory,burst,0.56867,0.501329,0.632897,20,0.438065,0.347667,0.524483,20,0.695161,0.639768,0.749677,20,0.502134,0.430636,0.573978,20,20,0,0
recipe:farooq_2019_neuron,recipe:pfeiffer_2013,burst,0.647643,0.585729,0.704425,20,0.569024,0.50512,0.632097,20,0.74184,0.687796,0.788145,20,0.615247,0.562704,0.665087,20,20,0,0
recipe:farooq_2019_neuron,recipe:pfeiffer_2013_ripples,network,-0.0379798,-0.12871,0.0494774,20,0.0646296,-0.0545662,0.168006,20,-0.0379798,-0.12871,0.0494774,20,0.0646296,-0.0545662,0.168006,20,20,0,0
recipe:farooq_2019_neuron,recipe:pfeiffer_2015,network,-0.0379798,-0.12871,0.0494774,20,0.0646296,-0.0545662,0.168006,20,-0.0379798,-0.12871,0.0494774,20,0.0646296,-0.0545662,0.168006,20,20,0,0
recipe:farooq_2019_neuron,recipe:shin_2019,network,0.0966107,0.0189937,0.175933,20,0.10546,0.0236754,0.182895,20,0.0966107,0.0189937,0.175933,20,0.10546,0.0236754,0.182895,20,20,0,0
recipe:farooq_2019_neuron,recipe:silva_2015,burst,0.568559,0.495496,0.634251,20,0.490173,0.414655,0.558457,20,0.662508,0.599772,0.7196,20,0.531624,0.466931,0.589412,20,20,0,0
recipe:farooq_2019_neuron,recipe:stella_2019,network,0.308201,0.189845,0.419848,20,0.260817,0.141987,0.363124,20,0.308201,0.189845,0.419848,20,0.260817,0.141987,0.363124,20,20,0,0
recipe:farooq_2019_neuron,recipe:tang_2017,network,0.0966107,0.0189937,0.175933,20,0.10546,0.0236754,0.182895,20,0.0966107,0.0189937,0.175933,20,0.10546,0.0236754,0.182895,20,20,0,0
recipe:farooq_2019_neuron,recipe:tirole_2022,network,0.291532,0.20912,0.366195,20,0.335942,0.248075,0.423381,20,0.291532,0.20912,0.366195,20,0.335942,0.248075,0.423381,20,20,0,0
recipe:farooq_2019_neuron,recipe:widloski_2025,network,0.00763964,-0.12333,0.116692,20,-0.0738997,-0.161167,0.0203393,20,0.00763964,-0.12333,0.116692,20,-0.0738997,-0.161167,0.0203393,20,20,0,0
recipe:farooq_2019_neuron,recipe:widloski_2025_bursts,burst,0.0209291,-0.0645695,0.104433,20,0.0666248,-0.000598243,0.138163,20,0.0493324,-0.0406141,0.133774,20,0.081764,0.00224958,0.164831,20,20,0,0
recipe:farooq_2019_neuron,recipe:wikenheiser_2013,network,0.0156993,-0.067555,0.100269,20,0.0803386,-0.0117807,0.186107,20,0.0156993,-0.067555,0.100269,20,0.0803386,-0.0117807,0.186107,20,20,0,0
recipe:farooq_2019_neuron,recipe:wu_2014,burst,0.289919,0.20757,0.366638,20,0.280074,0.207245,0.34869,20,0.424577,0.348824,0.495004,20,0.320429,0.244936,0.389011,20,20,0,0
recipe:farooq_2019_neuron,recipe:wu_2017,burst,0.331871,0.246186,0.423337,20,0.375957,0.291661,0.451541,20,0.442614,0.337849,0.536051,20,0.436595,0.36912,0.504984,20,20,0,0
recipe:farooq_2019_neuron,recipe:xu_2019,burst,0.289299,0.217781,0.364183,20,0.30072,0.202777,0.396038,20,0.416371,0.346069,0.483134,20,0.345314,0.259003,0.4257,20,20,0,0
recipe:farooq_2019_neuron,recipe:yamamoto_2017,network,0.476438,0.389776,0.562082,20,0.440153,0.356198,0.519659,20,0.476438,0.389776,0.562082,20,0.440153,0.356198,0.519659,20,20,0,0
recipe:farooq_2019_neuron,recipe:yang_2024,network,0.475604,0.398944,0.547937,20,0.350413,0.278818,0.421855,20,0.475604,0.398944,0.547937,20,0.350413,0.278818,0.421855,20,20,0,0
recipe:farooq_2019_science,recipe:farooq_2019_science_awake,burst,1,1,1,20,1,1,1,20,1,1,1,20,1,1,1,20,20,0,0
recipe:farooq_2019_science,recipe:foster_2006,burst,0.191399,0.0594139,0.329916,20,0.160053,0.0524751,0.272417,20,0.337198,0.210405,0.447518,20,0.22042,0.110161,0.328917,20,20,0,0
recipe:farooq_2019_science,recipe:foster_2006_ripples,network,0.321336,-0.0248038,0.614074,14,0.526701,0.256135,0.758375,14,0.321336,-0.0248038,0.614074,14,0.526701,0.256135,0.758375,14,20,0,0
recipe:farooq_2019_science,recipe:gillespie_2021,network,0.180194,0.0851496,0.270016,20,0.15399,0.0621978,0.235707,20,0.180194,0.0851496,0.270016,20,0.15399,0.0621978,0.235707,20,20,0,0
recipe:farooq_2019_science,recipe:gillespie_2021_mua,burst,0.196163,0.115372,0.27805,20,0.261725,0.190695,0.332671,20,0.263468,0.185751,0.339305,20,0.292773,0.219371,0.366526,20,20,0,0
recipe:farooq_2019_science,recipe:gridchyn_2020,burst,0.377032,0.294393,0.465319,20,0.361806,0.297104,0.424604,20,0.444785,0.357972,0.532852,20,0.402047,0.337958,0.465613,20,20,0,0
recipe:farooq_2019_science,recipe:grosmark_2016,network,0.474537,0.398474,0.546873,20,0.350855,0.278968,0.420992,20,0.474537,0.398474,0.546873,20,0.350855,0.278968,0.420992,20,20,0,0
recipe:farooq_2019_science,recipe:gupta_2010,network,0.242024,0.171097,0.311312,20,0.189281,0.0865648,0.288069,20,0.242024,0.171097,0.311312,20,0.189281,0.0865648,0.288069,20,20,0,0
recipe:farooq_2019_science,recipe:harvey_2023_code,network,0.372452,0.273103,0.457626,20,0.394879,0.304294,0.476658,20,0.372452,0.273103,0.457626,20,0.394879,0.304294,0.476658,20,20,0,0
recipe:farooq_2019_science,recipe:harvey_2023_no_radiatum,network,0.110103,0.00160421,0.215282,20,0.159685,0.0839596,0.227677,20,0.110103,0.00160421,0.215282,20,0.159685,0.0839596,0.227677,20,20,0,0
recipe:farooq_2019_science,recipe:harvey_2023_text,network,0.358911,0.228776,0.485991,20,0.292934,0.208981,0.376872,20,0.358911,0.228776,0.485991,20,0.292934,0.208981,0.376872,20,20,0,0
recipe:farooq_2019_science,recipe:huelin_gorriz_2023,network,0.290952,0.208296,0.365943,20,0.332408,0.245251,0.418693,20,0.290952,0.208296,0.365943,20,0.332408,0.245251,0.418693,20,20,0,0
recipe:farooq_2019_science,recipe:igata_2021,burst,0.20156,0.118208,0.284257,20,0.274476,0.205312,0.343868,20,0.257917,0.175845,0.340965,20,0.303661,0.232465,0.374507,20,20,0,0
recipe:farooq_2019_science,recipe:igata_2021_ripples,network,0.158741,0.0652743,0.238428,20,0.129984,0.0259568,0.221298,20,0.158741,0.0652743,0.238428,20,0.129984,0.0259568,0.221298,20,20,0,0
recipe:farooq_2019_science,recipe:jadhav_2016,network,-0.0669369,-0.157343,0.0257412,20,0.208484,0.111476,0.298582,20,-0.0669369,-0.157343,0.0257412,20,0.208484,0.111476,0.298582,20,20,0,0
recipe:farooq_2019_science,recipe:ji_2007,burst,0.454973,0.362862,0.535783,20,0.462989,0.375705,0.536113,20,0.586823,0.516916,0.6531,20,0.501839,0.443598,0.555056,20,20,0,0
recipe:farooq_2019_science,recipe:ji_2007_ripples,network,,,,0,,,,0,,,,0,,,,0,20,0,0
recipe:farooq_2019_science,recipe:kaefer_2020,network,,,,0,,,,0,,,,0,,,,0,20,0,0
recipe:farooq_2019_science,recipe:karlsson_2009,network,0.0967835,0.0188687,0.175577,20,0.100222,0.0165177,0.179876,20,0.0967835,0.0188687,0.175577,20,0.100222,0.0165177,0.179876,20,20,0,0
recipe:farooq_2019_science,recipe:krause_2022,network,0.262156,0.158866,0.361749,20,0.265523,0.174681,0.345683,20,0.262156,0.158866,0.361749,20,0.265523,0.174681,0.345683,20,20,0,0
recipe:farooq_2019_science,recipe:krause_2022_hse,burst,0.162905,0.0895147,0.236176,20,0.158853,0.0967757,0.231007,20,0.245579,0.196671,0.294438,20,0.17627,0.112231,0.250757,20,20,0,0
recipe:farooq_2019_science,recipe:kudrimoti_1999,network,,,,0,,,,0,,,,0,,,,0,20,0,0
recipe:farooq_2019_science,recipe:lee_2002,burst,0.162684,0.0887134,0.230621,20,0.0538232,-0.00123226,0.109679,20,0.218359,0.143524,0.294278,20,0.0590125,0.00372085,0.11883,20,20,0,0
recipe:farooq_2019_science,recipe:lee_2002_ripples,network,0.321336,-0.0248038,0.614074,14,0.526701,0.256135,0.758375,14,0.321336,-0.0248038,0.614074,14,0.526701,0.256135,0.758375,14,20,0,0
recipe:farooq_2019_science,recipe:liu_2019,burst,0.0575027,-0.0253639,0.141909,20,0.0840156,0.0129347,0.148693,20,0.119218,0.0272883,0.210798,20,0.100878,0.0357442,0.164737,20,20,0,0
recipe:farooq_2019_science,recipe:liu_2019_awake,burst,0.0575027,-0.0253639,0.141909,20,0.0840156,0.0129347,0.148693,20,0.119218,0.0272883,0.210798,20,0.100878,0.0357442,0.164737,20,20,0,0
recipe:farooq_2019_science,recipe:liu_2023,network,0.67324,0.594053,0.737089,20,0.535188,0.470558,0.597356,20,0.67324,0.594053,0.737089,20,0.535188,0.470558,0.597356,20,20,0,0
recipe:farooq_2019_science,recipe:maboudi_2018,burst,0.165307,0.0918209,0.237306,20,0.161908,0.0982442,0.235015,20,0.246622,0.198076,0.294566,20,0.178529,0.113571,0.252864,20,20,0,0
recipe:farooq_2019_science,recipe:maboudi_2018_open_field,burst,0.646205,0.582486,0.703894,20,0.569119,0.504569,0.63126,20,0.74093,0.685288,0.788909,20,0.614358,0.560696,0.66386,20,20,0,0
recipe:farooq_2019_science,recipe:mallory_2025,burst,0.427092,0.348866,0.502583,20,0.345296,0.24517,0.434618,20,0.543438,0.463847,0.618826,20,0.400119,0.316021,0.476943,20,20,0,0
recipe:farooq_2019_science,recipe:mallory_2025_ripples,network,0.0380193,-0.0794915,0.157787,20,0.123404,0.0398547,0.202508,20,0.0380193,-0.0794915,0.157787,20,0.123404,0.0398547,0.202508,20,20,0,0
recipe:farooq_2019_science,recipe:michon_2019,network,0.371811,0.253599,0.485257,20,0.369367,0.275048,0.465952,20,0.371811,0.253599,0.485257,20,0.369367,0.275048,0.465952,20,20,0,0
recipe:farooq_2019_science,recipe:michon_2021,network,0.371811,0.253599,0.485257,20,0.369367,0.275048,0.465952,20,0.371811,0.253599,0.485257,20,0.369367,0.275048,0.465952,20,20,0,0
recipe:farooq_2019_science,recipe:mou_2022,burst,0.0807979,0.000658035,0.166979,20,0.0963193,0.0200622,0.178641,20,0.127158,0.0579697,0.190342,20,0.107398,0.0268135,0.192665,20,20,0,0
recipe:farooq_2019_science,recipe:muessig_2019,network,0.911716,0.873378,0.947545,20,0.803921,0.716082,0.879631,20,0.911716,0.873378,0.947545,20,0.803921,0.716082,0.879631,20,20,0,0
recipe:farooq_2019_science,recipe:muessig_2019_ripples,network,0.270977,0.178953,0.36644,20,0.522805,0.451409,0.588935,20,0.270977,0.178953,0.36644,20,0.522805,0.451409,0.588935,20,20,0,0
recipe:farooq_2019_science,recipe:nadasdy_1999,network,0.276172,0.156434,0.392827,20,0.237858,0.101646,0.358248,20,0.276172,0.156434,0.392827,20,0.237858,0.101646,0.358248,20,20,0,0
recipe:farooq_2019_science,recipe:olafsdottir_2015,burst,0.334387,0.253733,0.410705,20,0.306852,0.23207,0.378484,20,0.462643,0.392205,0.530297,20,0.358141,0.29482,0.419473,20,20,0,0
recipe:farooq_2019_science,recipe:olafsdottir_2015.bayesian_candidates,burst,0.331372,0.252169,0.409079,20,0.291956,0.218089,0.369272,20,0.459229,0.389355,0.525478,20,0.347293,0.280664,0.411171,20,20,0,0
recipe:farooq_2019_science,recipe:olafsdottir_2016,burst,0.56867,0.501329,0.632897,20,0.438065,0.347667,0.524483,20,0.695161,0.639768,0.749677,20,0.502134,0.430636,0.573978,20,20,0,0
recipe:farooq_2019_science,recipe:olafsdottir_2017,burst,0.512738,0.44285,0.580257,20,0.446428,0.348743,0.537575,20,0.632614,0.56443,0.698877,20,0.507981,0.432135,0.583358,20,20,0,0
recipe:farooq_2019_science,recipe:olafsdottir_2017.trajectory,burst,0.56867,0.501329,0.632897,20,0.438065,0.347667,0.524483,20,0.695161,0.639768,0.749677,20,0.502134,0.430636,0.573978,20,20,0,0
recipe:farooq_2019_science,recipe:pfeiffer_2013,burst,0.646205,0.582486,0.703894,20,0.569119,0.504569,0.63126,20,0.74093,0.685288,0.788909,20,0.614358,0.560696,0.66386,20,20,0,0
recipe:farooq_2019_science,recipe:pfeiffer_2013_ripples,network,-0.038012,-0.128092,0.0514686,20,0.059278,-0.0595585,0.163941,20,-0.038012,-0.128092,0.0514686,20,0.059278,-0.0595585,0.163941,20,20,0,0
recipe:farooq_2019_science,recipe:pfeiffer_2015,network,-0.038012,-0.128092,0.0514686,20,0.059278,-0.0595585,0.163941,20,-0.038012,-0.128092,0.0514686,20,0.059278,-0.0595585,0.163941,20,20,0,0
recipe:farooq_2019_science,recipe:shin_2019,network,0.0967835,0.0188687,0.175577,20,0.100222,0.0165177,0.179876,20,0.0967835,0.0188687,0.175577,20,0.100222,0.0165177,0.179876,20,20,0,0
recipe:farooq_2019_science,recipe:silva_2015,burst,0.566687,0.492298,0.632456,20,0.489275,0.414203,0.557828,20,0.660425,0.595928,0.719106,20,0.530765,0.465704,0.589391,20,20,0,0
recipe:farooq_2019_science,recipe:stella_2019,network,0.308696,0.190969,0.419463,20,0.258814,0.140561,0.360077,20,0.308696,0.190969,0.419463,20,0.258814,0.140561,0.360077,20,20,0,0
recipe:farooq_2019_science,recipe:tang_2017,network,0.0967835,0.0188687,0.175577,20,0.100222,0.0165177,0.179876,20,0.0967835,0.0188687,0.175577,20,0.100222,0.0165177,0.179876,20,20,0,0
recipe:farooq_2019_science,recipe:tirole_2022,network,0.290952,0.208296,0.365943,20,0.332408,0.245251,0.418693,20,0.290952,0.208296,0.365943,20,0.332408,0.245251,0.418693,20,20,0,0
recipe:farooq_2019_science,recipe:widloski_2025,network,0.00799163,-0.122483,0.117517,20,-0.0786473,-0.167916,0.0159939,20,0.00799163,-0.122483,0.117517,20,-0.0786473,-0.167916,0.0159939,20,20,0,0
recipe:farooq_2019_science,recipe:widloski_2025_bursts,burst,0.0193632,-0.0652686,0.10233,20,0.0647876,-0.00419842,0.139573,20,0.051687,-0.0377197,0.1368,20,0.0806949,-0.000841306,0.166593,20,20,0,0
recipe:farooq_2019_science,recipe:wikenheiser_2013,network,0.0217949,-0.060373,0.106322,20,0.0783651,-0.0136029,0.184362,20,0.0217949,-0.060373,0.106322,20,0.0783651,-0.0136029,0.184362,20,20,0,0
recipe:farooq_2019_science,recipe:wu_2014,burst,0.289095,0.205873,0.366016,20,0.278743,0.205733,0.348347,20,0.426916,0.350529,0.499882,20,0.319138,0.244951,0.388351,20,20,0,0
recipe:farooq_2019_science,recipe:wu_2017,burst,0.325055,0.239338,0.416558,20,0.374542,0.29086,0.4496,20,0.438225,0.332376,0.532805,20,0.435374,0.367784,0.503478,20,20,0,0
recipe:farooq_2019_science,recipe:xu_2019,burst,0.284846,0.213567,0.35849,20,0.299261,0.2006,0.395065,20,0.412795,0.340538,0.481773,20,0.344445,0.257618,0.425157,20,20,0,0
recipe:farooq_2019_science,recipe:yamamoto_2017,network,0.477701,0.391891,0.563385,20,0.440088,0.356702,0.518551,20,0.477701,0.391891,0.563385,20,0.440088,0.356702,0.518551,20,20,0,0
recipe:farooq_2019_science,recipe:yang_2024,network,0.474537,0.398474,0.546873,20,0.350855,0.278968,0.420992,20,0.474537,0.398474,0.546873,20,0.350855,0.278968,0.420992,20,20,0,0
recipe:farooq_2019_science_awake,recipe:foster_2006,burst,0.191399,0.0594139,0.329916,20,0.160053,0.0524751,0.272417,20,0.337198,0.210405,0.447518,20,0.22042,0.110161,0.328917,20,20,0,0
recipe:farooq_2019_science_awake,recipe:foster_2006_ripples,network,0.321336,-0.0248038,0.614074,14,0.526701,0.256135,0.758375,14,0.321336,-0.0248038,0.614074,14,0.526701,0.256135,0.758375,14,20,0,0
recipe:farooq_2019_science_awake,recipe:gillespie_2021,network,0.180194,0.0851496,0.270016,20,0.15399,0.0621978,0.235707,20,0.180194,0.0851496,0.270016,20,0.15399,0.0621978,0.235707,20,20,0,0
recipe:farooq_2019_science_awake,recipe:gillespie_2021_mua,burst,0.196163,0.115372,0.27805,20,0.261725,0.190695,0.332671,20,0.263468,0.185751,0.339305,20,0.292773,0.219371,0.366526,20,20,0,0
recipe:farooq_2019_science_awake,recipe:gridchyn_2020,burst,0.377032,0.294393,0.465319,20,0.361806,0.297104,0.424604,20,0.444785,0.357972,0.532852,20,0.402047,0.337958,0.465613,20,20,0,0
recipe:farooq_2019_science_awake,recipe:grosmark_2016,network,0.474537,0.398474,0.546873,20,0.350855,0.278968,0.420992,20,0.474537,0.398474,0.546873,20,0.350855,0.278968,0.420992,20,20,0,0
recipe:farooq_2019_science_awake,recipe:gupta_2010,network,0.242024,0.171097,0.311312,20,0.189281,0.0865648,0.288069,20,0.242024,0.171097,0.311312,20,0.189281,0.0865648,0.288069,20,20,0,0
recipe:farooq_2019_science_awake,recipe:harvey_2023_code,network,0.372452,0.273103,0.457626,20,0.394879,0.304294,0.476658,20,0.372452,0.273103,0.457626,20,0.394879,0.304294,0.476658,20,20,0,0
recipe:farooq_2019_science_awake,recipe:harvey_2023_no_radiatum,network,0.110103,0.00160421,0.215282,20,0.159685,0.0839596,0.227677,20,0.110103,0.00160421,0.215282,20,0.159685,0.0839596,0.227677,20,20,0,0
recipe:farooq_2019_science_awake,recipe:harvey_2023_text,network,0.358911,0.228776,0.485991,20,0.292934,0.208981,0.376872,20,0.358911,0.228776,0.485991,20,0.292934,0.208981,0.376872,20,20,0,0
recipe:farooq_2019_science_awake,recipe:huelin_gorriz_2023,network,0.290952,0.208296,0.365943,20,0.332408,0.245251,0.418693,20,0.290952,0.208296,0.365943,20,0.332408,0.245251,0.418693,20,20,0,0
recipe:farooq_2019_science_awake,recipe:igata_2021,burst,0.20156,0.118208,0.284257,20,0.274476,0.205312,0.343868,20,0.257917,0.175845,0.340965,20,0.303661,0.232465,0.374507,20,20,0,0
recipe:farooq_2019_science_awake,recipe:igata_2021_ripples,network,0.158741,0.0652743,0.238428,20,0.129984,0.0259568,0.221298,20,0.158741,0.0652743,0.238428,20,0.129984,0.0259568,0.221298,20,20,0,0
recipe:farooq_2019_science_awake,recipe:jadhav_2016,network,-0.0669369,-0.157343,0.0257412,20,0.208484,0.111476,0.298582,20,-0.0669369,-0.157343,0.0257412,20,0.208484,0.111476,0.298582,20,20,0,0
recipe:farooq_2019_science_awake,recipe:ji_2007,burst,0.454973,0.362862,0.535783,20,0.462989,0.375705,0.536113,20,0.586823,0.516916,0.6531,20,0.501839,0.443598,0.555056,20,20,0,0
recipe:farooq_2019_science_awake,recipe:ji_2007_ripples,network,,,,0,,,,0,,,,0,,,,0,20,0,0
recipe:farooq_2019_science_awake,recipe:kaefer_2020,network,,,,0,,,,0,,,,0,,,,0,20,0,0
recipe:farooq_2019_science_awake,recipe:karlsson_2009,network,0.0967835,0.0188687,0.175577,20,0.100222,0.0165177,0.179876,20,0.0967835,0.0188687,0.175577,20,0.100222,0.0165177,0.179876,20,20,0,0
recipe:farooq_2019_science_awake,recipe:krause_2022,network,0.262156,0.158866,0.361749,20,0.265523,0.174681,0.345683,20,0.262156,0.158866,0.361749,20,0.265523,0.174681,0.345683,20,20,0,0
recipe:farooq_2019_science_awake,recipe:krause_2022_hse,burst,0.162905,0.0895147,0.236176,20,0.158853,0.0967757,0.231007,20,0.245579,0.196671,0.294438,20,0.17627,0.112231,0.250757,20,20,0,0
recipe:farooq_2019_science_awake,recipe:kudrimoti_1999,network,,,,0,,,,0,,,,0,,,,0,20,0,0
recipe:farooq_2019_science_awake,recipe:lee_2002,burst,0.162684,0.0887134,0.230621,20,0.0538232,-0.00123226,0.109679,20,0.218359,0.143524,0.294278,20,0.0590125,0.00372085,0.11883,20,20,0,0
recipe:farooq_2019_science_awake,recipe:lee_2002_ripples,network,0.321336,-0.0248038,0.614074,14,0.526701,0.256135,0.758375,14,0.321336,-0.0248038,0.614074,14,0.526701,0.256135,0.758375,14,20,0,0
recipe:farooq_2019_science_awake,recipe:liu_2019,burst,0.0575027,-0.0253639,0.141909,20,0.0840156,0.0129347,0.148693,20,0.119218,0.0272883,0.210798,20,0.100878,0.0357442,0.164737,20,20,0,0
recipe:farooq_2019_science_awake,recipe:liu_2019_awake,burst,0.0575027,-0.0253639,0.141909,20,0.0840156,0.0129347,0.148693,20,0.119218,0.0272883,0.210798,20,0.100878,0.0357442,0.164737,20,20,0,0
recipe:farooq_2019_science_awake,recipe:liu_2023,network,0.67324,0.594053,0.737089,20,0.535188,0.470558,0.597356,20,0.67324,0.594053,0.737089,20,0.535188,0.470558,0.597356,20,20,0,0
recipe:farooq_2019_science_awake,recipe:maboudi_2018,burst,0.165307,0.0918209,0.237306,20,0.161908,0.0982442,0.235015,20,0.246622,0.198076,0.294566,20,0.178529,0.113571,0.252864,20,20,0,0
recipe:farooq_2019_science_awake,recipe:maboudi_2018_open_field,burst,0.646205,0.582486,0.703894,20,0.569119,0.504569,0.63126,20,0.74093,0.685288,0.788909,20,0.614358,0.560696,0.66386,20,20,0,0
recipe:farooq_2019_science_awake,recipe:mallory_2025,burst,0.427092,0.348866,0.502583,20,0.345296,0.24517,0.434618,20,0.543438,0.463847,0.618826,20,0.400119,0.316021,0.476943,20,20,0,0
recipe:farooq_2019_science_awake,recipe:mallory_2025_ripples,network,0.0380193,-0.0794915,0.157787,20,0.123404,0.0398547,0.202508,20,0.0380193,-0.0794915,0.157787,20,0.123404,0.0398547,0.202508,20,20,0,0
recipe:farooq_2019_science_awake,recipe:michon_2019,network,0.371811,0.253599,0.485257,20,0.369367,0.275048,0.465952,20,0.371811,0.253599,0.485257,20,0.369367,0.275048,0.465952,20,20,0,0
recipe:farooq_2019_science_awake,recipe:michon_2021,network,0.371811,0.253599,0.485257,20,0.369367,0.275048,0.465952,20,0.371811,0.253599,0.485257,20,0.369367,0.275048,0.465952,20,20,0,0
recipe:farooq_2019_science_awake,recipe:mou_2022,burst,0.0807979,0.000658035,0.166979,20,0.0963193,0.0200622,0.178641,20,0.127158,0.0579697,0.190342,20,0.107398,0.0268135,0.192665,20,20,0,0
recipe:farooq_2019_science_awake,recipe:muessig_2019,network,0.911716,0.873378,0.947545,20,0.803921,0.716082,0.879631,20,0.911716,0.873378,0.947545,20,0.803921,0.716082,0.879631,20,20,0,0
recipe:farooq_2019_science_awake,recipe:muessig_2019_ripples,network,0.270977,0.178953,0.36644,20,0.522805,0.451409,0.588935,20,0.270977,0.178953,0.36644,20,0.522805,0.451409,0.588935,20,20,0,0
recipe:farooq_2019_science_awake,recipe:nadasdy_1999,network,0.276172,0.156434,0.392827,20,0.237858,0.101646,0.358248,20,0.276172,0.156434,0.392827,20,0.237858,0.101646,0.358248,20,20,0,0
recipe:farooq_2019_science_awake,recipe:olafsdottir_2015,burst,0.334387,0.253733,0.410705,20,0.306852,0.23207,0.378484,20,0.462643,0.392205,0.530297,20,0.358141,0.29482,0.419473,20,20,0,0
recipe:farooq_2019_science_awake,recipe:olafsdottir_2015.bayesian_candidates,burst,0.331372,0.252169,0.409079,20,0.291956,0.218089,0.369272,20,0.459229,0.389355,0.525478,20,0.347293,0.280664,0.411171,20,20,0,0
recipe:farooq_2019_science_awake,recipe:olafsdottir_2016,burst,0.56867,0.501329,0.632897,20,0.438065,0.347667,0.524483,20,0.695161,0.639768,0.749677,20,0.502134,0.430636,0.573978,20,20,0,0
recipe:farooq_2019_science_awake,recipe:olafsdottir_2017,burst,0.512738,0.44285,0.580257,20,0.446428,0.348743,0.537575,20,0.632614,0.56443,0.698877,20,0.507981,0.432135,0.583358,20,20,0,0
recipe:farooq_2019_science_awake,recipe:olafsdottir_2017.trajectory,burst,0.56867,0.501329,0.632897,20,0.438065,0.347667,0.524483,20,0.695161,0.639768,0.749677,20,0.502134,0.430636,0.573978,20,20,0,0
recipe:farooq_2019_science_awake,recipe:pfeiffer_2013,burst,0.646205,0.582486,0.703894,20,0.569119,0.504569,0.63126,20,0.74093,0.685288,0.788909,20,0.614358,0.560696,0.66386,20,20,0,0
recipe:farooq_2019_science_awake,recipe:pfeiffer_2013_ripples,network,-0.038012,-0.128092,0.0514686,20,0.059278,-0.0595585,0.163941,20,-0.038012,-0.128092,0.0514686,20,0.059278,-0.0595585,0.163941,20,20,0,0
recipe:farooq_2019_science_awake,recipe:pfeiffer_2015,network,-0.038012,-0.128092,0.0514686,20,0.059278,-0.0595585,0.163941,20,-0.038012,-0.128092,0.0514686,20,0.059278,-0.0595585,0.163941,20,20,0,0
recipe:farooq_2019_science_awake,recipe:shin_2019,network,0.0967835,0.0188687,0.175577,20,0.100222,0.0165177,0.179876,20,0.0967835,0.0188687,0.175577,20,0.100222,0.0165177,0.179876,20,20,0,0
recipe:farooq_2019_science_awake,recipe:silva_2015,burst,0.566687,0.492298,0.632456,20,0.489275,0.414203,0.557828,20,0.660425,0.595928,0.719106,20,0.530765,0.465704,0.589391,20,20,0,0
recipe:farooq_2019_science_awake,recipe:stella_2019,network,0.308696,0.190969,0.419463,20,0.258814,0.140561,0.360077,20,0.308696,0.190969,0.419463,20,0.258814,0.140561,0.360077,20,20,0,0
recipe:farooq_2019_science_awake,recipe:tang_2017,network,0.0967835,0.0188687,0.175577,20,0.100222,0.0165177,0.179876,20,0.0967835,0.0188687,0.175577,20,0.100222,0.0165177,0.179876,20,20,0,0
recipe:farooq_2019_science_awake,recipe:tirole_2022,network,0.290952,0.208296,0.365943,20,0.332408,0.245251,0.418693,20,0.290952,0.208296,0.365943,20,0.332408,0.245251,0.418693,20,20,0,0
recipe:farooq_2019_science_awake,recipe:widloski_2025,network,0.00799163,-0.122483,0.117517,20,-0.0786473,-0.167916,0.0159939,20,0.00799163,-0.122483,0.117517,20,-0.0786473,-0.167916,0.0159939,20,20,0,0
recipe:farooq_2019_science_awake,recipe:widloski_2025_bursts,burst,0.0193632,-0.0652686,0.10233,20,0.0647876,-0.00419842,0.139573,20,0.051687,-0.0377197,0.1368,20,0.0806949,-0.000841306,0.166593,20,20,0,0
recipe:farooq_2019_science_awake,recipe:wikenheiser_2013,network,0.0217949,-0.060373,0.106322,20,0.0783651,-0.0136029,0.184362,20,0.0217949,-0.060373,0.106322,20,0.0783651,-0.0136029,0.184362,20,20,0,0
recipe:farooq_2019_science_awake,recipe:wu_2014,burst,0.289095,0.205873,0.366016,20,0.278743,0.205733,0.348347,20,0.426916,0.350529,0.499882,20,0.319138,0.244951,0.388351,20,20,0,0
recipe:farooq_2019_science_awake,recipe:wu_2017,burst,0.325055,0.239338,0.416558,20,0.374542,0.29086,0.4496,20,0.438225,0.332376,0.532805,20,0.435374,0.367784,0.503478,20,20,0,0
recipe:farooq_2019_science_awake,recipe:xu_2019,burst,0.284846,0.213567,0.35849,20,0.299261,0.2006,0.395065,20,0.412795,0.340538,0.481773,20,0.344445,0.257618,0.425157,20,20,0,0
recipe:farooq_2019_science_awake,recipe:yamamoto_2017,network,0.477701,0.391891,0.563385,20,0.440088,0.356702,0.518551,20,0.477701,0.391891,0.563385,20,0.440088,0.356702,0.518551,20,20,0,0
recipe:farooq_2019_science_awake,recipe:yang_2024,network,0.474537,0.398474,0.546873,20,0.350855,0.278968,0.420992,20,0.474537,0.398474,0.546873,20,0.350855,0.278968,0.420992,20,20,0,0
recipe:foster_2006,recipe:foster_2006_ripples,network,0.133333,-0.5,0.62,6,-0.166667,-0.724306,0.5,6,0.133333,-0.5,0.62,6,-0.166667,-0.724306,0.5,6,20,0,0
recipe:foster_2006,recipe:gillespie_2021,network,0.0788824,-0.0630233,0.219522,20,0.09138,-0.0789605,0.252005,20,0.0788824,-0.0630233,0.219522,20,0.09138,-0.0789605,0.252005,20,20,0,0
recipe:foster_2006,recipe:gillespie_2021_mua,burst,0.114931,-0.0365202,0.249404,20,0.284159,0.16052,0.394833,20,0.223474,0.13288,0.313128,20,0.271708,0.170212,0.372315,20,20,0,0
recipe:foster_2006,recipe:gridchyn_2020,burst,0.119359,-0.0452287,0.26613,20,0.0736233,-0.0228741,0.188167,20,0.238134,0.12864,0.346283,20,0.0957605,-0.0147263,0.207355,20,20,0,0
recipe:foster_2006,recipe:grosmark_2016,network,0.667836,0.541434,0.777534,20,0.598517,0.439659,0.74398,20,0.667836,0.541434,0.777534,20,0.598517,0.439659,0.74398,20,20,0,0
recipe:foster_2006,recipe:gupta_2010,network,0.197318,0.0937817,0.302528,19,0.121652,-0.0079707,0.253803,19,0.197318,0.0937817,0.302528,19,0.121652,-0.0079707,0.253803,19,20,0,0
recipe:foster_2006,recipe:harvey_2023_code,network,0.315691,0.136071,0.478736,20,0.117881,0.00738735,0.220985,20,0.315691,0.136071,0.478736,20,0.117881,0.00738735,0.220985,20,20,0,0
recipe:foster_2006,recipe:harvey_2023_no_radiatum,network,0.112584,0.00422347,0.213162,20,0.0489743,-0.0909136,0.184524,20,0.112584,0.00422347,0.213162,20,0.0489743,-0.0909136,0.184524,20,20,0,0
recipe:foster_2006,recipe:harvey_2023_text,network,0.255801,0.0786194,0.425758,20,0.128712,0.011738,0.239578,20,0.255801,0.0786194,0.425758,20,0.128712,0.011738,0.239578,20,20,0,0
recipe:foster_2006,recipe:huelin_gorriz_2023,network,0.293847,0.208606,0.377912,20,0.25434,0.133295,0.366354,20,0.293847,0.208606,0.377912,20,0.25434,0.133295,0.366354,20,20,0,0
recipe:foster_2006,recipe:igata_2021,burst,0.113446,-0.0387029,0.247711,20,0.288068,0.163013,0.401292,20,0.214424,0.127506,0.30563,20,0.277262,0.174178,0.379255,20,20,0,0
recipe:foster_2006,recipe:igata_2021_ripples,network,0.0688798,-0.0881169,0.234298,20,0.0673913,-0.0775786,0.188067,20,0.0688798,-0.0881169,0.234298,20,0.0673913,-0.0775786,0.188067,20,20,0,0
recipe:foster_2006,recipe:jadhav_2016,network,-0.115713,-0.274372,0.0368172,19,0.109945,-0.000872297,0.229768,19,-0.115713,-0.274372,0.0368172,19,0.109945,-0.000872297,0.229768,19,20,0,0
recipe:foster_2006,recipe:ji_2007,burst,0.0523061,-0.11891,0.213089,20,0.13704,-0.0121053,0.29276,20,0.203484,0.0780114,0.313411,20,0.162679,0.019317,0.30793,20,20,0,0
recipe:foster_2006,recipe:ji_2007_ripples,network,,,,0,,,,0,,,,0,,,,0,20,0,0
recipe:foster_2006,recipe:kaefer_2020,network,,,,0,,,,0,,,,0,,,,0,20,0,0
recipe:foster_2006,recipe:karlsson_2009,network,0.022242,-0.138299,0.168189,20,0.11848,0.0149369,0.221501,20,0.022242,-0.138299,0.168189,20,0.11848,0.0149369,0.221501,20,20,0,0
recipe:foster_2006,recipe:krause_2022,network,0.309466,0.129915,0.46171,20,0.324328,0.193998,0.454018,20,0.309466,0.129915,0.46171,20,0.324328,0.193998,0.454018,20,20,0,0
recipe:foster_2006,recipe:krause_2022_hse,burst,0.106582,-0.0329101,0.219539,20,0.260565,0.128721,0.390146,20,0.207804,0.125528,0.291387,20,0.246561,0.134971,0.36061,20,20,0,0
recipe:foster_2006,recipe:kudrimoti_1999,network,,,,0,,,,0,,,,0,,,,0,20,0,0
recipe:foster_2006,recipe:lee_2002,burst,0.363585,0.235391,0.476101,20,0.511281,0.400308,0.621833,20,0.378998,0.24973,0.499215,20,0.504096,0.396859,0.60342,20,20,0,0
recipe:foster_2006,recipe:lee_2002_ripples,network,0.133333,-0.5,0.62,6,-0.166667,-0.724306,0.5,6,0.133333,-0.5,0.62,6,-0.166667,-0.724306,0.5,6,20,0,0
recipe:foster_2006,recipe:liu_2019,burst,0.0800912,-0.0232936,0.183971,20,0.275481,0.136682,0.428738,20,0.107171,-0.0265863,0.235798,20,0.275787,0.137667,0.410159,20,20,0,0
recipe:foster_2006,recipe:liu_2019_awake,burst,0.0800912,-0.0232936,0.183971,20,0.275481,0.136682,0.428738,20,0.107171,-0.0265863,0.235798,20,0.275787,0.137667,0.410159,20,20,0,0
recipe:foster_2006,recipe:liu_2023,network,0.603681,0.447081,0.73759,20,0.554577,0.428939,0.662491,20,0.603681,0.447081,0.73759,20,0.554577,0.428939,0.662491,20,20,0,0
recipe:foster_2006,recipe:maboudi_2018,burst,0.105082,-0.0387521,0.222709,20,0.259163,0.128143,0.390007,20,0.206963,0.121967,0.291779,20,0.242632,0.132413,0.357415,20,20,0,0
recipe:foster_2006,recipe:maboudi_2018_open_field,burst,0.380435,0.234404,0.506356,20,0.46418,0.377572,0.551446,20,0.504173,0.390394,0.601184,20,0.475351,0.392609,0.556708,20,20,0,0
recipe:foster_2006,recipe:mallory_2025,burst,0.527951,0.397241,0.630056,20,0.596038,0.470722,0.71074,20,0.613548,0.51189,0.699045,20,0.583586,0.465731,0.697861,20,20,0,0
recipe:foster_2006,recipe:mallory_2025_ripples,network,0.0564247,-0.0996398,0.227114,20,0.0181247,-0.109427,0.157552,20,0.0564247,-0.0996398,0.227114,20,0.0181247,-0.109427,0.157552,20,20,0,0
recipe:foster_2006,recipe:michon_2019,network,0.139978,-0.0451117,0.311759,20,0.160736,-0.0184418,0.347782,20,0.139978,-0.0451117,0.311759,20,0.160736,-0.0184418,0.347782,20,20,0,0
recipe:foster_2006,recipe:michon_2021,network,0.139978,-0.0451117,0.311759,20,0.160736,-0.0184418,0.347782,20,0.139978,-0.0451117,0.311759,20,0.160736,-0.0184418,0.347782,20,20,0,0
recipe:foster_2006,recipe:mou_2022,burst,0.0393301,-0.0522936,0.125733,20,0.153656,0.0120691,0.290531,20,0.100258,0.00545366,0.191272,20,0.148972,0.0256335,0.27681,20,20,0,0
recipe:foster_2006,recipe:muessig_2019,network,0.328788,0.131635,0.513071,19,0.00758715,-0.206706,0.220068,19,0.328788,0.131635,0.513071,19,0.00758715,-0.206706,0.220068,19,20,0,0
recipe:foster_2006,recipe:muessig_2019_ripples,network,0.122199,-0.0501341,0.287202,20,0.123357,-0.00825279,0.25577,20,0.122199,-0.0501341,0.287202,20,0.123357,-0.00825279,0.25577,20,20,0,0
recipe:foster_2006,recipe:nadasdy_1999,network,0.211384,0.0558597,0.371655,20,0.0608716,-0.0718392,0.191723,20,0.211384,0.0558597,0.371655,20,0.0608716,-0.0718392,0.191723,20,20,0,0
recipe:foster_2006,recipe:olafsdottir_2015,burst,0.974497,0.940804,0.999091,20,0.994879,0.987625,1,20,0.974497,0.940804,0.999091,20,0.994879,0.987625,1,20,20,0,0
recipe:foster_2006,recipe:olafsdottir_2015.bayesian_candidates,burst,0.974497,0.940804,0.999091,20,0.994879,0.987625,1,20,0.974497,0.940804,0.999091,20,0.994879,0.987625,1,20,20,0,0
recipe:foster_2006,recipe:olafsdottir_2016,burst,0.170474,0.044673,0.288163,20,0.0800328,-0.0137698,0.164383,20,0.282554,0.159477,0.383617,20,0.112863,0.00968044,0.211398,20,20,0,0
recipe:foster_2006,recipe:olafsdottir_2017,burst,0.156244,0.0344107,0.268795,20,0.105081,0.00187834,0.191216,20,0.27151,0.150145,0.369038,20,0.14251,0.0393526,0.238932,20,20,0,0
recipe:foster_2006,recipe:olafsdottir_2017.trajectory,burst,0.170474,0.044673,0.288163,20,0.0800328,-0.0137698,0.164383,20,0.282554,0.159477,0.383617,20,0.112863,0.00968044,0.211398,20,20,0,0
recipe:foster_2006,recipe:pfeiffer_2013,burst,0.380435,0.234404,0.506356,20,0.46418,0.377572,0.551446,20,0.504173,0.390394,0.601184,20,0.475351,0.392609,0.556708,20,20,0,0
recipe:foster_2006,recipe:pfeiffer_2013_ripples,network,-0.0375028,-0.184953,0.129956,20,0.074228,-0.0835386,0.231214,20,-0.0375028,-0.184953,0.129956,20,0.074228,-0.0835386,0.231214,20,20,0,0
recipe:foster_2006,recipe:pfeiffer_2015,network,-0.0375028,-0.184953,0.129956,20,0.074228,-0.0835386,0.231214,20,-0.0375028,-0.184953,0.129956,20,0.074228,-0.0835386,0.231214,20,20,0,0
recipe:foster_2006,recipe:shin_2019,network,0.022242,-0.138299,0.168189,20,0.11848,0.0149369,0.221501,20,0.022242,-0.138299,0.168189,20,0.11848,0.0149369,0.221501,20,20,0,0
recipe:foster_2006,recipe:silva_2015,burst,0.459014,0.299034,0.595592,20,0.543198,0.452184,0.635574,20,0.540666,0.419405,0.646648,20,0.542748,0.453969,0.625637,20,20,0,0
recipe:foster_2006,recipe:stella_2019,network,0.241307,0.0859214,0.396767,20,0.029516,-0.118915,0.175249,20,0.241307,0.0859214,0.396767,20,0.029516,-0.118915,0.175249,20,20,0,0
recipe:foster_2006,recipe:tang_2017,network,0.022242,-0.138299,0.168189,20,0.11848,0.0149369,0.221501,20,0.022242,-0.138299,0.168189,20,0.11848,0.0149369,0.221501,20,20,0,0
recipe:foster_2006,recipe:tirole_2022,network,0.293847,0.208606,0.377912,20,0.25434,0.133295,0.366354,20,0.293847,0.208606,0.377912,20,0.25434,0.133295,0.366354,20,20,0,0
recipe:foster_2006,recipe:widloski_2025,network,0.0317864,-0.124682,0.192879,20,0.0724132,-0.0625414,0.215095,20,0.0317864,-0.124682,0.192879,20,0.0724132,-0.0625414,0.215095,20,20,0,0
recipe:foster_2006,recipe:widloski_2025_bursts,burst,0.00667417,-0.15868,0.152861,20,0.0639952,-0.0606639,0.192658,20,0.0544038,-0.0831986,0.182415,20,0.0736041,-0.0532879,0.201817,20,20,0,0
recipe:foster_2006,recipe:wikenheiser_2013,network,0.0473903,-0.0514308,0.149731,20,-0.0860766,-0.184112,0.024045,20,0.0473903,-0.0514308,0.149731,20,-0.0860766,-0.184112,0.024045,20,20,0,0
recipe:foster_2006,recipe:wu_2014,burst,0.830305,0.787768,0.874284,20,0.906049,0.853474,0.94964,20,0.858819,0.81754,0.897697,20,0.903566,0.848426,0.949303,20,20,0,0
recipe:foster_2006,recipe:wu_2017,burst,0.0312871,-0.147267,0.205072,20,-0.00506954,-0.165699,0.150547,20,0.219324,0.0899424,0.35393,20,0.0330969,-0.130309,0.194048,20,20,0,0
recipe:foster_2006,recipe:xu_2019,burst,0.610771,0.534311,0.680674,20,0.660252,0.56867,0.747751,20,0.682274,0.61449,0.742675,20,0.6575,0.572868,0.743121,20,20,0,0
recipe:foster_2006,recipe:yamamoto_2017,network,0.110691,-0.0392543,0.261357,20,0.0504657,-0.097606,0.202106,20,0.110691,-0.0392543,0.261357,20,0.0504657,-0.097606,0.202106,20,20,0,0
recipe:foster_2006,recipe:yang_2024,network,0.667836,0.541434,0.777534,20,0.598517,0.439659,0.74398,20,0.667836,0.541434,0.777534,20,0.598517,0.439659,0.74398,20,20,0,0
recipe:foster_2006_ripples,recipe:gillespie_2021,ripple,0.132826,-0.059612,0.316206,20,0.318323,0.166512,0.471828,20,0.426717,0.308058,0.549289,20,0.586465,0.468049,0.691682,20,20,0,0
recipe:foster_2006_ripples,recipe:gillespie_2021_mua,network,-0.0260198,-0.178706,0.133961,20,0.149928,0.00468169,0.30001,20,-0.0260198,-0.178706,0.133961,20,0.149928,0.00468169,0.30001,20,20,0,0
recipe:foster_2006_ripples,recipe:gridchyn_2020,network,0.133635,-0.0639693,0.317241,20,0.316424,0.112549,0.482106,20,0.133635,-0.0639693,0.317241,20,0.316424,0.112549,0.482106,20,20,0,0
recipe:foster_2006_ripples,recipe:grosmark_2016,network,0.182969,0.0254714,0.334857,20,0.0833167,-0.0937483,0.254166,20,0.182969,0.0254714,0.334857,20,0.0833167,-0.0937483,0.254166,20,20,0,0
recipe:foster_2006_ripples,recipe:gupta_2010,ripple,0.176042,-0.0272976,0.393873,19,0.147801,-0.0453526,0.325642,19,0.382077,0.200148,0.56132,20,0.312354,0.103096,0.517985,20,20,0,0
recipe:foster_2006_ripples,recipe:harvey_2023_code,ripple,0.510577,0.328006,0.679807,19,0.611564,0.451527,0.746422,19,0.334282,0.133208,0.527895,20,0.592781,0.388404,0.77109,20,20,0,0
recipe:foster_2006_ripples,recipe:harvey_2023_no_radiatum,ripple,0.237036,0.00964025,0.441541,19,0.194987,0.0650597,0.326227,19,0.33831,0.13529,0.535186,19,0.166621,0.00368264,0.308276,19,20,0,0
recipe:foster_2006_ripples,recipe:harvey_2023_text,ripple,0.520927,0.333693,0.672851,20,0.59046,0.448442,0.717208,20,0.614352,0.48841,0.736627,20,0.635201,0.479158,0.779891,20,20,0,0
recipe:foster_2006_ripples,recipe:huelin_gorriz_2023,network,0.0535265,-0.130003,0.234697,20,0.174292,0.00894913,0.350841,20,0.0535265,-0.130003,0.234697,20,0.174292,0.00894913,0.350841,20,20,0,0
recipe:foster_2006_ripples,recipe:igata_2021,network,-0.0510523,-0.219042,0.120693,20,0.15983,0.0201404,0.305206,20,-0.0510523,-0.219042,0.120693,20,0.15983,0.0201404,0.305206,20,20,0,0
recipe:foster_2006_ripples,recipe:igata_2021_ripples,ripple,0.228328,0.0479245,0.41354,20,0.218741,0.0460327,0.388222,20,0.50121,0.396302,0.601674,20,0.3735,0.205206,0.519201,20,20,0,0
recipe:foster_2006_ripples,recipe:jadhav_2016,ripple,0.147078,-0.0597224,0.357098,20,0.270476,0.0471131,0.470219,20,0.393981,0.231189,0.549268,20,0.473141,0.279893,0.650203,20,20,0,0
recipe:foster_2006_ripples,recipe:ji_2007,network,0.291717,0.118243,0.45059,20,0.311964,0.141426,0.464783,20,0.291717,0.118243,0.45059,20,0.311964,0.141426,0.464783,20,20,0,0
recipe:foster_2006_ripples,recipe:ji_2007_ripples,ripple,,,,0,,,,0,,,,0,,,,0,20,0,0
recipe:foster_2006_ripples,recipe:kaefer_2020,ripple,,,,0,,,,0,,,,0,,,,0,20,0,0
recipe:foster_2006_ripples,recipe:karlsson_2009,ripple,0.153031,-0.0416753,0.338695,20,0.25042,0.078033,0.410944,20,0.467162,0.350391,0.587208,20,0.460163,0.317003,0.595192,20,20,0,0
recipe:foster_2006_ripples,recipe:krause_2022,network,0.148818,0.00368132,0.291836,20,0.401412,0.248533,0.561767,20,0.148818,0.00368132,0.291836,20,0.401412,0.248533,0.561767,20,20,0,0
recipe:foster_2006_ripples,recipe:krause_2022_hse,network,0.0601773,-0.0634059,0.194548,20,0.154357,0.0096901,0.295007,20,0.0601773,-0.0634059,0.194548,20,0.154357,0.0096901,0.295007,20,20,0,0
recipe:foster_2006_ripples,recipe:kudrimoti_1999,ripple,0.3,-0.5,1,5,0.5,-0.0714286,1,5,0.64,0.35,1,5,0.7,0,1,5,20,0,0
recipe:foster_2006_ripples,recipe:lee_2002,network,0.0128954,-0.191443,0.214433,20,0.119595,-0.0427933,0.287894,20,0.0128954,-0.191443,0.214433,20,0.119595,-0.0427933,0.287894,20,20,0,0
recipe:foster_2006_ripples,recipe:lee_2002_ripples,ripple,1,1,1,20,1,1,1,20,1,1,1,20,1,1,1,20,20,0,0
recipe:foster_2006_ripples,recipe:liu_2019,network,0.258603,0.0715963,0.442101,20,0.01834,-0.180271,0.215211,20,0.258603,0.0715963,0.442101,20,0.01834,-0.180271,0.215211,20,20,0,0
recipe:foster_2006_ripples,recipe:liu_2019_awake,network,0.258603,0.0715963,0.442101,20,0.01834,-0.180271,0.215211,20,0.258603,0.0715963,0.442101,20,0.01834,-0.180271,0.215211,20,20,0,0
recipe:foster_2006_ripples,recipe:liu_2023,network,0.235735,0.038569,0.418409,20,0.280773,0.121664,0.42335,20,0.235735,0.038569,0.418409,20,0.280773,0.121664,0.42335,20,20,0,0
recipe:foster_2006_ripples,recipe:maboudi_2018,network,0.0282076,-0.108824,0.166136,20,0.154357,0.0096901,0.295007,20,0.0282076,-0.108824,0.166136,20,0.154357,0.0096901,0.295007,20,20,0,0
recipe:foster_2006_ripples,recipe:maboudi_2018_open_field,network,0.27641,0.109585,0.444758,20,0.181698,0.0293019,0.326549,20,0.27641,0.109585,0.444758,20,0.181698,0.0293019,0.326549,20,20,0,0
recipe:foster_2006_ripples,recipe:mallory_2025,network,0.201959,0.0448988,0.364357,20,0.0485564,-0.11102,0.201473,20,0.201959,0.0448988,0.364357,20,0.0485564,-0.11102,0.201473,20,20,0,0
recipe:foster_2006_ripples,recipe:mallory_2025_ripples,ripple,0.0913511,-0.0728556,0.265397,20,0.36323,0.185886,0.532204,20,0.226936,0.044711,0.38459,20,0.43643,0.282472,0.582709,20,20,0,0
recipe:foster_2006_ripples,recipe:michon_2019,network,0.143222,-0.0444251,0.342462,20,0.165584,-0.0261328,0.357985,20,0.143222,-0.0444251,0.342462,20,0.165584,-0.0261328,0.357985,20,20,0,0
recipe:foster_2006_ripples,recipe:michon_2021,network,0.143222,-0.0444251,0.342462,20,0.165584,-0.0261328,0.357985,20,0.143222,-0.0444251,0.342462,20,0.165584,-0.0261328,0.357985,20,20,0,0
recipe:foster_2006_ripples,recipe:mou_2022,network,-0.100893,-0.274147,0.0789359,20,0.0636722,-0.105725,0.223889,20,-0.100893,-0.274147,0.0789359,20,0.0636722,-0.105725,0.223889,20,20,0,0
recipe:foster_2006_ripples,recipe:muessig_2019,network,0.48,-0.0809167,0.880917,5,0.4,-0.1,0.8,5,0.48,-0.0809167,0.880917,5,0.4,-0.1,0.8,5,20,0,0
recipe:foster_2006_ripples,recipe:muessig_2019_ripples,ripple,0.469606,0.329658,0.607157,20,0.663768,0.538993,0.759595,20,0.516074,0.381302,0.651801,20,0.753302,0.678732,0.827769,20,20,0,0
recipe:foster_2006_ripples,recipe:nadasdy_1999,ripple,0.268426,0.0772594,0.452543,20,0.557542,0.423981,0.677984,20,0.541662,0.383877,0.677533,20,0.659251,0.526698,0.773282,20,20,0,0
recipe:foster_2006_ripples,recipe:olafsdottir_2015,network,0.299819,0.120132,0.46554,20,0.245301,0.0517055,0.437665,20,0.299819,0.120132,0.46554,20,0.245301,0.0517055,0.437665,20,20,0,0
recipe:foster_2006_ripples,recipe:olafsdottir_2015.bayesian_candidates,network,0.29041,0.116496,0.445417,19,0.148813,-0.0520293,0.357277,19,0.29041,0.116496,0.445417,19,0.148813,-0.0520293,0.357277,19,20,0,0
recipe:foster_2006_ripples,recipe:olafsdottir_2016,network,0.23118,-0.000878617,0.434184,19,0.269013,0.0908988,0.442364,19,0.23118,-0.000878617,0.434184,19,0.269013,0.0908988,0.442364,19,20,0,0
recipe:foster_2006_ripples,recipe:olafsdottir_2017,network,0.212398,0.00198416,0.409503,20,0.332058,0.169317,0.486066,20,0.212398,0.00198416,0.409503,20,0.332058,0.169317,0.486066,20,20,0,0
recipe:foster_2006_ripples,recipe:olafsdottir_2017.trajectory,network,0.23118,-0.000878617,0.434184,19,0.269013,0.0908988,0.442364,19,0.23118,-0.000878617,0.434184,19,0.269013,0.0908988,0.442364,19,20,0,0
recipe:foster_2006_ripples,recipe:pfeiffer_2013,network,0.27641,0.109585,0.444758,20,0.181698,0.0293019,0.326549,20,0.27641,0.109585,0.444758,20,0.181698,0.0293019,0.326549,20,20,0,0
recipe:foster_2006_ripples,recipe:pfeiffer_2013_ripples,ripple,0.0817516,-0.0826537,0.246823,20,0.263128,0.0994353,0.402958,20,0.281758,0.127014,0.430017,20,0.351772,0.190994,0.509567,20,20,0,0
recipe:foster_2006_ripples,recipe:pfeiffer_2015,ripple,0.0817516,-0.0826537,0.246823,20,0.263128,0.0994353,0.402958,20,0.281758,0.127014,0.430017,20,0.351772,0.190994,0.509567,20,20,0,0
recipe:foster_2006_ripples,recipe:shin_2019,ripple,0.153031,-0.0416753,0.338695,20,0.25042,0.078033,0.410944,20,0.467162,0.350391,0.587208,20,0.460163,0.317003,0.595192,20,20,0,0
recipe:foster_2006_ripples,recipe:silva_2015,network,0.344088,0.20508,0.482699,20,0.178835,0.026472,0.312444,20,0.344088,0.20508,0.482699,20,0.178835,0.026472,0.312444,20,20,0,0
recipe:foster_2006_ripples,recipe:stella_2019,ripple,0.504251,0.296848,0.67498,20,0.605102,0.470708,0.722182,20,0.668732,0.534201,0.794176,20,0.712846,0.566498,0.834408,20,20,0,0
recipe:foster_2006_ripples,recipe:tang_2017,ripple,0.153031,-0.0416753,0.338695,20,0.25042,0.078033,0.410944,20,0.467162,0.350391,0.587208,20,0.460163,0.317003,0.595192,20,20,0,0
recipe:foster_2006_ripples,recipe:tirole_2022,network,0.0535265,-0.130003,0.234697,20,0.174292,0.00894913,0.350841,20,0.0535265,-0.130003,0.234697,20,0.174292,0.00894913,0.350841,20,20,0,0
recipe:foster_2006_ripples,recipe:widloski_2025,ripple,-0.0665659,-0.256802,0.124187,20,0.234279,0.0837879,0.40148,20,0.0507293,-0.0966608,0.198252,20,0.313929,0.181317,0.449194,20,20,0,0
recipe:foster_2006_ripples,recipe:widloski_2025_bursts,network,-0.0861472,-0.276245,0.100995,20,0.00886364,-0.165141,0.192583,20,-0.0861472,-0.276245,0.100995,20,0.00886364,-0.165141,0.192583,20,20,0,0
recipe:foster_2006_ripples,recipe:wikenheiser_2013,ripple,0.0712479,-0.128161,0.273057,20,0.0617974,-0.118606,0.238715,20,0.210726,0.0343921,0.396321,20,0.125773,-0.0167315,0.268383,20,20,0,0
recipe:foster_2006_ripples,recipe:wu_2014,network,0.278492,0.125168,0.42731,20,0.203188,0.0163204,0.389108,20,0.278492,0.125168,0.42731,20,0.203188,0.0163204,0.389108,20,20,0,0
recipe:foster_2006_ripples,recipe:wu_2017,network,0.248704,0.0696429,0.412524,20,0.442527,0.228818,0.629176,20,0.248704,0.0696429,0.412524,20,0.442527,0.228818,0.629176,20,20,0,0
recipe:foster_2006_ripples,recipe:xu_2019,network,0.198859,0.0480462,0.345444,20,0.00543124,-0.164899,0.168253,20,0.198859,0.0480462,0.345444,20,0.00543124,-0.164899,0.168253,20,20,0,0
recipe:foster_2006_ripples,recipe:yamamoto_2017,network,0.444037,0.279078,0.597698,20,0.511327,0.350787,0.662246,20,0.444037,0.279078,0.597698,20,0.511327,0.350787,0.662246,20,20,0,0
recipe:foster_2006_ripples,recipe:yang_2024,network,0.182969,0.0254714,0.334857,20,0.0833167,-0.0937483,0.254166,20,0.182969,0.0254714,0.334857,20,0.0833167,-0.0937483,0.254166,20,20,0,0
recipe:gillespie_2021,recipe:gillespie_2021_mua,network,0.078004,0.0364588,0.122777,20,0.0691179,0.031268,0.113394,20,0.078004,0.0364588,0.122777,20,0.0691179,0.031268,0.113394,20,20,0,0
recipe:gillespie_2021,recipe:gridchyn_2020,network,0.19657,0.135269,0.25132,20,0.275125,0.224107,0.321928,20,0.19657,0.135269,0.25132,20,0.275125,0.224107,0.321928,20,20,0,0
recipe:gillespie_2021,recipe:grosmark_2016,network,0.0709495,0.0269489,0.120828,20,0.00901417,-0.0665409,0.0783231,20,0.0709495,0.0269489,0.120828,20,0.00901417,-0.0665409,0.0783231,20,20,0,0
recipe:gillespie_2021,recipe:gupta_2010,ripple,0.440302,0.391023,0.493974,20,0.419845,0.379779,0.460935,20,0.531234,0.490032,0.572559,20,0.503958,0.459812,0.545712,20,20,0,0
recipe:gillespie_2021,recipe:harvey_2023_code,ripple,0.249109,0.204793,0.291319,20,0.287153,0.217484,0.353057,20,0.332891,0.271145,0.390353,20,0.468874,0.409855,0.52912,20,20,0,0
recipe:gillespie_2021,recipe:harvey_2023_no_radiatum,ripple,0.253654,0.191455,0.317485,20,0.314819,0.273776,0.362865,20,0.288995,0.224323,0.359172,20,0.403329,0.352867,0.448621,20,20,0,0
recipe:gillespie_2021,recipe:harvey_2023_text,ripple,0.381503,0.324649,0.443518,20,0.425485,0.35837,0.489041,20,0.535744,0.481286,0.588943,20,0.544654,0.504725,0.582199,20,20,0,0
recipe:gillespie_2021,recipe:huelin_gorriz_2023,network,0.0831201,0.0317303,0.136221,20,0.0553079,0.00158397,0.108569,20,0.0831201,0.0317303,0.136221,20,0.0553079,0.00158397,0.108569,20,20,0,0
recipe:gillespie_2021,recipe:igata_2021,network,0.0969306,0.0577762,0.140819,20,0.0634048,0.0281574,0.10351,20,0.0969306,0.0577762,0.140819,20,0.0634048,0.0281574,0.10351,20,20,0,0
recipe:gillespie_2021,recipe:igata_2021_ripples,ripple,0.58351,0.545385,0.615983,20,0.601792,0.559167,0.645186,20,0.688866,0.654918,0.718675,20,0.718641,0.677331,0.75861,20,20,0,0
recipe:gillespie_2021,recipe:jadhav_2016,ripple,0.68568,0.646824,0.72032,20,0.705399,0.666342,0.744829,20,0.683462,0.642226,0.723847,20,0.704464,0.664416,0.743618,20,20,0,0
recipe:gillespie_2021,recipe:ji_2007,network,0.27926,0.226316,0.331653,20,0.290324,0.250144,0.333378,20,0.27926,0.226316,0.331653,20,0.290324,0.250144,0.333378,20,20,0,0
recipe:gillespie_2021,recipe:ji_2007_ripples,ripple,,,,0,,,,0,,,,0,,,,0,20,0,0
recipe:gillespie_2021,recipe:kaefer_2020,ripple,1,1,1,1,0.5,0.5,0.5,1,1,1,1,1,0.5,0.5,0.5,1,20,0,0
recipe:gillespie_2021,recipe:karlsson_2009,ripple,0.684847,0.648988,0.719706,20,0.708226,0.66885,0.743987,20,0.733788,0.696241,0.769442,20,0.741478,0.708379,0.773952,20,20,0,0
recipe:gillespie_2021,recipe:krause_2022,network,0.387417,0.340945,0.438632,20,0.487247,0.439664,0.533949,20,0.387417,0.340945,0.438632,20,0.487247,0.439664,0.533949,20,20,0,0
recipe:gillespie_2021,recipe:krause_2022_hse,network,0.0724507,0.0220517,0.12843,20,0.0788931,0.0288825,0.129425,20,0.0724507,0.0220517,0.12843,20,0.0788931,0.0288825,0.129425,20,20,0,0
recipe:gillespie_2021,recipe:kudrimoti_1999,ripple,0.65,0.5,0.8,10,0.11,-0.3,0.51,10,0.318182,-0.107778,0.740042,11,0.336364,-0.14447,0.755556,11,20,0,0
recipe:gillespie_2021,recipe:lee_2002,network,0.0118675,-0.0363872,0.0601844,20,0.0248119,-0.021559,0.0742187,20,0.0118675,-0.0363872,0.0601844,20,0.0248119,-0.021559,0.0742187,20,20,0,0
recipe:gillespie_2021,recipe:lee_2002_ripples,ripple,0.132826,-0.059612,0.316206,20,0.318323,0.166512,0.471828,20,0.426717,0.308058,0.549289,20,0.586465,0.468049,0.691682,20,20,0,0
recipe:gillespie_2021,recipe:liu_2019,network,0.0133722,-0.034589,0.0618202,20,0.0833038,0.0360924,0.13259,20,0.0133722,-0.034589,0.0618202,20,0.0833038,0.0360924,0.13259,20,20,0,0
recipe:gillespie_2021,recipe:liu_2019_awake,network,0.0133722,-0.034589,0.0618202,20,0.0833038,0.0360924,0.13259,20,0.0133722,-0.034589,0.0618202,20,0.0833038,0.0360924,0.13259,20,20,0,0
recipe:gillespie_2021,recipe:liu_2023,network,0.109611,0.042567,0.170118,20,0.0494895,-0.0190183,0.116995,20,0.109611,0.042567,0.170118,20,0.0494895,-0.0190183,0.116995,20,20,0,0
recipe:gillespie_2021,recipe:maboudi_2018,network,0.0632554,0.0096815,0.120207,20,0.0693306,0.0213404,0.120865,20,0.0632554,0.0096815,0.120207,20,0.0693306,0.0213404,0.120865,20,20,0,0
recipe:gillespie_2021,recipe:maboudi_2018_open_field,network,0.112787,0.0616498,0.168499,20,0.0988713,0.0334995,0.165894,20,0.112787,0.0616498,0.168499,20,0.0988713,0.0334995,0.165894,20,20,0,0
recipe:gillespie_2021,recipe:mallory_2025,network,0.0794587,0.0288394,0.135413,20,0.0256565,-0.0333187,0.0860109,20,0.0794587,0.0288394,0.135413,20,0.0256565,-0.0333187,0.0860109,20,20,0,0
recipe:gillespie_2021,recipe:mallory_2025_ripples,ripple,0.420475,0.383538,0.46234,20,0.49062,0.463069,0.51887,20,0.460313,0.427603,0.493754,20,0.556056,0.52223,0.590633,20,20,0,0
recipe:gillespie_2021,recipe:michon_2019,network,0.185018,0.0975724,0.262312,20,0.105178,0.0440709,0.175449,20,0.185018,0.0975724,0.262312,20,0.105178,0.0440709,0.175449,20,20,0,0
recipe:gillespie_2021,recipe:michon_2021,network,0.185018,0.0975724,0.262312,20,0.105178,0.0440709,0.175449,20,0.185018,0.0975724,0.262312,20,0.105178,0.0440709,0.175449,20,20,0,0
recipe:gillespie_2021,recipe:mou_2022,network,0.0504912,0.00651093,0.0961208,20,0.0469444,0.00460086,0.0913841,20,0.0504912,0.00651093,0.0961208,20,0.0469444,0.00460086,0.0913841,20,20,0,0
recipe:gillespie_2021,recipe:muessig_2019,network,0.212275,0.0837929,0.340032,20,0.0864293,-0.092878,0.259348,20,0.212275,0.0837929,0.340032,20,0.0864293,-0.092878,0.259348,20,20,0,0
recipe:gillespie_2021,recipe:muessig_2019_ripples,ripple,0.303584,0.255367,0.351551,20,0.266957,0.223284,0.306487,20,0.362431,0.316847,0.405802,20,0.40707,0.365905,0.448354,20,20,0,0
recipe:gillespie_2021,recipe:nadasdy_1999,ripple,0.571179,0.513361,0.626314,20,0.558869,0.507429,0.609948,20,0.667362,0.610402,0.718495,20,0.629483,0.584965,0.669675,20,20,0,0
recipe:gillespie_2021,recipe:olafsdottir_2015,network,0.111258,0.0600318,0.161253,20,0.0627435,0.00677773,0.116323,20,0.111258,0.0600318,0.161253,20,0.0627435,0.00677773,0.116323,20,20,0,0
recipe:gillespie_2021,recipe:olafsdottir_2015.bayesian_candidates,network,0.120641,0.0716477,0.167773,20,0.0654418,-0.00372449,0.134541,20,0.120641,0.0716477,0.167773,20,0.0654418,-0.00372449,0.134541,20,20,0,0
recipe:gillespie_2021,recipe:olafsdottir_2016,network,0.128835,0.0735993,0.177449,20,0.208238,0.156871,0.256293,20,0.128835,0.0735993,0.177449,20,0.208238,0.156871,0.256293,20,20,0,0
recipe:gillespie_2021,recipe:olafsdottir_2017,network,0.114558,0.0581108,0.167128,20,0.218637,0.167286,0.267287,20,0.114558,0.0581108,0.167128,20,0.218637,0.167286,0.267287,20,20,0,0
recipe:gillespie_2021,recipe:olafsdottir_2017.trajectory,network,0.128835,0.0735993,0.177449,20,0.208238,0.156871,0.256293,20,0.128835,0.0735993,0.177449,20,0.208238,0.156871,0.256293,20,20,0,0
recipe:gillespie_2021,recipe:pfeiffer_2013,network,0.112787,0.0616498,0.168499,20,0.0988713,0.0334995,0.165894,20,0.112787,0.0616498,0.168499,20,0.0988713,0.0334995,0.165894,20,20,0,0
recipe:gillespie_2021,recipe:pfeiffer_2013_ripples,ripple,0.524551,0.489081,0.55993,20,0.541212,0.506154,0.576283,20,0.507432,0.464574,0.5483,20,0.605263,0.571701,0.640182,20,20,0,0
recipe:gillespie_2021,recipe:pfeiffer_2015,ripple,0.524551,0.489081,0.55993,20,0.541212,0.506154,0.576283,20,0.507425,0.464559,0.5483,20,0.605263,0.571701,0.640182,20,20,0,0
recipe:gillespie_2021,recipe:shin_2019,ripple,0.684847,0.648988,0.719706,20,0.708226,0.66885,0.743987,20,0.733788,0.696241,0.769442,20,0.741478,0.708379,0.773952,20,20,0,0
recipe:gillespie_2021,recipe:silva_2015,network,0.0963606,0.031623,0.160699,20,0.0823618,0.0145549,0.152675,20,0.0963606,0.031623,0.160699,20,0.0823618,0.0145549,0.152675,20,20,0,0
recipe:gillespie_2021,recipe:stella_2019,ripple,0.442068,0.385207,0.500202,20,0.450153,0.401747,0.49547,20,0.577264,0.51513,0.635667,20,0.605172,0.567798,0.642377,20,20,0,0
recipe:gillespie_2021,recipe:tang_2017,ripple,0.684847,0.648988,0.719706,20,0.708226,0.66885,0.743987,20,0.733788,0.696241,0.769442,20,0.741478,0.708379,0.773952,20,20,0,0
recipe:gillespie_2021,recipe:tirole_2022,network,0.0831201,0.0317303,0.136221,20,0.0553079,0.00158397,0.108569,20,0.0831201,0.0317303,0.136221,20,0.0553079,0.00158397,0.108569,20,20,0,0
recipe:gillespie_2021,recipe:widloski_2025,ripple,0.106718,0.0345497,0.183246,20,0.142615,0.0582592,0.22255,20,0.133395,0.0499884,0.20941,20,0.189881,0.106468,0.277412,20,20,0,0
recipe:gillespie_2021,recipe:widloski_2025_bursts,network,-0.00124602,-0.0867315,0.078381,20,0.0958739,0.0258189,0.163128,20,-0.00124602,-0.0867315,0.078381,20,0.0958739,0.0258189,0.163128,20,20,0,0
recipe:gillespie_2021,recipe:wikenheiser_2013,ripple,0.13134,0.0675512,0.19719,20,0.0977867,0.043756,0.155486,20,0.152417,0.0962575,0.210096,20,0.14648,0.0856888,0.206491,20,20,0,0
recipe:gillespie_2021,recipe:wu_2014,network,0.0828129,0.0319754,0.130237,20,0.0534298,0.00925735,0.103172,20,0.0828129,0.0319754,0.130237,20,0.0534298,0.00925735,0.103172,20,20,0,0
recipe:gillespie_2021,recipe:wu_2017,network,0.244823,0.185592,0.302316,20,0.270509,0.219436,0.322725,20,0.244823,0.185592,0.302316,20,0.270509,0.219436,0.322725,20,20,0,0
recipe:gillespie_2021,recipe:xu_2019,network,0.0642014,0.024933,0.106037,20,0.0339324,-0.0283139,0.0931216,20,0.0642014,0.024933,0.106037,20,0.0339324,-0.0283139,0.0931216,20,20,0,0
recipe:gillespie_2021,recipe:yamamoto_2017,network,0.320774,0.271906,0.365947,20,0.349431,0.280193,0.419876,20,0.320774,0.271906,0.365947,20,0.349431,0.280193,0.419876,20,20,0,0
recipe:gillespie_2021,recipe:yang_2024,network,0.0709495,0.0269489,0.120828,20,0.00901417,-0.0665409,0.0783231,20,0.0709495,0.0269489,0.120828,20,0.00901417,-0.0665409,0.0783231,20,20,0,0
recipe:gillespie_2021_mua,recipe:gridchyn_2020,burst,0.441386,0.395726,0.487184,20,0.354337,0.31153,0.393685,20,0.414447,0.374336,0.455669,20,0.35289,0.311919,0.392506,20,20,0,0
recipe:gillespie_2021_mua,recipe:grosmark_2016,network,0.320799,0.25113,0.390819,20,0.418783,0.368058,0.472545,20,0.320799,0.25113,0.390819,20,0.418783,0.368058,0.472545,20,20,0,0
recipe:gillespie_2021_mua,recipe:gupta_2010,network,0.124794,0.0622808,0.177336,20,0.127793,0.0768227,0.177047,20,0.124794,0.0622808,0.177336,20,0.127793,0.0768227,0.177047,20,20,0,0
recipe:gillespie_2021_mua,recipe:harvey_2023_code,network,0.0457934,0.00447849,0.0826208,20,0.0486793,-0.00754824,0.101566,20,0.0457934,0.00447849,0.0826208,20,0.0486793,-0.00754824,0.101566,20,20,0,0
recipe:gillespie_2021_mua,recipe:harvey_2023_no_radiatum,network,0.0682272,0.00296081,0.131961,20,0.0837286,0.0486693,0.120446,20,0.0682272,0.00296081,0.131961,20,0.0837286,0.0486693,0.120446,20,20,0,0
recipe:gillespie_2021_mua,recipe:harvey_2023_text,network,0.112204,0.0626801,0.168394,20,0.0902306,0.0449673,0.134083,20,0.112204,0.0626801,0.168394,20,0.0902306,0.0449673,0.134083,20,20,0,0
recipe:gillespie_2021_mua,recipe:huelin_gorriz_2023,network,0.924448,0.899997,0.945818,20,0.912914,0.884739,0.937811,20,0.924448,0.899997,0.945818,20,0.912914,0.884739,0.937811,20,20,0,0
recipe:gillespie_2021_mua,recipe:igata_2021,burst,0.999942,0.999904,0.999973,20,0.999961,0.999942,0.999977,20,0.998869,0.996694,0.999973,20,0.999956,0.999932,0.999977,20,20,0,0
recipe:gillespie_2021_mua,recipe:igata_2021_ripples,network,0.0430617,-0.00593368,0.0961811,20,0.0781962,0.0476527,0.110334,20,0.0430617,-0.00593368,0.0961811,20,0.0781962,0.0476527,0.110334,20,20,0,0
recipe:gillespie_2021_mua,recipe:jadhav_2016,network,0.0244492,-0.00706729,0.0569823,20,0.0508842,-0.00127843,0.10785,20,0.0244492,-0.00706729,0.0569823,20,0.0508842,-0.00127843,0.10785,20,20,0,0
recipe:gillespie_2021_mua,recipe:ji_2007,burst,0.462955,0.415791,0.508882,20,0.48855,0.43039,0.542535,20,0.427017,0.376606,0.474541,20,0.481264,0.427227,0.533843,20,20,0,0
recipe:gillespie_2021_mua,recipe:ji_2007_ripples,network,,,,0,,,,0,,,,0,,,,0,20,0,0
recipe:gillespie_2021_mua,recipe:kaefer_2020,network,0.5,0.5,0.5,1,-1,-1,-1,1,0.5,0.5,0.5,1,-1,-1,-1,1,20,0,0
recipe:gillespie_2021_mua,recipe:karlsson_2009,network,0.0526561,0.0088912,0.100548,20,0.0440054,-0.00127409,0.091499,20,0.0526561,0.0088912,0.100548,20,0.0440054,-0.00127409,0.091499,20,20,0,0
recipe:gillespie_2021_mua,recipe:krause_2022,network,0.166588,0.109598,0.21796,20,0.139944,0.0879199,0.195235,20,0.166588,0.109598,0.21796,20,0.139944,0.0879199,0.195235,20,20,0,0
recipe:gillespie_2021_mua,recipe:krause_2022_hse,burst,0.815401,0.787586,0.842022,20,0.800713,0.777049,0.824864,20,0.814314,0.786586,0.842068,20,0.79586,0.770002,0.822216,20,20,0,0
recipe:gillespie_2021_mua,recipe:kudrimoti_1999,network,0.0818182,-0.3,0.425057,11,-0.0363636,-0.450114,0.425,11,0.0818182,-0.3,0.425057,11,-0.0363636,-0.450114,0.425,11,20,0,0
recipe:gillespie_2021_mua,recipe:lee_2002,burst,0.172347,0.125746,0.218325,20,0.18246,0.133169,0.234426,20,0.186241,0.141279,0.228986,20,0.179059,0.126288,0.234373,20,20,0,0
recipe:gillespie_2021_mua,recipe:lee_2002_ripples,network,-0.0260198,-0.178706,0.133961,20,0.149928,0.00468169,0.30001,20,-0.0260198,-0.178706,0.133961,20,0.149928,0.00468169,0.30001,20,20,0,0
recipe:gillespie_2021_mua,recipe:liu_2019,burst,0.0886105,0.0351433,0.13701,20,0.118174,0.0630319,0.170488,20,0.0965333,0.0506204,0.142165,20,0.123252,0.0632506,0.176823,20,20,0,0
recipe:gillespie_2021_mua,recipe:liu_2019_awake,burst,0.0886105,0.0351433,0.13701,20,0.118174,0.0630319,0.170488,20,0.0965333,0.0506204,0.142165,20,0.123252,0.0632506,0.176823,20,20,0,0
recipe:gillespie_2021_mua,recipe:liu_2023,network,0.304201,0.241946,0.36402,20,0.390368,0.329517,0.452656,20,0.304201,0.241946,0.36402,20,0.390368,0.329517,0.452656,20,20,0,0
recipe:gillespie_2021_mua,recipe:maboudi_2018,burst,0.816747,0.789192,0.843697,20,0.795541,0.769533,0.82182,20,0.816192,0.786012,0.845808,20,0.790612,0.763023,0.819692,20,20,0,0
recipe:gillespie_2021_mua,recipe:maboudi_2018_open_field,burst,0.275672,0.210878,0.337256,20,0.374811,0.329758,0.417515,20,0.280496,0.22068,0.341872,20,0.392415,0.349736,0.435582,20,20,0,0
recipe:gillespie_2021_mua,recipe:mallory_2025,burst,0.30363,0.239602,0.373962,20,0.407266,0.353777,0.45658,20,0.311107,0.248062,0.381817,20,0.419822,0.365387,0.471485,20,20,0,0
recipe:gillespie_2021_mua,recipe:mallory_2025_ripples,network,0.0470712,-0.00600429,0.103617,20,0.0322286,-0.0325375,0.0999366,20,0.0470712,-0.00600429,0.103617,20,0.0322286,-0.0325375,0.0999366,20,20,0,0
recipe:gillespie_2021_mua,recipe:michon_2019,network,0.751828,0.692932,0.808742,20,0.789576,0.737612,0.838468,20,0.751828,0.692932,0.808742,20,0.789576,0.737612,0.838468,20,20,0,0
recipe:gillespie_2021_mua,recipe:michon_2021,network,0.751828,0.692932,0.808742,20,0.789576,0.737612,0.838468,20,0.751828,0.692932,0.808742,20,0.789576,0.737612,0.838468,20,20,0,0
recipe:gillespie_2021_mua,recipe:mou_2022,burst,0.648195,0.588801,0.710217,20,0.624435,0.555467,0.682898,20,0.646176,0.586443,0.707888,20,0.611325,0.541801,0.672139,20,20,0,0
recipe:gillespie_2021_mua,recipe:muessig_2019,network,0.293836,0.167172,0.41903,20,0.252123,0.0756628,0.411119,20,0.293836,0.167172,0.41903,20,0.252123,0.0756628,0.411119,20,20,0,0
recipe:gillespie_2021_mua,recipe:muessig_2019_ripples,network,0.0751191,0.0132557,0.132236,20,0.0919112,0.0513222,0.127961,20,0.0751191,0.0132557,0.132236,20,0.0919112,0.0513222,0.127961,20,20,0,0
recipe:gillespie_2021_mua,recipe:nadasdy_1999,network,0.0716065,0.0119925,0.138629,20,0.0596047,0.00853348,0.115605,20,0.0716065,0.0119925,0.138629,20,0.0596047,0.00853348,0.115605,20,20,0,0
recipe:gillespie_2021_mua,recipe:olafsdottir_2015,burst,0.199367,0.145112,0.257128,20,0.238976,0.185414,0.291166,20,0.220352,0.16481,0.274305,20,0.266282,0.214624,0.316565,20,20,0,0
recipe:gillespie_2021_mua,recipe:olafsdottir_2015.bayesian_candidates,burst,0.195704,0.126532,0.262196,20,0.23864,0.189094,0.287191,20,0.220793,0.145862,0.285909,20,0.266703,0.217345,0.314149,20,20,0,0
recipe:gillespie_2021_mua,recipe:olafsdottir_2016,burst,0.121465,0.0695615,0.179808,20,0.134726,0.0796387,0.193679,20,0.171935,0.117657,0.23181,20,0.166256,0.106135,0.23076,20,20,0,0
recipe:gillespie_2021_mua,recipe:olafsdottir_2017,burst,0.10118,0.0467304,0.162611,20,0.183966,0.134903,0.239288,20,0.13591,0.0856516,0.192535,20,0.204139,0.150841,0.260638,20,20,0,0
recipe:gillespie_2021_mua,recipe:olafsdottir_2017.trajectory,burst,0.121465,0.0695615,0.179808,20,0.134726,0.0796387,0.193679,20,0.171935,0.117657,0.23181,20,0.166256,0.106135,0.23076,20,20,0,0
recipe:gillespie_2021_mua,recipe:pfeiffer_2013,burst,0.275672,0.210878,0.337256,20,0.374811,0.329758,0.417515,20,0.280496,0.22068,0.341872,20,0.392415,0.349736,0.435582,20,20,0,0
recipe:gillespie_2021_mua,recipe:pfeiffer_2013_ripples,network,0.0287519,-0.0271163,0.0861783,20,0.0393115,-0.0143527,0.0947195,20,0.0287519,-0.0271163,0.0861783,20,0.0393115,-0.0143527,0.0947195,20,20,0,0
recipe:gillespie_2021_mua,recipe:pfeiffer_2015,network,0.0288096,-0.0271134,0.0862374,20,0.0393115,-0.0143527,0.0947195,20,0.0288096,-0.0271134,0.0862374,20,0.0393115,-0.0143527,0.0947195,20,20,0,0
recipe:gillespie_2021_mua,recipe:shin_2019,network,0.0526561,0.0088912,0.100548,20,0.0440054,-0.00127409,0.091499,20,0.0526561,0.0088912,0.100548,20,0.0440054,-0.00127409,0.091499,20,20,0,0
recipe:gillespie_2021_mua,recipe:silva_2015,burst,0.286269,0.224345,0.349283,20,0.357803,0.304157,0.409725,20,0.299236,0.23985,0.358018,20,0.392785,0.342734,0.443735,20,20,0,0
recipe:gillespie_2021_mua,recipe:stella_2019,network,0.0868735,0.0423806,0.137522,20,0.0734712,0.0424587,0.103368,20,0.0868735,0.0423806,0.137522,20,0.0734712,0.0424587,0.103368,20,20,0,0
recipe:gillespie_2021_mua,recipe:tang_2017,network,0.0526561,0.0088912,0.100548,20,0.0440054,-0.00127409,0.091499,20,0.0526561,0.0088912,0.100548,20,0.0440054,-0.00127409,0.091499,20,20,0,0
recipe:gillespie_2021_mua,recipe:tirole_2022,network,0.924448,0.899997,0.945818,20,0.912914,0.884739,0.937811,20,0.924448,0.899997,0.945818,20,0.912914,0.884739,0.937811,20,20,0,0
recipe:gillespie_2021_mua,recipe:widloski_2025,network,-0.0138324,-0.0746351,0.0490348,20,0.0828382,0.0278665,0.138148,20,-0.0138324,-0.0746351,0.0490348,20,0.0828382,0.0278665,0.138148,20,20,0,0
recipe:gillespie_2021_mua,recipe:widloski_2025_bursts,burst,0.195768,0.132645,0.255505,20,0.253441,0.183041,0.323743,20,0.159501,0.108088,0.210044,20,0.238294,0.168428,0.308199,20,20,0,0
recipe:gillespie_2021_mua,recipe:wikenheiser_2013,network,-0.0121739,-0.0631353,0.037245,20,0.0166795,-0.0381826,0.0750571,20,-0.0121739,-0.0631353,0.037245,20,0.0166795,-0.0381826,0.0750571,20,20,0,0
recipe:gillespie_2021_mua,recipe:wu_2014,burst,0.227481,0.172341,0.283512,20,0.274871,0.23969,0.312179,20,0.245736,0.197176,0.298153,20,0.290831,0.258639,0.324177,20,20,0,0
recipe:gillespie_2021_mua,recipe:wu_2017,burst,0.301947,0.224606,0.372664,20,0.237011,0.184416,0.290619,20,0.287211,0.214971,0.358216,20,0.231756,0.173404,0.290336,20,20,0,0
recipe:gillespie_2021_mua,recipe:xu_2019,burst,0.283847,0.223206,0.348225,20,0.369677,0.322051,0.41424,20,0.29946,0.241401,0.364147,20,0.391191,0.342128,0.438285,20,20,0,0
recipe:gillespie_2021_mua,recipe:yamamoto_2017,network,0.190507,0.146746,0.235572,20,0.182095,0.120004,0.236036,20,0.190507,0.146746,0.235572,20,0.182095,0.120004,0.236036,20,20,0,0
recipe:gillespie_2021_mua,recipe:yang_2024,network,0.320799,0.25113,0.390819,20,0.418783,0.368058,0.472545,20,0.320799,0.25113,0.390819,20,0.418783,0.368058,0.472545,20,20,0,0
recipe:gridchyn_2020,recipe:grosmark_2016,network,0.281656,0.213475,0.349315,20,0.220692,0.168209,0.271075,20,0.281656,0.213475,0.349315,20,0.220692,0.168209,0.271075,20,20,0,0
recipe:gridchyn_2020,recipe:gupta_2010,network,0.230094,0.169492,0.293682,20,0.288434,0.236029,0.339167,20,0.230094,0.169492,0.293682,20,0.288434,0.236029,0.339167,20,20,0,0
recipe:gridchyn_2020,recipe:harvey_2023_code,network,0.190296,0.119318,0.258444,20,0.328527,0.271177,0.385417,20,0.190296,0.119318,0.258444,20,0.328527,0.271177,0.385417,20,20,0,0
recipe:gridchyn_2020,recipe:harvey_2023_no_radiatum,network,0.133295,0.0666168,0.20405,20,0.228369,0.188346,0.272692,20,0.133295,0.0666168,0.20405,20,0.228369,0.188346,0.272692,20,20,0,0
recipe:gridchyn_2020,recipe:harvey_2023_text,network,0.263735,0.218158,0.308364,20,0.327496,0.271787,0.387044,20,0.263735,0.218158,0.308364,20,0.327496,0.271787,0.387044,20,20,0,0
recipe:gridchyn_2020,recipe:huelin_gorriz_2023,network,0.397681,0.346773,0.446704,20,0.344822,0.290342,0.398479,20,0.397681,0.346773,0.446704,20,0.344822,0.290342,0.398479,20,20,0,0
recipe:gridchyn_2020,recipe:igata_2021,burst,0.436884,0.395124,0.478827,20,0.359355,0.317651,0.399434,20,0.409362,0.372302,0.449088,20,0.358345,0.318122,0.398418,20,20,0,0
recipe:gridchyn_2020,recipe:igata_2021_ripples,network,0.177145,0.114975,0.235994,20,0.224535,0.174652,0.274214,20,0.177145,0.114975,0.235994,20,0.224535,0.174652,0.274214,20,20,0,0
recipe:gridchyn_2020,recipe:jadhav_2016,network,0.108691,0.0372939,0.177724,20,0.204533,0.140378,0.270035,20,0.108691,0.0372939,0.177724,20,0.204533,0.140378,0.270035,20,20,0,0
recipe:gridchyn_2020,recipe:ji_2007,burst,0.60289,0.55495,0.646132,20,0.609837,0.569243,0.647824,20,0.595059,0.543872,0.638319,20,0.602419,0.558173,0.641283,20,20,0,0
recipe:gridchyn_2020,recipe:ji_2007_ripples,network,,,,0,,,,0,,,,0,,,,0,20,0,0
recipe:gridchyn_2020,recipe:kaefer_2020,network,0.5,0.5,0.5,1,0.5,0.5,0.5,1,0.5,0.5,0.5,1,0.5,0.5,0.5,1,20,0,0
recipe:gridchyn_2020,recipe:karlsson_2009,network,0.155174,0.0907813,0.217723,20,0.211896,0.151817,0.277103,20,0.155174,0.0907813,0.217723,20,0.211896,0.151817,0.277103,20,20,0,0
recipe:gridchyn_2020,recipe:krause_2022,network,0.157427,0.100919,0.209669,20,0.269817,0.208344,0.331118,20,0.157427,0.100919,0.209669,20,0.269817,0.208344,0.331118,20,20,0,0
recipe:gridchyn_2020,recipe:krause_2022_hse,burst,0.361294,0.325814,0.393245,20,0.275275,0.227677,0.322635,20,0.33789,0.301903,0.370667,20,0.275891,0.227667,0.322697,20,20,0,0
recipe:gridchyn_2020,recipe:kudrimoti_1999,network,-0.0454545,-0.357143,0.32,11,0.445455,0.113278,0.709114,11,-0.0454545,-0.357143,0.32,11,0.445455,0.113278,0.709114,11,20,0,0
recipe:gridchyn_2020,recipe:lee_2002,burst,0.0896183,0.0400374,0.137187,20,0.103166,0.0648025,0.143217,20,0.0952246,0.0491199,0.145331,20,0.102644,0.0623404,0.147036,20,20,0,0
recipe:gridchyn_2020,recipe:lee_2002_ripples,network,0.133635,-0.0639693,0.317241,20,0.316424,0.112549,0.482106,20,0.133635,-0.0639693,0.317241,20,0.316424,0.112549,0.482106,20,20,0,0
recipe:gridchyn_2020,recipe:liu_2019,burst,0.0186556,-0.0372456,0.068264,20,0.078005,0.0429591,0.115351,20,0.0247228,-0.0233482,0.0690727,20,0.085125,0.0471695,0.122918,20,20,0,0
recipe:gridchyn_2020,recipe:liu_2019_awake,burst,0.0186556,-0.0372456,0.068264,20,0.078005,0.0429591,0.115351,20,0.0247228,-0.0233482,0.0690727,20,0.085125,0.0471695,0.122918,20,20,0,0
recipe:gridchyn_2020,recipe:liu_2023,network,0.331673,0.286541,0.379356,20,0.290026,0.255247,0.324455,20,0.331673,0.286541,0.379356,20,0.290026,0.255247,0.324455,20,20,0,0
recipe:gridchyn_2020,recipe:maboudi_2018,burst,0.351823,0.313544,0.386374,20,0.263466,0.21254,0.315396,20,0.330876,0.292574,0.367129,20,0.26589,0.214932,0.317572,20,20,0,0
recipe:gridchyn_2020,recipe:maboudi_2018_open_field,burst,0.329011,0.275491,0.382975,20,0.302736,0.269807,0.335677,20,0.356003,0.302781,0.411329,20,0.303491,0.269337,0.338982,20,20,0,0
recipe:gridchyn_2020,recipe:mallory_2025,burst,0.260645,0.224981,0.298326,20,0.219566,0.175144,0.266111,20,0.283844,0.242824,0.324945,20,0.229234,0.183666,0.274526,20,20,0,0
recipe:gridchyn_2020,recipe:mallory_2025_ripples,network,0.0830032,0.0198107,0.143733,20,0.206159,0.152326,0.261238,20,0.0830032,0.0198107,0.143733,20,0.206159,0.152326,0.261238,20,20,0,0
recipe:gridchyn_2020,recipe:michon_2019,network,0.55622,0.457807,0.650211,20,0.456421,0.389185,0.524891,20,0.55622,0.457807,0.650211,20,0.456421,0.389185,0.524891,20,20,0,0
recipe:gridchyn_2020,recipe:michon_2021,network,0.55622,0.457807,0.650211,20,0.456421,0.389185,0.524891,20,0.55622,0.457807,0.650211,20,0.456421,0.389185,0.524891,20,20,0,0
recipe:gridchyn_2020,recipe:mou_2022,burst,0.253475,0.203315,0.305024,20,0.179684,0.137711,0.220467,20,0.230595,0.18166,0.275882,20,0.179769,0.135808,0.223589,20,20,0,0
recipe:gridchyn_2020,recipe:muessig_2019,network,0.474981,0.334819,0.60368,20,0.409586,0.274886,0.521603,20,0.474981,0.334819,0.60368,20,0.409586,0.274886,0.521603,20,20,0,0
recipe:gridchyn_2020,recipe:muessig_2019_ripples,network,0.192492,0.1443,0.23988,20,0.311502,0.270408,0.352573,20,0.192492,0.1443,0.23988,20,0.311502,0.270408,0.352573,20,20,0,0
recipe:gridchyn_2020,recipe:nadasdy_1999,network,0.24526,0.17625,0.304033,20,0.257752,0.203863,0.315459,20,0.24526,0.17625,0.304033,20,0.257752,0.203863,0.315459,20,20,0,0
recipe:gridchyn_2020,recipe:olafsdottir_2015,burst,0.223083,0.181484,0.268778,20,0.168443,0.125499,0.215334,20,0.247605,0.200577,0.300718,20,0.19047,0.140312,0.239915,20,20,0,0
recipe:gridchyn_2020,recipe:olafsdottir_2015.bayesian_candidates,burst,0.201444,0.146092,0.256292,20,0.164669,0.121875,0.211774,20,0.237306,0.182097,0.29645,20,0.19073,0.142081,0.2375,20,20,0,0
recipe:gridchyn_2020,recipe:olafsdottir_2016,burst,0.281906,0.211159,0.349039,20,0.37725,0.322805,0.426456,20,0.366784,0.306064,0.427296,20,0.394372,0.343367,0.442671,20,20,0,0
recipe:gridchyn_2020,recipe:olafsdottir_2017,burst,0.264521,0.212042,0.317211,20,0.383878,0.327389,0.436801,20,0.320463,0.266528,0.375408,20,0.392229,0.332924,0.445056,20,20,0,0
recipe:gridchyn_2020,recipe:olafsdottir_2017.trajectory,burst,0.281906,0.211159,0.349039,20,0.37725,0.322805,0.426456,20,0.366784,0.306064,0.427296,20,0.394372,0.343367,0.442671,20,20,0,0
recipe:gridchyn_2020,recipe:pfeiffer_2013,burst,0.329011,0.275491,0.382975,20,0.302736,0.269807,0.335677,20,0.356003,0.302781,0.411329,20,0.303491,0.269337,0.338982,20,20,0,0
recipe:gridchyn_2020,recipe:pfeiffer_2013_ripples,network,0.0212414,-0.0451237,0.0874023,20,0.192785,0.139314,0.245324,20,0.0212414,-0.0451237,0.0874023,20,0.192785,0.139314,0.245324,20,20,0,0
recipe:gridchyn_2020,recipe:pfeiffer_2015,network,0.0213503,-0.0449017,0.0875084,20,0.192785,0.139314,0.245324,20,0.0213503,-0.0449017,0.0875084,20,0.192785,0.139314,0.245324,20,20,0,0
recipe:gridchyn_2020,recipe:shin_2019,network,0.155174,0.0907813,0.217723,20,0.211896,0.151817,0.277103,20,0.155174,0.0907813,0.217723,20,0.211896,0.151817,0.277103,20,20,0,0
recipe:gridchyn_2020,recipe:silva_2015,burst,0.302391,0.259986,0.3449,20,0.254632,0.210261,0.296858,20,0.321511,0.276281,0.366899,20,0.270917,0.230675,0.309901,20,20,0,0
recipe:gridchyn_2020,recipe:stella_2019,network,0.263432,0.210465,0.314648,20,0.325946,0.282428,0.374776,20,0.263432,0.210465,0.314648,20,0.325946,0.282428,0.374776,20,20,0,0
recipe:gridchyn_2020,recipe:tang_2017,network,0.155174,0.0907813,0.217723,20,0.211896,0.151817,0.277103,20,0.155174,0.0907813,0.217723,20,0.211896,0.151817,0.277103,20,20,0,0
recipe:gridchyn_2020,recipe:tirole_2022,network,0.397681,0.346773,0.446704,20,0.344822,0.290342,0.398479,20,0.397681,0.346773,0.446704,20,0.344822,0.290342,0.398479,20,20,0,0
recipe:gridchyn_2020,recipe:widloski_2025,network,0.0313476,-0.0273983,0.0919604,20,0.0449314,-0.0183226,0.109813,20,0.0313476,-0.0273983,0.0919604,20,0.0449314,-0.0183226,0.109813,20,20,0,0
recipe:gridchyn_2020,recipe:widloski_2025_bursts,burst,0.0949791,0.0636446,0.129761,20,0.165716,0.105703,0.225449,20,0.0865718,0.0350926,0.139538,20,0.154892,0.0879077,0.219515,20,20,0,0
recipe:gridchyn_2020,recipe:wikenheiser_2013,network,0.040886,0.00326701,0.0738705,20,0.0695131,0.0341984,0.106952,20,0.040886,0.00326701,0.0738705,20,0.0695131,0.0341984,0.106952,20,20,0,0
recipe:gridchyn_2020,recipe:wu_2014,burst,0.220711,0.174289,0.264983,20,0.176154,0.133363,0.221809,20,0.246972,0.194227,0.29663,20,0.188657,0.143791,0.233232,20,20,0,0
recipe:gridchyn_2020,recipe:wu_2017,burst,0.538885,0.476219,0.595258,20,0.591929,0.548706,0.629989,20,0.562537,0.513911,0.608126,20,0.58424,0.534569,0.624869,20,20,0,0
recipe:gridchyn_2020,recipe:xu_2019,burst,0.216406,0.178559,0.253944,20,0.185344,0.14893,0.224818,20,0.246743,0.19962,0.292815,20,0.197514,0.154115,0.240965,20,20,0,0
recipe:gridchyn_2020,recipe:yamamoto_2017,network,0.413484,0.366508,0.463135,20,0.462085,0.414303,0.506862,20,0.413484,0.366508,0.463135,20,0.462085,0.414303,0.506862,20,20,0,0
recipe:gridchyn_2020,recipe:yang_2024,network,0.281656,0.213475,0.349315,20,0.220692,0.168209,0.271075,20,0.281656,0.213475,0.349315,20,0.220692,0.168209,0.271075,20,20,0,0
recipe:grosmark_2016,recipe:gupta_2010,network,0.157704,0.0966445,0.213302,20,0.0531166,-0.0240573,0.128102,20,0.157704,0.0966445,0.213302,20,0.0531166,-0.0240573,0.128102,20,20,0,0
recipe:grosmark_2016,recipe:harvey_2023_code,network,0.189105,0.124209,0.254577,20,0.0859811,0.00844965,0.161172,20,0.189105,0.124209,0.254577,20,0.0859811,0.00844965,0.161172,20,20,0,0
recipe:grosmark_2016,recipe:harvey_2023_no_radiatum,network,0.0537073,-0.014678,0.128902,20,0.0568064,-0.00718347,0.119387,20,0.0537073,-0.014678,0.128902,20,0.0568064,-0.00718347,0.119387,20,20,0,0
recipe:grosmark_2016,recipe:harvey_2023_text,network,0.159883,0.106356,0.211203,20,0.0989378,0.0472323,0.148838,20,0.159883,0.106356,0.211203,20,0.0989378,0.0472323,0.148838,20,20,0,0
recipe:grosmark_2016,recipe:huelin_gorriz_2023,network,0.317699,0.251272,0.385619,20,0.410511,0.341496,0.481528,20,0.317699,0.251272,0.385619,20,0.410511,0.341496,0.481528,20,20,0,0
recipe:grosmark_2016,recipe:igata_2021,network,0.323775,0.254736,0.391005,20,0.422305,0.373775,0.473049,20,0.323775,0.254736,0.391005,20,0.422305,0.373775,0.473049,20,20,0,0
recipe:grosmark_2016,recipe:igata_2021_ripples,network,0.0779915,0.0146453,0.138428,20,0.00347493,-0.0726804,0.0709408,20,0.0779915,0.0146453,0.138428,20,0.00347493,-0.0726804,0.0709408,20,20,0,0
recipe:grosmark_2016,recipe:jadhav_2016,network,-0.0212775,-0.0811312,0.0422557,20,0.0222495,-0.0641427,0.104259,20,-0.0212775,-0.0811312,0.0422557,20,0.0222495,-0.0641427,0.104259,20,20,0,0
recipe:grosmark_2016,recipe:ji_2007,network,0.380026,0.305409,0.446086,20,0.333252,0.277404,0.391607,20,0.380026,0.305409,0.446086,20,0.333252,0.277404,0.391607,20,20,0,0
recipe:grosmark_2016,recipe:ji_2007_ripples,network,,,,0,,,,0,,,,0,,,,0,20,0,0
recipe:grosmark_2016,recipe:kaefer_2020,network,-0.5,-0.5,-0.5,1,-0.5,-0.5,-0.5,1,-0.5,-0.5,-0.5,1,-0.5,-0.5,-0.5,1,20,0,0
recipe:grosmark_2016,recipe:karlsson_2009,network,0.0558737,-0.00604593,0.115259,20,-0.0190101,-0.07757,0.0413467,20,0.0558737,-0.00604593,0.115259,20,-0.0190101,-0.07757,0.0413467,20,20,0,0
recipe:grosmark_2016,recipe:krause_2022,network,0.261723,0.184423,0.336843,20,0.24476,0.183371,0.304094,20,0.261723,0.184423,0.336843,20,0.24476,0.183371,0.304094,20,20,0,0
recipe:grosmark_2016,recipe:krause_2022_hse,network,0.309058,0.24747,0.362827,20,0.383843,0.337426,0.4319,20,0.309058,0.24747,0.362827,20,0.383843,0.337426,0.4319,20,20,0,0
recipe:grosmark_2016,recipe:kudrimoti_1999,network,0.175,-0.357143,0.65,8,0.1875,-0.228571,0.583333,8,0.175,-0.357143,0.65,8,0.1875,-0.228571,0.583333,8,20,0,0
recipe:grosmark_2016,recipe:lee_2002,network,0.328541,0.279551,0.376474,20,0.351235,0.308016,0.39563,20,0.328541,0.279551,0.376474,20,0.351235,0.308016,0.39563,20,20,0,0
recipe:grosmark_2016,recipe:lee_2002_ripples,network,0.182969,0.0254714,0.334857,20,0.0833167,-0.0937483,0.254166,20,0.182969,0.0254714,0.334857,20,0.0833167,-0.0937483,0.254166,20,20,0,0
recipe:grosmark_2016,recipe:liu_2019,network,0.189889,0.114065,0.258551,20,0.296528,0.22526,0.358338,20,0.189889,0.114065,0.258551,20,0.296528,0.22526,0.358338,20,20,0,0
recipe:grosmark_2016,recipe:liu_2019_awake,network,0.189889,0.114065,0.258551,20,0.296528,0.22526,0.358338,20,0.189889,0.114065,0.258551,20,0.296528,0.22526,0.358338,20,20,0,0
recipe:grosmark_2016,recipe:liu_2023,network,0.745891,0.704827,0.786227,20,0.752321,0.69922,0.802132,20,0.745891,0.704827,0.786227,20,0.752321,0.69922,0.802132,20,20,0,0
recipe:grosmark_2016,recipe:maboudi_2018,network,0.308957,0.248459,0.36245,20,0.383546,0.334606,0.434074,20,0.308957,0.248459,0.36245,20,0.383546,0.334606,0.434074,20,20,0,0
recipe:grosmark_2016,recipe:maboudi_2018_open_field,network,0.669367,0.62946,0.709622,20,0.653487,0.613982,0.698213,20,0.669367,0.62946,0.709622,20,0.653487,0.613982,0.698213,20,20,0,0
recipe:grosmark_2016,recipe:mallory_2025,network,0.859827,0.822093,0.897236,20,0.900566,0.875261,0.922164,20,0.859827,0.822093,0.897236,20,0.900566,0.875261,0.922164,20,20,0,0
recipe:grosmark_2016,recipe:mallory_2025_ripples,network,0.0160629,-0.0402012,0.070207,20,-0.0560174,-0.122796,0.01458,20,0.0160629,-0.0402012,0.070207,20,-0.0560174,-0.122796,0.01458,20,20,0,0
recipe:grosmark_2016,recipe:michon_2019,network,0.337159,0.261693,0.408988,20,0.45792,0.389413,0.529349,20,0.337159,0.261693,0.408988,20,0.45792,0.389413,0.529349,20,20,0,0
recipe:grosmark_2016,recipe:michon_2021,network,0.337159,0.261693,0.408988,20,0.45792,0.389413,0.529349,20,0.337159,0.261693,0.408988,20,0.45792,0.389413,0.529349,20,20,0,0
recipe:grosmark_2016,recipe:mou_2022,network,0.206898,0.124513,0.287744,20,0.312438,0.242849,0.379778,20,0.206898,0.124513,0.287744,20,0.312438,0.242849,0.379778,20,20,0,0
recipe:grosmark_2016,recipe:muessig_2019,network,0.468672,0.302398,0.607902,20,0.107658,-0.0554853,0.268108,20,0.468672,0.302398,0.607902,20,0.107658,-0.0554853,0.268108,20,20,0,0
recipe:grosmark_2016,recipe:muessig_2019_ripples,network,0.141035,0.0816976,0.203376,20,0.115944,0.0399309,0.193823,20,0.141035,0.0816976,0.203376,20,0.115944,0.0399309,0.193823,20,20,0,0
recipe:grosmark_2016,recipe:nadasdy_1999,network,0.108382,0.0429344,0.169681,20,0.0725068,0.00260758,0.135103,20,0.108382,0.0429344,0.169681,20,0.0725068,0.00260758,0.135103,20,20,0,0
recipe:grosmark_2016,recipe:olafsdottir_2015,network,0.654976,0.592783,0.717148,20,0.623058,0.555839,0.689152,20,0.654976,0.592783,0.717148,20,0.623058,0.555839,0.689152,20,20,0,0
recipe:grosmark_2016,recipe:olafsdottir_2015.bayesian_candidates,network,0.669643,0.613487,0.728104,20,0.615983,0.545839,0.683483,20,0.669643,0.613487,0.728104,20,0.615983,0.545839,0.683483,20,20,0,0
recipe:grosmark_2016,recipe:olafsdottir_2016,network,0.38442,0.322204,0.443827,20,0.212511,0.146478,0.278796,20,0.38442,0.322204,0.443827,20,0.212511,0.146478,0.278796,20,20,0,0
recipe:grosmark_2016,recipe:olafsdottir_2017,network,0.364036,0.309475,0.415209,20,0.239006,0.173025,0.304335,20,0.364036,0.309475,0.415209,20,0.239006,0.173025,0.304335,20,20,0,0
recipe:grosmark_2016,recipe:olafsdottir_2017.trajectory,network,0.38442,0.322204,0.443827,20,0.212511,0.146478,0.278796,20,0.38442,0.322204,0.443827,20,0.212511,0.146478,0.278796,20,20,0,0
recipe:grosmark_2016,recipe:pfeiffer_2013,network,0.669367,0.62946,0.709622,20,0.653487,0.613982,0.698213,20,0.669367,0.62946,0.709622,20,0.653487,0.613982,0.698213,20,20,0,0
recipe:grosmark_2016,recipe:pfeiffer_2013_ripples,network,-0.0568365,-0.10376,-0.0119742,20,-0.0283022,-0.0940961,0.0367697,20,-0.0568365,-0.10376,-0.0119742,20,-0.0283022,-0.0940961,0.0367697,20,20,0,0
recipe:grosmark_2016,recipe:pfeiffer_2015,network,-0.0569534,-0.10388,-0.0119745,20,-0.0283022,-0.0940961,0.0367697,20,-0.0569534,-0.10388,-0.0119745,20,-0.0283022,-0.0940961,0.0367697,20,20,0,0
recipe:grosmark_2016,recipe:shin_2019,network,0.0558737,-0.00604593,0.115259,20,-0.0190101,-0.07757,0.0413467,20,0.0558737,-0.00604593,0.115259,20,-0.0190101,-0.07757,0.0413467,20,20,0,0
recipe:grosmark_2016,recipe:silva_2015,network,0.733141,0.696406,0.769931,20,0.713571,0.667745,0.762576,20,0.733141,0.696406,0.769931,20,0.713571,0.667745,0.762576,20,20,0,0
recipe:grosmark_2016,recipe:stella_2019,network,0.129691,0.0659648,0.192894,20,0.0846977,0.0207612,0.143892,20,0.129691,0.0659648,0.192894,20,0.0846977,0.0207612,0.143892,20,20,0,0
recipe:grosmark_2016,recipe:tang_2017,network,0.0558737,-0.00604593,0.115259,20,-0.0190101,-0.07757,0.0413467,20,0.0558737,-0.00604593,0.115259,20,-0.0190101,-0.07757,0.0413467,20,20,0,0
recipe:grosmark_2016,recipe:tirole_2022,network,0.317699,0.251272,0.385619,20,0.410511,0.341496,0.481528,20,0.317699,0.251272,0.385619,20,0.410511,0.341496,0.481528,20,20,0,0
recipe:grosmark_2016,recipe:widloski_2025,network,-0.0506142,-0.120429,0.0154689,20,-0.00779482,-0.0648411,0.0453959,20,-0.0506142,-0.120429,0.0154689,20,-0.00779482,-0.0648411,0.0453959,20,20,0,0
recipe:grosmark_2016,recipe:widloski_2025_bursts,network,0.0345464,-0.0467078,0.11197,20,0.0826887,-0.0116454,0.176152,20,0.0345464,-0.0467078,0.11197,20,0.0826887,-0.0116454,0.176152,20,20,0,0
recipe:grosmark_2016,recipe:wikenheiser_2013,network,-0.0428321,-0.112759,0.0267841,20,0.0288955,-0.0533754,0.104915,20,-0.0428321,-0.112759,0.0267841,20,0.0288955,-0.0533754,0.104915,20,20,0,0
recipe:grosmark_2016,recipe:wu_2014,network,0.668824,0.597393,0.725537,20,0.632901,0.575381,0.69383,20,0.668824,0.597393,0.725537,20,0.632901,0.575381,0.69383,20,20,0,0
recipe:grosmark_2016,recipe:wu_2017,network,0.299657,0.229503,0.371662,20,0.159588,0.0920859,0.221588,20,0.299657,0.229503,0.371662,20,0.159588,0.0920859,0.221588,20,20,0,0
recipe:grosmark_2016,recipe:xu_2019,network,0.965736,0.952739,0.97617,20,0.973812,0.959032,0.986397,20,0.965736,0.952739,0.97617,20,0.973812,0.959032,0.986397,20,20,0,0
recipe:grosmark_2016,recipe:yamamoto_2017,network,0.249345,0.198432,0.297989,20,0.18477,0.119968,0.252004,20,0.249345,0.198432,0.297989,20,0.18477,0.119968,0.252004,20,20,0,0
recipe:grosmark_2016,recipe:yang_2024,network,1,1,1,20,1,1,1,20,1,1,1,20,1,1,1,20,20,0,0
recipe:gupta_2010,recipe:harvey_2023_code,ripple,0.237015,0.172307,0.30421,20,0.25514,0.202182,0.30767,20,0.313782,0.245759,0.379805,20,0.426444,0.367638,0.479371,20,20,0,0
recipe:gupta_2010,recipe:harvey_2023_no_radiatum,ripple,0.166008,0.10711,0.224205,20,0.20864,0.149328,0.267509,20,0.255115,0.198105,0.314606,20,0.347429,0.292696,0.400652,20,20,0,0
recipe:gupta_2010,recipe:harvey_2023_text,ripple,0.302802,0.245659,0.363852,20,0.328757,0.270285,0.38296,20,0.436205,0.38294,0.490142,20,0.437405,0.392187,0.482491,20,20,0,0
recipe:gupta_2010,recipe:huelin_gorriz_2023,network,0.109418,0.0479634,0.165273,20,0.124376,0.0720518,0.177645,20,0.109418,0.0479634,0.165273,20,0.124376,0.0720518,0.177645,20,20,0,0
recipe:gupta_2010,recipe:igata_2021,network,0.127479,0.0764186,0.17606,20,0.129558,0.0852494,0.175042,20,0.127479,0.0764186,0.17606,20,0.129558,0.0852494,0.175042,20,20,0,0
recipe:gupta_2010,recipe:igata_2021_ripples,ripple,0.352916,0.304909,0.402584,20,0.302473,0.244648,0.358696,20,0.483642,0.431804,0.535386,20,0.452095,0.402067,0.49889,20,20,0,0
recipe:gupta_2010,recipe:jadhav_2016,ripple,0.316734,0.272878,0.360801,20,0.305105,0.233003,0.369079,20,0.425634,0.379148,0.476153,20,0.422178,0.360334,0.479822,20,20,0,0
recipe:gupta_2010,recipe:ji_2007,network,0.271026,0.23141,0.308427,20,0.308386,0.244235,0.37028,20,0.271026,0.23141,0.308427,20,0.308386,0.244235,0.37028,20,20,0,0
recipe:gupta_2010,recipe:ji_2007_ripples,ripple,,,,0,,,,0,,,,0,,,,0,20,0,0
recipe:gupta_2010,recipe:kaefer_2020,ripple,,,,0,,,,0,1,1,1,1,0.5,0.5,0.5,1,20,0,0
recipe:gupta_2010,recipe:karlsson_2009,ripple,0.347542,0.301241,0.39422,20,0.328271,0.259524,0.387847,20,0.490947,0.441142,0.542209,20,0.448439,0.393092,0.501306,20,20,0,0
recipe:gupta_2010,recipe:krause_2022,network,0.301208,0.246994,0.357138,20,0.336653,0.275339,0.39618,20,0.301208,0.246994,0.357138,20,0.336653,0.275339,0.39618,20,20,0,0
recipe:gupta_2010,recipe:krause_2022_hse,network,0.111216,0.0570982,0.159191,20,0.100567,0.0528774,0.14876,20,0.111216,0.0570982,0.159191,20,0.100567,0.0528774,0.14876,20,20,0,0
recipe:gupta_2010,recipe:kudrimoti_1999,ripple,0.08,-0.6,0.65,5,0.36,-0.3,1,5,-0.05,-0.666667,0.5335,6,0.183333,-0.544583,0.833571,6,20,0,0
recipe:gupta_2010,recipe:lee_2002,network,0.0570634,-0.00560593,0.118155,20,0.0306434,-0.0201071,0.084877,20,0.0570634,-0.00560593,0.118155,20,0.0306434,-0.0201071,0.084877,20,20,0,0
recipe:gupta_2010,recipe:lee_2002_ripples,ripple,0.176042,-0.0272976,0.393873,19,0.147801,-0.0453526,0.325642,19,0.382077,0.200148,0.56132,20,0.312354,0.103096,0.517985,20,20,0,0
recipe:gupta_2010,recipe:liu_2019,network,0.0230962,-0.032731,0.0789784,20,0.0668577,0.0070394,0.122466,20,0.0230962,-0.032731,0.0789784,20,0.0668577,0.0070394,0.122466,20,20,0,0
recipe:gupta_2010,recipe:liu_2019_awake,network,0.0230962,-0.032731,0.0789784,20,0.0668577,0.0070394,0.122466,20,0.0230962,-0.032731,0.0789784,20,0.0668577,0.0070394,0.122466,20,20,0,0
recipe:gupta_2010,recipe:liu_2023,network,0.0730375,0.00403732,0.137845,20,0.140033,0.0833234,0.194977,20,0.0730375,0.00403732,0.137845,20,0.140033,0.0833234,0.194977,20,20,0,0
recipe:gupta_2010,recipe:maboudi_2018,network,0.0972259,0.0390733,0.147845,20,0.0904092,0.0378236,0.141863,20,0.0972259,0.0390733,0.147845,20,0.0904092,0.0378236,0.141863,20,20,0,0
recipe:gupta_2010,recipe:maboudi_2018_open_field,network,0.109852,0.0577331,0.164268,20,0.135656,0.0751074,0.193915,20,0.109852,0.0577331,0.164268,20,0.135656,0.0751074,0.193915,20,20,0,0
recipe:gupta_2010,recipe:mallory_2025,network,0.107417,0.0521454,0.161391,20,0.0945363,0.029058,0.156156,20,0.107417,0.0521454,0.161391,20,0.0945363,0.029058,0.156156,20,20,0,0
recipe:gupta_2010,recipe:mallory_2025_ripples,ripple,0.253929,0.208165,0.296822,20,0.273791,0.216705,0.330969,20,0.329358,0.266633,0.388289,20,0.362498,0.313122,0.412267,20,20,0,0
recipe:gupta_2010,recipe:michon_2019,network,0.20665,0.136734,0.27914,20,0.110368,0.010285,0.214489,20,0.20665,0.136734,0.27914,20,0.110368,0.010285,0.214489,20,20,0,0
recipe:gupta_2010,recipe:michon_2021,network,0.20665,0.136734,0.27914,20,0.110368,0.010285,0.214489,20,0.20665,0.136734,0.27914,20,0.110368,0.010285,0.214489,20,20,0,0
recipe:gupta_2010,recipe:mou_2022,network,0.0822187,0.0321436,0.132559,20,0.0737098,0.0275744,0.117156,20,0.0822187,0.0321436,0.132559,20,0.0737098,0.0275744,0.117156,20,20,0,0
recipe:gupta_2010,recipe:muessig_2019,network,0.277991,0.143782,0.40681,20,0.219794,0.0577573,0.378808,20,0.277991,0.143782,0.40681,20,0.219794,0.0577573,0.378808,20,20,0,0
recipe:gupta_2010,recipe:muessig_2019_ripples,ripple,0.282417,0.233855,0.331627,20,0.258614,0.216904,0.301211,20,0.332701,0.298487,0.368888,20,0.377766,0.328496,0.425273,20,20,0,0
recipe:gupta_2010,recipe:nadasdy_1999,ripple,0.33766,0.26455,0.421463,20,0.309858,0.222914,0.391335,20,0.471446,0.409128,0.530675,20,0.475073,0.414395,0.532712,20,20,0,0
recipe:gupta_2010,recipe:olafsdottir_2015,network,0.125459,0.0673116,0.183152,20,0.11919,0.0566076,0.177343,20,0.125459,0.0673116,0.183152,20,0.11919,0.0566076,0.177343,20,20,0,0
recipe:gupta_2010,recipe:olafsdottir_2015.bayesian_candidates,network,0.135345,0.0707004,0.203782,20,0.125345,0.0584959,0.189693,20,0.135345,0.0707004,0.203782,20,0.125345,0.0584959,0.189693,20,20,0,0
recipe:gupta_2010,recipe:olafsdottir_2016,network,0.175342,0.107654,0.24125,20,0.191073,0.124602,0.25787,20,0.175342,0.107654,0.24125,20,0.191073,0.124602,0.25787,20,20,0,0
recipe:gupta_2010,recipe:olafsdottir_2017,network,0.1123,0.052213,0.169534,20,0.200702,0.161529,0.243563,20,0.1123,0.052213,0.169534,20,0.200702,0.161529,0.243563,20,20,0,0
recipe:gupta_2010,recipe:olafsdottir_2017.trajectory,network,0.175342,0.107654,0.24125,20,0.191073,0.124602,0.25787,20,0.175342,0.107654,0.24125,20,0.191073,0.124602,0.25787,20,20,0,0
recipe:gupta_2010,recipe:pfeiffer_2013,network,0.109852,0.0577331,0.164268,20,0.135656,0.0751074,0.193915,20,0.109852,0.0577331,0.164268,20,0.135656,0.0751074,0.193915,20,20,0,0
recipe:gupta_2010,recipe:pfeiffer_2013_ripples,ripple,0.331499,0.274702,0.390087,20,0.294443,0.248178,0.33699,20,0.382913,0.332618,0.433721,20,0.3688,0.316281,0.428474,20,20,0,0
recipe:gupta_2010,recipe:pfeiffer_2015,ripple,0.331499,0.274702,0.390087,20,0.294443,0.248178,0.33699,20,0.382907,0.332612,0.433703,20,0.3688,0.316281,0.428474,20,20,0,0
recipe:gupta_2010,recipe:shin_2019,ripple,0.347542,0.301241,0.39422,20,0.328271,0.259524,0.387847,20,0.490947,0.441142,0.542209,20,0.448439,0.393092,0.501306,20,20,0,0
recipe:gupta_2010,recipe:silva_2015,network,0.0717291,0.0204417,0.123559,20,0.170091,0.113478,0.225227,20,0.0717291,0.0204417,0.123559,20,0.170091,0.113478,0.225227,20,20,0,0
recipe:gupta_2010,recipe:stella_2019,ripple,0.392099,0.321584,0.465084,20,0.379182,0.322619,0.429472,20,0.514534,0.461559,0.569901,20,0.521301,0.470543,0.573653,20,20,0,0
recipe:gupta_2010,recipe:tang_2017,ripple,0.347542,0.301241,0.39422,20,0.328271,0.259524,0.387847,20,0.490947,0.441142,0.542209,20,0.448439,0.393092,0.501306,20,20,0,0
recipe:gupta_2010,recipe:tirole_2022,network,0.109418,0.0479634,0.165273,20,0.124376,0.0720518,0.177645,20,0.109418,0.0479634,0.165273,20,0.124376,0.0720518,0.177645,20,20,0,0
recipe:gupta_2010,recipe:widloski_2025,ripple,0.0493455,-0.0224412,0.127979,20,0.0680676,-0.00510766,0.138718,20,0.0887784,0.0215405,0.161353,20,0.0814864,-0.00266389,0.16474,20,20,0,0
recipe:gupta_2010,recipe:widloski_2025_bursts,network,0.0339999,-0.047997,0.104344,20,0.126969,0.0675114,0.186994,20,0.0339999,-0.047997,0.104344,20,0.126969,0.0675114,0.186994,20,20,0,0
recipe:gupta_2010,recipe:wikenheiser_2013,ripple,0.143698,0.0792418,0.209072,20,0.082318,0.0227473,0.142753,20,0.157581,0.0867989,0.229078,20,0.102775,0.0538516,0.14852,20,20,0,0
recipe:gupta_2010,recipe:wu_2014,network,0.118319,0.0724609,0.162097,20,0.107167,0.0565656,0.154897,20,0.118319,0.0724609,0.162097,20,0.107167,0.0565656,0.154897,20,20,0,0
recipe:gupta_2010,recipe:wu_2017,network,0.237687,0.170181,0.303952,20,0.266336,0.20209,0.327413,20,0.237687,0.170181,0.303952,20,0.266336,0.20209,0.327413,20,20,0,0
recipe:gupta_2010,recipe:xu_2019,network,0.120502,0.0814369,0.1602,20,0.08116,0.00937158,0.144876,20,0.120502,0.0814369,0.1602,20,0.08116,0.00937158,0.144876,20,20,0,0
recipe:gupta_2010,recipe:yamamoto_2017,network,0.304496,0.257345,0.349872,20,0.356001,0.307349,0.406918,20,0.304496,0.257345,0.349872,20,0.356001,0.307349,0.406918,20,20,0,0
recipe:gupta_2010,recipe:yang_2024,network,0.157704,0.0966445,0.213302,20,0.0531166,-0.0240573,0.128102,20,0.157704,0.0966445,0.213302,20,0.0531166,-0.0240573,0.128102,20,20,0,0
recipe:harvey_2023_code,recipe:harvey_2023_no_radiatum,ripple,0.166086,0.0934887,0.245894,20,0.1296,0.0665899,0.19275,20,0.210905,0.116132,0.313252,20,0.285508,0.241674,0.327157,20,20,0,0
recipe:harvey_2023_code,recipe:harvey_2023_text,ripple,0.573164,0.528297,0.610149,20,0.633937,0.593636,0.679086,20,0.557453,0.49003,0.619092,20,0.648047,0.586805,0.707624,20,20,0,0
recipe:harvey_2023_code,recipe:huelin_gorriz_2023,network,0.0927648,0.0503126,0.131483,20,0.136431,0.0719064,0.194581,20,0.0927648,0.0503126,0.131483,20,0.136431,0.0719064,0.194581,20,20,0,0
recipe:harvey_2023_code,recipe:igata_2021,network,0.0390182,-0.000822086,0.07688,20,0.0463651,-0.00317524,0.0950122,20,0.0390182,-0.000822086,0.07688,20,0.0463651,-0.00317524,0.0950122,20,20,0,0
recipe:harvey_2023_code,recipe:igata_2021_ripples,ripple,0.280536,0.22678,0.33324,20,0.32129,0.275585,0.365249,20,0.330005,0.274835,0.384147,20,0.41116,0.354302,0.469114,20,20,0,0
recipe:harvey_2023_code,recipe:jadhav_2016,ripple,0.116642,0.0444565,0.186973,20,0.165595,0.0710562,0.249456,20,0.217798,0.171267,0.268884,20,0.377117,0.296007,0.454703,20,20,0,0
recipe:harvey_2023_code,recipe:ji_2007,network,0.372987,0.29847,0.447078,20,0.398087,0.344601,0.446199,20,0.372987,0.29847,0.447078,20,0.398087,0.344601,0.446199,20,20,0,0
recipe:harvey_2023_code,recipe:ji_2007_ripples,ripple,,,,0,,,,0,,,,0,,,,0,20,0,0
recipe:harvey_2023_code,recipe:kaefer_2020,ripple,,,,0,,,,0,0.5,0.5,0.5,1,1,1,1,1,20,0,0
recipe:harvey_2023_code,recipe:karlsson_2009,ripple,0.139337,0.0705381,0.207043,20,0.164233,0.0887858,0.230007,20,0.277296,0.229087,0.327839,20,0.353024,0.279824,0.425475,20,20,0,0
recipe:harvey_2023_code,recipe:krause_2022,network,0.21418,0.162966,0.266928,20,0.357864,0.295273,0.417804,20,0.21418,0.162966,0.266928,20,0.357864,0.295273,0.417804,20,20,0,0
recipe:harvey_2023_code,recipe:krause_2022_hse,network,0.0463078,-0.00320271,0.0908486,20,0.0433157,-0.0104687,0.0968652,20,0.0463078,-0.00320271,0.0908486,20,0.0433157,-0.0104687,0.0968652,20,20,0,0
recipe:harvey_2023_code,recipe:kudrimoti_1999,ripple,0.4,-0.133333,0.926042,6,0.433333,-0.225,0.9,6,0.466667,0,0.8,6,0.433333,-0.25,0.875,6,20,0,0
recipe:harvey_2023_code,recipe:lee_2002,network,0.0131543,-0.0599714,0.0877173,20,0.00378032,-0.0691901,0.0717697,20,0.0131543,-0.0599714,0.0877173,20,0.00378032,-0.0691901,0.0717697,20,20,0,0
recipe:harvey_2023_code,recipe:lee_2002_ripples,ripple,0.510577,0.328006,0.679807,19,0.611564,0.451527,0.746422,19,0.334282,0.133208,0.527895,20,0.592781,0.388404,0.77109,20,20,0,0
recipe:harvey_2023_code,recipe:liu_2019,network,-0.00358088,-0.073694,0.0579767,20,0.0877307,0.0130732,0.164595,20,-0.00358088,-0.073694,0.0579767,20,0.0877307,0.0130732,0.164595,20,20,0,0
recipe:harvey_2023_code,recipe:liu_2019_awake,network,-0.00358088,-0.073694,0.0579767,20,0.0877307,0.0130732,0.164595,20,-0.00358088,-0.073694,0.0579767,20,0.0877307,0.0130732,0.164595,20,20,0,0
recipe:harvey_2023_code,recipe:liu_2023,network,0.289903,0.242095,0.339012,20,0.226297,0.144969,0.293669,20,0.289903,0.242095,0.339012,20,0.226297,0.144969,0.293669,20,20,0,0
recipe:harvey_2023_code,recipe:maboudi_2018,network,0.0527502,0.00439184,0.0966906,20,0.0463166,-0.00910728,0.10125,20,0.0527502,0.00439184,0.0966906,20,0.0463166,-0.00910728,0.10125,20,20,0,0
recipe:harvey_2023_code,recipe:maboudi_2018_open_field,network,0.215037,0.167999,0.265294,20,0.221972,0.141784,0.297609,20,0.215037,0.167999,0.265294,20,0.221972,0.141784,0.297609,20,20,0,0
recipe:harvey_2023_code,recipe:mallory_2025,network,0.169429,0.115119,0.225547,20,0.0929367,0.0112148,0.17378,20,0.169429,0.115119,0.225547,20,0.0929367,0.0112148,0.17378,20,20,0,0
recipe:harvey_2023_code,recipe:mallory_2025_ripples,ripple,0.157755,0.094516,0.212434,20,0.150773,0.0909344,0.219451,20,0.220625,0.15846,0.281607,20,0.30862,0.255891,0.367008,20,20,0,0
recipe:harvey_2023_code,recipe:michon_2019,network,0.149703,0.0689702,0.231056,20,0.143109,0.075036,0.213147,20,0.149703,0.0689702,0.231056,20,0.143109,0.075036,0.213147,20,20,0,0
recipe:harvey_2023_code,recipe:michon_2021,network,0.149703,0.0689702,0.231056,20,0.143109,0.075036,0.213147,20,0.149703,0.0689702,0.231056,20,0.143109,0.075036,0.213147,20,20,0,0
recipe:harvey_2023_code,recipe:mou_2022,network,0.00938792,-0.0384981,0.0540911,20,-3.38595e-06,-0.0576869,0.0570871,20,0.00938792,-0.0384981,0.0540911,20,-3.38595e-06,-0.0576869,0.0570871,20,20,0,0
recipe:harvey_2023_code,recipe:muessig_2019,network,0.419781,0.308838,0.51843,20,0.25928,0.0682526,0.446073,20,0.419781,0.308838,0.51843,20,0.25928,0.0682526,0.446073,20,20,0,0
recipe:harvey_2023_code,recipe:muessig_2019_ripples,ripple,0.660197,0.624474,0.695193,20,0.768616,0.750904,0.785363,20,0.613339,0.573267,0.654096,20,0.750412,0.713848,0.788281,20,20,0,0
recipe:harvey_2023_code,recipe:nadasdy_1999,ripple,0.393636,0.342903,0.448563,20,0.483418,0.426352,0.53662,20,0.452386,0.396056,0.513042,20,0.551171,0.475957,0.618967,20,20,0,0
recipe:harvey_2023_code,recipe:olafsdottir_2015,network,0.148291,0.0791283,0.216444,20,0.191795,0.136351,0.240858,20,0.148291,0.0791283,0.216444,20,0.191795,0.136351,0.240858,20,20,0,0
recipe:harvey_2023_code,recipe:olafsdottir_2015.bayesian_candidates,network,0.175603,0.101468,0.247808,20,0.205425,0.153041,0.253243,20,0.175603,0.101468,0.247808,20,0.205425,0.153041,0.253243,20,20,0,0
recipe:harvey_2023_code,recipe:olafsdottir_2016,network,0.340157,0.264793,0.406908,20,0.44053,0.388838,0.487598,20,0.340157,0.264793,0.406908,20,0.44053,0.388838,0.487598,20,20,0,0
recipe:harvey_2023_code,recipe:olafsdottir_2017,network,0.324516,0.259162,0.386387,20,0.438807,0.391407,0.482162,20,0.324516,0.259162,0.386387,20,0.438807,0.391407,0.482162,20,20,0,0
recipe:harvey_2023_code,recipe:olafsdottir_2017.trajectory,network,0.340157,0.264793,0.406908,20,0.44053,0.388838,0.487598,20,0.340157,0.264793,0.406908,20,0.44053,0.388838,0.487598,20,20,0,0
recipe:harvey_2023_code,recipe:pfeiffer_2013,network,0.215037,0.167999,0.265294,20,0.221972,0.141784,0.297609,20,0.215037,0.167999,0.265294,20,0.221972,0.141784,0.297609,20,20,0,0
recipe:harvey_2023_code,recipe:pfeiffer_2013_ripples,ripple,0.13375,0.081155,0.184072,20,0.159622,0.104339,0.215181,20,0.163052,0.102163,0.2163,20,0.31544,0.253944,0.367581,20,20,0,0
recipe:harvey_2023_code,recipe:pfeiffer_2015,ripple,0.13375,0.081155,0.184072,20,0.159622,0.104339,0.215181,20,0.16307,0.102164,0.216318,20,0.31544,0.253944,0.367581,20,20,0,0
recipe:harvey_2023_code,recipe:shin_2019,ripple,0.139337,0.0705381,0.207043,20,0.164233,0.0887858,0.230007,20,0.277296,0.229087,0.327839,20,0.353024,0.279824,0.425475,20,20,0,0
recipe:harvey_2023_code,recipe:silva_2015,network,0.296646,0.247033,0.347252,20,0.228608,0.148922,0.299722,20,0.296646,0.247033,0.347252,20,0.228608,0.148922,0.299722,20,20,0,0
recipe:harvey_2023_code,recipe:stella_2019,ripple,0.566405,0.527728,0.601509,20,0.649112,0.615117,0.685157,20,0.49742,0.434962,0.558343,20,0.637251,0.579481,0.693919,20,20,0,0
recipe:harvey_2023_code,recipe:tang_2017,ripple,0.139337,0.0705381,0.207043,20,0.164233,0.0887858,0.230007,20,0.277296,0.229087,0.327839,20,0.353024,0.279824,0.425475,20,20,0,0
recipe:harvey_2023_code,recipe:tirole_2022,network,0.0927648,0.0503126,0.131483,20,0.136431,0.0719064,0.194581,20,0.0927648,0.0503126,0.131483,20,0.136431,0.0719064,0.194581,20,20,0,0
recipe:harvey_2023_code,recipe:widloski_2025,ripple,-0.0459127,-0.108018,0.0185157,20,0.0731009,-0.00316423,0.149213,20,0.0359763,-0.0276115,0.101957,20,0.136307,0.0661116,0.208473,20,20,0,0
recipe:harvey_2023_code,recipe:widloski_2025_bursts,network,0.00628279,-0.0576527,0.0763601,20,0.121735,0.0497742,0.188291,20,0.00628279,-0.0576527,0.0763601,20,0.121735,0.0497742,0.188291,20,20,0,0
recipe:harvey_2023_code,recipe:wikenheiser_2013,ripple,0.0259137,-0.0388668,0.0863608,20,0.00507773,-0.0564935,0.0687667,20,0.0247012,-0.0364758,0.0854851,20,0.0762736,0.012938,0.142093,20,20,0,0
recipe:harvey_2023_code,recipe:wu_2014,network,0.12605,0.0848055,0.168439,20,0.148468,0.102575,0.193775,20,0.12605,0.0848055,0.168439,20,0.148468,0.102575,0.193775,20,20,0,0
recipe:harvey_2023_code,recipe:wu_2017,network,0.338164,0.258437,0.421673,20,0.43312,0.373529,0.485533,20,0.338164,0.258437,0.421673,20,0.43312,0.373529,0.485533,20,20,0,0
recipe:harvey_2023_code,recipe:xu_2019,network,0.158702,0.0984796,0.219438,20,0.117813,0.0401571,0.198098,20,0.158702,0.0984796,0.219438,20,0.117813,0.0401571,0.198098,20,20,0,0
recipe:harvey_2023_code,recipe:yamamoto_2017,network,0.488433,0.4292,0.542671,20,0.538598,0.468565,0.608196,20,0.488433,0.4292,0.542671,20,0.538598,0.468565,0.608196,20,20,0,0
recipe:harvey_2023_code,recipe:yang_2024,network,0.189105,0.124209,0.254577,20,0.0859811,0.00844965,0.161172,20,0.189105,0.124209,0.254577,20,0.0859811,0.00844965,0.161172,20,20,0,0
recipe:harvey_2023_no_radiatum,recipe:harvey_2023_text,ripple,0.296639,0.250767,0.345767,20,0.304689,0.237558,0.370101,20,0.338156,0.275065,0.399992,20,0.368213,0.324307,0.410595,20,20,0,0
recipe:harvey_2023_no_radiatum,recipe:huelin_gorriz_2023,network,0.0670016,0.000867891,0.133118,20,0.0634292,0.0122371,0.116117,20,0.0670016,0.000867891,0.133118,20,0.0634292,0.0122371,0.116117,20,20,0,0
recipe:harvey_2023_no_radiatum,recipe:igata_2021,network,0.0609516,-0.000899275,0.123306,20,0.0887437,0.0565031,0.123679,20,0.0609516,-0.000899275,0.123306,20,0.0887437,0.0565031,0.123679,20,20,0,0
recipe:harvey_2023_no_radiatum,recipe:igata_2021_ripples,ripple,0.143414,0.0955747,0.191679,20,0.157706,0.109038,0.201207,20,0.25319,0.193477,0.313368,20,0.329608,0.291956,0.367497,20,20,0,0
recipe:harvey_2023_no_radiatum,recipe:jadhav_2016,ripple,0.258809,0.188433,0.325122,20,0.306651,0.254345,0.358432,20,0.305008,0.228738,0.38021,20,0.355215,0.295366,0.411101,20,20,0,0
recipe:harvey_2023_no_radiatum,recipe:ji_2007,network,0.19152,0.124048,0.25388,20,0.190246,0.151854,0.228336,20,0.19152,0.124048,0.25388,20,0.190246,0.151854,0.228336,20,20,0,0
recipe:harvey_2023_no_radiatum,recipe:ji_2007_ripples,ripple,,,,0,,,,0,,,,0,,,,0,20,0,0
recipe:harvey_2023_no_radiatum,recipe:kaefer_2020,ripple,,,,0,,,,0,,,,0,,,,0,20,0,0
recipe:harvey_2023_no_radiatum,recipe:karlsson_2009,ripple,0.253446,0.192859,0.309624,20,0.291617,0.243547,0.340401,20,0.310593,0.243431,0.376233,20,0.350803,0.298304,0.399031,20,20,0,0
recipe:harvey_2023_no_radiatum,recipe:krause_2022,network,0.243984,0.174424,0.317555,20,0.365926,0.307285,0.420961,20,0.243984,0.174424,0.317555,20,0.365926,0.307285,0.420961,20,20,0,0
recipe:harvey_2023_no_radiatum,recipe:krause_2022_hse,network,0.030238,-0.0375523,0.0890942,20,0.0887416,0.0510632,0.130323,20,0.030238,-0.0375523,0.0890942,20,0.0887416,0.0510632,0.130323,20,20,0,0
recipe:harvey_2023_no_radiatum,recipe:kudrimoti_1999,ripple,0.385714,-0.1,0.843214,7,0.228571,-0.171607,0.625,7,0.3375,-0.120056,0.72,8,0.2625,-0.266786,0.7125,8,20,0,0
recipe:harvey_2023_no_radiatum,recipe:lee_2002,network,0.0204444,-0.0481128,0.0903201,20,-0.0141706,-0.0624638,0.0382294,20,0.0204444,-0.0481128,0.0903201,20,-0.0141706,-0.0624638,0.0382294,20,20,0,0
recipe:harvey_2023_no_radiatum,recipe:lee_2002_ripples,ripple,0.237036,0.00964025,0.441541,19,0.194987,0.0650597,0.326227,19,0.33831,0.13529,0.535186,19,0.166621,0.00368264,0.308276,19,20,0,0
recipe:harvey_2023_no_radiatum,recipe:liu_2019,network,-0.0304395,-0.0848985,0.0191668,20,0.0302006,-0.0273266,0.0909825,20,-0.0304395,-0.0848985,0.0191668,20,0.0302006,-0.0273266,0.0909825,20,20,0,0
recipe:harvey_2023_no_radiatum,recipe:liu_2019_awake,network,-0.0304395,-0.0848985,0.0191668,20,0.0302006,-0.0273266,0.0909825,20,-0.0304395,-0.0848985,0.0191668,20,0.0302006,-0.0273266,0.0909825,20,20,0,0
recipe:harvey_2023_no_radiatum,recipe:liu_2023,network,0.0991016,0.0125969,0.18523,20,0.0795682,0.000714436,0.151359,20,0.0991016,0.0125969,0.18523,20,0.0795682,0.000714436,0.151359,20,20,0,0
recipe:harvey_2023_no_radiatum,recipe:maboudi_2018,network,0.040361,-0.0269702,0.0980628,20,0.0897138,0.0533545,0.127111,20,0.040361,-0.0269702,0.0980628,20,0.0897138,0.0533545,0.127111,20,20,0,0
recipe:harvey_2023_no_radiatum,recipe:maboudi_2018_open_field,network,0.0686726,-0.00515851,0.147461,20,0.0870004,0.00258281,0.166333,20,0.0686726,-0.00515851,0.147461,20,0.0870004,0.00258281,0.166333,20,20,0,0
recipe:harvey_2023_no_radiatum,recipe:mallory_2025,network,0.0813137,0.0149028,0.151308,20,0.049277,-0.0057642,0.102486,20,0.0813137,0.0149028,0.151308,20,0.049277,-0.0057642,0.102486,20,20,0,0
recipe:harvey_2023_no_radiatum,recipe:mallory_2025_ripples,ripple,0.444665,0.391333,0.496342,20,0.452071,0.392299,0.496704,20,0.442823,0.388641,0.497156,20,0.492164,0.426997,0.548686,20,20,0,0
recipe:harvey_2023_no_radiatum,recipe:michon_2019,network,0.138718,0.0505345,0.226522,20,0.0526899,-0.0121875,0.118007,20,0.138718,0.0505345,0.226522,20,0.0526899,-0.0121875,0.118007,20,20,0,0
recipe:harvey_2023_no_radiatum,recipe:michon_2021,network,0.138718,0.0505345,0.226522,20,0.0526899,-0.0121875,0.118007,20,0.138718,0.0505345,0.226522,20,0.0526899,-0.0121875,0.118007,20,20,0,0
recipe:harvey_2023_no_radiatum,recipe:mou_2022,network,0.0264723,-0.0243781,0.0727463,20,0.0417635,-0.000806666,0.0860792,20,0.0264723,-0.0243781,0.0727463,20,0.0417635,-0.000806666,0.0860792,20,20,0,0
recipe:harvey_2023_no_radiatum,recipe:muessig_2019,network,0.15331,0.0233713,0.277649,20,0.140027,0.00753458,0.262013,20,0.15331,0.0233713,0.277649,20,0.140027,0.00753458,0.262013,20,20,0,0
recipe:harvey_2023_no_radiatum,recipe:muessig_2019_ripples,ripple,0.150119,0.0861604,0.21662,20,0.136466,0.0860384,0.183323,20,0.219256,0.149851,0.284923,20,0.261082,0.220275,0.300656,20,20,0,0
recipe:harvey_2023_no_radiatum,recipe:nadasdy_1999,ripple,0.232113,0.157725,0.303191,20,0.236454,0.182936,0.286986,20,0.319239,0.239284,0.397674,20,0.331844,0.270495,0.391753,20,20,0,0
recipe:harvey_2023_no_radiatum,recipe:olafsdottir_2015,network,0.140721,0.068413,0.216859,20,0.0960196,0.0259737,0.16781,20,0.140721,0.068413,0.216859,20,0.0960196,0.0259737,0.16781,20,20,0,0
recipe:harvey_2023_no_radiatum,recipe:olafsdottir_2015.bayesian_candidates,network,0.150675,0.069227,0.238687,20,0.098359,0.0224702,0.177569,20,0.150675,0.069227,0.238687,20,0.098359,0.0224702,0.177569,20,20,0,0
recipe:harvey_2023_no_radiatum,recipe:olafsdottir_2016,network,0.0964871,-0.00846603,0.20183,20,0.219314,0.150265,0.281133,20,0.0964871,-0.00846603,0.20183,20,0.219314,0.150265,0.281133,20,20,0,0
recipe:harvey_2023_no_radiatum,recipe:olafsdottir_2017,network,0.0865612,-0.00586016,0.178192,20,0.219635,0.161861,0.277778,20,0.0865612,-0.00586016,0.178192,20,0.219635,0.161861,0.277778,20,20,0,0
recipe:harvey_2023_no_radiatum,recipe:olafsdottir_2017.trajectory,network,0.0964871,-0.00846603,0.20183,20,0.219314,0.150265,0.281133,20,0.0964871,-0.00846603,0.20183,20,0.219314,0.150265,0.281133,20,20,0,0
recipe:harvey_2023_no_radiatum,recipe:pfeiffer_2013,network,0.0686726,-0.00515851,0.147461,20,0.0870004,0.00258281,0.166333,20,0.0686726,-0.00515851,0.147461,20,0.0870004,0.00258281,0.166333,20,20,0,0
recipe:harvey_2023_no_radiatum,recipe:pfeiffer_2013_ripples,ripple,0.315694,0.258967,0.369122,20,0.398364,0.348282,0.444316,20,0.315659,0.256561,0.37422,20,0.440428,0.372369,0.5019,20,20,0,0
recipe:harvey_2023_no_radiatum,recipe:pfeiffer_2015,ripple,0.315694,0.258967,0.369122,20,0.398364,0.348282,0.444316,20,0.315578,0.256403,0.373981,20,0.440428,0.372369,0.5019,20,20,0,0
recipe:harvey_2023_no_radiatum,recipe:shin_2019,ripple,0.253446,0.192859,0.309624,20,0.291617,0.243547,0.340401,20,0.310593,0.243431,0.376233,20,0.350803,0.298304,0.399031,20,20,0,0
recipe:harvey_2023_no_radiatum,recipe:silva_2015,network,0.0994937,0.0112045,0.188733,20,0.103526,0.0226936,0.172779,20,0.0994937,0.0112045,0.188733,20,0.103526,0.0226936,0.172779,20,20,0,0
recipe:harvey_2023_no_radiatum,recipe:stella_2019,ripple,0.277565,0.226604,0.336614,20,0.28962,0.241732,0.34117,20,0.366365,0.304795,0.431972,20,0.377964,0.335859,0.418911,20,20,0,0
recipe:harvey_2023_no_radiatum,recipe:tang_2017,ripple,0.253446,0.192859,0.309624,20,0.291617,0.243547,0.340401,20,0.310593,0.243431,0.376233,20,0.350803,0.298304,0.399031,20,20,0,0
recipe:harvey_2023_no_radiatum,recipe:tirole_2022,network,0.0670016,0.000867891,0.133118,20,0.0634292,0.0122371,0.116117,20,0.0670016,0.000867891,0.133118,20,0.0634292,0.0122371,0.116117,20,20,0,0
recipe:harvey_2023_no_radiatum,recipe:widloski_2025,ripple,0.101122,0.0333797,0.173328,20,0.0918782,0.0410804,0.139264,20,0.0885844,0.0180362,0.160681,20,0.121858,0.0537318,0.184005,20,20,0,0
recipe:harvey_2023_no_radiatum,recipe:widloski_2025_bursts,network,0.00773247,-0.0666698,0.0830058,20,0.0566093,-0.0236656,0.137087,20,0.00773247,-0.0666698,0.0830058,20,0.0566093,-0.0236656,0.137087,20,20,0,0
recipe:harvey_2023_no_radiatum,recipe:wikenheiser_2013,ripple,0.118978,0.0654021,0.17027,20,0.135171,0.0790085,0.189389,20,0.111562,0.0538381,0.170442,20,0.180308,0.125677,0.232488,20,20,0,0
recipe:harvey_2023_no_radiatum,recipe:wu_2014,network,0.100132,0.0460354,0.150836,20,0.0646184,0.0238783,0.105599,20,0.100132,0.0460354,0.150836,20,0.0646184,0.0238783,0.105599,20,20,0,0
recipe:harvey_2023_no_radiatum,recipe:wu_2017,network,0.179794,0.0916101,0.263749,20,0.201139,0.136347,0.270059,20,0.179794,0.0916101,0.263749,20,0.201139,0.136347,0.270059,20,20,0,0
recipe:harvey_2023_no_radiatum,recipe:xu_2019,network,0.0499854,-0.0150302,0.116253,20,0.0479683,-0.00516312,0.0982771,20,0.0499854,-0.0150302,0.116253,20,0.0479683,-0.00516312,0.0982771,20,20,0,0
recipe:harvey_2023_no_radiatum,recipe:yamamoto_2017,network,0.187008,0.103106,0.266443,20,0.278973,0.216616,0.335648,20,0.187008,0.103106,0.266443,20,0.278973,0.216616,0.335648,20,20,0,0
recipe:harvey_2023_no_radiatum,recipe:yang_2024,network,0.0537073,-0.014678,0.128902,20,0.0568064,-0.00718347,0.119387,20,0.0537073,-0.014678,0.128902,20,0.0568064,-0.00718347,0.119387,20,20,0,0
recipe:harvey_2023_text,recipe:huelin_gorriz_2023,network,0.132923,0.071662,0.211236,20,0.155467,0.109856,0.202179,20,0.132923,0.071662,0.211236,20,0.155467,0.109856,0.202179,20,20,0,0
recipe:harvey_2023_text,recipe:igata_2021,network,0.107334,0.054227,0.163142,20,0.0944899,0.0485505,0.141192,20,0.107334,0.054227,0.163142,20,0.0944899,0.0485505,0.141192,20,20,0,0
recipe:harvey_2023_text,recipe:igata_2021_ripples,ripple,0.381326,0.336383,0.422265,20,0.398992,0.350509,0.450179,20,0.462321,0.425992,0.498844,20,0.471532,0.436406,0.504625,20,20,0,0
recipe:harvey_2023_text,recipe:jadhav_2016,ripple,0.279834,0.218819,0.344027,20,0.309488,0.243647,0.373307,20,0.430115,0.381376,0.479328,20,0.475755,0.410035,0.544302,20,20,0,0
recipe:harvey_2023_text,recipe:ji_2007,network,0.373092,0.309426,0.434855,20,0.325,0.27558,0.373154,20,0.373092,0.309426,0.434855,20,0.325,0.27558,0.373154,20,20,0,0
recipe:harvey_2023_text,recipe:ji_2007_ripples,ripple,,,,0,,,,0,,,,0,,,,0,20,0,0
recipe:harvey_2023_text,recipe:kaefer_2020,ripple,,,,0,,,,0,0.5,0.5,0.5,1,1,1,1,1,20,0,0
recipe:harvey_2023_text,recipe:karlsson_2009,ripple,0.283047,0.234425,0.332742,20,0.309208,0.260926,0.361679,20,0.486102,0.450978,0.522509,20,0.482593,0.430452,0.537571,20,20,0,0
recipe:harvey_2023_text,recipe:krause_2022,network,0.279561,0.232875,0.328457,20,0.395809,0.32766,0.461808,20,0.279561,0.232875,0.328457,20,0.395809,0.32766,0.461808,20,20,0,0
recipe:harvey_2023_text,recipe:krause_2022_hse,network,0.101716,0.0465293,0.159087,20,0.079663,0.0250484,0.133659,20,0.101716,0.0465293,0.159087,20,0.079663,0.0250484,0.133659,20,20,0,0
recipe:harvey_2023_text,recipe:kudrimoti_1999,ripple,0.571429,0.466667,0.74,7,0.542857,-0.0333333,1,7,0.255556,-0.312642,0.788889,9,0.222222,-0.210028,0.625,9,20,0,0
recipe:harvey_2023_text,recipe:lee_2002,network,0.0363685,-0.0451278,0.114565,20,0.0416556,-0.0136846,0.09992,20,0.0363685,-0.0451278,0.114565,20,0.0416556,-0.0136846,0.09992,20,20,0,0
recipe:harvey_2023_text,recipe:lee_2002_ripples,ripple,0.520927,0.333693,0.672851,20,0.59046,0.448442,0.717208,20,0.614352,0.48841,0.736627,20,0.635201,0.479158,0.779891,20,20,0,0
recipe:harvey_2023_text,recipe:liu_2019,network,0.0232706,-0.0591091,0.105862,20,0.102545,0.021236,0.17712,20,0.0232706,-0.0591091,0.105862,20,0.102545,0.021236,0.17712,20,20,0,0
recipe:harvey_2023_text,recipe:liu_2019_awake,network,0.0232706,-0.0591091,0.105862,20,0.102545,0.021236,0.17712,20,0.0232706,-0.0591091,0.105862,20,0.102545,0.021236,0.17712,20,20,0,0
recipe:harvey_2023_text,recipe:liu_2023,network,0.240669,0.159725,0.315177,20,0.189936,0.120479,0.249647,20,0.240669,0.159725,0.315177,20,0.189936,0.120479,0.249647,20,20,0,0
recipe:harvey_2023_text,recipe:maboudi_2018,network,0.110621,0.0504955,0.172436,20,0.0830406,0.0271073,0.138612,20,0.110621,0.0504955,0.172436,20,0.0830406,0.0271073,0.138612,20,20,0,0
recipe:harvey_2023_text,recipe:maboudi_2018_open_field,network,0.215997,0.152559,0.280511,20,0.193064,0.141474,0.242685,20,0.215997,0.152559,0.280511,20,0.193064,0.141474,0.242685,20,20,0,0
recipe:harvey_2023_text,recipe:mallory_2025,network,0.166177,0.10404,0.227306,20,0.126035,0.0750795,0.171344,20,0.166177,0.10404,0.227306,20,0.126035,0.0750795,0.171344,20,20,0,0
recipe:harvey_2023_text,recipe:mallory_2025_ripples,ripple,0.265649,0.212275,0.314049,20,0.284102,0.222995,0.346016,20,0.345759,0.304395,0.386487,20,0.401472,0.362713,0.438032,20,20,0,0
recipe:harvey_2023_text,recipe:michon_2019,network,0.208952,0.107492,0.308293,20,0.190548,0.123222,0.262739,20,0.208952,0.107492,0.308293,20,0.190548,0.123222,0.262739,20,20,0,0
recipe:harvey_2023_text,recipe:michon_2021,network,0.208952,0.107492,0.308293,20,0.190548,0.123222,0.262739,20,0.208952,0.107492,0.308293,20,0.190548,0.123222,0.262739,20,20,0,0
recipe:harvey_2023_text,recipe:mou_2022,network,0.0535123,-0.0171859,0.123924,20,0.00930425,-0.0427293,0.064351,20,0.0535123,-0.0171859,0.123924,20,0.00930425,-0.0427293,0.064351,20,20,0,0
recipe:harvey_2023_text,recipe:muessig_2019,network,0.424135,0.26752,0.563639,20,0.0235181,-0.152923,0.185465,20,0.424135,0.26752,0.563639,20,0.0235181,-0.152923,0.185465,20,20,0,0
recipe:harvey_2023_text,recipe:muessig_2019_ripples,ripple,0.663086,0.630567,0.694646,20,0.665922,0.631082,0.700361,20,0.554985,0.510305,0.599084,20,0.610159,0.549686,0.667561,20,20,0,0
recipe:harvey_2023_text,recipe:nadasdy_1999,ripple,0.526456,0.446613,0.601827,20,0.577288,0.498888,0.638421,20,0.688673,0.634397,0.743195,20,0.718116,0.679371,0.753609,20,20,0,0
recipe:harvey_2023_text,recipe:olafsdottir_2015,network,0.190253,0.141219,0.239116,20,0.144082,0.087655,0.196938,20,0.190253,0.141219,0.239116,20,0.144082,0.087655,0.196938,20,20,0,0
recipe:harvey_2023_text,recipe:olafsdottir_2015.bayesian_candidates,network,0.19093,0.138298,0.240945,20,0.136876,0.0819875,0.191226,20,0.19093,0.138298,0.240945,20,0.136876,0.0819875,0.191226,20,20,0,0
recipe:harvey_2023_text,recipe:olafsdottir_2016,network,0.288427,0.218386,0.358486,20,0.330313,0.284296,0.370945,20,0.288427,0.218386,0.358486,20,0.330313,0.284296,0.370945,20,20,0,0
recipe:harvey_2023_text,recipe:olafsdottir_2017,network,0.270315,0.197293,0.344123,20,0.343831,0.293443,0.392172,20,0.270315,0.197293,0.344123,20,0.343831,0.293443,0.392172,20,20,0,0
recipe:harvey_2023_text,recipe:olafsdottir_2017.trajectory,network,0.288427,0.218386,0.358486,20,0.330313,0.284296,0.370945,20,0.288427,0.218386,0.358486,20,0.330313,0.284296,0.370945,20,20,0,0
recipe:harvey_2023_text,recipe:pfeiffer_2013,network,0.215997,0.152559,0.280511,20,0.193064,0.141474,0.242685,20,0.215997,0.152559,0.280511,20,0.193064,0.141474,0.242685,20,20,0,0
recipe:harvey_2023_text,recipe:pfeiffer_2013_ripples,ripple,0.232298,0.177312,0.291558,20,0.256799,0.200873,0.316532,20,0.295016,0.246284,0.341615,20,0.395713,0.346307,0.445385,20,20,0,0
recipe:harvey_2023_text,recipe:pfeiffer_2015,ripple,0.232298,0.177312,0.291558,20,0.256799,0.200873,0.316532,20,0.294937,0.246284,0.341459,20,0.395713,0.346307,0.445385,20,20,0,0
recipe:harvey_2023_text,recipe:shin_2019,ripple,0.283047,0.234425,0.332742,20,0.309208,0.260926,0.361679,20,0.486102,0.450978,0.522509,20,0.482593,0.430452,0.537571,20,20,0,0
recipe:harvey_2023_text,recipe:silva_2015,network,0.224342,0.145798,0.300391,20,0.19954,0.13438,0.259298,20,0.224342,0.145798,0.300391,20,0.19954,0.13438,0.259298,20,20,0,0
recipe:harvey_2023_text,recipe:stella_2019,ripple,0.803333,0.774942,0.830897,20,0.824979,0.788353,0.857526,20,0.824439,0.778373,0.870306,20,0.810053,0.759937,0.85714,20,20,0,0
recipe:harvey_2023_text,recipe:tang_2017,ripple,0.283047,0.234425,0.332742,20,0.309208,0.260926,0.361679,20,0.486102,0.450978,0.522509,20,0.482593,0.430452,0.537571,20,20,0,0
recipe:harvey_2023_text,recipe:tirole_2022,network,0.132923,0.071662,0.211236,20,0.155467,0.109856,0.202179,20,0.132923,0.071662,0.211236,20,0.155467,0.109856,0.202179,20,20,0,0
recipe:harvey_2023_text,recipe:widloski_2025,ripple,0.0184443,-0.0523151,0.0885952,20,0.0569672,-0.00614178,0.120193,20,0.101391,0.0456275,0.166508,20,0.172771,0.102645,0.243757,20,20,0,0
recipe:harvey_2023_text,recipe:widloski_2025_bursts,network,0.0634527,-0.0039928,0.128545,20,0.0862303,0.017895,0.156811,20,0.0634527,-0.0039928,0.128545,20,0.0862303,0.017895,0.156811,20,20,0,0
recipe:harvey_2023_text,recipe:wikenheiser_2013,ripple,0.0764751,0.00607023,0.149909,20,0.0360279,-0.0306549,0.0999339,20,0.140095,0.0715974,0.215379,20,0.129617,0.0640951,0.188791,20,20,0,0
recipe:harvey_2023_text,recipe:wu_2014,network,0.157421,0.10899,0.20614,20,0.119852,0.0720109,0.165424,20,0.157421,0.10899,0.20614,20,0.119852,0.0720109,0.165424,20,20,0,0
recipe:harvey_2023_text,recipe:wu_2017,network,0.35176,0.263424,0.442363,20,0.344353,0.29516,0.391417,20,0.35176,0.263424,0.442363,20,0.344353,0.29516,0.391417,20,20,0,0
recipe:harvey_2023_text,recipe:xu_2019,network,0.138164,0.0916916,0.18393,20,0.11267,0.0513866,0.165941,20,0.138164,0.0916916,0.18393,20,0.11267,0.0513866,0.165941,20,20,0,0
recipe:harvey_2023_text,recipe:yamamoto_2017,network,0.469902,0.400832,0.535987,20,0.449464,0.378785,0.517396,20,0.469902,0.400832,0.535987,20,0.449464,0.378785,0.517396,20,20,0,0
recipe:harvey_2023_text,recipe:yang_2024,network,0.159883,0.106356,0.211203,20,0.0989378,0.0472323,0.148838,20,0.159883,0.106356,0.211203,20,0.0989378,0.0472323,0.148838,20,20,0,0
recipe:huelin_gorriz_2023,recipe:igata_2021,network,0.918231,0.893121,0.941637,20,0.910644,0.87869,0.938089,20,0.918231,0.893121,0.941637,20,0.910644,0.87869,0.938089,20,20,0,0
recipe:huelin_gorriz_2023,recipe:igata_2021_ripples,network,0.0476006,-0.0101755,0.108514,20,0.0699599,0.0294805,0.113958,20,0.0476006,-0.0101755,0.108514,20,0.0699599,0.0294805,0.113958,20,20,0,0
recipe:huelin_gorriz_2023,recipe:jadhav_2016,network,0.021731,-0.019525,0.0646202,20,0.0682157,0.00920241,0.135487,20,0.021731,-0.019525,0.0646202,20,0.0682157,0.00920241,0.135487,20,20,0,0
recipe:huelin_gorriz_2023,recipe:ji_2007,network,0.410787,0.360611,0.458211,20,0.474144,0.405388,0.531296,20,0.410787,0.360611,0.458211,20,0.474144,0.405388,0.531296,20,20,0,0
recipe:huelin_gorriz_2023,recipe:ji_2007_ripples,network,,,,0,,,,0,,,,0,,,,0,20,0,0
recipe:huelin_gorriz_2023,recipe:kaefer_2020,network,,,,0,,,,0,,,,0,,,,0,20,0,0
recipe:huelin_gorriz_2023,recipe:karlsson_2009,network,0.0731026,0.0217087,0.125162,20,0.0448014,-0.00842048,0.104934,20,0.0731026,0.0217087,0.125162,20,0.0448014,-0.00842048,0.104934,20,20,0,0
recipe:huelin_gorriz_2023,recipe:krause_2022,network,0.174412,0.122641,0.224304,20,0.143255,0.102887,0.180616,20,0.174412,0.122641,0.224304,20,0.143255,0.102887,0.180616,20,20,0,0
recipe:huelin_gorriz_2023,recipe:krause_2022_hse,network,0.732131,0.690198,0.77161,20,0.715619,0.680942,0.750679,20,0.732131,0.690198,0.77161,20,0.715619,0.680942,0.750679,20,20,0,0
recipe:huelin_gorriz_2023,recipe:kudrimoti_1999,network,0.175,-0.333333,0.583472,8,0.025,-0.514345,0.6,8,0.175,-0.333333,0.583472,8,0.025,-0.514345,0.6,8,20,0,0
recipe:huelin_gorriz_2023,recipe:lee_2002,network,0.162383,0.100753,0.219403,20,0.159467,0.0923744,0.229456,20,0.162383,0.100753,0.219403,20,0.159467,0.0923744,0.229456,20,20,0,0
recipe:huelin_gorriz_2023,recipe:lee_2002_ripples,network,0.0535265,-0.130003,0.234697,20,0.174292,0.00894913,0.350841,20,0.0535265,-0.130003,0.234697,20,0.174292,0.00894913,0.350841,20,20,0,0
recipe:huelin_gorriz_2023,recipe:liu_2019,network,0.0912166,0.0227331,0.153495,20,0.127687,0.066946,0.189556,20,0.0912166,0.0227331,0.153495,20,0.127687,0.066946,0.189556,20,20,0,0
recipe:huelin_gorriz_2023,recipe:liu_2019_awake,network,0.0912166,0.0227331,0.153495,20,0.127687,0.066946,0.189556,20,0.0912166,0.0227331,0.153495,20,0.127687,0.066946,0.189556,20,20,0,0
recipe:huelin_gorriz_2023,recipe:liu_2023,network,0.347804,0.283562,0.407016,20,0.421386,0.355289,0.487945,20,0.347804,0.283562,0.407016,20,0.421386,0.355289,0.487945,20,20,0,0
recipe:huelin_gorriz_2023,recipe:maboudi_2018,network,0.741825,0.703003,0.77762,20,0.713494,0.677189,0.750514,20,0.741825,0.703003,0.77762,20,0.713494,0.677189,0.750514,20,20,0,0
recipe:huelin_gorriz_2023,recipe:maboudi_2018_open_field,network,0.299781,0.239667,0.358979,20,0.418842,0.374718,0.465586,20,0.299781,0.239667,0.358979,20,0.418842,0.374718,0.465586,20,20,0,0
recipe:huelin_gorriz_2023,recipe:mallory_2025,network,0.330704,0.272108,0.396946,20,0.422833,0.352669,0.497831,20,0.330704,0.272108,0.396946,20,0.422833,0.352669,0.497831,20,20,0,0
recipe:huelin_gorriz_2023,recipe:mallory_2025_ripples,network,0.05947,0.0106801,0.108996,20,0.0357944,-0.0339906,0.11112,20,0.05947,0.0106801,0.108996,20,0.0357944,-0.0339906,0.11112,20,20,0,0
recipe:huelin_gorriz_2023,recipe:michon_2019,network,0.784446,0.739965,0.830115,20,0.813533,0.757669,0.862708,20,0.784446,0.739965,0.830115,20,0.813533,0.757669,0.862708,20,20,0,0
recipe:huelin_gorriz_2023,recipe:michon_2021,network,0.784446,0.739965,0.830115,20,0.813533,0.757669,0.862708,20,0.784446,0.739965,0.830115,20,0.813533,0.757669,0.862708,20,20,0,0
recipe:huelin_gorriz_2023,recipe:mou_2022,network,0.574136,0.501427,0.649027,20,0.540841,0.458165,0.615323,20,0.574136,0.501427,0.649027,20,0.540841,0.458165,0.615323,20,20,0,0
recipe:huelin_gorriz_2023,recipe:muessig_2019,network,0.285784,0.151328,0.419727,20,0.229969,0.0571205,0.383121,20,0.285784,0.151328,0.419727,20,0.229969,0.0571205,0.383121,20,20,0,0
recipe:huelin_gorriz_2023,recipe:muessig_2019_ripples,network,0.106154,0.0419251,0.17252,20,0.175639,0.133883,0.212711,20,0.106154,0.0419251,0.17252,20,0.175639,0.133883,0.212711,20,20,0,0
recipe:huelin_gorriz_2023,recipe:nadasdy_1999,network,0.113444,0.0433336,0.187937,20,0.0760407,0.0240509,0.133361,20,0.113444,0.0433336,0.187937,20,0.0760407,0.0240509,0.133361,20,20,0,0
recipe:huelin_gorriz_2023,recipe:olafsdottir_2015,network,0.253398,0.206111,0.300277,20,0.275084,0.22066,0.32983,20,0.253398,0.206111,0.300277,20,0.275084,0.22066,0.32983,20,20,0,0
recipe:huelin_gorriz_2023,recipe:olafsdottir_2015.bayesian_candidates,network,0.245261,0.170166,0.310463,20,0.260638,0.208682,0.312382,20,0.245261,0.170166,0.310463,20,0.260638,0.208682,0.312382,20,20,0,0
recipe:huelin_gorriz_2023,recipe:olafsdottir_2016,network,0.211109,0.160473,0.268514,20,0.222401,0.151119,0.292863,20,0.211109,0.160473,0.268514,20,0.222401,0.151119,0.292863,20,20,0,0
recipe:huelin_gorriz_2023,recipe:olafsdottir_2017,network,0.168068,0.118866,0.219457,20,0.24554,0.184191,0.307675,20,0.168068,0.118866,0.219457,20,0.24554,0.184191,0.307675,20,20,0,0
recipe:huelin_gorriz_2023,recipe:olafsdottir_2017.trajectory,network,0.211109,0.160473,0.268514,20,0.222401,0.151119,0.292863,20,0.211109,0.160473,0.268514,20,0.222401,0.151119,0.292863,20,20,0,0
recipe:huelin_gorriz_2023,recipe:pfeiffer_2013,network,0.299781,0.239667,0.358979,20,0.418842,0.374718,0.465586,20,0.299781,0.239667,0.358979,20,0.418842,0.374718,0.465586,20,20,0,0
recipe:huelin_gorriz_2023,recipe:pfeiffer_2013_ripples,network,0.0465567,-0.0121252,0.105843,20,0.0130574,-0.0332716,0.0590298,20,0.0465567,-0.0121252,0.105843,20,0.0130574,-0.0332716,0.0590298,20,20,0,0
recipe:huelin_gorriz_2023,recipe:pfeiffer_2015,network,0.0466226,-0.0121237,0.105908,20,0.0130574,-0.0332716,0.0590298,20,0.0466226,-0.0121237,0.105908,20,0.0130574,-0.0332716,0.0590298,20,20,0,0
recipe:huelin_gorriz_2023,recipe:shin_2019,network,0.0731026,0.0217087,0.125162,20,0.0448014,-0.00842048,0.104934,20,0.0731026,0.0217087,0.125162,20,0.0448014,-0.00842048,0.104934,20,20,0,0
recipe:huelin_gorriz_2023,recipe:silva_2015,network,0.355588,0.311213,0.403816,20,0.418694,0.358193,0.476343,20,0.355588,0.311213,0.403816,20,0.418694,0.358193,0.476343,20,20,0,0
recipe:huelin_gorriz_2023,recipe:stella_2019,network,0.115157,0.0601332,0.182225,20,0.116305,0.0770914,0.156815,20,0.115157,0.0601332,0.182225,20,0.116305,0.0770914,0.156815,20,20,0,0
recipe:huelin_gorriz_2023,recipe:tang_2017,network,0.0731026,0.0217087,0.125162,20,0.0448014,-0.00842048,0.104934,20,0.0731026,0.0217087,0.125162,20,0.0448014,-0.00842048,0.104934,20,20,0,0
recipe:huelin_gorriz_2023,recipe:tirole_2022,network,1,1,1,20,1,1,1,20,1,1,1,20,1,1,1,20,20,0,0
recipe:huelin_gorriz_2023,recipe:widloski_2025,network,0.00224827,-0.0650957,0.065743,20,0.0437469,-0.00798361,0.096034,20,0.00224827,-0.0650957,0.065743,20,0.0437469,-0.00798361,0.096034,20,20,0,0
recipe:huelin_gorriz_2023,recipe:widloski_2025_bursts,network,0.157417,0.0994024,0.213363,20,0.201167,0.102074,0.294884,20,0.157417,0.0994024,0.213363,20,0.201167,0.102074,0.294884,20,20,0,0
recipe:huelin_gorriz_2023,recipe:wikenheiser_2013,network,-0.0232249,-0.0820819,0.0382779,20,0.0206369,-0.0400603,0.0759889,20,-0.0232249,-0.0820819,0.0382779,20,0.0206369,-0.0400603,0.0759889,20,20,0,0
recipe:huelin_gorriz_2023,recipe:wu_2014,network,0.247243,0.205089,0.292698,20,0.286687,0.238107,0.338653,20,0.247243,0.205089,0.292698,20,0.286687,0.238107,0.338653,20,20,0,0
recipe:huelin_gorriz_2023,recipe:wu_2017,network,0.281952,0.20008,0.364491,20,0.22565,0.169058,0.280066,20,0.281952,0.20008,0.364491,20,0.22565,0.169058,0.280066,20,20,0,0
recipe:huelin_gorriz_2023,recipe:xu_2019,network,0.320789,0.266733,0.381474,20,0.391993,0.333464,0.457016,20,0.320789,0.266733,0.381474,20,0.391993,0.333464,0.457016,20,20,0,0
recipe:huelin_gorriz_2023,recipe:yamamoto_2017,network,0.22074,0.167598,0.273573,20,0.201335,0.132358,0.265714,20,0.22074,0.167598,0.273573,20,0.201335,0.132358,0.265714,20,20,0,0
recipe:huelin_gorriz_2023,recipe:yang_2024,network,0.317699,0.251272,0.385619,20,0.410511,0.341496,0.481528,20,0.317699,0.251272,0.385619,20,0.410511,0.341496,0.481528,20,20,0,0
recipe:igata_2021,recipe:igata_2021_ripples,network,0.0531048,0.00561845,0.103558,20,0.0766819,0.0508377,0.107533,20,0.0531048,0.00561845,0.103558,20,0.0766819,0.0508377,0.107533,20,20,0,0
recipe:igata_2021,recipe:jadhav_2016,network,0.0393739,0.00568474,0.0733047,20,0.0520055,0.00539867,0.101693,20,0.0393739,0.00568474,0.0733047,20,0.0520055,0.00539867,0.101693,20,20,0,0
recipe:igata_2021,recipe:ji_2007,burst,0.455997,0.411212,0.499586,20,0.487358,0.429269,0.539242,20,0.419597,0.372478,0.463488,20,0.480257,0.426301,0.530963,20,20,0,0
recipe:igata_2021,recipe:ji_2007_ripples,network,,,,0,,,,0,,,,0,,,,0,20,0,0
recipe:igata_2021,recipe:kaefer_2020,network,0.5,0.5,0.5,1,-1,-1,-1,1,0.5,0.5,0.5,1,-1,-1,-1,1,20,0,0
recipe:igata_2021,recipe:karlsson_2009,network,0.0628508,0.0189006,0.108202,20,0.0449584,0.00303705,0.0893436,20,0.0628508,0.0189006,0.108202,20,0.0449584,0.00303705,0.0893436,20,20,0,0
recipe:igata_2021,recipe:krause_2022,network,0.16123,0.110262,0.20756,20,0.146402,0.093986,0.201595,20,0.16123,0.110262,0.20756,20,0.146402,0.093986,0.201595,20,20,0,0
recipe:igata_2021,recipe:krause_2022_hse,burst,0.816815,0.789226,0.843533,20,0.803203,0.778696,0.827726,20,0.817005,0.790393,0.843421,20,0.798344,0.771946,0.824876,20,20,0,0
recipe:igata_2021,recipe:kudrimoti_1999,network,0.0636364,-0.318227,0.411146,11,-0.0272727,-0.45,0.433333,11,0.0636364,-0.318227,0.411146,11,-0.0272727,-0.45,0.433333,11,20,0,0
recipe:igata_2021,recipe:lee_2002,burst,0.183803,0.135985,0.227568,20,0.186719,0.138361,0.233033,20,0.19117,0.146257,0.230981,20,0.176546,0.124802,0.226564,20,20,0,0
recipe:igata_2021,recipe:lee_2002_ripples,network,-0.0510523,-0.219042,0.120693,20,0.15983,0.0201404,0.305206,20,-0.0510523,-0.219042,0.120693,20,0.15983,0.0201404,0.305206,20,20,0,0
recipe:igata_2021,recipe:liu_2019,burst,0.102044,0.0550772,0.147043,20,0.127841,0.0764387,0.176931,20,0.109318,0.0679871,0.150609,20,0.127609,0.0742357,0.177817,20,20,0,0
recipe:igata_2021,recipe:liu_2019_awake,burst,0.102044,0.0550772,0.147043,20,0.127841,0.0764387,0.176931,20,0.109318,0.0679871,0.150609,20,0.127609,0.0742357,0.177817,20,20,0,0
recipe:igata_2021,recipe:liu_2023,network,0.304672,0.242063,0.365711,20,0.403522,0.3483,0.459992,20,0.304672,0.242063,0.365711,20,0.403522,0.3483,0.459992,20,20,0,0
recipe:igata_2021,recipe:maboudi_2018,burst,0.818498,0.791137,0.84566,20,0.798381,0.771984,0.825038,20,0.819168,0.789758,0.847133,20,0.793626,0.765458,0.822833,20,20,0,0
recipe:igata_2021,recipe:maboudi_2018_open_field,burst,0.284665,0.218372,0.347502,20,0.386568,0.338059,0.431526,20,0.291463,0.227604,0.355127,20,0.404186,0.358595,0.448868,20,20,0,0
recipe:igata_2021,recipe:mallory_2025,burst,0.321321,0.2601,0.387327,20,0.410758,0.359217,0.460694,20,0.326379,0.260005,0.398477,20,0.424648,0.372127,0.474528,20,20,0,0
recipe:igata_2021,recipe:mallory_2025_ripples,network,0.0545612,0.00684475,0.10463,20,0.0398091,-0.0231186,0.105078,20,0.0545612,0.00684475,0.10463,20,0.0398091,-0.0231186,0.105078,20,20,0,0
recipe:igata_2021,recipe:michon_2019,network,0.751936,0.693047,0.80888,20,0.790631,0.738467,0.839106,20,0.751936,0.693047,0.80888,20,0.790631,0.738467,0.839106,20,20,0,0
recipe:igata_2021,recipe:michon_2021,network,0.751936,0.693047,0.80888,20,0.790631,0.738467,0.839106,20,0.751936,0.693047,0.80888,20,0.790631,0.738467,0.839106,20,20,0,0
recipe:igata_2021,recipe:mou_2022,burst,0.66043,0.606239,0.717434,20,0.627302,0.566825,0.682099,20,0.659732,0.605215,0.715814,20,0.615266,0.556149,0.670795,20,20,0,0
recipe:igata_2021,recipe:muessig_2019,network,0.283452,0.154814,0.408161,20,0.248976,0.0719949,0.409536,20,0.283452,0.154814,0.408161,20,0.248976,0.0719949,0.409536,20,20,0,0
recipe:igata_2021,recipe:muessig_2019_ripples,network,0.0781698,0.0203849,0.130521,20,0.0834701,0.0492858,0.116179,20,0.0781698,0.0203849,0.130521,20,0.0834701,0.0492858,0.116179,20,20,0,0
recipe:igata_2021,recipe:nadasdy_1999,network,0.0770727,0.0196471,0.141997,20,0.0621271,0.0107698,0.118628,20,0.0770727,0.0196471,0.141997,20,0.0621271,0.0107698,0.118628,20,20,0,0
recipe:igata_2021,recipe:olafsdottir_2015,burst,0.205846,0.147238,0.261964,20,0.255909,0.203402,0.308374,20,0.222002,0.164987,0.277652,20,0.285234,0.233742,0.335983,20,20,0,0
recipe:igata_2021,recipe:olafsdottir_2015.bayesian_candidates,burst,0.192732,0.122462,0.257885,20,0.256721,0.200833,0.309915,20,0.212209,0.137443,0.279909,20,0.284944,0.230892,0.335709,20,20,0,0
recipe:igata_2021,recipe:olafsdottir_2016,burst,0.120168,0.0703648,0.174765,20,0.148163,0.0944398,0.206736,20,0.166178,0.114945,0.222095,20,0.182646,0.125706,0.241994,20,20,0,0
recipe:igata_2021,recipe:olafsdottir_2017,burst,0.0994563,0.0443661,0.157543,20,0.198594,0.147067,0.255563,20,0.130124,0.0835849,0.183312,20,0.223203,0.169496,0.282126,20,20,0,0
recipe:igata_2021,recipe:olafsdottir_2017.trajectory,burst,0.120168,0.0703648,0.174765,20,0.148163,0.0944398,0.206736,20,0.166178,0.114945,0.222095,20,0.182646,0.125706,0.241994,20,20,0,0
recipe:igata_2021,recipe:pfeiffer_2013,burst,0.284665,0.218372,0.347502,20,0.386568,0.338059,0.431526,20,0.291463,0.227604,0.355127,20,0.404186,0.358595,0.448868,20,20,0,0
recipe:igata_2021,recipe:pfeiffer_2013_ripples,network,0.0360475,-0.0143378,0.0885218,20,0.0433424,-0.00816795,0.0936319,20,0.0360475,-0.0143378,0.0885218,20,0.0433424,-0.00816795,0.0936319,20,20,0,0
recipe:igata_2021,recipe:pfeiffer_2015,network,0.0361008,-0.0142544,0.0885245,20,0.0433424,-0.00816795,0.0936319,20,0.0361008,-0.0142544,0.0885245,20,0.0433424,-0.00816795,0.0936319,20,20,0,0
recipe:igata_2021,recipe:shin_2019,network,0.0628508,0.0189006,0.108202,20,0.0449584,0.00303705,0.0893436,20,0.0628508,0.0189006,0.108202,20,0.0449584,0.00303705,0.0893436,20,20,0,0
recipe:igata_2021,recipe:silva_2015,burst,0.301343,0.238406,0.366602,20,0.373165,0.317943,0.42411,20,0.312342,0.248525,0.375949,20,0.408513,0.356005,0.459636,20,20,0,0
recipe:igata_2021,recipe:stella_2019,network,0.0929599,0.0503746,0.140947,20,0.0754466,0.0496101,0.100781,20,0.0929599,0.0503746,0.140947,20,0.0754466,0.0496101,0.100781,20,20,0,0
recipe:igata_2021,recipe:tang_2017,network,0.0628508,0.0189006,0.108202,20,0.0449584,0.00303705,0.0893436,20,0.0628508,0.0189006,0.108202,20,0.0449584,0.00303705,0.0893436,20,20,0,0
recipe:igata_2021,recipe:tirole_2022,network,0.918231,0.893121,0.941637,20,0.910644,0.87869,0.938089,20,0.918231,0.893121,0.941637,20,0.910644,0.87869,0.938089,20,20,0,0
recipe:igata_2021,recipe:widloski_2025,network,-0.0117003,-0.0682738,0.0475584,20,0.0802887,0.0312522,0.126987,20,-0.0117003,-0.0682738,0.0475584,20,0.0802887,0.0312522,0.126987,20,20,0,0
recipe:igata_2021,recipe:widloski_2025_bursts,burst,0.193706,0.131005,0.252023,20,0.245495,0.175036,0.317047,20,0.158935,0.108194,0.208333,20,0.231359,0.161557,0.300361,20,20,0,0
recipe:igata_2021,recipe:wikenheiser_2013,network,-0.0048243,-0.0497699,0.0395291,20,0.0196236,-0.0345732,0.0778935,20,-0.0048243,-0.0497699,0.0395291,20,0.0196236,-0.0345732,0.0778935,20,20,0,0
recipe:igata_2021,recipe:wu_2014,burst,0.221602,0.161499,0.279831,20,0.280364,0.244863,0.318161,20,0.23553,0.181664,0.289833,20,0.305108,0.273437,0.338638,20,20,0,0
recipe:igata_2021,recipe:wu_2017,burst,0.298949,0.223862,0.368811,20,0.237391,0.185088,0.291106,20,0.283187,0.211495,0.350825,20,0.232451,0.175258,0.29088,20,20,0,0
recipe:igata_2021,recipe:xu_2019,burst,0.292982,0.232998,0.354372,20,0.380777,0.335612,0.423707,20,0.307503,0.2512,0.370263,20,0.4035,0.356286,0.44836,20,20,0,0
recipe:igata_2021,recipe:yamamoto_2017,network,0.189025,0.144037,0.235438,20,0.173601,0.111562,0.227499,20,0.189025,0.144037,0.235438,20,0.173601,0.111562,0.227499,20,20,0,0
recipe:igata_2021,recipe:yang_2024,network,0.323775,0.254736,0.391005,20,0.422305,0.373775,0.473049,20,0.323775,0.254736,0.391005,20,0.422305,0.373775,0.473049,20,20,0,0
recipe:igata_2021_ripples,recipe:jadhav_2016,ripple,0.47834,0.420622,0.535704,20,0.56645,0.500936,0.627796,20,0.692215,0.648627,0.73729,20,0.759055,0.715768,0.802516,20,20,0,0
recipe:igata_2021_ripples,recipe:ji_2007,network,0.247564,0.207531,0.285968,20,0.259707,0.207405,0.305201,20,0.247564,0.207531,0.285968,20,0.259707,0.207405,0.305201,20,20,0,0
recipe:igata_2021_ripples,recipe:ji_2007_ripples,ripple,,,,0,,,,0,,,,0,,,,0,20,0,0
recipe:igata_2021_ripples,recipe:kaefer_2020,ripple,1,1,1,1,1,1,1,1,1,1,1,1,0.5,0.5,0.5,1,20,0,0
recipe:igata_2021_ripples,recipe:karlsson_2009,ripple,0.480962,0.433777,0.526297,20,0.573946,0.51307,0.631261,20,0.749183,0.714793,0.783381,20,0.80007,0.760374,0.83736,20,20,0,0
recipe:igata_2021_ripples,recipe:krause_2022,network,0.322757,0.282902,0.364536,20,0.45764,0.404523,0.511758,20,0.322757,0.282902,0.364536,20,0.45764,0.404523,0.511758,20,20,0,0
recipe:igata_2021_ripples,recipe:krause_2022_hse,network,0.0453313,-0.00596403,0.104668,20,0.081637,0.0388012,0.125974,20,0.0453313,-0.00596403,0.104668,20,0.081637,0.0388012,0.125974,20,20,0,0
recipe:igata_2021_ripples,recipe:kudrimoti_1999,ripple,0.309091,-0.153864,0.7,11,-1.00929e-17,-0.460038,0.45,11,0.336364,-0.0364545,0.709141,11,0.363636,-0.0308333,0.687535,11,20,0,0
recipe:igata_2021_ripples,recipe:lee_2002,network,0.0163824,-0.0229077,0.0560047,20,0.0274682,-0.0323514,0.0892792,20,0.0163824,-0.0229077,0.0560047,20,0.0274682,-0.0323514,0.0892792,20,20,0,0
recipe:igata_2021_ripples,recipe:lee_2002_ripples,ripple,0.228328,0.0479245,0.41354,20,0.218741,0.0460327,0.388222,20,0.50121,0.396302,0.601674,20,0.3735,0.205206,0.519201,20,20,0,0
recipe:igata_2021_ripples,recipe:liu_2019,network,0.00713282,-0.0450044,0.0599977,20,0.0725247,0.0206521,0.127606,20,0.00713282,-0.0450044,0.0599977,20,0.0725247,0.0206521,0.127606,20,20,0,0
recipe:igata_2021_ripples,recipe:liu_2019_awake,network,0.00713282,-0.0450044,0.0599977,20,0.0725247,0.0206521,0.127606,20,0.00713282,-0.0450044,0.0599977,20,0.0725247,0.0206521,0.127606,20,20,0,0
recipe:igata_2021_ripples,recipe:liu_2023,network,0.104178,0.0306225,0.175173,20,0.0542821,-0.0228686,0.126745,20,0.104178,0.0306225,0.175173,20,0.0542821,-0.0228686,0.126745,20,20,0,0
recipe:igata_2021_ripples,recipe:maboudi_2018,network,0.037489,-0.0147004,0.0968369,20,0.0698478,0.022978,0.117832,20,0.037489,-0.0147004,0.0968369,20,0.0698478,0.022978,0.117832,20,20,0,0
recipe:igata_2021_ripples,recipe:maboudi_2018_open_field,network,0.103547,0.0498101,0.159309,20,0.0735,-0.00672343,0.152474,20,0.103547,0.0498101,0.159309,20,0.0735,-0.00672343,0.152474,20,20,0,0
recipe:igata_2021_ripples,recipe:mallory_2025,network,0.0700023,0.00883577,0.126138,20,0.0303674,-0.0332082,0.0888771,20,0.0700023,0.00883577,0.126138,20,0.0303674,-0.0332082,0.0888771,20,20,0,0
recipe:igata_2021_ripples,recipe:mallory_2025_ripples,ripple,0.30446,0.260238,0.347013,20,0.376181,0.321959,0.430657,20,0.398133,0.352275,0.445286,20,0.51242,0.474271,0.551713,20,20,0,0
recipe:igata_2021_ripples,recipe:michon_2019,network,0.0839677,-0.0191303,0.178553,20,0.0909003,0.0318121,0.150466,20,0.0839677,-0.0191303,0.178553,20,0.0909003,0.0318121,0.150466,20,20,0,0
recipe:igata_2021_ripples,recipe:michon_2021,network,0.0839677,-0.0191303,0.178553,20,0.0909003,0.0318121,0.150466,20,0.0839677,-0.0191303,0.178553,20,0.0909003,0.0318121,0.150466,20,20,0,0
recipe:igata_2021_ripples,recipe:mou_2022,network,0.0247886,-0.030039,0.0775259,20,0.0334888,-0.0157425,0.0836465,20,0.0247886,-0.030039,0.0775259,20,0.0334888,-0.0157425,0.0836465,20,20,0,0
recipe:igata_2021_ripples,recipe:muessig_2019,network,0.150551,0.0275487,0.27472,20,0.0216138,-0.149513,0.187549,20,0.150551,0.0275487,0.27472,20,0.0216138,-0.149513,0.187549,20,20,0,0
recipe:igata_2021_ripples,recipe:muessig_2019_ripples,ripple,0.36693,0.332358,0.399132,20,0.327032,0.286386,0.369644,20,0.374933,0.332746,0.417051,20,0.36027,0.307146,0.408487,20,20,0,0
recipe:igata_2021_ripples,recipe:nadasdy_1999,ripple,0.477868,0.41843,0.539198,20,0.489174,0.444992,0.530471,20,0.542711,0.4876,0.599536,20,0.549942,0.482789,0.618565,20,20,0,0
recipe:igata_2021_ripples,recipe:olafsdottir_2015,network,0.0626352,0.0106152,0.116663,20,0.037994,-0.0288273,0.100066,20,0.0626352,0.0106152,0.116663,20,0.037994,-0.0288273,0.100066,20,20,0,0
recipe:igata_2021_ripples,recipe:olafsdottir_2015.bayesian_candidates,network,0.0730702,0.0174406,0.134777,20,0.0296991,-0.0380012,0.0890222,20,0.0730702,0.0174406,0.134777,20,0.0296991,-0.0380012,0.0890222,20,20,0,0
recipe:igata_2021_ripples,recipe:olafsdottir_2016,network,0.135139,0.0684386,0.200072,20,0.172459,0.126181,0.218416,20,0.135139,0.0684386,0.200072,20,0.172459,0.126181,0.218416,20,20,0,0
recipe:igata_2021_ripples,recipe:olafsdottir_2017,network,0.131023,0.063002,0.197821,20,0.202846,0.163451,0.2462,20,0.131023,0.063002,0.197821,20,0.202846,0.163451,0.2462,20,20,0,0
recipe:igata_2021_ripples,recipe:olafsdottir_2017.trajectory,network,0.135139,0.0684386,0.200072,20,0.172459,0.126181,0.218416,20,0.135139,0.0684386,0.200072,20,0.172459,0.126181,0.218416,20,20,0,0
recipe:igata_2021_ripples,recipe:pfeiffer_2013,network,0.103547,0.0498101,0.159309,20,0.0735,-0.00672343,0.152474,20,0.103547,0.0498101,0.159309,20,0.0735,-0.00672343,0.152474,20,20,0,0
recipe:igata_2021_ripples,recipe:pfeiffer_2013_ripples,ripple,0.289009,0.237332,0.340656,20,0.374153,0.31873,0.424617,20,0.439096,0.388947,0.490568,20,0.563188,0.518866,0.608106,20,20,0,0
recipe:igata_2021_ripples,recipe:pfeiffer_2015,ripple,0.289009,0.237332,0.340656,20,0.374153,0.31873,0.424617,20,0.438999,0.388755,0.490471,20,0.563188,0.518866,0.608106,20,20,0,0
recipe:igata_2021_ripples,recipe:shin_2019,ripple,0.480962,0.433777,0.526297,20,0.573946,0.51307,0.631261,20,0.749183,0.714793,0.783381,20,0.80007,0.760374,0.83736,20,20,0,0
recipe:igata_2021_ripples,recipe:silva_2015,network,0.090695,0.0250704,0.159725,20,0.0822489,0.00868716,0.151096,20,0.090695,0.0250704,0.159725,20,0.0822489,0.00868716,0.151096,20,20,0,0
recipe:igata_2021_ripples,recipe:stella_2019,ripple,0.44075,0.388159,0.491606,20,0.42272,0.380645,0.463919,20,0.480093,0.424718,0.532066,20,0.502043,0.458118,0.544243,20,20,0,0
recipe:igata_2021_ripples,recipe:tang_2017,ripple,0.480962,0.433777,0.526297,20,0.573946,0.51307,0.631261,20,0.749183,0.714793,0.783381,20,0.80007,0.760374,0.83736,20,20,0,0
recipe:igata_2021_ripples,recipe:tirole_2022,network,0.0476006,-0.0101755,0.108514,20,0.0699599,0.0294805,0.113958,20,0.0476006,-0.0101755,0.108514,20,0.0699599,0.0294805,0.113958,20,20,0,0
recipe:igata_2021_ripples,recipe:widloski_2025,ripple,0.044781,-0.0207247,0.111795,20,0.106892,0.0368408,0.173572,20,0.114449,0.0505551,0.181171,20,0.148836,0.0707071,0.224518,20,20,0,0
recipe:igata_2021_ripples,recipe:widloski_2025_bursts,network,-0.014036,-0.0887134,0.0562697,20,0.0838411,0.015359,0.156057,20,-0.014036,-0.0887134,0.0562697,20,0.0838411,0.015359,0.156057,20,20,0,0
recipe:igata_2021_ripples,recipe:wikenheiser_2013,ripple,0.109346,0.0487442,0.170227,20,0.0693502,0.0152894,0.121421,20,0.110606,0.0532073,0.17153,20,0.133377,0.0800892,0.181385,20,20,0,0
recipe:igata_2021_ripples,recipe:wu_2014,network,0.0712874,0.0162722,0.128024,20,0.0805524,0.0285736,0.129971,20,0.0712874,0.0162722,0.128024,20,0.0805524,0.0285736,0.129971,20,20,0,0
recipe:igata_2021_ripples,recipe:wu_2017,network,0.246332,0.18233,0.311218,20,0.260396,0.170068,0.346306,20,0.246332,0.18233,0.311218,20,0.260396,0.170068,0.346306,20,20,0,0
recipe:igata_2021_ripples,recipe:xu_2019,network,0.0625459,0.0131536,0.112935,20,0.029177,-0.0335189,0.0829285,20,0.0625459,0.0131536,0.112935,20,0.029177,-0.0335189,0.0829285,20,20,0,0
recipe:igata_2021_ripples,recipe:yamamoto_2017,network,0.310922,0.25222,0.370128,20,0.342885,0.295403,0.388264,20,0.310922,0.25222,0.370128,20,0.342885,0.295403,0.388264,20,20,0,0
recipe:igata_2021_ripples,recipe:yang_2024,network,0.0779915,0.0146453,0.138428,20,0.00347493,-0.0726804,0.0709408,20,0.0779915,0.0146453,0.138428,20,0.00347493,-0.0726804,0.0709408,20,20,0,0
recipe:jadhav_2016,recipe:ji_2007,network,0.142826,0.0846073,0.194303,20,0.24125,0.187773,0.294447,20,0.142826,0.0846073,0.194303,20,0.24125,0.187773,0.294447,20,20,0,0
recipe:jadhav_2016,recipe:ji_2007_ripples,ripple,,,,0,,,,0,,,,0,,,,0,20,0,0
recipe:jadhav_2016,recipe:kaefer_2020,ripple,,,,0,,,,0,,,,0,,,,0,20,0,0
recipe:jadhav_2016,recipe:karlsson_2009,ripple,0.996083,0.988249,1,20,0.999565,0.998695,1,20,0.938345,0.916749,0.960146,20,0.92204,0.886457,0.95512,20,20,0,0
recipe:jadhav_2016,recipe:krause_2022,network,0.354496,0.313484,0.400642,20,0.459733,0.411819,0.511281,20,0.354496,0.313484,0.400642,20,0.459733,0.411819,0.511281,20,20,0,0
recipe:jadhav_2016,recipe:krause_2022_hse,network,0.0289723,-0.0132128,0.0765413,20,0.06856,0.0241898,0.110555,20,0.0289723,-0.0132128,0.0765413,20,0.06856,0.0241898,0.110555,20,20,0,0
recipe:jadhav_2016,recipe:kudrimoti_1999,ripple,0.2875,-0.1,0.633333,8,0.0875,-0.333333,0.520125,8,0.277778,-0.1,0.642857,9,0.522222,0.222222,0.755595,9,20,0,0
recipe:jadhav_2016,recipe:lee_2002,network,-0.0163486,-0.0662354,0.0273492,20,0.0160574,-0.0411081,0.0770619,20,-0.0163486,-0.0662354,0.0273492,20,0.0160574,-0.0411081,0.0770619,20,20,0,0
recipe:jadhav_2016,recipe:lee_2002_ripples,ripple,0.147078,-0.0597224,0.357098,20,0.270476,0.0471131,0.470219,20,0.393981,0.231189,0.549268,20,0.473141,0.279893,0.650203,20,20,0,0
recipe:jadhav_2016,recipe:liu_2019,network,-0.00414065,-0.0583225,0.0508282,20,0.0774542,0.00712043,0.147446,20,-0.00414065,-0.0583225,0.0508282,20,0.0774542,0.00712043,0.147446,20,20,0,0
recipe:jadhav_2016,recipe:liu_2019_awake,network,-0.00414065,-0.0583225,0.0508282,20,0.0774542,0.00712043,0.147446,20,-0.00414065,-0.0583225,0.0508282,20,0.0774542,0.00712043,0.147446,20,20,0,0
recipe:jadhav_2016,recipe:liu_2023,network,-0.0158511,-0.0924994,0.0643223,20,0.0743132,0.00597583,0.13857,20,-0.0158511,-0.0924994,0.0643223,20,0.0743132,0.00597583,0.13857,20,20,0,0
recipe:jadhav_2016,recipe:maboudi_2018,network,0.0287289,-0.0142958,0.0761646,20,0.0659601,0.0179195,0.113009,20,0.0287289,-0.0142958,0.0761646,20,0.0659601,0.0179195,0.113009,20,20,0,0
recipe:jadhav_2016,recipe:maboudi_2018_open_field,network,0.00426878,-0.0517922,0.0626621,20,0.0900212,0.0207605,0.161062,20,0.00426878,-0.0517922,0.0626621,20,0.0900212,0.0207605,0.161062,20,20,0,0
recipe:jadhav_2016,recipe:mallory_2025,network,-0.0307363,-0.0789992,0.0150835,20,0.0368599,-0.0388272,0.107826,20,-0.0307363,-0.0789992,0.0150835,20,0.0368599,-0.0388272,0.107826,20,20,0,0
recipe:jadhav_2016,recipe:mallory_2025_ripples,ripple,0.427655,0.37889,0.47642,20,0.496605,0.44954,0.542226,20,0.450468,0.400647,0.501366,20,0.510369,0.464921,0.559849,20,20,0,0
recipe:jadhav_2016,recipe:michon_2019,network,0.0783152,0.00710687,0.143185,20,0.0708478,-0.011623,0.150471,20,0.0783152,0.00710687,0.143185,20,0.0708478,-0.011623,0.150471,20,20,0,0
recipe:jadhav_2016,recipe:michon_2021,network,0.0783152,0.00710687,0.143185,20,0.0708478,-0.011623,0.150471,20,0.0783152,0.00710687,0.143185,20,0.0708478,-0.011623,0.150471,20,20,0,0
recipe:jadhav_2016,recipe:mou_2022,network,0.0167373,-0.0415468,0.0734198,20,0.0316655,-0.00428093,0.0644393,20,0.0167373,-0.0415468,0.0734198,20,0.0316655,-0.00428093,0.0644393,20,20,0,0
recipe:jadhav_2016,recipe:muessig_2019,network,-0.00631452,-0.15398,0.144046,20,0.108079,-0.0919073,0.312647,20,-0.00631452,-0.15398,0.144046,20,0.108079,-0.0919073,0.312647,20,20,0,0
recipe:jadhav_2016,recipe:muessig_2019_ripples,ripple,0.180675,0.119711,0.23867,20,0.14319,0.0893822,0.197768,20,0.270337,0.222799,0.315888,20,0.33017,0.270555,0.391444,20,20,0,0
recipe:jadhav_2016,recipe:nadasdy_1999,ripple,0.385726,0.317072,0.450385,20,0.436146,0.367746,0.503443,20,0.555472,0.509102,0.59885,20,0.542552,0.475981,0.609235,20,20,0,0
recipe:jadhav_2016,recipe:olafsdottir_2015,network,-0.0357007,-0.0860077,0.0117113,20,0.079875,0.0169989,0.138132,20,-0.0357007,-0.0860077,0.0117113,20,0.079875,0.0169989,0.138132,20,20,0,0
recipe:jadhav_2016,recipe:olafsdottir_2015.bayesian_candidates,network,-0.0426093,-0.0923546,0.0057955,20,0.0809358,0.0183288,0.138372,20,-0.0426093,-0.0923546,0.0057955,20,0.0809358,0.0183288,0.138372,20,20,0,0
recipe:jadhav_2016,recipe:olafsdottir_2016,network,-0.0098253,-0.0728564,0.0578676,20,0.200728,0.138575,0.27061,20,-0.0098253,-0.0728564,0.0578676,20,0.200728,0.138575,0.27061,20,20,0,0
recipe:jadhav_2016,recipe:olafsdottir_2017,network,-0.00736843,-0.0676897,0.0525043,20,0.218625,0.151998,0.288663,20,-0.00736843,-0.0676897,0.0525043,20,0.218625,0.151998,0.288663,20,20,0,0
recipe:jadhav_2016,recipe:olafsdottir_2017.trajectory,network,-0.0098253,-0.0728564,0.0578676,20,0.200728,0.138575,0.27061,20,-0.0098253,-0.0728564,0.0578676,20,0.200728,0.138575,0.27061,20,20,0,0
recipe:jadhav_2016,recipe:pfeiffer_2013,network,0.00426878,-0.0517922,0.0626621,20,0.0900212,0.0207605,0.161062,20,0.00426878,-0.0517922,0.0626621,20,0.0900212,0.0207605,0.161062,20,20,0,0
recipe:jadhav_2016,recipe:pfeiffer_2013_ripples,ripple,0.584613,0.549602,0.621063,20,0.556748,0.513351,0.594212,20,0.561802,0.514052,0.607157,20,0.542071,0.501134,0.57988,20,20,0,0
recipe:jadhav_2016,recipe:pfeiffer_2015,ripple,0.584613,0.549602,0.621063,20,0.556748,0.513351,0.594212,20,0.561699,0.513864,0.607057,20,0.542071,0.501134,0.57988,20,20,0,0
recipe:jadhav_2016,recipe:shin_2019,ripple,0.996083,0.988249,1,20,0.999565,0.998695,1,20,0.938345,0.916749,0.960146,20,0.92204,0.886457,0.95512,20,20,0,0
recipe:jadhav_2016,recipe:silva_2015,network,-0.037353,-0.104877,0.0309075,20,0.0922473,0.0215307,0.15812,20,-0.037353,-0.104877,0.0309075,20,0.0922473,0.0215307,0.15812,20,20,0,0
recipe:jadhav_2016,recipe:stella_2019,ripple,0.30401,0.249258,0.357393,20,0.326649,0.282548,0.372464,20,0.479275,0.433866,0.523744,20,0.524897,0.470496,0.581313,20,20,0,0
recipe:jadhav_2016,recipe:tang_2017,ripple,0.996083,0.988249,1,20,0.999565,0.998695,1,20,0.938345,0.916749,0.960146,20,0.92204,0.886457,0.95512,20,20,0,0
recipe:jadhav_2016,recipe:tirole_2022,network,0.021731,-0.019525,0.0646202,20,0.0682157,0.00920241,0.135487,20,0.021731,-0.019525,0.0646202,20,0.0682157,0.00920241,0.135487,20,20,0,0
recipe:jadhav_2016,recipe:widloski_2025,ripple,0.221099,0.160096,0.27644,20,0.128386,0.06444,0.189968,20,0.190889,0.124393,0.250855,20,0.129828,0.056409,0.201929,20,20,0,0
recipe:jadhav_2016,recipe:widloski_2025_bursts,network,-0.00989443,-0.0809166,0.0618562,20,0.047899,-0.0280227,0.128774,20,-0.00989443,-0.0809166,0.0618562,20,0.047899,-0.0280227,0.128774,20,20,0,0
recipe:jadhav_2016,recipe:wikenheiser_2013,ripple,0.144527,0.0846774,0.206836,20,0.106627,0.0447046,0.168574,20,0.151395,0.097141,0.213127,20,0.125116,0.0710616,0.17734,20,20,0,0
recipe:jadhav_2016,recipe:wu_2014,network,-0.0139818,-0.0633944,0.0367107,20,0.0707173,0.0125515,0.128364,20,-0.0139818,-0.0633944,0.0367107,20,0.0707173,0.0125515,0.128364,20,20,0,0
recipe:jadhav_2016,recipe:wu_2017,network,0.15633,0.0886765,0.232074,20,0.224176,0.141696,0.302283,20,0.15633,0.0886765,0.232074,20,0.224176,0.141696,0.302283,20,20,0,0
recipe:jadhav_2016,recipe:xu_2019,network,-0.0223107,-0.0751604,0.0242183,20,0.0378612,-0.0322444,0.10263,20,-0.0223107,-0.0751604,0.0242183,20,0.0378612,-0.0322444,0.10263,20,20,0,0
recipe:jadhav_2016,recipe:yamamoto_2017,network,0.19731,0.133751,0.261088,20,0.27559,0.21376,0.33719,20,0.19731,0.133751,0.261088,20,0.27559,0.21376,0.33719,20,20,0,0
recipe:jadhav_2016,recipe:yang_2024,network,-0.0212775,-0.0811312,0.0422557,20,0.0222495,-0.0641427,0.104259,20,-0.0212775,-0.0811312,0.0422557,20,0.0222495,-0.0641427,0.104259,20,20,0,0
recipe:ji_2007,recipe:ji_2007_ripples,network,,,,0,,,,0,,,,0,,,,0,20,0,0
recipe:ji_2007,recipe:kaefer_2020,network,1,1,1,1,1,1,1,1,1,1,1,1,1,1,1,1,20,0,0
recipe:ji_2007,recipe:karlsson_2009,network,0.216357,0.166638,0.264342,20,0.219184,0.175714,0.263324,20,0.216357,0.166638,0.264342,20,0.219184,0.175714,0.263324,20,20,0,0
recipe:ji_2007,recipe:krause_2022,network,0.235459,0.185299,0.284865,20,0.335473,0.283789,0.388312,20,0.235459,0.185299,0.284865,20,0.335473,0.283789,0.388312,20,20,0,0
recipe:ji_2007,recipe:krause_2022_hse,burst,0.408628,0.368449,0.445024,20,0.396042,0.357901,0.433152,20,0.380281,0.337723,0.418616,20,0.391968,0.34823,0.434254,20,20,0,0
recipe:ji_2007,recipe:kudrimoti_1999,network,0.2,-0.171429,0.56,9,0.477778,0.0777778,0.816667,9,0.2,-0.171429,0.56,9,0.477778,0.0777778,0.816667,9,20,0,0
recipe:ji_2007,recipe:lee_2002,burst,0.107568,0.0638282,0.153614,20,0.158715,0.100452,0.218453,20,0.120992,0.0746381,0.168295,20,0.152273,0.0913324,0.214922,20,20,0,0
recipe:ji_2007,recipe:lee_2002_ripples,network,0.291717,0.118243,0.45059,20,0.311964,0.141426,0.464783,20,0.291717,0.118243,0.45059,20,0.311964,0.141426,0.464783,20,20,0,0
recipe:ji_2007,recipe:liu_2019,burst,0.0874154,0.0303682,0.144405,20,0.0839684,0.0332578,0.139276,20,0.117854,0.0683403,0.167909,20,0.0842371,0.028474,0.140751,20,20,0,0
recipe:ji_2007,recipe:liu_2019_awake,burst,0.0874154,0.0303682,0.144405,20,0.0839684,0.0332578,0.139276,20,0.117854,0.0683403,0.167909,20,0.0842371,0.028474,0.140751,20,20,0,0
recipe:ji_2007,recipe:liu_2023,network,0.400943,0.335776,0.461036,20,0.385039,0.324063,0.43828,20,0.400943,0.335776,0.461036,20,0.385039,0.324063,0.43828,20,20,0,0
recipe:ji_2007,recipe:maboudi_2018,burst,0.398314,0.357942,0.43545,20,0.386007,0.343989,0.427258,20,0.372732,0.33043,0.410949,20,0.384473,0.34229,0.426339,20,20,0,0
recipe:ji_2007,recipe:maboudi_2018_open_field,burst,0.326657,0.27693,0.377939,20,0.396081,0.354301,0.441287,20,0.395458,0.343729,0.444993,20,0.409483,0.367332,0.455808,20,20,0,0
recipe:ji_2007,recipe:mallory_2025,burst,0.272503,0.220263,0.320597,20,0.350609,0.306603,0.394882,20,0.343972,0.289281,0.392721,20,0.360781,0.311055,0.409394,20,20,0,0
recipe:ji_2007,recipe:mallory_2025_ripples,network,0.122036,0.0375024,0.203482,20,0.165318,0.115579,0.221898,20,0.122036,0.0375024,0.203482,20,0.165318,0.115579,0.221898,20,20,0,0
recipe:ji_2007,recipe:michon_2019,network,0.585948,0.494273,0.679035,20,0.611436,0.547928,0.669414,20,0.585948,0.494273,0.679035,20,0.611436,0.547928,0.669414,20,20,0,0
recipe:ji_2007,recipe:michon_2021,network,0.585948,0.494273,0.679035,20,0.611436,0.547928,0.669414,20,0.585948,0.494273,0.679035,20,0.611436,0.547928,0.669414,20,20,0,0
recipe:ji_2007,recipe:mou_2022,burst,0.31093,0.262074,0.358098,20,0.299082,0.25408,0.34131,20,0.277369,0.237173,0.31601,20,0.288926,0.246196,0.330794,20,20,0,0
recipe:ji_2007,recipe:muessig_2019,network,0.619562,0.552979,0.687515,20,0.457059,0.347536,0.556435,20,0.619562,0.552979,0.687515,20,0.457059,0.347536,0.556435,20,20,0,0
recipe:ji_2007,recipe:muessig_2019_ripples,network,0.310236,0.249406,0.369246,20,0.401863,0.352249,0.446629,20,0.310236,0.249406,0.369246,20,0.401863,0.352249,0.446629,20,20,0,0
recipe:ji_2007,recipe:nadasdy_1999,network,0.342792,0.270667,0.413981,20,0.298284,0.238253,0.359425,20,0.342792,0.270667,0.413981,20,0.298284,0.238253,0.359425,20,20,0,0
recipe:ji_2007,recipe:olafsdottir_2015,burst,0.223038,0.163837,0.280174,20,0.226845,0.159508,0.28847,20,0.290179,0.237769,0.337438,20,0.254819,0.177821,0.320228,20,20,0,0
recipe:ji_2007,recipe:olafsdottir_2015.bayesian_candidates,burst,0.205133,0.141739,0.268174,20,0.219601,0.15626,0.277055,20,0.285986,0.228891,0.339261,20,0.252075,0.181696,0.309577,20,20,0,0
recipe:ji_2007,recipe:olafsdottir_2016,burst,0.329943,0.282128,0.379195,20,0.4549,0.415693,0.496569,20,0.458342,0.413233,0.509033,20,0.485021,0.435955,0.532256,20,20,0,0
recipe:ji_2007,recipe:olafsdottir_2017,burst,0.346615,0.300122,0.391036,20,0.461252,0.418782,0.504585,20,0.438416,0.386573,0.492721,20,0.480896,0.436169,0.525541,20,20,0,0
recipe:ji_2007,recipe:olafsdottir_2017.trajectory,burst,0.329943,0.282128,0.379195,20,0.4549,0.415693,0.496569,20,0.458342,0.413233,0.509033,20,0.485021,0.435955,0.532256,20,20,0,0
recipe:ji_2007,recipe:pfeiffer_2013,burst,0.326657,0.27693,0.377939,20,0.396081,0.354301,0.441287,20,0.395458,0.343729,0.444993,20,0.409483,0.367332,0.455808,20,20,0,0
recipe:ji_2007,recipe:pfeiffer_2013_ripples,network,0.0770768,0.0103458,0.143082,20,0.192755,0.134931,0.247502,20,0.0770768,0.0103458,0.143082,20,0.192755,0.134931,0.247502,20,20,0,0
recipe:ji_2007,recipe:pfeiffer_2015,network,0.0771447,0.0104138,0.143082,20,0.192755,0.134931,0.247502,20,0.0771447,0.0104138,0.143082,20,0.192755,0.134931,0.247502,20,20,0,0
recipe:ji_2007,recipe:shin_2019,network,0.216357,0.166638,0.264342,20,0.219184,0.175714,0.263324,20,0.216357,0.166638,0.264342,20,0.219184,0.175714,0.263324,20,20,0,0
recipe:ji_2007,recipe:silva_2015,burst,0.302542,0.25016,0.353794,20,0.353997,0.310445,0.399276,20,0.381605,0.324512,0.431194,20,0.382991,0.338471,0.427464,20,20,0,0
recipe:ji_2007,recipe:stella_2019,network,0.353917,0.295432,0.404997,20,0.359421,0.311044,0.406159,20,0.353917,0.295432,0.404997,20,0.359421,0.311044,0.406159,20,20,0,0
recipe:ji_2007,recipe:tang_2017,network,0.216357,0.166638,0.264342,20,0.219184,0.175714,0.263324,20,0.216357,0.166638,0.264342,20,0.219184,0.175714,0.263324,20,20,0,0
recipe:ji_2007,recipe:tirole_2022,network,0.410787,0.360611,0.458211,20,0.474144,0.405388,0.531296,20,0.410787,0.360611,0.458211,20,0.474144,0.405388,0.531296,20,20,0,0
recipe:ji_2007,recipe:widloski_2025,network,0.0438257,-0.0387801,0.116874,20,0.0999724,0.0453614,0.157995,20,0.0438257,-0.0387801,0.116874,20,0.0999724,0.0453614,0.157995,20,20,0,0
recipe:ji_2007,recipe:widloski_2025_bursts,burst,0.185879,0.130425,0.238633,20,0.243487,0.191676,0.297666,20,0.166,0.108171,0.225987,20,0.236289,0.181654,0.29191,20,20,0,0
recipe:ji_2007,recipe:wikenheiser_2013,network,0.047905,-0.0132145,0.110087,20,0.120083,0.0575418,0.181765,20,0.047905,-0.0132145,0.110087,20,0.120083,0.0575418,0.181765,20,20,0,0
recipe:ji_2007,recipe:wu_2014,burst,0.255022,0.215959,0.291048,20,0.254305,0.196844,0.308213,20,0.307559,0.252098,0.35567,20,0.27569,0.212333,0.331737,20,20,0,0
recipe:ji_2007,recipe:wu_2017,burst,0.599247,0.548834,0.645347,20,0.600998,0.547065,0.654076,20,0.637143,0.586922,0.683784,20,0.60162,0.548342,0.656207,20,20,0,0
recipe:ji_2007,recipe:xu_2019,burst,0.251775,0.198571,0.309312,20,0.294556,0.243335,0.347688,20,0.311065,0.249339,0.36887,20,0.308559,0.256412,0.362683,20,20,0,0
recipe:ji_2007,recipe:yamamoto_2017,network,0.615118,0.570849,0.655822,20,0.616984,0.573252,0.664377,20,0.615118,0.570849,0.655822,20,0.616984,0.573252,0.664377,20,20,0,0
recipe:ji_2007,recipe:yang_2024,network,0.380026,0.305409,0.446086,20,0.333252,0.277404,0.391607,20,0.380026,0.305409,0.446086,20,0.333252,0.277404,0.391607,20,20,0,0
recipe:ji_2007_ripples,recipe:kaefer_2020,ripple,,,,0,,,,0,,,,0,,,,0,20,0,0
recipe:ji_2007_ripples,recipe:karlsson_2009,ripple,,,,0,,,,0,,,,0,,,,0,20,0,0
recipe:ji_2007_ripples,recipe:krause_2022,network,,,,0,,,,0,,,,0,,,,0,20,0,0
recipe:ji_2007_ripples,recipe:krause_2022_hse,network,,,,0,,,,0,,,,0,,,,0,20,0,0
recipe:ji_2007_ripples,recipe:kudrimoti_1999,ripple,,,,0,,,,0,,,,0,,,,0,20,0,0
recipe:ji_2007_ripples,recipe:lee_2002,network,,,,0,,,,0,,,,0,,,,0,20,0,0
recipe:ji_2007_ripples,recipe:lee_2002_ripples,ripple,,,,0,,,,0,,,,0,,,,0,20,0,0
recipe:ji_2007_ripples,recipe:liu_2019,network,,,,0,,,,0,,,,0,,,,0,20,0,0
recipe:ji_2007_ripples,recipe:liu_2019_awake,network,,,,0,,,,0,,,,0,,,,0,20,0,0
recipe:ji_2007_ripples,recipe:liu_2023,network,,,,0,,,,0,,,,0,,,,0,20,0,0
recipe:ji_2007_ripples,recipe:maboudi_2018,network,,,,0,,,,0,,,,0,,,,0,20,0,0
recipe:ji_2007_ripples,recipe:maboudi_2018_open_field,network,,,,0,,,,0,,,,0,,,,0,20,0,0
recipe:ji_2007_ripples,recipe:mallory_2025,network,,,,0,,,,0,,,,0,,,,0,20,0,0
recipe:ji_2007_ripples,recipe:mallory_2025_ripples,ripple,,,,0,,,,0,,,,0,,,,0,20,0,0
recipe:ji_2007_ripples,recipe:michon_2019,network,,,,0,,,,0,,,,0,,,,0,20,0,0
recipe:ji_2007_ripples,recipe:michon_2021,network,,,,0,,,,0,,,,0,,,,0,20,0,0
recipe:ji_2007_ripples,recipe:mou_2022,network,,,,0,,,,0,,,,0,,,,0,20,0,0
recipe:ji_2007_ripples,recipe:muessig_2019,network,,,,0,,,,0,,,,0,,,,0,20,0,0
recipe:ji_2007_ripples,recipe:muessig_2019_ripples,ripple,,,,0,,,,0,,,,0,,,,0,20,0,0
recipe:ji_2007_ripples,recipe:nadasdy_1999,ripple,,,,0,,,,0,,,,0,,,,0,20,0,0
recipe:ji_2007_ripples,recipe:olafsdottir_2015,network,,,,0,,,,0,,,,0,,,,0,20,0,0
recipe:ji_2007_ripples,recipe:olafsdottir_2015.bayesian_candidates,network,,,,0,,,,0,,,,0,,,,0,20,0,0
recipe:ji_2007_ripples,recipe:olafsdottir_2016,network,,,,0,,,,0,,,,0,,,,0,20,0,0
recipe:ji_2007_ripples,recipe:olafsdottir_2017,network,,,,0,,,,0,,,,0,,,,0,20,0,0
recipe:ji_2007_ripples,recipe:olafsdottir_2017.trajectory,network,,,,0,,,,0,,,,0,,,,0,20,0,0
recipe:ji_2007_ripples,recipe:pfeiffer_2013,network,,,,0,,,,0,,,,0,,,,0,20,0,0
recipe:ji_2007_ripples,recipe:pfeiffer_2013_ripples,ripple,,,,0,,,,0,,,,0,,,,0,20,0,0
recipe:ji_2007_ripples,recipe:pfeiffer_2015,ripple,,,,0,,,,0,,,,0,,,,0,20,0,0
recipe:ji_2007_ripples,recipe:shin_2019,ripple,,,,0,,,,0,,,,0,,,,0,20,0,0
recipe:ji_2007_ripples,recipe:silva_2015,network,,,,0,,,,0,,,,0,,,,0,20,0,0
recipe:ji_2007_ripples,recipe:stella_2019,ripple,,,,0,,,,0,,,,0,,,,0,20,0,0
recipe:ji_2007_ripples,recipe:tang_2017,ripple,,,,0,,,,0,,,,0,,,,0,20,0,0
recipe:ji_2007_ripples,recipe:tirole_2022,network,,,,0,,,,0,,,,0,,,,0,20,0,0
recipe:ji_2007_ripples,recipe:widloski_2025,ripple,,,,0,,,,0,,,,0,,,,0,20,0,0
recipe:ji_2007_ripples,recipe:widloski_2025_bursts,network,,,,0,,,,0,,,,0,,,,0,20,0,0
recipe:ji_2007_ripples,recipe:wikenheiser_2013,ripple,,,,0,,,,0,,,,0,,,,0,20,0,0
recipe:ji_2007_ripples,recipe:wu_2014,network,,,,0,,,,0,,,,0,,,,0,20,0,0
recipe:ji_2007_ripples,recipe:wu_2017,network,,,,0,,,,0,,,,0,,,,0,20,0,0
recipe:ji_2007_ripples,recipe:xu_2019,network,,,,0,,,,0,,,,0,,,,0,20,0,0
recipe:ji_2007_ripples,recipe:yamamoto_2017,network,,,,0,,,,0,,,,0,,,,0,20,0,0
recipe:ji_2007_ripples,recipe:yang_2024,network,,,,0,,,,0,,,,0,,,,0,20,0,0
recipe:kaefer_2020,recipe:karlsson_2009,ripple,,,,0,,,,0,1,1,1,1,0.5,0.5,0.5,1,20,0,0
recipe:kaefer_2020,recipe:krause_2022,network,1,1,1,1,0.5,0.5,0.5,1,1,1,1,1,0.5,0.5,0.5,1,20,0,0
recipe:kaefer_2020,recipe:krause_2022_hse,network,1,1,1,1,-0.5,-0.5,-0.5,1,1,1,1,1,-0.5,-0.5,-0.5,1,20,0,0
recipe:kaefer_2020,recipe:kudrimoti_1999,ripple,,,,0,,,,0,,,,0,,,,0,20,0,0
recipe:kaefer_2020,recipe:lee_2002,network,-0.5,-0.5,-0.5,1,1,1,1,1,-0.5,-0.5,-0.5,1,1,1,1,1,20,0,0
recipe:kaefer_2020,recipe:lee_2002_ripples,ripple,,,,0,,,,0,,,,0,,,,0,20,0,0
recipe:kaefer_2020,recipe:liu_2019,network,,,,0,,,,0,,,,0,,,,0,20,0,0
recipe:kaefer_2020,recipe:liu_2019_awake,network,,,,0,,,,0,,,,0,,,,0,20,0,0
recipe:kaefer_2020,recipe:liu_2023,network,,,,0,,,,0,,,,0,,,,0,20,0,0
recipe:kaefer_2020,recipe:maboudi_2018,network,1,1,1,1,-0.5,-0.5,-0.5,1,1,1,1,1,-0.5,-0.5,-0.5,1,20,0,0
recipe:kaefer_2020,recipe:maboudi_2018_open_field,network,0.5,0.5,0.5,1,-0.5,-0.5,-0.5,1,0.5,0.5,0.5,1,-0.5,-0.5,-0.5,1,20,0,0
recipe:kaefer_2020,recipe:mallory_2025,network,-0.5,-0.5,-0.5,1,-0.5,-0.5,-0.5,1,-0.5,-0.5,-0.5,1,-0.5,-0.5,-0.5,1,20,0,0
recipe:kaefer_2020,recipe:mallory_2025_ripples,ripple,,,,0,,,,0,0.5,0.5,0.5,1,0.5,0.5,0.5,1,20,0,0
recipe:kaefer_2020,recipe:michon_2019,network,0.5,0.5,0.5,1,-0.5,-0.5,-0.5,1,0.5,0.5,0.5,1,-0.5,-0.5,-0.5,1,20,0,0
recipe:kaefer_2020,recipe:michon_2021,network,0.5,0.5,0.5,1,-0.5,-0.5,-0.5,1,0.5,0.5,0.5,1,-0.5,-0.5,-0.5,1,20,0,0
recipe:kaefer_2020,recipe:mou_2022,network,1,1,1,1,-0.5,-0.5,-0.5,1,1,1,1,1,-0.5,-0.5,-0.5,1,20,0,0
recipe:kaefer_2020,recipe:muessig_2019,network,,,,0,,,,0,,,,0,,,,0,20,0,0
recipe:kaefer_2020,recipe:muessig_2019_ripples,ripple,0.5,0.5,0.5,1,-0.5,-0.5,-0.5,1,1,1,1,1,0.5,0.5,0.5,1,20,0,0
recipe:kaefer_2020,recipe:nadasdy_1999,ripple,1,1,1,1,1,1,1,1,1,1,1,1,0.5,0.5,0.5,1,20,0,0
recipe:kaefer_2020,recipe:olafsdottir_2015,network,,,,0,,,,0,,,,0,,,,0,20,0,0
recipe:kaefer_2020,recipe:olafsdottir_2015.bayesian_candidates,network,,,,0,,,,0,,,,0,,,,0,20,0,0
recipe:kaefer_2020,recipe:olafsdottir_2016,network,,,,0,,,,0,,,,0,,,,0,20,0,0
recipe:kaefer_2020,recipe:olafsdottir_2017,network,1,1,1,1,1,1,1,1,1,1,1,1,1,1,1,1,20,0,0
recipe:kaefer_2020,recipe:olafsdottir_2017.trajectory,network,,,,0,,,,0,,,,0,,,,0,20,0,0
recipe:kaefer_2020,recipe:pfeiffer_2013,network,0.5,0.5,0.5,1,-0.5,-0.5,-0.5,1,0.5,0.5,0.5,1,-0.5,-0.5,-0.5,1,20,0,0
recipe:kaefer_2020,recipe:pfeiffer_2013_ripples,ripple,,,,0,,,,0,1,1,1,1,0.5,0.5,0.5,1,20,0,0
recipe:kaefer_2020,recipe:pfeiffer_2015,ripple,,,,0,,,,0,1,1,1,1,0.5,0.5,0.5,1,20,0,0
recipe:kaefer_2020,recipe:shin_2019,ripple,,,,0,,,,0,1,1,1,1,0.5,0.5,0.5,1,20,0,0
recipe:kaefer_2020,recipe:silva_2015,network,,,,0,,,,0,,,,0,,,,0,20,0,0
recipe:kaefer_2020,recipe:stella_2019,ripple,1,1,1,1,1,1,1,1,1,1,1,1,0.5,0.5,0.5,1,20,0,0
recipe:kaefer_2020,recipe:tang_2017,ripple,,,,0,,,,0,1,1,1,1,0.5,0.5,0.5,1,20,0,0
recipe:kaefer_2020,recipe:tirole_2022,network,,,,0,,,,0,,,,0,,,,0,20,0,0
recipe:kaefer_2020,recipe:widloski_2025,ripple,,,,0,,,,0,0.5,0.5,0.5,1,-0.5,-0.5,-0.5,1,20,0,0
recipe:kaefer_2020,recipe:widloski_2025_bursts,network,,,,0,,,,0,,,,0,,,,0,20,0,0
recipe:kaefer_2020,recipe:wikenheiser_2013,ripple,,,,0,,,,0,0.5,0.5,0.5,1,1,1,1,1,20,0,0
recipe:kaefer_2020,recipe:wu_2014,network,-0.5,-0.5,-0.5,1,-0.5,-0.5,-0.5,1,-0.5,-0.5,-0.5,1,-0.5,-0.5,-0.5,1,20,0,0
recipe:kaefer_2020,recipe:wu_2017,network,,,,0,,,,0,,,,0,,,,0,20,0,0
recipe:kaefer_2020,recipe:xu_2019,network,-0.5,-0.5,-0.5,1,-0.5,-0.5,-0.5,1,-0.5,-0.5,-0.5,1,-0.5,-0.5,-0.5,1,20,0,0
recipe:kaefer_2020,recipe:yamamoto_2017,network,1,1,1,1,1,1,1,1,1,1,1,1,1,1,1,1,20,0,0
recipe:kaefer_2020,recipe:yang_2024,network,-0.5,-0.5,-0.5,1,-0.5,-0.5,-0.5,1,-0.5,-0.5,-0.5,1,-0.5,-0.5,-0.5,1,20,0,0
recipe:karlsson_2009,recipe:krause_2022,network,0.392028,0.352295,0.435807,20,0.465243,0.415594,0.514493,20,0.392028,0.352295,0.435807,20,0.465243,0.415594,0.514493,20,20,0,0
recipe:karlsson_2009,recipe:krause_2022_hse,network,0.0520709,0.00523116,0.108015,20,0.0592908,0.00299318,0.114255,20,0.0520709,0.00523116,0.108015,20,0.0592908,0.00299318,0.114255,20,20,0,0
recipe:karlsson_2009,recipe:kudrimoti_1999,ripple,0.209091,-0.0909091,0.5,11,0.0454545,-0.32869,0.408333,11,0.145455,-0.2,0.5,11,0.436364,0.130714,0.7,11,20,0,0
recipe:karlsson_2009,recipe:lee_2002,network,0.00491599,-0.0470175,0.0481585,20,-0.00110959,-0.0625749,0.054368,20,0.00491599,-0.0470175,0.0481585,20,-0.00110959,-0.0625749,0.054368,20,20,0,0
recipe:karlsson_2009,recipe:lee_2002_ripples,ripple,0.153031,-0.0416753,0.338695,20,0.25042,0.078033,0.410944,20,0.467162,0.350391,0.587208,20,0.460163,0.317003,0.595192,20,20,0,0
recipe:karlsson_2009,recipe:liu_2019,network,-0.00659758,-0.0613851,0.0478787,20,0.0628989,-0.000908062,0.125175,20,-0.00659758,-0.0613851,0.0478787,20,0.0628989,-0.000908062,0.125175,20,20,0,0
recipe:karlsson_2009,recipe:liu_2019_awake,network,-0.00659758,-0.0613851,0.0478787,20,0.0628989,-0.000908062,0.125175,20,-0.00659758,-0.0613851,0.0478787,20,0.0628989,-0.000908062,0.125175,20,20,0,0
recipe:karlsson_2009,recipe:liu_2023,network,0.0787386,0.00684734,0.144864,20,-0.00306784,-0.0673175,0.0631772,20,0.0787386,0.00684734,0.144864,20,-0.00306784,-0.0673175,0.0631772,20,20,0,0
recipe:karlsson_2009,recipe:maboudi_2018,network,0.0523079,0.00708085,0.107743,20,0.0544711,-0.00264181,0.110702,20,0.0523079,0.00708085,0.107743,20,0.0544711,-0.00264181,0.110702,20,20,0,0
recipe:karlsson_2009,recipe:maboudi_2018_open_field,network,0.0815206,0.0334418,0.131358,20,0.0460527,-0.0227429,0.117427,20,0.0815206,0.0334418,0.131358,20,0.0460527,-0.0227429,0.117427,20,20,0,0
recipe:karlsson_2009,recipe:mallory_2025,network,0.0472272,-0.00393175,0.0987505,20,-0.00633902,-0.0667377,0.0526875,20,0.0472272,-0.00393175,0.0987505,20,-0.00633902,-0.0667377,0.0526875,20,20,0,0
recipe:karlsson_2009,recipe:mallory_2025_ripples,ripple,0.421873,0.368625,0.474395,20,0.499191,0.462149,0.538733,20,0.458247,0.412962,0.503021,20,0.552491,0.514586,0.594472,20,20,0,0
recipe:karlsson_2009,recipe:michon_2019,network,0.109033,0.0214234,0.192875,20,0.0737979,0.00878179,0.143126,20,0.109033,0.0214234,0.192875,20,0.0737979,0.00878179,0.143126,20,20,0,0
recipe:karlsson_2009,recipe:michon_2021,network,0.109033,0.0214234,0.192875,20,0.0737979,0.00878179,0.143126,20,0.109033,0.0214234,0.192875,20,0.0737979,0.00878179,0.143126,20,20,0,0
recipe:karlsson_2009,recipe:mou_2022,network,0.0215954,-0.0269572,0.0696984,20,0.019878,-0.0319115,0.0686073,20,0.0215954,-0.0269572,0.0696984,20,0.019878,-0.0319115,0.0686073,20,20,0,0
recipe:karlsson_2009,recipe:muessig_2019,network,0.0889128,-0.0616259,0.234664,20,0.0186514,-0.130254,0.159384,20,0.0889128,-0.0616259,0.234664,20,0.0186514,-0.130254,0.159384,20,20,0,0
recipe:karlsson_2009,recipe:muessig_2019_ripples,ripple,0.18108,0.123926,0.227479,20,0.130223,0.0870626,0.173176,20,0.331668,0.284647,0.372244,20,0.281839,0.224414,0.340813,20,20,0,0
recipe:karlsson_2009,recipe:nadasdy_1999,ripple,0.410521,0.35794,0.46757,20,0.423188,0.371517,0.478655,20,0.576159,0.522288,0.629185,20,0.529177,0.472657,0.586802,20,20,0,0
recipe:karlsson_2009,recipe:olafsdottir_2015,network,0.0607799,0.00746318,0.116009,20,0.0280522,-0.028514,0.0772201,20,0.0607799,0.00746318,0.116009,20,0.0280522,-0.028514,0.0772201,20,20,0,0
recipe:karlsson_2009,recipe:olafsdottir_2015.bayesian_candidates,network,0.0681492,0.0132634,0.127787,20,0.0240156,-0.028341,0.0735294,20,0.0681492,0.0132634,0.127787,20,0.0240156,-0.028341,0.0735294,20,20,0,0
recipe:karlsson_2009,recipe:olafsdottir_2016,network,0.103463,0.0505808,0.158537,20,0.139364,0.0772683,0.202679,20,0.103463,0.0505808,0.158537,20,0.139364,0.0772683,0.202679,20,20,0,0
recipe:karlsson_2009,recipe:olafsdottir_2017,network,0.0905878,0.0265745,0.152314,20,0.163826,0.104384,0.223703,20,0.0905878,0.0265745,0.152314,20,0.163826,0.104384,0.223703,20,20,0,0
recipe:karlsson_2009,recipe:olafsdottir_2017.trajectory,network,0.103463,0.0505808,0.158537,20,0.139364,0.0772683,0.202679,20,0.103463,0.0505808,0.158537,20,0.139364,0.0772683,0.202679,20,20,0,0
recipe:karlsson_2009,recipe:pfeiffer_2013,network,0.0815206,0.0334418,0.131358,20,0.0460527,-0.0227429,0.117427,20,0.0815206,0.0334418,0.131358,20,0.0460527,-0.0227429,0.117427,20,20,0,0
recipe:karlsson_2009,recipe:pfeiffer_2013_ripples,ripple,0.555996,0.513061,0.600351,20,0.570802,0.539034,0.600475,20,0.540261,0.493423,0.586495,20,0.606233,0.565496,0.645969,20,20,0,0
recipe:karlsson_2009,recipe:pfeiffer_2015,ripple,0.555996,0.513061,0.600351,20,0.570802,0.539034,0.600475,20,0.540181,0.49326,0.586495,20,0.606233,0.565496,0.645969,20,20,0,0
recipe:karlsson_2009,recipe:shin_2019,ripple,1,1,1,20,1,1,1,20,1,1,1,20,1,1,1,20,20,0,0
recipe:karlsson_2009,recipe:silva_2015,network,0.0583424,-0.0075335,0.125534,20,0.0322621,-0.0296012,0.0905137,20,0.0583424,-0.0075335,0.125534,20,0.0322621,-0.0296012,0.0905137,20,20,0,0
recipe:karlsson_2009,recipe:stella_2019,ripple,0.308031,0.262378,0.353266,20,0.319759,0.277903,0.364293,20,0.513607,0.463954,0.55938,20,0.510733,0.46441,0.559424,20,20,0,0
recipe:karlsson_2009,recipe:tang_2017,ripple,1,1,1,20,1,1,1,20,1,1,1,20,1,1,1,20,20,0,0
recipe:karlsson_2009,recipe:tirole_2022,network,0.0731026,0.0217087,0.125162,20,0.0448014,-0.00842048,0.104934,20,0.0731026,0.0217087,0.125162,20,0.0448014,-0.00842048,0.104934,20,20,0,0
recipe:karlsson_2009,recipe:widloski_2025,ripple,0.169281,0.101926,0.229528,20,0.129863,0.0692159,0.188657,20,0.146491,0.0827901,0.211155,20,0.159865,0.0912347,0.226867,20,20,0,0
recipe:karlsson_2009,recipe:widloski_2025_bursts,network,0.00104302,-0.0751253,0.0744547,20,0.0505398,-0.0307871,0.137731,20,0.00104302,-0.0751253,0.0744547,20,0.0505398,-0.0307871,0.137731,20,20,0,0
recipe:karlsson_2009,recipe:wikenheiser_2013,ripple,0.122492,0.0684956,0.177173,20,0.120989,0.0591765,0.184666,20,0.134519,0.0848837,0.188451,20,0.149094,0.0985601,0.202025,20,20,0,0
recipe:karlsson_2009,recipe:wu_2014,network,0.0539038,0.000428266,0.104111,20,0.0385265,-0.0112288,0.0895362,20,0.0539038,0.000428266,0.104111,20,0.0385265,-0.0112288,0.0895362,20,20,0,0
recipe:karlsson_2009,recipe:wu_2017,network,0.213705,0.136355,0.292831,20,0.192221,0.118313,0.269145,20,0.213705,0.136355,0.292831,20,0.192221,0.118313,0.269145,20,20,0,0
recipe:karlsson_2009,recipe:xu_2019,network,0.044376,-0.00714132,0.0929859,20,-0.000261629,-0.0564114,0.0569643,20,0.044376,-0.00714132,0.0929859,20,-0.000261629,-0.0564114,0.0569643,20,20,0,0
recipe:karlsson_2009,recipe:yamamoto_2017,network,0.293061,0.232747,0.350149,20,0.258898,0.20266,0.318459,20,0.293061,0.232747,0.350149,20,0.258898,0.20266,0.318459,20,20,0,0
recipe:karlsson_2009,recipe:yang_2024,network,0.0558737,-0.00604593,0.115259,20,-0.0190101,-0.07757,0.0413467,20,0.0558737,-0.00604593,0.115259,20,-0.0190101,-0.07757,0.0413467,20,20,0,0
recipe:krause_2022,recipe:krause_2022_hse,network,0.140858,0.0799506,0.202297,20,0.138608,0.082431,0.196456,20,0.140858,0.0799506,0.202297,20,0.138608,0.082431,0.196456,20,20,0,0
recipe:krause_2022,recipe:kudrimoti_1999,network,0.409091,0,0.777778,11,0.354545,-0.0223333,0.681818,11,0.409091,0,0.777778,11,0.354545,-0.0223333,0.681818,11,20,0,0
recipe:krause_2022,recipe:lee_2002,network,0.247026,0.183834,0.307674,20,0.194932,0.150051,0.243045,20,0.247026,0.183834,0.307674,20,0.194932,0.150051,0.243045,20,20,0,0
recipe:krause_2022,recipe:lee_2002_ripples,network,0.148818,0.00368132,0.291836,20,0.401412,0.248533,0.561767,20,0.148818,0.00368132,0.291836,20,0.401412,0.248533,0.561767,20,20,0,0
recipe:krause_2022,recipe:liu_2019,network,0.108273,0.0472388,0.162008,20,0.115159,0.0443502,0.183099,20,0.108273,0.0472388,0.162008,20,0.115159,0.0443502,0.183099,20,20,0,0
recipe:krause_2022,recipe:liu_2019_awake,network,0.108273,0.0472388,0.162008,20,0.115159,0.0443502,0.183099,20,0.108273,0.0472388,0.162008,20,0.115159,0.0443502,0.183099,20,20,0,0
recipe:krause_2022,recipe:liu_2023,network,0.282649,0.217172,0.345674,20,0.251255,0.189843,0.313347,20,0.282649,0.217172,0.345674,20,0.251255,0.189843,0.313347,20,20,0,0
recipe:krause_2022,recipe:maboudi_2018,network,0.131926,0.0661988,0.194736,20,0.137565,0.0818377,0.195295,20,0.131926,0.0661988,0.194736,20,0.137565,0.0818377,0.195295,20,20,0,0
recipe:krause_2022,recipe:maboudi_2018_open_field,network,0.278464,0.216436,0.344592,20,0.265346,0.213863,0.315333,20,0.278464,0.216436,0.344592,20,0.265346,0.213863,0.315333,20,20,0,0
recipe:krause_2022,recipe:mallory_2025,network,0.268013,0.204383,0.329379,20,0.252876,0.21116,0.29589,20,0.268013,0.204383,0.329379,20,0.252876,0.21116,0.29589,20,20,0,0
recipe:krause_2022,recipe:mallory_2025_ripples,network,0.338523,0.28027,0.394576,20,0.492818,0.453186,0.52783,20,0.338523,0.28027,0.394576,20,0.492818,0.453186,0.52783,20,20,0,0
recipe:krause_2022,recipe:michon_2019,network,0.203537,0.134479,0.274089,20,0.180491,0.107831,0.258244,20,0.203537,0.134479,0.274089,20,0.180491,0.107831,0.258244,20,20,0,0
recipe:krause_2022,recipe:michon_2021,network,0.203537,0.134479,0.274089,20,0.180491,0.107831,0.258244,20,0.203537,0.134479,0.274089,20,0.180491,0.107831,0.258244,20,20,0,0
recipe:krause_2022,recipe:mou_2022,network,0.135688,0.0815389,0.183167,20,0.0820228,0.0299649,0.146873,20,0.135688,0.0815389,0.183167,20,0.0820228,0.0299649,0.146873,20,20,0,0
recipe:krause_2022,recipe:muessig_2019,network,0.298985,0.154232,0.449243,20,0.13847,-0.00846533,0.262999,20,0.298985,0.154232,0.449243,20,0.13847,-0.00846533,0.262999,20,20,0,0
recipe:krause_2022,recipe:muessig_2019_ripples,network,0.24547,0.182045,0.310612,20,0.343291,0.290177,0.396683,20,0.24547,0.182045,0.310612,20,0.343291,0.290177,0.396683,20,20,0,0
recipe:krause_2022,recipe:nadasdy_1999,network,0.271446,0.210653,0.332319,20,0.395082,0.332827,0.459055,20,0.271446,0.210653,0.332319,20,0.395082,0.332827,0.459055,20,20,0,0
recipe:krause_2022,recipe:olafsdottir_2015,network,0.404478,0.330796,0.474507,20,0.351505,0.307522,0.391301,20,0.404478,0.330796,0.474507,20,0.351505,0.307522,0.391301,20,20,0,0
recipe:krause_2022,recipe:olafsdottir_2015.bayesian_candidates,network,0.407949,0.339113,0.47477,20,0.337207,0.283105,0.384548,20,0.407949,0.339113,0.47477,20,0.337207,0.283105,0.384548,20,20,0,0
recipe:krause_2022,recipe:olafsdottir_2016,network,0.303221,0.237653,0.371483,20,0.311134,0.262042,0.357134,20,0.303221,0.237653,0.371483,20,0.311134,0.262042,0.357134,20,20,0,0
recipe:krause_2022,recipe:olafsdottir_2017,network,0.284532,0.22614,0.340984,20,0.340832,0.290588,0.389945,20,0.284532,0.22614,0.340984,20,0.340832,0.290588,0.389945,20,20,0,0
recipe:krause_2022,recipe:olafsdottir_2017.trajectory,network,0.303221,0.237653,0.371483,20,0.311134,0.262042,0.357134,20,0.303221,0.237653,0.371483,20,0.311134,0.262042,0.357134,20,20,0,0
recipe:krause_2022,recipe:pfeiffer_2013,network,0.278464,0.216436,0.344592,20,0.265346,0.213863,0.315333,20,0.278464,0.216436,0.344592,20,0.265346,0.213863,0.315333,20,20,0,0
recipe:krause_2022,recipe:pfeiffer_2013_ripples,network,0.628425,0.595105,0.662349,20,0.729745,0.683383,0.772027,20,0.628425,0.595105,0.662349,20,0.729745,0.683383,0.772027,20,20,0,0
recipe:krause_2022,recipe:pfeiffer_2015,network,0.628345,0.595025,0.662193,20,0.729745,0.683383,0.772027,20,0.628345,0.595025,0.662193,20,0.729745,0.683383,0.772027,20,20,0,0
recipe:krause_2022,recipe:shin_2019,network,0.392028,0.352295,0.435807,20,0.465243,0.415594,0.514493,20,0.392028,0.352295,0.435807,20,0.465243,0.415594,0.514493,20,20,0,0
recipe:krause_2022,recipe:silva_2015,network,0.27818,0.203446,0.350841,20,0.263077,0.219376,0.304709,20,0.27818,0.203446,0.350841,20,0.263077,0.219376,0.304709,20,20,0,0
recipe:krause_2022,recipe:stella_2019,network,0.2804,0.220177,0.344936,20,0.385976,0.322889,0.446626,20,0.2804,0.220177,0.344936,20,0.385976,0.322889,0.446626,20,20,0,0
recipe:krause_2022,recipe:tang_2017,network,0.392028,0.352295,0.435807,20,0.465243,0.415594,0.514493,20,0.392028,0.352295,0.435807,20,0.465243,0.415594,0.514493,20,20,0,0
recipe:krause_2022,recipe:tirole_2022,network,0.174412,0.122641,0.224304,20,0.143255,0.102887,0.180616,20,0.174412,0.122641,0.224304,20,0.143255,0.102887,0.180616,20,20,0,0
recipe:krause_2022,recipe:widloski_2025,network,0.0654028,-0.00183861,0.130699,20,0.127033,0.0543236,0.198367,20,0.0654028,-0.00183861,0.130699,20,0.127033,0.0543236,0.198367,20,20,0,0
recipe:krause_2022,recipe:widloski_2025_bursts,network,0.0277594,-0.054536,0.104156,20,0.0254349,-0.0337299,0.0785349,20,0.0277594,-0.054536,0.104156,20,0.0254349,-0.0337299,0.0785349,20,20,0,0
recipe:krause_2022,recipe:wikenheiser_2013,network,0.133928,0.0865913,0.181698,20,0.171489,0.111605,0.227783,20,0.133928,0.0865913,0.181698,20,0.171489,0.111605,0.227783,20,20,0,0
recipe:krause_2022,recipe:wu_2014,network,0.412032,0.344419,0.47426,20,0.324717,0.276083,0.367265,20,0.412032,0.344419,0.47426,20,0.324717,0.276083,0.367265,20,20,0,0
recipe:krause_2022,recipe:wu_2017,network,0.207716,0.146852,0.265688,20,0.264063,0.199511,0.324632,20,0.207716,0.146852,0.265688,20,0.264063,0.199511,0.324632,20,20,0,0
recipe:krause_2022,recipe:xu_2019,network,0.259764,0.197503,0.321344,20,0.246065,0.205578,0.286166,20,0.259764,0.197503,0.321344,20,0.246065,0.205578,0.286166,20,20,0,0
recipe:krause_2022,recipe:yamamoto_2017,network,0.234469,0.170927,0.297641,20,0.335413,0.276335,0.398027,20,0.234469,0.170927,0.297641,20,0.335413,0.276335,0.398027,20,20,0,0
recipe:krause_2022,recipe:yang_2024,network,0.261723,0.184423,0.336843,20,0.24476,0.183371,0.304094,20,0.261723,0.184423,0.336843,20,0.24476,0.183371,0.304094,20,20,0,0
recipe:krause_2022_hse,recipe:kudrimoti_1999,network,0.16,-0.145455,0.433409,10,0.01,-0.4,0.4,10,0.16,-0.145455,0.433409,10,0.01,-0.4,0.4,10,20,0,0
recipe:krause_2022_hse,recipe:lee_2002,burst,0.180156,0.134277,0.220716,20,0.194931,0.148146,0.241663,20,0.191763,0.142459,0.236162,20,0.191719,0.143979,0.244505,20,20,0,0
recipe:krause_2022_hse,recipe:lee_2002_ripples,network,0.0601773,-0.0634059,0.194548,20,0.154357,0.0096901,0.295007,20,0.0601773,-0.0634059,0.194548,20,0.154357,0.0096901,0.295007,20,20,0,0
recipe:krause_2022_hse,recipe:liu_2019,burst,0.116034,0.0626201,0.163549,20,0.127534,0.0840461,0.167047,20,0.121451,0.0779064,0.160157,20,0.134863,0.0877541,0.179517,20,20,0,0
recipe:krause_2022_hse,recipe:liu_2019_awake,burst,0.116034,0.0626201,0.163549,20,0.127534,0.0840461,0.167047,20,0.121451,0.0779064,0.160157,20,0.134863,0.0877541,0.179517,20,20,0,0
recipe:krause_2022_hse,recipe:liu_2023,network,0.272404,0.206778,0.334677,20,0.339713,0.26563,0.408062,20,0.272404,0.206778,0.334677,20,0.339713,0.26563,0.408062,20,20,0,0
recipe:krause_2022_hse,recipe:maboudi_2018,burst,0.99439,0.989494,0.998132,20,0.998163,0.996066,0.99977,20,0.994046,0.989713,0.997799,20,0.998502,0.996954,0.999791,20,20,0,0
recipe:krause_2022_hse,recipe:maboudi_2018_open_field,burst,0.226563,0.175442,0.275841,20,0.318706,0.278491,0.356127,20,0.240248,0.191737,0.288473,20,0.33444,0.293141,0.372332,20,20,0,0
recipe:krause_2022_hse,recipe:mallory_2025,burst,0.258088,0.191572,0.325343,20,0.355072,0.314449,0.392371,20,0.271531,0.203345,0.336324,20,0.378185,0.33591,0.419482,20,20,0,0
recipe:krause_2022_hse,recipe:mallory_2025_ripples,network,0.0228481,-0.0486167,0.0956698,20,0.0413521,-0.00853047,0.0912771,20,0.0228481,-0.0486167,0.0956698,20,0.0413521,-0.00853047,0.0912771,20,20,0,0
recipe:krause_2022_hse,recipe:michon_2019,network,0.604384,0.558176,0.653714,20,0.583819,0.506263,0.661276,20,0.604384,0.558176,0.653714,20,0.583819,0.506263,0.661276,20,20,0,0
recipe:krause_2022_hse,recipe:michon_2021,network,0.604384,0.558176,0.653714,20,0.583819,0.506263,0.661276,20,0.604384,0.558176,0.653714,20,0.583819,0.506263,0.661276,20,20,0,0
recipe:krause_2022_hse,recipe:mou_2022,burst,0.815573,0.754171,0.874321,20,0.80441,0.737114,0.863924,20,0.817955,0.755778,0.878029,20,0.797778,0.731574,0.857812,20,20,0,0
recipe:krause_2022_hse,recipe:muessig_2019,network,0.274818,0.165866,0.380942,20,0.178877,0.0181236,0.327587,20,0.274818,0.165866,0.380942,20,0.178877,0.0181236,0.327587,20,20,0,0
recipe:krause_2022_hse,recipe:muessig_2019_ripples,network,0.0584288,-0.0048272,0.114024,20,0.0749109,0.0366786,0.112527,20,0.0584288,-0.0048272,0.114024,20,0.0749109,0.0366786,0.112527,20,20,0,0
recipe:krause_2022_hse,recipe:nadasdy_1999,network,0.0717937,0.00917155,0.145084,20,0.0815979,0.0158397,0.14982,20,0.0717937,0.00917155,0.145084,20,0.0815979,0.0158397,0.14982,20,20,0,0
recipe:krause_2022_hse,recipe:olafsdottir_2015,burst,0.160073,0.119673,0.200466,20,0.210707,0.160226,0.261748,20,0.182172,0.135763,0.223933,20,0.234325,0.180214,0.288974,20,20,0,0
recipe:krause_2022_hse,recipe:olafsdottir_2015.bayesian_candidates,burst,0.155169,0.101055,0.206218,20,0.208668,0.148417,0.268282,20,0.182599,0.120604,0.236773,20,0.231416,0.163995,0.296473,20,20,0,0
recipe:krause_2022_hse,recipe:olafsdottir_2016,burst,0.070351,0.00638724,0.1329,20,0.0769969,0.0148026,0.140325,20,0.121426,0.0515056,0.188989,20,0.0912607,0.0217372,0.163121,20,20,0,0
recipe:krause_2022_hse,recipe:olafsdottir_2017,burst,0.0595531,0.000139424,0.120848,20,0.126347,0.0683561,0.184435,20,0.0970249,0.0367406,0.157594,20,0.139278,0.0774738,0.203457,20,20,0,0
recipe:krause_2022_hse,recipe:olafsdottir_2017.trajectory,burst,0.070351,0.00638724,0.1329,20,0.0769969,0.0148026,0.140325,20,0.121426,0.0515056,0.188989,20,0.0912607,0.0217372,0.163121,20,20,0,0
recipe:krause_2022_hse,recipe:pfeiffer_2013,burst,0.226563,0.175442,0.275841,20,0.318706,0.278491,0.356127,20,0.240248,0.191737,0.288473,20,0.33444,0.293141,0.372332,20,20,0,0
recipe:krause_2022_hse,recipe:pfeiffer_2013_ripples,network,0.0208928,-0.0503713,0.095636,20,0.0511826,-0.00831795,0.108176,20,0.0208928,-0.0503713,0.095636,20,0.0511826,-0.00831795,0.108176,20,20,0,0
recipe:krause_2022_hse,recipe:pfeiffer_2015,network,0.0209649,-0.0503695,0.0957063,20,0.0511826,-0.00831795,0.108176,20,0.0209649,-0.0503695,0.0957063,20,0.0511826,-0.00831795,0.108176,20,20,0,0
recipe:krause_2022_hse,recipe:shin_2019,network,0.0520709,0.00523116,0.108015,20,0.0592908,0.00299318,0.114255,20,0.0520709,0.00523116,0.108015,20,0.0592908,0.00299318,0.114255,20,20,0,0
recipe:krause_2022_hse,recipe:silva_2015,burst,0.237926,0.172846,0.305326,20,0.301217,0.246925,0.351032,20,0.25846,0.19766,0.320072,20,0.329917,0.274714,0.380247,20,20,0,0
recipe:krause_2022_hse,recipe:stella_2019,network,0.0766539,0.0250995,0.13637,20,0.0784879,0.040761,0.119205,20,0.0766539,0.0250995,0.13637,20,0.0784879,0.040761,0.119205,20,20,0,0
recipe:krause_2022_hse,recipe:tang_2017,network,0.0520709,0.00523116,0.108015,20,0.0592908,0.00299318,0.114255,20,0.0520709,0.00523116,0.108015,20,0.0592908,0.00299318,0.114255,20,20,0,0
recipe:krause_2022_hse,recipe:tirole_2022,network,0.732131,0.690198,0.77161,20,0.715619,0.680942,0.750679,20,0.732131,0.690198,0.77161,20,0.715619,0.680942,0.750679,20,20,0,0
recipe:krause_2022_hse,recipe:widloski_2025,network,-0.0137106,-0.0806141,0.053908,20,0.0414259,-0.0219343,0.099994,20,-0.0137106,-0.0806141,0.053908,20,0.0414259,-0.0219343,0.099994,20,20,0,0
recipe:krause_2022_hse,recipe:widloski_2025_bursts,burst,0.253072,0.198255,0.312509,20,0.304144,0.23601,0.367857,20,0.229351,0.171361,0.291465,20,0.281622,0.214069,0.346487,20,20,0,0
recipe:krause_2022_hse,recipe:wikenheiser_2013,network,-0.00229196,-0.0610567,0.0553933,20,0.0201083,-0.0270418,0.0690023,20,-0.00229196,-0.0610567,0.0553933,20,0.0201083,-0.0270418,0.0690023,20,20,0,0
recipe:krause_2022_hse,recipe:wu_2014,burst,0.200043,0.148457,0.249117,20,0.269284,0.223754,0.312011,20,0.223669,0.178135,0.270516,20,0.287527,0.239782,0.329703,20,20,0,0
recipe:krause_2022_hse,recipe:wu_2017,burst,0.268253,0.200779,0.337317,20,0.17801,0.125228,0.236388,20,0.257482,0.19562,0.320438,20,0.166503,0.112551,0.227186,20,20,0,0
recipe:krause_2022_hse,recipe:xu_2019,burst,0.255262,0.197548,0.310703,20,0.340871,0.300701,0.381818,20,0.273133,0.220407,0.326174,20,0.363791,0.320902,0.408522,20,20,0,0
recipe:krause_2022_hse,recipe:yamamoto_2017,network,0.175998,0.117811,0.237034,20,0.123095,0.0607857,0.185948,20,0.175998,0.117811,0.237034,20,0.123095,0.0607857,0.185948,20,20,0,0
recipe:krause_2022_hse,recipe:yang_2024,network,0.309058,0.24747,0.362827,20,0.383843,0.337426,0.4319,20,0.309058,0.24747,0.362827,20,0.383843,0.337426,0.4319,20,20,0,0
recipe:kudrimoti_1999,recipe:lee_2002,network,0.06,-0.385794,0.5,10,0.02,-0.4,0.41,10,0.06,-0.385794,0.5,10,0.02,-0.4,0.41,10,20,0,0
recipe:kudrimoti_1999,recipe:lee_2002_ripples,ripple,0.3,-0.5,1,5,0.5,-0.0714286,1,5,0.64,0.35,1,5,0.7,0,1,5,20,0,0
recipe:kudrimoti_1999,recipe:liu_2019,network,0.366667,0.2,0.5,3,-0.333333,-1,0.4,3,0.366667,0.2,0.5,3,-0.333333,-1,0.4,3,20,0,0
recipe:kudrimoti_1999,recipe:liu_2019_awake,network,0.366667,0.2,0.5,3,-0.333333,-1,0.4,3,0.366667,0.2,0.5,3,-0.333333,-1,0.4,3,20,0,0
recipe:kudrimoti_1999,recipe:liu_2023,network,0.775,0.5,0.95,4,0.375,0,0.875,4,0.775,0.5,0.95,4,0.375,0,0.875,4,20,0,0
recipe:kudrimoti_1999,recipe:maboudi_2018,network,0.18,-0.130909,0.466667,10,0.01,-0.4,0.4,10,0.18,-0.130909,0.466667,10,0.01,-0.4,0.4,10,20,0,0
recipe:kudrimoti_1999,recipe:maboudi_2018_open_field,network,0.425,0.1,0.7,8,0.0875,-0.475,0.583452,8,0.425,0.1,0.7,8,0.0875,-0.475,0.583452,8,20,0,0
recipe:kudrimoti_1999,recipe:mallory_2025,network,0.322222,-0.150179,0.677833,9,-0.0666667,-0.533333,0.400208,9,0.322222,-0.150179,0.677833,9,-0.0666667,-0.533333,0.400208,9,20,0,0
recipe:kudrimoti_1999,recipe:mallory_2025_ripples,ripple,0.33,-0.142857,0.745568,10,0.15,-0.19025,0.544444,10,0.445455,-0.0300192,0.863636,11,0.281818,-0.0555556,0.6,11,20,0,0
recipe:kudrimoti_1999,recipe:michon_2019,network,0.24,-0.227273,0.636455,10,0.09,-0.31,0.5,10,0.24,-0.227273,0.636455,10,0.09,-0.31,0.5,10,20,0,0
recipe:kudrimoti_1999,recipe:michon_2021,network,0.24,-0.227273,0.636455,10,0.09,-0.31,0.5,10,0.24,-0.227273,0.636455,10,0.09,-0.31,0.5,10,20,0,0
recipe:kudrimoti_1999,recipe:mou_2022,network,0.0888889,-0.3,0.466667,9,-0.0444444,-0.488889,0.375,9,0.0888889,-0.3,0.466667,9,-0.0444444,-0.488889,0.375,9,20,0,0
recipe:kudrimoti_1999,recipe:muessig_2019,network,,,,0,,,,0,,,,0,,,,0,20,0,0
recipe:kudrimoti_1999,recipe:muessig_2019_ripples,ripple,0.363636,-0.1,0.75,11,0.672727,0.354545,0.890928,11,0.427273,0.11,0.707708,11,0.627273,0.34539,0.853864,11,20,0,0
recipe:kudrimoti_1999,recipe:nadasdy_1999,ripple,0.54,0.329932,0.733333,10,0.3,-0.177778,0.710028,10,0.154545,-0.3,0.577778,11,0.318182,-0.136392,0.7,11,20,0,0
recipe:kudrimoti_1999,recipe:olafsdottir_2015,network,0.514286,0.0995833,0.811111,7,0.157143,-0.187812,0.475,7,0.514286,0.0995833,0.811111,7,0.157143,-0.187812,0.475,7,20,0,0
recipe:kudrimoti_1999,recipe:olafsdottir_2015.bayesian_candidates,network,0.72,0.5,0.933333,5,0.02,-0.5,0.45,5,0.72,0.5,0.933333,5,0.02,-0.5,0.45,5,20,0,0
recipe:kudrimoti_1999,recipe:olafsdottir_2016,network,0.15,-0.5,0.680429,6,0.616667,0.45,0.811349,6,0.15,-0.5,0.680429,6,0.616667,0.45,0.811349,6,20,0,0
recipe:kudrimoti_1999,recipe:olafsdottir_2017,network,0.144444,-0.400227,0.628571,9,0.444444,0,0.754682,9,0.144444,-0.400227,0.628571,9,0.444444,0,0.754682,9,20,0,0
recipe:kudrimoti_1999,recipe:olafsdottir_2017.trajectory,network,0.15,-0.5,0.680429,6,0.616667,0.45,0.811349,6,0.15,-0.5,0.680429,6,0.616667,0.45,0.811349,6,20,0,0
recipe:kudrimoti_1999,recipe:pfeiffer_2013,network,0.425,0.1,0.7,8,0.0875,-0.475,0.583452,8,0.425,0.1,0.7,8,0.0875,-0.475,0.583452,8,20,0,0
recipe:kudrimoti_1999,recipe:pfeiffer_2013_ripples,ripple,0.42,0.0249306,0.766667,10,0.14,-0.318227,0.557143,10,0.2,-0.186667,0.569286,11,0.481818,0.238409,0.66,11,20,0,0
recipe:kudrimoti_1999,recipe:pfeiffer_2015,ripple,0.42,0.0249306,0.766667,10,0.14,-0.318227,0.557143,10,0.2,-0.186667,0.569286,11,0.481818,0.238409,0.66,11,20,0,0
recipe:kudrimoti_1999,recipe:shin_2019,ripple,0.209091,-0.0909091,0.5,11,0.0454545,-0.32869,0.408333,11,0.145455,-0.2,0.5,11,0.436364,0.130714,0.7,11,20,0,0
recipe:kudrimoti_1999,recipe:silva_2015,network,0.483333,0.025,0.816917,6,0.3,-0.1,0.7,6,0.483333,0.025,0.816917,6,0.3,-0.1,0.7,6,20,0,0
recipe:kudrimoti_1999,recipe:stella_2019,ripple,0.34,-0.0889167,0.66,10,0.53,0.05,0.910062,10,0.3,-0.1,0.670036,11,0.136364,-0.333333,0.541696,11,20,0,0
recipe:kudrimoti_1999,recipe:tang_2017,ripple,0.209091,-0.0909091,0.5,11,0.0454545,-0.32869,0.408333,11,0.145455,-0.2,0.5,11,0.436364,0.130714,0.7,11,20,0,0
recipe:kudrimoti_1999,recipe:tirole_2022,network,0.175,-0.333333,0.583472,8,0.025,-0.514345,0.6,8,0.175,-0.333333,0.583472,8,0.025,-0.514345,0.6,8,20,0,0
recipe:kudrimoti_1999,recipe:widloski_2025,ripple,0.322222,-0.2,0.800278,9,0.311111,-0.15,0.75,9,-0.377778,-0.7375,0.0286071,9,0.133333,-0.4125,0.65,9,20,0,0
recipe:kudrimoti_1999,recipe:widloski_2025_bursts,network,-0.14,-1,0.45,5,0.28,-0.433333,0.9,5,-0.14,-1,0.45,5,0.28,-0.433333,0.9,5,20,0,0
recipe:kudrimoti_1999,recipe:wikenheiser_2013,ripple,-0.118182,-0.53,0.309114,11,-0.136364,-0.6,0.35,11,0.0363636,-0.372784,0.441667,11,0.163636,-0.3,0.6,11,20,0,0
recipe:kudrimoti_1999,recipe:wu_2014,network,0.354545,-0.0231667,0.670036,11,0.127273,-0.133333,0.377833,11,0.354545,-0.0231667,0.670036,11,0.127273,-0.133333,0.377833,11,20,0,0
recipe:kudrimoti_1999,recipe:wu_2017,network,0.12,-0.5,1,5,-0.08,-0.8075,0.690312,5,0.12,-0.5,1,5,-0.08,-0.8075,0.690312,5,20,0,0
recipe:kudrimoti_1999,recipe:xu_2019,network,0.175,-0.357143,0.65,8,0.1875,-0.228571,0.583333,8,0.175,-0.357143,0.65,8,0.1875,-0.228571,0.583333,8,20,0,0
recipe:kudrimoti_1999,recipe:yamamoto_2017,network,0.47,0.0888889,0.78,10,0.59,0.2875,0.833333,10,0.47,0.0888889,0.78,10,0.59,0.2875,0.833333,10,20,0,0
recipe:kudrimoti_1999,recipe:yang_2024,network,0.175,-0.357143,0.65,8,0.1875,-0.228571,0.583333,8,0.175,-0.357143,0.65,8,0.1875,-0.228571,0.583333,8,20,0,0
recipe:lee_2002,recipe:lee_2002_ripples,network,0.0128954,-0.191443,0.214433,20,0.119595,-0.0427933,0.287894,20,0.0128954,-0.191443,0.214433,20,0.119595,-0.0427933,0.287894,20,20,0,0
recipe:lee_2002,recipe:liu_2019,burst,0.497558,0.459606,0.536012,20,0.490349,0.446757,0.532239,20,0.493222,0.452565,0.533618,20,0.495898,0.453783,0.537574,20,20,0,0
recipe:lee_2002,recipe:liu_2019_awake,burst,0.497558,0.459606,0.536012,20,0.490349,0.446757,0.532239,20,0.493222,0.452565,0.533618,20,0.495898,0.453783,0.537574,20,20,0,0
recipe:lee_2002,recipe:liu_2023,network,0.265742,0.213124,0.324493,20,0.259693,0.194316,0.319881,20,0.265742,0.213124,0.324493,20,0.259693,0.194316,0.319881,20,20,0,0
recipe:lee_2002,recipe:maboudi_2018,burst,0.166716,0.115559,0.211547,20,0.188108,0.141643,0.232863,20,0.181434,0.129074,0.229239,20,0.184437,0.13624,0.233609,20,20,0,0
recipe:lee_2002,recipe:maboudi_2018_open_field,burst,0.173853,0.113414,0.218662,20,0.234307,0.169179,0.292768,20,0.198019,0.146447,0.240727,20,0.23383,0.174089,0.291814,20,20,0,0
recipe:lee_2002,recipe:mallory_2025,burst,0.253411,0.206275,0.300642,20,0.311593,0.257456,0.359958,20,0.275453,0.230881,0.321767,20,0.309556,0.258458,0.354828,20,20,0,0
recipe:lee_2002,recipe:mallory_2025_ripples,network,0.0159989,-0.0240164,0.0534896,20,-0.0186764,-0.0635114,0.0313145,20,0.0159989,-0.0240164,0.0534896,20,-0.0186764,-0.0635114,0.0313145,20,20,0,0
recipe:lee_2002,recipe:michon_2019,network,0.131028,0.0640341,0.201258,20,0.116285,0.0393683,0.193361,20,0.131028,0.0640341,0.201258,20,0.116285,0.0393683,0.193361,20,20,0,0
recipe:lee_2002,recipe:michon_2021,network,0.131028,0.0640341,0.201258,20,0.116285,0.0393683,0.193361,20,0.131028,0.0640341,0.201258,20,0.116285,0.0393683,0.193361,20,20,0,0
recipe:lee_2002,recipe:mou_2022,burst,0.198297,0.150766,0.244466,20,0.187017,0.146328,0.230764,20,0.205976,0.161685,0.247645,20,0.184673,0.141869,0.230514,20,20,0,0
recipe:lee_2002,recipe:muessig_2019,network,0.146736,0.00535154,0.285429,20,0.0736859,-0.0857302,0.231818,20,0.146736,0.00535154,0.285429,20,0.0736859,-0.0857302,0.231818,20,20,0,0
recipe:lee_2002,recipe:muessig_2019_ripples,network,0.0586742,4.4544e-05,0.118629,20,-0.00284697,-0.0585255,0.0556983,20,0.0586742,4.4544e-05,0.118629,20,-0.00284697,-0.0585255,0.0556983,20,20,0,0
recipe:lee_2002,recipe:nadasdy_1999,network,0.0147533,-0.056184,0.085156,20,0.0113843,-0.0642083,0.0837945,20,0.0147533,-0.056184,0.085156,20,0.0113843,-0.0642083,0.0837945,20,20,0,0
recipe:lee_2002,recipe:olafsdottir_2015,burst,0.367899,0.3207,0.41426,20,0.424414,0.367411,0.475123,20,0.383282,0.338376,0.426862,20,0.412786,0.353831,0.463746,20,20,0,0
recipe:lee_2002,recipe:olafsdottir_2015.bayesian_candidates,burst,0.375427,0.325311,0.426352,20,0.415511,0.355123,0.472489,20,0.390229,0.341526,0.437719,20,0.406315,0.342964,0.464079,20,20,0,0
recipe:lee_2002,recipe:olafsdottir_2016,burst,0.137635,0.102408,0.174777,20,0.100611,0.0628618,0.137061,20,0.161129,0.123059,0.20102,20,0.0952335,0.0489445,0.142235,20,20,0,0
recipe:lee_2002,recipe:olafsdottir_2017,burst,0.100555,0.0697284,0.129759,20,0.0966223,0.0638554,0.128444,20,0.132464,0.0984619,0.167482,20,0.099677,0.0639181,0.13645,20,20,0,0
recipe:lee_2002,recipe:olafsdottir_2017.trajectory,burst,0.137635,0.102408,0.174777,20,0.100611,0.0628618,0.137061,20,0.161129,0.123059,0.20102,20,0.0952335,0.0489445,0.142235,20,20,0,0
recipe:lee_2002,recipe:pfeiffer_2013,burst,0.173853,0.113414,0.218662,20,0.234307,0.169179,0.292768,20,0.198019,0.146447,0.240727,20,0.23383,0.174089,0.291814,20,20,0,0
recipe:lee_2002,recipe:pfeiffer_2013_ripples,network,0.0170107,-0.0280194,0.0655623,20,-0.0350953,-0.0819492,0.0135999,20,0.0170107,-0.0280194,0.0655623,20,-0.0350953,-0.0819492,0.0135999,20,20,0,0
recipe:lee_2002,recipe:pfeiffer_2015,network,0.0170069,-0.0280273,0.0655621,20,-0.0350953,-0.0819492,0.0135999,20,0.0170069,-0.0280273,0.0655621,20,-0.0350953,-0.0819492,0.0135999,20,20,0,0
recipe:lee_2002,recipe:shin_2019,network,0.00491599,-0.0470175,0.0481585,20,-0.00110959,-0.0625749,0.054368,20,0.00491599,-0.0470175,0.0481585,20,-0.00110959,-0.0625749,0.054368,20,20,0,0
recipe:lee_2002,recipe:silva_2015,burst,0.206488,0.152897,0.255794,20,0.248814,0.187346,0.30649,20,0.234066,0.187364,0.287803,20,0.249402,0.190336,0.303233,20,20,0,0
recipe:lee_2002,recipe:stella_2019,network,0.040611,-0.0319979,0.109819,20,0.00871953,-0.0529914,0.0684185,20,0.040611,-0.0319979,0.109819,20,0.00871953,-0.0529914,0.0684185,20,20,0,0
recipe:lee_2002,recipe:tang_2017,network,0.00491599,-0.0470175,0.0481585,20,-0.00110959,-0.0625749,0.054368,20,0.00491599,-0.0470175,0.0481585,20,-0.00110959,-0.0625749,0.054368,20,20,0,0
recipe:lee_2002,recipe:tirole_2022,network,0.162383,0.100753,0.219403,20,0.159467,0.0923744,0.229456,20,0.162383,0.100753,0.219403,20,0.159467,0.0923744,0.229456,20,20,0,0
recipe:lee_2002,recipe:widloski_2025,network,-0.0568158,-0.112375,-0.00696732,20,-0.0662331,-0.119145,-0.0142138,20,-0.0568158,-0.112375,-0.00696732,20,-0.0662331,-0.119145,-0.0142138,20,20,0,0
recipe:lee_2002,recipe:widloski_2025_bursts,burst,0.0896508,0.0349372,0.144123,20,0.124915,0.0648877,0.179176,20,0.090472,0.0341672,0.146013,20,0.126458,0.0699435,0.178312,20,20,0,0
recipe:lee_2002,recipe:wikenheiser_2013,network,-0.0289226,-0.0779961,0.0176849,20,0.00178879,-0.0502912,0.0551614,20,-0.0289226,-0.0779961,0.0176849,20,0.00178879,-0.0502912,0.0551614,20,20,0,0
recipe:lee_2002,recipe:wu_2014,burst,0.414645,0.367975,0.463383,20,0.495711,0.447924,0.541165,20,0.415717,0.372756,0.461867,20,0.483609,0.436139,0.528947,20,20,0,0
recipe:lee_2002,recipe:wu_2017,burst,0.0857841,0.0224659,0.153175,20,0.0443437,-0.0229824,0.116566,20,0.109487,0.0495518,0.174332,20,0.0487369,-0.0141844,0.113445,20,20,0,0
recipe:lee_2002,recipe:xu_2019,burst,0.298972,0.251096,0.348587,20,0.377123,0.319829,0.429572,20,0.314309,0.262604,0.365673,20,0.37839,0.324817,0.430391,20,20,0,0
recipe:lee_2002,recipe:yamamoto_2017,network,0.0905745,0.0406104,0.14056,20,0.0576087,-0.00661388,0.124273,20,0.0905745,0.0406104,0.14056,20,0.0576087,-0.00661388,0.124273,20,20,0,0
recipe:lee_2002,recipe:yang_2024,network,0.328541,0.279551,0.376474,20,0.351235,0.308016,0.39563,20,0.328541,0.279551,0.376474,20,0.351235,0.308016,0.39563,20,20,0,0
recipe:lee_2002_ripples,recipe:liu_2019,network,0.258603,0.0715963,0.442101,20,0.01834,-0.180271,0.215211,20,0.258603,0.0715963,0.442101,20,0.01834,-0.180271,0.215211,20,20,0,0
recipe:lee_2002_ripples,recipe:liu_2019_awake,network,0.258603,0.0715963,0.442101,20,0.01834,-0.180271,0.215211,20,0.258603,0.0715963,0.442101,20,0.01834,-0.180271,0.215211,20,20,0,0
recipe:lee_2002_ripples,recipe:liu_2023,network,0.235735,0.038569,0.418409,20,0.280773,0.121664,0.42335,20,0.235735,0.038569,0.418409,20,0.280773,0.121664,0.42335,20,20,0,0
recipe:lee_2002_ripples,recipe:maboudi_2018,network,0.0282076,-0.108824,0.166136,20,0.154357,0.0096901,0.295007,20,0.0282076,-0.108824,0.166136,20,0.154357,0.0096901,0.295007,20,20,0,0
recipe:lee_2002_ripples,recipe:maboudi_2018_open_field,network,0.27641,0.109585,0.444758,20,0.181698,0.0293019,0.326549,20,0.27641,0.109585,0.444758,20,0.181698,0.0293019,0.326549,20,20,0,0
recipe:lee_2002_ripples,recipe:mallory_2025,network,0.201959,0.0448988,0.364357,20,0.0485564,-0.11102,0.201473,20,0.201959,0.0448988,0.364357,20,0.0485564,-0.11102,0.201473,20,20,0,0
recipe:lee_2002_ripples,recipe:mallory_2025_ripples,ripple,0.0913511,-0.0728556,0.265397,20,0.36323,0.185886,0.532204,20,0.226936,0.044711,0.38459,20,0.43643,0.282472,0.582709,20,20,0,0
recipe:lee_2002_ripples,recipe:michon_2019,network,0.143222,-0.0444251,0.342462,20,0.165584,-0.0261328,0.357985,20,0.143222,-0.0444251,0.342462,20,0.165584,-0.0261328,0.357985,20,20,0,0
recipe:lee_2002_ripples,recipe:michon_2021,network,0.143222,-0.0444251,0.342462,20,0.165584,-0.0261328,0.357985,20,0.143222,-0.0444251,0.342462,20,0.165584,-0.0261328,0.357985,20,20,0,0
recipe:lee_2002_ripples,recipe:mou_2022,network,-0.100893,-0.274147,0.0789359,20,0.0636722,-0.105725,0.223889,20,-0.100893,-0.274147,0.0789359,20,0.0636722,-0.105725,0.223889,20,20,0,0
recipe:lee_2002_ripples,recipe:muessig_2019,network,0.48,-0.0809167,0.880917,5,0.4,-0.1,0.8,5,0.48,-0.0809167,0.880917,5,0.4,-0.1,0.8,5,20,0,0
recipe:lee_2002_ripples,recipe:muessig_2019_ripples,ripple,0.469606,0.329658,0.607157,20,0.663768,0.538993,0.759595,20,0.516074,0.381302,0.651801,20,0.753302,0.678732,0.827769,20,20,0,0
recipe:lee_2002_ripples,recipe:nadasdy_1999,ripple,0.268426,0.0772594,0.452543,20,0.557542,0.423981,0.677984,20,0.541662,0.383877,0.677533,20,0.659251,0.526698,0.773282,20,20,0,0
recipe:lee_2002_ripples,recipe:olafsdottir_2015,network,0.299819,0.120132,0.46554,20,0.245301,0.0517055,0.437665,20,0.299819,0.120132,0.46554,20,0.245301,0.0517055,0.437665,20,20,0,0
recipe:lee_2002_ripples,recipe:olafsdottir_2015.bayesian_candidates,network,0.29041,0.116496,0.445417,19,0.148813,-0.0520293,0.357277,19,0.29041,0.116496,0.445417,19,0.148813,-0.0520293,0.357277,19,20,0,0
recipe:lee_2002_ripples,recipe:olafsdottir_2016,network,0.23118,-0.000878617,0.434184,19,0.269013,0.0908988,0.442364,19,0.23118,-0.000878617,0.434184,19,0.269013,0.0908988,0.442364,19,20,0,0
recipe:lee_2002_ripples,recipe:olafsdottir_2017,network,0.212398,0.00198416,0.409503,20,0.332058,0.169317,0.486066,20,0.212398,0.00198416,0.409503,20,0.332058,0.169317,0.486066,20,20,0,0
recipe:lee_2002_ripples,recipe:olafsdottir_2017.trajectory,network,0.23118,-0.000878617,0.434184,19,0.269013,0.0908988,0.442364,19,0.23118,-0.000878617,0.434184,19,0.269013,0.0908988,0.442364,19,20,0,0
recipe:lee_2002_ripples,recipe:pfeiffer_2013,network,0.27641,0.109585,0.444758,20,0.181698,0.0293019,0.326549,20,0.27641,0.109585,0.444758,20,0.181698,0.0293019,0.326549,20,20,0,0
recipe:lee_2002_ripples,recipe:pfeiffer_2013_ripples,ripple,0.0817516,-0.0826537,0.246823,20,0.263128,0.0994353,0.402958,20,0.281758,0.127014,0.430017,20,0.351772,0.190994,0.509567,20,20,0,0
recipe:lee_2002_ripples,recipe:pfeiffer_2015,ripple,0.0817516,-0.0826537,0.246823,20,0.263128,0.0994353,0.402958,20,0.281758,0.127014,0.430017,20,0.351772,0.190994,0.509567,20,20,0,0
recipe:lee_2002_ripples,recipe:shin_2019,ripple,0.153031,-0.0416753,0.338695,20,0.25042,0.078033,0.410944,20,0.467162,0.350391,0.587208,20,0.460163,0.317003,0.595192,20,20,0,0
recipe:lee_2002_ripples,recipe:silva_2015,network,0.344088,0.20508,0.482699,20,0.178835,0.026472,0.312444,20,0.344088,0.20508,0.482699,20,0.178835,0.026472,0.312444,20,20,0,0
recipe:lee_2002_ripples,recipe:stella_2019,ripple,0.504251,0.296848,0.67498,20,0.605102,0.470708,0.722182,20,0.668732,0.534201,0.794176,20,0.712846,0.566498,0.834408,20,20,0,0
recipe:lee_2002_ripples,recipe:tang_2017,ripple,0.153031,-0.0416753,0.338695,20,0.25042,0.078033,0.410944,20,0.467162,0.350391,0.587208,20,0.460163,0.317003,0.595192,20,20,0,0
recipe:lee_2002_ripples,recipe:tirole_2022,network,0.0535265,-0.130003,0.234697,20,0.174292,0.00894913,0.350841,20,0.0535265,-0.130003,0.234697,20,0.174292,0.00894913,0.350841,20,20,0,0
recipe:lee_2002_ripples,recipe:widloski_2025,ripple,-0.0665659,-0.256802,0.124187,20,0.234279,0.0837879,0.40148,20,0.0507293,-0.0966608,0.198252,20,0.313929,0.181317,0.449194,20,20,0,0
recipe:lee_2002_ripples,recipe:widloski_2025_bursts,network,-0.0861472,-0.276245,0.100995,20,0.00886364,-0.165141,0.192583,20,-0.0861472,-0.276245,0.100995,20,0.00886364,-0.165141,0.192583,20,20,0,0
recipe:lee_2002_ripples,recipe:wikenheiser_2013,ripple,0.0712479,-0.128161,0.273057,20,0.0617974,-0.118606,0.238715,20,0.210726,0.0343921,0.396321,20,0.125773,-0.0167315,0.268383,20,20,0,0
recipe:lee_2002_ripples,recipe:wu_2014,network,0.278492,0.125168,0.42731,20,0.203188,0.0163204,0.389108,20,0.278492,0.125168,0.42731,20,0.203188,0.0163204,0.389108,20,20,0,0
recipe:lee_2002_ripples,recipe:wu_2017,network,0.248704,0.0696429,0.412524,20,0.442527,0.228818,0.629176,20,0.248704,0.0696429,0.412524,20,0.442527,0.228818,0.629176,20,20,0,0
recipe:lee_2002_ripples,recipe:xu_2019,network,0.198859,0.0480462,0.345444,20,0.00543124,-0.164899,0.168253,20,0.198859,0.0480462,0.345444,20,0.00543124,-0.164899,0.168253,20,20,0,0
recipe:lee_2002_ripples,recipe:yamamoto_2017,network,0.444037,0.279078,0.597698,20,0.511327,0.350787,0.662246,20,0.444037,0.279078,0.597698,20,0.511327,0.350787,0.662246,20,20,0,0
recipe:lee_2002_ripples,recipe:yang_2024,network,0.182969,0.0254714,0.334857,20,0.0833167,-0.0937483,0.254166,20,0.182969,0.0254714,0.334857,20,0.0833167,-0.0937483,0.254166,20,20,0,0
recipe:liu_2019,recipe:liu_2019_awake,burst,1,1,1,20,1,1,1,20,1,1,1,20,1,1,1,20,20,0,0
recipe:liu_2019,recipe:liu_2023,network,0.172088,0.0864833,0.253846,20,0.220202,0.162327,0.27668,20,0.172088,0.0864833,0.253846,20,0.220202,0.162327,0.27668,20,20,0,0
recipe:liu_2019,recipe:maboudi_2018,burst,0.112439,0.0562105,0.159053,20,0.135448,0.0893933,0.175983,20,0.117577,0.0709894,0.157694,20,0.141174,0.0923819,0.18479,20,20,0,0
recipe:liu_2019,recipe:maboudi_2018_open_field,burst,0.0866138,0.0251977,0.148568,20,0.170935,0.115605,0.222915,20,0.102974,0.0329835,0.174108,20,0.173859,0.116526,0.22599,20,20,0,0
recipe:liu_2019,recipe:mallory_2025,burst,0.163944,0.111668,0.21957,20,0.251263,0.208641,0.295173,20,0.181314,0.124081,0.240002,20,0.252769,0.206812,0.29876,20,20,0,0
recipe:liu_2019,recipe:mallory_2025_ripples,network,0.0316986,-0.0337688,0.0953794,20,0.00199452,-0.0456041,0.0532605,20,0.0316986,-0.0337688,0.0953794,20,0.00199452,-0.0456041,0.0532605,20,20,0,0
recipe:liu_2019,recipe:michon_2019,network,0.0993284,-0.0111476,0.211461,20,0.101855,0.0244369,0.164973,20,0.0993284,-0.0111476,0.211461,20,0.101855,0.0244369,0.164973,20,20,0,0
recipe:liu_2019,recipe:michon_2021,network,0.0993284,-0.0111476,0.211461,20,0.101855,0.0244369,0.164973,20,0.0993284,-0.0111476,0.211461,20,0.101855,0.0244369,0.164973,20,20,0,0
recipe:liu_2019,recipe:mou_2022,burst,0.153382,0.101805,0.203934,20,0.153141,0.101955,0.200946,20,0.155891,0.108463,0.203585,20,0.165298,0.112053,0.213092,20,20,0,0
recipe:liu_2019,recipe:muessig_2019,network,0.0545771,-0.0937203,0.189236,20,-0.000982351,-0.153622,0.161795,20,0.0545771,-0.0937203,0.189236,20,-0.000982351,-0.153622,0.161795,20,20,0,0
recipe:liu_2019,recipe:muessig_2019_ripples,network,0.0520195,-0.00897504,0.108404,20,0.0684172,0.0132546,0.125174,20,0.0520195,-0.00897504,0.108404,20,0.0684172,0.0132546,0.125174,20,20,0,0
recipe:liu_2019,recipe:nadasdy_1999,network,0.070155,-0.00148113,0.143841,20,0.0476624,-0.0180098,0.11474,20,0.070155,-0.00148113,0.143841,20,0.0476624,-0.0180098,0.11474,20,20,0,0
recipe:liu_2019,recipe:olafsdottir_2015,burst,0.121346,0.0888275,0.158608,20,0.154952,0.0923023,0.216616,20,0.13448,0.0937425,0.173498,20,0.164561,0.101801,0.226683,20,20,0,0
recipe:liu_2019,recipe:olafsdottir_2015.bayesian_candidates,burst,0.135284,0.097331,0.177323,20,0.148977,0.0807666,0.214572,20,0.150806,0.10513,0.195943,20,0.164356,0.0942545,0.234387,20,20,0,0
recipe:liu_2019,recipe:olafsdottir_2016,burst,0.0165751,-0.0421967,0.0740824,20,0.035883,-0.0421682,0.109109,20,0.0453308,-0.0193541,0.1106,20,0.0494626,-0.030674,0.12234,20,20,0,0
recipe:liu_2019,recipe:olafsdottir_2017,burst,0.020563,-0.0304549,0.0739904,20,0.0667084,0.00247079,0.129251,20,0.0521649,-0.00527447,0.109556,20,0.0831343,0.0155707,0.145143,20,20,0,0
recipe:liu_2019,recipe:olafsdottir_2017.trajectory,burst,0.0165751,-0.0421967,0.0740824,20,0.035883,-0.0421682,0.109109,20,0.0453308,-0.0193541,0.1106,20,0.0494626,-0.030674,0.12234,20,20,0,0
recipe:liu_2019,recipe:pfeiffer_2013,burst,0.0866138,0.0251977,0.148568,20,0.170935,0.115605,0.222915,20,0.102974,0.0329835,0.174108,20,0.173859,0.116526,0.22599,20,20,0,0
recipe:liu_2019,recipe:pfeiffer_2013_ripples,network,0.0150703,-0.0370575,0.0702529,20,0.00709344,-0.0463692,0.0592073,20,0.0150703,-0.0370575,0.0702529,20,0.00709344,-0.0463692,0.0592073,20,20,0,0
recipe:liu_2019,recipe:pfeiffer_2015,network,0.0151019,-0.0369948,0.0702529,20,0.00709344,-0.0463692,0.0592073,20,0.0151019,-0.0369948,0.0702529,20,0.00709344,-0.0463692,0.0592073,20,20,0,0
recipe:liu_2019,recipe:shin_2019,network,-0.00659758,-0.0613851,0.0478787,20,0.0628989,-0.000908062,0.125175,20,-0.00659758,-0.0613851,0.0478787,20,0.0628989,-0.000908062,0.125175,20,20,0,0
recipe:liu_2019,recipe:silva_2015,burst,0.130542,0.0649345,0.198559,20,0.203167,0.148706,0.257939,20,0.154673,0.0783298,0.229043,20,0.211222,0.157163,0.263764,20,20,0,0
recipe:liu_2019,recipe:stella_2019,network,0.0525128,-0.0246376,0.126126,20,0.0686239,-0.0031499,0.141998,20,0.0525128,-0.0246376,0.126126,20,0.0686239,-0.0031499,0.141998,20,20,0,0
recipe:liu_2019,recipe:tang_2017,network,-0.00659758,-0.0613851,0.0478787,20,0.0628989,-0.000908062,0.125175,20,-0.00659758,-0.0613851,0.0478787,20,0.0628989,-0.000908062,0.125175,20,20,0,0
recipe:liu_2019,recipe:tirole_2022,network,0.0912166,0.0227331,0.153495,20,0.127687,0.066946,0.189556,20,0.0912166,0.0227331,0.153495,20,0.127687,0.066946,0.189556,20,20,0,0
recipe:liu_2019,recipe:widloski_2025,network,0.00730635,-0.0652639,0.0700432,20,0.0514984,0.00387642,0.10224,20,0.00730635,-0.0652639,0.0700432,20,0.0514984,0.00387642,0.10224,20,20,0,0
recipe:liu_2019,recipe:widloski_2025_bursts,burst,0.188566,0.120663,0.254018,20,0.182244,0.113159,0.251111,20,0.181725,0.110196,0.249136,20,0.180902,0.116729,0.2444,20,20,0,0
recipe:liu_2019,recipe:wikenheiser_2013,network,0.0137057,-0.0249644,0.0543033,20,0.0585728,0.0119831,0.104696,20,0.0137057,-0.0249644,0.0543033,20,0.0585728,0.0119831,0.104696,20,20,0,0
recipe:liu_2019,recipe:wu_2014,burst,0.130994,0.0857978,0.177141,20,0.214466,0.152595,0.273957,20,0.148789,0.10229,0.197591,20,0.214629,0.153583,0.271691,20,20,0,0
recipe:liu_2019,recipe:wu_2017,burst,0.0329628,-0.0329587,0.098358,20,0.0526958,-0.0020584,0.108156,20,0.0865292,0.0381299,0.137339,20,0.0527582,-0.000756244,0.106494,20,20,0,0
recipe:liu_2019,recipe:xu_2019,burst,0.191891,0.139946,0.241429,20,0.301569,0.251115,0.350546,20,0.192069,0.135641,0.245996,20,0.302344,0.248591,0.354569,20,20,0,0
recipe:liu_2019,recipe:yamamoto_2017,network,0.0941811,0.0489743,0.137111,20,0.0781207,0.0176868,0.133179,20,0.0941811,0.0489743,0.137111,20,0.0781207,0.0176868,0.133179,20,20,0,0
recipe:liu_2019,recipe:yang_2024,network,0.189889,0.114065,0.258551,20,0.296528,0.22526,0.358338,20,0.189889,0.114065,0.258551,20,0.296528,0.22526,0.358338,20,20,0,0
recipe:liu_2019_awake,recipe:liu_2023,network,0.172088,0.0864833,0.253846,20,0.220202,0.162327,0.27668,20,0.172088,0.0864833,0.253846,20,0.220202,0.162327,0.27668,20,20,0,0
recipe:liu_2019_awake,recipe:maboudi_2018,burst,0.112439,0.0562105,0.159053,20,0.135448,0.0893933,0.175983,20,0.117577,0.0709894,0.157694,20,0.141174,0.0923819,0.18479,20,20,0,0
recipe:liu_2019_awake,recipe:maboudi_2018_open_field,burst,0.0866138,0.0251977,0.148568,20,0.170935,0.115605,0.222915,20,0.102974,0.0329835,0.174108,20,0.173859,0.116526,0.22599,20,20,0,0
recipe:liu_2019_awake,recipe:mallory_2025,burst,0.163944,0.111668,0.21957,20,0.251263,0.208641,0.295173,20,0.181314,0.124081,0.240002,20,0.252769,0.206812,0.29876,20,20,0,0
recipe:liu_2019_awake,recipe:mallory_2025_ripples,network,0.0316986,-0.0337688,0.0953794,20,0.00199452,-0.0456041,0.0532605,20,0.0316986,-0.0337688,0.0953794,20,0.00199452,-0.0456041,0.0532605,20,20,0,0
recipe:liu_2019_awake,recipe:michon_2019,network,0.0993284,-0.0111476,0.211461,20,0.101855,0.0244369,0.164973,20,0.0993284,-0.0111476,0.211461,20,0.101855,0.0244369,0.164973,20,20,0,0
recipe:liu_2019_awake,recipe:michon_2021,network,0.0993284,-0.0111476,0.211461,20,0.101855,0.0244369,0.164973,20,0.0993284,-0.0111476,0.211461,20,0.101855,0.0244369,0.164973,20,20,0,0
recipe:liu_2019_awake,recipe:mou_2022,burst,0.153382,0.101805,0.203934,20,0.153141,0.101955,0.200946,20,0.155891,0.108463,0.203585,20,0.165298,0.112053,0.213092,20,20,0,0
recipe:liu_2019_awake,recipe:muessig_2019,network,0.0545771,-0.0937203,0.189236,20,-0.000982351,-0.153622,0.161795,20,0.0545771,-0.0937203,0.189236,20,-0.000982351,-0.153622,0.161795,20,20,0,0
recipe:liu_2019_awake,recipe:muessig_2019_ripples,network,0.0520195,-0.00897504,0.108404,20,0.0684172,0.0132546,0.125174,20,0.0520195,-0.00897504,0.108404,20,0.0684172,0.0132546,0.125174,20,20,0,0
recipe:liu_2019_awake,recipe:nadasdy_1999,network,0.070155,-0.00148113,0.143841,20,0.0476624,-0.0180098,0.11474,20,0.070155,-0.00148113,0.143841,20,0.0476624,-0.0180098,0.11474,20,20,0,0
recipe:liu_2019_awake,recipe:olafsdottir_2015,burst,0.121346,0.0888275,0.158608,20,0.154952,0.0923023,0.216616,20,0.13448,0.0937425,0.173498,20,0.164561,0.101801,0.226683,20,20,0,0
recipe:liu_2019_awake,recipe:olafsdottir_2015.bayesian_candidates,burst,0.135284,0.097331,0.177323,20,0.148977,0.0807666,0.214572,20,0.150806,0.10513,0.195943,20,0.164356,0.0942545,0.234387,20,20,0,0
recipe:liu_2019_awake,recipe:olafsdottir_2016,burst,0.0165751,-0.0421967,0.0740824,20,0.035883,-0.0421682,0.109109,20,0.0453308,-0.0193541,0.1106,20,0.0494626,-0.030674,0.12234,20,20,0,0
recipe:liu_2019_awake,recipe:olafsdottir_2017,burst,0.020563,-0.0304549,0.0739904,20,0.0667084,0.00247079,0.129251,20,0.0521649,-0.00527447,0.109556,20,0.0831343,0.0155707,0.145143,20,20,0,0
recipe:liu_2019_awake,recipe:olafsdottir_2017.trajectory,burst,0.0165751,-0.0421967,0.0740824,20,0.035883,-0.0421682,0.109109,20,0.0453308,-0.0193541,0.1106,20,0.0494626,-0.030674,0.12234,20,20,0,0
recipe:liu_2019_awake,recipe:pfeiffer_2013,burst,0.0866138,0.0251977,0.148568,20,0.170935,0.115605,0.222915,20,0.102974,0.0329835,0.174108,20,0.173859,0.116526,0.22599,20,20,0,0
recipe:liu_2019_awake,recipe:pfeiffer_2013_ripples,network,0.0150703,-0.0370575,0.0702529,20,0.00709344,-0.0463692,0.0592073,20,0.0150703,-0.0370575,0.0702529,20,0.00709344,-0.0463692,0.0592073,20,20,0,0
recipe:liu_2019_awake,recipe:pfeiffer_2015,network,0.0151019,-0.0369948,0.0702529,20,0.00709344,-0.0463692,0.0592073,20,0.0151019,-0.0369948,0.0702529,20,0.00709344,-0.0463692,0.0592073,20,20,0,0
recipe:liu_2019_awake,recipe:shin_2019,network,-0.00659758,-0.0613851,0.0478787,20,0.0628989,-0.000908062,0.125175,20,-0.00659758,-0.0613851,0.0478787,20,0.0628989,-0.000908062,0.125175,20,20,0,0
recipe:liu_2019_awake,recipe:silva_2015,burst,0.130542,0.0649345,0.198559,20,0.203167,0.148706,0.257939,20,0.154673,0.0783298,0.229043,20,0.211222,0.157163,0.263764,20,20,0,0
recipe:liu_2019_awake,recipe:stella_2019,network,0.0525128,-0.0246376,0.126126,20,0.0686239,-0.0031499,0.141998,20,0.0525128,-0.0246376,0.126126,20,0.0686239,-0.0031499,0.141998,20,20,0,0
recipe:liu_2019_awake,recipe:tang_2017,network,-0.00659758,-0.0613851,0.0478787,20,0.0628989,-0.000908062,0.125175,20,-0.00659758,-0.0613851,0.0478787,20,0.0628989,-0.000908062,0.125175,20,20,0,0
recipe:liu_2019_awake,recipe:tirole_2022,network,0.0912166,0.0227331,0.153495,20,0.127687,0.066946,0.189556,20,0.0912166,0.0227331,0.153495,20,0.127687,0.066946,0.189556,20,20,0,0
recipe:liu_2019_awake,recipe:widloski_2025,network,0.00730635,-0.0652639,0.0700432,20,0.0514984,0.00387642,0.10224,20,0.00730635,-0.0652639,0.0700432,20,0.0514984,0.00387642,0.10224,20,20,0,0
recipe:liu_2019_awake,recipe:widloski_2025_bursts,burst,0.188566,0.120663,0.254018,20,0.182244,0.113159,0.251111,20,0.181725,0.110196,0.249136,20,0.180902,0.116729,0.2444,20,20,0,0
recipe:liu_2019_awake,recipe:wikenheiser_2013,network,0.0137057,-0.0249644,0.0543033,20,0.0585728,0.0119831,0.104696,20,0.0137057,-0.0249644,0.0543033,20,0.0585728,0.0119831,0.104696,20,20,0,0
recipe:liu_2019_awake,recipe:wu_2014,burst,0.130994,0.0857978,0.177141,20,0.214466,0.152595,0.273957,20,0.148789,0.10229,0.197591,20,0.214629,0.153583,0.271691,20,20,0,0
recipe:liu_2019_awake,recipe:wu_2017,burst,0.0329628,-0.0329587,0.098358,20,0.0526958,-0.0020584,0.108156,20,0.0865292,0.0381299,0.137339,20,0.0527582,-0.000756244,0.106494,20,20,0,0
recipe:liu_2019_awake,recipe:xu_2019,burst,0.191891,0.139946,0.241429,20,0.301569,0.251115,0.350546,20,0.192069,0.135641,0.245996,20,0.302344,0.248591,0.354569,20,20,0,0
recipe:liu_2019_awake,recipe:yamamoto_2017,network,0.0941811,0.0489743,0.137111,20,0.0781207,0.0176868,0.133179,20,0.0941811,0.0489743,0.137111,20,0.0781207,0.0176868,0.133179,20,20,0,0
recipe:liu_2019_awake,recipe:yang_2024,network,0.189889,0.114065,0.258551,20,0.296528,0.22526,0.358338,20,0.189889,0.114065,0.258551,20,0.296528,0.22526,0.358338,20,20,0,0
recipe:liu_2023,recipe:maboudi_2018,network,0.282481,0.220977,0.341881,20,0.340154,0.268761,0.407723,20,0.282481,0.220977,0.341881,20,0.340154,0.268761,0.407723,20,20,0,0
recipe:liu_2023,recipe:maboudi_2018_open_field,network,0.84049,0.812305,0.868043,20,0.836039,0.803431,0.866286,20,0.84049,0.812305,0.868043,20,0.836039,0.803431,0.866286,20,20,0,0
recipe:liu_2023,recipe:mallory_2025,network,0.857145,0.827433,0.888013,20,0.833452,0.784919,0.876251,20,0.857145,0.827433,0.888013,20,0.833452,0.784919,0.876251,20,20,0,0
recipe:liu_2023,recipe:mallory_2025_ripples,network,0.0479554,-0.0202148,0.113501,20,-0.0131623,-0.0776983,0.0546345,20,0.0479554,-0.0202148,0.113501,20,-0.0131623,-0.0776983,0.0546345,20,20,0,0
recipe:liu_2023,recipe:michon_2019,network,0.335418,0.250412,0.428292,20,0.462193,0.375376,0.546136,20,0.335418,0.250412,0.428292,20,0.462193,0.375376,0.546136,20,20,0,0
recipe:liu_2023,recipe:michon_2021,network,0.335418,0.250412,0.428292,20,0.462193,0.375376,0.546136,20,0.335418,0.250412,0.428292,20,0.462193,0.375376,0.546136,20,20,0,0
recipe:liu_2023,recipe:mou_2022,network,0.18535,0.120907,0.250646,20,0.263223,0.193652,0.335744,20,0.18535,0.120907,0.250646,20,0.263223,0.193652,0.335744,20,20,0,0
recipe:liu_2023,recipe:muessig_2019,network,0.58156,0.459435,0.687124,20,0.354822,0.219051,0.485106,20,0.58156,0.459435,0.687124,20,0.354822,0.219051,0.485106,20,20,0,0
recipe:liu_2023,recipe:muessig_2019_ripples,network,0.239676,0.179587,0.299324,20,0.296633,0.229564,0.357566,20,0.239676,0.179587,0.299324,20,0.296633,0.229564,0.357566,20,20,0,0
recipe:liu_2023,recipe:nadasdy_1999,network,0.17087,0.0856483,0.254031,20,0.174478,0.120411,0.230469,20,0.17087,0.0856483,0.254031,20,0.174478,0.120411,0.230469,20,20,0,0
recipe:liu_2023,recipe:olafsdottir_2015,network,0.600816,0.54354,0.662223,20,0.56796,0.505993,0.630709,20,0.600816,0.54354,0.662223,20,0.56796,0.505993,0.630709,20,20,0,0
recipe:liu_2023,recipe:olafsdottir_2015.bayesian_candidates,network,0.59772,0.53724,0.660369,20,0.548981,0.487316,0.608901,20,0.59772,0.53724,0.660369,20,0.548981,0.487316,0.608901,20,20,0,0
recipe:liu_2023,recipe:olafsdottir_2016,network,0.522194,0.486775,0.559396,20,0.36176,0.297036,0.422354,20,0.522194,0.486775,0.559396,20,0.36176,0.297036,0.422354,20,20,0,0
recipe:liu_2023,recipe:olafsdottir_2017,network,0.493765,0.444729,0.539324,20,0.363529,0.30328,0.427056,20,0.493765,0.444729,0.539324,20,0.363529,0.30328,0.427056,20,20,0,0
recipe:liu_2023,recipe:olafsdottir_2017.trajectory,network,0.522194,0.486775,0.559396,20,0.36176,0.297036,0.422354,20,0.522194,0.486775,0.559396,20,0.36176,0.297036,0.422354,20,20,0,0
recipe:liu_2023,recipe:pfeiffer_2013,network,0.84049,0.812305,0.868043,20,0.836039,0.803431,0.866286,20,0.84049,0.812305,0.868043,20,0.836039,0.803431,0.866286,20,20,0,0
recipe:liu_2023,recipe:pfeiffer_2013_ripples,network,-0.0461815,-0.108898,0.016628,20,-0.0408526,-0.0997802,0.015134,20,-0.0461815,-0.108898,0.016628,20,-0.0408526,-0.0997802,0.015134,20,20,0,0
recipe:liu_2023,recipe:pfeiffer_2015,network,-0.0463034,-0.10902,0.0163977,20,-0.0408526,-0.0997802,0.015134,20,-0.0463034,-0.10902,0.0163977,20,-0.0408526,-0.0997802,0.015134,20,20,0,0
recipe:liu_2023,recipe:shin_2019,network,0.0787386,0.00684734,0.144864,20,-0.00306784,-0.0673175,0.0631772,20,0.0787386,0.00684734,0.144864,20,-0.00306784,-0.0673175,0.0631772,20,20,0,0
recipe:liu_2023,recipe:silva_2015,network,0.992783,0.983605,0.999178,20,0.982965,0.966443,0.996458,20,0.992783,0.983605,0.999178,20,0.982965,0.966443,0.996458,20,20,0,0
recipe:liu_2023,recipe:stella_2019,network,0.215291,0.12773,0.296455,20,0.156349,0.0850035,0.225401,20,0.215291,0.12773,0.296455,20,0.156349,0.0850035,0.225401,20,20,0,0
recipe:liu_2023,recipe:tang_2017,network,0.0787386,0.00684734,0.144864,20,-0.00306784,-0.0673175,0.0631772,20,0.0787386,0.00684734,0.144864,20,-0.00306784,-0.0673175,0.0631772,20,20,0,0
recipe:liu_2023,recipe:tirole_2022,network,0.347804,0.283562,0.407016,20,0.421386,0.355289,0.487945,20,0.347804,0.283562,0.407016,20,0.421386,0.355289,0.487945,20,20,0,0
recipe:liu_2023,recipe:widloski_2025,network,0.0177784,-0.0581345,0.0976011,20,-0.0592466,-0.126086,0.00893304,20,0.0177784,-0.0581345,0.0976011,20,-0.0592466,-0.126086,0.00893304,20,20,0,0
recipe:liu_2023,recipe:widloski_2025_bursts,network,0.0501369,-0.0174928,0.116053,20,0.0671718,-0.0142678,0.149002,20,0.0501369,-0.0174928,0.116053,20,0.0671718,-0.0142678,0.149002,20,20,0,0
recipe:liu_2023,recipe:wikenheiser_2013,network,-0.0155959,-0.0828404,0.0560552,20,-0.0173935,-0.104157,0.0634332,20,-0.0155959,-0.0828404,0.0560552,20,-0.0173935,-0.104157,0.0634332,20,20,0,0
recipe:liu_2023,recipe:wu_2014,network,0.566766,0.500745,0.63416,20,0.528105,0.453768,0.592293,20,0.566766,0.500745,0.63416,20,0.528105,0.453768,0.592293,20,20,0,0
recipe:liu_2023,recipe:wu_2017,network,0.325794,0.254966,0.397048,20,0.23807,0.1871,0.292036,20,0.325794,0.254966,0.397048,20,0.23807,0.1871,0.292036,20,20,0,0
recipe:liu_2023,recipe:xu_2019,network,0.721863,0.680559,0.763772,20,0.73369,0.683514,0.779901,20,0.721863,0.680559,0.763772,20,0.73369,0.683514,0.779901,20,20,0,0
recipe:liu_2023,recipe:yamamoto_2017,network,0.328612,0.274856,0.378371,20,0.284144,0.223038,0.350027,20,0.328612,0.274856,0.378371,20,0.284144,0.223038,0.350027,20,20,0,0
recipe:liu_2023,recipe:yang_2024,network,0.745891,0.704827,0.786227,20,0.752321,0.69922,0.802132,20,0.745891,0.704827,0.786227,20,0.752321,0.69922,0.802132,20,20,0,0
recipe:maboudi_2018,recipe:maboudi_2018_open_field,burst,0.232792,0.184571,0.281013,20,0.319451,0.279489,0.356743,20,0.246265,0.199297,0.292765,20,0.335094,0.294943,0.372219,20,20,0,0
recipe:maboudi_2018,recipe:mallory_2025,burst,0.261184,0.197496,0.325557,20,0.357379,0.314708,0.398611,20,0.274114,0.209509,0.336704,20,0.380682,0.336678,0.424811,20,20,0,0
recipe:maboudi_2018,recipe:mallory_2025_ripples,network,0.0213329,-0.0523288,0.0956881,20,0.0418648,-0.00846887,0.0935443,20,0.0213329,-0.0523288,0.0956881,20,0.0418648,-0.00846887,0.0935443,20,20,0,0
recipe:maboudi_2018,recipe:michon_2019,network,0.611268,0.569265,0.657442,20,0.58333,0.505837,0.661611,20,0.611268,0.569265,0.657442,20,0.58333,0.505837,0.661611,20,20,0,0
recipe:maboudi_2018,recipe:michon_2021,network,0.611268,0.569265,0.657442,20,0.58333,0.505837,0.661611,20,0.611268,0.569265,0.657442,20,0.58333,0.505837,0.661611,20,20,0,0
recipe:maboudi_2018,recipe:mou_2022,burst,0.80913,0.743897,0.872349,20,0.803992,0.731052,0.867832,20,0.811762,0.745287,0.874806,20,0.797226,0.7234,0.86339,20,20,0,0
recipe:maboudi_2018,recipe:muessig_2019,network,0.278006,0.170171,0.380902,20,0.184526,0.0204953,0.336602,20,0.278006,0.170171,0.380902,20,0.184526,0.0204953,0.336602,20,20,0,0
recipe:maboudi_2018,recipe:muessig_2019_ripples,network,0.0650824,0.00384514,0.121868,20,0.0829755,0.0456852,0.12143,20,0.0650824,0.00384514,0.121868,20,0.0829755,0.0456852,0.12143,20,20,0,0
recipe:maboudi_2018,recipe:nadasdy_1999,network,0.071922,0.00963233,0.147265,20,0.0828728,0.0182399,0.150703,20,0.071922,0.00963233,0.147265,20,0.0828728,0.0182399,0.150703,20,20,0,0
recipe:maboudi_2018,recipe:olafsdottir_2015,burst,0.160401,0.120469,0.200051,20,0.213274,0.163023,0.263448,20,0.183754,0.138719,0.225037,20,0.236827,0.182691,0.292549,20,20,0,0
recipe:maboudi_2018,recipe:olafsdottir_2015.bayesian_candidates,burst,0.152893,0.0972659,0.206356,20,0.211133,0.150757,0.270486,20,0.181652,0.120905,0.234758,20,0.234523,0.167924,0.298972,20,20,0,0
recipe:maboudi_2018,recipe:olafsdottir_2016,burst,0.0770733,0.0139482,0.136992,20,0.0791982,0.0183133,0.140201,20,0.129501,0.0614547,0.194417,20,0.0930055,0.0224071,0.162599,20,20,0,0
recipe:maboudi_2018,recipe:olafsdottir_2017,burst,0.0632149,0.00493938,0.123002,20,0.128831,0.0701325,0.186914,20,0.102737,0.0437271,0.162274,20,0.142604,0.0799569,0.206323,20,20,0,0
recipe:maboudi_2018,recipe:olafsdottir_2017.trajectory,burst,0.0770733,0.0139482,0.136992,20,0.0791982,0.0183133,0.140201,20,0.129501,0.0614547,0.194417,20,0.0930055,0.0224071,0.162599,20,20,0,0
recipe:maboudi_2018,recipe:pfeiffer_2013,burst,0.232792,0.184571,0.281013,20,0.319451,0.279489,0.356743,20,0.246265,0.199297,0.292765,20,0.335094,0.294943,0.372219,20,20,0,0
recipe:maboudi_2018,recipe:pfeiffer_2013_ripples,network,0.0170476,-0.0543265,0.090733,20,0.049233,-0.0106554,0.107939,20,0.0170476,-0.0543265,0.090733,20,0.049233,-0.0106554,0.107939,20,20,0,0
recipe:maboudi_2018,recipe:pfeiffer_2015,network,0.0171004,-0.0543239,0.0907872,20,0.049233,-0.0106554,0.107939,20,0.0171004,-0.0543239,0.0907872,20,0.049233,-0.0106554,0.107939,20,20,0,0
recipe:maboudi_2018,recipe:shin_2019,network,0.0523079,0.00708085,0.107743,20,0.0544711,-0.00264181,0.110702,20,0.0523079,0.00708085,0.107743,20,0.0544711,-0.00264181,0.110702,20,20,0,0
recipe:maboudi_2018,recipe:silva_2015,burst,0.246851,0.183145,0.313049,20,0.30219,0.247586,0.350879,20,0.268922,0.212224,0.32673,20,0.330206,0.274923,0.380576,20,20,0,0
recipe:maboudi_2018,recipe:stella_2019,network,0.0835126,0.0311959,0.144253,20,0.082562,0.0425219,0.124845,20,0.0835126,0.0311959,0.144253,20,0.082562,0.0425219,0.124845,20,20,0,0
recipe:maboudi_2018,recipe:tang_2017,network,0.0523079,0.00708085,0.107743,20,0.0544711,-0.00264181,0.110702,20,0.0523079,0.00708085,0.107743,20,0.0544711,-0.00264181,0.110702,20,20,0,0
recipe:maboudi_2018,recipe:tirole_2022,network,0.741825,0.703003,0.77762,20,0.713494,0.677189,0.750514,20,0.741825,0.703003,0.77762,20,0.713494,0.677189,0.750514,20,20,0,0
recipe:maboudi_2018,recipe:widloski_2025,network,-0.00405661,-0.0672618,0.0612979,20,0.0413492,-0.0214151,0.100371,20,-0.00405661,-0.0672618,0.0612979,20,0.0413492,-0.0214151,0.100371,20,20,0,0
recipe:maboudi_2018,recipe:widloski_2025_bursts,burst,0.242773,0.185124,0.302708,20,0.307889,0.241601,0.368755,20,0.21963,0.158683,0.284932,20,0.284597,0.217299,0.347847,20,20,0,0
recipe:maboudi_2018,recipe:wikenheiser_2013,network,-0.0122873,-0.0714019,0.0457004,20,0.0230765,-0.0295907,0.0794455,20,-0.0122873,-0.0714019,0.0457004,20,0.0230765,-0.0295907,0.0794455,20,20,0,0
recipe:maboudi_2018,recipe:wu_2014,burst,0.195099,0.146163,0.240608,20,0.265137,0.214937,0.312625,20,0.221595,0.17766,0.266149,20,0.284768,0.234181,0.330827,20,20,0,0
recipe:maboudi_2018,recipe:wu_2017,burst,0.261679,0.194204,0.329189,20,0.172789,0.114551,0.238008,20,0.256625,0.199593,0.316773,20,0.163937,0.104091,0.228726,20,20,0,0
recipe:maboudi_2018,recipe:xu_2019,burst,0.256904,0.20185,0.3125,20,0.340955,0.29958,0.384568,20,0.273817,0.222904,0.324114,20,0.364,0.319867,0.411877,20,20,0,0
recipe:maboudi_2018,recipe:yamamoto_2017,network,0.180604,0.123453,0.240959,20,0.122774,0.0609376,0.183739,20,0.180604,0.123453,0.240959,20,0.122774,0.0609376,0.183739,20,20,0,0
recipe:maboudi_2018,recipe:yang_2024,network,0.308957,0.248459,0.36245,20,0.383546,0.334606,0.434074,20,0.308957,0.248459,0.36245,20,0.383546,0.334606,0.434074,20,20,0,0
recipe:maboudi_2018_open_field,recipe:mallory_2025,burst,0.692082,0.651642,0.727215,20,0.726891,0.691353,0.761147,20,0.719302,0.68204,0.754136,20,0.736763,0.705188,0.767998,20,20,0,0
recipe:maboudi_2018_open_field,recipe:mallory_2025_ripples,network,0.0280362,-0.0439422,0.0948263,20,0.0218328,-0.0446936,0.0945611,20,0.0280362,-0.0439422,0.0948263,20,0.0218328,-0.0446936,0.0945611,20,20,0,0
recipe:maboudi_2018_open_field,recipe:michon_2019,network,0.355556,0.272618,0.443524,20,0.455294,0.394789,0.524933,20,0.355556,0.272618,0.443524,20,0.455294,0.394789,0.524933,20,20,0,0
recipe:maboudi_2018_open_field,recipe:michon_2021,network,0.355556,0.272618,0.443524,20,0.455294,0.394789,0.524933,20,0.355556,0.272618,0.443524,20,0.455294,0.394789,0.524933,20,20,0,0
recipe:maboudi_2018_open_field,recipe:mou_2022,burst,0.181051,0.125304,0.234368,20,0.24236,0.191023,0.293984,20,0.175707,0.124784,0.224993,20,0.252785,0.200752,0.30558,20,20,0,0
recipe:maboudi_2018_open_field,recipe:muessig_2019,network,0.62885,0.510284,0.736459,20,0.412968,0.284821,0.543835,20,0.62885,0.510284,0.736459,20,0.412968,0.284821,0.543835,20,20,0,0
recipe:maboudi_2018_open_field,recipe:muessig_2019_ripples,network,0.172237,0.115785,0.233328,20,0.257468,0.201887,0.311259,20,0.172237,0.115785,0.233328,20,0.257468,0.201887,0.311259,20,20,0,0
recipe:maboudi_2018_open_field,recipe:nadasdy_1999,network,0.146867,0.0783616,0.214489,20,0.148772,0.0868115,0.208261,20,0.146867,0.0783616,0.214489,20,0.148772,0.0868115,0.208261,20,20,0,0
recipe:maboudi_2018_open_field,recipe:olafsdottir_2015,burst,0.473052,0.421763,0.528098,20,0.516765,0.458898,0.572987,20,0.537237,0.4926,0.584916,20,0.535393,0.478241,0.591524,20,20,0,0
recipe:maboudi_2018_open_field,recipe:olafsdottir_2015.bayesian_candidates,burst,0.462445,0.403959,0.525418,20,0.493139,0.438161,0.548851,20,0.529657,0.477789,0.583023,20,0.518598,0.463938,0.572171,20,20,0,0
recipe:maboudi_2018_open_field,recipe:olafsdottir_2016,burst,0.425674,0.374244,0.475699,20,0.377278,0.315492,0.438952,20,0.529967,0.485263,0.570788,20,0.418855,0.362545,0.474691,20,20,0,0
recipe:maboudi_2018_open_field,recipe:olafsdottir_2017,burst,0.395304,0.351778,0.439507,20,0.381223,0.320616,0.442389,20,0.479757,0.442097,0.520124,20,0.416336,0.359831,0.473236,20,20,0,0
recipe:maboudi_2018_open_field,recipe:olafsdottir_2017.trajectory,burst,0.425674,0.374244,0.475699,20,0.377278,0.315492,0.438952,20,0.529967,0.485263,0.570788,20,0.418855,0.362545,0.474691,20,20,0,0
recipe:maboudi_2018_open_field,recipe:pfeiffer_2013,burst,1,1,1,20,1,1,1,20,1,1,1,20,1,1,1,20,20,0,0
recipe:maboudi_2018_open_field,recipe:pfeiffer_2013_ripples,network,-0.0132158,-0.0707721,0.0369117,20,0.000455343,-0.0517816,0.0575279,20,-0.0132158,-0.0707721,0.0369117,20,0.000455343,-0.0517816,0.0575279,20,20,0,0
recipe:maboudi_2018_open_field,recipe:pfeiffer_2015,network,-0.0133229,-0.0709811,0.0367955,20,0.000455343,-0.0517816,0.0575279,20,-0.0133229,-0.0709811,0.0367955,20,0.000455343,-0.0517816,0.0575279,20,20,0,0
recipe:maboudi_2018_open_field,recipe:shin_2019,network,0.0815206,0.0334418,0.131358,20,0.0460527,-0.0227429,0.117427,20,0.0815206,0.0334418,0.131358,20,0.0460527,-0.0227429,0.117427,20,20,0,0
recipe:maboudi_2018_open_field,recipe:silva_2015,burst,0.822185,0.793345,0.846623,20,0.857799,0.833718,0.878001,20,0.838986,0.814402,0.863003,20,0.865594,0.841122,0.886542,20,20,0,0
recipe:maboudi_2018_open_field,recipe:stella_2019,network,0.211418,0.146973,0.273431,20,0.173776,0.110187,0.236903,20,0.211418,0.146973,0.273431,20,0.173776,0.110187,0.236903,20,20,0,0
recipe:maboudi_2018_open_field,recipe:tang_2017,network,0.0815206,0.0334418,0.131358,20,0.0460527,-0.0227429,0.117427,20,0.0815206,0.0334418,0.131358,20,0.0460527,-0.0227429,0.117427,20,20,0,0
recipe:maboudi_2018_open_field,recipe:tirole_2022,network,0.299781,0.239667,0.358979,20,0.418842,0.374718,0.465586,20,0.299781,0.239667,0.358979,20,0.418842,0.374718,0.465586,20,20,0,0
recipe:maboudi_2018_open_field,recipe:widloski_2025,network,0.0154476,-0.0476972,0.0739572,20,-0.0281381,-0.0775362,0.0283135,20,0.0154476,-0.0476972,0.0739572,20,-0.0281381,-0.0775362,0.0283135,20,20,0,0
recipe:maboudi_2018_open_field,recipe:widloski_2025_bursts,burst,0.0262709,-0.0312109,0.0813636,20,0.10006,0.0292173,0.173912,20,0.0391158,-0.0225385,0.100475,20,0.101614,0.0273846,0.18017,20,20,0,0
recipe:maboudi_2018_open_field,recipe:wikenheiser_2013,network,0.0100602,-0.034009,0.0550452,20,0.00620607,-0.0602423,0.0717078,20,0.0100602,-0.034009,0.0550452,20,0.00620607,-0.0602423,0.0717078,20,20,0,0
recipe:maboudi_2018_open_field,recipe:wu_2014,burst,0.464101,0.429509,0.501307,20,0.497682,0.440155,0.55437,20,0.529033,0.498911,0.56249,20,0.515767,0.458089,0.569267,20,20,0,0
recipe:maboudi_2018_open_field,recipe:wu_2017,burst,0.285029,0.220988,0.349499,20,0.249785,0.197865,0.303197,20,0.344853,0.277362,0.412939,20,0.265084,0.211239,0.323277,20,20,0,0
recipe:maboudi_2018_open_field,recipe:xu_2019,burst,0.546565,0.509204,0.582096,20,0.627121,0.589942,0.662377,20,0.586409,0.549056,0.620782,20,0.641798,0.605878,0.674938,20,20,0,0
recipe:maboudi_2018_open_field,recipe:yamamoto_2017,network,0.317399,0.268645,0.362383,20,0.298858,0.243519,0.358121,20,0.317399,0.268645,0.362383,20,0.298858,0.243519,0.358121,20,20,0,0
recipe:maboudi_2018_open_field,recipe:yang_2024,network,0.669367,0.62946,0.709622,20,0.653487,0.613982,0.698213,20,0.669367,0.62946,0.709622,20,0.653487,0.613982,0.698213,20,20,0,0
recipe:mallory_2025,recipe:mallory_2025_ripples,network,0.0197035,-0.0333993,0.0702709,20,-0.0388972,-0.0895202,0.0155379,20,0.0197035,-0.0333993,0.0702709,20,-0.0388972,-0.0895202,0.0155379,20,20,0,0
recipe:mallory_2025,recipe:michon_2019,network,0.320791,0.246783,0.398017,20,0.484956,0.413286,0.555334,20,0.320791,0.246783,0.398017,20,0.484956,0.413286,0.555334,20,20,0,0
recipe:mallory_2025,recipe:michon_2021,network,0.320791,0.246783,0.398017,20,0.484956,0.413286,0.555334,20,0.320791,0.246783,0.398017,20,0.484956,0.413286,0.555334,20,20,0,0
recipe:mallory_2025,recipe:mou_2022,burst,0.189443,0.133655,0.250125,20,0.289374,0.236465,0.342066,20,0.186593,0.129508,0.247189,20,0.300914,0.243844,0.358495,20,20,0,0
recipe:mallory_2025,recipe:muessig_2019,network,0.478785,0.326556,0.604799,20,0.192881,0.00939588,0.35824,20,0.478785,0.326556,0.604799,20,0.192881,0.00939588,0.35824,20,20,0,0
recipe:mallory_2025,recipe:muessig_2019_ripples,network,0.121969,0.0620467,0.178493,20,0.130612,0.0718037,0.187386,20,0.121969,0.0620467,0.178493,20,0.130612,0.0718037,0.187386,20,20,0,0
recipe:mallory_2025,recipe:nadasdy_1999,network,0.093652,0.0203981,0.164765,20,0.0951617,0.039463,0.152675,20,0.093652,0.0203981,0.164765,20,0.0951617,0.039463,0.152675,20,20,0,0
recipe:mallory_2025,recipe:olafsdottir_2015,burst,0.595961,0.558133,0.633723,20,0.581347,0.527903,0.635609,20,0.640603,0.605137,0.675094,20,0.595717,0.544423,0.648489,20,20,0,0
recipe:mallory_2025,recipe:olafsdottir_2015.bayesian_candidates,burst,0.593168,0.554343,0.632948,20,0.572257,0.513964,0.630401,20,0.643229,0.60997,0.677576,20,0.58772,0.530236,0.642753,20,20,0,0
recipe:mallory_2025,recipe:olafsdottir_2016,burst,0.303479,0.258382,0.347982,20,0.225967,0.163577,0.293598,20,0.411725,0.370176,0.450952,20,0.260972,0.196512,0.328537,20,20,0,0
recipe:mallory_2025,recipe:olafsdottir_2017,burst,0.300322,0.251777,0.347548,20,0.254771,0.198851,0.311966,20,0.381872,0.33562,0.424986,20,0.28292,0.22663,0.341306,20,20,0,0
recipe:mallory_2025,recipe:olafsdottir_2017.trajectory,burst,0.303479,0.258382,0.347982,20,0.225967,0.163577,0.293598,20,0.411725,0.370176,0.450952,20,0.260972,0.196512,0.328537,20,20,0,0
recipe:mallory_2025,recipe:pfeiffer_2013,burst,0.692082,0.651642,0.727215,20,0.726891,0.691353,0.761147,20,0.719302,0.68204,0.754136,20,0.736763,0.705188,0.767998,20,20,0,0
recipe:mallory_2025,recipe:pfeiffer_2013_ripples,network,-0.0263141,-0.0799379,0.025391,20,-0.0199702,-0.0566086,0.0219929,20,-0.0263141,-0.0799379,0.025391,20,-0.0199702,-0.0566086,0.0219929,20,20,0,0
recipe:mallory_2025,recipe:pfeiffer_2015,network,-0.0263893,-0.0800112,0.0252165,20,-0.0199702,-0.0566086,0.0219929,20,-0.0263893,-0.0800112,0.0252165,20,-0.0199702,-0.0566086,0.0219929,20,20,0,0
recipe:mallory_2025,recipe:shin_2019,network,0.0472272,-0.00393175,0.0987505,20,-0.00633902,-0.0667377,0.0526875,20,0.0472272,-0.00393175,0.0987505,20,-0.00633902,-0.0667377,0.0526875,20,20,0,0
recipe:mallory_2025,recipe:silva_2015,burst,0.831559,0.803514,0.855812,20,0.825853,0.789244,0.858939,20,0.849025,0.827859,0.869355,20,0.830312,0.794632,0.862497,20,20,0,0
recipe:mallory_2025,recipe:stella_2019,network,0.139604,0.0741703,0.201907,20,0.100228,0.040298,0.162263,20,0.139604,0.0741703,0.201907,20,0.100228,0.040298,0.162263,20,20,0,0
recipe:mallory_2025,recipe:tang_2017,network,0.0472272,-0.00393175,0.0987505,20,-0.00633902,-0.0667377,0.0526875,20,0.0472272,-0.00393175,0.0987505,20,-0.00633902,-0.0667377,0.0526875,20,20,0,0
recipe:mallory_2025,recipe:tirole_2022,network,0.330704,0.272108,0.396946,20,0.422833,0.352669,0.497831,20,0.330704,0.272108,0.396946,20,0.422833,0.352669,0.497831,20,20,0,0
recipe:mallory_2025,recipe:widloski_2025,network,-0.0260469,-0.075156,0.022594,20,0.0219355,-0.0273346,0.0719268,20,-0.0260469,-0.075156,0.022594,20,0.0219355,-0.0273346,0.0719268,20,20,0,0
recipe:mallory_2025,recipe:widloski_2025_bursts,burst,0.0319234,-0.0196128,0.0856366,20,0.0944156,0.0136881,0.171607,20,0.0322274,-0.0343478,0.0985262,20,0.101858,0.0244972,0.179022,20,20,0,0
recipe:mallory_2025,recipe:wikenheiser_2013,network,-0.00607758,-0.0618873,0.0494017,20,0.0102542,-0.0498589,0.0672296,20,-0.00607758,-0.0618873,0.0494017,20,0.0102542,-0.0498589,0.0672296,20,20,0,0
recipe:mallory_2025,recipe:wu_2014,burst,0.559006,0.518733,0.596926,20,0.587378,0.540443,0.63582,20,0.601871,0.561376,0.638975,20,0.602535,0.557441,0.645729,20,20,0,0
recipe:mallory_2025,recipe:wu_2017,burst,0.196645,0.137206,0.263518,20,0.183571,0.12486,0.249384,20,0.263982,0.201378,0.331559,20,0.194254,0.131498,0.264642,20,20,0,0
recipe:mallory_2025,recipe:xu_2019,burst,0.838562,0.805771,0.869827,20,0.867899,0.841376,0.89107,20,0.850613,0.816765,0.88267,20,0.871939,0.847497,0.893989,20,20,0,0
recipe:mallory_2025,recipe:yamamoto_2017,network,0.233731,0.188024,0.276823,20,0.202863,0.152365,0.251311,20,0.233731,0.188024,0.276823,20,0.202863,0.152365,0.251311,20,20,0,0
recipe:mallory_2025,recipe:yang_2024,network,0.859827,0.822093,0.897236,20,0.900566,0.875261,0.922164,20,0.859827,0.822093,0.897236,20,0.900566,0.875261,0.922164,20,20,0,0
recipe:mallory_2025_ripples,recipe:michon_2019,network,0.131085,0.0525252,0.211755,20,0.0580261,-0.0281088,0.14355,20,0.131085,0.0525252,0.211755,20,0.0580261,-0.0281088,0.14355,20,20,0,0
recipe:mallory_2025_ripples,recipe:michon_2021,network,0.131085,0.0525252,0.211755,20,0.0580261,-0.0281088,0.14355,20,0.131085,0.0525252,0.211755,20,0.0580261,-0.0281088,0.14355,20,20,0,0
recipe:mallory_2025_ripples,recipe:mou_2022,network,0.0220174,-0.0390435,0.0814364,20,0.00274719,-0.0488884,0.0570433,20,0.0220174,-0.0390435,0.0814364,20,0.00274719,-0.0488884,0.0570433,20,20,0,0
recipe:mallory_2025_ripples,recipe:muessig_2019,network,0.0428326,-0.098632,0.171878,20,0.0609124,-0.0636795,0.1661,20,0.0428326,-0.098632,0.171878,20,0.0609124,-0.0636795,0.1661,20,20,0,0
recipe:mallory_2025_ripples,recipe:muessig_2019_ripples,ripple,0.172214,0.122979,0.220698,20,0.13258,0.084492,0.185172,20,0.231865,0.179349,0.283391,20,0.281686,0.231834,0.333851,20,20,0,0
recipe:mallory_2025_ripples,recipe:nadasdy_1999,ripple,0.265394,0.208083,0.324629,20,0.302828,0.236129,0.371273,20,0.362551,0.31978,0.404629,20,0.385336,0.317005,0.449839,20,20,0,0
recipe:mallory_2025_ripples,recipe:olafsdottir_2015,network,0.0366731,-0.0322399,0.105856,20,0.0207496,-0.0432981,0.087986,20,0.0366731,-0.0322399,0.105856,20,0.0207496,-0.0432981,0.087986,20,20,0,0
recipe:mallory_2025_ripples,recipe:olafsdottir_2015.bayesian_candidates,network,0.0299156,-0.0397944,0.100098,20,0.00882605,-0.0632558,0.0814746,20,0.0299156,-0.0397944,0.100098,20,0.00882605,-0.0632558,0.0814746,20,20,0,0
recipe:mallory_2025_ripples,recipe:olafsdottir_2016,network,0.046636,-0.0268861,0.115507,20,0.133904,0.0753763,0.191929,20,0.046636,-0.0268861,0.115507,20,0.133904,0.0753763,0.191929,20,20,0,0
recipe:mallory_2025_ripples,recipe:olafsdottir_2017,network,0.0159452,-0.0487548,0.0765601,20,0.152182,0.103065,0.207119,20,0.0159452,-0.0487548,0.0765601,20,0.152182,0.103065,0.207119,20,20,0,0
recipe:mallory_2025_ripples,recipe:olafsdottir_2017.trajectory,network,0.046636,-0.0268861,0.115507,20,0.133904,0.0753763,0.191929,20,0.046636,-0.0268861,0.115507,20,0.133904,0.0753763,0.191929,20,20,0,0
recipe:mallory_2025_ripples,recipe:pfeiffer_2013,network,0.0280362,-0.0439422,0.0948263,20,0.0218328,-0.0446936,0.0945611,20,0.0280362,-0.0439422,0.0948263,20,0.0218328,-0.0446936,0.0945611,20,20,0,0
recipe:mallory_2025_ripples,recipe:pfeiffer_2013_ripples,ripple,0.544256,0.496794,0.587038,20,0.62375,0.58518,0.663457,20,0.531109,0.489701,0.571837,20,0.646615,0.612203,0.68,20,20,0,0
recipe:mallory_2025_ripples,recipe:pfeiffer_2015,ripple,0.544256,0.496794,0.587038,20,0.62375,0.58518,0.663457,20,0.531085,0.4897,0.571788,20,0.646615,0.612203,0.68,20,20,0,0
recipe:mallory_2025_ripples,recipe:shin_2019,ripple,0.421873,0.368625,0.474395,20,0.499191,0.462149,0.538733,20,0.458247,0.412962,0.503021,20,0.552491,0.514586,0.594472,20,20,0,0
recipe:mallory_2025_ripples,recipe:silva_2015,network,0.0464504,-0.0226154,0.114912,20,0.00680573,-0.0554237,0.0765184,20,0.0464504,-0.0226154,0.114912,20,0.00680573,-0.0554237,0.0765184,20,20,0,0
recipe:mallory_2025_ripples,recipe:stella_2019,ripple,0.254833,0.19228,0.313732,20,0.287424,0.226233,0.353577,20,0.368001,0.31355,0.420424,20,0.411256,0.362338,0.456984,20,20,0,0
recipe:mallory_2025_ripples,recipe:tang_2017,ripple,0.421873,0.368625,0.474395,20,0.499191,0.462149,0.538733,20,0.458247,0.412962,0.503021,20,0.552491,0.514586,0.594472,20,20,0,0
recipe:mallory_2025_ripples,recipe:tirole_2022,network,0.05947,0.0106801,0.108996,20,0.0357944,-0.0339906,0.11112,20,0.05947,0.0106801,0.108996,20,0.0357944,-0.0339906,0.11112,20,20,0,0
recipe:mallory_2025_ripples,recipe:widloski_2025,ripple,0.103542,0.0222472,0.180235,20,0.165944,0.11694,0.215019,20,0.105911,0.0404029,0.166662,20,0.157797,0.0953673,0.213388,20,20,0,0
recipe:mallory_2025_ripples,recipe:widloski_2025_bursts,network,-0.0250168,-0.0811616,0.0299141,20,0.0504738,-0.0155822,0.120424,20,-0.0250168,-0.0811616,0.0299141,20,0.0504738,-0.0155822,0.120424,20,20,0,0
recipe:mallory_2025_ripples,recipe:wikenheiser_2013,ripple,0.15039,0.0996453,0.199199,20,0.109197,0.0447425,0.170088,20,0.162094,0.10355,0.219483,20,0.123757,0.0524007,0.188158,20,20,0,0
recipe:mallory_2025_ripples,recipe:wu_2014,network,-0.000148835,-0.0513626,0.054209,20,0.00490963,-0.0521787,0.0637451,20,-0.000148835,-0.0513626,0.054209,20,0.00490963,-0.0521787,0.0637451,20,20,0,0
recipe:mallory_2025_ripples,recipe:wu_2017,network,0.110533,0.0541732,0.172574,20,0.169732,0.0864453,0.249412,20,0.110533,0.0541732,0.172574,20,0.169732,0.0864453,0.249412,20,20,0,0
recipe:mallory_2025_ripples,recipe:xu_2019,network,-0.000867961,-0.0547446,0.0507017,20,-0.0332089,-0.0892137,0.0242718,20,-0.000867961,-0.0547446,0.0507017,20,-0.0332089,-0.0892137,0.0242718,20,20,0,0
recipe:mallory_2025_ripples,recipe:yamamoto_2017,network,0.171127,0.0992329,0.234888,20,0.248099,0.181107,0.320358,20,0.171127,0.0992329,0.234888,20,0.248099,0.181107,0.320358,20,20,0,0
recipe:mallory_2025_ripples,recipe:yang_2024,network,0.0160629,-0.0402012,0.070207,20,-0.0560174,-0.122796,0.01458,20,0.0160629,-0.0402012,0.070207,20,-0.0560174,-0.122796,0.01458,20,20,0,0
recipe:michon_2019,recipe:michon_2021,network,1,1,1,20,1,1,1,20,1,1,1,20,1,1,1,20,20,0,0
recipe:michon_2019,recipe:mou_2022,network,0.458577,0.375984,0.53744,20,0.434379,0.353186,0.512702,20,0.458577,0.375984,0.53744,20,0.434379,0.353186,0.512702,20,20,0,0
recipe:michon_2019,recipe:muessig_2019,network,0.347381,0.16844,0.509777,20,0.22763,-0.00888366,0.445117,20,0.347381,0.16844,0.509777,20,0.22763,-0.00888366,0.445117,20,20,0,0
recipe:michon_2019,recipe:muessig_2019_ripples,network,0.13493,0.0527188,0.217974,20,0.209398,0.155338,0.263618,20,0.13493,0.0527188,0.217974,20,0.209398,0.155338,0.263618,20,20,0,0
recipe:michon_2019,recipe:nadasdy_1999,network,0.204095,0.0929995,0.305865,20,0.126315,0.0555019,0.201221,20,0.204095,0.0929995,0.305865,20,0.126315,0.0555019,0.201221,20,20,0,0
recipe:michon_2019,recipe:olafsdottir_2015,network,0.280021,0.200628,0.362122,20,0.246342,0.170801,0.324131,20,0.280021,0.200628,0.362122,20,0.246342,0.170801,0.324131,20,20,0,0
recipe:michon_2019,recipe:olafsdottir_2015.bayesian_candidates,network,0.274614,0.192162,0.361084,20,0.216243,0.133487,0.299175,20,0.274614,0.192162,0.361084,20,0.216243,0.133487,0.299175,20,20,0,0
recipe:michon_2019,recipe:olafsdottir_2016,network,0.278311,0.203515,0.349746,20,0.272803,0.176523,0.367882,20,0.278311,0.203515,0.349746,20,0.272803,0.176523,0.367882,20,20,0,0
recipe:michon_2019,recipe:olafsdottir_2017,network,0.232164,0.161811,0.298171,20,0.280648,0.197321,0.365312,20,0.232164,0.161811,0.298171,20,0.280648,0.197321,0.365312,20,20,0,0
recipe:michon_2019,recipe:olafsdottir_2017.trajectory,network,0.278311,0.203515,0.349746,20,0.272803,0.176523,0.367882,20,0.278311,0.203515,0.349746,20,0.272803,0.176523,0.367882,20,20,0,0
recipe:michon_2019,recipe:pfeiffer_2013,network,0.355556,0.272618,0.443524,20,0.455294,0.394789,0.524933,20,0.355556,0.272618,0.443524,20,0.455294,0.394789,0.524933,20,20,0,0
recipe:michon_2019,recipe:pfeiffer_2013_ripples,network,0.0660521,-0.00950394,0.136808,20,0.0848986,0.00218523,0.171023,20,0.0660521,-0.00950394,0.136808,20,0.0848986,0.00218523,0.171023,20,20,0,0
recipe:michon_2019,recipe:pfeiffer_2015,network,0.0660521,-0.00950394,0.136808,20,0.0848986,0.00218523,0.171023,20,0.0660521,-0.00950394,0.136808,20,0.0848986,0.00218523,0.171023,20,20,0,0
recipe:michon_2019,recipe:shin_2019,network,0.109033,0.0214234,0.192875,20,0.0737979,0.00878179,0.143126,20,0.109033,0.0214234,0.192875,20,0.0737979,0.00878179,0.143126,20,20,0,0
recipe:michon_2019,recipe:silva_2015,network,0.345891,0.26638,0.431417,20,0.441816,0.359587,0.524635,20,0.345891,0.26638,0.431417,20,0.441816,0.359587,0.524635,20,20,0,0
recipe:michon_2019,recipe:stella_2019,network,0.242247,0.135485,0.34062,20,0.172719,0.109037,0.240527,20,0.242247,0.135485,0.34062,20,0.172719,0.109037,0.240527,20,20,0,0
recipe:michon_2019,recipe:tang_2017,network,0.109033,0.0214234,0.192875,20,0.0737979,0.00878179,0.143126,20,0.109033,0.0214234,0.192875,20,0.0737979,0.00878179,0.143126,20,20,0,0
recipe:michon_2019,recipe:tirole_2022,network,0.784446,0.739965,0.830115,20,0.813533,0.757669,0.862708,20,0.784446,0.739965,0.830115,20,0.813533,0.757669,0.862708,20,20,0,0
recipe:michon_2019,recipe:widloski_2025,network,0.0412866,-0.0389409,0.113383,20,0.0414706,-0.0351366,0.125358,20,0.0412866,-0.0389409,0.113383,20,0.0414706,-0.0351366,0.125358,20,20,0,0
recipe:michon_2019,recipe:widloski_2025_bursts,network,0.192077,0.119445,0.265292,20,0.20575,0.0957818,0.316547,20,0.192077,0.119445,0.265292,20,0.20575,0.0957818,0.316547,20,20,0,0
recipe:michon_2019,recipe:wikenheiser_2013,network,-0.012631,-0.0891562,0.067106,20,0.00369174,-0.0774377,0.0824842,20,-0.012631,-0.0891562,0.067106,20,0.00369174,-0.0774377,0.0824842,20,20,0,0
recipe:michon_2019,recipe:wu_2014,network,0.283654,0.215757,0.354946,20,0.313771,0.244262,0.386951,20,0.283654,0.215757,0.354946,20,0.313771,0.244262,0.386951,20,20,0,0
recipe:michon_2019,recipe:wu_2017,network,0.398703,0.276226,0.507037,20,0.321411,0.257307,0.38588,20,0.398703,0.276226,0.507037,20,0.321411,0.257307,0.38588,20,20,0,0
recipe:michon_2019,recipe:xu_2019,network,0.328286,0.255348,0.401852,20,0.403039,0.325088,0.477721,20,0.328286,0.255348,0.401852,20,0.403039,0.325088,0.477721,20,20,0,0
recipe:michon_2019,recipe:yamamoto_2017,network,0.26126,0.192926,0.330199,20,0.270815,0.193852,0.351052,20,0.26126,0.192926,0.330199,20,0.270815,0.193852,0.351052,20,20,0,0
recipe:michon_2019,recipe:yang_2024,network,0.337159,0.261693,0.408988,20,0.45792,0.389413,0.529349,20,0.337159,0.261693,0.408988,20,0.45792,0.389413,0.529349,20,20,0,0
recipe:michon_2021,recipe:mou_2022,network,0.458577,0.375984,0.53744,20,0.434379,0.353186,0.512702,20,0.458577,0.375984,0.53744,20,0.434379,0.353186,0.512702,20,20,0,0
recipe:michon_2021,recipe:muessig_2019,network,0.347381,0.16844,0.509777,20,0.22763,-0.00888366,0.445117,20,0.347381,0.16844,0.509777,20,0.22763,-0.00888366,0.445117,20,20,0,0
recipe:michon_2021,recipe:muessig_2019_ripples,network,0.13493,0.0527188,0.217974,20,0.209398,0.155338,0.263618,20,0.13493,0.0527188,0.217974,20,0.209398,0.155338,0.263618,20,20,0,0
recipe:michon_2021,recipe:nadasdy_1999,network,0.204095,0.0929995,0.305865,20,0.126315,0.0555019,0.201221,20,0.204095,0.0929995,0.305865,20,0.126315,0.0555019,0.201221,20,20,0,0
recipe:michon_2021,recipe:olafsdottir_2015,network,0.280021,0.200628,0.362122,20,0.246342,0.170801,0.324131,20,0.280021,0.200628,0.362122,20,0.246342,0.170801,0.324131,20,20,0,0
recipe:michon_2021,recipe:olafsdottir_2015.bayesian_candidates,network,0.274614,0.192162,0.361084,20,0.216243,0.133487,0.299175,20,0.274614,0.192162,0.361084,20,0.216243,0.133487,0.299175,20,20,0,0
recipe:michon_2021,recipe:olafsdottir_2016,network,0.278311,0.203515,0.349746,20,0.272803,0.176523,0.367882,20,0.278311,0.203515,0.349746,20,0.272803,0.176523,0.367882,20,20,0,0
recipe:michon_2021,recipe:olafsdottir_2017,network,0.232164,0.161811,0.298171,20,0.280648,0.197321,0.365312,20,0.232164,0.161811,0.298171,20,0.280648,0.197321,0.365312,20,20,0,0
recipe:michon_2021,recipe:olafsdottir_2017.trajectory,network,0.278311,0.203515,0.349746,20,0.272803,0.176523,0.367882,20,0.278311,0.203515,0.349746,20,0.272803,0.176523,0.367882,20,20,0,0
recipe:michon_2021,recipe:pfeiffer_2013,network,0.355556,0.272618,0.443524,20,0.455294,0.394789,0.524933,20,0.355556,0.272618,0.443524,20,0.455294,0.394789,0.524933,20,20,0,0
recipe:michon_2021,recipe:pfeiffer_2013_ripples,network,0.0660521,-0.00950394,0.136808,20,0.0848986,0.00218523,0.171023,20,0.0660521,-0.00950394,0.136808,20,0.0848986,0.00218523,0.171023,20,20,0,0
recipe:michon_2021,recipe:pfeiffer_2015,network,0.0660521,-0.00950394,0.136808,20,0.0848986,0.00218523,0.171023,20,0.0660521,-0.00950394,0.136808,20,0.0848986,0.00218523,0.171023,20,20,0,0
recipe:michon_2021,recipe:shin_2019,network,0.109033,0.0214234,0.192875,20,0.0737979,0.00878179,0.143126,20,0.109033,0.0214234,0.192875,20,0.0737979,0.00878179,0.143126,20,20,0,0
recipe:michon_2021,recipe:silva_2015,network,0.345891,0.26638,0.431417,20,0.441816,0.359587,0.524635,20,0.345891,0.26638,0.431417,20,0.441816,0.359587,0.524635,20,20,0,0
recipe:michon_2021,recipe:stella_2019,network,0.242247,0.135485,0.34062,20,0.172719,0.109037,0.240527,20,0.242247,0.135485,0.34062,20,0.172719,0.109037,0.240527,20,20,0,0
recipe:michon_2021,recipe:tang_2017,network,0.109033,0.0214234,0.192875,20,0.0737979,0.00878179,0.143126,20,0.109033,0.0214234,0.192875,20,0.0737979,0.00878179,0.143126,20,20,0,0
recipe:michon_2021,recipe:tirole_2022,network,0.784446,0.739965,0.830115,20,0.813533,0.757669,0.862708,20,0.784446,0.739965,0.830115,20,0.813533,0.757669,0.862708,20,20,0,0
recipe:michon_2021,recipe:widloski_2025,network,0.0412866,-0.0389409,0.113383,20,0.0414706,-0.0351366,0.125358,20,0.0412866,-0.0389409,0.113383,20,0.0414706,-0.0351366,0.125358,20,20,0,0
recipe:michon_2021,recipe:widloski_2025_bursts,network,0.192077,0.119445,0.265292,20,0.20575,0.0957818,0.316547,20,0.192077,0.119445,0.265292,20,0.20575,0.0957818,0.316547,20,20,0,0
recipe:michon_2021,recipe:wikenheiser_2013,network,-0.012631,-0.0891562,0.067106,20,0.00369174,-0.0774377,0.0824842,20,-0.012631,-0.0891562,0.067106,20,0.00369174,-0.0774377,0.0824842,20,20,0,0
recipe:michon_2021,recipe:wu_2014,network,0.283654,0.215757,0.354946,20,0.313771,0.244262,0.386951,20,0.283654,0.215757,0.354946,20,0.313771,0.244262,0.386951,20,20,0,0
recipe:michon_2021,recipe:wu_2017,network,0.398703,0.276226,0.507037,20,0.321411,0.257307,0.38588,20,0.398703,0.276226,0.507037,20,0.321411,0.257307,0.38588,20,20,0,0
recipe:michon_2021,recipe:xu_2019,network,0.328286,0.255348,0.401852,20,0.403039,0.325088,0.477721,20,0.328286,0.255348,0.401852,20,0.403039,0.325088,0.477721,20,20,0,0
recipe:michon_2021,recipe:yamamoto_2017,network,0.26126,0.192926,0.330199,20,0.270815,0.193852,0.351052,20,0.26126,0.192926,0.330199,20,0.270815,0.193852,0.351052,20,20,0,0
recipe:michon_2021,recipe:yang_2024,network,0.337159,0.261693,0.408988,20,0.45792,0.389413,0.529349,20,0.337159,0.261693,0.408988,20,0.45792,0.389413,0.529349,20,20,0,0
recipe:mou_2022,recipe:muessig_2019,network,0.122823,-0.00539637,0.246415,20,0.1551,-0.00817777,0.315365,20,0.122823,-0.00539637,0.246415,20,0.1551,-0.00817777,0.315365,20,20,0,0
recipe:mou_2022,recipe:muessig_2019_ripples,network,0.00821494,-0.0538775,0.0688621,20,0.024389,-0.0193465,0.0672023,20,0.00821494,-0.0538775,0.0688621,20,0.024389,-0.0193465,0.0672023,20,20,0,0
recipe:mou_2022,recipe:nadasdy_1999,network,0.0646203,-0.000739718,0.135097,20,0.0272711,-0.0347811,0.0946001,20,0.0646203,-0.000739718,0.135097,20,0.0272711,-0.0347811,0.0946001,20,20,0,0
recipe:mou_2022,recipe:olafsdottir_2015,burst,0.119298,0.0613518,0.177885,20,0.169464,0.119524,0.219266,20,0.119428,0.0526554,0.183337,20,0.183617,0.131667,0.23649,20,20,0,0
recipe:mou_2022,recipe:olafsdottir_2015.bayesian_candidates,burst,0.113063,0.045018,0.176845,20,0.178714,0.12443,0.234715,20,0.113202,0.0384685,0.182482,20,0.189691,0.127092,0.251965,20,20,0,0
recipe:mou_2022,recipe:olafsdottir_2016,burst,0.0432726,-0.0264583,0.110704,20,0.0461822,-0.0121317,0.104646,20,0.0638456,-0.00938558,0.131403,20,0.0608565,-0.00154785,0.123281,20,20,0,0
recipe:mou_2022,recipe:olafsdottir_2017,burst,0.029894,-0.0344095,0.0948274,20,0.0720929,0.0186196,0.125516,20,0.0524193,-0.0133453,0.116185,20,0.0883431,0.0316297,0.146328,20,20,0,0
recipe:mou_2022,recipe:olafsdottir_2017.trajectory,burst,0.0432726,-0.0264583,0.110704,20,0.0461822,-0.0121317,0.104646,20,0.0638456,-0.00938558,0.131403,20,0.0608565,-0.00154785,0.123281,20,20,0,0
recipe:mou_2022,recipe:pfeiffer_2013,burst,0.181051,0.125304,0.234368,20,0.24236,0.191023,0.293984,20,0.175707,0.124784,0.224993,20,0.252785,0.200752,0.30558,20,20,0,0
recipe:mou_2022,recipe:pfeiffer_2013_ripples,network,0.0419724,-0.0183305,0.100743,20,-0.00483209,-0.053948,0.0490813,20,0.0419724,-0.0183305,0.100743,20,-0.00483209,-0.053948,0.0490813,20,20,0,0
recipe:mou_2022,recipe:pfeiffer_2015,network,0.0420684,-0.0183257,0.100745,20,-0.00483209,-0.053948,0.0490813,20,0.0420684,-0.0183257,0.100745,20,-0.00483209,-0.053948,0.0490813,20,20,0,0
recipe:mou_2022,recipe:shin_2019,network,0.0215954,-0.0269572,0.0696984,20,0.019878,-0.0319115,0.0686073,20,0.0215954,-0.0269572,0.0696984,20,0.019878,-0.0319115,0.0686073,20,20,0,0
recipe:mou_2022,recipe:silva_2015,burst,0.187656,0.121563,0.254954,20,0.235122,0.174828,0.296122,20,0.184325,0.125038,0.243632,20,0.253132,0.18862,0.317824,20,20,0,0
recipe:mou_2022,recipe:stella_2019,network,0.0389049,-0.0348552,0.114967,20,0.0221573,-0.0230526,0.0702298,20,0.0389049,-0.0348552,0.114967,20,0.0221573,-0.0230526,0.0702298,20,20,0,0
recipe:mou_2022,recipe:tang_2017,network,0.0215954,-0.0269572,0.0696984,20,0.019878,-0.0319115,0.0686073,20,0.0215954,-0.0269572,0.0696984,20,0.019878,-0.0319115,0.0686073,20,20,0,0
recipe:mou_2022,recipe:tirole_2022,network,0.574136,0.501427,0.649027,20,0.540841,0.458165,0.615323,20,0.574136,0.501427,0.649027,20,0.540841,0.458165,0.615323,20,20,0,0
recipe:mou_2022,recipe:widloski_2025,network,0.0170648,-0.0421148,0.0780761,20,0.0165421,-0.0547768,0.0857816,20,0.0170648,-0.0421148,0.0780761,20,0.0165421,-0.0547768,0.0857816,20,20,0,0
recipe:mou_2022,recipe:widloski_2025_bursts,burst,0.31428,0.253914,0.375111,20,0.348895,0.299097,0.396991,20,0.306211,0.247166,0.363241,20,0.335815,0.287759,0.38234,20,20,0,0
recipe:mou_2022,recipe:wikenheiser_2013,network,-0.0256616,-0.0825888,0.0325837,20,-0.00176926,-0.0502709,0.0473618,20,-0.0256616,-0.0825888,0.0325837,20,-0.00176926,-0.0502709,0.0473618,20,20,0,0
recipe:mou_2022,recipe:wu_2014,burst,0.160275,0.119945,0.199832,20,0.208056,0.161057,0.252847,20,0.162236,0.117596,0.205728,20,0.225267,0.179527,0.270404,20,20,0,0
recipe:mou_2022,recipe:wu_2017,burst,0.195259,0.123937,0.273212,20,0.120661,0.0623488,0.185062,20,0.182168,0.117086,0.250761,20,0.114274,0.0594794,0.178754,20,20,0,0
recipe:mou_2022,recipe:xu_2019,burst,0.200796,0.146346,0.256606,20,0.291237,0.248778,0.334873,20,0.197355,0.145712,0.253446,20,0.301699,0.257992,0.345628,20,20,0,0
recipe:mou_2022,recipe:yamamoto_2017,network,0.0924352,0.0329631,0.155355,20,0.0706726,0.0171964,0.123037,20,0.0924352,0.0329631,0.155355,20,0.0706726,0.0171964,0.123037,20,20,0,0
recipe:mou_2022,recipe:yang_2024,network,0.206898,0.124513,0.287744,20,0.312438,0.242849,0.379778,20,0.206898,0.124513,0.287744,20,0.312438,0.242849,0.379778,20,20,0,0
recipe:muessig_2019,recipe:muessig_2019_ripples,network,0.158441,0.0142454,0.308873,20,0.585414,0.500051,0.670635,20,0.158441,0.0142454,0.308873,20,0.585414,0.500051,0.670635,20,20,0,0
recipe:muessig_2019,recipe:nadasdy_1999,network,0.367657,0.220164,0.505717,20,0.178032,-0.0455143,0.370891,20,0.367657,0.220164,0.505717,20,0.178032,-0.0455143,0.370891,20,20,0,0
recipe:muessig_2019,recipe:olafsdottir_2015,network,0.45387,0.331169,0.558904,20,0.254056,0.102607,0.396852,20,0.45387,0.331169,0.558904,20,0.254056,0.102607,0.396852,20,20,0,0
recipe:muessig_2019,recipe:olafsdottir_2015.bayesian_candidates,network,0.454011,0.330259,0.559023,20,0.262086,0.104322,0.409667,20,0.454011,0.330259,0.559023,20,0.262086,0.104322,0.409667,20,20,0,0
recipe:muessig_2019,recipe:olafsdottir_2016,network,0.700448,0.567428,0.805543,20,0.519583,0.399421,0.64224,20,0.700448,0.567428,0.805543,20,0.519583,0.399421,0.64224,20,20,0,0
recipe:muessig_2019,recipe:olafsdottir_2017,network,0.631019,0.484407,0.755026,20,0.491843,0.343236,0.633328,20,0.631019,0.484407,0.755026,20,0.491843,0.343236,0.633328,20,20,0,0
recipe:muessig_2019,recipe:olafsdottir_2017.trajectory,network,0.700448,0.567428,0.805543,20,0.519583,0.399421,0.64224,20,0.700448,0.567428,0.805543,20,0.519583,0.399421,0.64224,20,20,0,0
recipe:muessig_2019,recipe:pfeiffer_2013,network,0.62885,0.510284,0.736459,20,0.412968,0.284821,0.543835,20,0.62885,0.510284,0.736459,20,0.412968,0.284821,0.543835,20,20,0,0
recipe:muessig_2019,recipe:pfeiffer_2013_ripples,network,-0.0606711,-0.233775,0.103423,20,-0.0873751,-0.254486,0.0677399,20,-0.0606711,-0.233775,0.103423,20,-0.0873751,-0.254486,0.0677399,20,20,0,0
recipe:muessig_2019,recipe:pfeiffer_2015,network,-0.0606711,-0.233775,0.103423,20,-0.0873751,-0.254486,0.0677399,20,-0.0606711,-0.233775,0.103423,20,-0.0873751,-0.254486,0.0677399,20,20,0,0
recipe:muessig_2019,recipe:shin_2019,network,0.0889128,-0.0616259,0.234664,20,0.0186514,-0.130254,0.159384,20,0.0889128,-0.0616259,0.234664,20,0.0186514,-0.130254,0.159384,20,20,0,0
recipe:muessig_2019,recipe:silva_2015,network,0.570123,0.437731,0.685485,20,0.364722,0.245637,0.484516,20,0.570123,0.437731,0.685485,20,0.364722,0.245637,0.484516,20,20,0,0
recipe:muessig_2019,recipe:stella_2019,network,0.370619,0.259582,0.478324,20,0.0940534,-0.0881616,0.267503,20,0.370619,0.259582,0.478324,20,0.0940534,-0.0881616,0.267503,20,20,0,0
recipe:muessig_2019,recipe:tang_2017,network,0.0889128,-0.0616259,0.234664,20,0.0186514,-0.130254,0.159384,20,0.0889128,-0.0616259,0.234664,20,0.0186514,-0.130254,0.159384,20,20,0,0
recipe:muessig_2019,recipe:tirole_2022,network,0.285784,0.151328,0.419727,20,0.229969,0.0571205,0.383121,20,0.285784,0.151328,0.419727,20,0.229969,0.0571205,0.383121,20,20,0,0
recipe:muessig_2019,recipe:widloski_2025,network,0.0326677,-0.133064,0.199553,20,-0.0293806,-0.198514,0.144659,20,0.0326677,-0.133064,0.199553,20,-0.0293806,-0.198514,0.144659,20,20,0,0
recipe:muessig_2019,recipe:widloski_2025_bursts,network,0.0880685,-0.0593695,0.223707,20,0.20481,0.0780501,0.321016,20,0.0880685,-0.0593695,0.223707,20,0.20481,0.0780501,0.321016,20,20,0,0
recipe:muessig_2019,recipe:wikenheiser_2013,network,0.0244855,-0.134461,0.168888,20,0.094186,-0.0395508,0.24806,20,0.0244855,-0.134461,0.168888,20,0.094186,-0.0395508,0.24806,20,20,0,0
recipe:muessig_2019,recipe:wu_2014,network,0.441702,0.294087,0.575531,20,0.153854,-0.0209364,0.319758,20,0.441702,0.294087,0.575531,20,0.153854,-0.0209364,0.319758,20,20,0,0
recipe:muessig_2019,recipe:wu_2017,network,0.497815,0.328157,0.643901,20,0.460027,0.353246,0.569668,20,0.497815,0.328157,0.643901,20,0.460027,0.353246,0.569668,20,20,0,0
recipe:muessig_2019,recipe:xu_2019,network,0.402799,0.24844,0.537355,20,0.110003,-0.0568767,0.275931,20,0.402799,0.24844,0.537355,20,0.110003,-0.0568767,0.275931,20,20,0,0
recipe:muessig_2019,recipe:yamamoto_2017,network,0.43937,0.287824,0.582056,20,0.428002,0.250815,0.570511,20,0.43937,0.287824,0.582056,20,0.428002,0.250815,0.570511,20,20,0,0
recipe:muessig_2019,recipe:yang_2024,network,0.468672,0.302398,0.607902,20,0.107658,-0.0554853,0.268108,20,0.468672,0.302398,0.607902,20,0.107658,-0.0554853,0.268108,20,20,0,0
recipe:muessig_2019_ripples,recipe:nadasdy_1999,ripple,0.430839,0.368327,0.493189,20,0.464465,0.415762,0.509235,20,0.395848,0.339951,0.445937,20,0.50209,0.436064,0.562264,20,20,0,0
recipe:muessig_2019_ripples,recipe:olafsdottir_2015,network,0.12027,0.0688233,0.170864,20,0.180907,0.118883,0.234202,20,0.12027,0.0688233,0.170864,20,0.180907,0.118883,0.234202,20,20,0,0
recipe:muessig_2019_ripples,recipe:olafsdottir_2015.bayesian_candidates,network,0.143651,0.0887813,0.201541,20,0.190035,0.135215,0.240328,20,0.143651,0.0887813,0.201541,20,0.190035,0.135215,0.240328,20,20,0,0
recipe:muessig_2019_ripples,recipe:olafsdottir_2016,network,0.318397,0.25781,0.380286,20,0.504844,0.454132,0.546631,20,0.318397,0.25781,0.380286,20,0.504844,0.454132,0.546631,20,20,0,0
recipe:muessig_2019_ripples,recipe:olafsdottir_2017,network,0.303929,0.246939,0.358948,20,0.479215,0.422046,0.529203,20,0.303929,0.246939,0.358948,20,0.479215,0.422046,0.529203,20,20,0,0
recipe:muessig_2019_ripples,recipe:olafsdottir_2017.trajectory,network,0.318397,0.25781,0.380286,20,0.504844,0.454132,0.546631,20,0.318397,0.25781,0.380286,20,0.504844,0.454132,0.546631,20,20,0,0
recipe:muessig_2019_ripples,recipe:pfeiffer_2013,network,0.172237,0.115785,0.233328,20,0.257468,0.201887,0.311259,20,0.172237,0.115785,0.233328,20,0.257468,0.201887,0.311259,20,20,0,0
recipe:muessig_2019_ripples,recipe:pfeiffer_2013_ripples,ripple,0.177303,0.129484,0.225003,20,0.135745,0.0927543,0.180692,20,0.200526,0.144301,0.253698,20,0.269813,0.21049,0.325292,20,20,0,0
recipe:muessig_2019_ripples,recipe:pfeiffer_2015,ripple,0.177303,0.129484,0.225003,20,0.135745,0.0927543,0.180692,20,0.200481,0.144258,0.253653,20,0.269813,0.21049,0.325292,20,20,0,0
recipe:muessig_2019_ripples,recipe:shin_2019,ripple,0.18108,0.123926,0.227479,20,0.130223,0.0870626,0.173176,20,0.331668,0.284647,0.372244,20,0.281839,0.224414,0.340813,20,20,0,0
recipe:muessig_2019_ripples,recipe:silva_2015,network,0.181368,0.118897,0.24716,20,0.280528,0.227177,0.329373,20,0.181368,0.118897,0.24716,20,0.280528,0.227177,0.329373,20,20,0,0
recipe:muessig_2019_ripples,recipe:stella_2019,ripple,0.668193,0.632494,0.703166,20,0.66644,0.641142,0.692658,20,0.569757,0.526362,0.612436,20,0.641509,0.586972,0.688894,20,20,0,0
recipe:muessig_2019_ripples,recipe:tang_2017,ripple,0.18108,0.123926,0.227479,20,0.130223,0.0870626,0.173176,20,0.331668,0.284647,0.372244,20,0.281839,0.224414,0.340813,20,20,0,0
recipe:muessig_2019_ripples,recipe:tirole_2022,network,0.106154,0.0419251,0.17252,20,0.175639,0.133883,0.212711,20,0.106154,0.0419251,0.17252,20,0.175639,0.133883,0.212711,20,20,0,0
recipe:muessig_2019_ripples,recipe:widloski_2025,ripple,0.0433499,-0.0101522,0.093066,20,0.0777832,0.0100664,0.148484,20,0.0702067,0.00115779,0.135716,20,0.0986943,0.0295746,0.169974,20,20,0,0
recipe:muessig_2019_ripples,recipe:widloski_2025_bursts,network,0.0338828,-0.0337654,0.106823,20,0.0817997,0.032047,0.137674,20,0.0338828,-0.0337654,0.106823,20,0.0817997,0.032047,0.137674,20,20,0,0
recipe:muessig_2019_ripples,recipe:wikenheiser_2013,ripple,0.044372,-0.0101379,0.0937408,20,0.0427349,-0.00786195,0.0913793,20,0.0740534,0.00590656,0.138047,20,0.0883811,0.0304558,0.13851,20,20,0,0
recipe:muessig_2019_ripples,recipe:wu_2014,network,0.0890236,0.0387135,0.133858,20,0.126499,0.078709,0.171263,20,0.0890236,0.0387135,0.133858,20,0.126499,0.078709,0.171263,20,20,0,0
recipe:muessig_2019_ripples,recipe:wu_2017,network,0.333261,0.266838,0.406084,20,0.466525,0.437061,0.492622,20,0.333261,0.266838,0.406084,20,0.466525,0.437061,0.492622,20,20,0,0
recipe:muessig_2019_ripples,recipe:xu_2019,network,0.112205,0.0562602,0.169452,20,0.123861,0.0706427,0.177113,20,0.112205,0.0562602,0.169452,20,0.123861,0.0706427,0.177113,20,20,0,0
recipe:muessig_2019_ripples,recipe:yamamoto_2017,network,0.47296,0.428939,0.517224,20,0.616315,0.58236,0.650648,20,0.47296,0.428939,0.517224,20,0.616315,0.58236,0.650648,20,20,0,0
recipe:muessig_2019_ripples,recipe:yang_2024,network,0.141035,0.0816976,0.203376,20,0.115944,0.0399309,0.193823,20,0.141035,0.0816976,0.203376,20,0.115944,0.0399309,0.193823,20,20,0,0
recipe:nadasdy_1999,recipe:olafsdottir_2015,network,0.134355,0.0676349,0.199981,20,0.108289,0.0462301,0.166481,20,0.134355,0.0676349,0.199981,20,0.108289,0.0462301,0.166481,20,20,0,0
recipe:nadasdy_1999,recipe:olafsdottir_2015.bayesian_candidates,network,0.147795,0.0720026,0.227973,20,0.112505,0.0606433,0.163087,20,0.147795,0.0720026,0.227973,20,0.112505,0.0606433,0.163087,20,20,0,0
recipe:nadasdy_1999,recipe:olafsdottir_2016,network,0.186607,0.108949,0.259461,20,0.271706,0.201102,0.340585,20,0.186607,0.108949,0.259461,20,0.271706,0.201102,0.340585,20,20,0,0
recipe:nadasdy_1999,recipe:olafsdottir_2017,network,0.178938,0.115458,0.24599,20,0.312424,0.251911,0.374687,20,0.178938,0.115458,0.24599,20,0.312424,0.251911,0.374687,20,20,0,0
recipe:nadasdy_1999,recipe:olafsdottir_2017.trajectory,network,0.186607,0.108949,0.259461,20,0.271706,0.201102,0.340585,20,0.186607,0.108949,0.259461,20,0.271706,0.201102,0.340585,20,20,0,0
recipe:nadasdy_1999,recipe:pfeiffer_2013,network,0.146867,0.0783616,0.214489,20,0.148772,0.0868115,0.208261,20,0.146867,0.0783616,0.214489,20,0.148772,0.0868115,0.208261,20,20,0,0
recipe:nadasdy_1999,recipe:pfeiffer_2013_ripples,ripple,0.26557,0.20464,0.326264,20,0.284623,0.231803,0.337583,20,0.334235,0.284491,0.383229,20,0.412889,0.352187,0.478989,20,20,0,0
recipe:nadasdy_1999,recipe:pfeiffer_2015,ripple,0.26557,0.20464,0.326264,20,0.284623,0.231803,0.337583,20,0.334235,0.284491,0.383229,20,0.412889,0.352187,0.478989,20,20,0,0
recipe:nadasdy_1999,recipe:shin_2019,ripple,0.410521,0.35794,0.46757,20,0.423188,0.371517,0.478655,20,0.576159,0.522288,0.629185,20,0.529177,0.472657,0.586802,20,20,0,0
recipe:nadasdy_1999,recipe:silva_2015,network,0.159331,0.0827247,0.235148,20,0.178827,0.127247,0.229361,20,0.159331,0.0827247,0.235148,20,0.178827,0.127247,0.229361,20,20,0,0
recipe:nadasdy_1999,recipe:stella_2019,ripple,0.667784,0.592895,0.732029,20,0.68168,0.62626,0.731243,20,0.789932,0.738838,0.8352,20,0.811196,0.769878,0.849642,20,20,0,0
recipe:nadasdy_1999,recipe:tang_2017,ripple,0.410521,0.35794,0.46757,20,0.423188,0.371517,0.478655,20,0.576159,0.522288,0.629185,20,0.529177,0.472657,0.586802,20,20,0,0
recipe:nadasdy_1999,recipe:tirole_2022,network,0.113444,0.0433336,0.187937,20,0.0760407,0.0240509,0.133361,20,0.113444,0.0433336,0.187937,20,0.0760407,0.0240509,0.133361,20,20,0,0
recipe:nadasdy_1999,recipe:widloski_2025,ripple,0.0470765,-0.0426623,0.144189,20,0.136546,0.0631931,0.20659,20,0.130146,0.0666931,0.196784,20,0.189375,0.108216,0.273171,20,20,0,0
recipe:nadasdy_1999,recipe:widloski_2025_bursts,network,0.0304763,-0.0507685,0.114687,20,0.08951,-0.0127551,0.17962,20,0.0304763,-0.0507685,0.114687,20,0.08951,-0.0127551,0.17962,20,20,0,0
recipe:nadasdy_1999,recipe:wikenheiser_2013,ripple,0.0857426,0.0249266,0.151737,20,0.0552316,0.00605279,0.105163,20,0.147355,0.0740256,0.219173,20,0.104375,0.0255486,0.176251,20,20,0,0
recipe:nadasdy_1999,recipe:wu_2014,network,0.109254,0.041329,0.177236,20,0.0868617,0.0345126,0.138106,20,0.109254,0.041329,0.177236,20,0.0868617,0.0345126,0.138106,20,20,0,0
recipe:nadasdy_1999,recipe:wu_2017,network,0.301198,0.218017,0.384801,20,0.322466,0.27,0.378759,20,0.301198,0.218017,0.384801,20,0.322466,0.27,0.378759,20,20,0,0
recipe:nadasdy_1999,recipe:xu_2019,network,0.0990001,0.0478497,0.155417,20,0.0802681,0.0185908,0.138925,20,0.0990001,0.0478497,0.155417,20,0.0802681,0.0185908,0.138925,20,20,0,0
recipe:nadasdy_1999,recipe:yamamoto_2017,network,0.370912,0.308112,0.433051,20,0.413535,0.342519,0.484847,20,0.370912,0.308112,0.433051,20,0.413535,0.342519,0.484847,20,20,0,0
recipe:nadasdy_1999,recipe:yang_2024,network,0.108382,0.0429344,0.169681,20,0.0725068,0.00260758,0.135103,20,0.108382,0.0429344,0.169681,20,0.0725068,0.00260758,0.135103,20,20,0,0
recipe:olafsdottir_2015,recipe:olafsdottir_2015.bayesian_candidates,burst,1,1,1,20,1,1,1,20,1,1,1,20,1,1,1,20,20,0,0
recipe:olafsdottir_2015,recipe:olafsdottir_2016,burst,0.37138,0.310565,0.434036,20,0.322323,0.277712,0.365211,20,0.446731,0.390829,0.506191,20,0.356258,0.30762,0.40309,20,20,0,0
recipe:olafsdottir_2015,recipe:olafsdottir_2017,burst,0.34999,0.294625,0.403863,20,0.302671,0.266478,0.34071,20,0.41457,0.362956,0.464223,20,0.333171,0.28909,0.378195,20,20,0,0
recipe:olafsdottir_2015,recipe:olafsdottir_2017.trajectory,burst,0.37138,0.310565,0.434036,20,0.322323,0.277712,0.365211,20,0.446731,0.390829,0.506191,20,0.356258,0.30762,0.40309,20,20,0,0
recipe:olafsdottir_2015,recipe:pfeiffer_2013,burst,0.473052,0.421763,0.528098,20,0.516765,0.458898,0.572987,20,0.537237,0.4926,0.584916,20,0.535393,0.478241,0.591524,20,20,0,0
recipe:olafsdottir_2015,recipe:pfeiffer_2013_ripples,network,0.00885497,-0.0491746,0.0636217,20,0.018279,-0.0416417,0.0749151,20,0.00885497,-0.0491746,0.0636217,20,0.018279,-0.0416417,0.0749151,20,20,0,0
recipe:olafsdottir_2015,recipe:pfeiffer_2015,network,0.00875629,-0.0492846,0.0636168,20,0.018279,-0.0416417,0.0749151,20,0.00875629,-0.0492846,0.0636168,20,0.018279,-0.0416417,0.0749151,20,20,0,0
recipe:olafsdottir_2015,recipe:shin_2019,network,0.0607799,0.00746318,0.116009,20,0.0280522,-0.028514,0.0772201,20,0.0607799,0.00746318,0.116009,20,0.0280522,-0.028514,0.0772201,20,20,0,0
recipe:olafsdottir_2015,recipe:silva_2015,burst,0.532913,0.483187,0.581062,20,0.543753,0.479662,0.607869,20,0.586712,0.544859,0.629565,20,0.567156,0.508056,0.625278,20,20,0,0
recipe:olafsdottir_2015,recipe:stella_2019,network,0.181743,0.116986,0.243124,20,0.123553,0.0521509,0.189256,20,0.181743,0.116986,0.243124,20,0.123553,0.0521509,0.189256,20,20,0,0
recipe:olafsdottir_2015,recipe:tang_2017,network,0.0607799,0.00746318,0.116009,20,0.0280522,-0.028514,0.0772201,20,0.0607799,0.00746318,0.116009,20,0.0280522,-0.028514,0.0772201,20,20,0,0
recipe:olafsdottir_2015,recipe:tirole_2022,network,0.253398,0.206111,0.300277,20,0.275084,0.22066,0.32983,20,0.253398,0.206111,0.300277,20,0.275084,0.22066,0.32983,20,20,0,0
recipe:olafsdottir_2015,recipe:widloski_2025,network,-0.0624545,-0.127504,0.00464723,20,0.0184844,-0.0371108,0.0790738,20,-0.0624545,-0.127504,0.00464723,20,0.0184844,-0.0371108,0.0790738,20,20,0,0
recipe:olafsdottir_2015,recipe:widloski_2025_bursts,burst,0.00528489,-0.0640789,0.0770545,20,0.00331728,-0.0609689,0.0695582,20,0.0164472,-0.0639403,0.0974888,20,0.000580117,-0.0660923,0.0712182,20,20,0,0
recipe:olafsdottir_2015,recipe:wikenheiser_2013,network,0.0216331,-0.0202006,0.0640122,20,0.0127894,-0.0434852,0.0638324,20,0.0216331,-0.0202006,0.0640122,20,0.0127894,-0.0434852,0.0638324,20,20,0,0
recipe:olafsdottir_2015,recipe:wu_2014,burst,0.83508,0.806581,0.860991,20,0.882916,0.843783,0.91719,20,0.855326,0.826413,0.882185,20,0.887176,0.847722,0.921413,20,20,0,0
recipe:olafsdottir_2015,recipe:wu_2017,burst,0.167431,0.108048,0.229432,20,0.124177,0.0654055,0.183188,20,0.221421,0.15479,0.291379,20,0.149395,0.0922115,0.202535,20,20,0,0
recipe:olafsdottir_2015,recipe:xu_2019,burst,0.634943,0.600696,0.670377,20,0.627702,0.582251,0.675565,20,0.673387,0.638171,0.709251,20,0.64084,0.595557,0.685622,20,20,0,0
recipe:olafsdottir_2015,recipe:yamamoto_2017,network,0.239112,0.191621,0.286984,20,0.188818,0.119424,0.258015,20,0.239112,0.191621,0.286984,20,0.188818,0.119424,0.258015,20,20,0,0
recipe:olafsdottir_2015,recipe:yang_2024,network,0.654976,0.592783,0.717148,20,0.623058,0.555839,0.689152,20,0.654976,0.592783,0.717148,20,0.623058,0.555839,0.689152,20,20,0,0
recipe:olafsdottir_2015.bayesian_candidates,recipe:olafsdottir_2016,burst,0.356317,0.291811,0.423107,20,0.309263,0.26044,0.355786,20,0.433658,0.376222,0.491689,20,0.341776,0.28508,0.394988,20,20,0,0
recipe:olafsdottir_2015.bayesian_candidates,recipe:olafsdottir_2017,burst,0.323641,0.26093,0.385352,20,0.281169,0.240987,0.323279,20,0.395885,0.343671,0.448904,20,0.31453,0.261602,0.365671,20,20,0,0
recipe:olafsdottir_2015.bayesian_candidates,recipe:olafsdottir_2017.trajectory,burst,0.356317,0.291811,0.423107,20,0.309263,0.26044,0.355786,20,0.433658,0.376222,0.491689,20,0.341776,0.28508,0.394988,20,20,0,0
recipe:olafsdottir_2015.bayesian_candidates,recipe:pfeiffer_2013,burst,0.462445,0.403959,0.525418,20,0.493139,0.438161,0.548851,20,0.529657,0.477789,0.583023,20,0.518598,0.463938,0.572171,20,20,0,0
recipe:olafsdottir_2015.bayesian_candidates,recipe:pfeiffer_2013_ripples,network,0.00959337,-0.0508399,0.0701085,20,0.00393816,-0.0654733,0.0700737,20,0.00959337,-0.0508399,0.0701085,20,0.00393816,-0.0654733,0.0700737,20,20,0,0
recipe:olafsdottir_2015.bayesian_candidates,recipe:pfeiffer_2015,network,0.00948766,-0.051046,0.0701085,20,0.00393816,-0.0654733,0.0700737,20,0.00948766,-0.051046,0.0701085,20,0.00393816,-0.0654733,0.0700737,20,20,0,0
recipe:olafsdottir_2015.bayesian_candidates,recipe:shin_2019,network,0.0681492,0.0132634,0.127787,20,0.0240156,-0.028341,0.0735294,20,0.0681492,0.0132634,0.127787,20,0.0240156,-0.028341,0.0735294,20,20,0,0
recipe:olafsdottir_2015.bayesian_candidates,recipe:silva_2015,burst,0.527379,0.47405,0.580179,20,0.527371,0.466856,0.587958,20,0.588952,0.54427,0.63625,20,0.554257,0.498223,0.609218,20,20,0,0
recipe:olafsdottir_2015.bayesian_candidates,recipe:stella_2019,network,0.189574,0.121745,0.25556,20,0.11767,0.0502624,0.18223,20,0.189574,0.121745,0.25556,20,0.11767,0.0502624,0.18223,20,20,0,0
recipe:olafsdottir_2015.bayesian_candidates,recipe:tang_2017,network,0.0681492,0.0132634,0.127787,20,0.0240156,-0.028341,0.0735294,20,0.0681492,0.0132634,0.127787,20,0.0240156,-0.028341,0.0735294,20,20,0,0
recipe:olafsdottir_2015.bayesian_candidates,recipe:tirole_2022,network,0.245261,0.170166,0.310463,20,0.260638,0.208682,0.312382,20,0.245261,0.170166,0.310463,20,0.260638,0.208682,0.312382,20,20,0,0
recipe:olafsdottir_2015.bayesian_candidates,recipe:widloski_2025,network,-0.0431116,-0.105335,0.0224979,20,0.0246754,-0.035079,0.0889711,20,-0.0431116,-0.105335,0.0224979,20,0.0246754,-0.035079,0.0889711,20,20,0,0
recipe:olafsdottir_2015.bayesian_candidates,recipe:widloski_2025_bursts,burst,0.00534146,-0.0642995,0.0765271,20,-0.00155336,-0.0632921,0.0664669,20,0.0160759,-0.0649195,0.0966995,20,-0.00100208,-0.0688476,0.0733112,20,20,0,0
recipe:olafsdottir_2015.bayesian_candidates,recipe:wikenheiser_2013,network,0.0355549,-0.0096383,0.0839334,20,0.00333205,-0.0499394,0.0546581,20,0.0355549,-0.0096383,0.0839334,20,0.00333205,-0.0499394,0.0546581,20,20,0,0
recipe:olafsdottir_2015.bayesian_candidates,recipe:wu_2014,burst,0.834619,0.803161,0.863262,20,0.881378,0.843037,0.915397,20,0.855189,0.822717,0.885193,20,0.887002,0.848027,0.921992,20,20,0,0
recipe:olafsdottir_2015.bayesian_candidates,recipe:wu_2017,burst,0.157124,0.0898675,0.228857,20,0.117207,0.0546113,0.176369,20,0.222356,0.14773,0.299466,20,0.144867,0.0855136,0.198155,20,20,0,0
recipe:olafsdottir_2015.bayesian_candidates,recipe:xu_2019,burst,0.643394,0.607195,0.679999,20,0.627265,0.579137,0.674616,20,0.684909,0.650547,0.719237,20,0.640453,0.59276,0.686207,20,20,0,0
recipe:olafsdottir_2015.bayesian_candidates,recipe:yamamoto_2017,network,0.246306,0.204001,0.289381,20,0.182,0.114908,0.249467,20,0.246306,0.204001,0.289381,20,0.182,0.114908,0.249467,20,20,0,0
recipe:olafsdottir_2015.bayesian_candidates,recipe:yang_2024,network,0.669643,0.613487,0.728104,20,0.615983,0.545839,0.683483,20,0.669643,0.613487,0.728104,20,0.615983,0.545839,0.683483,20,20,0,0
recipe:olafsdottir_2016,recipe:olafsdottir_2017,burst,0.98332,0.964301,0.99972,20,0.993507,0.985144,0.999989,20,0.986811,0.971324,0.999151,20,0.993129,0.984609,0.999964,20,20,0,0
recipe:olafsdottir_2016,recipe:olafsdottir_2017.trajectory,burst,1,1,1,20,1,1,1,20,1,1,1,20,1,1,1,20,20,0,0
recipe:olafsdottir_2016,recipe:pfeiffer_2013,burst,0.425674,0.374244,0.475699,20,0.377278,0.315492,0.438952,20,0.529967,0.485263,0.570788,20,0.418855,0.362545,0.474691,20,20,0,0
recipe:olafsdottir_2016,recipe:pfeiffer_2013_ripples,network,0.000430141,-0.0601027,0.0592477,20,0.107995,0.047502,0.168946,20,0.000430141,-0.0601027,0.0592477,20,0.107995,0.047502,0.168946,20,20,0,0
recipe:olafsdottir_2016,recipe:pfeiffer_2015,network,0.000276952,-0.0604535,0.0590983,20,0.107995,0.047502,0.168946,20,0.000276952,-0.0604535,0.0590983,20,0.107995,0.047502,0.168946,20,20,0,0
recipe:olafsdottir_2016,recipe:shin_2019,network,0.103463,0.0505808,0.158537,20,0.139364,0.0772683,0.202679,20,0.103463,0.0505808,0.158537,20,0.139364,0.0772683,0.202679,20,20,0,0
recipe:olafsdottir_2016,recipe:silva_2015,burst,0.375247,0.322165,0.4304,20,0.302249,0.237266,0.367249,20,0.479384,0.433832,0.526647,20,0.341865,0.276984,0.406845,20,20,0,0
recipe:olafsdottir_2016,recipe:stella_2019,network,0.254192,0.198248,0.311161,20,0.335272,0.278295,0.390119,20,0.254192,0.198248,0.311161,20,0.335272,0.278295,0.390119,20,20,0,0
recipe:olafsdottir_2016,recipe:tang_2017,network,0.103463,0.0505808,0.158537,20,0.139364,0.0772683,0.202679,20,0.103463,0.0505808,0.158537,20,0.139364,0.0772683,0.202679,20,20,0,0
recipe:olafsdottir_2016,recipe:tirole_2022,network,0.211109,0.160473,0.268514,20,0.222401,0.151119,0.292863,20,0.211109,0.160473,0.268514,20,0.222401,0.151119,0.292863,20,20,0,0
recipe:olafsdottir_2016,recipe:widloski_2025,network,0.0118682,-0.0640106,0.0863055,20,0.0116717,-0.058937,0.0837285,20,0.0118682,-0.0640106,0.0863055,20,0.0116717,-0.058937,0.0837285,20,20,0,0
recipe:olafsdottir_2016,recipe:widloski_2025_bursts,burst,0.0342255,-0.0394396,0.106024,20,0.0682581,0.000197885,0.139118,20,0.0665843,-0.0124638,0.140151,20,0.0752997,0.00582379,0.143473,20,20,0,0
recipe:olafsdottir_2016,recipe:wikenheiser_2013,network,0.0399023,-0.0360094,0.120134,20,0.0640542,-0.000438332,0.12963,20,0.0399023,-0.0360094,0.120134,20,0.0640542,-0.000438332,0.12963,20,20,0,0
recipe:olafsdottir_2016,recipe:wu_2014,burst,0.280426,0.224971,0.339949,20,0.255492,0.202235,0.311173,20,0.385625,0.335176,0.439444,20,0.288926,0.229928,0.348276,20,20,0,0
recipe:olafsdottir_2016,recipe:wu_2017,burst,0.378693,0.301911,0.451053,20,0.397397,0.336896,0.456035,20,0.465329,0.394291,0.530289,20,0.419371,0.35623,0.482118,20,20,0,0
recipe:olafsdottir_2016,recipe:xu_2019,burst,0.238755,0.194859,0.282227,20,0.19286,0.128166,0.257996,20,0.32941,0.285649,0.373971,20,0.225757,0.158666,0.292413,20,20,0,0
recipe:olafsdottir_2016,recipe:yamamoto_2017,network,0.468743,0.408298,0.524102,20,0.471855,0.417857,0.5238,20,0.468743,0.408298,0.524102,20,0.471855,0.417857,0.5238,20,20,0,0
recipe:olafsdottir_2016,recipe:yang_2024,network,0.38442,0.322204,0.443827,20,0.212511,0.146478,0.278796,20,0.38442,0.322204,0.443827,20,0.212511,0.146478,0.278796,20,20,0,0
recipe:olafsdottir_2017,recipe:olafsdottir_2017.trajectory,burst,0.98332,0.964301,0.99972,20,0.993507,0.985144,0.999989,20,0.986811,0.971324,0.999151,20,0.993129,0.984609,0.999964,20,20,0,0
recipe:olafsdottir_2017,recipe:pfeiffer_2013,burst,0.395304,0.351778,0.439507,20,0.381223,0.320616,0.442389,20,0.479757,0.442097,0.520124,20,0.416336,0.359831,0.473236,20,20,0,0
recipe:olafsdottir_2017,recipe:pfeiffer_2013_ripples,network,-0.0157743,-0.0709847,0.0350502,20,0.127339,0.0740697,0.186337,20,-0.0157743,-0.0709847,0.0350502,20,0.127339,0.0740697,0.186337,20,20,0,0
recipe:olafsdottir_2017,recipe:pfeiffer_2015,network,-0.0158512,-0.0710521,0.0349667,20,0.127339,0.0740697,0.186337,20,-0.0158512,-0.0710521,0.0349667,20,0.127339,0.0740697,0.186337,20,20,0,0
recipe:olafsdottir_2017,recipe:shin_2019,network,0.0905878,0.0265745,0.152314,20,0.163826,0.104384,0.223703,20,0.0905878,0.0265745,0.152314,20,0.163826,0.104384,0.223703,20,20,0,0
recipe:olafsdottir_2017,recipe:silva_2015,burst,0.358199,0.304844,0.412274,20,0.318554,0.258141,0.382623,20,0.442049,0.393371,0.489408,20,0.355166,0.295351,0.417725,20,20,0,0
recipe:olafsdottir_2017,recipe:stella_2019,network,0.244349,0.190937,0.295214,20,0.367307,0.329261,0.399694,20,0.244349,0.190937,0.295214,20,0.367307,0.329261,0.399694,20,20,0,0
recipe:olafsdottir_2017,recipe:tang_2017,network,0.0905878,0.0265745,0.152314,20,0.163826,0.104384,0.223703,20,0.0905878,0.0265745,0.152314,20,0.163826,0.104384,0.223703,20,20,0,0
recipe:olafsdottir_2017,recipe:tirole_2022,network,0.168068,0.118866,0.219457,20,0.24554,0.184191,0.307675,20,0.168068,0.118866,0.219457,20,0.24554,0.184191,0.307675,20,20,0,0
recipe:olafsdottir_2017,recipe:widloski_2025,network,-0.0117526,-0.0775054,0.0508879,20,0.0326331,-0.0229227,0.0958397,20,-0.0117526,-0.0775054,0.0508879,20,0.0326331,-0.0229227,0.0958397,20,20,0,0
recipe:olafsdottir_2017,recipe:widloski_2025_bursts,burst,0.0459915,-0.0121287,0.0988634,20,0.054497,-0.00742693,0.118316,20,0.0530523,-0.0164113,0.117671,20,0.0571929,-0.012641,0.126131,20,20,0,0
recipe:olafsdottir_2017,recipe:wikenheiser_2013,network,0.0204654,-0.039315,0.0765744,20,0.0655668,0.0158939,0.116091,20,0.0204654,-0.039315,0.0765744,20,0.0655668,0.0158939,0.116091,20,20,0,0
recipe:olafsdottir_2017,recipe:wu_2014,burst,0.332768,0.278344,0.383928,20,0.285863,0.228061,0.343853,20,0.411781,0.364654,0.454408,20,0.316504,0.254958,0.377702,20,20,0,0
recipe:olafsdottir_2017,recipe:wu_2017,burst,0.379708,0.299123,0.453975,20,0.42285,0.372404,0.471094,20,0.447927,0.370777,0.524283,20,0.436458,0.388779,0.483116,20,20,0,0
recipe:olafsdottir_2017,recipe:xu_2019,burst,0.2462,0.195093,0.294826,20,0.220478,0.15968,0.279436,20,0.318886,0.268452,0.368144,20,0.250221,0.191644,0.309388,20,20,0,0
recipe:olafsdottir_2017,recipe:yamamoto_2017,network,0.448571,0.404486,0.491061,20,0.475947,0.432192,0.520019,20,0.448571,0.404486,0.491061,20,0.475947,0.432192,0.520019,20,20,0,0
recipe:olafsdottir_2017,recipe:yang_2024,network,0.364036,0.309475,0.415209,20,0.239006,0.173025,0.304335,20,0.364036,0.309475,0.415209,20,0.239006,0.173025,0.304335,20,20,0,0
recipe:olafsdottir_2017.trajectory,recipe:pfeiffer_2013,burst,0.425674,0.374244,0.475699,20,0.377278,0.315492,0.438952,20,0.529967,0.485263,0.570788,20,0.418855,0.362545,0.474691,20,20,0,0
recipe:olafsdottir_2017.trajectory,recipe:pfeiffer_2013_ripples,network,0.000430141,-0.0601027,0.0592477,20,0.107995,0.047502,0.168946,20,0.000430141,-0.0601027,0.0592477,20,0.107995,0.047502,0.168946,20,20,0,0
recipe:olafsdottir_2017.trajectory,recipe:pfeiffer_2015,network,0.000276952,-0.0604535,0.0590983,20,0.107995,0.047502,0.168946,20,0.000276952,-0.0604535,0.0590983,20,0.107995,0.047502,0.168946,20,20,0,0
recipe:olafsdottir_2017.trajectory,recipe:shin_2019,network,0.103463,0.0505808,0.158537,20,0.139364,0.0772683,0.202679,20,0.103463,0.0505808,0.158537,20,0.139364,0.0772683,0.202679,20,20,0,0
recipe:olafsdottir_2017.trajectory,recipe:silva_2015,burst,0.375247,0.322165,0.4304,20,0.302249,0.237266,0.367249,20,0.479384,0.433832,0.526647,20,0.341865,0.276984,0.406845,20,20,0,0
recipe:olafsdottir_2017.trajectory,recipe:stella_2019,network,0.254192,0.198248,0.311161,20,0.335272,0.278295,0.390119,20,0.254192,0.198248,0.311161,20,0.335272,0.278295,0.390119,20,20,0,0
recipe:olafsdottir_2017.trajectory,recipe:tang_2017,network,0.103463,0.0505808,0.158537,20,0.139364,0.0772683,0.202679,20,0.103463,0.0505808,0.158537,20,0.139364,0.0772683,0.202679,20,20,0,0
recipe:olafsdottir_2017.trajectory,recipe:tirole_2022,network,0.211109,0.160473,0.268514,20,0.222401,0.151119,0.292863,20,0.211109,0.160473,0.268514,20,0.222401,0.151119,0.292863,20,20,0,0
recipe:olafsdottir_2017.trajectory,recipe:widloski_2025,network,0.0118682,-0.0640106,0.0863055,20,0.0116717,-0.058937,0.0837285,20,0.0118682,-0.0640106,0.0863055,20,0.0116717,-0.058937,0.0837285,20,20,0,0
recipe:olafsdottir_2017.trajectory,recipe:widloski_2025_bursts,burst,0.0342255,-0.0394396,0.106024,20,0.0682581,0.000197885,0.139118,20,0.0665843,-0.0124638,0.140151,20,0.0752997,0.00582379,0.143473,20,20,0,0
recipe:olafsdottir_2017.trajectory,recipe:wikenheiser_2013,network,0.0399023,-0.0360094,0.120134,20,0.0640542,-0.000438332,0.12963,20,0.0399023,-0.0360094,0.120134,20,0.0640542,-0.000438332,0.12963,20,20,0,0
recipe:olafsdottir_2017.trajectory,recipe:wu_2014,burst,0.280426,0.224971,0.339949,20,0.255492,0.202235,0.311173,20,0.385625,0.335176,0.439444,20,0.288926,0.229928,0.348276,20,20,0,0
recipe:olafsdottir_2017.trajectory,recipe:wu_2017,burst,0.378693,0.301911,0.451053,20,0.397397,0.336896,0.456035,20,0.465329,0.394291,0.530289,20,0.419371,0.35623,0.482118,20,20,0,0
recipe:olafsdottir_2017.trajectory,recipe:xu_2019,burst,0.238755,0.194859,0.282227,20,0.19286,0.128166,0.257996,20,0.32941,0.285649,0.373971,20,0.225757,0.158666,0.292413,20,20,0,0
recipe:olafsdottir_2017.trajectory,recipe:yamamoto_2017,network,0.468743,0.408298,0.524102,20,0.471855,0.417857,0.5238,20,0.468743,0.408298,0.524102,20,0.471855,0.417857,0.5238,20,20,0,0
recipe:olafsdottir_2017.trajectory,recipe:yang_2024,network,0.38442,0.322204,0.443827,20,0.212511,0.146478,0.278796,20,0.38442,0.322204,0.443827,20,0.212511,0.146478,0.278796,20,20,0,0
recipe:pfeiffer_2013,recipe:pfeiffer_2013_ripples,network,-0.0132158,-0.0707721,0.0369117,20,0.000455343,-0.0517816,0.0575279,20,-0.0132158,-0.0707721,0.0369117,20,0.000455343,-0.0517816,0.0575279,20,20,0,0
recipe:pfeiffer_2013,recipe:pfeiffer_2015,network,-0.0133229,-0.0709811,0.0367955,20,0.000455343,-0.0517816,0.0575279,20,-0.0133229,-0.0709811,0.0367955,20,0.000455343,-0.0517816,0.0575279,20,20,0,0
recipe:pfeiffer_2013,recipe:shin_2019,network,0.0815206,0.0334418,0.131358,20,0.0460527,-0.0227429,0.117427,20,0.0815206,0.0334418,0.131358,20,0.0460527,-0.0227429,0.117427,20,20,0,0
recipe:pfeiffer_2013,recipe:silva_2015,burst,0.822185,0.793345,0.846623,20,0.857799,0.833718,0.878001,20,0.838986,0.814402,0.863003,20,0.865594,0.841122,0.886542,20,20,0,0
recipe:pfeiffer_2013,recipe:stella_2019,network,0.211418,0.146973,0.273431,20,0.173776,0.110187,0.236903,20,0.211418,0.146973,0.273431,20,0.173776,0.110187,0.236903,20,20,0,0
recipe:pfeiffer_2013,recipe:tang_2017,network,0.0815206,0.0334418,0.131358,20,0.0460527,-0.0227429,0.117427,20,0.0815206,0.0334418,0.131358,20,0.0460527,-0.0227429,0.117427,20,20,0,0
recipe:pfeiffer_2013,recipe:tirole_2022,network,0.299781,0.239667,0.358979,20,0.418842,0.374718,0.465586,20,0.299781,0.239667,0.358979,20,0.418842,0.374718,0.465586,20,20,0,0
recipe:pfeiffer_2013,recipe:widloski_2025,network,0.0154476,-0.0476972,0.0739572,20,-0.0281381,-0.0775362,0.0283135,20,0.0154476,-0.0476972,0.0739572,20,-0.0281381,-0.0775362,0.0283135,20,20,0,0
recipe:pfeiffer_2013,recipe:widloski_2025_bursts,burst,0.0262709,-0.0312109,0.0813636,20,0.10006,0.0292173,0.173912,20,0.0391158,-0.0225385,0.100475,20,0.101614,0.0273846,0.18017,20,20,0,0
recipe:pfeiffer_2013,recipe:wikenheiser_2013,network,0.0100602,-0.034009,0.0550452,20,0.00620607,-0.0602423,0.0717078,20,0.0100602,-0.034009,0.0550452,20,0.00620607,-0.0602423,0.0717078,20,20,0,0
recipe:pfeiffer_2013,recipe:wu_2014,burst,0.464101,0.429509,0.501307,20,0.497682,0.440155,0.55437,20,0.529033,0.498911,0.56249,20,0.515767,0.458089,0.569267,20,20,0,0
recipe:pfeiffer_2013,recipe:wu_2017,burst,0.285029,0.220988,0.349499,20,0.249785,0.197865,0.303197,20,0.344853,0.277362,0.412939,20,0.265084,0.211239,0.323277,20,20,0,0
recipe:pfeiffer_2013,recipe:xu_2019,burst,0.546565,0.509204,0.582096,20,0.627121,0.589942,0.662377,20,0.586409,0.549056,0.620782,20,0.641798,0.605878,0.674938,20,20,0,0
recipe:pfeiffer_2013,recipe:yamamoto_2017,network,0.317399,0.268645,0.362383,20,0.298858,0.243519,0.358121,20,0.317399,0.268645,0.362383,20,0.298858,0.243519,0.358121,20,20,0,0
recipe:pfeiffer_2013,recipe:yang_2024,network,0.669367,0.62946,0.709622,20,0.653487,0.613982,0.698213,20,0.669367,0.62946,0.709622,20,0.653487,0.613982,0.698213,20,20,0,0
recipe:pfeiffer_2013_ripples,recipe:pfeiffer_2015,ripple,1,1,1,20,1,1,1,20,0.999996,0.999989,1,20,1,1,1,20,20,0,0
recipe:pfeiffer_2013_ripples,recipe:shin_2019,ripple,0.555996,0.513061,0.600351,20,0.570802,0.539034,0.600475,20,0.540261,0.493423,0.586495,20,0.606233,0.565496,0.645969,20,20,0,0
recipe:pfeiffer_2013_ripples,recipe:silva_2015,network,-0.040135,-0.0999375,0.0236739,20,-0.00153926,-0.0529343,0.0507391,20,-0.040135,-0.0999375,0.0236739,20,-0.00153926,-0.0529343,0.0507391,20,20,0,0
recipe:pfeiffer_2013_ripples,recipe:stella_2019,ripple,0.236613,0.173063,0.301627,20,0.249176,0.203744,0.299167,20,0.302003,0.254907,0.351409,20,0.396291,0.352039,0.436629,20,20,0,0
recipe:pfeiffer_2013_ripples,recipe:tang_2017,ripple,0.555996,0.513061,0.600351,20,0.570802,0.539034,0.600475,20,0.540261,0.493423,0.586495,20,0.606233,0.565496,0.645969,20,20,0,0
recipe:pfeiffer_2013_ripples,recipe:tirole_2022,network,0.0465567,-0.0121252,0.105843,20,0.0130574,-0.0332716,0.0590298,20,0.0465567,-0.0121252,0.105843,20,0.0130574,-0.0332716,0.0590298,20,20,0,0
recipe:pfeiffer_2013_ripples,recipe:widloski_2025,ripple,0.199381,0.146036,0.251585,20,0.172024,0.0989442,0.238032,20,0.175232,0.113034,0.236106,20,0.177885,0.0995471,0.257346,20,20,0,0
recipe:pfeiffer_2013_ripples,recipe:widloski_2025_bursts,network,-0.0201398,-0.0731718,0.0356447,20,0.0393451,-0.0385052,0.120881,20,-0.0201398,-0.0731718,0.0356447,20,0.0393451,-0.0385052,0.120881,20,20,0,0
recipe:pfeiffer_2013_ripples,recipe:wikenheiser_2013,ripple,0.207403,0.154573,0.260841,20,0.181659,0.115314,0.246182,20,0.192284,0.1387,0.247667,20,0.204316,0.137173,0.265427,20,20,0,0
recipe:pfeiffer_2013_ripples,recipe:wu_2014,network,-0.00436224,-0.0607177,0.0522573,20,-0.00496868,-0.0619539,0.0515814,20,-0.00436224,-0.0607177,0.0522573,20,-0.00496868,-0.0619539,0.0515814,20,20,0,0
recipe:pfeiffer_2013_ripples,recipe:wu_2017,network,0.0780338,0.0146013,0.142292,20,0.157934,0.0795708,0.234614,20,0.0780338,0.0146013,0.142292,20,0.157934,0.0795708,0.234614,20,20,0,0
recipe:pfeiffer_2013_ripples,recipe:xu_2019,network,-0.0226288,-0.070797,0.0246255,20,-0.014836,-0.0603845,0.0300355,20,-0.0226288,-0.070797,0.0246255,20,-0.014836,-0.0603845,0.0300355,20,20,0,0
recipe:pfeiffer_2013_ripples,recipe:yamamoto_2017,network,0.142709,0.0595639,0.220684,20,0.236543,0.183798,0.288806,20,0.142709,0.0595639,0.220684,20,0.236543,0.183798,0.288806,20,20,0,0
recipe:pfeiffer_2013_ripples,recipe:yang_2024,network,-0.0568365,-0.10376,-0.0119742,20,-0.0283022,-0.0940961,0.0367697,20,-0.0568365,-0.10376,-0.0119742,20,-0.0283022,-0.0940961,0.0367697,20,20,0,0
recipe:pfeiffer_2015,recipe:shin_2019,ripple,0.555996,0.513061,0.600351,20,0.570802,0.539034,0.600475,20,0.540181,0.49326,0.586495,20,0.606233,0.565496,0.645969,20,20,0,0
recipe:pfeiffer_2015,recipe:silva_2015,network,-0.0402477,-0.0999375,0.0235877,20,-0.00153926,-0.0529343,0.0507391,20,-0.0402477,-0.0999375,0.0235877,20,-0.00153926,-0.0529343,0.0507391,20,20,0,0
recipe:pfeiffer_2015,recipe:stella_2019,ripple,0.236613,0.173063,0.301627,20,0.249176,0.203744,0.299167,20,0.302032,0.254935,0.351465,20,0.396291,0.352039,0.436629,20,20,0,0
recipe:pfeiffer_2015,recipe:tang_2017,ripple,0.555996,0.513061,0.600351,20,0.570802,0.539034,0.600475,20,0.540181,0.49326,0.586495,20,0.606233,0.565496,0.645969,20,20,0,0
recipe:pfeiffer_2015,recipe:tirole_2022,network,0.0466226,-0.0121237,0.105908,20,0.0130574,-0.0332716,0.0590298,20,0.0466226,-0.0121237,0.105908,20,0.0130574,-0.0332716,0.0590298,20,20,0,0
recipe:pfeiffer_2015,recipe:widloski_2025,ripple,0.199381,0.146036,0.251585,20,0.172024,0.0989442,0.238032,20,0.175232,0.113034,0.236106,20,0.177885,0.0995471,0.257346,20,20,0,0
recipe:pfeiffer_2015,recipe:widloski_2025_bursts,network,-0.0202095,-0.0732432,0.0356429,20,0.0393451,-0.0385052,0.120881,20,-0.0202095,-0.0732432,0.0356429,20,0.0393451,-0.0385052,0.120881,20,20,0,0
recipe:pfeiffer_2015,recipe:wikenheiser_2013,ripple,0.207403,0.154573,0.260841,20,0.181659,0.115314,0.246182,20,0.19226,0.138655,0.247667,20,0.204316,0.137173,0.265427,20,20,0,0
recipe:pfeiffer_2015,recipe:wu_2014,network,-0.00445497,-0.0607701,0.0522573,20,-0.00496868,-0.0619539,0.0515814,20,-0.00445497,-0.0607701,0.0522573,20,-0.00496868,-0.0619539,0.0515814,20,20,0,0
recipe:pfeiffer_2015,recipe:wu_2017,network,0.077967,0.0144676,0.14216,20,0.157934,0.0795708,0.234614,20,0.077967,0.0144676,0.14216,20,0.157934,0.0795708,0.234614,20,20,0,0
recipe:pfeiffer_2015,recipe:xu_2019,network,-0.0226885,-0.0709087,0.0246015,20,-0.014836,-0.0603845,0.0300355,20,-0.0226885,-0.0709087,0.0246015,20,-0.014836,-0.0603845,0.0300355,20,20,0,0
recipe:pfeiffer_2015,recipe:yamamoto_2017,network,0.142791,0.059707,0.220684,20,0.236543,0.183798,0.288806,20,0.142791,0.059707,0.220684,20,0.236543,0.183798,0.288806,20,20,0,0
recipe:pfeiffer_2015,recipe:yang_2024,network,-0.0569534,-0.10388,-0.0119745,20,-0.0283022,-0.0940961,0.0367697,20,-0.0569534,-0.10388,-0.0119745,20,-0.0283022,-0.0940961,0.0367697,20,20,0,0
recipe:shin_2019,recipe:silva_2015,network,0.0583424,-0.0075335,0.125534,20,0.0322621,-0.0296012,0.0905137,20,0.0583424,-0.0075335,0.125534,20,0.0322621,-0.0296012,0.0905137,20,20,0,0
recipe:shin_2019,recipe:stella_2019,ripple,0.308031,0.262378,0.353266,20,0.319759,0.277903,0.364293,20,0.513607,0.463954,0.55938,20,0.510733,0.46441,0.559424,20,20,0,0
recipe:shin_2019,recipe:tang_2017,ripple,1,1,1,20,1,1,1,20,1,1,1,20,1,1,1,20,20,0,0
recipe:shin_2019,recipe:tirole_2022,network,0.0731026,0.0217087,0.125162,20,0.0448014,-0.00842048,0.104934,20,0.0731026,0.0217087,0.125162,20,0.0448014,-0.00842048,0.104934,20,20,0,0
recipe:shin_2019,recipe:widloski_2025,ripple,0.169281,0.101926,0.229528,20,0.129863,0.0692159,0.188657,20,0.146491,0.0827901,0.211155,20,0.159865,0.0912347,0.226867,20,20,0,0
recipe:shin_2019,recipe:widloski_2025_bursts,network,0.00104302,-0.0751253,0.0744547,20,0.0505398,-0.0307871,0.137731,20,0.00104302,-0.0751253,0.0744547,20,0.0505398,-0.0307871,0.137731,20,20,0,0
recipe:shin_2019,recipe:wikenheiser_2013,ripple,0.122492,0.0684956,0.177173,20,0.120989,0.0591765,0.184666,20,0.134519,0.0848837,0.188451,20,0.149094,0.0985601,0.202025,20,20,0,0
recipe:shin_2019,recipe:wu_2014,network,0.0539038,0.000428266,0.104111,20,0.0385265,-0.0112288,0.0895362,20,0.0539038,0.000428266,0.104111,20,0.0385265,-0.0112288,0.0895362,20,20,0,0
recipe:shin_2019,recipe:wu_2017,network,0.213705,0.136355,0.292831,20,0.192221,0.118313,0.269145,20,0.213705,0.136355,0.292831,20,0.192221,0.118313,0.269145,20,20,0,0
recipe:shin_2019,recipe:xu_2019,network,0.044376,-0.00714132,0.0929859,20,-0.000261629,-0.0564114,0.0569643,20,0.044376,-0.00714132,0.0929859,20,-0.000261629,-0.0564114,0.0569643,20,20,0,0
recipe:shin_2019,recipe:yamamoto_2017,network,0.293061,0.232747,0.350149,20,0.258898,0.20266,0.318459,20,0.293061,0.232747,0.350149,20,0.258898,0.20266,0.318459,20,20,0,0
recipe:shin_2019,recipe:yang_2024,network,0.0558737,-0.00604593,0.115259,20,-0.0190101,-0.07757,0.0413467,20,0.0558737,-0.00604593,0.115259,20,-0.0190101,-0.07757,0.0413467,20,20,0,0
recipe:silva_2015,recipe:stella_2019,network,0.193443,0.120216,0.267691,20,0.150179,0.0753936,0.222884,20,0.193443,0.120216,0.267691,20,0.150179,0.0753936,0.222884,20,20,0,0
recipe:silva_2015,recipe:tang_2017,network,0.0583424,-0.0075335,0.125534,20,0.0322621,-0.0296012,0.0905137,20,0.0583424,-0.0075335,0.125534,20,0.0322621,-0.0296012,0.0905137,20,20,0,0
recipe:silva_2015,recipe:tirole_2022,network,0.355588,0.311213,0.403816,20,0.418694,0.358193,0.476343,20,0.355588,0.311213,0.403816,20,0.418694,0.358193,0.476343,20,20,0,0
recipe:silva_2015,recipe:widloski_2025,network,-0.0075519,-0.0643732,0.0538185,20,-0.0336641,-0.0921689,0.029219,20,-0.0075519,-0.0643732,0.0538185,20,-0.0336641,-0.0921689,0.029219,20,20,0,0
recipe:silva_2015,recipe:widloski_2025_bursts,burst,0.0217123,-0.0189401,0.0638438,20,0.097198,0.0370411,0.15747,20,0.0182222,-0.039143,0.0746785,20,0.102209,0.0405507,0.167309,20,20,0,0
recipe:silva_2015,recipe:wikenheiser_2013,network,0.00892442,-0.0459515,0.0650305,20,0.00794676,-0.059668,0.0713444,20,0.00892442,-0.0459515,0.0650305,20,0.00794676,-0.059668,0.0713444,20,20,0,0
recipe:silva_2015,recipe:wu_2014,burst,0.479751,0.435937,0.525687,20,0.505745,0.444625,0.567605,20,0.532144,0.493783,0.572298,20,0.529696,0.472131,0.586318,20,20,0,0
recipe:silva_2015,recipe:wu_2017,burst,0.249161,0.177772,0.319121,20,0.224493,0.171848,0.285359,20,0.309069,0.245683,0.372518,20,0.242735,0.191326,0.301452,20,20,0,0
recipe:silva_2015,recipe:xu_2019,burst,0.689073,0.660533,0.719667,20,0.711133,0.666487,0.752592,20,0.717991,0.691097,0.745752,20,0.721822,0.677014,0.762268,20,20,0,0
recipe:silva_2015,recipe:yamamoto_2017,network,0.308946,0.259907,0.359202,20,0.295281,0.242981,0.351407,20,0.308946,0.259907,0.359202,20,0.295281,0.242981,0.351407,20,20,0,0
recipe:silva_2015,recipe:yang_2024,network,0.733141,0.696406,0.769931,20,0.713571,0.667745,0.762576,20,0.733141,0.696406,0.769931,20,0.713571,0.667745,0.762576,20,20,0,0
recipe:stella_2019,recipe:tang_2017,ripple,0.308031,0.262378,0.353266,20,0.319759,0.277903,0.364293,20,0.513607,0.463954,0.55938,20,0.510733,0.46441,0.559424,20,20,0,0
recipe:stella_2019,recipe:tirole_2022,network,0.115157,0.0601332,0.182225,20,0.116305,0.0770914,0.156815,20,0.115157,0.0601332,0.182225,20,0.116305,0.0770914,0.156815,20,20,0,0
recipe:stella_2019,recipe:widloski_2025,ripple,0.021876,-0.0503105,0.101315,20,0.0893983,0.0192716,0.156458,20,0.130833,0.0694247,0.198277,20,0.14854,0.0615446,0.235589,20,20,0,0
recipe:stella_2019,recipe:widloski_2025_bursts,network,0.0304911,-0.0504506,0.109149,20,0.10523,0.0374145,0.170063,20,0.0304911,-0.0504506,0.109149,20,0.10523,0.0374145,0.170063,20,20,0,0
recipe:stella_2019,recipe:wikenheiser_2013,ripple,0.0789333,0.0109141,0.150941,20,0.0864661,0.0232485,0.150675,20,0.145871,0.0762065,0.216409,20,0.132487,0.0667666,0.194063,20,20,0,0
recipe:stella_2019,recipe:wu_2014,network,0.136513,0.0806336,0.193066,20,0.104383,0.0511775,0.152313,20,0.136513,0.0806336,0.193066,20,0.104383,0.0511775,0.152313,20,20,0,0
recipe:stella_2019,recipe:wu_2017,network,0.326082,0.255183,0.399512,20,0.374813,0.318513,0.43277,20,0.326082,0.255183,0.399512,20,0.374813,0.318513,0.43277,20,20,0,0
recipe:stella_2019,recipe:xu_2019,network,0.115705,0.0630566,0.170034,20,0.0971078,0.0281112,0.159476,20,0.115705,0.0630566,0.170034,20,0.0971078,0.0281112,0.159476,20,20,0,0
recipe:stella_2019,recipe:yamamoto_2017,network,0.455536,0.397206,0.511164,20,0.477343,0.408467,0.544048,20,0.455536,0.397206,0.511164,20,0.477343,0.408467,0.544048,20,20,0,0
recipe:stella_2019,recipe:yang_2024,network,0.129691,0.0659648,0.192894,20,0.0846977,0.0207612,0.143892,20,0.129691,0.0659648,0.192894,20,0.0846977,0.0207612,0.143892,20,20,0,0
recipe:tang_2017,recipe:tirole_2022,network,0.0731026,0.0217087,0.125162,20,0.0448014,-0.00842048,0.104934,20,0.0731026,0.0217087,0.125162,20,0.0448014,-0.00842048,0.104934,20,20,0,0
recipe:tang_2017,recipe:widloski_2025,ripple,0.169281,0.101926,0.229528,20,0.129863,0.0692159,0.188657,20,0.146491,0.0827901,0.211155,20,0.159865,0.0912347,0.226867,20,20,0,0
recipe:tang_2017,recipe:widloski_2025_bursts,network,0.00104302,-0.0751253,0.0744547,20,0.0505398,-0.0307871,0.137731,20,0.00104302,-0.0751253,0.0744547,20,0.0505398,-0.0307871,0.137731,20,20,0,0
recipe:tang_2017,recipe:wikenheiser_2013,ripple,0.122492,0.0684956,0.177173,20,0.120989,0.0591765,0.184666,20,0.134519,0.0848837,0.188451,20,0.149094,0.0985601,0.202025,20,20,0,0
recipe:tang_2017,recipe:wu_2014,network,0.0539038,0.000428266,0.104111,20,0.0385265,-0.0112288,0.0895362,20,0.0539038,0.000428266,0.104111,20,0.0385265,-0.0112288,0.0895362,20,20,0,0
recipe:tang_2017,recipe:wu_2017,network,0.213705,0.136355,0.292831,20,0.192221,0.118313,0.269145,20,0.213705,0.136355,0.292831,20,0.192221,0.118313,0.269145,20,20,0,0
recipe:tang_2017,recipe:xu_2019,network,0.044376,-0.00714132,0.0929859,20,-0.000261629,-0.0564114,0.0569643,20,0.044376,-0.00714132,0.0929859,20,-0.000261629,-0.0564114,0.0569643,20,20,0,0
recipe:tang_2017,recipe:yamamoto_2017,network,0.293061,0.232747,0.350149,20,0.258898,0.20266,0.318459,20,0.293061,0.232747,0.350149,20,0.258898,0.20266,0.318459,20,20,0,0
recipe:tang_2017,recipe:yang_2024,network,0.0558737,-0.00604593,0.115259,20,-0.0190101,-0.07757,0.0413467,20,0.0558737,-0.00604593,0.115259,20,-0.0190101,-0.07757,0.0413467,20,20,0,0
recipe:tirole_2022,recipe:widloski_2025,network,0.00224827,-0.0650957,0.065743,20,0.0437469,-0.00798361,0.096034,20,0.00224827,-0.0650957,0.065743,20,0.0437469,-0.00798361,0.096034,20,20,0,0
recipe:tirole_2022,recipe:widloski_2025_bursts,network,0.157417,0.0994024,0.213363,20,0.201167,0.102074,0.294884,20,0.157417,0.0994024,0.213363,20,0.201167,0.102074,0.294884,20,20,0,0
recipe:tirole_2022,recipe:wikenheiser_2013,network,-0.0232249,-0.0820819,0.0382779,20,0.0206369,-0.0400603,0.0759889,20,-0.0232249,-0.0820819,0.0382779,20,0.0206369,-0.0400603,0.0759889,20,20,0,0
recipe:tirole_2022,recipe:wu_2014,network,0.247243,0.205089,0.292698,20,0.286687,0.238107,0.338653,20,0.247243,0.205089,0.292698,20,0.286687,0.238107,0.338653,20,20,0,0
recipe:tirole_2022,recipe:wu_2017,network,0.281952,0.20008,0.364491,20,0.22565,0.169058,0.280066,20,0.281952,0.20008,0.364491,20,0.22565,0.169058,0.280066,20,20,0,0
recipe:tirole_2022,recipe:xu_2019,network,0.320789,0.266733,0.381474,20,0.391993,0.333464,0.457016,20,0.320789,0.266733,0.381474,20,0.391993,0.333464,0.457016,20,20,0,0
recipe:tirole_2022,recipe:yamamoto_2017,network,0.22074,0.167598,0.273573,20,0.201335,0.132358,0.265714,20,0.22074,0.167598,0.273573,20,0.201335,0.132358,0.265714,20,20,0,0
recipe:tirole_2022,recipe:yang_2024,network,0.317699,0.251272,0.385619,20,0.410511,0.341496,0.481528,20,0.317699,0.251272,0.385619,20,0.410511,0.341496,0.481528,20,20,0,0
recipe:widloski_2025,recipe:widloski_2025_bursts,network,0.0994635,0.0280134,0.165743,20,0.0938642,0.0434883,0.146403,20,0.0994635,0.0280134,0.165743,20,0.0938642,0.0434883,0.146403,20,20,0,0
recipe:widloski_2025,recipe:wikenheiser_2013,ripple,0.360872,0.29592,0.424664,20,0.347934,0.302568,0.39015,20,0.343131,0.277935,0.408579,20,0.348865,0.29942,0.39438,20,20,0,0
recipe:widloski_2025,recipe:wu_2014,network,-0.0735533,-0.145513,-0.00936181,20,0.0147868,-0.0425655,0.0765153,20,-0.0735533,-0.145513,-0.00936181,20,0.0147868,-0.0425655,0.0765153,20,20,0,0
recipe:widloski_2025,recipe:wu_2017,network,0.0220258,-0.0679384,0.0974176,20,0.0769431,0.00633474,0.146043,20,0.0220258,-0.0679384,0.0974176,20,0.0769431,0.00633474,0.146043,20,20,0,0
recipe:widloski_2025,recipe:xu_2019,network,-0.0579686,-0.101283,-0.0142221,20,0.0197901,-0.0378102,0.0765575,20,-0.0579686,-0.101283,-0.0142221,20,0.0197901,-0.0378102,0.0765575,20,20,0,0
recipe:widloski_2025,recipe:yamamoto_2017,network,0.0793177,0.0128865,0.155413,20,0.0984566,0.0386906,0.15942,20,0.0793177,0.0128865,0.155413,20,0.0984566,0.0386906,0.15942,20,20,0,0
recipe:widloski_2025,recipe:yang_2024,network,-0.0506142,-0.120429,0.0154689,20,-0.00779482,-0.0648411,0.0453959,20,-0.0506142,-0.120429,0.0154689,20,-0.00779482,-0.0648411,0.0453959,20,20,0,0
recipe:widloski_2025_bursts,recipe:wikenheiser_2013,network,-0.026809,-0.0847318,0.0300337,20,0.0993896,0.0289117,0.169025,20,-0.026809,-0.0847318,0.0300337,20,0.0993896,0.0289117,0.169025,20,20,0,0
recipe:widloski_2025_bursts,recipe:wu_2014,burst,0.052173,0.0123098,0.0951867,20,0.0175494,-0.0572246,0.0962753,20,0.0558346,-0.00121513,0.116667,20,0.014233,-0.0614819,0.0927775,20,20,0,0
recipe:widloski_2025_bursts,recipe:wu_2017,burst,0.141914,0.0828231,0.196536,20,0.189332,0.140517,0.238679,20,0.145295,0.0827016,0.208566,20,0.188349,0.139358,0.236565,20,20,0,0
recipe:widloski_2025_bursts,recipe:xu_2019,burst,0.0461698,-0.000808533,0.0958325,20,0.104848,0.0353075,0.16928,20,0.0501185,-0.0102118,0.11242,20,0.107091,0.0397074,0.172109,20,20,0,0
recipe:widloski_2025_bursts,recipe:yamamoto_2017,network,0.0804202,-0.0172488,0.176878,20,0.116011,0.0496656,0.17718,20,0.0804202,-0.0172488,0.176878,20,0.116011,0.0496656,0.17718,20,20,0,0
recipe:widloski_2025_bursts,recipe:yang_2024,network,0.0345464,-0.0467078,0.11197,20,0.0826887,-0.0116454,0.176152,20,0.0345464,-0.0467078,0.11197,20,0.0826887,-0.0116454,0.176152,20,20,0,0
recipe:wikenheiser_2013,recipe:wu_2014,network,-0.0112252,-0.0520239,0.0312715,20,0.00333145,-0.0433599,0.0476533,20,-0.0112252,-0.0520239,0.0312715,20,0.00333145,-0.0433599,0.0476533,20,20,0,0
recipe:wikenheiser_2013,recipe:wu_2017,network,-0.00373709,-0.0388266,0.0328641,20,0.0883176,0.0239812,0.155843,20,-0.00373709,-0.0388266,0.0328641,20,0.0883176,0.0239812,0.155843,20,20,0,0
recipe:wikenheiser_2013,recipe:xu_2019,network,-0.0016075,-0.0500222,0.0498663,20,0.00449936,-0.0505177,0.0535898,20,-0.0016075,-0.0500222,0.0498663,20,0.00449936,-0.0505177,0.0535898,20,20,0,0
recipe:wikenheiser_2013,recipe:yamamoto_2017,network,0.0267242,-0.03528,0.0935896,20,0.0980964,0.0487274,0.14428,20,0.0267242,-0.03528,0.0935896,20,0.0980964,0.0487274,0.14428,20,20,0,0
recipe:wikenheiser_2013,recipe:yang_2024,network,-0.0428321,-0.112759,0.0267841,20,0.0288955,-0.0533754,0.104915,20,-0.0428321,-0.112759,0.0267841,20,0.0288955,-0.0533754,0.104915,20,20,0,0
recipe:wu_2014,recipe:wu_2017,burst,0.171033,0.110159,0.234493,20,0.0964145,0.0349982,0.158209,20,0.229736,0.157426,0.302923,20,0.126111,0.0628028,0.189826,20,20,0,0
recipe:wu_2014,recipe:xu_2019,burst,0.60342,0.572526,0.631313,20,0.64588,0.603684,0.689626,20,0.638884,0.601528,0.673187,20,0.656839,0.616505,0.696675,20,20,0,0
recipe:wu_2014,recipe:yamamoto_2017,network,0.209921,0.160589,0.255693,20,0.200467,0.148422,0.247583,20,0.209921,0.160589,0.255693,20,0.200467,0.148422,0.247583,20,20,0,0
recipe:wu_2014,recipe:yang_2024,network,0.668824,0.597393,0.725537,20,0.632901,0.575381,0.69383,20,0.668824,0.597393,0.725537,20,0.632901,0.575381,0.69383,20,20,0,0
recipe:wu_2017,recipe:xu_2019,burst,0.149272,0.0897415,0.213891,20,0.141319,0.0739041,0.207479,20,0.221826,0.152871,0.291567,20,0.155145,0.0880243,0.228179,20,20,0,0
recipe:wu_2017,recipe:yamamoto_2017,network,0.583384,0.507272,0.65399,20,0.607982,0.564439,0.649191,20,0.583384,0.507272,0.65399,20,0.607982,0.564439,0.649191,20,20,0,0
recipe:wu_2017,recipe:yang_2024,network,0.299657,0.229503,0.371662,20,0.159588,0.0920859,0.221588,20,0.299657,0.229503,0.371662,20,0.159588,0.0920859,0.221588,20,20,0,0
recipe:xu_2019,recipe:yamamoto_2017,network,0.192893,0.140899,0.246033,20,0.186359,0.127626,0.246823,20,0.192893,0.140899,0.246033,20,0.186359,0.127626,0.246823,20,20,0,0
recipe:xu_2019,recipe:yang_2024,network,0.965736,0.952739,0.97617,20,0.973812,0.959032,0.986397,20,0.965736,0.952739,0.97617,20,0.973812,0.959032,0.986397,20,20,0,0
recipe:yamamoto_2017,recipe:yang_2024,network,0.249345,0.198432,0.297989,20,0.18477,0.119968,0.252004,20,0.249345,0.198432,0.297989,20,0.18477,0.119968,0.252004,20,20,0,0
