method_a,method_b,truth_expression,jaccard,jaccard_low,jaccard_high,jaccard_n_sessions,jaccard_true,jaccard_true_low,jaccard_true_high,jaccard_true_n_sessions,jaccard_false,jaccard_false_low,jaccard_false_high,jaccard_false_n_sessions,jaccard_truth_ids,jaccard_truth_ids_low,jaccard_truth_ids_high,jaccard_truth_ids_n_sessions,n_sessions,n_failures_a,n_failures_b
Carey_candidate_detector,Karlsson_ripple_detector,network,0.484293,0.448907,0.518904,20,0.748538,0.724596,0.770708,20,0.0837359,0.0652627,0.103457,20,0.74953,0.726118,0.771312,20,20,0,0
Carey_candidate_detector,Kay_ripple_detector,network,0.476591,0.444721,0.508695,20,0.811329,0.789166,0.833337,20,0.0568374,0.0438981,0.0708571,20,0.812331,0.790507,0.833741,20,20,0,0
Carey_candidate_detector,Long_sharp_wave_ripple_detector,network,0.411006,0.37902,0.440461,20,0.629317,0.607351,0.650365,20,0.00403945,0.000694444,0.00805992,20,0.637835,0.61659,0.65803,20,20,0,0
Carey_candidate_detector,Roumis_ripple_detector,network,0.473411,0.440761,0.50582,20,0.811309,0.789443,0.832881,20,0.0484062,0.0367391,0.0617946,20,0.812311,0.791206,0.833616,20,20,0,0
Carey_candidate_detector,Shvartsman_ripple_detector,network,0.451926,0.418326,0.486481,20,0.693167,0.671148,0.715741,20,0.0462901,0.0308748,0.0637811,20,0.694267,0.671728,0.716891,20,20,0,0
Carey_candidate_detector,Yu_ripple_detector,network,0.370826,0.343887,0.39765,20,0.823237,0.803485,0.842228,20,0.0331082,0.0270344,0.03983,20,0.825245,0.807917,0.842643,20,20,0,0
Carey_candidate_detector,Zugaro_ripple_detector,network,0.400092,0.372361,0.427502,20,0.652314,0.62693,0.676939,20,0.0343476,0.0212269,0.0492902,20,0.655133,0.630211,0.67964,20,20,0,0
Carey_candidate_detector,multiunit_HSE_detector,network,0.473487,0.460154,0.486321,20,0.942474,0.932936,0.951367,20,0.227251,0.199858,0.25541,20,0.942474,0.932936,0.951367,20,20,0,0
Carey_candidate_detector,recipe:ambrose_2016,network,0.509983,0.469077,0.55009,20,0.777969,0.75238,0.800623,20,0.0520818,0.0322634,0.0751567,20,0.777969,0.75238,0.800623,20,20,0,0
Carey_candidate_detector,recipe:bendor_2012,network,0.504571,0.473603,0.538077,20,0.732316,0.708802,0.755704,20,0.0765779,0.055336,0.101017,20,0.732316,0.708802,0.755704,20,20,0,0
Carey_candidate_detector,recipe:berners_lee_2021,network,0.440418,0.404158,0.477237,20,0.830329,0.808988,0.850737,20,0.0520238,0.0391169,0.0664968,20,0.832178,0.811202,0.852032,20,20,0,0
Carey_candidate_detector,recipe:berners_lee_2022,network,0.499492,0.47421,0.526212,20,0.724232,0.706641,0.743028,20,0.121817,0.0997404,0.145592,20,0.724232,0.706641,0.743028,20,20,0,0
Carey_candidate_detector,recipe:bhattarai_2020,network,0.293843,0.272619,0.31481,20,0.44617,0.42512,0.469165,20,0.00246993,0,0.00561554,20,0.444565,0.42396,0.467267,20,20,0,0
Carey_candidate_detector,recipe:bhattarai_2020_ripples,network,0.338132,0.314687,0.362555,20,0.50979,0.487809,0.532848,20,0.00511461,0.00148213,0.00942278,20,0.50979,0.487809,0.532848,20,20,0,0
Carey_candidate_detector,recipe:bush_2022,network,0.433427,0.398634,0.46934,20,0.662229,0.636705,0.688276,20,0.0345497,0.0240445,0.0451738,20,0.662229,0.636705,0.688276,20,20,0,0
Carey_candidate_detector,recipe:carey_2019,network,0.629551,0.596129,0.665944,20,0.961404,0.952814,0.970471,20,0.37476,0.333421,0.415946,20,0.961404,0.952814,0.970471,20,20,0,0
Carey_candidate_detector,recipe:carr_2012,network,0.484293,0.448907,0.518904,20,0.748538,0.724596,0.770708,20,0.0837359,0.0652627,0.103457,20,0.74953,0.726118,0.771312,20,20,0,0
Carey_candidate_detector,recipe:chenani_2019,network,0.459734,0.427965,0.493415,20,0.695342,0.676063,0.714776,20,0.0366185,0.0255319,0.0479041,20,0.695342,0.676063,0.714776,20,20,0,0
Carey_candidate_detector,recipe:davidson_2009,network,0.627736,0.60496,0.651156,20,0.861818,0.848451,0.874648,20,0.251032,0.224121,0.281326,20,0.861818,0.848451,0.874648,20,20,0,0
Carey_candidate_detector,recipe:denovellis_2021,network,0.478473,0.446589,0.509782,20,0.810825,0.789871,0.831547,20,0.0557722,0.0441739,0.0682855,20,0.811827,0.791903,0.83208,20,20,0,0
Carey_candidate_detector,recipe:denovellis_2021_mua,network,0.472238,0.458602,0.485106,20,0.943004,0.933164,0.951691,20,0.225665,0.198932,0.253007,20,0.943004,0.933164,0.951691,20,20,0,0
Carey_candidate_detector,recipe:diba_2007,network,0.182181,0.163601,0.200925,20,0.274754,0.251504,0.297418,20,0.00216279,0,0.00548837,20,0.274165,0.249383,0.297418,20,20,0,0
Carey_candidate_detector,recipe:drieu_2018,network,0.384817,0.364268,0.405218,20,0.778701,0.762697,0.7958,20,0.0715039,0.0629649,0.0809823,20,0.779693,0.763268,0.796607,20,20,0,0
Carey_candidate_detector,recipe:farooq_2019_neuron,network,0.203786,0.183943,0.223551,20,0.307982,0.283936,0.334181,20,0.00208333,0,0.00625,20,0.307982,0.283936,0.334181,20,20,0,0
Carey_candidate_detector,recipe:farooq_2019_science,network,0.201789,0.182661,0.220755,20,0.305761,0.282161,0.331218,20,0,0,0,20,0.305761,0.282161,0.331218,20,20,0,0
Carey_candidate_detector,recipe:farooq_2019_science_awake,network,0.201789,0.182661,0.220755,20,0.305761,0.282161,0.331218,20,0,0,0,20,0.305761,0.282161,0.331218,20,20,0,0
Carey_candidate_detector,recipe:foster_2006,network,0.111517,0.0948653,0.128107,20,0.1685,0.144764,0.191932,20,0,0,0,20,0.1685,0.144764,0.191932,20,20,0,0
Carey_candidate_detector,recipe:foster_2006_ripples,network,0.0727229,0.0633941,0.0826843,20,0.0903982,0.0798368,0.100702,20,0.0453277,0.0297569,0.0620488,20,0.0910383,0.0800166,0.101479,20,20,0,0
Carey_candidate_detector,recipe:gillespie_2021,network,0.476591,0.444721,0.508695,20,0.811329,0.789166,0.833337,20,0.0568374,0.0438981,0.0708571,20,0.812331,0.790507,0.833741,20,20,0,0
Carey_candidate_detector,recipe:gillespie_2021_mua,network,0.647417,0.621671,0.674389,20,0.891369,0.880498,0.902248,20,0.252599,0.224125,0.284401,20,0.891369,0.880498,0.902248,20,20,0,0
Carey_candidate_detector,recipe:gridchyn_2020,network,0.227309,0.219769,0.235024,20,0.89646,0.884754,0.907545,20,0.0806197,0.069073,0.0926755,20,0.903916,0.890554,0.915656,20,20,0,0
Carey_candidate_detector,recipe:grosmark_2016,network,0.337206,0.309712,0.366209,20,0.507488,0.480412,0.532894,20,0.00415438,0.000666667,0.00838883,20,0.507488,0.480412,0.532894,20,20,0,0
Carey_candidate_detector,recipe:gupta_2010,network,0.0960567,0.0919412,0.100163,20,0.765986,0.742364,0.788585,20,0.015943,0.0138784,0.0179378,20,0.775828,0.756557,0.796213,20,20,0,0
Carey_candidate_detector,recipe:harvey_2023_code,network,0.388715,0.355149,0.421526,20,0.59083,0.56707,0.614483,20,0.0016129,0,0.00483871,20,0.593581,0.568957,0.617619,20,20,0,0
Carey_candidate_detector,recipe:harvey_2023_no_radiatum,network,0.35016,0.326821,0.376465,20,0.666996,0.649022,0.683764,20,0.0342658,0.0269562,0.0419839,20,0.670631,0.652253,0.687859,20,20,0,0
Carey_candidate_detector,recipe:harvey_2023_text,network,0.363913,0.338478,0.390653,20,0.588839,0.56689,0.610443,20,0.01282,0.00615926,0.0203199,20,0.593481,0.571848,0.615542,20,20,0,0
Carey_candidate_detector,recipe:huelin_gorriz_2023,network,0.408197,0.377436,0.441079,20,0.613416,0.591118,0.636158,20,0.00590478,0.00209091,0.0102287,20,0.613416,0.591118,0.636158,20,20,0,0
Carey_candidate_detector,recipe:igata_2021,network,0.349901,0.341579,0.358988,20,0.941995,0.932397,0.951327,20,0.149221,0.131758,0.167254,20,0.941995,0.932397,0.951327,20,20,0,0
Carey_candidate_detector,recipe:igata_2021_ripples,network,0.153432,0.148293,0.158557,20,0.813845,0.79698,0.831842,20,0.0161763,0.0140886,0.0180958,20,0.814769,0.797542,0.832983,20,20,0,0
Carey_candidate_detector,recipe:jadhav_2016,network,0.435251,0.401982,0.46943,20,0.648519,0.625745,0.67205,20,0.0759265,0.0569005,0.0958374,20,0.655961,0.632389,0.681258,20,20,0,0
Carey_candidate_detector,recipe:ji_2007,network,0.545377,0.494128,0.595892,20,0.791314,0.730748,0.84411,20,0.0967574,0.067947,0.127613,20,0.791314,0.730748,0.84411,20,20,0,0
Carey_candidate_detector,recipe:ji_2007_ripples,network,0.0138523,0.00914091,0.0193037,20,0.00594188,0.00315559,0.00910831,20,0.0307359,0.0179308,0.0464494,20,0.00594188,0.00315559,0.00910831,20,20,0,0
Carey_candidate_detector,recipe:kaefer_2020,network,0.01578,0.0113238,0.0209404,20,0.0113806,0.0070914,0.0158768,20,0.0270618,0.0158656,0.0413797,20,0.0113806,0.0070914,0.0158768,20,20,0,0
Carey_candidate_detector,recipe:karlsson_2009,network,0.485315,0.449773,0.519861,20,0.748538,0.724596,0.770708,20,0.0843419,0.0656081,0.104257,20,0.74953,0.726118,0.771312,20,20,0,0
Carey_candidate_detector,recipe:krause_2022,network,0.49408,0.451842,0.53699,20,0.744505,0.719036,0.768488,20,0.0433781,0.0256834,0.0642013,20,0.74551,0.719289,0.769982,20,20,0,0
Carey_candidate_detector,recipe:krause_2022_hse,network,0.647445,0.618951,0.678255,20,0.893843,0.881327,0.906789,20,0.229108,0.201795,0.258582,20,0.893843,0.881327,0.906789,20,20,0,0
Carey_candidate_detector,recipe:kudrimoti_1999,network,0.0186575,0.0150582,0.0221494,20,0.0278474,0.0217293,0.03454,20,0.00191756,0,0.00464158,20,0.0278474,0.0217293,0.03454,20,20,0,0
Carey_candidate_detector,recipe:lee_2002,network,0.081508,0.0787464,0.0841717,20,0.842358,0.827158,0.85744,20,0.0238084,0.0204462,0.0272788,20,0.844203,0.828953,0.860291,20,20,0,0
Carey_candidate_detector,recipe:lee_2002_ripples,network,0.0727229,0.0633941,0.0826843,20,0.0903982,0.0798368,0.100702,20,0.0453277,0.0297569,0.0620488,20,0.0910383,0.0800166,0.101479,20,20,0,0
Carey_candidate_detector,recipe:liu_2019,network,0.164594,0.159911,0.168969,20,0.740886,0.722762,0.759817,20,0.0550958,0.0475507,0.0630038,20,0.740119,0.721363,0.760092,20,20,0,0
Carey_candidate_detector,recipe:liu_2019_awake,network,0.164594,0.159911,0.168969,20,0.740886,0.722762,0.759817,20,0.0550958,0.0475507,0.0630038,20,0.740119,0.721363,0.760092,20,20,0,0
Carey_candidate_detector,recipe:liu_2023,network,0.335582,0.305919,0.365807,20,0.505174,0.481937,0.527593,20,0,0,0,20,0.506043,0.482565,0.528634,20,20,0,0
Carey_candidate_detector,recipe:maboudi_2018,network,0.618907,0.587786,0.652002,20,0.868236,0.853213,0.8838,20,0.185968,0.160112,0.215557,20,0.868236,0.853213,0.8838,20,20,0,0
Carey_candidate_detector,recipe:maboudi_2018_open_field,network,0.464587,0.435903,0.494446,20,0.754603,0.735144,0.774895,20,0.0703294,0.0562058,0.0868213,20,0.754603,0.735144,0.774895,20,20,0,0
Carey_candidate_detector,recipe:mallory_2025,network,0.469801,0.442075,0.498417,20,0.773094,0.75641,0.790224,20,0.103841,0.0891704,0.120055,20,0.775031,0.758613,0.791575,20,20,0,0
Carey_candidate_detector,recipe:mallory_2025_ripples,network,0.46816,0.431323,0.504832,20,0.733848,0.713161,0.753162,20,0.0600501,0.0416835,0.0796924,20,0.733848,0.713161,0.753162,20,20,0,0
Carey_candidate_detector,recipe:michon_2019,network,0.205948,0.187241,0.224769,20,0.311396,0.289918,0.332096,20,0,0,0,20,0.311396,0.289918,0.332096,20,20,0,0
Carey_candidate_detector,recipe:michon_2021,network,0.205948,0.187241,0.224769,20,0.311396,0.289918,0.332096,20,0,0,0,20,0.311396,0.289918,0.332096,20,20,0,0
Carey_candidate_detector,recipe:mou_2022,network,0.551801,0.521845,0.582903,20,0.899406,0.880705,0.917603,20,0.196968,0.166727,0.228231,20,0.895777,0.877664,0.913191,20,20,0,0
Carey_candidate_detector,recipe:muessig_2019,network,0.0822524,0.0716239,0.0935717,20,0.123919,0.111182,0.136218,20,0,0,0,20,0.123919,0.111182,0.136218,20,20,0,0
Carey_candidate_detector,recipe:muessig_2019_ripples,network,0.0381712,0.0366612,0.0395912,20,0.791038,0.768652,0.811706,20,0.00649744,0.00576403,0.00724854,20,0.802248,0.781929,0.820955,20,20,0,0
Carey_candidate_detector,recipe:nadasdy_1999,network,0.31027,0.287,0.334837,20,0.477158,0.455555,0.499222,20,0.0395764,0.0248502,0.0576799,20,0.478123,0.45584,0.501122,20,20,0,0
Carey_candidate_detector,recipe:olafsdottir_2015,network,0.37946,0.354926,0.405724,20,0.687717,0.666697,0.708478,20,0.030566,0.020355,0.0409378,20,0.687717,0.666697,0.708478,20,20,0,0
Carey_candidate_detector,recipe:olafsdottir_2015.bayesian_candidates,network,0.384382,0.356284,0.41405,20,0.627906,0.602983,0.652518,20,0.0168613,0.00985019,0.0241492,20,0.627906,0.602983,0.652518,20,20,0,0
Carey_candidate_detector,recipe:olafsdottir_2016,network,0.38337,0.352137,0.416875,20,0.591044,0.566843,0.617756,20,0.00559848,0.00104167,0.0111265,20,0.591044,0.566843,0.617756,20,20,0,0
Carey_candidate_detector,recipe:olafsdottir_2017,network,0.360148,0.339357,0.38135,20,0.75199,0.729601,0.77241,20,0.0574288,0.0476255,0.0683453,20,0.75389,0.730818,0.774973,20,20,0,0
Carey_candidate_detector,recipe:olafsdottir_2017.trajectory,network,0.38664,0.354386,0.420633,20,0.591044,0.566843,0.617756,20,0.00508282,0.00106383,0.0105407,20,0.591044,0.566843,0.617756,20,20,0,0
Carey_candidate_detector,recipe:pfeiffer_2013,network,0.464587,0.435903,0.494446,20,0.754603,0.735144,0.774895,20,0.0703294,0.0562058,0.0868213,20,0.754603,0.735144,0.774895,20,20,0,0
Carey_candidate_detector,recipe:pfeiffer_2013_ripples,network,0.509983,0.469077,0.55009,20,0.777969,0.75238,0.800623,20,0.0520818,0.0322634,0.0751567,20,0.777969,0.75238,0.800623,20,20,0,0
Carey_candidate_detector,recipe:pfeiffer_2015,network,0.51044,0.469736,0.550192,20,0.777969,0.75238,0.800623,20,0.0522357,0.032487,0.0752461,20,0.777969,0.75238,0.800623,20,20,0,0
Carey_candidate_detector,recipe:shin_2019,network,0.484293,0.448907,0.518904,20,0.748538,0.724596,0.770708,20,0.0837359,0.0652627,0.103457,20,0.74953,0.726118,0.771312,20,20,0,0
Carey_candidate_detector,recipe:silva_2015,network,0.41204,0.381516,0.444758,20,0.634719,0.6094,0.659685,20,0.0424421,0.0320101,0.0547338,20,0.634719,0.6094,0.659685,20,20,0,0
Carey_candidate_detector,recipe:stella_2019,network,0.371092,0.348214,0.393018,20,0.642678,0.62236,0.664999,20,0.0563849,0.0437059,0.0701161,20,0.645699,0.625529,0.668077,20,20,0,0
Carey_candidate_detector,recipe:tang_2017,network,0.484293,0.448907,0.518904,20,0.748538,0.724596,0.770708,20,0.0837359,0.0652627,0.103457,20,0.74953,0.726118,0.771312,20,20,0,0
Carey_candidate_detector,recipe:tirole_2022,network,0.408197,0.377436,0.441079,20,0.613416,0.591118,0.636158,20,0.00590478,0.00209091,0.0102287,20,0.613416,0.591118,0.636158,20,20,0,0
Carey_candidate_detector,recipe:widloski_2025,network,0.376997,0.347011,0.409156,20,0.577528,0.551968,0.606157,20,0.0396744,0.0237951,0.0595676,20,0.575924,0.5509,0.604245,20,20,0,0
Carey_candidate_detector,recipe:widloski_2025_bursts,network,0.384623,0.357356,0.414448,20,0.57189,0.541432,0.600811,20,0.0275227,0.0139565,0.0433001,20,0.569398,0.537836,0.598343,20,20,0,0
Carey_candidate_detector,recipe:wikenheiser_2013,network,0.128117,0.122927,0.133178,20,0.809005,0.792677,0.824275,20,0.0395589,0.0339709,0.0456007,20,0.808398,0.790847,0.824201,20,20,0,0
Carey_candidate_detector,recipe:wu_2014,network,0.259995,0.247484,0.272127,20,0.832236,0.817664,0.846,20,0.0561413,0.0491073,0.0641831,20,0.834262,0.819531,0.847624,20,20,0,0
Carey_candidate_detector,recipe:wu_2017,network,0.404988,0.379124,0.432571,20,0.588953,0.569263,0.609198,20,0.072002,0.0556835,0.088938,20,0.589735,0.570313,0.609328,20,20,0,0
Carey_candidate_detector,recipe:xu_2019,network,0.465446,0.438564,0.493639,20,0.767719,0.749576,0.785915,20,0.0814708,0.0677887,0.0970122,20,0.76861,0.750505,0.786255,20,20,0,0
Carey_candidate_detector,recipe:yamamoto_2017,network,0.415462,0.384332,0.446131,20,0.679805,0.657876,0.70093,20,0.0211853,0.0136144,0.0288132,20,0.680806,0.658895,0.702231,20,20,0,0
Carey_candidate_detector,recipe:yang_2024,network,0.337206,0.309712,0.366209,20,0.507488,0.480412,0.532894,20,0.00415438,0.000666667,0.00838883,20,0.507488,0.480412,0.532894,20,20,0,0
Karlsson_ripple_detector,Kay_ripple_detector,network,0.739714,0.719628,0.759588,20,0.876813,0.863642,0.889799,20,0.379614,0.337918,0.419309,20,0.900268,0.890289,0.909907,20,20,0,0
Karlsson_ripple_detector,Long_sharp_wave_ripple_detector,network,0.602328,0.58131,0.62466,20,0.714958,0.688798,0.74155,20,0.0803719,0.0544687,0.107329,20,0.7507,0.728409,0.774944,20,20,0,0
Karlsson_ripple_detector,Roumis_ripple_detector,network,0.717574,0.695413,0.738079,20,0.874722,0.862419,0.887291,20,0.331295,0.286963,0.373249,20,0.895371,0.884549,0.905628,20,20,0,0
Karlsson_ripple_detector,Shvartsman_ripple_detector,network,0.837733,0.816514,0.858293,20,0.920073,0.906458,0.933451,20,0.540629,0.474866,0.615485,20,0.921575,0.907853,0.93527,20,20,0,0
Karlsson_ripple_detector,Yu_ripple_detector,network,0.486509,0.45367,0.520914,20,0.84536,0.827365,0.862181,20,0.135009,0.11413,0.158361,20,0.870984,0.854473,0.887083,20,20,0,0
Karlsson_ripple_detector,Zugaro_ripple_detector,network,0.703899,0.689113,0.718265,20,0.836784,0.81001,0.858771,20,0.313252,0.284687,0.344206,20,0.852927,0.828625,0.874071,20,20,0,0
Karlsson_ripple_detector,multiunit_HSE_detector,network,0.258097,0.242771,0.273921,20,0.707775,0.687505,0.727277,20,0.0315981,0.0266983,0.0362921,20,0.707775,0.687505,0.727277,20,20,0,0
Karlsson_ripple_detector,recipe:ambrose_2016,network,0.835224,0.815741,0.849884,20,0.938692,0.929628,0.946979,20,0.427981,0.373471,0.485225,20,0.944495,0.936702,0.952842,20,20,0,0
Karlsson_ripple_detector,recipe:bendor_2012,network,0.571206,0.553261,0.589599,20,0.688545,0.669423,0.707874,20,0.112159,0.0829424,0.143851,20,0.693016,0.673744,0.712037,20,20,0,0
Karlsson_ripple_detector,recipe:berners_lee_2021,network,0.582703,0.54038,0.628961,20,0.860877,0.846614,0.876055,20,0.205067,0.161127,0.253544,20,0.868808,0.854889,0.882913,20,20,0,0
Karlsson_ripple_detector,recipe:berners_lee_2022,network,0.478943,0.458807,0.499108,20,0.640501,0.62057,0.662277,20,0.046694,0.0338297,0.0588673,20,0.641566,0.621472,0.663723,20,20,0,0
Karlsson_ripple_detector,recipe:bhattarai_2020,network,0.455992,0.432596,0.481029,20,0.573908,0.546225,0.601235,20,0.0215439,0.00896916,0.0355403,20,0.574302,0.548568,0.599735,20,20,0,0
Karlsson_ripple_detector,recipe:bhattarai_2020_ripples,network,0.522774,0.50141,0.545639,20,0.657124,0.628687,0.683932,20,0.0287831,0.0157244,0.0431327,20,0.659672,0.629963,0.687921,20,20,0,0
Karlsson_ripple_detector,recipe:bush_2022,network,0.481588,0.457485,0.505682,20,0.637771,0.609734,0.667913,20,0.0125699,0.00537037,0.0211437,20,0.638918,0.610173,0.669459,20,20,0,0
Karlsson_ripple_detector,recipe:carey_2019,network,0.3331,0.299237,0.372527,20,0.721821,0.697571,0.744956,20,0.0489106,0.0350393,0.0657813,20,0.724716,0.701885,0.746584,20,20,0,0
Karlsson_ripple_detector,recipe:carr_2012,network,1,1,1,20,1,1,1,20,1,1,1,20,1,1,1,20,20,0,0
Karlsson_ripple_detector,recipe:chenani_2019,network,0.531963,0.504362,0.561021,20,0.672514,0.64329,0.702967,20,0.063655,0.039392,0.0891249,20,0.672514,0.64329,0.702967,20,20,0,0
Karlsson_ripple_detector,recipe:davidson_2009,network,0.524068,0.500887,0.549543,20,0.71282,0.692944,0.733087,20,0.101977,0.077993,0.129601,20,0.71282,0.692944,0.733087,20,20,0,0
Karlsson_ripple_detector,recipe:denovellis_2021,network,0.746958,0.728931,0.763628,20,0.880689,0.867018,0.894568,20,0.397897,0.351596,0.442584,20,0.900256,0.888716,0.910824,20,20,0,0
Karlsson_ripple_detector,recipe:denovellis_2021_mua,network,0.258056,0.242666,0.273948,20,0.708125,0.688443,0.727453,20,0.0313669,0.026105,0.0362825,20,0.708125,0.688443,0.727453,20,20,0,0
Karlsson_ripple_detector,recipe:diba_2007,network,0.227023,0.207282,0.246562,20,0.284759,0.260923,0.307796,20,0,0,0,20,0.284701,0.259252,0.308282,20,20,0,0
Karlsson_ripple_detector,recipe:drieu_2018,network,0.368656,0.350915,0.385629,20,0.71438,0.695599,0.733445,20,0.0537615,0.044289,0.0635531,20,0.717734,0.699188,0.73671,20,20,0,0
Karlsson_ripple_detector,recipe:farooq_2019_neuron,network,0.258695,0.236789,0.279028,20,0.323355,0.298837,0.34596,20,0.003125,0,0.009375,20,0.32438,0.299292,0.348012,20,20,0,0
Karlsson_ripple_detector,recipe:farooq_2019_science,network,0.256837,0.235162,0.27737,20,0.321746,0.297468,0.344828,20,0,0,0,20,0.322791,0.297706,0.347172,20,20,0,0
Karlsson_ripple_detector,recipe:farooq_2019_science_awake,network,0.256837,0.235162,0.27737,20,0.321746,0.297468,0.344828,20,0,0,0,20,0.322791,0.297706,0.347172,20,20,0,0
Karlsson_ripple_detector,recipe:foster_2006,network,0.140117,0.122231,0.156958,20,0.177094,0.155321,0.198495,20,0,0,0,20,0.177094,0.155321,0.198495,20,20,0,0
Karlsson_ripple_detector,recipe:foster_2006_ripples,network,0.165111,0.150042,0.180373,20,0.11735,0.103257,0.131728,20,0.313317,0.2624,0.373202,20,0.118133,0.103971,0.132209,20,20,0,0
Karlsson_ripple_detector,recipe:gillespie_2021,network,0.739714,0.719628,0.759588,20,0.876813,0.863642,0.889799,20,0.379614,0.337918,0.419309,20,0.900268,0.890289,0.909907,20,20,0,0
Karlsson_ripple_detector,recipe:gillespie_2021_mua,network,0.537009,0.511358,0.563719,20,0.728797,0.70791,0.749431,20,0.103734,0.079538,0.132083,20,0.728797,0.70791,0.749431,20,20,0,0
Karlsson_ripple_detector,recipe:gridchyn_2020,network,0.135258,0.128337,0.142481,20,0.680334,0.659012,0.701574,20,0.0154713,0.0135257,0.0174368,20,0.692865,0.671426,0.713313,20,20,0,0
Karlsson_ripple_detector,recipe:grosmark_2016,network,0.515415,0.48903,0.540789,20,0.650314,0.619889,0.680012,20,0.016357,0.00529891,0.0288519,20,0.650314,0.619889,0.680012,20,20,0,0
Karlsson_ripple_detector,recipe:gupta_2010,network,0.089545,0.0839879,0.095004,20,0.70839,0.681758,0.735928,20,0.0177754,0.0158297,0.0197507,20,0.733781,0.712163,0.756003,20,20,0,0
Karlsson_ripple_detector,recipe:harvey_2023_code,network,0.560332,0.536427,0.586402,20,0.688337,0.656165,0.719669,20,0.0276034,0.0142684,0.0414832,20,0.710956,0.679836,0.74101,20,20,0,0
Karlsson_ripple_detector,recipe:harvey_2023_no_radiatum,network,0.435013,0.415614,0.454878,20,0.77231,0.758463,0.787382,20,0.0377549,0.0294599,0.0457512,20,0.787578,0.774974,0.800433,20,20,0,0
Karlsson_ripple_detector,recipe:harvey_2023_text,network,0.574977,0.559378,0.591143,20,0.734756,0.712322,0.756552,20,0.0943747,0.0682369,0.122898,20,0.762508,0.741189,0.783964,20,20,0,0
Karlsson_ripple_detector,recipe:huelin_gorriz_2023,network,0.579726,0.557522,0.602793,20,0.727757,0.703327,0.752851,20,0.0185557,0.00648148,0.0328233,20,0.727757,0.703327,0.752851,20,20,0,0
Karlsson_ripple_detector,recipe:igata_2021,network,0.191612,0.17803,0.204543,20,0.707192,0.685376,0.728076,20,0.0206966,0.0173008,0.0238945,20,0.707192,0.685376,0.728076,20,20,0,0
Karlsson_ripple_detector,recipe:igata_2021_ripples,network,0.170399,0.163999,0.177434,20,0.836423,0.821933,0.850783,20,0.0379266,0.0339359,0.0417821,20,0.85504,0.84289,0.866882,20,20,0,0
Karlsson_ripple_detector,recipe:jadhav_2016,network,0.826411,0.806597,0.84328,20,0.829406,0.810054,0.848474,20,0.67045,0.612901,0.734515,20,0.869895,0.851868,0.886613,20,20,0,0
Karlsson_ripple_detector,recipe:ji_2007,network,0.568982,0.534528,0.601092,20,0.692076,0.650677,0.728005,20,0.121655,0.087548,0.157709,20,0.694189,0.652451,0.72978,20,20,0,0
Karlsson_ripple_detector,recipe:ji_2007_ripples,network,0.0572315,0.0458738,0.069763,20,0.006249,0.00286899,0.00986328,20,0.223272,0.177239,0.275367,20,0.00761701,0.00401127,0.0115692,20,20,0,0
Karlsson_ripple_detector,recipe:kaefer_2020,network,0.0465516,0.0370029,0.0572919,20,0.0150265,0.0093575,0.0208556,20,0.156973,0.121656,0.19462,20,0.0150265,0.0093575,0.0208556,20,20,0,0
Karlsson_ripple_detector,recipe:karlsson_2009,network,0.995791,0.99248,0.998734,20,1,1,1,20,0.983327,0.970934,0.994122,20,1,1,1,20,20,0,0
Karlsson_ripple_detector,recipe:krause_2022,network,0.780728,0.759569,0.800344,20,0.898526,0.884286,0.911244,20,0.294581,0.243819,0.357391,20,0.908277,0.893483,0.921347,20,20,0,0
Karlsson_ripple_detector,recipe:krause_2022_hse,network,0.553719,0.528656,0.579056,20,0.728599,0.706541,0.749744,20,0.106195,0.0781559,0.138327,20,0.727667,0.705564,0.748798,20,20,0,0
Karlsson_ripple_detector,recipe:kudrimoti_1999,network,0.0329747,0.0260052,0.0399388,20,0.0360556,0.028362,0.0445298,20,0.0208378,0.00841785,0.0347467,20,0.0360556,0.028362,0.0445298,20,20,0,0
Karlsson_ripple_detector,recipe:lee_2002,network,0.0528365,0.0508795,0.0547956,20,0.668628,0.653083,0.68373,20,0.00691242,0.00636259,0.00744964,20,0.665253,0.650372,0.67994,20,20,0,0
Karlsson_ripple_detector,recipe:lee_2002_ripples,network,0.165111,0.150042,0.180373,20,0.11735,0.103257,0.131728,20,0.313317,0.2624,0.373202,20,0.118133,0.103971,0.132209,20,20,0,0
Karlsson_ripple_detector,recipe:liu_2019,network,0.106735,0.101866,0.111393,20,0.596971,0.578756,0.617204,20,0.0162074,0.0146214,0.0177872,20,0.590785,0.572648,0.609689,20,20,0,0
Karlsson_ripple_detector,recipe:liu_2019_awake,network,0.106735,0.101866,0.111393,20,0.596971,0.578756,0.617204,20,0.0162074,0.0146214,0.0177872,20,0.590785,0.572648,0.609689,20,20,0,0
Karlsson_ripple_detector,recipe:liu_2023,network,0.488278,0.463874,0.512705,20,0.618509,0.587162,0.645574,20,0,0,0,20,0.618509,0.587162,0.645574,20,20,0,0
Karlsson_ripple_detector,recipe:maboudi_2018,network,0.56815,0.545252,0.591213,20,0.73578,0.712745,0.758695,20,0.0996581,0.0696044,0.135014,20,0.734848,0.711833,0.757895,20,20,0,0
Karlsson_ripple_detector,recipe:maboudi_2018_open_field,network,0.478203,0.458704,0.501597,20,0.708528,0.687504,0.728822,20,0.044047,0.0299216,0.0593259,20,0.708528,0.687504,0.728822,20,20,0,0
Karlsson_ripple_detector,recipe:mallory_2025,network,0.473825,0.451492,0.497877,20,0.714265,0.691375,0.737211,20,0.095592,0.0770901,0.115614,20,0.714265,0.691375,0.737211,20,20,0,0
Karlsson_ripple_detector,recipe:mallory_2025_ripples,network,0.793047,0.773794,0.810945,20,0.909097,0.893779,0.924251,20,0.412286,0.357528,0.470641,20,0.920869,0.906836,0.93464,20,20,0,0
Karlsson_ripple_detector,recipe:michon_2019,network,0.317287,0.298333,0.335369,20,0.404382,0.377426,0.429132,20,0,0,0,20,0.404382,0.377426,0.429132,20,20,0,0
Karlsson_ripple_detector,recipe:michon_2021,network,0.317287,0.298333,0.335369,20,0.404382,0.377426,0.429132,20,0,0,0,20,0.404382,0.377426,0.429132,20,20,0,0
Karlsson_ripple_detector,recipe:mou_2022,network,0.42152,0.37212,0.468915,20,0.714256,0.691618,0.734591,20,0.0556013,0.0387157,0.0746732,20,0.709959,0.687976,0.730002,20,20,0,0
Karlsson_ripple_detector,recipe:muessig_2019,network,0.119086,0.107009,0.13354,20,0.149477,0.135037,0.166574,20,0,0,0,20,0.151216,0.136024,0.168894,20,20,0,0
Karlsson_ripple_detector,recipe:muessig_2019_ripples,network,0.0345116,0.0329618,0.0361076,20,0.780173,0.762901,0.797969,20,0.00620719,0.00546437,0.00694378,20,0.794311,0.776494,0.813123,20,20,0,0
Karlsson_ripple_detector,recipe:nadasdy_1999,network,0.551681,0.536006,0.566499,20,0.607359,0.57947,0.636326,20,0.305388,0.268563,0.347075,20,0.630364,0.604419,0.655815,20,20,0,0
Karlsson_ripple_detector,recipe:olafsdottir_2015,network,0.400856,0.377291,0.426682,20,0.663738,0.633861,0.694725,20,0.0137445,0.00692998,0.02167,20,0.663738,0.633861,0.694725,20,20,0,0
Karlsson_ripple_detector,recipe:olafsdottir_2015.bayesian_candidates,network,0.437711,0.413082,0.465993,20,0.621886,0.592395,0.654095,20,0.00834536,0.00119048,0.0185305,20,0.621886,0.592395,0.654095,20,20,0,0
Karlsson_ripple_detector,recipe:olafsdottir_2016,network,0.456887,0.431027,0.485936,20,0.589659,0.560344,0.621182,20,0.00364583,0,0.009375,20,0.591814,0.561829,0.62331,20,20,0,0
Karlsson_ripple_detector,recipe:olafsdottir_2017,network,0.355731,0.339952,0.371176,20,0.697556,0.675233,0.720314,20,0.0496187,0.0388001,0.0617773,20,0.702323,0.680572,0.724614,20,20,0,0
Karlsson_ripple_detector,recipe:olafsdottir_2017.trajectory,network,0.46271,0.437207,0.490688,20,0.589659,0.560344,0.621182,20,0.00389805,0,0.00997001,20,0.591814,0.561829,0.62331,20,20,0,0
Karlsson_ripple_detector,recipe:pfeiffer_2013,network,0.478203,0.458704,0.501597,20,0.708528,0.687504,0.728822,20,0.044047,0.0299216,0.0593259,20,0.708528,0.687504,0.728822,20,20,0,0
Karlsson_ripple_detector,recipe:pfeiffer_2013_ripples,network,0.835224,0.815741,0.849884,20,0.938692,0.929628,0.946979,20,0.427981,0.373471,0.485225,20,0.944495,0.936702,0.952842,20,20,0,0
Karlsson_ripple_detector,recipe:pfeiffer_2015,network,0.836768,0.817284,0.852262,20,0.938692,0.929628,0.946979,20,0.432258,0.375543,0.491236,20,0.944495,0.936702,0.952842,20,20,0,0
Karlsson_ripple_detector,recipe:shin_2019,network,1,1,1,20,1,1,1,20,1,1,1,20,1,1,1,20,20,0,0
Karlsson_ripple_detector,recipe:silva_2015,network,0.464069,0.439402,0.490306,20,0.613372,0.588275,0.638821,20,0.054964,0.0366458,0.0730522,20,0.613372,0.588275,0.638821,20,20,0,0
Karlsson_ripple_detector,recipe:stella_2019,network,0.629714,0.61637,0.643586,20,0.81362,0.795617,0.832975,20,0.269934,0.253654,0.286308,20,0.839935,0.826309,0.854374,20,20,0,0
Karlsson_ripple_detector,recipe:tang_2017,network,1,1,1,20,1,1,1,20,1,1,1,20,1,1,1,20,20,0,0
Karlsson_ripple_detector,recipe:tirole_2022,network,0.579726,0.557522,0.602793,20,0.727757,0.703327,0.752851,20,0.0185557,0.00648148,0.0328233,20,0.727757,0.703327,0.752851,20,20,0,0
Karlsson_ripple_detector,recipe:widloski_2025,network,0.623652,0.602652,0.643757,20,0.738478,0.710809,0.766403,20,0.250934,0.197304,0.310692,20,0.733427,0.708091,0.759479,20,20,0,0
Karlsson_ripple_detector,recipe:widloski_2025_bursts,network,0.47865,0.45787,0.498924,20,0.590853,0.568343,0.611006,20,0.0323445,0.0143963,0.0514961,20,0.58049,0.556949,0.603018,20,20,0,0
Karlsson_ripple_detector,recipe:wikenheiser_2013,network,0.0851503,0.081287,0.088934,20,0.647283,0.629387,0.665802,20,0.0128817,0.0114633,0.0144672,20,0.643454,0.62545,0.662285,20,20,0,0
Karlsson_ripple_detector,recipe:wu_2014,network,0.205881,0.193419,0.218658,20,0.721121,0.703612,0.738184,20,0.0220012,0.017384,0.0268435,20,0.722257,0.703887,0.739799,20,20,0,0
Karlsson_ripple_detector,recipe:wu_2017,network,0.470754,0.45281,0.490142,20,0.583876,0.564016,0.603767,20,0.0786998,0.0528844,0.106882,20,0.595432,0.576308,0.613669,20,20,0,0
Karlsson_ripple_detector,recipe:xu_2019,network,0.473426,0.452852,0.495396,20,0.715566,0.694189,0.736016,20,0.0653066,0.0509903,0.0814426,20,0.715566,0.694189,0.736016,20,20,0,0
Karlsson_ripple_detector,recipe:yamamoto_2017,network,0.560998,0.53871,0.581163,20,0.757185,0.732889,0.780804,20,0.069825,0.0515284,0.0888739,20,0.777486,0.74964,0.804924,20,20,0,0
Karlsson_ripple_detector,recipe:yang_2024,network,0.515415,0.48903,0.540789,20,0.650314,0.619889,0.680012,20,0.016357,0.00529891,0.0288519,20,0.650314,0.619889,0.680012,20,20,0,0
Kay_ripple_detector,Long_sharp_wave_ripple_detector,network,0.553929,0.528233,0.57942,20,0.677519,0.651583,0.705402,20,0.0737975,0.0518574,0.0973697,20,0.735664,0.711793,0.760496,20,20,0,0
Kay_ripple_detector,Roumis_ripple_detector,network,0.94778,0.935673,0.959609,20,0.990715,0.985249,0.995568,20,0.844091,0.811949,0.87622,20,0.993355,0.988774,0.9969,20,20,0,0
Kay_ripple_detector,Shvartsman_ripple_detector,network,0.68035,0.655484,0.7054,20,0.80927,0.793245,0.825803,20,0.303406,0.253003,0.353012,20,0.830646,0.816507,0.845196,20,20,0,0
Kay_ripple_detector,Yu_ripple_detector,network,0.614646,0.580248,0.651482,20,0.939635,0.926137,0.952325,20,0.309676,0.279075,0.344246,20,0.950705,0.939246,0.961,20,20,0,0
Kay_ripple_detector,Zugaro_ripple_detector,network,0.610189,0.595505,0.624707,20,0.747455,0.724879,0.769503,20,0.258874,0.228578,0.289288,20,0.778269,0.756931,0.798144,20,20,0,0
Kay_ripple_detector,multiunit_HSE_detector,network,0.26143,0.248407,0.27459,20,0.771946,0.754056,0.789352,20,0.021645,0.018338,0.0250916,20,0.771946,0.754056,0.789352,20,20,0,0
Kay_ripple_detector,recipe:ambrose_2016,network,0.750203,0.73095,0.767878,20,0.931035,0.91233,0.947384,20,0.287367,0.247169,0.325936,20,0.939659,0.923664,0.953679,20,20,0,0
Kay_ripple_detector,recipe:bendor_2012,network,0.50249,0.483921,0.52055,20,0.688788,0.667269,0.709873,20,0.0339683,0.0235161,0.0463199,20,0.698029,0.678668,0.717212,20,20,0,0
Kay_ripple_detector,recipe:berners_lee_2021,network,0.676918,0.643256,0.711756,20,0.940311,0.929872,0.950628,20,0.326572,0.293494,0.360586,20,0.949915,0.938655,0.961077,20,20,0,0
Kay_ripple_detector,recipe:berners_lee_2022,network,0.436497,0.41682,0.456647,20,0.649335,0.630614,0.667354,20,0.0204252,0.0119886,0.0298643,20,0.650361,0.63158,0.668203,20,20,0,0
Kay_ripple_detector,recipe:bhattarai_2020,network,0.372496,0.353754,0.390845,20,0.517335,0.492936,0.542932,20,0.013957,0.00592482,0.0240382,20,0.520717,0.498133,0.543958,20,20,0,0
Kay_ripple_detector,recipe:bhattarai_2020_ripples,network,0.427655,0.40804,0.446864,20,0.592176,0.568166,0.616116,20,0.0169104,0.00932763,0.025351,20,0.59764,0.572242,0.623566,20,20,0,0
Kay_ripple_detector,recipe:bush_2022,network,0.429805,0.406374,0.454318,20,0.624306,0.598509,0.652074,20,0.00758702,0.00274436,0.0135604,20,0.62538,0.598935,0.653373,20,20,0,0
Kay_ripple_detector,recipe:carey_2019,network,0.334564,0.305335,0.367882,20,0.779235,0.756236,0.802115,20,0.0369669,0.0280644,0.0470592,20,0.783904,0.763004,0.805212,20,20,0,0
Kay_ripple_detector,recipe:carr_2012,network,0.739714,0.719628,0.759588,20,0.876813,0.863642,0.889799,20,0.379614,0.337918,0.419309,20,0.900268,0.890289,0.909907,20,20,0,0
Kay_ripple_detector,recipe:chenani_2019,network,0.467047,0.444039,0.49335,20,0.661193,0.636239,0.687774,20,0.0220854,0.0124312,0.0327063,20,0.662947,0.638229,0.688812,20,20,0,0
Kay_ripple_detector,recipe:davidson_2009,network,0.477526,0.461357,0.494697,20,0.743634,0.726853,0.759337,20,0.0363626,0.0274855,0.0459479,20,0.743634,0.726853,0.759337,20,20,0,0
Kay_ripple_detector,recipe:denovellis_2021,network,0.924074,0.91125,0.935357,20,0.975206,0.964138,0.98534,20,0.774212,0.748516,0.797242,20,0.985285,0.977944,0.991685,20,20,0,0
Kay_ripple_detector,recipe:denovellis_2021_mua,network,0.261191,0.247922,0.274614,20,0.77139,0.753126,0.789259,20,0.0216813,0.0183215,0.0252132,20,0.77139,0.753126,0.789259,20,20,0,0
Kay_ripple_detector,recipe:diba_2007,network,0.193782,0.176479,0.210667,20,0.270447,0.248171,0.292441,20,0,0,0,20,0.270476,0.246646,0.292285,20,20,0,0
Kay_ripple_detector,recipe:drieu_2018,network,0.339112,0.321951,0.356385,20,0.721971,0.70516,0.73908,20,0.025643,0.021227,0.0302538,20,0.724041,0.706831,0.741254,20,20,0,0
Kay_ripple_detector,recipe:farooq_2019_neuron,network,0.218068,0.201091,0.234641,20,0.300852,0.279579,0.32104,20,0.00227273,0,0.00681818,20,0.303276,0.281362,0.324536,20,20,0,0
Kay_ripple_detector,recipe:farooq_2019_science,network,0.216467,0.199607,0.233128,20,0.299334,0.278338,0.319303,20,0,0,0,20,0.301768,0.280066,0.323334,20,20,0,0
Kay_ripple_detector,recipe:farooq_2019_science_awake,network,0.216467,0.199607,0.233128,20,0.299334,0.278338,0.319303,20,0,0,0,20,0.301768,0.280066,0.323334,20,20,0,0
Kay_ripple_detector,recipe:foster_2006,network,0.117004,0.101974,0.130178,20,0.164344,0.143704,0.183089,20,0,0,0,20,0.164344,0.143704,0.183089,20,20,0,0
Kay_ripple_detector,recipe:foster_2006_ripples,network,0.134308,0.120821,0.147604,20,0.104698,0.0921877,0.116815,20,0.197015,0.161943,0.233561,20,0.10628,0.0938115,0.118674,20,20,0,0
Kay_ripple_detector,recipe:gillespie_2021,network,1,1,1,20,1,1,1,20,1,1,1,20,1,1,1,20,20,0,0
Kay_ripple_detector,recipe:gillespie_2021_mua,network,0.492268,0.472215,0.512414,20,0.764694,0.746048,0.781911,20,0.0373559,0.0293106,0.0462855,20,0.764694,0.746048,0.781911,20,20,0,0
Kay_ripple_detector,recipe:gridchyn_2020,network,0.141032,0.133856,0.148134,20,0.727799,0.710487,0.74652,20,0.0134779,0.0116611,0.0153649,20,0.750705,0.7333,0.767637,20,20,0,0
Kay_ripple_detector,recipe:grosmark_2016,network,0.420585,0.401227,0.443818,20,0.594583,0.567304,0.621844,20,0.00313725,0,0.00794608,20,0.594583,0.567304,0.621844,20,20,0,0
Kay_ripple_detector,recipe:gupta_2010,network,0.107096,0.101023,0.112496,20,0.756944,0.728622,0.78487,20,0.029215,0.0274623,0.0309527,20,0.798486,0.777225,0.820791,20,20,0,0
Kay_ripple_detector,recipe:harvey_2023_code,network,0.495142,0.471953,0.518249,20,0.65425,0.628428,0.681799,20,0.0333384,0.0189674,0.0487411,20,0.68375,0.657919,0.709128,20,20,0,0
Kay_ripple_detector,recipe:harvey_2023_no_radiatum,network,0.399203,0.379365,0.419306,20,0.751205,0.737351,0.764879,20,0.0285485,0.0210509,0.0360632,20,0.765306,0.752199,0.778429,20,20,0,0
Kay_ripple_detector,recipe:harvey_2023_text,network,0.507226,0.487183,0.528028,20,0.666243,0.6491,0.685298,20,0.10624,0.0783538,0.138943,20,0.704863,0.686254,0.724386,20,20,0,0
Kay_ripple_detector,recipe:huelin_gorriz_2023,network,0.493736,0.468881,0.518876,20,0.695032,0.670136,0.720231,20,0.00497991,0,0.0104377,20,0.695032,0.670136,0.720231,20,20,0,0
Kay_ripple_detector,recipe:igata_2021,network,0.197307,0.185328,0.208582,20,0.772021,0.75266,0.791298,20,0.0152246,0.0127911,0.0175805,20,0.772021,0.75266,0.791298,20,20,0,0
Kay_ripple_detector,recipe:igata_2021_ripples,network,0.192552,0.18638,0.199045,20,0.893578,0.878798,0.908982,20,0.0524478,0.0490208,0.056083,20,0.911268,0.898404,0.923056,20,20,0,0
Kay_ripple_detector,recipe:jadhav_2016,network,0.613219,0.593341,0.633146,20,0.739428,0.720893,0.756084,20,0.247812,0.210782,0.280722,20,0.78296,0.765259,0.799586,20,20,0,0
Kay_ripple_detector,recipe:ji_2007,network,0.509853,0.476811,0.539544,20,0.716216,0.668716,0.755256,20,0.0349768,0.0271856,0.0430895,20,0.719412,0.671826,0.758481,20,20,0,0
Kay_ripple_detector,recipe:ji_2007_ripples,network,0.047163,0.0373275,0.0576875,20,0.00568865,0.00257851,0.00897439,20,0.142398,0.111293,0.174733,20,0.00693656,0.00368928,0.0105533,20,20,0,0
Kay_ripple_detector,recipe:kaefer_2020,network,0.038035,0.0298813,0.0470315,20,0.0135932,0.00841363,0.0189566,20,0.0955212,0.0734122,0.120233,20,0.0135932,0.00841363,0.0189566,20,20,0,0
Kay_ripple_detector,recipe:karlsson_2009,network,0.736363,0.716477,0.756236,20,0.876813,0.863642,0.889799,20,0.369581,0.331458,0.406203,20,0.900268,0.890289,0.909907,20,20,0,0
Kay_ripple_detector,recipe:krause_2022,network,0.678903,0.654205,0.700832,20,0.873554,0.854572,0.891899,20,0.184793,0.15076,0.221916,20,0.883135,0.865758,0.899608,20,20,0,0
Kay_ripple_detector,recipe:krause_2022_hse,network,0.507522,0.486523,0.528802,20,0.764468,0.744986,0.783476,20,0.0370786,0.0292052,0.0457301,20,0.763594,0.74394,0.783044,20,20,0,0
Kay_ripple_detector,recipe:kudrimoti_1999,network,0.0265056,0.02085,0.0319107,20,0.0316994,0.0252744,0.0385434,20,0.0124136,0.0047514,0.0213281,20,0.0324111,0.0254261,0.0398604,20,20,0,0
Kay_ripple_detector,recipe:lee_2002,network,0.0591486,0.0571567,0.0612072,20,0.724016,0.708296,0.740089,20,0.00939479,0.00844105,0.0105722,20,0.726535,0.712464,0.741594,20,20,0,0
Kay_ripple_detector,recipe:lee_2002_ripples,network,0.134308,0.120821,0.147604,20,0.104698,0.0921877,0.116815,20,0.197015,0.161943,0.233561,20,0.10628,0.0938115,0.118674,20,20,0,0
Kay_ripple_detector,recipe:liu_2019,network,0.121236,0.116343,0.125938,20,0.653701,0.635944,0.671192,20,0.0237306,0.021169,0.0264164,20,0.648279,0.630699,0.665913,20,20,0,0
Kay_ripple_detector,recipe:liu_2019_awake,network,0.121236,0.116343,0.125938,20,0.653701,0.635944,0.671192,20,0.0237306,0.021169,0.0264164,20,0.648279,0.630699,0.665913,20,20,0,0
Kay_ripple_detector,recipe:liu_2023,network,0.412524,0.38852,0.436017,20,0.581411,0.552376,0.609083,20,0,0,0,20,0.581411,0.552376,0.609083,20,20,0,0
Kay_ripple_detector,recipe:maboudi_2018,network,0.516009,0.495502,0.535782,20,0.762905,0.739366,0.784705,20,0.0337307,0.0245698,0.0438858,20,0.762031,0.738326,0.784089,20,20,0,0
Kay_ripple_detector,recipe:maboudi_2018_open_field,network,0.432485,0.414181,0.453424,20,0.705791,0.685598,0.725295,20,0.0161488,0.00924129,0.0240076,20,0.706601,0.686854,0.72601,20,20,0,0
Kay_ripple_detector,recipe:mallory_2025,network,0.419501,0.401768,0.439209,20,0.718473,0.69925,0.736674,20,0.0362623,0.0281274,0.0458986,20,0.719434,0.699886,0.737582,20,20,0,0
Kay_ripple_detector,recipe:mallory_2025_ripples,network,0.690716,0.670195,0.71038,20,0.872796,0.860431,0.886392,20,0.282503,0.245756,0.317539,20,0.882838,0.872023,0.894072,20,20,0,0
Kay_ripple_detector,recipe:michon_2019,network,0.257625,0.240796,0.274035,20,0.364121,0.341497,0.385947,20,0,0,0,20,0.364121,0.341497,0.385947,20,20,0,0
Kay_ripple_detector,recipe:michon_2021,network,0.257625,0.240796,0.274035,20,0.364121,0.341497,0.385947,20,0,0,0,20,0.364121,0.341497,0.385947,20,20,0,0
Kay_ripple_detector,recipe:mou_2022,network,0.398736,0.358445,0.437669,20,0.75953,0.738975,0.77757,20,0.024024,0.0187504,0.0296245,20,0.756116,0.736529,0.773753,20,20,0,0
Kay_ripple_detector,recipe:muessig_2019,network,0.0984668,0.0879424,0.109956,20,0.137328,0.123759,0.152077,20,0,0,0,20,0.139807,0.125688,0.154926,20,20,0,0
Kay_ripple_detector,recipe:muessig_2019_ripples,network,0.0401378,0.0383414,0.0419528,20,0.798173,0.778616,0.819254,20,0.010047,0.00940661,0.0107084,20,0.826122,0.806603,0.846028,20,20,0,0
Kay_ripple_detector,recipe:nadasdy_1999,network,0.465581,0.4483,0.481035,20,0.536218,0.515321,0.557666,20,0.228979,0.195278,0.26198,20,0.569817,0.548637,0.59106,20,20,0,0
Kay_ripple_detector,recipe:olafsdottir_2015,network,0.374573,0.353101,0.398464,20,0.657676,0.630596,0.685847,20,0.0140701,0.00839623,0.0204711,20,0.659473,0.632662,0.68723,20,20,0,0
Kay_ripple_detector,recipe:olafsdottir_2015.bayesian_candidates,network,0.394174,0.371136,0.420609,20,0.603389,0.574182,0.634635,20,0.0119179,0.00496412,0.0198252,20,0.604364,0.574838,0.635699,20,20,0,0
Kay_ripple_detector,recipe:olafsdottir_2016,network,0.4013,0.376971,0.428896,20,0.568113,0.540323,0.598201,20,0.00347761,0,0.00742894,20,0.571961,0.54463,0.601625,20,20,0,0
Kay_ripple_detector,recipe:olafsdottir_2017,network,0.330015,0.314018,0.345595,20,0.695676,0.673703,0.718109,20,0.0276864,0.0228775,0.0326888,20,0.705486,0.684049,0.726276,20,20,0,0
Kay_ripple_detector,recipe:olafsdottir_2017.trajectory,network,0.405617,0.381802,0.433187,20,0.568113,0.540323,0.598201,20,0.00361905,0,0.00766786,20,0.571961,0.54463,0.601625,20,20,0,0
Kay_ripple_detector,recipe:pfeiffer_2013,network,0.432485,0.414181,0.453424,20,0.705791,0.685598,0.725295,20,0.0161488,0.00924129,0.0240076,20,0.706601,0.686854,0.72601,20,20,0,0
Kay_ripple_detector,recipe:pfeiffer_2013_ripples,network,0.750203,0.73095,0.767878,20,0.931035,0.91233,0.947384,20,0.287367,0.247169,0.325936,20,0.939659,0.923664,0.953679,20,20,0,0
Kay_ripple_detector,recipe:pfeiffer_2015,network,0.751139,0.732583,0.768388,20,0.931035,0.91233,0.947384,20,0.288704,0.247833,0.327576,20,0.939659,0.923664,0.953679,20,20,0,0
Kay_ripple_detector,recipe:shin_2019,network,0.739714,0.719628,0.759588,20,0.876813,0.863642,0.889799,20,0.379614,0.337918,0.419309,20,0.900268,0.890289,0.909907,20,20,0,0
Kay_ripple_detector,recipe:silva_2015,network,0.404806,0.384599,0.428115,20,0.598536,0.574573,0.621766,20,0.0177806,0.0106831,0.0251932,20,0.599676,0.575872,0.62238,20,20,0,0
Kay_ripple_detector,recipe:stella_2019,network,0.545466,0.532205,0.558607,20,0.736242,0.717287,0.755956,20,0.216686,0.195828,0.238419,20,0.771748,0.757708,0.787674,20,20,0,0
Kay_ripple_detector,recipe:tang_2017,network,0.739714,0.719628,0.759588,20,0.876813,0.863642,0.889799,20,0.379614,0.337918,0.419309,20,0.900268,0.890289,0.909907,20,20,0,0
Kay_ripple_detector,recipe:tirole_2022,network,0.493736,0.468881,0.518876,20,0.695032,0.670136,0.720231,20,0.00497991,0,0.0104377,20,0.695032,0.670136,0.720231,20,20,0,0
Kay_ripple_detector,recipe:widloski_2025,network,0.513134,0.492256,0.533952,20,0.671341,0.648928,0.696777,20,0.161909,0.126363,0.19868,20,0.667051,0.645107,0.692155,20,20,0,0
Kay_ripple_detector,recipe:widloski_2025_bursts,network,0.415331,0.39925,0.431843,20,0.57676,0.555215,0.597253,20,0.0127597,0.00520195,0.0217706,20,0.56814,0.544536,0.59047,20,20,0,0
Kay_ripple_detector,recipe:wikenheiser_2013,network,0.100793,0.0963791,0.105484,20,0.715659,0.699553,0.731573,20,0.02195,0.0194671,0.0250299,20,0.711834,0.695086,0.728486,20,20,0,0
Kay_ripple_detector,recipe:wu_2014,network,0.204565,0.19275,0.216126,20,0.749409,0.731972,0.766005,20,0.0147488,0.0114668,0.0183572,20,0.751437,0.733492,0.768867,20,20,0,0
Kay_ripple_detector,recipe:wu_2017,network,0.417652,0.40129,0.433511,20,0.580841,0.56079,0.6012,20,0.0336942,0.0212724,0.0468963,20,0.591751,0.571518,0.612846,20,20,0,0
Kay_ripple_detector,recipe:xu_2019,network,0.425281,0.406759,0.445049,20,0.718296,0.699181,0.735861,20,0.0247366,0.0173872,0.0329361,20,0.719273,0.699891,0.737189,20,20,0,0
Kay_ripple_detector,recipe:yamamoto_2017,network,0.513965,0.488897,0.53626,20,0.737424,0.713605,0.761711,20,0.0651724,0.0455792,0.0869616,20,0.760183,0.734564,0.785231,20,20,0,0
Kay_ripple_detector,recipe:yang_2024,network,0.420585,0.401227,0.443818,20,0.594583,0.567304,0.621844,20,0.00313725,0,0.00794608,20,0.594583,0.567304,0.621844,20,20,0,0
Long_sharp_wave_ripple_detector,Roumis_ripple_detector,network,0.554397,0.529773,0.579903,20,0.67811,0.651835,0.705387,20,0.0733956,0.0505878,0.0965381,20,0.734998,0.710951,0.759321,20,20,0,0
Long_sharp_wave_ripple_detector,Shvartsman_ripple_detector,network,0.632302,0.612663,0.65297,20,0.700059,0.674308,0.728168,20,0.0972581,0.0647843,0.131551,20,0.733849,0.713396,0.755375,20,20,0,0
Long_sharp_wave_ripple_detector,Yu_ripple_detector,network,0.383276,0.357285,0.409135,20,0.662133,0.636148,0.688627,20,0.0322348,0.0238308,0.040542,20,0.71841,0.694231,0.742503,20,20,0,0
Long_sharp_wave_ripple_detector,Zugaro_ripple_detector,network,0.600482,0.573044,0.626155,20,0.615922,0.587752,0.644163,20,0.10784,0.0755338,0.139223,20,0.711717,0.686473,0.737349,20,20,0,0
Long_sharp_wave_ripple_detector,multiunit_HSE_detector,network,0.212973,0.198918,0.226787,20,0.609301,0.590287,0.627227,20,0.000292398,0,0.000877193,20,0.611586,0.592967,0.628942,20,20,0,0
Long_sharp_wave_ripple_detector,recipe:ambrose_2016,network,0.635896,0.615183,0.657373,20,0.73212,0.710532,0.75599,20,0.0571434,0.0341891,0.0800828,20,0.749429,0.726804,0.773248,20,20,0,0
Long_sharp_wave_ripple_detector,recipe:bendor_2012,network,0.506938,0.486959,0.526294,20,0.566199,0.543379,0.589743,20,0.00940171,0,0.0226496,20,0.584453,0.56029,0.608016,20,20,0,0
Long_sharp_wave_ripple_detector,recipe:berners_lee_2021,network,0.437416,0.402887,0.475472,20,0.701918,0.680981,0.723909,20,0.0143245,0.00751043,0.022487,20,0.71761,0.694412,0.741173,20,20,0,0
Long_sharp_wave_ripple_detector,recipe:berners_lee_2022,network,0.436746,0.416818,0.456467,20,0.536592,0.5124,0.560597,20,0,0,0,20,0.546178,0.522086,0.569717,20,20,0,0
Long_sharp_wave_ripple_detector,recipe:bhattarai_2020,network,0.444911,0.421429,0.472161,20,0.475984,0.447504,0.507088,20,0,0,0,20,0.511932,0.487493,0.537608,20,20,0,0
Long_sharp_wave_ripple_detector,recipe:bhattarai_2020_ripples,network,0.517921,0.490351,0.546991,20,0.56432,0.53439,0.594764,20,0,0,0,20,0.577945,0.546606,0.607967,20,20,0,0
Long_sharp_wave_ripple_detector,recipe:bush_2022,network,0.465076,0.443985,0.486291,20,0.542797,0.518871,0.567627,20,0,0,0,20,0.556883,0.533465,0.580645,20,20,0,0
Long_sharp_wave_ripple_detector,recipe:carey_2019,network,0.275591,0.249826,0.303665,20,0.598968,0.581874,0.616381,20,0.00558057,0.00213842,0.00991354,20,0.619771,0.600913,0.637338,20,20,0,0
Long_sharp_wave_ripple_detector,recipe:carr_2012,network,0.602328,0.58131,0.62466,20,0.714958,0.688798,0.74155,20,0.0803719,0.0544687,0.107329,20,0.7507,0.728409,0.774944,20,20,0,0
Long_sharp_wave_ripple_detector,recipe:chenani_2019,network,0.493027,0.471835,0.516107,20,0.574356,0.551023,0.598678,20,0,0,0,20,0.579553,0.557878,0.60238,20,20,0,0
Long_sharp_wave_ripple_detector,recipe:davidson_2009,network,0.457535,0.43692,0.477482,20,0.615952,0.592278,0.637325,20,0,0,0,20,0.618451,0.595517,0.63929,20,20,0,0
Long_sharp_wave_ripple_detector,recipe:denovellis_2021,network,0.562677,0.540108,0.585243,20,0.686703,0.660913,0.712292,20,0.0854483,0.0623862,0.109025,20,0.736965,0.714388,0.760907,20,20,0,0
Long_sharp_wave_ripple_detector,recipe:denovellis_2021_mua,network,0.212912,0.198834,0.226966,20,0.609601,0.590698,0.627288,20,0.000292398,0,0.000877193,20,0.611885,0.593418,0.629136,20,20,0,0
Long_sharp_wave_ripple_detector,recipe:diba_2007,network,0.235468,0.213452,0.2578,20,0.25303,0.228056,0.278252,20,0,0,0,20,0.260856,0.23583,0.284131,20,20,0,0
Long_sharp_wave_ripple_detector,recipe:drieu_2018,network,0.305483,0.289129,0.321565,20,0.60001,0.58078,0.61978,20,0.00186615,0,0.004009,20,0.617849,0.598739,0.636906,20,20,0,0
Long_sharp_wave_ripple_detector,recipe:farooq_2019_neuron,network,0.267362,0.246073,0.290308,20,0.28482,0.261446,0.309707,20,0,0,0,20,0.30199,0.27725,0.326374,20,20,0,0
Long_sharp_wave_ripple_detector,recipe:farooq_2019_science,network,0.266923,0.245319,0.290552,20,0.284081,0.260616,0.309555,20,0,0,0,20,0.301256,0.276663,0.326225,20,20,0,0
Long_sharp_wave_ripple_detector,recipe:farooq_2019_science_awake,network,0.266923,0.245319,0.290552,20,0.284081,0.260616,0.309555,20,0,0,0,20,0.301256,0.276663,0.326225,20,20,0,0
Long_sharp_wave_ripple_detector,recipe:foster_2006,network,0.151156,0.130113,0.17229,20,0.165514,0.142937,0.188363,20,0,0,0,20,0.167735,0.145178,0.189299,20,20,0,0
Long_sharp_wave_ripple_detector,recipe:foster_2006_ripples,network,0.0873691,0.0752477,0.0997961,20,0.0968441,0.0836472,0.110962,20,0,0,0,20,0.114662,0.0989226,0.130045,20,20,0,0
Long_sharp_wave_ripple_detector,recipe:gillespie_2021,network,0.553929,0.528233,0.57942,20,0.677519,0.651583,0.705402,20,0.0737975,0.0518574,0.0973697,20,0.735664,0.711793,0.760496,20,20,0,0
Long_sharp_wave_ripple_detector,recipe:gillespie_2021_mua,network,0.460919,0.438718,0.481057,20,0.617989,0.5937,0.641499,20,0,0,0,20,0.620458,0.596661,0.643143,20,20,0,0
Long_sharp_wave_ripple_detector,recipe:gridchyn_2020,network,0.110522,0.103463,0.117624,20,0.554994,0.536641,0.572615,20,0.00449228,0.00279554,0.00638261,20,0.596052,0.574768,0.61527,20,20,0,0
Long_sharp_wave_ripple_detector,recipe:grosmark_2016,network,0.522758,0.496998,0.550143,20,0.576447,0.548058,0.605076,20,0,0,0,20,0.580803,0.553357,0.608468,20,20,0,0
Long_sharp_wave_ripple_detector,recipe:gupta_2010,network,0.0669415,0.0621898,0.071776,20,0.559235,0.533752,0.587831,20,0.00317285,0.00210692,0.00435992,20,0.62913,0.610325,0.651357,20,20,0,0
Long_sharp_wave_ripple_detector,recipe:harvey_2023_code,network,0.800652,0.77842,0.822303,20,0.797014,0.774767,0.819502,20,0.370763,0.269637,0.476585,20,0.849214,0.829149,0.867839,20,20,0,0
Long_sharp_wave_ripple_detector,recipe:harvey_2023_no_radiatum,network,0.377644,0.353957,0.403981,20,0.628682,0.60289,0.65494,20,0.00559602,0.00177812,0.0102165,20,0.652769,0.627063,0.680026,20,20,0,0
Long_sharp_wave_ripple_detector,recipe:harvey_2023_text,network,0.599256,0.577086,0.622358,20,0.614299,0.583856,0.644703,20,0.138522,0.0954612,0.177891,20,0.690439,0.668039,0.712565,20,20,0,0
Long_sharp_wave_ripple_detector,recipe:huelin_gorriz_2023,network,0.564779,0.539452,0.591047,20,0.624397,0.594468,0.654087,20,0,0,0,20,0.627306,0.598615,0.656249,20,20,0,0
Long_sharp_wave_ripple_detector,recipe:igata_2021,network,0.158003,0.145693,0.170154,20,0.609765,0.590485,0.628379,20,0.000204082,0,0.000612245,20,0.612054,0.59271,0.630194,20,20,0,0
Long_sharp_wave_ripple_detector,recipe:igata_2021_ripples,network,0.134763,0.127287,0.142756,20,0.665886,0.641444,0.691109,20,0.0178627,0.0151174,0.02081,20,0.705139,0.681623,0.728979,20,20,0,0
Long_sharp_wave_ripple_detector,recipe:jadhav_2016,network,0.522353,0.503817,0.541757,20,0.634008,0.611966,0.655781,20,0,0,0,20,0.668897,0.645638,0.693087,20,20,0,0
Long_sharp_wave_ripple_detector,recipe:ji_2007,network,0.500997,0.473673,0.525592,20,0.572989,0.538878,0.6043,20,0,0,0,20,0.594095,0.560564,0.625463,20,20,0,0
Long_sharp_wave_ripple_detector,recipe:ji_2007_ripples,network,0.00450065,0.00162617,0.00779825,20,0.00481859,0.00135135,0.00886579,20,0,0,0,20,0.00555389,0.00201735,0.0096372,20,20,0,0
Long_sharp_wave_ripple_detector,recipe:kaefer_2020,network,0.0106869,0.00574563,0.0158197,20,0.0126313,0.00682575,0.0187145,20,0,0,0,20,0.0141496,0.00874165,0.0197298,20,20,0,0
Long_sharp_wave_ripple_detector,recipe:karlsson_2009,network,0.604461,0.583829,0.62644,20,0.714958,0.688798,0.74155,20,0.081087,0.0552795,0.108178,20,0.7507,0.728409,0.774944,20,20,0,0
Long_sharp_wave_ripple_detector,recipe:krause_2022,network,0.629776,0.608751,0.651998,20,0.706362,0.686357,0.727054,20,0.0596131,0.0312433,0.0933148,20,0.732506,0.70902,0.755499,20,20,0,0
Long_sharp_wave_ripple_detector,recipe:krause_2022_hse,network,0.479154,0.454736,0.501617,20,0.617769,0.591078,0.642867,20,0,0,0,20,0.616486,0.591828,0.640387,20,20,0,0
Long_sharp_wave_ripple_detector,recipe:kudrimoti_1999,network,0.0312888,0.023706,0.0400103,20,0.0306249,0.022362,0.039086,20,0,0,0,20,0.0355606,0.0274357,0.0445118,20,20,0,0
Long_sharp_wave_ripple_detector,recipe:lee_2002,network,0.0414804,0.0394495,0.0434143,20,0.579344,0.560232,0.597968,20,0,0,0,20,0.592275,0.574145,0.61004,20,20,0,0
Long_sharp_wave_ripple_detector,recipe:lee_2002_ripples,network,0.0873691,0.0752477,0.0997961,20,0.0968441,0.0836472,0.110962,20,0,0,0,20,0.114662,0.0989226,0.130045,20,20,0,0
Long_sharp_wave_ripple_detector,recipe:liu_2019,network,0.0852052,0.0811937,0.0894153,20,0.548399,0.530545,0.568307,20,0,0,0,20,0.540107,0.517953,0.562192,20,20,0,0
Long_sharp_wave_ripple_detector,recipe:liu_2019_awake,network,0.0852052,0.0811937,0.0894153,20,0.548399,0.530545,0.568307,20,0,0,0,20,0.540107,0.517953,0.562192,20,20,0,0
Long_sharp_wave_ripple_detector,recipe:liu_2023,network,0.637834,0.613717,0.663977,20,0.698046,0.670914,0.725981,20,0.00714286,0,0.0214286,20,0.708151,0.68287,0.735506,20,20,0,0
Long_sharp_wave_ripple_detector,recipe:maboudi_2018,network,0.499832,0.475884,0.521846,20,0.625122,0.596681,0.652538,20,0,0,0,20,0.623809,0.596355,0.64945,20,20,0,0
Long_sharp_wave_ripple_detector,recipe:maboudi_2018_open_field,network,0.429163,0.410877,0.448634,20,0.593712,0.571725,0.614879,20,0,0,0,20,0.606301,0.585882,0.626217,20,20,0,0
Long_sharp_wave_ripple_detector,recipe:mallory_2025,network,0.395206,0.377473,0.414534,20,0.605311,0.587309,0.623843,20,0,0,0,20,0.614352,0.596093,0.632166,20,20,0,0
Long_sharp_wave_ripple_detector,recipe:mallory_2025_ripples,network,0.594836,0.573727,0.615416,20,0.718357,0.695401,0.742471,20,0.0400733,0.0216305,0.0601606,20,0.749318,0.72688,0.773031,20,20,0,0
Long_sharp_wave_ripple_detector,recipe:michon_2019,network,0.341765,0.317505,0.365807,20,0.374833,0.348258,0.400749,20,0,0,0,20,0.379576,0.353385,0.40488,20,20,0,0
Long_sharp_wave_ripple_detector,recipe:michon_2021,network,0.341765,0.317505,0.365807,20,0.374833,0.348258,0.400749,20,0,0,0,20,0.379576,0.353385,0.40488,20,20,0,0
Long_sharp_wave_ripple_detector,recipe:mou_2022,network,0.366003,0.318151,0.41233,20,0.614994,0.594066,0.634389,20,0,0,0,20,0.607775,0.586279,0.628086,20,20,0,0
Long_sharp_wave_ripple_detector,recipe:muessig_2019,network,0.126698,0.110257,0.14631,20,0.1356,0.117187,0.156747,20,0,0,0,20,0.146704,0.128115,0.168477,20,20,0,0
Long_sharp_wave_ripple_detector,recipe:muessig_2019_ripples,network,0.0283382,0.0264107,0.0301737,20,0.611981,0.585396,0.637474,20,0.0031904,0.00265289,0.0037618,20,0.682118,0.654462,0.708065,20,20,0,0
Long_sharp_wave_ripple_detector,recipe:nadasdy_1999,network,0.486825,0.46102,0.51172,20,0.511063,0.481604,0.541066,20,0.0859498,0.0581515,0.114971,20,0.572204,0.546934,0.596365,20,20,0,0
Long_sharp_wave_ripple_detector,recipe:olafsdottir_2015,network,0.369737,0.348948,0.392919,20,0.556247,0.535423,0.577285,20,0,0,0,20,0.583957,0.559961,0.608828,20,20,0,0
Long_sharp_wave_ripple_detector,recipe:olafsdottir_2015.bayesian_candidates,network,0.411073,0.388862,0.436211,20,0.516924,0.492852,0.541255,20,0,0,0,20,0.54224,0.514161,0.57129,20,20,0,0
Long_sharp_wave_ripple_detector,recipe:olafsdottir_2016,network,0.438898,0.415294,0.464956,20,0.482117,0.457143,0.50914,20,0.00333333,0,0.01,20,0.519699,0.495035,0.546139,20,20,0,0
Long_sharp_wave_ripple_detector,recipe:olafsdottir_2017,network,0.292592,0.277349,0.308,20,0.549304,0.526351,0.571865,20,0.00449999,0.00168539,0.00738709,20,0.61182,0.588439,0.634272,20,20,0,0
Long_sharp_wave_ripple_detector,recipe:olafsdottir_2017.trajectory,network,0.445471,0.421902,0.471499,20,0.482117,0.457143,0.50914,20,0.00357143,0,0.0107143,20,0.519699,0.495035,0.546139,20,20,0,0
Long_sharp_wave_ripple_detector,recipe:pfeiffer_2013,network,0.429163,0.410877,0.448634,20,0.593712,0.571725,0.614879,20,0,0,0,20,0.606301,0.585882,0.626217,20,20,0,0
Long_sharp_wave_ripple_detector,recipe:pfeiffer_2013_ripples,network,0.635896,0.615183,0.657373,20,0.73212,0.710532,0.75599,20,0.0571434,0.0341891,0.0800828,20,0.749429,0.726804,0.773248,20,20,0,0
Long_sharp_wave_ripple_detector,recipe:pfeiffer_2015,network,0.636939,0.616696,0.658198,20,0.73212,0.710532,0.75599,20,0.0571434,0.0341891,0.0800828,20,0.749429,0.726804,0.773248,20,20,0,0
Long_sharp_wave_ripple_detector,recipe:shin_2019,network,0.602328,0.58131,0.62466,20,0.714958,0.688798,0.74155,20,0.0803719,0.0544687,0.107329,20,0.7507,0.728409,0.774944,20,20,0,0
Long_sharp_wave_ripple_detector,recipe:silva_2015,network,0.435028,0.415365,0.455742,20,0.532459,0.510889,0.553049,20,0,0,0,20,0.540459,0.520934,0.559366,20,20,0,0
Long_sharp_wave_ripple_detector,recipe:stella_2019,network,0.487737,0.47371,0.501704,20,0.613797,0.585013,0.643821,20,0.0593699,0.0404656,0.0793618,20,0.707718,0.686392,0.728372,20,20,0,0
Long_sharp_wave_ripple_detector,recipe:tang_2017,network,0.602328,0.58131,0.62466,20,0.714958,0.688798,0.74155,20,0.0803719,0.0544687,0.107329,20,0.7507,0.728409,0.774944,20,20,0,0
Long_sharp_wave_ripple_detector,recipe:tirole_2022,network,0.564779,0.539452,0.591047,20,0.624397,0.594468,0.654087,20,0,0,0,20,0.627306,0.598615,0.656249,20,20,0,0
Long_sharp_wave_ripple_detector,recipe:widloski_2025,network,0.518609,0.497994,0.540657,20,0.638445,0.614468,0.664589,20,0,0,0,20,0.619415,0.594842,0.644299,20,20,0,0
Long_sharp_wave_ripple_detector,recipe:widloski_2025_bursts,network,0.471038,0.449066,0.491723,20,0.524241,0.500802,0.546005,20,0,0,0,20,0.50419,0.478959,0.528474,20,20,0,0
Long_sharp_wave_ripple_detector,recipe:wikenheiser_2013,network,0.0675561,0.0638364,0.0710096,20,0.593834,0.572307,0.615523,20,0,0,0,20,0.581956,0.55559,0.606996,20,20,0,0
Long_sharp_wave_ripple_detector,recipe:wu_2014,network,0.16846,0.156111,0.180624,20,0.607834,0.589397,0.626697,20,0,0,0,20,0.620467,0.601777,0.638621,20,20,0,0
Long_sharp_wave_ripple_detector,recipe:wu_2017,network,0.436342,0.41685,0.455934,20,0.478336,0.457168,0.50091,20,0.0190972,0.00416667,0.0378472,20,0.520343,0.49872,0.541479,20,20,0,0
Long_sharp_wave_ripple_detector,recipe:xu_2019,network,0.414834,0.395495,0.433549,20,0.609151,0.590569,0.628237,20,0,0,0,20,0.621214,0.603509,0.639132,20,20,0,0
Long_sharp_wave_ripple_detector,recipe:yamamoto_2017,network,0.534961,0.512351,0.559991,20,0.56638,0.54264,0.59236,20,0.0826307,0.0529471,0.114877,20,0.670372,0.64188,0.702445,20,20,0,0
Long_sharp_wave_ripple_detector,recipe:yang_2024,network,0.522758,0.496998,0.550143,20,0.576447,0.548058,0.605076,20,0,0,0,20,0.580803,0.553357,0.608468,20,20,0,0
Roumis_ripple_detector,Shvartsman_ripple_detector,network,0.682301,0.657205,0.707919,20,0.808372,0.792051,0.824663,20,0.311597,0.259186,0.362388,20,0.828492,0.815163,0.842865,20,20,0,0
Roumis_ripple_detector,Yu_ripple_detector,network,0.622391,0.587944,0.659888,20,0.941043,0.927416,0.95299,20,0.318848,0.287648,0.353895,20,0.953264,0.944395,0.962247,20,20,0,0
Roumis_ripple_detector,Zugaro_ripple_detector,network,0.608975,0.594578,0.623506,20,0.747787,0.727014,0.769135,20,0.258217,0.225831,0.290284,20,0.776235,0.754943,0.796275,20,20,0,0
Roumis_ripple_detector,multiunit_HSE_detector,network,0.25742,0.243551,0.271287,20,0.772891,0.756009,0.790224,20,0.0157902,0.0128684,0.0188151,20,0.772891,0.756009,0.790224,20,20,0,0
Roumis_ripple_detector,recipe:ambrose_2016,network,0.752251,0.73217,0.771215,20,0.928721,0.909567,0.94546,20,0.291091,0.252762,0.327672,20,0.937272,0.921117,0.951519,20,20,0,0
Roumis_ripple_detector,recipe:bendor_2012,network,0.495028,0.476016,0.514528,20,0.687291,0.665105,0.708549,20,0.0147674,0.00710773,0.0230674,20,0.695471,0.675637,0.715542,20,20,0,0
Roumis_ripple_detector,recipe:berners_lee_2021,network,0.681393,0.6481,0.716479,20,0.941792,0.932403,0.951963,20,0.327618,0.295256,0.361275,20,0.95261,0.943439,0.962202,20,20,0,0
Roumis_ripple_detector,recipe:berners_lee_2022,network,0.433118,0.41289,0.452901,20,0.647893,0.628299,0.666885,20,0.0107883,0.00473279,0.0174432,20,0.648919,0.628911,0.668128,20,20,0,0
Roumis_ripple_detector,recipe:bhattarai_2020,network,0.373897,0.356057,0.392293,20,0.518003,0.493827,0.543388,20,0.0145247,0.00601604,0.0251858,20,0.519401,0.496442,0.542484,20,20,0,0
Roumis_ripple_detector,recipe:bhattarai_2020_ripples,network,0.428657,0.409575,0.447023,20,0.5897,0.565571,0.614585,20,0.0173561,0.009475,0.0261689,20,0.596238,0.570447,0.622553,20,20,0,0
Roumis_ripple_detector,recipe:bush_2022,network,0.42922,0.405265,0.45509,20,0.623164,0.595767,0.652429,20,0.00385291,0,0.00790853,20,0.624238,0.596215,0.653772,20,20,0,0
Roumis_ripple_detector,recipe:carey_2019,network,0.330883,0.302599,0.36349,20,0.77829,0.756139,0.800399,20,0.0308832,0.023208,0.0396174,20,0.782948,0.763398,0.803036,20,20,0,0
Roumis_ripple_detector,recipe:carr_2012,network,0.717574,0.695413,0.738079,20,0.874722,0.862419,0.887291,20,0.331295,0.286963,0.373249,20,0.895371,0.884549,0.905628,20,20,0,0
Roumis_ripple_detector,recipe:chenani_2019,network,0.463236,0.440854,0.488121,20,0.660017,0.6336,0.687186,20,0.0108174,0.00371951,0.0191961,20,0.66176,0.636137,0.688746,20,20,0,0
Roumis_ripple_detector,recipe:davidson_2009,network,0.467357,0.448832,0.487107,20,0.742006,0.723722,0.758518,20,0.0158418,0.0104292,0.0215262,20,0.742006,0.723722,0.758518,20,20,0,0
Roumis_ripple_detector,recipe:denovellis_2021,network,0.906942,0.891064,0.921136,20,0.972975,0.960832,0.984152,20,0.720429,0.68557,0.753689,20,0.985574,0.978972,0.991445,20,20,0,0
Roumis_ripple_detector,recipe:denovellis_2021_mua,network,0.257191,0.243088,0.271219,20,0.772335,0.754797,0.789745,20,0.0158216,0.0128683,0.0188529,20,0.772335,0.754797,0.789745,20,20,0,0
Roumis_ripple_detector,recipe:diba_2007,network,0.194503,0.176779,0.212048,20,0.269782,0.24756,0.291755,20,0,0,0,20,0.269811,0.246024,0.29164,20,20,0,0
Roumis_ripple_detector,recipe:drieu_2018,network,0.331078,0.314072,0.34889,20,0.720568,0.703436,0.738338,20,0.0140155,0.0107413,0.0172619,20,0.722638,0.704976,0.740001,20,20,0,0
Roumis_ripple_detector,recipe:farooq_2019_neuron,network,0.217329,0.201091,0.233016,20,0.300187,0.278473,0.320795,20,0,0,0,20,0.301829,0.279757,0.323237,20,20,0,0
Roumis_ripple_detector,recipe:farooq_2019_science,network,0.216342,0.199868,0.232188,20,0.29867,0.277162,0.31921,20,0,0,0,20,0.300329,0.27857,0.321787,20,20,0,0
Roumis_ripple_detector,recipe:farooq_2019_science_awake,network,0.216342,0.199868,0.232188,20,0.29867,0.277162,0.31921,20,0,0,0,20,0.300329,0.27857,0.321787,20,20,0,0
Roumis_ripple_detector,recipe:foster_2006,network,0.117488,0.10226,0.130924,20,0.163987,0.143302,0.182696,20,0,0,0,20,0.163987,0.143302,0.182696,20,20,0,0
Roumis_ripple_detector,recipe:foster_2006_ripples,network,0.132695,0.119001,0.146577,20,0.104621,0.0922135,0.116886,20,0.195128,0.158441,0.231528,20,0.105399,0.0926156,0.117957,20,20,0,0
Roumis_ripple_detector,recipe:gillespie_2021,network,0.94778,0.935673,0.959609,20,0.990715,0.985249,0.995568,20,0.844091,0.811949,0.87622,20,0.993355,0.988774,0.9969,20,20,0,0
Roumis_ripple_detector,recipe:gillespie_2021_mua,network,0.481515,0.460077,0.503436,20,0.763073,0.743635,0.781312,20,0.0158359,0.010404,0.0215803,20,0.763073,0.743635,0.781312,20,20,0,0
Roumis_ripple_detector,recipe:gridchyn_2020,network,0.139077,0.131405,0.14666,20,0.728787,0.711987,0.746764,20,0.0109408,0.00910663,0.012858,20,0.752716,0.736094,0.769022,20,20,0,0
Roumis_ripple_detector,recipe:grosmark_2016,network,0.420998,0.401959,0.443903,20,0.592841,0.566558,0.618843,20,0.00178571,0,0.00535714,20,0.592841,0.566558,0.618843,20,20,0,0
Roumis_ripple_detector,recipe:gupta_2010,network,0.107244,0.101421,0.11249,20,0.754289,0.725712,0.783594,20,0.0290756,0.0273181,0.0307304,20,0.79867,0.777159,0.821332,20,20,0,0
Roumis_ripple_detector,recipe:harvey_2023_code,network,0.495032,0.471935,0.518817,20,0.653653,0.627269,0.680474,20,0.0324822,0.0175881,0.0493272,20,0.681982,0.655937,0.706827,20,20,0,0
Roumis_ripple_detector,recipe:harvey_2023_no_radiatum,network,0.396227,0.375687,0.417489,20,0.750562,0.735957,0.765086,20,0.0234009,0.0167074,0.0300766,20,0.764631,0.750467,0.77886,20,20,0,0
Roumis_ripple_detector,recipe:harvey_2023_text,network,0.506472,0.486307,0.528466,20,0.665413,0.648265,0.683924,20,0.103339,0.0767211,0.134863,20,0.702925,0.684698,0.721696,20,20,0,0
Roumis_ripple_detector,recipe:huelin_gorriz_2023,network,0.493633,0.469452,0.518804,20,0.692291,0.66745,0.71692,20,0.00350985,0,0.00880542,20,0.692291,0.66745,0.71692,20,20,0,0
Roumis_ripple_detector,recipe:igata_2021,network,0.194401,0.182232,0.206231,20,0.772958,0.754992,0.791548,20,0.0112904,0.00921754,0.0132665,20,0.772958,0.754992,0.791548,20,20,0,0
Roumis_ripple_detector,recipe:igata_2021_ripples,network,0.190983,0.184823,0.197646,20,0.896394,0.881989,0.911459,20,0.0502082,0.0465729,0.0537312,20,0.911511,0.898386,0.923699,20,20,0,0
Roumis_ripple_detector,recipe:jadhav_2016,network,0.596634,0.578207,0.614849,20,0.735512,0.71748,0.751092,20,0.209724,0.178237,0.239068,20,0.778564,0.760999,0.79572,20,20,0,0
Roumis_ripple_detector,recipe:ji_2007,network,0.501754,0.469704,0.531158,20,0.713824,0.666277,0.753171,20,0.0159254,0.00856741,0.0239412,20,0.717003,0.669166,0.756532,20,20,0,0
Roumis_ripple_detector,recipe:ji_2007_ripples,network,0.0473331,0.0374594,0.0579023,20,0.00568151,0.00258741,0.00896513,20,0.144974,0.113692,0.178215,20,0.00692942,0.00367368,0.0105451,20,20,0,0
Roumis_ripple_detector,recipe:kaefer_2020,network,0.0380925,0.0299792,0.0470756,20,0.0135635,0.00839329,0.0189267,20,0.0970508,0.0746833,0.121925,20,0.0135635,0.00839329,0.0189267,20,20,0,0
Roumis_ripple_detector,recipe:karlsson_2009,network,0.714246,0.692266,0.735481,20,0.874722,0.862419,0.887291,20,0.321385,0.278789,0.361354,20,0.895371,0.884549,0.905628,20,20,0,0
Roumis_ripple_detector,recipe:krause_2022,network,0.680791,0.655046,0.703457,20,0.871468,0.851018,0.89048,20,0.188429,0.15337,0.226505,20,0.880962,0.862483,0.897947,20,20,0,0
Roumis_ripple_detector,recipe:krause_2022_hse,network,0.496255,0.473431,0.518727,20,0.762849,0.742306,0.782491,20,0.0132552,0.00763057,0.0190284,20,0.761975,0.741129,0.782046,20,20,0,0
Roumis_ripple_detector,recipe:kudrimoti_1999,network,0.0265255,0.0209422,0.0319391,20,0.031651,0.0251944,0.0384928,20,0.0121023,0.00451878,0.0208239,20,0.032373,0.0253975,0.0398879,20,20,0,0
Roumis_ripple_detector,recipe:lee_2002,network,0.0583312,0.0563589,0.0603899,20,0.723276,0.70787,0.739388,20,0.00851093,0.00758105,0.00949742,20,0.72671,0.712925,0.741615,20,20,0,0
Roumis_ripple_detector,recipe:lee_2002_ripples,network,0.132695,0.119001,0.146577,20,0.104621,0.0922135,0.116886,20,0.195128,0.158441,0.231528,20,0.105399,0.0926156,0.117957,20,20,0,0
Roumis_ripple_detector,recipe:liu_2019,network,0.120196,0.115113,0.12526,20,0.654711,0.638083,0.671999,20,0.0223952,0.0199189,0.0249221,20,0.649301,0.632156,0.666915,20,20,0,0
Roumis_ripple_detector,recipe:liu_2019_awake,network,0.120196,0.115113,0.12526,20,0.654711,0.638083,0.671999,20,0.0223952,0.0199189,0.0249221,20,0.649301,0.632156,0.666915,20,20,0,0
Roumis_ripple_detector,recipe:liu_2023,network,0.413793,0.388846,0.439286,20,0.580143,0.550646,0.608338,20,0,0,0,20,0.580143,0.550646,0.608338,20,20,0,0
Roumis_ripple_detector,recipe:maboudi_2018,network,0.505381,0.483284,0.527525,20,0.761337,0.736663,0.784579,20,0.0100756,0.00478004,0.0159333,20,0.760464,0.735404,0.783448,20,20,0,0
Roumis_ripple_detector,recipe:maboudi_2018_open_field,network,0.428959,0.410426,0.449893,20,0.704396,0.683769,0.723303,20,0.00781704,0.00317975,0.0132729,20,0.705195,0.684919,0.723504,20,20,0,0
Roumis_ripple_detector,recipe:mallory_2025,network,0.409197,0.390611,0.4297,20,0.71808,0.698781,0.736888,20,0.0168504,0.011836,0.0219586,20,0.719042,0.699426,0.737695,20,20,0,0
Roumis_ripple_detector,recipe:mallory_2025_ripples,network,0.682311,0.659808,0.703692,20,0.870616,0.858715,0.884273,20,0.263081,0.224387,0.299522,20,0.880616,0.870179,0.892141,20,20,0,0
Roumis_ripple_detector,recipe:michon_2019,network,0.25829,0.241553,0.275012,20,0.363176,0.340755,0.385261,20,0,0,0,20,0.363176,0.340755,0.385261,20,20,0,0
Roumis_ripple_detector,recipe:michon_2021,network,0.25829,0.241553,0.275012,20,0.363176,0.340755,0.385261,20,0,0,0,20,0.363176,0.340755,0.385261,20,20,0,0
Roumis_ripple_detector,recipe:mou_2022,network,0.391743,0.352301,0.43088,20,0.759493,0.739527,0.777664,20,0.011583,0.00731359,0.016321,20,0.75607,0.737115,0.773011,20,20,0,0
Roumis_ripple_detector,recipe:muessig_2019,network,0.0988881,0.0881516,0.11087,20,0.136995,0.123489,0.151814,20,0,0,0,20,0.139474,0.125339,0.154694,20,20,0,0
Roumis_ripple_detector,recipe:muessig_2019_ripples,network,0.0402304,0.0383717,0.042102,20,0.801458,0.78185,0.823673,20,0.0100043,0.00926252,0.0106653,20,0.830387,0.811644,0.850001,20,20,0,0
Roumis_ripple_detector,recipe:nadasdy_1999,network,0.466284,0.448018,0.483585,20,0.533655,0.513112,0.553493,20,0.229334,0.197028,0.262332,20,0.56832,0.547435,0.589304,20,20,0,0
Roumis_ripple_detector,recipe:olafsdottir_2015,network,0.372982,0.351537,0.397133,20,0.65649,0.628353,0.685242,20,0.0102575,0.00570514,0.0152707,20,0.658275,0.630216,0.686573,20,20,0,0
Roumis_ripple_detector,recipe:olafsdottir_2015.bayesian_candidates,network,0.394576,0.370718,0.422424,20,0.603234,0.572795,0.635775,20,0.00963474,0.003159,0.0174223,20,0.604209,0.572871,0.636757,20,20,0,0
Roumis_ripple_detector,recipe:olafsdottir_2016,network,0.40232,0.377519,0.431607,20,0.567025,0.538324,0.598237,20,0.00352222,0,0.00746461,20,0.570872,0.542543,0.60152,20,20,0,0
Roumis_ripple_detector,recipe:olafsdottir_2017,network,0.321753,0.305192,0.338066,20,0.695357,0.672738,0.718016,20,0.0156857,0.0114761,0.0199304,20,0.703147,0.680583,0.724496,20,20,0,0
Roumis_ripple_detector,recipe:olafsdottir_2017.trajectory,network,0.406721,0.382168,0.4359,20,0.567025,0.538324,0.598237,20,0.00367223,0,0.0078389,20,0.570872,0.542543,0.60152,20,20,0,0
Roumis_ripple_detector,recipe:pfeiffer_2013,network,0.428959,0.410426,0.449893,20,0.704396,0.683769,0.723303,20,0.00781704,0.00317975,0.0132729,20,0.705195,0.684919,0.723504,20,20,0,0
Roumis_ripple_detector,recipe:pfeiffer_2013_ripples,network,0.752251,0.73217,0.771215,20,0.928721,0.909567,0.94546,20,0.291091,0.252762,0.327672,20,0.937272,0.921117,0.951519,20,20,0,0
Roumis_ripple_detector,recipe:pfeiffer_2015,network,0.753215,0.734035,0.771803,20,0.928721,0.909567,0.94546,20,0.292566,0.253152,0.330514,20,0.937272,0.921117,0.951519,20,20,0,0
Roumis_ripple_detector,recipe:shin_2019,network,0.717574,0.695413,0.738079,20,0.874722,0.862419,0.887291,20,0.331295,0.286963,0.373249,20,0.895371,0.884549,0.905628,20,20,0,0
Roumis_ripple_detector,recipe:silva_2015,network,0.402132,0.380884,0.426868,20,0.598469,0.573189,0.623025,20,0.00735251,0.00243902,0.0128644,20,0.599609,0.574575,0.624009,20,20,0,0
Roumis_ripple_detector,recipe:stella_2019,network,0.52915,0.513077,0.544362,20,0.730849,0.711587,0.749518,20,0.188337,0.165408,0.211974,20,0.767368,0.753225,0.782952,20,20,0,0
Roumis_ripple_detector,recipe:tang_2017,network,0.717574,0.695413,0.738079,20,0.874722,0.862419,0.887291,20,0.331295,0.286963,0.373249,20,0.895371,0.884549,0.905628,20,20,0,0
Roumis_ripple_detector,recipe:tirole_2022,network,0.493633,0.469452,0.518804,20,0.692291,0.66745,0.71692,20,0.00350985,0,0.00880542,20,0.692291,0.66745,0.71692,20,20,0,0
Roumis_ripple_detector,recipe:widloski_2025,network,0.516003,0.494182,0.538334,20,0.671876,0.648017,0.698847,20,0.164378,0.128382,0.201405,20,0.66759,0.644611,0.694281,20,20,0,0
Roumis_ripple_detector,recipe:widloski_2025_bursts,network,0.412184,0.395234,0.429759,20,0.574492,0.551953,0.595897,20,0.00319473,0,0.00811359,20,0.565921,0.541294,0.589227,20,20,0,0
Roumis_ripple_detector,recipe:wikenheiser_2013,network,0.100676,0.0963144,0.1052,20,0.717548,0.701644,0.733523,20,0.0215044,0.0189377,0.0243475,20,0.713718,0.697144,0.730581,20,20,0,0
Roumis_ripple_detector,recipe:wu_2014,network,0.200381,0.188794,0.21178,20,0.747971,0.730072,0.765218,20,0.00977346,0.00715225,0.0123264,20,0.749999,0.731512,0.767953,20,20,0,0
Roumis_ripple_detector,recipe:wu_2017,network,0.416096,0.398528,0.433034,20,0.584239,0.56399,0.604602,20,0.0217959,0.0123899,0.0314576,20,0.593288,0.573121,0.614597,20,20,0,0
Roumis_ripple_detector,recipe:xu_2019,network,0.419143,0.400736,0.43843,20,0.716847,0.697931,0.73408,20,0.0123526,0.00711201,0.0176652,20,0.717824,0.698481,0.735167,20,20,0,0
Roumis_ripple_detector,recipe:yamamoto_2017,network,0.513391,0.48874,0.535746,20,0.737608,0.714398,0.761038,20,0.0612878,0.0432944,0.0815096,20,0.759494,0.734439,0.784279,20,20,0,0
Roumis_ripple_detector,recipe:yang_2024,network,0.420998,0.401959,0.443903,20,0.592841,0.566558,0.618843,20,0.00178571,0,0.00535714,20,0.592841,0.566558,0.618843,20,20,0,0
Shvartsman_ripple_detector,Yu_ripple_detector,network,0.457964,0.425104,0.49081,20,0.781644,0.762835,0.800487,20,0.117943,0.0963335,0.141842,20,0.80658,0.790456,0.824124,20,20,0,0
Shvartsman_ripple_detector,Zugaro_ripple_detector,network,0.796715,0.776419,0.816078,20,0.873525,0.85019,0.895504,20,0.444893,0.41275,0.478505,20,0.890795,0.871787,0.909866,20,20,0,0
Shvartsman_ripple_detector,multiunit_HSE_detector,network,0.226151,0.21325,0.239621,20,0.654839,0.635243,0.674481,20,0.00694237,0.00432927,0.00973206,20,0.654839,0.635243,0.674481,20,20,0,0
Shvartsman_ripple_detector,recipe:ambrose_2016,network,0.856246,0.839768,0.87474,20,0.879069,0.863778,0.896331,20,0.670083,0.613685,0.728076,20,0.884699,0.869696,0.90172,20,20,0,0
Shvartsman_ripple_detector,recipe:bendor_2012,network,0.554123,0.536847,0.573621,20,0.652796,0.632182,0.676369,20,0.00902778,0,0.0243056,20,0.657217,0.637579,0.679524,20,20,0,0
Shvartsman_ripple_detector,recipe:berners_lee_2021,network,0.544293,0.498169,0.595166,20,0.796277,0.779832,0.814173,20,0.17173,0.121379,0.229249,20,0.803916,0.788623,0.820905,20,20,0,0
Shvartsman_ripple_detector,recipe:berners_lee_2022,network,0.473167,0.454589,0.493982,20,0.612433,0.591191,0.637403,20,0.00208333,0,0.00625,20,0.613477,0.592451,0.637861,20,20,0,0
Shvartsman_ripple_detector,recipe:bhattarai_2020,network,0.53338,0.508648,0.559942,20,0.611495,0.587313,0.634161,20,0.0399077,0.0145573,0.0736111,20,0.613551,0.591031,0.636281,20,20,0,0
Shvartsman_ripple_detector,recipe:bhattarai_2020_ripples,network,0.612358,0.585915,0.638532,20,0.700536,0.67313,0.726476,20,0.0568178,0.0287817,0.091253,20,0.700286,0.673472,0.725147,20,20,0,0
Shvartsman_ripple_detector,recipe:bush_2022,network,0.500939,0.477009,0.527559,20,0.618919,0.589128,0.651272,20,0.005125,0,0.013375,20,0.620035,0.590424,0.652107,20,20,0,0
Shvartsman_ripple_detector,recipe:carey_2019,network,0.303725,0.274884,0.333952,20,0.669184,0.647417,0.690278,20,0.0247442,0.0167243,0.0341053,20,0.672153,0.650675,0.693489,20,20,0,0
Shvartsman_ripple_detector,recipe:carr_2012,network,0.837733,0.816514,0.858293,20,0.920073,0.906458,0.933451,20,0.540629,0.474866,0.615485,20,0.921575,0.907853,0.93527,20,20,0,0
Shvartsman_ripple_detector,recipe:chenani_2019,network,0.529886,0.503614,0.557847,20,0.645312,0.616923,0.674525,20,0,0,0,20,0.646411,0.618382,0.675412,20,20,0,0
Shvartsman_ripple_detector,recipe:davidson_2009,network,0.478529,0.457969,0.499971,20,0.667655,0.646857,0.688753,20,0.00244484,0,0.00605247,20,0.667655,0.646857,0.688753,20,20,0,0
Shvartsman_ripple_detector,recipe:denovellis_2021,network,0.68827,0.664727,0.711658,20,0.815265,0.7993,0.830429,20,0.31973,0.264076,0.375584,20,0.832911,0.819529,0.846315,20,20,0,0
Shvartsman_ripple_detector,recipe:denovellis_2021_mua,network,0.22631,0.21335,0.239776,20,0.655177,0.635669,0.674628,20,0.00696203,0.00433234,0.00979411,20,0.655177,0.635669,0.674628,20,20,0,0
Shvartsman_ripple_detector,recipe:diba_2007,network,0.246596,0.22561,0.267926,20,0.282504,0.258997,0.305677,20,0,0,0,20,0.283378,0.259567,0.306699,20,20,0,0
Shvartsman_ripple_detector,recipe:drieu_2018,network,0.329257,0.313169,0.345286,20,0.678025,0.657539,0.699057,20,0.00412438,0.0020158,0.00636256,20,0.682521,0.661483,0.703891,20,20,0,0
Shvartsman_ripple_detector,recipe:farooq_2019_neuron,network,0.291849,0.269389,0.314673,20,0.335298,0.309365,0.360779,20,0,0,0,20,0.335298,0.309365,0.360779,20,20,0,0
Shvartsman_ripple_detector,recipe:farooq_2019_science,network,0.291505,0.268266,0.314888,20,0.33466,0.308342,0.361017,20,0,0,0,20,0.33466,0.308342,0.361017,20,20,0,0
Shvartsman_ripple_detector,recipe:farooq_2019_science_awake,network,0.291505,0.268266,0.314888,20,0.33466,0.308342,0.361017,20,0,0,0,20,0.33466,0.308342,0.361017,20,20,0,0
Shvartsman_ripple_detector,recipe:foster_2006,network,0.159402,0.138891,0.179962,20,0.18381,0.16049,0.206763,20,0,0,0,20,0.18381,0.16049,0.206763,20,20,0,0
Shvartsman_ripple_detector,recipe:foster_2006_ripples,network,0.186362,0.17081,0.201026,20,0.126343,0.11099,0.14198,20,0.445632,0.382521,0.50729,20,0.127164,0.111883,0.14227,20,20,0,0
Shvartsman_ripple_detector,recipe:gillespie_2021,network,0.68035,0.655484,0.7054,20,0.80927,0.793245,0.825803,20,0.303406,0.253003,0.353012,20,0.830646,0.816507,0.845196,20,20,0,0
Shvartsman_ripple_detector,recipe:gillespie_2021_mua,network,0.488541,0.467361,0.510114,20,0.679711,0.65934,0.701902,20,0.00245215,0,0.00604067,20,0.679711,0.65934,0.701902,20,20,0,0
Shvartsman_ripple_detector,recipe:gridchyn_2020,network,0.118823,0.112654,0.12502,20,0.632006,0.614059,0.650457,20,0.00580337,0.00410753,0.00753797,20,0.643389,0.625793,0.66123,20,20,0,0
Shvartsman_ripple_detector,recipe:grosmark_2016,network,0.587519,0.560393,0.61583,20,0.682048,0.653353,0.711208,20,0,0,0,20,0.682048,0.653353,0.711208,20,20,0,0
Shvartsman_ripple_detector,recipe:gupta_2010,network,0.0794673,0.0742423,0.0846536,20,0.667076,0.64434,0.691128,20,0.0119072,0.0101567,0.0136575,20,0.689513,0.66754,0.711913,20,20,0,0
Shvartsman_ripple_detector,recipe:harvey_2023_code,network,0.598259,0.570996,0.627893,20,0.674195,0.642648,0.707031,20,0.0404004,0.0169048,0.0682289,20,0.698557,0.669199,0.728724,20,20,0,0
Shvartsman_ripple_detector,recipe:harvey_2023_no_radiatum,network,0.432111,0.411037,0.454884,20,0.766152,0.749389,0.783168,20,0.014457,0.00840279,0.0214895,20,0.779505,0.763138,0.794529,20,20,0,0
Shvartsman_ripple_detector,recipe:harvey_2023_text,network,0.641143,0.621859,0.661072,20,0.762912,0.736607,0.792222,20,0.123451,0.0917898,0.156859,20,0.788876,0.767289,0.81161,20,20,0,0
Shvartsman_ripple_detector,recipe:huelin_gorriz_2023,network,0.627769,0.604559,0.654084,20,0.726565,0.701393,0.752501,20,0,0,0,20,0.726565,0.701393,0.752501,20,20,0,0
Shvartsman_ripple_detector,recipe:igata_2021,network,0.167412,0.156352,0.178609,20,0.654422,0.63337,0.675348,20,0.00456845,0.00277714,0.00653733,20,0.654422,0.63337,0.675348,20,20,0,0
Shvartsman_ripple_detector,recipe:igata_2021_ripples,network,0.150725,0.143503,0.158637,20,0.785168,0.767657,0.802353,20,0.0250021,0.0209911,0.0291026,20,0.802391,0.786342,0.818315,20,20,0,0
Shvartsman_ripple_detector,recipe:jadhav_2016,network,0.710547,0.686788,0.73303,20,0.768429,0.740967,0.794477,20,0.343471,0.290747,0.398134,20,0.807707,0.783361,0.828956,20,20,0,0
Shvartsman_ripple_detector,recipe:ji_2007,network,0.542007,0.516019,0.56765,20,0.656696,0.619534,0.690514,20,0.00217391,0,0.00652174,20,0.658758,0.622389,0.692317,20,20,0,0
Shvartsman_ripple_detector,recipe:ji_2007_ripples,network,0.0692903,0.0570086,0.0819465,20,0.00672473,0.00310677,0.0105476,20,0.389783,0.328368,0.451208,20,0.00822537,0.00433679,0.0125066,20,20,0,0
Shvartsman_ripple_detector,recipe:kaefer_2020,network,0.0551274,0.0449306,0.0663373,20,0.0162934,0.0100747,0.0226225,20,0.280513,0.228944,0.333541,20,0.0162934,0.0100747,0.0226225,20,20,0,0
Shvartsman_ripple_detector,recipe:karlsson_2009,network,0.836703,0.814604,0.857351,20,0.920073,0.906458,0.933451,20,0.534339,0.466877,0.607914,20,0.921575,0.907853,0.93527,20,20,0,0
Shvartsman_ripple_detector,recipe:krause_2022,network,0.819836,0.801417,0.841622,20,0.857893,0.837751,0.879576,20,0.492858,0.412494,0.574843,20,0.868871,0.850167,0.889398,20,20,0,0
Shvartsman_ripple_detector,recipe:krause_2022_hse,network,0.509451,0.487834,0.531095,20,0.681352,0.659974,0.704544,20,0.00128205,0,0.00384615,20,0.68025,0.658795,0.702661,20,20,0,0
Shvartsman_ripple_detector,recipe:kudrimoti_1999,network,0.0397596,0.0310296,0.0483818,20,0.0392512,0.0308727,0.0484181,20,0.0410931,0.0169643,0.0680199,20,0.0392512,0.0308727,0.0484181,20,20,0,0
Shvartsman_ripple_detector,recipe:lee_2002,network,0.0457749,0.0439062,0.0475348,20,0.618634,0.6019,0.635628,20,0.0031459,0.00256242,0.00379252,20,0.615422,0.598094,0.632441,20,20,0,0
Shvartsman_ripple_detector,recipe:lee_2002_ripples,network,0.186362,0.17081,0.201026,20,0.126343,0.11099,0.14198,20,0.445632,0.382521,0.50729,20,0.127164,0.111883,0.14227,20,20,0,0
Shvartsman_ripple_detector,recipe:liu_2019,network,0.092463,0.0879787,0.0967283,20,0.557177,0.538241,0.578616,20,0.00755737,0.00599829,0.00923562,20,0.549478,0.52947,0.570939,20,20,0,0
Shvartsman_ripple_detector,recipe:liu_2019_awake,network,0.092463,0.0879787,0.0967283,20,0.557177,0.538241,0.578616,20,0.00755737,0.00599829,0.00923562,20,0.549478,0.52947,0.570939,20,20,0,0
Shvartsman_ripple_detector,recipe:liu_2023,network,0.53904,0.512781,0.56635,20,0.621451,0.59041,0.65273,20,0,0,0,20,0.622677,0.591762,0.653555,20,20,0,0
Shvartsman_ripple_detector,recipe:maboudi_2018,network,0.53228,0.512014,0.552262,20,0.691364,0.667587,0.716553,20,0,0,0,20,0.69022,0.666725,0.715263,20,20,0,0
Shvartsman_ripple_detector,recipe:maboudi_2018_open_field,network,0.465822,0.445889,0.489508,20,0.678811,0.656191,0.702786,20,0.00147059,0,0.00441176,20,0.68,0.656792,0.704087,20,20,0,0
Shvartsman_ripple_detector,recipe:mallory_2025,network,0.425968,0.407794,0.447575,20,0.681158,0.658192,0.705251,20,0.00397399,0.000925926,0.00758631,20,0.682321,0.658889,0.707068,20,20,0,0
Shvartsman_ripple_detector,recipe:mallory_2025_ripples,network,0.809311,0.790178,0.829553,20,0.894812,0.879453,0.911782,20,0.433108,0.356924,0.508362,20,0.905448,0.890065,0.921804,20,20,0,0
Shvartsman_ripple_detector,recipe:michon_2019,network,0.378064,0.353639,0.399793,20,0.438275,0.411581,0.464207,20,0,0,0,20,0.438275,0.411581,0.464207,20,20,0,0
Shvartsman_ripple_detector,recipe:michon_2021,network,0.378064,0.353639,0.399793,20,0.438275,0.411581,0.464207,20,0,0,0,20,0.438275,0.411581,0.464207,20,20,0,0
Shvartsman_ripple_detector,recipe:mou_2022,network,0.386367,0.337519,0.434267,20,0.664014,0.642442,0.685098,20,0.00555922,0.00230398,0.00954966,20,0.659652,0.637953,0.680401,20,20,0,0
Shvartsman_ripple_detector,recipe:muessig_2019,network,0.13824,0.125066,0.153832,20,0.158487,0.142704,0.176726,20,0,0,0,20,0.160359,0.144381,0.178784,20,20,0,0
Shvartsman_ripple_detector,recipe:muessig_2019_ripples,network,0.0311043,0.0296161,0.0326126,20,0.742019,0.724863,0.760798,20,0.00448056,0.00387694,0.00507775,20,0.756011,0.737896,0.775609,20,20,0,0
Shvartsman_ripple_detector,recipe:nadasdy_1999,network,0.650345,0.627026,0.676147,20,0.658571,0.6289,0.69107,20,0.482614,0.437045,0.530693,20,0.682706,0.656552,0.709495,20,20,0,0
Shvartsman_ripple_detector,recipe:olafsdottir_2015,network,0.400793,0.376877,0.428461,20,0.63699,0.607492,0.668036,20,0.00475764,0.00101894,0.00951584,20,0.638103,0.6086,0.669466,20,20,0,0
Shvartsman_ripple_detector,recipe:olafsdottir_2015.bayesian_candidates,network,0.451832,0.426164,0.483911,20,0.601792,0.570124,0.636446,20,0.00178571,0,0.00535714,20,0.602867,0.571666,0.636934,20,20,0,0
Shvartsman_ripple_detector,recipe:olafsdottir_2016,network,0.486036,0.45592,0.520243,20,0.578372,0.54654,0.613745,20,0.00333333,0,0.01,20,0.580451,0.550129,0.614867,20,20,0,0
Shvartsman_ripple_detector,recipe:olafsdottir_2017,network,0.321725,0.307024,0.336969,20,0.667114,0.640379,0.692136,20,0.00555761,0.00175752,0.0100569,20,0.670914,0.645148,0.695335,20,20,0,0
Shvartsman_ripple_detector,recipe:olafsdottir_2017.trajectory,network,0.493205,0.463808,0.527121,20,0.578372,0.54654,0.613745,20,0.00357143,0,0.0107143,20,0.580451,0.550129,0.614867,20,20,0,0
Shvartsman_ripple_detector,recipe:pfeiffer_2013,network,0.465822,0.445889,0.489508,20,0.678811,0.656191,0.702786,20,0.00147059,0,0.00441176,20,0.68,0.656792,0.704087,20,20,0,0
Shvartsman_ripple_detector,recipe:pfeiffer_2013_ripples,network,0.856246,0.839768,0.87474,20,0.879069,0.863778,0.896331,20,0.670083,0.613685,0.728076,20,0.884699,0.869696,0.90172,20,20,0,0
Shvartsman_ripple_detector,recipe:pfeiffer_2015,network,0.85794,0.841302,0.87701,20,0.879069,0.863778,0.896331,20,0.677702,0.620054,0.737103,20,0.884699,0.869696,0.90172,20,20,0,0
Shvartsman_ripple_detector,recipe:shin_2019,network,0.837733,0.816514,0.858293,20,0.920073,0.906458,0.933451,20,0.540629,0.474866,0.615485,20,0.921575,0.907853,0.93527,20,20,0,0
Shvartsman_ripple_detector,recipe:silva_2015,network,0.465729,0.439924,0.494824,20,0.598718,0.57226,0.626698,20,0,0,0,20,0.599855,0.573185,0.627976,20,20,0,0
Shvartsman_ripple_detector,recipe:stella_2019,network,0.626875,0.612088,0.640758,20,0.837592,0.815835,0.859392,20,0.201492,0.17887,0.225377,20,0.862103,0.848549,0.875954,20,20,0,0
Shvartsman_ripple_detector,recipe:tang_2017,network,0.837733,0.816514,0.858293,20,0.920073,0.906458,0.933451,20,0.540629,0.474866,0.615485,20,0.921575,0.907853,0.93527,20,20,0,0
Shvartsman_ripple_detector,recipe:tirole_2022,network,0.627769,0.604559,0.654084,20,0.726565,0.701393,0.752501,20,0,0,0,20,0.726565,0.701393,0.752501,20,20,0,0
Shvartsman_ripple_detector,recipe:widloski_2025,network,0.710422,0.688149,0.73385,20,0.77056,0.743966,0.798853,20,0.401567,0.332786,0.470306,20,0.758017,0.734204,0.782875,20,20,0,0
Shvartsman_ripple_detector,recipe:widloski_2025_bursts,network,0.497176,0.479125,0.516994,20,0.573893,0.553154,0.594528,20,0,0,0,20,0.556589,0.535427,0.578619,20,20,0,0
Shvartsman_ripple_detector,recipe:wikenheiser_2013,network,0.0729887,0.0692568,0.0763965,20,0.598603,0.580932,0.618073,20,0.00558477,0.00462387,0.00660441,20,0.592611,0.573071,0.614066,20,20,0,0
Shvartsman_ripple_detector,recipe:wu_2014,network,0.181211,0.170223,0.19303,20,0.680106,0.662971,0.696613,20,0.00296229,0.00146695,0.00466288,20,0.682285,0.664289,0.699903,20,20,0,0
Shvartsman_ripple_detector,recipe:wu_2017,network,0.46509,0.443205,0.488077,20,0.560294,0.535142,0.584146,20,0.0175137,0.00625,0.0324519,20,0.571907,0.546997,0.594714,20,20,0,0
Shvartsman_ripple_detector,recipe:xu_2019,network,0.445537,0.425877,0.467857,20,0.684891,0.663407,0.705826,20,0.00364319,0,0.0077381,20,0.686035,0.664808,0.706936,20,20,0,0
Shvartsman_ripple_detector,recipe:yamamoto_2017,network,0.574755,0.555124,0.598261,20,0.735616,0.710179,0.762885,20,0.0583359,0.0394348,0.0789082,20,0.754611,0.728359,0.783417,20,20,0,0
Shvartsman_ripple_detector,recipe:yang_2024,network,0.587519,0.560393,0.61583,20,0.682048,0.653353,0.711208,20,0,0,0,20,0.682048,0.653353,0.711208,20,20,0,0
Yu_ripple_detector,Zugaro_ripple_detector,network,0.42078,0.397263,0.445707,20,0.721757,0.700727,0.746191,20,0.118046,0.100915,0.135932,20,0.755631,0.734406,0.777108,20,20,0,0
Yu_ripple_detector,multiunit_HSE_detector,network,0.233886,0.221377,0.245972,20,0.787191,0.773047,0.801469,20,0.0233975,0.0194129,0.0272117,20,0.787191,0.773047,0.801469,20,20,0,0
Yu_ripple_detector,recipe:ambrose_2016,network,0.503585,0.472434,0.536632,20,0.898272,0.877385,0.917658,20,0.110193,0.0940988,0.128096,20,0.910198,0.891291,0.927834,20,20,0,0
Yu_ripple_detector,recipe:bendor_2012,network,0.348952,0.327283,0.372406,20,0.688718,0.665278,0.712212,20,0.00540812,0.00228431,0.00919493,20,0.698941,0.677624,0.721157,20,20,0,0
Yu_ripple_detector,recipe:berners_lee_2021,network,0.578601,0.551617,0.607902,20,0.941333,0.930828,0.951341,20,0.280008,0.257815,0.305698,20,0.953303,0.942502,0.963628,20,20,0,0
Yu_ripple_detector,recipe:berners_lee_2022,network,0.318381,0.297707,0.339683,20,0.657734,0.639748,0.676091,20,0.00682934,0.00350103,0.0107126,20,0.659792,0.641792,0.678542,20,20,0,0
Yu_ripple_detector,recipe:bhattarai_2020,network,0.250364,0.233339,0.267933,20,0.500202,0.477766,0.525079,20,0.00702802,0.00308819,0.0119298,20,0.505531,0.483859,0.528309,20,20,0,0
Yu_ripple_detector,recipe:bhattarai_2020_ripples,network,0.285498,0.268174,0.302703,20,0.572164,0.54923,0.596405,20,0.00723008,0.00386203,0.0113425,20,0.580138,0.556161,0.604969,20,20,0,0
Yu_ripple_detector,recipe:bush_2022,network,0.304234,0.282471,0.326425,20,0.61686,0.590687,0.644505,20,0.00315234,0.00102387,0.00574069,20,0.617923,0.591005,0.645889,20,20,0,0
Yu_ripple_detector,recipe:carey_2019,network,0.278655,0.256172,0.304984,20,0.789581,0.769002,0.808723,20,0.0267341,0.0211263,0.0327274,20,0.796415,0.778449,0.813881,20,20,0,0
Yu_ripple_detector,recipe:carr_2012,network,0.486509,0.45367,0.520914,20,0.84536,0.827365,0.862181,20,0.135009,0.11413,0.158361,20,0.870984,0.854473,0.887083,20,20,0,0
Yu_ripple_detector,recipe:chenani_2019,network,0.32515,0.304378,0.345948,20,0.650186,0.626209,0.67521,20,0.00380164,0.00153317,0.00625871,20,0.651997,0.628841,0.676585,20,20,0,0
Yu_ripple_detector,recipe:davidson_2009,network,0.351121,0.33056,0.371987,20,0.749867,0.734233,0.765568,20,0.0107704,0.007519,0.0141254,20,0.749867,0.734233,0.765568,20,20,0,0
Yu_ripple_detector,recipe:denovellis_2021,network,0.607085,0.571446,0.644671,20,0.932643,0.918632,0.946436,20,0.291709,0.262392,0.323097,20,0.949621,0.939252,0.959898,20,20,0,0
Yu_ripple_detector,recipe:denovellis_2021_mua,network,0.233213,0.220646,0.245623,20,0.786636,0.772155,0.801213,20,0.0229224,0.0192334,0.0263454,20,0.786636,0.772155,0.801213,20,20,0,0
Yu_ripple_detector,recipe:diba_2007,network,0.133508,0.11833,0.148439,20,0.266069,0.242652,0.28849,20,0,0,0,20,0.265413,0.241338,0.28849,20,20,0,0
Yu_ripple_detector,recipe:drieu_2018,network,0.265452,0.248453,0.283479,20,0.708057,0.690173,0.725805,20,0.014069,0.0106242,0.0175355,20,0.711779,0.695726,0.728554,20,20,0,0
Yu_ripple_detector,recipe:farooq_2019_neuron,network,0.148079,0.135601,0.159901,20,0.295225,0.275413,0.314738,20,0,0,0,20,0.297652,0.277006,0.318776,20,20,0,0
Yu_ripple_detector,recipe:farooq_2019_science,network,0.146943,0.134774,0.158638,20,0.292792,0.273762,0.311367,20,0,0,0,20,0.295203,0.275256,0.314961,20,20,0,0
Yu_ripple_detector,recipe:farooq_2019_science_awake,network,0.146943,0.134774,0.158638,20,0.292792,0.273762,0.311367,20,0,0,0,20,0.295203,0.275256,0.314961,20,20,0,0
Yu_ripple_detector,recipe:foster_2006,network,0.079605,0.0684704,0.089945,20,0.159809,0.139479,0.178379,20,0,0,0,20,0.159809,0.139479,0.178379,20,20,0,0
Yu_ripple_detector,recipe:foster_2006_ripples,network,0.0888167,0.0800307,0.0984227,20,0.100354,0.0878199,0.112373,20,0.0796355,0.0629068,0.0990771,20,0.102484,0.0902671,0.114421,20,20,0,0
Yu_ripple_detector,recipe:gillespie_2021,network,0.614646,0.580248,0.651482,20,0.939635,0.926137,0.952325,20,0.309676,0.279075,0.344246,20,0.950705,0.939246,0.961,20,20,0,0
Yu_ripple_detector,recipe:gillespie_2021_mua,network,0.361488,0.339972,0.383461,20,0.769734,0.753235,0.78616,20,0.010621,0.00758218,0.0137829,20,0.769734,0.753235,0.78616,20,20,0,0
Yu_ripple_detector,recipe:gridchyn_2020,network,0.135608,0.128227,0.14246,20,0.743455,0.729798,0.757927,20,0.0157624,0.0135017,0.0179201,20,0.766458,0.753783,0.779426,20,20,0,0
Yu_ripple_detector,recipe:grosmark_2016,network,0.28063,0.264068,0.298489,20,0.575618,0.551535,0.599013,20,0.000833333,0,0.0025,20,0.575618,0.551535,0.599013,20,20,0,0
Yu_ripple_detector,recipe:gupta_2010,network,0.134146,0.1279,0.140537,20,0.757939,0.731721,0.78557,20,0.0602975,0.0552369,0.0654138,20,0.804667,0.784006,0.825831,20,20,0,0
Yu_ripple_detector,recipe:harvey_2023_code,network,0.336233,0.31335,0.359469,20,0.640642,0.61301,0.667148,20,0.0137255,0.00819419,0.0197087,20,0.666164,0.639592,0.691762,20,20,0,0
Yu_ripple_detector,recipe:harvey_2023_no_radiatum,network,0.303179,0.286401,0.320215,20,0.72967,0.717956,0.740727,20,0.0273159,0.0199899,0.0359196,20,0.741272,0.727512,0.755394,20,20,0,0
Yu_ripple_detector,recipe:harvey_2023_text,network,0.348865,0.325564,0.373604,20,0.640621,0.622809,0.660081,20,0.050876,0.0376142,0.0661875,20,0.679842,0.661056,0.699786,20,20,0,0
Yu_ripple_detector,recipe:huelin_gorriz_2023,network,0.33337,0.310642,0.356653,20,0.677034,0.652947,0.699932,20,0.00200467,0,0.00434824,20,0.677034,0.652947,0.699932,20,20,0,0
Yu_ripple_detector,recipe:igata_2021,network,0.183527,0.173069,0.193504,20,0.78718,0.771622,0.80221,20,0.0181263,0.0154166,0.0207414,20,0.78718,0.771622,0.80221,20,20,0,0
Yu_ripple_detector,recipe:igata_2021_ripples,network,0.195065,0.189421,0.201244,20,0.894891,0.876636,0.912528,20,0.0660301,0.0615875,0.0701702,20,0.915628,0.901573,0.928955,20,20,0,0
Yu_ripple_detector,recipe:jadhav_2016,network,0.40232,0.375,0.431221,20,0.7158,0.695823,0.734513,20,0.0833639,0.0672717,0.100779,20,0.757056,0.737989,0.775479,20,20,0,0
Yu_ripple_detector,recipe:ji_2007,network,0.35508,0.331362,0.380584,20,0.71486,0.669429,0.753911,20,0.00486196,0.002384,0.00731763,20,0.722081,0.67608,0.760978,20,20,0,0
Yu_ripple_detector,recipe:ji_2007_ripples,network,0.032241,0.0249596,0.040295,20,0.00619464,0.00316236,0.00946112,20,0.0584753,0.0440894,0.0753409,20,0.00676268,0.00355346,0.010311,20,20,0,0
Yu_ripple_detector,recipe:kaefer_2020,network,0.0258771,0.0201282,0.032385,20,0.0131956,0.00815853,0.018483,20,0.0389329,0.028399,0.051281,20,0.0131956,0.00815853,0.018483,20,20,0,0
Yu_ripple_detector,recipe:karlsson_2009,network,0.485144,0.45211,0.519805,20,0.84536,0.827365,0.862181,20,0.132168,0.111487,0.154319,20,0.870984,0.854473,0.887083,20,20,0,0
Yu_ripple_detector,recipe:krause_2022,network,0.456001,0.425314,0.486839,20,0.844997,0.823043,0.866392,20,0.0726377,0.057424,0.09182,20,0.855251,0.837435,0.874033,20,20,0,0
Yu_ripple_detector,recipe:krause_2022_hse,network,0.36971,0.346814,0.393257,20,0.770539,0.753379,0.788953,20,0.00870926,0.00627791,0.0112923,20,0.76967,0.752045,0.788345,20,20,0,0
Yu_ripple_detector,recipe:kudrimoti_1999,network,0.0172763,0.013951,0.0205667,20,0.0307996,0.0245908,0.037245,20,0.00392855,0.00145659,0.00681973,20,0.0314731,0.0248361,0.0385868,20,20,0,0
Yu_ripple_detector,recipe:lee_2002,network,0.0712485,0.0686299,0.0737423,20,0.734249,0.719487,0.750254,20,0.0222472,0.0194333,0.0249401,20,0.740091,0.726595,0.754158,20,20,0,0
Yu_ripple_detector,recipe:lee_2002_ripples,network,0.0888167,0.0800307,0.0984227,20,0.100354,0.0878199,0.112373,20,0.0796355,0.0629068,0.0990771,20,0.102484,0.0902671,0.114421,20,20,0,0
Yu_ripple_detector,recipe:liu_2019,network,0.156088,0.149288,0.163089,20,0.66871,0.654005,0.684157,20,0.0645392,0.0566045,0.0723406,20,0.663273,0.647867,0.678814,20,20,0,0
Yu_ripple_detector,recipe:liu_2019_awake,network,0.156088,0.149288,0.163089,20,0.66871,0.654005,0.684157,20,0.0645392,0.0566045,0.0723406,20,0.663273,0.647867,0.678814,20,20,0,0
Yu_ripple_detector,recipe:liu_2023,network,0.278901,0.257183,0.301182,20,0.567605,0.538823,0.594837,20,0,0,0,20,0.56841,0.540806,0.594987,20,20,0,0
Yu_ripple_detector,recipe:maboudi_2018,network,0.371869,0.349387,0.394694,20,0.766763,0.746728,0.787036,20,0.00772794,0.0048482,0.0106912,20,0.765894,0.74548,0.786864,20,20,0,0
Yu_ripple_detector,recipe:maboudi_2018_open_field,network,0.318658,0.298656,0.339504,20,0.696864,0.676606,0.715383,20,0.00696234,0.00370527,0.0108762,20,0.698612,0.678793,0.716575,20,20,0,0
Yu_ripple_detector,recipe:mallory_2025,network,0.312487,0.2933,0.331743,20,0.712864,0.697052,0.728884,20,0.0124642,0.00918827,0.0163461,20,0.714731,0.69858,0.730407,20,20,0,0
Yu_ripple_detector,recipe:mallory_2025_ripples,network,0.474081,0.446407,0.503576,20,0.841782,0.82852,0.857823,20,0.124675,0.105392,0.145068,20,0.85487,0.841926,0.869025,20,20,0,0
Yu_ripple_detector,recipe:michon_2019,network,0.172191,0.15945,0.18716,20,0.353324,0.331739,0.375368,20,0,0,0,20,0.353324,0.331739,0.375368,20,20,0,0
Yu_ripple_detector,recipe:michon_2021,network,0.172191,0.15945,0.18716,20,0.353324,0.331739,0.375368,20,0,0,0,20,0.353324,0.331739,0.375368,20,20,0,0
Yu_ripple_detector,recipe:mou_2022,network,0.312347,0.289793,0.337795,20,0.773878,0.75722,0.790251,20,0.0158928,0.0112294,0.0209083,20,0.770492,0.754586,0.786769,20,20,0,0
Yu_ripple_detector,recipe:muessig_2019,network,0.0672851,0.0583103,0.0772902,20,0.134399,0.120733,0.149114,20,0,0,0,20,0.135892,0.122155,0.151084,20,20,0,0
Yu_ripple_detector,recipe:muessig_2019_ripples,network,0.047561,0.0455737,0.0493628,20,0.79305,0.774784,0.811849,20,0.0177186,0.0161372,0.0192271,20,0.830608,0.815203,0.846384,20,20,0,0
Yu_ripple_detector,recipe:nadasdy_1999,network,0.316742,0.296744,0.33939,20,0.52233,0.504286,0.539932,20,0.099278,0.0819812,0.118242,20,0.552105,0.531278,0.57259,20,20,0,0
Yu_ripple_detector,recipe:olafsdottir_2015,network,0.280866,0.263093,0.298561,20,0.646042,0.620913,0.671048,20,0.0102923,0.00630995,0.01467,20,0.648828,0.623809,0.674094,20,20,0,0
Yu_ripple_detector,recipe:olafsdottir_2015.bayesian_candidates,network,0.283868,0.263676,0.3037,20,0.594611,0.566635,0.623888,20,0.00710325,0.00319437,0.0114588,20,0.596566,0.568561,0.626726,20,20,0,0
Yu_ripple_detector,recipe:olafsdottir_2016,network,0.280678,0.25947,0.301097,20,0.557611,0.530324,0.58624,20,0.00178206,0.000403226,0.00350587,20,0.562176,0.535352,0.590004,20,20,0,0
Yu_ripple_detector,recipe:olafsdottir_2017,network,0.260513,0.24463,0.276814,20,0.683908,0.659484,0.707546,20,0.0166405,0.0134665,0.0201422,20,0.698134,0.674902,0.719659,20,20,0,0
Yu_ripple_detector,recipe:olafsdottir_2017.trajectory,network,0.282853,0.261699,0.303399,20,0.557611,0.530324,0.58624,20,0.00181445,0.000406504,0.00357268,20,0.562176,0.535352,0.590004,20,20,0,0
Yu_ripple_detector,recipe:pfeiffer_2013,network,0.318658,0.298656,0.339504,20,0.696864,0.676606,0.715383,20,0.00696234,0.00370527,0.0108762,20,0.698612,0.678793,0.716575,20,20,0,0
Yu_ripple_detector,recipe:pfeiffer_2013_ripples,network,0.503585,0.472434,0.536632,20,0.898272,0.877385,0.917658,20,0.110193,0.0940988,0.128096,20,0.910198,0.891291,0.927834,20,20,0,0
Yu_ripple_detector,recipe:pfeiffer_2015,network,0.504053,0.472811,0.537078,20,0.898272,0.877385,0.917658,20,0.110486,0.0941965,0.12878,20,0.910198,0.891291,0.927834,20,20,0,0
Yu_ripple_detector,recipe:shin_2019,network,0.486509,0.45367,0.520914,20,0.84536,0.827365,0.862181,20,0.135009,0.11413,0.158361,20,0.870984,0.854473,0.887083,20,20,0,0
Yu_ripple_detector,recipe:silva_2015,network,0.287832,0.266646,0.30968,20,0.592211,0.566492,0.617331,20,0.00441786,0.00180821,0.00720566,20,0.594039,0.569334,0.618079,20,20,0,0
Yu_ripple_detector,recipe:stella_2019,network,0.379144,0.356548,0.402634,20,0.708032,0.686433,0.728301,20,0.101999,0.0870501,0.117018,20,0.744999,0.729312,0.761782,20,20,0,0
Yu_ripple_detector,recipe:tang_2017,network,0.486509,0.45367,0.520914,20,0.84536,0.827365,0.862181,20,0.135009,0.11413,0.158361,20,0.870984,0.854473,0.887083,20,20,0,0
Yu_ripple_detector,recipe:tirole_2022,network,0.33337,0.310642,0.356653,20,0.677034,0.652947,0.699932,20,0.00200467,0,0.00434824,20,0.677034,0.652947,0.699932,20,20,0,0
Yu_ripple_detector,recipe:widloski_2025,network,0.34946,0.32966,0.371493,20,0.656781,0.63511,0.68077,20,0.0679954,0.051497,0.0874656,20,0.65273,0.631739,0.676023,20,20,0,0
Yu_ripple_detector,recipe:widloski_2025_bursts,network,0.287115,0.268585,0.306045,20,0.573717,0.550547,0.595809,20,0.000876186,0,0.0021656,20,0.565283,0.541305,0.588619,20,20,0,0
Yu_ripple_detector,recipe:wikenheiser_2013,network,0.142925,0.135521,0.150487,20,0.73691,0.722135,0.753286,20,0.0664814,0.0584059,0.0747308,20,0.733043,0.717641,0.749798,20,20,0,0
Yu_ripple_detector,recipe:wu_2014,network,0.188195,0.177622,0.199092,20,0.750206,0.732553,0.767915,20,0.0201922,0.0162937,0.0238777,20,0.753168,0.735379,0.770922,20,20,0,0
Yu_ripple_detector,recipe:wu_2017,network,0.29041,0.27184,0.310307,20,0.57471,0.55259,0.596684,20,0.00935973,0.00567755,0.0133495,20,0.587253,0.565473,0.609026,20,20,0,0
Yu_ripple_detector,recipe:xu_2019,network,0.315845,0.296995,0.333988,20,0.708927,0.691367,0.725457,20,0.0095388,0.00624516,0.0131077,20,0.709864,0.692299,0.726188,20,20,0,0
Yu_ripple_detector,recipe:yamamoto_2017,network,0.362193,0.335132,0.389181,20,0.719189,0.693168,0.745895,20,0.0356445,0.025228,0.0467625,20,0.74435,0.718721,0.769872,20,20,0,0
Yu_ripple_detector,recipe:yang_2024,network,0.28063,0.264068,0.298489,20,0.575618,0.551535,0.599013,20,0.000833333,0,0.0025,20,0.575618,0.551535,0.599013,20,20,0,0
Zugaro_ripple_detector,multiunit_HSE_detector,network,0.20543,0.194724,0.216505,20,0.616832,0.592984,0.641321,20,0.00582947,0.00343718,0.00850599,20,0.61781,0.593724,0.641862,20,20,0,0
Zugaro_ripple_detector,recipe:ambrose_2016,network,0.727468,0.705683,0.74578,20,0.816886,0.793644,0.836649,20,0.356971,0.325887,0.385864,20,0.828934,0.804189,0.848505,20,20,0,0
Zugaro_ripple_detector,recipe:bendor_2012,network,0.486541,0.465529,0.507108,20,0.619109,0.598242,0.639791,20,0.00238095,0,0.00714286,20,0.632045,0.609085,0.653297,20,20,0,0
Zugaro_ripple_detector,recipe:berners_lee_2021,network,0.47345,0.444508,0.502278,20,0.741893,0.722597,0.761148,20,0.125916,0.097696,0.156203,20,0.752851,0.733539,0.771755,20,20,0,0
Zugaro_ripple_detector,recipe:berners_lee_2022,network,0.417483,0.398858,0.437691,20,0.584357,0.563087,0.606176,20,0.0030303,0,0.00757576,20,0.585531,0.564184,0.60742,20,20,0,0
Zugaro_ripple_detector,recipe:bhattarai_2020,network,0.482308,0.458201,0.50888,20,0.612915,0.587806,0.637089,20,0.0204193,0.00805615,0.0350233,20,0.634003,0.613106,0.654093,20,20,0,0
Zugaro_ripple_detector,recipe:bhattarai_2020_ripples,network,0.555781,0.529655,0.583497,20,0.718822,0.690961,0.745778,20,0.0244359,0.0122219,0.0371428,20,0.718557,0.690874,0.744089,20,20,0,0
Zugaro_ripple_detector,recipe:bush_2022,network,0.44201,0.417852,0.465097,20,0.592608,0.562655,0.620502,20,0.00699761,0.00151515,0.0141405,20,0.596787,0.568138,0.623474,20,20,0,0
Zugaro_ripple_detector,recipe:carey_2019,network,0.273133,0.247563,0.300818,20,0.620784,0.59524,0.646888,20,0.0204461,0.0135046,0.0286721,20,0.634824,0.610196,0.658973,20,20,0,0
Zugaro_ripple_detector,recipe:carr_2012,network,0.703899,0.689113,0.718265,20,0.836784,0.81001,0.858771,20,0.313252,0.284687,0.344206,20,0.852927,0.828625,0.874071,20,20,0,0
Zugaro_ripple_detector,recipe:chenani_2019,network,0.466638,0.440028,0.493182,20,0.618067,0.589089,0.646869,20,0.003125,0,0.009375,20,0.618977,0.590184,0.647037,20,20,0,0
Zugaro_ripple_detector,recipe:davidson_2009,network,0.42343,0.401462,0.446794,20,0.631594,0.605691,0.657713,20,0.00450723,0,0.0104506,20,0.632716,0.607006,0.658817,20,20,0,0
Zugaro_ripple_detector,recipe:denovellis_2021,network,0.62073,0.606867,0.63481,20,0.748315,0.722378,0.773566,20,0.268918,0.23909,0.298157,20,0.780484,0.758383,0.800954,20,20,0,0
Zugaro_ripple_detector,recipe:denovellis_2021_mua,network,0.205375,0.194491,0.2165,20,0.617132,0.593292,0.641523,20,0.00584718,0.00344419,0.00854102,20,0.61811,0.594263,0.641997,20,20,0,0
Zugaro_ripple_detector,recipe:diba_2007,network,0.220535,0.198105,0.242759,20,0.282076,0.254908,0.30709,20,0,0,0,20,0.281518,0.252303,0.307859,20,20,0,0
Zugaro_ripple_detector,recipe:drieu_2018,network,0.293373,0.279927,0.305099,20,0.634098,0.611787,0.655948,20,0.0036881,0.000971284,0.0069974,20,0.643642,0.618985,0.6674,20,20,0,0
Zugaro_ripple_detector,recipe:farooq_2019_neuron,network,0.254683,0.234499,0.275254,20,0.325009,0.29798,0.352612,20,0,0,0,20,0.329826,0.303519,0.356322,20,20,0,0
Zugaro_ripple_detector,recipe:farooq_2019_science,network,0.253465,0.232713,0.274378,20,0.323162,0.295941,0.351431,20,0,0,0,20,0.327979,0.301534,0.355301,20,20,0,0
Zugaro_ripple_detector,recipe:farooq_2019_science_awake,network,0.253465,0.232713,0.274378,20,0.323162,0.295941,0.351431,20,0,0,0,20,0.327979,0.301534,0.355301,20,20,0,0
Zugaro_ripple_detector,recipe:foster_2006,network,0.142772,0.124298,0.161263,20,0.18425,0.160173,0.20794,20,0,0,0,20,0.185411,0.160724,0.209299,20,20,0,0
Zugaro_ripple_detector,recipe:foster_2006_ripples,network,0.170681,0.153523,0.186439,20,0.124665,0.109235,0.139601,20,0.270637,0.235262,0.301459,20,0.132026,0.115649,0.147256,20,20,0,0
Zugaro_ripple_detector,recipe:gillespie_2021,network,0.610189,0.595505,0.624707,20,0.747455,0.724879,0.769503,20,0.258874,0.228578,0.289288,20,0.778269,0.756931,0.798144,20,20,0,0
Zugaro_ripple_detector,recipe:gillespie_2021_mua,network,0.433151,0.411157,0.456612,20,0.643593,0.619549,0.669865,20,0.00459446,0,0.0106661,20,0.644704,0.62043,0.670644,20,20,0,0
Zugaro_ripple_detector,recipe:gridchyn_2020,network,0.10908,0.10289,0.115486,20,0.575128,0.556868,0.593926,20,0.00676608,0.00506504,0.00861538,20,0.608006,0.588395,0.62909,20,20,0,0
Zugaro_ripple_detector,recipe:grosmark_2016,network,0.523656,0.496104,0.551963,20,0.68205,0.654167,0.709488,20,0,0,0,20,0.683496,0.655081,0.711277,20,20,0,0
Zugaro_ripple_detector,recipe:gupta_2010,network,0.0782405,0.0737304,0.0825928,20,0.601781,0.57327,0.629672,20,0.0162964,0.0139744,0.018751,20,0.645507,0.617612,0.671541,20,20,0,0
Zugaro_ripple_detector,recipe:harvey_2023_code,network,0.544203,0.51381,0.574479,20,0.60482,0.572414,0.636525,20,0.0461429,0.0307032,0.0624116,20,0.679944,0.646844,0.711191,20,20,0,0
Zugaro_ripple_detector,recipe:harvey_2023_no_radiatum,network,0.386842,0.375654,0.398578,20,0.738379,0.720453,0.754146,20,0.0155103,0.0103307,0.0210905,20,0.75228,0.732496,0.7707,20,20,0,0
Zugaro_ripple_detector,recipe:harvey_2023_text,network,0.629335,0.61029,0.648633,20,0.732554,0.706123,0.761314,20,0.1952,0.172817,0.220633,20,0.79092,0.768853,0.813685,20,20,0,0
Zugaro_ripple_detector,recipe:huelin_gorriz_2023,network,0.542309,0.516009,0.568062,20,0.694068,0.670147,0.716685,20,0,0,0,20,0.695643,0.671031,0.719735,20,20,0,0
Zugaro_ripple_detector,recipe:igata_2021,network,0.153026,0.143759,0.162224,20,0.616505,0.591773,0.641274,20,0.00391801,0.00231877,0.00569173,20,0.617483,0.592523,0.642446,20,20,0,0
Zugaro_ripple_detector,recipe:igata_2021_ripples,network,0.160745,0.152799,0.168939,20,0.73703,0.711288,0.763579,20,0.0464499,0.0393141,0.0538428,20,0.756839,0.731826,0.781063,20,20,0,0
Zugaro_ripple_detector,recipe:jadhav_2016,network,0.600349,0.583316,0.616868,20,0.716634,0.688028,0.743827,20,0.212884,0.181924,0.245368,20,0.754876,0.729836,0.777709,20,20,0,0
Zugaro_ripple_detector,recipe:ji_2007,network,0.471273,0.445216,0.495761,20,0.617785,0.583128,0.651281,20,0.00217391,0,0.00652174,20,0.626927,0.591264,0.659838,20,20,0,0
Zugaro_ripple_detector,recipe:ji_2007_ripples,network,0.0616845,0.050108,0.0746162,20,0.00683727,0.00255918,0.011578,20,0.215129,0.183395,0.246316,20,0.00836479,0.00375707,0.0134771,20,20,0,0
Zugaro_ripple_detector,recipe:kaefer_2020,network,0.0488131,0.0391504,0.0594255,20,0.0151676,0.00871349,0.0224326,20,0.145391,0.120287,0.171413,20,0.016111,0.0097212,0.0230157,20,20,0,0
Zugaro_ripple_detector,recipe:karlsson_2009,network,0.702767,0.687732,0.717411,20,0.836784,0.81001,0.858771,20,0.308043,0.278676,0.33737,20,0.852927,0.828625,0.874071,20,20,0,0
Zugaro_ripple_detector,recipe:krause_2022,network,0.695984,0.673598,0.716657,20,0.802417,0.779354,0.824651,20,0.249151,0.208152,0.287761,20,0.821666,0.798935,0.84153,20,20,0,0
Zugaro_ripple_detector,recipe:krause_2022_hse,network,0.450212,0.429349,0.471772,20,0.646137,0.622744,0.671303,20,0.00241518,0,0.00589419,20,0.646265,0.622765,0.670583,20,20,0,0
Zugaro_ripple_detector,recipe:kudrimoti_1999,network,0.0335954,0.0264419,0.0408826,20,0.0377684,0.0294999,0.0467671,20,0.0141705,0.003125,0.0281253,20,0.0404499,0.032006,0.0499417,20,20,0,0
Zugaro_ripple_detector,recipe:lee_2002,network,0.042054,0.0403571,0.0437986,20,0.573992,0.552785,0.595165,20,0.00264857,0.00204937,0.00328363,20,0.581249,0.560601,0.601676,20,20,0,0
Zugaro_ripple_detector,recipe:lee_2002_ripples,network,0.170681,0.153523,0.186439,20,0.124665,0.109235,0.139601,20,0.270637,0.235262,0.301459,20,0.132026,0.115649,0.147256,20,20,0,0
Zugaro_ripple_detector,recipe:liu_2019,network,0.0849998,0.0810631,0.0889477,20,0.525084,0.505681,0.544589,20,0.00642486,0.00490407,0.00812414,20,0.518446,0.498052,0.538925,20,20,0,0
Zugaro_ripple_detector,recipe:liu_2019_awake,network,0.0849998,0.0810631,0.0889477,20,0.525084,0.505681,0.544589,20,0.00642486,0.00490407,0.00812414,20,0.518446,0.498052,0.538925,20,20,0,0
Zugaro_ripple_detector,recipe:liu_2023,network,0.471698,0.444169,0.498314,20,0.60215,0.57014,0.629847,20,0.00238095,0,0.00714286,20,0.608345,0.5766,0.636766,20,20,0,0
Zugaro_ripple_detector,recipe:maboudi_2018,network,0.468215,0.446444,0.489344,20,0.654378,0.628212,0.679042,20,0.0016129,0,0.00483871,20,0.654472,0.628305,0.678736,20,20,0,0
Zugaro_ripple_detector,recipe:maboudi_2018_open_field,network,0.410374,0.392101,0.428541,20,0.639542,0.613289,0.66313,20,0.00345596,0,0.00908584,20,0.643585,0.617579,0.667088,20,20,0,0
Zugaro_ripple_detector,recipe:mallory_2025,network,0.37702,0.359035,0.396845,20,0.643977,0.617212,0.669238,20,0.00348077,0,0.00772698,20,0.647326,0.620036,0.672384,20,20,0,0
Zugaro_ripple_detector,recipe:mallory_2025_ripples,network,0.697741,0.680154,0.713715,20,0.841174,0.818269,0.862688,20,0.283172,0.248886,0.315263,20,0.855434,0.832685,0.876589,20,20,0,0
Zugaro_ripple_detector,recipe:michon_2019,network,0.349325,0.327083,0.368769,20,0.45592,0.429221,0.480789,20,0,0,0,20,0.458497,0.431532,0.483384,20,20,0,0
Zugaro_ripple_detector,recipe:michon_2021,network,0.349325,0.327083,0.368769,20,0.45592,0.429221,0.480789,20,0,0,0,20,0.458497,0.431532,0.483384,20,20,0,0
Zugaro_ripple_detector,recipe:mou_2022,network,0.348103,0.301924,0.394387,20,0.630781,0.605359,0.657765,20,0.00484415,0.0019548,0.00825839,20,0.628653,0.602153,0.656739,20,20,0,0
Zugaro_ripple_detector,recipe:muessig_2019,network,0.12018,0.107842,0.133592,20,0.155317,0.138358,0.176586,20,0,0,0,20,0.159068,0.140823,0.180778,20,20,0,0
Zugaro_ripple_detector,recipe:muessig_2019_ripples,network,0.0331289,0.0316094,0.0347037,20,0.668674,0.639834,0.697101,20,0.00829713,0.00719152,0.00939475,20,0.71359,0.687697,0.738246,20,20,0,0
Zugaro_ripple_detector,recipe:nadasdy_1999,network,0.654625,0.638135,0.672203,20,0.664715,0.634296,0.693939,20,0.46613,0.42586,0.507737,20,0.702937,0.677422,0.726464,20,20,0,0
Zugaro_ripple_detector,recipe:olafsdottir_2015,network,0.353552,0.334634,0.373384,20,0.595808,0.572885,0.618497,20,0.00478124,0.00151412,0.00877752,20,0.609374,0.58149,0.635981,20,20,0,0
Zugaro_ripple_detector,recipe:olafsdottir_2015.bayesian_candidates,network,0.390809,0.369905,0.413299,20,0.558759,0.535085,0.583573,20,0.0015625,0,0.0046875,20,0.571335,0.544542,0.598536,20,20,0,0
Zugaro_ripple_detector,recipe:olafsdottir_2016,network,0.423682,0.395887,0.454016,20,0.534462,0.506557,0.56543,20,0.0135727,0.00342857,0.0269811,20,0.556768,0.52841,0.585733,20,20,0,0
Zugaro_ripple_detector,recipe:olafsdottir_2017,network,0.286995,0.276118,0.29896,20,0.597813,0.577703,0.617927,20,0.00853341,0.00454126,0.0130741,20,0.635621,0.613088,0.656708,20,20,0,0
Zugaro_ripple_detector,recipe:olafsdottir_2017.trajectory,network,0.429509,0.40217,0.459867,20,0.534462,0.506557,0.56543,20,0.0139487,0.00355392,0.0277193,20,0.556768,0.52841,0.585733,20,20,0,0
Zugaro_ripple_detector,recipe:pfeiffer_2013,network,0.410374,0.392101,0.428541,20,0.639542,0.613289,0.66313,20,0.00345596,0,0.00908584,20,0.643585,0.617579,0.667088,20,20,0,0
Zugaro_ripple_detector,recipe:pfeiffer_2013_ripples,network,0.727468,0.705683,0.74578,20,0.816886,0.793644,0.836649,20,0.356971,0.325887,0.385864,20,0.828934,0.804189,0.848505,20,20,0,0
Zugaro_ripple_detector,recipe:pfeiffer_2015,network,0.728694,0.707119,0.746928,20,0.816886,0.793644,0.836649,20,0.359329,0.327778,0.388962,20,0.828934,0.804189,0.848505,20,20,0,0
Zugaro_ripple_detector,recipe:shin_2019,network,0.703899,0.689113,0.718265,20,0.836784,0.81001,0.858771,20,0.313252,0.284687,0.344206,20,0.852927,0.828625,0.874071,20,20,0,0
Zugaro_ripple_detector,recipe:silva_2015,network,0.405879,0.382291,0.430072,20,0.56472,0.538355,0.589265,20,0.0030303,0,0.00909091,20,0.568806,0.543198,0.593062,20,20,0,0
Zugaro_ripple_detector,recipe:stella_2019,network,0.654277,0.635474,0.671536,20,0.835148,0.816057,0.854376,20,0.293438,0.26153,0.32461,20,0.87568,0.860392,0.891208,20,20,0,0
Zugaro_ripple_detector,recipe:tang_2017,network,0.703899,0.689113,0.718265,20,0.836784,0.81001,0.858771,20,0.313252,0.284687,0.344206,20,0.852927,0.828625,0.874071,20,20,0,0
Zugaro_ripple_detector,recipe:tirole_2022,network,0.542309,0.516009,0.568062,20,0.694068,0.670147,0.716685,20,0,0,0,20,0.695643,0.671031,0.719735,20,20,0,0
Zugaro_ripple_detector,recipe:widloski_2025,network,0.637317,0.616998,0.657692,20,0.776023,0.753967,0.797708,20,0.22915,0.195507,0.261184,20,0.760291,0.741347,0.778872,20,20,0,0
Zugaro_ripple_detector,recipe:widloski_2025_bursts,network,0.439051,0.419849,0.457834,20,0.560156,0.538679,0.581189,20,0.0025,0,0.0075,20,0.542427,0.522027,0.563524,20,20,0,0
Zugaro_ripple_detector,recipe:wikenheiser_2013,network,0.068098,0.0648127,0.0713899,20,0.563093,0.544313,0.58159,20,0.00538722,0.00446709,0.00631126,20,0.55784,0.539203,0.576756,20,20,0,0
Zugaro_ripple_detector,recipe:wu_2014,network,0.164843,0.155981,0.173104,20,0.637124,0.614129,0.657638,20,0.00264604,0.00143577,0.00399838,20,0.642385,0.618884,0.662533,20,20,0,0
Zugaro_ripple_detector,recipe:wu_2017,network,0.412873,0.389479,0.434589,20,0.530865,0.502545,0.557583,20,0.0243313,0.0142283,0.0347328,20,0.555716,0.526656,0.583686,20,20,0,0
Zugaro_ripple_detector,recipe:xu_2019,network,0.391336,0.373967,0.40902,20,0.642398,0.61592,0.666101,20,0.00271592,0,0.00718623,20,0.648572,0.620828,0.672845,20,20,0,0
Zugaro_ripple_detector,recipe:yamamoto_2017,network,0.539919,0.517562,0.563751,20,0.671528,0.643271,0.701257,20,0.102468,0.0785324,0.126375,20,0.729256,0.705808,0.753924,20,20,0,0
Zugaro_ripple_detector,recipe:yang_2024,network,0.523656,0.496104,0.551963,20,0.68205,0.654167,0.709488,20,0,0,0,20,0.683496,0.655081,0.711277,20,20,0,0
multiunit_HSE_detector,recipe:ambrose_2016,network,0.256041,0.239841,0.272433,20,0.734237,0.711249,0.75641,20,0.00873351,0.0053265,0.0125507,20,0.734237,0.711249,0.75641,20,20,0,0
multiunit_HSE_detector,recipe:bendor_2012,network,0.258007,0.244067,0.272595,20,0.70406,0.684054,0.725637,20,0.0230166,0.0175871,0.0285172,20,0.70406,0.684054,0.725637,20,20,0,0
multiunit_HSE_detector,recipe:berners_lee_2021,network,0.260509,0.247437,0.273216,20,0.793232,0.774964,0.811119,20,0.0293404,0.0227478,0.0357068,20,0.794045,0.775838,0.811479,20,20,0,0
multiunit_HSE_detector,recipe:berners_lee_2022,network,0.291484,0.279321,0.303467,20,0.704019,0.686519,0.723247,20,0.0742945,0.0654147,0.082693,20,0.704019,0.686519,0.723247,20,20,0,0
multiunit_HSE_detector,recipe:bhattarai_2020,network,0.147209,0.138307,0.15626,20,0.427723,0.405977,0.450682,20,0.000500801,0,0.00126202,20,0.425494,0.403429,0.448412,20,20,0,0
multiunit_HSE_detector,recipe:bhattarai_2020_ripples,network,0.16818,0.158123,0.178236,20,0.488157,0.46512,0.511875,20,0.000489141,0,0.00122704,20,0.488157,0.46512,0.511875,20,20,0,0
multiunit_HSE_detector,recipe:bush_2022,network,0.232438,0.216502,0.24905,20,0.648994,0.625275,0.673429,20,0.0165877,0.0124977,0.0210347,20,0.648994,0.625275,0.673429,20,20,0,0
multiunit_HSE_detector,recipe:carey_2019,network,0.601497,0.575134,0.62376,20,0.957441,0.947609,0.966779,20,0.434551,0.393938,0.469719,20,0.958528,0.9485,0.967854,20,20,0,0
multiunit_HSE_detector,recipe:carr_2012,network,0.258097,0.242771,0.273921,20,0.707775,0.687505,0.727277,20,0.0315981,0.0266983,0.0362921,20,0.707775,0.687505,0.727277,20,20,0,0
multiunit_HSE_detector,recipe:chenani_2019,network,0.252202,0.237223,0.267476,20,0.689236,0.671089,0.707473,20,0.0222325,0.0171684,0.0277347,20,0.689236,0.671089,0.707473,20,20,0,0
multiunit_HSE_detector,recipe:davidson_2009,network,0.375745,0.365445,0.38655,20,0.839939,0.823601,0.855901,20,0.131575,0.121714,0.141458,20,0.839939,0.823601,0.855901,20,20,0,0
multiunit_HSE_detector,recipe:denovellis_2021,network,0.262526,0.248911,0.276206,20,0.77149,0.754287,0.788484,20,0.0220403,0.018522,0.025748,20,0.77149,0.754287,0.788484,20,20,0,0
multiunit_HSE_detector,recipe:denovellis_2021_mua,network,0.969805,0.964979,0.974504,20,0.999438,0.998315,1,20,0.954239,0.946489,0.961724,20,0.999438,0.998315,1,20,20,0,0
multiunit_HSE_detector,recipe:diba_2007,network,0.0928719,0.0838494,0.101679,20,0.268115,0.245093,0.291556,20,0.00081755,0,0.00171307,20,0.266958,0.242883,0.290933,20,20,0,0
multiunit_HSE_detector,recipe:drieu_2018,network,0.286419,0.275914,0.297377,20,0.775397,0.758224,0.791557,20,0.0874143,0.0794916,0.0957422,20,0.777144,0.760357,0.793168,20,20,0,0
multiunit_HSE_detector,recipe:farooq_2019_neuron,network,0.103431,0.093213,0.113461,20,0.29868,0.275137,0.32423,20,0.00034965,0,0.00104895,20,0.29868,0.275137,0.32423,20,20,0,0
multiunit_HSE_detector,recipe:farooq_2019_science,network,0.102418,0.0926086,0.111965,20,0.296554,0.273503,0.321631,20,0,0,0,20,0.296554,0.273503,0.321631,20,20,0,0
multiunit_HSE_detector,recipe:farooq_2019_science_awake,network,0.102418,0.0926086,0.111965,20,0.296554,0.273503,0.321631,20,0,0,0,20,0.296554,0.273503,0.321631,20,20,0,0
multiunit_HSE_detector,recipe:foster_2006,network,0.0559696,0.047465,0.0639182,20,0.162055,0.139051,0.184065,20,0,0,0,20,0.162055,0.139051,0.184065,20,20,0,0
multiunit_HSE_detector,recipe:foster_2006_ripples,network,0.0351799,0.0314329,0.0391747,20,0.0866418,0.0760128,0.0970489,20,0.008798,0.00588191,0.0120893,20,0.0866418,0.0760128,0.0970489,20,20,0,0
multiunit_HSE_detector,recipe:gillespie_2021,network,0.26143,0.248407,0.27459,20,0.771946,0.754056,0.789352,20,0.021645,0.018338,0.0250916,20,0.771946,0.754056,0.789352,20,20,0,0
multiunit_HSE_detector,recipe:gillespie_2021_mua,network,0.3877,0.37531,0.400466,20,0.869178,0.859879,0.879356,20,0.133337,0.123289,0.143261,20,0.869178,0.859879,0.879356,20,20,0,0
multiunit_HSE_detector,recipe:gridchyn_2020,network,0.381507,0.368541,0.393887,20,0.913934,0.902367,0.924583,20,0.270389,0.254202,0.285756,20,0.918095,0.906582,0.928231,20,20,0,0
multiunit_HSE_detector,recipe:grosmark_2016,network,0.168929,0.157492,0.180563,20,0.485288,0.460493,0.5094,20,0.00184004,0.00077546,0.00309335,20,0.485288,0.460493,0.5094,20,20,0,0
multiunit_HSE_detector,recipe:gupta_2010,network,0.107347,0.104205,0.110376,20,0.744412,0.726782,0.763446,20,0.0366585,0.0342728,0.0388786,20,0.748689,0.730315,0.767882,20,20,0,0
multiunit_HSE_detector,recipe:harvey_2023_code,network,0.195734,0.181036,0.210533,20,0.565786,0.544323,0.586574,20,0,0,0,20,0.565786,0.544323,0.586574,20,20,0,0
multiunit_HSE_detector,recipe:harvey_2023_no_radiatum,network,0.214711,0.20344,0.226202,20,0.63664,0.618093,0.655598,20,0.0308726,0.0252895,0.037039,20,0.637432,0.618572,0.656688,20,20,0,0
multiunit_HSE_detector,recipe:harvey_2023_text,network,0.187614,0.176069,0.199724,20,0.561199,0.539819,0.583147,20,0.00182724,0.000745892,0.00297142,20,0.560452,0.538988,0.582385,20,20,0,0
multiunit_HSE_detector,recipe:huelin_gorriz_2023,network,0.207166,0.193756,0.221022,20,0.592349,0.571056,0.613227,20,0.00377259,0.00212438,0.00553342,20,0.592349,0.571056,0.613227,20,20,0,0
multiunit_HSE_detector,recipe:igata_2021,network,0.714712,0.700661,0.728259,20,0.994074,0.989776,0.997453,20,0.620799,0.60447,0.6367,20,0.995155,0.992193,0.997837,20,20,0,0
multiunit_HSE_detector,recipe:igata_2021_ripples,network,0.134453,0.130523,0.138717,20,0.776393,0.758009,0.793391,20,0.0256399,0.0216287,0.029319,20,0.776393,0.758009,0.793391,20,20,0,0
multiunit_HSE_detector,recipe:jadhav_2016,network,0.229609,0.216427,0.243015,20,0.621081,0.601451,0.640082,20,0.0278097,0.0237652,0.0318719,20,0.622955,0.602996,0.642639,20,20,0,0
multiunit_HSE_detector,recipe:ji_2007,network,0.2884,0.261379,0.314125,20,0.760867,0.70516,0.808286,20,0.0387298,0.0270905,0.0501155,20,0.760867,0.70516,0.808286,20,20,0,0
multiunit_HSE_detector,recipe:ji_2007_ripples,network,0.00436727,0.00264045,0.00628644,20,0.00514722,0.00213068,0.00827957,20,0.00348327,0.0019836,0.00507305,20,0.00514722,0.00213068,0.00827957,20,20,0,0
multiunit_HSE_detector,recipe:kaefer_2020,network,0.00585402,0.0040171,0.00783966,20,0.010983,0.00684605,0.0152849,20,0.00304299,0.00183652,0.00427924,20,0.010983,0.00684605,0.0152849,20,20,0,0
multiunit_HSE_detector,recipe:karlsson_2009,network,0.258116,0.24308,0.27371,20,0.707775,0.687505,0.727277,20,0.0313125,0.026512,0.0358514,20,0.707775,0.687505,0.727277,20,20,0,0
multiunit_HSE_detector,recipe:krause_2022,network,0.245127,0.228689,0.261912,20,0.702475,0.679529,0.723153,20,0.00630515,0.00370531,0.00912837,20,0.702475,0.679529,0.723153,20,20,0,0
multiunit_HSE_detector,recipe:krause_2022_hse,network,0.367917,0.355723,0.3811,20,0.866254,0.857093,0.875048,20,0.104631,0.0959024,0.113615,20,0.866254,0.857093,0.875048,20,20,0,0
multiunit_HSE_detector,recipe:kudrimoti_1999,network,0.00907293,0.00721507,0.0109803,20,0.02689,0.0209408,0.0334023,20,0,0,0,20,0.02689,0.0209408,0.0334023,20,20,0,0
multiunit_HSE_detector,recipe:lee_2002,network,0.135669,0.132141,0.138979,20,0.86293,0.848861,0.877123,20,0.0808767,0.0763389,0.0853779,20,0.864692,0.848977,0.879659,20,20,0,0
multiunit_HSE_detector,recipe:lee_2002_ripples,network,0.0351799,0.0314329,0.0391747,20,0.0866418,0.0760128,0.0970489,20,0.008798,0.00588191,0.0120893,20,0.0866418,0.0760128,0.0970489,20,20,0,0
multiunit_HSE_detector,recipe:liu_2019,network,0.263818,0.258165,0.269336,20,0.757637,0.739143,0.776099,20,0.174005,0.164664,0.182184,20,0.755991,0.736769,0.774419,20,20,0,0
multiunit_HSE_detector,recipe:liu_2019_awake,network,0.263818,0.258165,0.269336,20,0.757637,0.739143,0.776099,20,0.174005,0.164664,0.182184,20,0.755991,0.736769,0.774419,20,20,0,0
multiunit_HSE_detector,recipe:liu_2023,network,0.168595,0.155748,0.182061,20,0.485716,0.46306,0.506689,20,0,0,0,20,0.486546,0.463791,0.507544,20,20,0,0
multiunit_HSE_detector,recipe:maboudi_2018,network,0.343136,0.330115,0.358231,20,0.839495,0.828644,0.850511,20,0.0813382,0.0735533,0.0895063,20,0.839495,0.828644,0.850511,20,20,0,0
multiunit_HSE_detector,recipe:maboudi_2018_open_field,network,0.282691,0.267095,0.298452,20,0.751742,0.734799,0.768889,20,0.0513098,0.0444155,0.0584279,20,0.751742,0.734799,0.768889,20,20,0,0
multiunit_HSE_detector,recipe:mallory_2025,network,0.312781,0.298398,0.327136,20,0.772939,0.757793,0.788063,20,0.0908457,0.0811713,0.101111,20,0.773757,0.7589,0.788634,20,20,0,0
multiunit_HSE_detector,recipe:mallory_2025_ripples,network,0.24464,0.229453,0.259608,20,0.691852,0.673239,0.708958,20,0.0185401,0.014366,0.0226529,20,0.691852,0.673239,0.708958,20,20,0,0
multiunit_HSE_detector,recipe:michon_2019,network,0.103046,0.0951682,0.111108,20,0.299753,0.279542,0.318757,20,0,0,0,20,0.299753,0.279542,0.318757,20,20,0,0
multiunit_HSE_detector,recipe:michon_2021,network,0.103046,0.0951682,0.111108,20,0.299753,0.279542,0.318757,20,0,0,0,20,0.299753,0.279542,0.318757,20,20,0,0
multiunit_HSE_detector,recipe:mou_2022,network,0.475813,0.416619,0.535606,20,0.904325,0.879951,0.927685,20,0.267333,0.190747,0.34639,20,0.902499,0.878279,0.92528,20,20,0,0
multiunit_HSE_detector,recipe:muessig_2019,network,0.0412725,0.0363076,0.0466853,20,0.119192,0.107028,0.130932,20,0,0,0,20,0.119192,0.107028,0.130932,20,20,0,0
multiunit_HSE_detector,recipe:muessig_2019_ripples,network,0.051135,0.0497061,0.052493,20,0.777155,0.760054,0.794512,20,0.0206447,0.0190141,0.0222346,20,0.783408,0.766609,0.800194,20,20,0,0
multiunit_HSE_detector,recipe:nadasdy_1999,network,0.154319,0.145635,0.163357,20,0.451321,0.430573,0.47307,20,0.00498903,0.00274479,0.00764425,20,0.451321,0.430573,0.47307,20,20,0,0
multiunit_HSE_detector,recipe:olafsdottir_2015,network,0.241483,0.22721,0.256483,20,0.680813,0.661061,0.699914,20,0.0393115,0.0328898,0.0460729,20,0.680813,0.661061,0.699914,20,20,0,0
multiunit_HSE_detector,recipe:olafsdottir_2015.bayesian_candidates,network,0.22044,0.205692,0.235001,20,0.617392,0.593715,0.641784,20,0.0206228,0.0152837,0.0261044,20,0.617392,0.593715,0.641784,20,20,0,0
multiunit_HSE_detector,recipe:olafsdottir_2016,network,0.200362,0.186001,0.215433,20,0.580015,0.556822,0.605347,20,0.00264497,0.00105026,0.00449864,20,0.580863,0.558231,0.605978,20,20,0,0
multiunit_HSE_detector,recipe:olafsdottir_2017,network,0.259305,0.246979,0.271533,20,0.748526,0.726812,0.76775,20,0.0649833,0.0576167,0.0728667,20,0.749455,0.727655,0.768459,20,20,0,0
multiunit_HSE_detector,recipe:olafsdottir_2017.trajectory,network,0.200739,0.186359,0.216258,20,0.580015,0.556822,0.605347,20,0.00187883,0.000731553,0.00325561,20,0.580863,0.558231,0.605978,20,20,0,0
multiunit_HSE_detector,recipe:pfeiffer_2013,network,0.282691,0.267095,0.298452,20,0.751742,0.734799,0.768889,20,0.0513098,0.0444155,0.0584279,20,0.751742,0.734799,0.768889,20,20,0,0
multiunit_HSE_detector,recipe:pfeiffer_2013_ripples,network,0.256041,0.239841,0.272433,20,0.734237,0.711249,0.75641,20,0.00873351,0.0053265,0.0125507,20,0.734237,0.711249,0.75641,20,20,0,0
multiunit_HSE_detector,recipe:pfeiffer_2015,network,0.256176,0.239879,0.272579,20,0.734237,0.711249,0.75641,20,0.00874845,0.00532794,0.0125923,20,0.734237,0.711249,0.75641,20,20,0,0
multiunit_HSE_detector,recipe:shin_2019,network,0.258097,0.242771,0.273921,20,0.707775,0.687505,0.727277,20,0.0315981,0.0266983,0.0362921,20,0.707775,0.687505,0.727277,20,20,0,0
multiunit_HSE_detector,recipe:silva_2015,network,0.232821,0.218406,0.248265,20,0.628709,0.604016,0.653849,20,0.0293231,0.0233065,0.0354746,20,0.628709,0.604016,0.653849,20,20,0,0
multiunit_HSE_detector,recipe:stella_2019,network,0.212345,0.201882,0.223153,20,0.608563,0.58761,0.631674,20,0.030758,0.0259196,0.035667,20,0.609527,0.58908,0.632211,20,20,0,0
multiunit_HSE_detector,recipe:tang_2017,network,0.258097,0.242771,0.273921,20,0.707775,0.687505,0.727277,20,0.0315981,0.0266983,0.0362921,20,0.707775,0.687505,0.727277,20,20,0,0
multiunit_HSE_detector,recipe:tirole_2022,network,0.207166,0.193756,0.221022,20,0.592349,0.571056,0.613227,20,0.00377259,0.00212438,0.00553342,20,0.592349,0.571056,0.613227,20,20,0,0
multiunit_HSE_detector,recipe:widloski_2025,network,0.192321,0.181632,0.203979,20,0.549089,0.527543,0.573478,20,0.00990394,0.00614876,0.014085,20,0.546079,0.523189,0.570939,20,20,0,0
multiunit_HSE_detector,recipe:widloski_2025_bursts,network,0.193971,0.183415,0.205763,20,0.550539,0.523043,0.578029,20,0.00708345,0.00412414,0.0103841,20,0.548796,0.521017,0.576099,20,20,0,0
multiunit_HSE_detector,recipe:wikenheiser_2013,network,0.215607,0.20718,0.224295,20,0.828824,0.813085,0.844003,20,0.136034,0.126768,0.145495,20,0.826265,0.81039,0.842335,20,20,0,0
multiunit_HSE_detector,recipe:wu_2014,network,0.266423,0.257159,0.275717,20,0.831699,0.818883,0.842943,20,0.116431,0.107555,0.125757,20,0.833446,0.821454,0.843933,20,20,0,0
multiunit_HSE_detector,recipe:wu_2017,network,0.212961,0.20076,0.225342,20,0.566934,0.549899,0.584158,20,0.0277791,0.0218509,0.0341642,20,0.567695,0.550899,0.58487,20,20,0,0
multiunit_HSE_detector,recipe:xu_2019,network,0.293601,0.280454,0.306549,20,0.767191,0.751682,0.782988,20,0.0650462,0.0559557,0.0745866,20,0.767191,0.751682,0.782988,20,20,0,0
multiunit_HSE_detector,recipe:yamamoto_2017,network,0.2212,0.207032,0.235037,20,0.652336,0.632487,0.674807,20,0.00990156,0.00733317,0.0124322,20,0.652336,0.632487,0.674807,20,20,0,0
multiunit_HSE_detector,recipe:yang_2024,network,0.168929,0.157492,0.180563,20,0.485288,0.460493,0.5094,20,0.00184004,0.00077546,0.00309335,20,0.485288,0.460493,0.5094,20,20,0,0
recipe:ambrose_2016,recipe:bendor_2012,network,0.596002,0.576664,0.614054,20,0.697951,0.675484,0.718416,20,0.00263158,0,0.00789474,20,0.698995,0.67685,0.719123,20,20,0,0
recipe:ambrose_2016,recipe:berners_lee_2021,network,0.622035,0.575699,0.671948,20,0.905798,0.889812,0.920863,20,0.201221,0.149345,0.261917,20,0.909221,0.893676,0.924301,20,20,0,0
recipe:ambrose_2016,recipe:berners_lee_2022,network,0.506835,0.486048,0.527,20,0.644481,0.625418,0.663022,20,0.00217391,0,0.00652174,20,0.644481,0.625418,0.663022,20,20,0,0
recipe:ambrose_2016,recipe:bhattarai_2020,network,0.493848,0.469032,0.518664,20,0.556718,0.532018,0.580692,20,0.0475552,0.0204004,0.0847988,20,0.5543,0.530696,0.576859,20,20,0,0
recipe:ambrose_2016,recipe:bhattarai_2020_ripples,network,0.566498,0.542829,0.590325,20,0.636229,0.610798,0.660856,20,0.0576376,0.0295933,0.0944253,20,0.636229,0.610798,0.660856,20,20,0,0
recipe:ambrose_2016,recipe:bush_2022,network,0.527765,0.502771,0.553756,20,0.642747,0.61401,0.671043,20,0.00541667,0,0.0141667,20,0.642747,0.61401,0.671043,20,20,0,0
recipe:ambrose_2016,recipe:carey_2019,network,0.340892,0.307232,0.378182,20,0.749004,0.724209,0.772496,20,0.0258646,0.0173891,0.035525,20,0.75083,0.725798,0.77429,20,20,0,0
recipe:ambrose_2016,recipe:carr_2012,network,0.835224,0.815741,0.849884,20,0.938692,0.929628,0.946979,20,0.427981,0.373471,0.485225,20,0.944495,0.936702,0.952842,20,20,0,0
recipe:ambrose_2016,recipe:chenani_2019,network,0.563011,0.536885,0.590243,20,0.677023,0.648721,0.705367,20,0.00185185,0,0.00555556,20,0.677023,0.648721,0.705367,20,20,0,0
recipe:ambrose_2016,recipe:davidson_2009,network,0.527219,0.503584,0.550572,20,0.727519,0.703691,0.749384,20,0.00384699,0,0.00828122,20,0.727519,0.703691,0.749384,20,20,0,0
recipe:ambrose_2016,recipe:denovellis_2021,network,0.759492,0.742066,0.777025,20,0.927143,0.910321,0.942498,20,0.293953,0.252144,0.336577,20,0.941194,0.92531,0.955262,20,20,0,0
recipe:ambrose_2016,recipe:denovellis_2021_mua,network,0.256219,0.239614,0.272871,20,0.734582,0.711867,0.756486,20,0.00877063,0.00533076,0.0126179,20,0.734582,0.711867,0.756486,20,20,0,0
recipe:ambrose_2016,recipe:diba_2007,network,0.250955,0.230073,0.271776,20,0.28405,0.261396,0.306496,20,0,0,0,20,0.283273,0.258956,0.306094,20,20,0,0
recipe:ambrose_2016,recipe:drieu_2018,network,0.358857,0.338911,0.377385,20,0.726824,0.705049,0.747954,20,0.00435499,0.00208068,0.0067243,20,0.728863,0.707925,0.749966,20,20,0,0
recipe:ambrose_2016,recipe:farooq_2019_neuron,network,0.280766,0.261597,0.299775,20,0.317577,0.294717,0.339939,20,0,0,0,20,0.317577,0.294717,0.339939,20,20,0,0
recipe:ambrose_2016,recipe:farooq_2019_science,network,0.27958,0.260041,0.29914,20,0.315991,0.293109,0.338776,20,0,0,0,20,0.315991,0.293109,0.338776,20,20,0,0
recipe:ambrose_2016,recipe:farooq_2019_science_awake,network,0.27958,0.260041,0.29914,20,0.315991,0.293109,0.338776,20,0,0,0,20,0.315991,0.293109,0.338776,20,20,0,0
recipe:ambrose_2016,recipe:foster_2006,network,0.152301,0.133379,0.16991,20,0.172688,0.15096,0.192765,20,0,0,0,20,0.172688,0.15096,0.192765,20,20,0,0
recipe:ambrose_2016,recipe:foster_2006_ripples,network,0.174861,0.157451,0.192176,20,0.111898,0.0979407,0.126301,20,0.499828,0.415629,0.586508,20,0.112668,0.0987126,0.126766,20,20,0,0
recipe:ambrose_2016,recipe:gillespie_2021,network,0.750203,0.73095,0.767878,20,0.931035,0.91233,0.947384,20,0.287367,0.247169,0.325936,20,0.939659,0.923664,0.953679,20,20,0,0
recipe:ambrose_2016,recipe:gillespie_2021_mua,network,0.54243,0.516017,0.568378,20,0.74683,0.7225,0.76826,20,0.00389749,0,0.00839444,20,0.74683,0.7225,0.76826,20,20,0,0
recipe:ambrose_2016,recipe:gridchyn_2020,network,0.134114,0.126779,0.141675,20,0.70719,0.685432,0.72802,20,0.00628304,0.0050221,0.00763935,20,0.716393,0.694528,0.736629,20,20,0,0
recipe:ambrose_2016,recipe:grosmark_2016,network,0.552343,0.525297,0.579185,20,0.629891,0.600716,0.658177,20,0,0,0,20,0.629891,0.600716,0.658177,20,20,0,0
recipe:ambrose_2016,recipe:gupta_2010,network,0.0877533,0.0825952,0.0926498,20,0.742109,0.714822,0.769793,20,0.0116933,0.0103036,0.0130936,20,0.757024,0.731218,0.782326,20,20,0,0
recipe:ambrose_2016,recipe:harvey_2023_code,network,0.608691,0.584709,0.632825,20,0.693146,0.664119,0.720526,20,0.02582,0.00744652,0.0491023,20,0.704515,0.67521,0.731471,20,20,0,0
recipe:ambrose_2016,recipe:harvey_2023_no_radiatum,network,0.453967,0.430601,0.479364,20,0.783236,0.766791,0.799851,20,0.0184333,0.0100271,0.0291056,20,0.792517,0.776456,0.807929,20,20,0,0
recipe:ambrose_2016,recipe:harvey_2023_text,network,0.60369,0.583786,0.623629,20,0.728543,0.707609,0.750145,20,0.0979621,0.0698825,0.126731,20,0.742824,0.723082,0.763002,20,20,0,0
recipe:ambrose_2016,recipe:huelin_gorriz_2023,network,0.631974,0.609368,0.65444,20,0.721457,0.696827,0.745831,20,0,0,0,20,0.721457,0.696827,0.745831,20,20,0,0
recipe:ambrose_2016,recipe:igata_2021,network,0.189789,0.17591,0.203474,20,0.733588,0.709064,0.756624,20,0.00608297,0.00383716,0.00850805,20,0.733588,0.709064,0.756624,20,20,0,0
recipe:ambrose_2016,recipe:igata_2021_ripples,network,0.164767,0.159361,0.171076,20,0.881375,0.866601,0.894497,20,0.023409,0.0201391,0.026628,20,0.887258,0.873817,0.899933,20,20,0,0
recipe:ambrose_2016,recipe:jadhav_2016,network,0.74291,0.726001,0.759591,20,0.80579,0.793498,0.818412,20,0.387116,0.3231,0.452316,20,0.822749,0.806392,0.838878,20,20,0,0
recipe:ambrose_2016,recipe:ji_2007,network,0.588619,0.556175,0.617035,20,0.707585,0.662283,0.74642,20,0.00208333,0,0.00625,20,0.707585,0.662283,0.74642,20,20,0,0
recipe:ambrose_2016,recipe:ji_2007_ripples,network,0.0651645,0.0525097,0.0795844,20,0.007387,0.00385482,0.011249,20,0.426197,0.348163,0.506371,20,0.007387,0.00385482,0.011249,20,20,0,0
recipe:ambrose_2016,recipe:kaefer_2020,network,0.0514095,0.0405039,0.0638941,20,0.0145443,0.00900852,0.0201898,20,0.301435,0.240793,0.366981,20,0.0145443,0.00900852,0.0201898,20,20,0,0
recipe:ambrose_2016,recipe:karlsson_2009,network,0.834159,0.814278,0.848846,20,0.938692,0.929628,0.946979,20,0.421363,0.366635,0.47791,20,0.944495,0.936702,0.952842,20,20,0,0
recipe:ambrose_2016,recipe:krause_2022,network,0.905175,0.889142,0.920642,20,0.933716,0.916382,0.949804,20,0.618466,0.545364,0.692128,20,0.940315,0.923793,0.955631,20,20,0,0
recipe:ambrose_2016,recipe:krause_2022_hse,network,0.562803,0.535535,0.588533,20,0.745651,0.721058,0.76788,20,0.00125,0,0.00375,20,0.74476,0.720301,0.767189,20,20,0,0
recipe:ambrose_2016,recipe:kudrimoti_1999,network,0.0354161,0.0279631,0.0429002,20,0.0344404,0.0271755,0.0423905,20,0.0387307,0.0153761,0.0649868,20,0.0344404,0.0271755,0.0423905,20,20,0,0
recipe:ambrose_2016,recipe:lee_2002,network,0.0520566,0.0497672,0.0543307,20,0.692854,0.673317,0.711725,20,0.0038673,0.00329076,0.00450579,20,0.689563,0.669739,0.708599,20,20,0,0
recipe:ambrose_2016,recipe:lee_2002_ripples,network,0.174861,0.157451,0.192176,20,0.111898,0.0979407,0.126301,20,0.499828,0.415629,0.586508,20,0.112668,0.0987126,0.126766,20,20,0,0
recipe:ambrose_2016,recipe:liu_2019,network,0.104771,0.100071,0.10975,20,0.620354,0.602896,0.639081,20,0.00880174,0.00721796,0.0103833,20,0.611737,0.593426,0.630174,20,20,0,0
recipe:ambrose_2016,recipe:liu_2019_awake,network,0.104771,0.100071,0.10975,20,0.620354,0.602896,0.639081,20,0.00880174,0.00721796,0.0103833,20,0.611737,0.593426,0.630174,20,20,0,0
recipe:ambrose_2016,recipe:liu_2023,network,0.532698,0.507561,0.558042,20,0.605273,0.573706,0.633365,20,0,0,0,20,0.605273,0.573706,0.633365,20,20,0,0
recipe:ambrose_2016,recipe:maboudi_2018,network,0.582254,0.556974,0.606058,20,0.74863,0.722353,0.773661,20,0,0,0,20,0.747739,0.721463,0.772724,20,20,0,0
recipe:ambrose_2016,recipe:maboudi_2018_open_field,network,0.498595,0.478753,0.519492,20,0.712574,0.691523,0.732311,20,0.00273466,0,0.00698448,20,0.712574,0.691523,0.732311,20,20,0,0
recipe:ambrose_2016,recipe:mallory_2025,network,0.459702,0.438169,0.482667,20,0.720989,0.697787,0.741925,20,0.00610236,0.00209671,0.0103994,20,0.720989,0.697787,0.741925,20,20,0,0
recipe:ambrose_2016,recipe:mallory_2025_ripples,network,0.833725,0.81617,0.852196,20,0.912839,0.901304,0.924887,20,0.476316,0.39905,0.54819,20,0.91829,0.908007,0.929149,20,20,0,0
recipe:ambrose_2016,recipe:michon_2019,network,0.341259,0.319409,0.361895,20,0.387794,0.36357,0.410843,20,0,0,0,20,0.387794,0.36357,0.410843,20,20,0,0
recipe:ambrose_2016,recipe:michon_2021,network,0.341259,0.319409,0.361895,20,0.387794,0.36357,0.410843,20,0,0,0,20,0.387794,0.36357,0.410843,20,20,0,0
recipe:ambrose_2016,recipe:mou_2022,network,0.428629,0.375596,0.47964,20,0.734242,0.708438,0.756635,20,0.00594509,0.0026692,0.00989454,20,0.729918,0.704455,0.752138,20,20,0,0
recipe:ambrose_2016,recipe:muessig_2019,network,0.130759,0.118269,0.145376,20,0.149102,0.133696,0.167048,20,0,0,0,20,0.149102,0.133696,0.167048,20,20,0,0
recipe:ambrose_2016,recipe:muessig_2019_ripples,network,0.0336738,0.0321102,0.035208,20,0.8154,0.797325,0.834014,20,0.00418749,0.00370685,0.00464161,20,0.818826,0.800813,0.837165,20,20,0,0
recipe:ambrose_2016,recipe:nadasdy_1999,network,0.579225,0.554561,0.603156,20,0.596055,0.571394,0.620928,20,0.430091,0.373028,0.496485,20,0.607369,0.582037,0.631482,20,20,0,0
recipe:ambrose_2016,recipe:olafsdottir_2015,network,0.430465,0.406311,0.457546,20,0.66936,0.642141,0.697667,20,0.00635587,0.00233652,0.0111765,20,0.66936,0.642141,0.697667,20,20,0,0
recipe:ambrose_2016,recipe:olafsdottir_2015.bayesian_candidates,network,0.475035,0.449965,0.504581,20,0.62101,0.590811,0.652556,20,0.00319473,0,0.00811359,20,0.62101,0.590811,0.652556,20,20,0,0
recipe:ambrose_2016,recipe:olafsdottir_2016,network,0.500418,0.471568,0.531797,20,0.589095,0.560054,0.619608,20,0.00384615,0,0.0115385,20,0.590013,0.561403,0.619979,20,20,0,0
recipe:ambrose_2016,recipe:olafsdottir_2017,network,0.351152,0.335276,0.367263,20,0.711521,0.689197,0.73407,20,0.00739528,0.00387446,0.0111794,20,0.714731,0.692839,0.736459,20,20,0,0
recipe:ambrose_2016,recipe:olafsdottir_2017.trajectory,network,0.507336,0.479761,0.537953,20,0.589095,0.560054,0.619608,20,0.00416667,0,0.0125,20,0.590013,0.561403,0.619979,20,20,0,0
recipe:ambrose_2016,recipe:pfeiffer_2013,network,0.498595,0.478753,0.519492,20,0.712574,0.691523,0.732311,20,0.00273466,0,0.00698448,20,0.712574,0.691523,0.732311,20,20,0,0
recipe:ambrose_2016,recipe:pfeiffer_2013_ripples,network,1,1,1,20,1,1,1,20,1,1,1,20,1,1,1,20,20,0,0
recipe:ambrose_2016,recipe:pfeiffer_2015,network,0.998063,0.995238,1,20,1,1,1,20,0.989011,0.971429,1,20,1,1,1,20,20,0,0
recipe:ambrose_2016,recipe:shin_2019,network,0.835224,0.815741,0.849884,20,0.938692,0.929628,0.946979,20,0.427981,0.373471,0.485225,20,0.944495,0.936702,0.952842,20,20,0,0
recipe:ambrose_2016,recipe:silva_2015,network,0.483138,0.458198,0.509938,20,0.610102,0.585467,0.634579,20,0.00178571,0,0.00535714,20,0.611314,0.58661,0.63521,20,20,0,0
recipe:ambrose_2016,recipe:stella_2019,network,0.59157,0.578188,0.605001,20,0.800788,0.783934,0.818645,20,0.172197,0.148827,0.198933,20,0.813655,0.79811,0.830806,20,20,0,0
recipe:ambrose_2016,recipe:tang_2017,network,0.835224,0.815741,0.849884,20,0.938692,0.929628,0.946979,20,0.427981,0.373471,0.485225,20,0.944495,0.936702,0.952842,20,20,0,0
recipe:ambrose_2016,recipe:tirole_2022,network,0.631974,0.609368,0.65444,20,0.721457,0.696827,0.745831,20,0,0,0,20,0.721457,0.696827,0.745831,20,20,0,0
recipe:ambrose_2016,recipe:widloski_2025,network,0.67466,0.650598,0.69916,20,0.7115,0.685072,0.738264,20,0.448092,0.363095,0.534867,20,0.707919,0.682652,0.733024,20,20,0,0
recipe:ambrose_2016,recipe:widloski_2025_bursts,network,0.511469,0.495893,0.52691,20,0.583551,0.563168,0.602877,20,0,0,0,20,0.574577,0.552746,0.595685,20,20,0,0
recipe:ambrose_2016,recipe:wikenheiser_2013,network,0.0827765,0.0784291,0.0868038,20,0.673229,0.652148,0.694231,20,0.00667193,0.00564676,0.00761743,20,0.669318,0.648006,0.690579,20,20,0,0
recipe:ambrose_2016,recipe:wu_2014,network,0.202247,0.188963,0.215508,20,0.743244,0.72485,0.760665,20,0.00423206,0.00259474,0.00592308,20,0.743244,0.72485,0.760665,20,20,0,0
recipe:ambrose_2016,recipe:wu_2017,network,0.494746,0.476101,0.513243,20,0.594505,0.574398,0.615525,20,0.0155345,0.00357143,0.0310689,20,0.597659,0.576796,0.618543,20,20,0,0
recipe:ambrose_2016,recipe:xu_2019,network,0.477041,0.455342,0.498805,20,0.720476,0.698974,0.739838,20,0.00468007,0.00108696,0.00900903,20,0.720476,0.698974,0.739838,20,20,0,0
recipe:ambrose_2016,recipe:yamamoto_2017,network,0.599202,0.579698,0.620625,20,0.777218,0.75175,0.802169,20,0.0388476,0.0252803,0.0540368,20,0.784602,0.757952,0.810437,20,20,0,0
recipe:ambrose_2016,recipe:yang_2024,network,0.552343,0.525297,0.579185,20,0.629891,0.600716,0.658177,20,0,0,0,20,0.629891,0.600716,0.658177,20,20,0,0
recipe:bendor_2012,recipe:berners_lee_2021,network,0.435667,0.407389,0.466276,20,0.707797,0.686641,0.72988,20,0.0153698,0.00907956,0.0217836,20,0.708707,0.687345,0.730724,20,20,0,0
recipe:bendor_2012,recipe:berners_lee_2022,network,0.647112,0.623862,0.669552,20,0.756372,0.733509,0.776843,20,0.127439,0.099236,0.156619,20,0.756372,0.733509,0.776843,20,20,0,0
recipe:bendor_2012,recipe:bhattarai_2020,network,0.482192,0.461658,0.502454,20,0.518577,0.495281,0.5412,20,0,0,0,20,0.520743,0.498369,0.543455,20,20,0,0
recipe:bendor_2012,recipe:bhattarai_2020_ripples,network,0.554461,0.535212,0.573781,20,0.594477,0.574177,0.614621,20,0,0,0,20,0.594477,0.574177,0.614621,20,20,0,0
recipe:bendor_2012,recipe:bush_2022,network,0.613526,0.58718,0.640618,20,0.709774,0.68314,0.736687,20,0.0327506,0.0126283,0.0550128,20,0.709774,0.68314,0.736687,20,20,0,0
recipe:bendor_2012,recipe:carey_2019,network,0.334847,0.305933,0.365931,20,0.722423,0.704897,0.740196,20,0.0355296,0.0242571,0.0525781,20,0.723391,0.705153,0.741634,20,20,0,0
recipe:bendor_2012,recipe:carr_2012,network,0.571206,0.553261,0.589599,20,0.688545,0.669423,0.707874,20,0.112159,0.0829424,0.143851,20,0.693016,0.673744,0.712037,20,20,0,0
recipe:bendor_2012,recipe:chenani_2019,network,0.642575,0.616957,0.666027,20,0.713109,0.689667,0.734517,20,0.119263,0.0778205,0.15847,20,0.71207,0.687852,0.734417,20,20,0,0
recipe:bendor_2012,recipe:davidson_2009,network,0.646244,0.625157,0.668611,20,0.78973,0.768542,0.80908,20,0.168597,0.131237,0.206445,20,0.78973,0.768542,0.80908,20,20,0,0
recipe:bendor_2012,recipe:denovellis_2021,network,0.509012,0.49354,0.524685,20,0.692203,0.671775,0.713145,20,0.0324481,0.0222955,0.0442636,20,0.700694,0.681677,0.720205,20,20,0,0
recipe:bendor_2012,recipe:denovellis_2021_mua,network,0.257945,0.24389,0.272275,20,0.70445,0.684395,0.726106,20,0.0230624,0.0175469,0.0285963,20,0.70445,0.684395,0.726106,20,20,0,0
recipe:bendor_2012,recipe:diba_2007,network,0.319968,0.295425,0.344987,20,0.340807,0.314304,0.366863,20,0.0125,0,0.0375,20,0.339933,0.312794,0.366749,20,20,0,0
recipe:bendor_2012,recipe:drieu_2018,network,0.384284,0.362925,0.406543,20,0.711931,0.689343,0.733787,20,0.0485492,0.0374153,0.0600281,20,0.71488,0.693391,0.735977,20,20,0,0
recipe:bendor_2012,recipe:farooq_2019_neuron,network,0.368265,0.342795,0.395278,20,0.391181,0.365531,0.418328,20,0.00714286,0,0.0214286,20,0.391181,0.365531,0.418328,20,20,0,0
recipe:bendor_2012,recipe:farooq_2019_science,network,0.364867,0.340217,0.390228,20,0.388284,0.363191,0.414048,20,0,0,0,20,0.388284,0.363191,0.414048,20,20,0,0
recipe:bendor_2012,recipe:farooq_2019_science_awake,network,0.364867,0.340217,0.390228,20,0.388284,0.363191,0.414048,20,0,0,0,20,0.388284,0.363191,0.414048,20,20,0,0
recipe:bendor_2012,recipe:foster_2006,network,0.201192,0.172984,0.228476,20,0.214134,0.184109,0.243088,20,0,0,0,20,0.214134,0.184109,0.243088,20,20,0,0
recipe:bendor_2012,recipe:foster_2006_ripples,network,0.096446,0.0857356,0.108152,20,0.11103,0.0974657,0.125552,20,0.0270821,0.00964286,0.0474249,20,0.113623,0.0998703,0.128343,20,20,0,0
recipe:bendor_2012,recipe:gillespie_2021,network,0.50249,0.483921,0.52055,20,0.688788,0.667269,0.709873,20,0.0339683,0.0235161,0.0463199,20,0.698029,0.678668,0.717212,20,20,0,0
recipe:bendor_2012,recipe:gillespie_2021_mua,network,0.663319,0.63984,0.689578,20,0.80991,0.788656,0.831058,20,0.171213,0.132807,0.211564,20,0.80991,0.788656,0.831058,20,20,0,0
recipe:bendor_2012,recipe:gridchyn_2020,network,0.129769,0.124435,0.134765,20,0.687595,0.671057,0.706165,20,0.00950906,0.00733754,0.0119158,20,0.709712,0.690647,0.729151,20,20,0,0
recipe:bendor_2012,recipe:grosmark_2016,network,0.541107,0.518864,0.560902,20,0.57254,0.551608,0.592083,20,0.0530556,0.00555556,0.115556,20,0.57254,0.551608,0.592083,20,20,0,0
recipe:bendor_2012,recipe:gupta_2010,network,0.0645518,0.060476,0.0686269,20,0.604355,0.582861,0.626284,20,0.00126789,0.000722812,0.00190996,20,0.623196,0.60775,0.641797,20,20,0,0
recipe:bendor_2012,recipe:harvey_2023_code,network,0.535507,0.512408,0.55763,20,0.582043,0.556764,0.606767,20,0.00833333,0,0.025,20,0.589316,0.564236,0.614973,20,20,0,0
recipe:bendor_2012,recipe:harvey_2023_no_radiatum,network,0.392547,0.371733,0.415273,20,0.647088,0.629718,0.663255,20,0.0162383,0.00969586,0.0230758,20,0.65361,0.636279,0.670718,20,20,0,0
recipe:bendor_2012,recipe:harvey_2023_text,network,0.46055,0.440606,0.48393,20,0.559756,0.537991,0.582354,20,0.00625,0,0.01875,20,0.574227,0.555035,0.593362,20,20,0,0
recipe:bendor_2012,recipe:huelin_gorriz_2023,network,0.671196,0.650372,0.691401,20,0.714342,0.693833,0.734023,20,0.05625,0.00828125,0.120833,20,0.713064,0.69246,0.733429,20,20,0,0
recipe:bendor_2012,recipe:igata_2021,network,0.188802,0.176487,0.200961,20,0.700716,0.680239,0.722835,20,0.0151215,0.0115652,0.0187035,20,0.700716,0.680239,0.722835,20,20,0,0
recipe:bendor_2012,recipe:igata_2021_ripples,network,0.124532,0.120031,0.129433,20,0.703066,0.67965,0.726794,20,0.00490383,0.00347833,0.00644216,20,0.708148,0.686235,0.731389,20,20,0,0
recipe:bendor_2012,recipe:jadhav_2016,network,0.531702,0.512168,0.553666,20,0.606963,0.585805,0.628418,20,0.133628,0.0943134,0.174364,20,0.621766,0.59789,0.644482,20,20,0,0
recipe:bendor_2012,recipe:ji_2007,network,0.829898,0.794701,0.860645,20,0.865113,0.829306,0.895473,20,0.491407,0.399235,0.578027,20,0.865113,0.829306,0.895473,20,20,0,0
recipe:bendor_2012,recipe:ji_2007_ripples,network,0.00490318,0.00192533,0.00807726,20,0.00584115,0.00229714,0.00958393,20,0,0,0,20,0.00584115,0.00229714,0.00958393,20,20,0,0
recipe:bendor_2012,recipe:kaefer_2020,network,0.0131636,0.0080926,0.0182613,20,0.0148631,0.00908145,0.0206859,20,0,0,0,20,0.0148631,0.00908145,0.0206859,20,20,0,0
recipe:bendor_2012,recipe:karlsson_2009,network,0.573232,0.555885,0.591624,20,0.688545,0.669423,0.707874,20,0.113952,0.0843241,0.145595,20,0.693016,0.673744,0.712037,20,20,0,0
recipe:bendor_2012,recipe:krause_2022,network,0.630451,0.609516,0.650163,20,0.714997,0.691208,0.736778,20,0.00333333,0,0.01,20,0.716071,0.69302,0.737021,20,20,0,0
recipe:bendor_2012,recipe:krause_2022_hse,network,0.692923,0.671609,0.715467,20,0.809141,0.788694,0.831056,20,0.208381,0.157881,0.258947,20,0.80803,0.78669,0.830622,20,20,0,0
recipe:bendor_2012,recipe:kudrimoti_1999,network,0.03178,0.0244158,0.0397593,20,0.0341377,0.0263774,0.0424465,20,0,0,0,20,0.0349179,0.027035,0.0433047,20,20,0,0
recipe:bendor_2012,recipe:lee_2002,network,0.0470579,0.0453814,0.048515,20,0.645312,0.623645,0.667016,20,0.00260002,0.00187687,0.00336752,20,0.644132,0.621292,0.666625,20,20,0,0
recipe:bendor_2012,recipe:lee_2002_ripples,network,0.096446,0.0857356,0.108152,20,0.11103,0.0974657,0.125552,20,0.0270821,0.00964286,0.0474249,20,0.113623,0.0998703,0.128343,20,20,0,0
recipe:bendor_2012,recipe:liu_2019,network,0.0935084,0.0906083,0.0965563,20,0.570313,0.549308,0.592569,20,0.00543971,0.00384003,0.00718632,20,0.563531,0.541796,0.585975,20,20,0,0
recipe:bendor_2012,recipe:liu_2019_awake,network,0.0935084,0.0906083,0.0965563,20,0.570313,0.549308,0.592569,20,0.00543971,0.00384003,0.00718632,20,0.563531,0.541796,0.585975,20,20,0,0
recipe:bendor_2012,recipe:liu_2023,network,0.544821,0.515654,0.575484,20,0.579423,0.549862,0.610569,20,0,0,0,20,0.579423,0.549862,0.610569,20,20,0,0
recipe:bendor_2012,recipe:maboudi_2018,network,0.7239,0.702374,0.744998,20,0.815776,0.79562,0.836267,20,0.24157,0.184501,0.298748,20,0.8146,0.794465,0.835908,20,20,0,0
recipe:bendor_2012,recipe:maboudi_2018_open_field,network,0.556387,0.533021,0.581767,20,0.733467,0.711494,0.753836,20,0.0787706,0.0483704,0.112624,20,0.733467,0.711494,0.753836,20,20,0,0
recipe:bendor_2012,recipe:mallory_2025,network,0.514704,0.491593,0.53991,20,0.718506,0.701012,0.736366,20,0.102883,0.0759247,0.130702,20,0.720298,0.703812,0.736887,20,20,0,0
recipe:bendor_2012,recipe:mallory_2025_ripples,network,0.550774,0.52774,0.575156,20,0.679048,0.655936,0.701963,20,0.0382936,0.0212923,0.0557046,20,0.680303,0.657529,0.702875,20,20,0,0
recipe:bendor_2012,recipe:michon_2019,network,0.389663,0.365411,0.413948,20,0.415913,0.38858,0.441204,20,0,0,0,20,0.415913,0.38858,0.441204,20,20,0,0
recipe:bendor_2012,recipe:michon_2021,network,0.389663,0.365411,0.413948,20,0.415913,0.38858,0.441204,20,0,0,0,20,0.415913,0.38858,0.441204,20,20,0,0
recipe:bendor_2012,recipe:mou_2022,network,0.511333,0.427913,0.594666,20,0.768409,0.731725,0.805788,20,0.097485,0.0586171,0.14525,20,0.764996,0.725969,0.804031,20,20,0,0
recipe:bendor_2012,recipe:muessig_2019,network,0.157535,0.142923,0.17286,20,0.167804,0.152907,0.183524,20,0,0,0,20,0.167804,0.152907,0.183524,20,20,0,0
recipe:bendor_2012,recipe:muessig_2019_ripples,network,0.0254524,0.024099,0.0267822,20,0.653966,0.624817,0.681007,20,0.000574666,0.000354339,0.000793048,20,0.667771,0.640703,0.693959,20,20,0,0
recipe:bendor_2012,recipe:nadasdy_1999,network,0.386215,0.368019,0.407862,20,0.460694,0.439425,0.484812,20,0.00333333,0,0.01,20,0.471512,0.451389,0.493683,20,20,0,0
recipe:bendor_2012,recipe:olafsdottir_2015,network,0.447096,0.423195,0.473176,20,0.676582,0.652618,0.700529,20,0.0136101,0.00342262,0.0265582,20,0.676582,0.652618,0.700529,20,20,0,0
recipe:bendor_2012,recipe:olafsdottir_2015.bayesian_candidates,network,0.520859,0.49962,0.543279,20,0.654348,0.630974,0.678643,20,0.0135334,0.00368906,0.0249876,20,0.654348,0.630974,0.678643,20,20,0,0
recipe:bendor_2012,recipe:olafsdottir_2016,network,0.572046,0.542697,0.60158,20,0.639432,0.611623,0.669815,20,0.0146416,0,0.0309878,20,0.639432,0.611623,0.669815,20,20,0,0
recipe:bendor_2012,recipe:olafsdottir_2017,network,0.373012,0.355289,0.391143,20,0.700455,0.677627,0.721435,20,0.0446652,0.0342514,0.0556774,20,0.707006,0.68311,0.729044,20,20,0,0
recipe:bendor_2012,recipe:olafsdottir_2017.trajectory,network,0.580087,0.553058,0.606367,20,0.639432,0.611623,0.669815,20,0.0121429,0,0.0292857,20,0.639432,0.611623,0.669815,20,20,0,0
recipe:bendor_2012,recipe:pfeiffer_2013,network,0.556387,0.533021,0.581767,20,0.733467,0.711494,0.753836,20,0.0787706,0.0483704,0.112624,20,0.733467,0.711494,0.753836,20,20,0,0
recipe:bendor_2012,recipe:pfeiffer_2013_ripples,network,0.596002,0.576664,0.614054,20,0.697951,0.675484,0.718416,20,0.00263158,0,0.00789474,20,0.698995,0.67685,0.719123,20,20,0,0
recipe:bendor_2012,recipe:pfeiffer_2015,network,0.596902,0.578055,0.614668,20,0.697951,0.675484,0.718416,20,0.00263158,0,0.00789474,20,0.698995,0.67685,0.719123,20,20,0,0
recipe:bendor_2012,recipe:shin_2019,network,0.571206,0.553261,0.589599,20,0.688545,0.669423,0.707874,20,0.112159,0.0829424,0.143851,20,0.693016,0.673744,0.712037,20,20,0,0
recipe:bendor_2012,recipe:silva_2015,network,0.578475,0.54969,0.606522,20,0.67998,0.649576,0.709948,20,0.0869793,0.0543021,0.123206,20,0.67998,0.649576,0.709948,20,20,0,0
recipe:bendor_2012,recipe:stella_2019,network,0.416136,0.400772,0.431543,20,0.594966,0.577631,0.613445,20,0.0462083,0.0314492,0.0623623,20,0.605577,0.58888,0.621842,20,20,0,0
recipe:bendor_2012,recipe:tang_2017,network,0.571206,0.553261,0.589599,20,0.688545,0.669423,0.707874,20,0.112159,0.0829424,0.143851,20,0.693016,0.673744,0.712037,20,20,0,0
recipe:bendor_2012,recipe:tirole_2022,network,0.671196,0.650372,0.691401,20,0.714342,0.693833,0.734023,20,0.05625,0.00828125,0.120833,20,0.713064,0.69246,0.733429,20,20,0,0
recipe:bendor_2012,recipe:widloski_2025,network,0.514078,0.492707,0.535373,20,0.607452,0.583691,0.634651,20,0.00277778,0,0.00833333,20,0.593995,0.568102,0.623376,20,20,0,0
recipe:bendor_2012,recipe:widloski_2025_bursts,network,0.702042,0.6749,0.728505,20,0.726191,0.698554,0.753758,20,0.224345,0.139509,0.317262,20,0.717637,0.688282,0.747572,20,20,0,0
recipe:bendor_2012,recipe:wikenheiser_2013,network,0.0728446,0.0698835,0.0755053,20,0.608494,0.590003,0.628413,20,0.00334653,0.00235585,0.00439224,20,0.609625,0.589537,0.630462,20,20,0,0
recipe:bendor_2012,recipe:wu_2014,network,0.200548,0.187142,0.214334,20,0.697406,0.674891,0.718482,20,0.0161978,0.0119571,0.0205721,20,0.699136,0.676985,0.71936,20,20,0,0
recipe:bendor_2012,recipe:wu_2017,network,0.681829,0.66118,0.70115,20,0.738344,0.715534,0.759191,20,0.254731,0.191547,0.323772,20,0.740745,0.720641,0.759686,20,20,0,0
recipe:bendor_2012,recipe:xu_2019,network,0.534218,0.506904,0.561015,20,0.723206,0.704224,0.742592,20,0.0999619,0.0690315,0.133832,20,0.723206,0.704224,0.742592,20,20,0,0
recipe:bendor_2012,recipe:yamamoto_2017,network,0.566513,0.540841,0.591208,20,0.709525,0.688345,0.72941,20,0.0360128,0.017044,0.0589605,20,0.714214,0.694632,0.732807,20,20,0,0
recipe:bendor_2012,recipe:yang_2024,network,0.541107,0.518864,0.560902,20,0.57254,0.551608,0.592083,20,0.0530556,0.00555556,0.115556,20,0.57254,0.551608,0.592083,20,20,0,0
recipe:berners_lee_2021,recipe:berners_lee_2022,network,0.388978,0.360499,0.417965,20,0.665827,0.645636,0.68566,20,0.0122771,0.00723508,0.0173587,20,0.666682,0.646756,0.686661,20,20,0,0
recipe:berners_lee_2021,recipe:bhattarai_2020,network,0.309567,0.285103,0.333668,20,0.505785,0.483515,0.528489,20,0.0112499,0.00510194,0.0186057,20,0.503715,0.482664,0.52511,20,20,0,0
recipe:berners_lee_2021,recipe:bhattarai_2020_ripples,network,0.354416,0.329003,0.380006,20,0.577916,0.554938,0.601142,20,0.0125961,0.00655193,0.0198304,20,0.577916,0.554938,0.601142,20,20,0,0
recipe:berners_lee_2021,recipe:bush_2022,network,0.372125,0.340182,0.405531,20,0.616319,0.589031,0.644309,20,0.00698964,0.00217391,0.0129985,20,0.617157,0.589872,0.644936,20,20,0,0
recipe:berners_lee_2021,recipe:carey_2019,network,0.318521,0.292997,0.346465,20,0.801647,0.779927,0.822377,20,0.037695,0.0307969,0.0448485,20,0.803414,0.781781,0.823496,20,20,0,0
recipe:berners_lee_2021,recipe:carr_2012,network,0.582703,0.54038,0.628961,20,0.860877,0.846614,0.876055,20,0.205067,0.161127,0.253544,20,0.868808,0.854889,0.882913,20,20,0,0
recipe:berners_lee_2021,recipe:chenani_2019,network,0.398893,0.369678,0.428791,20,0.650914,0.626828,0.677396,20,0.0131517,0.0051357,0.0229154,20,0.651833,0.628184,0.678041,20,20,0,0
recipe:berners_lee_2021,recipe:davidson_2009,network,0.427684,0.402051,0.454326,20,0.75864,0.73992,0.77612,20,0.0251217,0.0177166,0.0331085,20,0.759497,0.741154,0.77692,20,20,0,0
recipe:berners_lee_2021,recipe:denovellis_2021,network,0.66558,0.629147,0.703124,20,0.94058,0.930865,0.950394,20,0.303872,0.269722,0.338662,20,0.950158,0.941611,0.959371,20,20,0,0
recipe:berners_lee_2021,recipe:denovellis_2021_mua,network,0.260126,0.246736,0.273259,20,0.792676,0.773645,0.811098,20,0.0290626,0.0225194,0.035337,20,0.793489,0.774693,0.81138,20,20,0,0
recipe:berners_lee_2021,recipe:diba_2007,network,0.163592,0.14569,0.182122,20,0.2659,0.242421,0.288003,20,0,0,0,20,0.265243,0.24062,0.288003,20,20,0,0
recipe:berners_lee_2021,recipe:drieu_2018,network,0.309261,0.289546,0.328954,20,0.712627,0.695495,0.73125,20,0.0229547,0.0186045,0.0274261,20,0.71541,0.698617,0.733607,20,20,0,0
recipe:berners_lee_2021,recipe:farooq_2019_neuron,network,0.183971,0.164154,0.203737,20,0.297079,0.275939,0.318516,20,0,0,0,20,0.297775,0.27691,0.318677,20,20,0,0
recipe:berners_lee_2021,recipe:farooq_2019_science,network,0.182593,0.163005,0.202126,20,0.294668,0.274085,0.314614,20,0,0,0,20,0.295364,0.275118,0.31508,20,20,0,0
recipe:berners_lee_2021,recipe:farooq_2019_science_awake,network,0.182593,0.163005,0.202126,20,0.294668,0.274085,0.314614,20,0,0,0,20,0.295364,0.275118,0.31508,20,20,0,0
recipe:berners_lee_2021,recipe:foster_2006,network,0.0981385,0.083103,0.112258,20,0.159412,0.139034,0.177798,20,0,0,0,20,0.159412,0.139034,0.177798,20,20,0,0
recipe:berners_lee_2021,recipe:foster_2006_ripples,network,0.114374,0.0990049,0.130022,20,0.102155,0.0902038,0.114024,20,0.145724,0.104843,0.192338,20,0.102852,0.0908966,0.114693,20,20,0,0
recipe:berners_lee_2021,recipe:gillespie_2021,network,0.676918,0.643256,0.711756,20,0.940311,0.929872,0.950628,20,0.326572,0.293494,0.360586,20,0.949915,0.938655,0.961077,20,20,0,0
recipe:berners_lee_2021,recipe:gillespie_2021_mua,network,0.440136,0.412753,0.469088,20,0.779405,0.760259,0.797276,20,0.0250488,0.0177171,0.0328761,20,0.780271,0.761076,0.797778,20,20,0,0
recipe:berners_lee_2021,recipe:gridchyn_2020,network,0.145763,0.140044,0.151439,20,0.765138,0.749635,0.781394,20,0.0175715,0.0148267,0.0202844,20,0.774237,0.75804,0.790336,20,20,0,0
recipe:berners_lee_2021,recipe:grosmark_2016,network,0.349103,0.321069,0.377837,20,0.574912,0.550185,0.599668,20,0.000943396,0,0.00283019,20,0.574912,0.550185,0.599668,20,20,0,0
recipe:berners_lee_2021,recipe:gupta_2010,network,0.127551,0.122076,0.133007,20,0.790827,0.770053,0.811517,20,0.04991,0.0444836,0.0553297,20,0.809934,0.788935,0.831383,20,20,0,0
recipe:berners_lee_2021,recipe:harvey_2023_code,network,0.403495,0.370132,0.438151,20,0.653242,0.628898,0.676568,20,0.00314449,0.000617284,0.00626524,20,0.664404,0.639024,0.688819,20,20,0,0
recipe:berners_lee_2021,recipe:harvey_2023_no_radiatum,network,0.360317,0.334586,0.388614,20,0.738027,0.725627,0.750852,20,0.033085,0.0251279,0.0407698,20,0.745347,0.732659,0.757941,20,20,0,0
recipe:berners_lee_2021,recipe:harvey_2023_text,network,0.400381,0.368473,0.435562,20,0.669723,0.650542,0.689646,20,0.0366237,0.0211886,0.0555364,20,0.682939,0.663841,0.702409,20,20,0,0
recipe:berners_lee_2021,recipe:huelin_gorriz_2023,network,0.413347,0.377955,0.449994,20,0.674875,0.650948,0.698192,20,0.00257925,0,0.00565004,20,0.674875,0.650948,0.698192,20,20,0,0
recipe:berners_lee_2021,recipe:igata_2021,network,0.200024,0.188822,0.211134,20,0.794192,0.774981,0.81297,20,0.0213525,0.0167135,0.026036,20,0.795005,0.775903,0.813286,20,20,0,0
recipe:berners_lee_2021,recipe:igata_2021_ripples,network,0.200472,0.196566,0.204605,20,0.916572,0.901276,0.929871,20,0.0632534,0.0563938,0.0701508,20,0.919891,0.906016,0.931715,20,20,0,0
recipe:berners_lee_2021,recipe:jadhav_2016,network,0.510306,0.470793,0.553276,20,0.739813,0.724882,0.754897,20,0.169522,0.128283,0.214676,20,0.755152,0.739253,0.771377,20,20,0,0
recipe:berners_lee_2021,recipe:ji_2007,network,0.444493,0.408264,0.482746,20,0.727667,0.680969,0.76766,20,0.0177194,0.0100692,0.0258842,20,0.729626,0.682748,0.769539,20,20,0,0
recipe:berners_lee_2021,recipe:ji_2007_ripples,network,0.0424068,0.0321833,0.0539863,20,0.00675561,0.00353872,0.0103246,20,0.111915,0.0729788,0.159114,20,0.00675561,0.00353872,0.0103246,20,20,0,0
recipe:berners_lee_2021,recipe:kaefer_2020,network,0.0338474,0.0251089,0.0442755,20,0.013178,0.0082056,0.0184143,20,0.0764066,0.0482206,0.111259,20,0.013178,0.0082056,0.0184143,20,20,0,0
recipe:berners_lee_2021,recipe:karlsson_2009,network,0.580002,0.53735,0.626348,20,0.860877,0.846614,0.876055,20,0.198258,0.155846,0.24481,20,0.868808,0.854889,0.882913,20,20,0,0
recipe:berners_lee_2021,recipe:krause_2022,network,0.567601,0.520018,0.619709,20,0.848958,0.83197,0.867297,20,0.133852,0.0914371,0.18577,20,0.854589,0.837249,0.872286,20,20,0,0
recipe:berners_lee_2021,recipe:krause_2022_hse,network,0.452751,0.423212,0.484303,20,0.778213,0.758327,0.796947,20,0.025224,0.0165468,0.0346266,20,0.778213,0.758327,0.796947,20,20,0,0
recipe:berners_lee_2021,recipe:kudrimoti_1999,network,0.0211251,0.0171728,0.0250232,20,0.0313,0.0246619,0.0384861,20,0.00677785,0.00243323,0.0117886,20,0.0313,0.0246619,0.0384861,20,20,0,0
recipe:berners_lee_2021,recipe:lee_2002,network,0.0701588,0.0671603,0.0731315,20,0.739136,0.72359,0.755428,20,0.0197712,0.0165318,0.0230874,20,0.743586,0.728782,0.759477,20,20,0,0
recipe:berners_lee_2021,recipe:lee_2002_ripples,network,0.114374,0.0990049,0.130022,20,0.102155,0.0902038,0.114024,20,0.145724,0.104843,0.192338,20,0.102852,0.0908966,0.114693,20,20,0,0
recipe:berners_lee_2021,recipe:liu_2019,network,0.146496,0.139655,0.153577,20,0.670552,0.652149,0.687883,20,0.0496283,0.0411364,0.0583908,20,0.664293,0.645724,0.681869,20,20,0,0
recipe:berners_lee_2021,recipe:liu_2019_awake,network,0.146496,0.139655,0.153577,20,0.670552,0.652149,0.687883,20,0.0496283,0.0411364,0.0583908,20,0.664293,0.645724,0.681869,20,20,0,0
recipe:berners_lee_2021,recipe:liu_2023,network,0.34837,0.312968,0.384095,20,0.568011,0.541283,0.593321,20,0,0,0,20,0.568011,0.541283,0.593321,20,20,0,0
recipe:berners_lee_2021,recipe:maboudi_2018,network,0.455254,0.424692,0.488551,20,0.770561,0.747643,0.791981,20,0.0217038,0.0138518,0.0308125,20,0.770561,0.747643,0.791981,20,20,0,0
recipe:berners_lee_2021,recipe:maboudi_2018_open_field,network,0.385064,0.359563,0.410814,20,0.698521,0.678911,0.717151,20,0.0160107,0.00883324,0.024146,20,0.699364,0.679845,0.71794,20,20,0,0
recipe:berners_lee_2021,recipe:mallory_2025,network,0.376207,0.351253,0.402053,20,0.713211,0.6945,0.731404,20,0.0286822,0.0216253,0.0359552,20,0.714063,0.695192,0.732218,20,20,0,0
recipe:berners_lee_2021,recipe:mallory_2025_ripples,network,0.582258,0.538581,0.630869,20,0.85194,0.840292,0.863618,20,0.205089,0.163767,0.25155,20,0.856617,0.84504,0.87019,20,20,0,0
recipe:berners_lee_2021,recipe:michon_2019,network,0.213638,0.195246,0.233135,20,0.35205,0.331194,0.372928,20,0,0,0,20,0.35205,0.331194,0.372928,20,20,0,0
recipe:berners_lee_2021,recipe:michon_2021,network,0.213638,0.195246,0.233135,20,0.35205,0.331194,0.372928,20,0,0,0,20,0.35205,0.331194,0.372928,20,20,0,0
recipe:berners_lee_2021,recipe:mou_2022,network,0.362829,0.331222,0.397518,20,0.777747,0.756677,0.796353,20,0.0232264,0.0161643,0.0309658,20,0.77609,0.755704,0.794977,20,20,0,0
recipe:berners_lee_2021,recipe:muessig_2019,network,0.0834064,0.0712138,0.0973981,20,0.135476,0.121515,0.15089,20,0,0,0,20,0.135476,0.121515,0.15089,20,20,0,0
recipe:berners_lee_2021,recipe:muessig_2019_ripples,network,0.0448836,0.0429783,0.0466941,20,0.83384,0.818042,0.851025,20,0.0141889,0.0123961,0.0159507,20,0.842219,0.82684,0.858933,20,20,0,0
recipe:berners_lee_2021,recipe:nadasdy_1999,network,0.369905,0.341034,0.400892,20,0.540143,0.519285,0.561647,20,0.121215,0.0908839,0.154626,20,0.551364,0.530912,0.571834,20,20,0,0
recipe:berners_lee_2021,recipe:olafsdottir_2015,network,0.334752,0.31183,0.358934,20,0.647612,0.621944,0.673349,20,0.0153262,0.00826677,0.0227008,20,0.649508,0.623437,0.676635,20,20,0,0
recipe:berners_lee_2021,recipe:olafsdottir_2015.bayesian_candidates,network,0.344289,0.318255,0.371063,20,0.595591,0.567173,0.623919,20,0.0111258,0.00518708,0.0176202,20,0.597435,0.568302,0.628,20,20,0,0
recipe:berners_lee_2021,recipe:olafsdottir_2016,network,0.341584,0.311021,0.373797,20,0.55969,0.530834,0.589707,20,0.00376068,0,0.00952991,20,0.560506,0.53203,0.590862,20,20,0,0
recipe:berners_lee_2021,recipe:olafsdottir_2017,network,0.300961,0.283004,0.319834,20,0.696182,0.671091,0.719246,20,0.0232226,0.0174914,0.0289554,20,0.699822,0.675975,0.722215,20,20,0,0
recipe:berners_lee_2021,recipe:olafsdottir_2017.trajectory,network,0.344833,0.314087,0.377654,20,0.55969,0.530834,0.589707,20,0.00386232,0,0.00977483,20,0.560506,0.53203,0.590862,20,20,0,0
recipe:berners_lee_2021,recipe:pfeiffer_2013,network,0.385064,0.359563,0.410814,20,0.698521,0.678911,0.717151,20,0.0160107,0.00883324,0.024146,20,0.699364,0.679845,0.71794,20,20,0,0
recipe:berners_lee_2021,recipe:pfeiffer_2013_ripples,network,0.622035,0.575699,0.671948,20,0.905798,0.889812,0.920863,20,0.201221,0.149345,0.261917,20,0.909221,0.893676,0.924301,20,20,0,0
recipe:berners_lee_2021,recipe:pfeiffer_2015,network,0.622764,0.576441,0.672681,20,0.905798,0.889812,0.920863,20,0.202395,0.149863,0.264564,20,0.909221,0.893676,0.924301,20,20,0,0
recipe:berners_lee_2021,recipe:shin_2019,network,0.582703,0.54038,0.628961,20,0.860877,0.846614,0.876055,20,0.205067,0.161127,0.253544,20,0.868808,0.854889,0.882913,20,20,0,0
recipe:berners_lee_2021,recipe:silva_2015,network,0.354951,0.327896,0.384303,20,0.593777,0.570487,0.616866,20,0.0161052,0.00965983,0.0226027,20,0.595663,0.57274,0.617256,20,20,0,0
recipe:berners_lee_2021,recipe:stella_2019,network,0.434539,0.409797,0.458996,20,0.733033,0.716768,0.751194,20,0.116265,0.0989882,0.134133,20,0.748065,0.733555,0.765396,20,20,0,0
recipe:berners_lee_2021,recipe:tang_2017,network,0.582703,0.54038,0.628961,20,0.860877,0.846614,0.876055,20,0.205067,0.161127,0.253544,20,0.868808,0.854889,0.882913,20,20,0,0
recipe:berners_lee_2021,recipe:tirole_2022,network,0.413347,0.377955,0.449994,20,0.674875,0.650948,0.698192,20,0.00257925,0,0.00565004,20,0.674875,0.650948,0.698192,20,20,0,0
recipe:berners_lee_2021,recipe:widloski_2025,network,0.433369,0.400141,0.467944,20,0.652594,0.631794,0.676902,20,0.123618,0.086796,0.166967,20,0.648516,0.628364,0.672218,20,20,0,0
recipe:berners_lee_2021,recipe:widloski_2025_bursts,network,0.359024,0.334344,0.386679,20,0.580866,0.559711,0.601371,20,0.00859029,0.00354853,0.0143734,20,0.573273,0.550524,0.595279,20,20,0,0
recipe:berners_lee_2021,recipe:wikenheiser_2013,network,0.125116,0.117016,0.133248,20,0.737807,0.721257,0.754185,20,0.0460484,0.0380025,0.0543187,20,0.734717,0.718,0.751717,20,20,0,0
recipe:berners_lee_2021,recipe:wu_2014,network,0.207682,0.196782,0.218687,20,0.755708,0.738576,0.772006,20,0.0256057,0.019715,0.031574,20,0.755708,0.738576,0.772006,20,20,0,0
recipe:berners_lee_2021,recipe:wu_2017,network,0.357273,0.332935,0.384134,20,0.590762,0.568427,0.612506,20,0.0179433,0.00965497,0.0269807,20,0.592647,0.570135,0.614366,20,20,0,0
recipe:berners_lee_2021,recipe:xu_2019,network,0.379139,0.355358,0.402882,20,0.709042,0.691113,0.727204,20,0.0224922,0.0168837,0.0286204,20,0.709899,0.691646,0.727635,20,20,0,0
recipe:berners_lee_2021,recipe:yamamoto_2017,network,0.418697,0.386208,0.452549,20,0.739305,0.713003,0.764811,20,0.0215588,0.0132041,0.0307402,20,0.743626,0.718205,0.768245,20,20,0,0
recipe:berners_lee_2021,recipe:yang_2024,network,0.349103,0.321069,0.377837,20,0.574912,0.550185,0.599668,20,0.000943396,0,0.00283019,20,0.574912,0.550185,0.599668,20,20,0,0
recipe:berners_lee_2022,recipe:bhattarai_2020,network,0.393559,0.372515,0.416492,20,0.471054,0.445764,0.499026,20,0,0,0,20,0.469007,0.444069,0.496572,20,20,0,0
recipe:berners_lee_2022,recipe:bhattarai_2020_ripples,network,0.450883,0.428929,0.475546,20,0.539678,0.514981,0.566338,20,0,0,0,20,0.539678,0.514981,0.566338,20,20,0,0
recipe:berners_lee_2022,recipe:bush_2022,network,0.52344,0.496992,0.551874,20,0.654006,0.626899,0.684007,20,0.0427923,0.0288391,0.056346,20,0.654006,0.626899,0.684007,20,20,0,0
recipe:berners_lee_2022,recipe:carey_2019,network,0.36055,0.335838,0.387064,20,0.71716,0.700159,0.734798,20,0.0909505,0.0755956,0.107709,20,0.71716,0.700159,0.734798,20,20,0,0
recipe:berners_lee_2022,recipe:carr_2012,network,0.478943,0.458807,0.499108,20,0.640501,0.62057,0.662277,20,0.046694,0.0338297,0.0588673,20,0.641566,0.621472,0.663723,20,20,0,0
recipe:berners_lee_2022,recipe:chenani_2019,network,0.541628,0.515127,0.567184,20,0.664742,0.641366,0.688312,20,0.0457241,0.0273823,0.063261,20,0.664742,0.641366,0.688312,20,20,0,0
recipe:berners_lee_2022,recipe:davidson_2009,network,0.612272,0.595068,0.627869,20,0.753039,0.731306,0.7735,20,0.231501,0.194982,0.266583,20,0.753039,0.731306,0.7735,20,20,0,0
recipe:berners_lee_2022,recipe:denovellis_2021,network,0.439095,0.421328,0.456794,20,0.647784,0.62926,0.66619,20,0.0201332,0.0124713,0.0278005,20,0.64881,0.630201,0.667048,20,20,0,0
recipe:berners_lee_2022,recipe:denovellis_2021_mua,network,0.291377,0.278985,0.303406,20,0.704466,0.686672,0.7241,20,0.0743011,0.0652679,0.0828287,20,0.704466,0.686672,0.7241,20,20,0,0
recipe:berners_lee_2022,recipe:diba_2007,network,0.272106,0.246288,0.295183,20,0.323926,0.297533,0.347387,20,0,0,0,20,0.323091,0.294982,0.347315,20,20,0,0
recipe:berners_lee_2022,recipe:drieu_2018,network,0.346455,0.327056,0.365929,20,0.670749,0.650288,0.691796,20,0.0394963,0.0315204,0.0478511,20,0.672635,0.652763,0.692537,20,20,0,0
recipe:berners_lee_2022,recipe:farooq_2019_neuron,network,0.339473,0.313308,0.365587,20,0.407297,0.379633,0.433285,20,0.00357143,0,0.0107143,20,0.407297,0.379633,0.433285,20,20,0,0
recipe:berners_lee_2022,recipe:farooq_2019_science,network,0.336353,0.31135,0.361129,20,0.404391,0.377394,0.429819,20,0,0,0,20,0.404391,0.377394,0.429819,20,20,0,0
recipe:berners_lee_2022,recipe:farooq_2019_science_awake,network,0.336353,0.31135,0.361129,20,0.404391,0.377394,0.429819,20,0,0,0,20,0.404391,0.377394,0.429819,20,20,0,0
recipe:berners_lee_2022,recipe:foster_2006,network,0.18336,0.156797,0.208895,20,0.219783,0.188755,0.249513,20,0,0,0,20,0.219783,0.188755,0.249513,20,20,0,0
recipe:berners_lee_2022,recipe:foster_2006_ripples,network,0.0848315,0.0725883,0.097566,20,0.110886,0.0966156,0.126206,20,0.0109677,0.00217391,0.0231666,20,0.110886,0.0966156,0.126206,20,20,0,0
recipe:berners_lee_2022,recipe:gillespie_2021,network,0.436497,0.41682,0.456647,20,0.649335,0.630614,0.667354,20,0.0204252,0.0119886,0.0298643,20,0.650361,0.63158,0.668203,20,20,0,0
recipe:berners_lee_2022,recipe:gillespie_2021_mua,network,0.632617,0.616102,0.647464,20,0.777641,0.76095,0.794055,20,0.236389,0.200797,0.272955,20,0.777641,0.76095,0.794055,20,20,0,0
recipe:berners_lee_2022,recipe:gridchyn_2020,network,0.147599,0.142149,0.152802,20,0.698556,0.684755,0.714341,20,0.0288772,0.0248343,0.0328915,20,0.703233,0.68931,0.719168,20,20,0,0
recipe:berners_lee_2022,recipe:grosmark_2016,network,0.430831,0.411185,0.452914,20,0.508433,0.48623,0.532504,20,0.0160714,0.003125,0.032154,20,0.508433,0.48623,0.532504,20,20,0,0
recipe:berners_lee_2022,recipe:gupta_2010,network,0.0670791,0.0631811,0.0708031,20,0.601584,0.585436,0.618179,20,0.00438253,0.00357876,0.0052741,20,0.60701,0.590326,0.62354,20,20,0,0
recipe:berners_lee_2022,recipe:harvey_2023_code,network,0.444206,0.421692,0.464621,20,0.534954,0.510491,0.557512,20,0,0,0,20,0.537787,0.512198,0.560687,20,20,0,0
recipe:berners_lee_2022,recipe:harvey_2023_no_radiatum,network,0.343201,0.321657,0.367545,20,0.589558,0.572009,0.608231,20,0.019665,0.0121173,0.0270469,20,0.592548,0.573997,0.61159,20,20,0,0
recipe:berners_lee_2022,recipe:harvey_2023_text,network,0.394099,0.37759,0.410669,20,0.527296,0.506651,0.546205,20,0.00217391,0,0.00652174,20,0.533053,0.513097,0.551419,20,20,0,0
recipe:berners_lee_2022,recipe:huelin_gorriz_2023,network,0.616028,0.592031,0.639327,20,0.724625,0.705221,0.744971,20,0.0411216,0.0221039,0.0602224,20,0.724625,0.705221,0.744971,20,20,0,0
recipe:berners_lee_2022,recipe:igata_2021,network,0.212977,0.202371,0.223968,20,0.700607,0.683002,0.719619,20,0.0479112,0.042138,0.0533292,20,0.700607,0.683002,0.719619,20,20,0,0
recipe:berners_lee_2022,recipe:igata_2021_ripples,network,0.119293,0.114709,0.123877,20,0.671491,0.653443,0.689019,20,0.00538896,0.00380156,0.00704335,20,0.671491,0.653443,0.689019,20,20,0,0
recipe:berners_lee_2022,recipe:jadhav_2016,network,0.449182,0.427979,0.470914,20,0.572381,0.551142,0.596722,20,0.0468376,0.0322279,0.0608998,20,0.579389,0.555469,0.606516,20,20,0,0
recipe:berners_lee_2022,recipe:ji_2007,network,0.663721,0.625879,0.69585,20,0.774204,0.733119,0.80796,20,0.167166,0.126071,0.210034,20,0.774204,0.733119,0.80796,20,20,0,0
recipe:berners_lee_2022,recipe:ji_2007_ripples,network,0.00440229,0.00216794,0.00671453,20,0.00579037,0.00286785,0.00877242,20,0,0,0,20,0.00579037,0.00286785,0.00877242,20,20,0,0
recipe:berners_lee_2022,recipe:kaefer_2020,network,0.0111008,0.00701869,0.015185,20,0.0139521,0.0087907,0.0190682,20,0,0,0,20,0.0139521,0.0087907,0.0190682,20,20,0,0
recipe:berners_lee_2022,recipe:karlsson_2009,network,0.480421,0.460383,0.500699,20,0.640501,0.62057,0.662277,20,0.0472466,0.0341373,0.0595127,20,0.641566,0.621472,0.663723,20,20,0,0
recipe:berners_lee_2022,recipe:krause_2022,network,0.525983,0.503238,0.548672,20,0.652621,0.632577,0.672671,20,0,0,0,20,0.652621,0.632577,0.672671,20,20,0,0
recipe:berners_lee_2022,recipe:krause_2022_hse,network,0.650533,0.630412,0.668401,20,0.780231,0.762357,0.797966,20,0.244187,0.208153,0.284434,20,0.780231,0.762357,0.797966,20,20,0,0
recipe:berners_lee_2022,recipe:kudrimoti_1999,network,0.0284875,0.022781,0.0342344,20,0.0346784,0.0276396,0.0418284,20,0,0,0,20,0.0346784,0.0276396,0.0418284,20,20,0,0
recipe:berners_lee_2022,recipe:lee_2002,network,0.0514126,0.0497827,0.0530323,20,0.632219,0.611052,0.65454,20,0.00763973,0.00649087,0.00873773,20,0.630032,0.607908,0.653136,20,20,0,0
recipe:berners_lee_2022,recipe:lee_2002_ripples,network,0.0848315,0.0725883,0.097566,20,0.110886,0.0966156,0.126206,20,0.0109677,0.00217391,0.0231666,20,0.110886,0.0966156,0.126206,20,20,0,0
recipe:berners_lee_2022,recipe:liu_2019,network,0.10409,0.10017,0.108183,20,0.568207,0.54882,0.58939,20,0.017832,0.0147274,0.0209654,20,0.56426,0.546433,0.584164,20,20,0,0
recipe:berners_lee_2022,recipe:liu_2019_awake,network,0.10409,0.10017,0.108183,20,0.568207,0.54882,0.58939,20,0.017832,0.0147274,0.0209654,20,0.56426,0.546433,0.584164,20,20,0,0
recipe:berners_lee_2022,recipe:liu_2023,network,0.469196,0.438068,0.50171,20,0.557753,0.525719,0.589954,20,0,0,0,20,0.557753,0.525719,0.589954,20,20,0,0
recipe:berners_lee_2022,recipe:maboudi_2018,network,0.674041,0.650396,0.694485,20,0.78871,0.769872,0.807032,20,0.264996,0.222573,0.314574,20,0.78871,0.769872,0.807032,20,20,0,0
recipe:berners_lee_2022,recipe:maboudi_2018_open_field,network,0.480079,0.458911,0.503353,20,0.676971,0.656963,0.700185,20,0.0549735,0.0397013,0.0725012,20,0.676971,0.656963,0.700185,20,20,0,0
recipe:berners_lee_2022,recipe:mallory_2025,network,0.449965,0.428803,0.471627,20,0.667197,0.647279,0.689153,20,0.0760443,0.0618452,0.0910752,20,0.669047,0.649004,0.690168,20,20,0,0
recipe:berners_lee_2022,recipe:mallory_2025_ripples,network,0.470854,0.446692,0.494579,20,0.629865,0.608469,0.652438,20,0.0243446,0.0114103,0.0399506,20,0.629865,0.608469,0.652438,20,20,0,0
recipe:berners_lee_2022,recipe:michon_2019,network,0.31628,0.296668,0.335828,20,0.380437,0.355248,0.403408,20,0,0,0,20,0.380437,0.355248,0.403408,20,20,0,0
recipe:berners_lee_2022,recipe:michon_2021,network,0.31628,0.296668,0.335828,20,0.380437,0.355248,0.403408,20,0,0,0,20,0.380437,0.355248,0.403408,20,20,0,0
recipe:berners_lee_2022,recipe:mou_2022,network,0.492904,0.430715,0.555684,20,0.744029,0.716742,0.771006,20,0.127404,0.103413,0.152915,20,0.741535,0.712969,0.770039,20,20,0,0
recipe:berners_lee_2022,recipe:muessig_2019,network,0.139278,0.125551,0.152796,20,0.16738,0.152759,0.181684,20,0,0,0,20,0.16738,0.152759,0.181684,20,20,0,0
recipe:berners_lee_2022,recipe:muessig_2019_ripples,network,0.0264266,0.0250611,0.0277493,20,0.63734,0.617373,0.657394,20,0.00187689,0.00150634,0.00228172,20,0.645655,0.625128,0.666169,20,20,0,0
recipe:berners_lee_2022,recipe:nadasdy_1999,network,0.334968,0.31613,0.353532,20,0.443009,0.420389,0.465562,20,0,0,0,20,0.445874,0.422199,0.468825,20,20,0,0
recipe:berners_lee_2022,recipe:olafsdottir_2015,network,0.406141,0.386432,0.428407,20,0.650994,0.626162,0.676524,20,0.0184436,0.0112587,0.0255406,20,0.650994,0.626162,0.676524,20,20,0,0
recipe:berners_lee_2022,recipe:olafsdottir_2015.bayesian_candidates,network,0.462343,0.438212,0.48899,20,0.631877,0.602702,0.662044,20,0.0130679,0.00364583,0.025662,20,0.631877,0.602702,0.662044,20,20,0,0
recipe:berners_lee_2022,recipe:olafsdottir_2016,network,0.48246,0.454566,0.51127,20,0.596891,0.569213,0.626957,20,0.00540936,0,0.0134503,20,0.596891,0.569213,0.626957,20,20,0,0
recipe:berners_lee_2022,recipe:olafsdottir_2017,network,0.337815,0.319884,0.355642,20,0.671997,0.651853,0.693051,20,0.0337634,0.026648,0.0407854,20,0.673025,0.652656,0.694493,20,20,0,0
recipe:berners_lee_2022,recipe:olafsdottir_2017.trajectory,network,0.489285,0.461524,0.51726,20,0.596891,0.569213,0.626957,20,0.00606618,0,0.0150735,20,0.596891,0.569213,0.626957,20,20,0,0
recipe:berners_lee_2022,recipe:pfeiffer_2013,network,0.480079,0.458911,0.503353,20,0.676971,0.656963,0.700185,20,0.0549735,0.0397013,0.0725012,20,0.676971,0.656963,0.700185,20,20,0,0
recipe:berners_lee_2022,recipe:pfeiffer_2013_ripples,network,0.506835,0.486048,0.527,20,0.644481,0.625418,0.663022,20,0.00217391,0,0.00652174,20,0.644481,0.625418,0.663022,20,20,0,0
recipe:berners_lee_2022,recipe:pfeiffer_2015,network,0.507462,0.486982,0.527211,20,0.644481,0.625418,0.663022,20,0.00217391,0,0.00652174,20,0.644481,0.625418,0.663022,20,20,0,0
recipe:berners_lee_2022,recipe:shin_2019,network,0.478943,0.458807,0.499108,20,0.640501,0.62057,0.662277,20,0.046694,0.0338297,0.0588673,20,0.641566,0.621472,0.663723,20,20,0,0
recipe:berners_lee_2022,recipe:silva_2015,network,0.528395,0.49732,0.56314,20,0.680019,0.648774,0.714131,20,0.0544355,0.0393779,0.0699106,20,0.680019,0.648774,0.714131,20,20,0,0
recipe:berners_lee_2022,recipe:stella_2019,network,0.361556,0.34847,0.375451,20,0.564692,0.546141,0.584799,20,0.0262996,0.0179525,0.0348424,20,0.567797,0.549668,0.587152,20,20,0,0
recipe:berners_lee_2022,recipe:tang_2017,network,0.478943,0.458807,0.499108,20,0.640501,0.62057,0.662277,20,0.046694,0.0338297,0.0588673,20,0.641566,0.621472,0.663723,20,20,0,0
recipe:berners_lee_2022,recipe:tirole_2022,network,0.616028,0.592031,0.639327,20,0.724625,0.705221,0.744971,20,0.0411216,0.0221039,0.0602224,20,0.724625,0.705221,0.744971,20,20,0,0
recipe:berners_lee_2022,recipe:widloski_2025,network,0.445461,0.42194,0.472773,20,0.575264,0.546148,0.608623,20,0.00208333,0,0.00625,20,0.569125,0.53753,0.604449,20,20,0,0
recipe:berners_lee_2022,recipe:widloski_2025_bursts,network,0.603623,0.57548,0.631562,20,0.71164,0.68436,0.739658,20,0.0526793,0.0284671,0.0789097,20,0.706665,0.678459,0.734667,20,20,0,0
recipe:berners_lee_2022,recipe:wikenheiser_2013,network,0.0808639,0.0775951,0.0840786,20,0.604657,0.586345,0.624615,20,0.0124643,0.0107113,0.0143045,20,0.602358,0.584496,0.621869,20,20,0,0
recipe:berners_lee_2022,recipe:wu_2014,network,0.196941,0.185573,0.208427,20,0.672618,0.654195,0.691212,20,0.0223067,0.0189071,0.0257725,20,0.675413,0.656766,0.694243,20,20,0,0
recipe:berners_lee_2022,recipe:wu_2017,network,0.50334,0.483063,0.524278,20,0.617714,0.59078,0.647299,20,0.0734884,0.0495346,0.0993243,20,0.618703,0.592497,0.647933,20,20,0,0
recipe:berners_lee_2022,recipe:xu_2019,network,0.465907,0.440766,0.490791,20,0.674938,0.655194,0.695282,20,0.0678554,0.0512754,0.0856755,20,0.675923,0.656941,0.696311,20,20,0,0
recipe:berners_lee_2022,recipe:yamamoto_2017,network,0.467509,0.447787,0.489003,20,0.634988,0.618402,0.65224,20,0.0219174,0.0115468,0.033533,20,0.63597,0.618815,0.654074,20,20,0,0
recipe:berners_lee_2022,recipe:yang_2024,network,0.430831,0.411185,0.452914,20,0.508433,0.48623,0.532504,20,0.0160714,0.003125,0.032154,20,0.508433,0.48623,0.532504,20,20,0,0
recipe:bhattarai_2020,recipe:bhattarai_2020_ripples,network,0.868748,0.850331,0.889202,20,0.874758,0.85889,0.893005,20,0.602564,0.371759,0.833333,13,0.869082,0.852253,0.88834,20,20,0,0
recipe:bhattarai_2020,recipe:bush_2022,network,0.48262,0.456172,0.509333,20,0.547716,0.518248,0.577112,20,0.00916667,0,0.0233333,20,0.54774,0.518627,0.577063,20,20,0,0
recipe:bhattarai_2020,recipe:carey_2019,network,0.193426,0.175964,0.211508,20,0.44001,0.418537,0.462434,20,0.0016713,0.000597148,0.00305418,20,0.43915,0.418199,0.461477,20,20,0,0
recipe:bhattarai_2020,recipe:carr_2012,network,0.455992,0.432596,0.481029,20,0.573908,0.546225,0.601235,20,0.0215439,0.00896916,0.0355403,20,0.574302,0.548568,0.599735,20,20,0,0
recipe:bhattarai_2020,recipe:chenani_2019,network,0.504076,0.475243,0.532668,20,0.564234,0.531569,0.597332,20,0,0,0,20,0.560468,0.527666,0.592544,20,20,0,0
recipe:bhattarai_2020,recipe:davidson_2009,network,0.358396,0.339559,0.378685,20,0.468607,0.44603,0.493122,20,0,0,0,20,0.466023,0.443603,0.490766,20,20,0,0
recipe:bhattarai_2020,recipe:denovellis_2021,network,0.377008,0.36015,0.393701,20,0.517828,0.493225,0.542585,20,0.0146069,0.00620571,0.0250697,20,0.522035,0.500212,0.544425,20,20,0,0
recipe:bhattarai_2020,recipe:denovellis_2021_mua,network,0.147136,0.138115,0.156194,20,0.427934,0.406191,0.450708,20,0.000500801,0,0.00126202,20,0.425705,0.403784,0.448616,20,20,0,0
recipe:bhattarai_2020,recipe:diba_2007,network,0.372933,0.34268,0.401432,20,0.38133,0.350606,0.411755,20,0,0,0,13,0.38133,0.350606,0.411755,20,20,0,0
recipe:bhattarai_2020,recipe:drieu_2018,network,0.250222,0.235142,0.265286,20,0.511986,0.487549,0.536421,20,0.00260101,0.000581228,0.00520203,20,0.510681,0.487448,0.533607,20,20,0,0
recipe:bhattarai_2020,recipe:farooq_2019_neuron,network,0.358812,0.323326,0.393149,20,0.364747,0.329432,0.398269,20,0,0,0,11,0.366523,0.33139,0.400863,20,20,0,0
recipe:bhattarai_2020,recipe:farooq_2019_science,network,0.360649,0.324853,0.395496,20,0.366348,0.330463,0.400549,20,0,0,0,11,0.368154,0.332612,0.403432,20,20,0,0
recipe:bhattarai_2020,recipe:farooq_2019_science_awake,network,0.360649,0.324853,0.395496,20,0.366348,0.330463,0.400549,20,0,0,0,11,0.368154,0.332612,0.403432,20,20,0,0
recipe:bhattarai_2020,recipe:foster_2006,network,0.223719,0.191566,0.254242,20,0.22809,0.195399,0.259417,20,0,0,0,11,0.225793,0.192224,0.25894,20,20,0,0
recipe:bhattarai_2020,recipe:foster_2006_ripples,network,0.12612,0.111437,0.141468,20,0.144345,0.12606,0.16193,20,0.0434547,0.0229787,0.065723,20,0.155446,0.132483,0.179748,20,20,0,0
recipe:bhattarai_2020,recipe:gillespie_2021,network,0.372496,0.353754,0.390845,20,0.517335,0.492936,0.542932,20,0.013957,0.00592482,0.0240382,20,0.520717,0.498133,0.543958,20,20,0,0
recipe:bhattarai_2020,recipe:gillespie_2021_mua,network,0.363911,0.344542,0.384284,20,0.473944,0.450714,0.497627,20,0,0,0,20,0.471331,0.448804,0.495191,20,20,0,0
recipe:bhattarai_2020,recipe:gridchyn_2020,network,0.0763278,0.0722265,0.0800445,20,0.427275,0.40847,0.445794,20,0.000341946,0,0.000911682,20,0.429495,0.410855,0.448294,20,20,0,0
recipe:bhattarai_2020,recipe:grosmark_2016,network,0.620799,0.596245,0.643619,20,0.634643,0.609204,0.657822,20,0,0,0,14,0.630001,0.605891,0.652482,20,20,0,0
recipe:bhattarai_2020,recipe:gupta_2010,network,0.0441533,0.0409295,0.0470546,20,0.432423,0.408188,0.457121,20,0.000932685,0.000532347,0.0013845,20,0.440581,0.417771,0.464827,20,20,0,0
recipe:bhattarai_2020,recipe:harvey_2023_code,network,0.494315,0.465922,0.52422,20,0.516721,0.485709,0.549803,20,0,0,0,17,0.542047,0.515683,0.569709,20,20,0,0
recipe:bhattarai_2020,recipe:harvey_2023_no_radiatum,network,0.32535,0.30547,0.34659,20,0.569642,0.550048,0.589565,20,0.00494194,0.000746269,0.0102686,20,0.575488,0.555708,0.595318,20,20,0,0
recipe:bhattarai_2020,recipe:harvey_2023_text,network,0.463862,0.440806,0.486578,20,0.558434,0.531468,0.585097,20,0.0106444,0,0.0239233,20,0.590614,0.566473,0.612616,20,20,0,0
recipe:bhattarai_2020,recipe:huelin_gorriz_2023,network,0.595557,0.566466,0.624969,20,0.611595,0.580988,0.643919,20,0,0,0,19,0.607266,0.578278,0.638635,20,20,0,0
recipe:bhattarai_2020,recipe:igata_2021,network,0.107742,0.100259,0.115445,20,0.426541,0.404471,0.449619,20,0.000344156,0,0.00087013,20,0.42433,0.40243,0.447593,20,20,0,0
recipe:bhattarai_2020,recipe:igata_2021_ripples,network,0.0840761,0.0799364,0.0877292,20,0.508187,0.486223,0.528962,20,0.00202312,0.0010564,0.00314104,20,0.510826,0.489759,0.531151,20,20,0,0
recipe:bhattarai_2020,recipe:jadhav_2016,network,0.454266,0.426603,0.481819,20,0.53609,0.505034,0.56586,20,0.0277287,0.00954545,0.0487391,20,0.537712,0.508147,0.565996,20,20,0,0
recipe:bhattarai_2020,recipe:ji_2007,network,0.44534,0.422182,0.469835,20,0.49088,0.46676,0.515279,20,0,0,0,19,0.495987,0.473674,0.519105,20,20,0,0
recipe:bhattarai_2020,recipe:ji_2007_ripples,network,0.0185563,0.0112744,0.0270358,20,0.0135532,0.00691911,0.0207472,20,0.0413889,0.01625,0.0727847,20,0.0135532,0.00691911,0.0207472,20,20,0,0
recipe:bhattarai_2020,recipe:kaefer_2020,network,0.0286385,0.019479,0.0387361,20,0.0245474,0.0144183,0.0350962,20,0.0641667,0.0166667,0.126708,20,0.0258987,0.0161349,0.0359801,20,20,0,0
recipe:bhattarai_2020,recipe:karlsson_2009,network,0.457904,0.434363,0.482756,20,0.573908,0.546225,0.601235,20,0.0219687,0.00917749,0.036324,20,0.574302,0.548568,0.599735,20,20,0,0
recipe:bhattarai_2020,recipe:krause_2022,network,0.540306,0.514391,0.567044,20,0.586448,0.562676,0.612353,20,0.0691288,0.03125,0.116667,20,0.58381,0.561242,0.608017,20,20,0,0
recipe:bhattarai_2020,recipe:krause_2022_hse,network,0.384812,0.365264,0.404129,20,0.478059,0.455373,0.501051,20,0,0,0,20,0.474449,0.452575,0.497716,20,20,0,0
recipe:bhattarai_2020,recipe:kudrimoti_1999,network,0.0395404,0.0286032,0.0512129,20,0.0405917,0.0293657,0.052517,20,0,0,0,15,0.0457987,0.0361986,0.0562685,20,20,0,0
recipe:bhattarai_2020,recipe:lee_2002,network,0.028104,0.0265272,0.0295843,20,0.400953,0.380115,0.421778,20,0.000526512,0.000263977,0.000835197,20,0.397278,0.377467,0.417196,20,20,0,0
recipe:bhattarai_2020,recipe:lee_2002_ripples,network,0.12612,0.111437,0.141468,20,0.144345,0.12606,0.16193,20,0.0434547,0.0229787,0.065723,20,0.155446,0.132483,0.179748,20,20,0,0
recipe:bhattarai_2020,recipe:liu_2019,network,0.0562047,0.0527754,0.0593416,20,0.365526,0.346121,0.38425,20,0.00092808,0.000375983,0.00157715,20,0.352361,0.333053,0.372931,20,20,0,0
recipe:bhattarai_2020,recipe:liu_2019_awake,network,0.0562047,0.0527754,0.0593416,20,0.365526,0.346121,0.38425,20,0.00092808,0.000375983,0.00157715,20,0.352361,0.333053,0.372931,20,20,0,0
recipe:bhattarai_2020,recipe:liu_2023,network,0.528053,0.496456,0.557915,20,0.535647,0.503379,0.567223,20,0.0277778,0,0.0888889,12,0.532741,0.500817,0.563713,20,20,0,0
recipe:bhattarai_2020,recipe:maboudi_2018,network,0.409873,0.388797,0.429877,20,0.490539,0.465804,0.514802,20,0,0,0,20,0.486731,0.463082,0.511108,20,20,0,0
recipe:bhattarai_2020,recipe:maboudi_2018_open_field,network,0.376454,0.35614,0.396198,20,0.517267,0.489655,0.544018,20,0.00138889,0,0.00416667,20,0.516149,0.48824,0.542917,20,20,0,0
recipe:bhattarai_2020,recipe:mallory_2025,network,0.330184,0.312379,0.34797,20,0.506686,0.479776,0.533876,20,0.00104167,0,0.003125,20,0.5056,0.479153,0.533017,20,20,0,0
recipe:bhattarai_2020,recipe:mallory_2025_ripples,network,0.47601,0.452964,0.498444,20,0.586128,0.559703,0.613343,20,0.0282807,0.013368,0.0458902,20,0.583623,0.558351,0.610044,20,20,0,0
recipe:bhattarai_2020,recipe:michon_2019,network,0.484987,0.460849,0.508695,20,0.493789,0.469575,0.517994,20,0,0,0,11,0.489229,0.463369,0.514652,20,20,0,0
recipe:bhattarai_2020,recipe:michon_2021,network,0.484987,0.460849,0.508695,20,0.493789,0.469575,0.517994,20,0,0,0,11,0.489229,0.463369,0.514652,20,20,0,0
recipe:bhattarai_2020,recipe:mou_2022,network,0.285518,0.238937,0.332828,20,0.45926,0.433352,0.487359,20,0,0,0,20,0.453396,0.425179,0.483038,20,20,0,0
recipe:bhattarai_2020,recipe:muessig_2019,network,0.197831,0.172944,0.225148,20,0.202166,0.176523,0.231513,20,0,0,0,11,0.203684,0.177463,0.23207,20,20,0,0
recipe:bhattarai_2020,recipe:muessig_2019_ripples,network,0.0173211,0.0164018,0.0181633,20,0.483044,0.460297,0.507966,20,0.000377796,0.000220059,0.000575671,20,0.482027,0.459795,0.505275,20,20,0,0
recipe:bhattarai_2020,recipe:nadasdy_1999,network,0.483185,0.461055,0.507864,20,0.568243,0.547493,0.591763,20,0.0427895,0.0122064,0.0827213,20,0.586207,0.562994,0.613284,20,20,0,0
recipe:bhattarai_2020,recipe:olafsdottir_2015,network,0.349784,0.32064,0.380456,20,0.536512,0.505642,0.567524,20,0.00702305,0,0.015447,20,0.538561,0.507787,0.569199,20,20,0,0
recipe:bhattarai_2020,recipe:olafsdottir_2015.bayesian_candidates,network,0.427314,0.399316,0.456544,20,0.53123,0.505997,0.556037,20,0.0125,0,0.03125,20,0.533346,0.50964,0.556783,20,20,0,0
recipe:bhattarai_2020,recipe:olafsdottir_2016,network,0.502836,0.470386,0.534341,20,0.548073,0.516288,0.578391,20,0,0,0,20,0.550412,0.519397,0.581455,20,20,0,0
recipe:bhattarai_2020,recipe:olafsdottir_2017,network,0.243664,0.230021,0.257568,20,0.506585,0.480215,0.534835,20,0.00132151,0,0.00334724,20,0.513155,0.488819,0.538056,20,20,0,0
recipe:bhattarai_2020,recipe:olafsdottir_2017.trajectory,network,0.512646,0.480719,0.543227,20,0.548073,0.516288,0.578391,20,0,0,0,20,0.550412,0.519397,0.581455,20,20,0,0
recipe:bhattarai_2020,recipe:pfeiffer_2013,network,0.376454,0.35614,0.396198,20,0.517267,0.489655,0.544018,20,0.00138889,0,0.00416667,20,0.516149,0.48824,0.542917,20,20,0,0
recipe:bhattarai_2020,recipe:pfeiffer_2013_ripples,network,0.493848,0.469032,0.518664,20,0.556718,0.532018,0.580692,20,0.0475552,0.0204004,0.0847988,20,0.5543,0.530696,0.576859,20,20,0,0
recipe:bhattarai_2020,recipe:pfeiffer_2015,network,0.494697,0.470531,0.519271,20,0.556718,0.532018,0.580692,20,0.0478757,0.0204004,0.0849801,20,0.5543,0.530696,0.576859,20,20,0,0
recipe:bhattarai_2020,recipe:shin_2019,network,0.455992,0.432596,0.481029,20,0.573908,0.546225,0.601235,20,0.0215439,0.00896916,0.0355403,20,0.574302,0.548568,0.599735,20,20,0,0
recipe:bhattarai_2020,recipe:silva_2015,network,0.416491,0.390892,0.441316,20,0.497146,0.469995,0.5222,20,0,0,0,20,0.495992,0.468904,0.521372,20,20,0,0
recipe:bhattarai_2020,recipe:stella_2019,network,0.378649,0.36105,0.39699,20,0.585484,0.560384,0.61022,20,0.0114374,0.00459329,0.0195374,20,0.612671,0.590737,0.634715,20,20,0,0
recipe:bhattarai_2020,recipe:tang_2017,network,0.455992,0.432596,0.481029,20,0.573908,0.546225,0.601235,20,0.0215439,0.00896916,0.0355403,20,0.574302,0.548568,0.599735,20,20,0,0
recipe:bhattarai_2020,recipe:tirole_2022,network,0.595557,0.566466,0.624969,20,0.611595,0.580988,0.643919,20,0,0,0,19,0.607266,0.578278,0.638635,20,20,0,0
recipe:bhattarai_2020,recipe:widloski_2025,network,0.567979,0.544263,0.591232,20,0.653135,0.630799,0.675629,20,0.0551178,0.027195,0.086429,20,0.62426,0.602164,0.647541,20,20,0,0
recipe:bhattarai_2020,recipe:widloski_2025_bursts,network,0.498943,0.471085,0.526165,20,0.515227,0.487211,0.54231,20,0,0,0,17,0.485627,0.463636,0.506245,20,20,0,0
recipe:bhattarai_2020,recipe:wikenheiser_2013,network,0.0443339,0.0413967,0.0469985,20,0.386536,0.367578,0.406813,20,0.000701463,0.000314895,0.00115377,20,0.376784,0.358691,0.395446,20,20,0,0
recipe:bhattarai_2020,recipe:wu_2014,network,0.12448,0.116275,0.133089,20,0.4703,0.448693,0.492659,20,0.00164973,0.000652467,0.00273508,20,0.467669,0.446316,0.489494,20,20,0,0
recipe:bhattarai_2020,recipe:wu_2017,network,0.417859,0.392815,0.441527,20,0.46848,0.442789,0.49718,20,0,0,0,20,0.472791,0.446732,0.502042,20,20,0,0
recipe:bhattarai_2020,recipe:xu_2019,network,0.34693,0.326408,0.367511,20,0.506587,0.480566,0.531836,20,0,0,0,20,0.503607,0.478592,0.528163,20,20,0,0
recipe:bhattarai_2020,recipe:yamamoto_2017,network,0.432364,0.407188,0.458071,20,0.536762,0.506366,0.567382,20,0.00527778,0,0.0133333,20,0.56193,0.53669,0.586819,20,20,0,0
recipe:bhattarai_2020,recipe:yang_2024,network,0.620799,0.596245,0.643619,20,0.634643,0.609204,0.657822,20,0,0,0,14,0.630001,0.605891,0.652482,20,20,0,0
recipe:bhattarai_2020_ripples,recipe:bush_2022,network,0.550286,0.524828,0.575527,20,0.621956,0.596324,0.646093,20,0.00916667,0,0.0233333,20,0.620763,0.595946,0.645,20,20,0,0
recipe:bhattarai_2020_ripples,recipe:carey_2019,network,0.222725,0.202683,0.243444,20,0.503557,0.481762,0.524832,20,0.00273836,0.000935143,0.00475489,20,0.503557,0.481762,0.524832,20,20,0,0
recipe:bhattarai_2020_ripples,recipe:carr_2012,network,0.522774,0.50141,0.545639,20,0.657124,0.628687,0.683932,20,0.0287831,0.0157244,0.0431327,20,0.659672,0.629963,0.687921,20,20,0,0
recipe:bhattarai_2020_ripples,recipe:chenani_2019,network,0.57765,0.54772,0.607448,20,0.644327,0.612046,0.67579,20,0,0,0,20,0.642981,0.611161,0.673702,20,20,0,0
recipe:bhattarai_2020_ripples,recipe:davidson_2009,network,0.41051,0.387579,0.43491,20,0.535174,0.508238,0.562549,20,0,0,0,20,0.535174,0.508238,0.562549,20,20,0,0
recipe:bhattarai_2020_ripples,recipe:denovellis_2021,network,0.432853,0.415712,0.448423,20,0.593564,0.570992,0.615951,20,0.0181405,0.0100118,0.0273088,20,0.599072,0.574847,0.62375,20,20,0,0
recipe:bhattarai_2020_ripples,recipe:denovellis_2021_mua,network,0.168095,0.158304,0.17823,20,0.488394,0.465519,0.511924,20,0.000490385,0,0.00123077,20,0.488394,0.465519,0.511924,20,20,0,0
recipe:bhattarai_2020_ripples,recipe:diba_2007,network,0.336283,0.30938,0.364003,20,0.341893,0.314573,0.369407,20,0,0,0,15,0.33948,0.310794,0.367825,20,20,0,0
recipe:bhattarai_2020_ripples,recipe:drieu_2018,network,0.286116,0.269124,0.302385,20,0.586227,0.561221,0.610733,20,0.00105309,0,0.00268758,20,0.586227,0.561221,0.610733,20,20,0,0
recipe:bhattarai_2020_ripples,recipe:farooq_2019_neuron,network,0.393875,0.361552,0.424052,20,0.398893,0.367421,0.428619,20,0,0,0,12,0.397664,0.366807,0.427484,20,20,0,0
recipe:bhattarai_2020_ripples,recipe:farooq_2019_science,network,0.395769,0.363563,0.426719,20,0.400535,0.368939,0.431241,20,0,0,0,12,0.399279,0.367832,0.429477,20,20,0,0
recipe:bhattarai_2020_ripples,recipe:farooq_2019_science_awake,network,0.395769,0.363563,0.426719,20,0.400535,0.368939,0.431241,20,0,0,0,12,0.399279,0.367832,0.429477,20,20,0,0
recipe:bhattarai_2020_ripples,recipe:foster_2006,network,0.228974,0.198573,0.256536,20,0.232238,0.20131,0.260666,20,0,0,0,12,0.232238,0.20131,0.260666,20,20,0,0
recipe:bhattarai_2020_ripples,recipe:foster_2006_ripples,network,0.149242,0.132391,0.165972,20,0.163496,0.142513,0.18452,20,0.0666492,0.0408955,0.0926544,20,0.163496,0.142513,0.18452,20,20,0,0
recipe:bhattarai_2020_ripples,recipe:gillespie_2021,network,0.427655,0.40804,0.446864,20,0.592176,0.568166,0.616116,20,0.0169104,0.00932763,0.025351,20,0.59764,0.572242,0.623566,20,20,0,0
recipe:bhattarai_2020_ripples,recipe:gillespie_2021_mua,network,0.417027,0.39443,0.441206,20,0.541808,0.516142,0.568275,20,0,0,0,20,0.541808,0.516142,0.568275,20,20,0,0
recipe:bhattarai_2020_ripples,recipe:gridchyn_2020,network,0.0855476,0.0813689,0.0896776,20,0.486124,0.465772,0.506526,20,0.000227532,0,0.000569217,20,0.492882,0.472014,0.51439,20,20,0,0
recipe:bhattarai_2020_ripples,recipe:grosmark_2016,network,0.690855,0.664898,0.713658,20,0.703514,0.679668,0.724918,20,0,0,0,15,0.701907,0.678638,0.723909,20,20,0,0
recipe:bhattarai_2020_ripples,recipe:gupta_2010,network,0.0488542,0.045661,0.0519326,20,0.490516,0.468472,0.513735,20,0.000849359,0.000525192,0.00118252,20,0.496702,0.474427,0.51896,20,20,0,0
recipe:bhattarai_2020_ripples,recipe:harvey_2023_code,network,0.572075,0.540805,0.603775,20,0.596441,0.564144,0.628082,20,0,0,0,18,0.605377,0.57294,0.637166,20,20,0,0
recipe:bhattarai_2020_ripples,recipe:harvey_2023_no_radiatum,network,0.37526,0.350638,0.401259,20,0.658341,0.63571,0.681856,20,0.00578599,0.00159373,0.0110435,20,0.656921,0.635102,0.6802,20,20,0,0
recipe:bhattarai_2020_ripples,recipe:harvey_2023_text,network,0.532278,0.507302,0.556182,20,0.653961,0.626645,0.679495,20,0.00679825,0,0.0177632,20,0.653961,0.626645,0.679495,20,20,0,0
recipe:bhattarai_2020_ripples,recipe:huelin_gorriz_2023,network,0.682113,0.650635,0.71132,20,0.697993,0.666447,0.727063,20,0,0,0,18,0.696538,0.665461,0.725827,20,20,0,0
recipe:bhattarai_2020_ripples,recipe:igata_2021,network,0.123102,0.114394,0.131797,20,0.486756,0.463408,0.51052,20,0.000310706,0,0.000783749,20,0.486756,0.463408,0.51052,20,20,0,0
recipe:bhattarai_2020_ripples,recipe:igata_2021_ripples,network,0.0955395,0.0917562,0.0990838,20,0.58486,0.561631,0.607626,20,0.00164769,0.00101609,0.00231797,20,0.585874,0.562445,0.608301,20,20,0,0
recipe:bhattarai_2020_ripples,recipe:jadhav_2016,network,0.506219,0.481609,0.530987,20,0.595202,0.565301,0.622752,20,0.0382351,0.0188437,0.0591438,20,0.600783,0.568342,0.631465,20,20,0,0
recipe:bhattarai_2020_ripples,recipe:ji_2007,network,0.515738,0.493285,0.538106,20,0.567268,0.546203,0.589746,20,0,0,0,19,0.567268,0.546203,0.589746,20,20,0,0
recipe:bhattarai_2020_ripples,recipe:ji_2007_ripples,network,0.0221837,0.0146947,0.0305721,20,0.0118989,0.00609908,0.0182676,20,0.0760714,0.0376786,0.119835,20,0.0118989,0.00609908,0.0182676,20,20,0,0
recipe:bhattarai_2020_ripples,recipe:kaefer_2020,network,0.0294076,0.0224153,0.0374058,20,0.0227756,0.0140608,0.0318517,20,0.105833,0.0416667,0.180833,20,0.0227756,0.0140608,0.0318517,20,20,0,0
recipe:bhattarai_2020_ripples,recipe:karlsson_2009,network,0.525017,0.503404,0.548416,20,0.657124,0.628687,0.683932,20,0.0294548,0.0161796,0.0440991,20,0.659672,0.629963,0.687921,20,20,0,0
recipe:bhattarai_2020_ripples,recipe:krause_2022,network,0.620427,0.595925,0.645186,20,0.670374,0.646319,0.693662,20,0.0895455,0.0437121,0.141212,20,0.668912,0.645805,0.691365,20,20,0,0
recipe:bhattarai_2020_ripples,recipe:krause_2022_hse,network,0.438352,0.416806,0.459758,20,0.544216,0.519196,0.569373,20,0,0,0,20,0.543242,0.518563,0.568417,20,20,0,0
recipe:bhattarai_2020_ripples,recipe:kudrimoti_1999,network,0.0520401,0.0412075,0.0629218,20,0.0504682,0.0403881,0.0610195,20,0.133333,0,0.333333,15,0.0504682,0.0403881,0.0610195,20,20,0,0
recipe:bhattarai_2020_ripples,recipe:lee_2002,network,0.0316079,0.0300714,0.033067,20,0.456361,0.434098,0.477783,20,0.0004126,0.000224767,0.000630406,20,0.453302,0.431541,0.474314,20,20,0,0
recipe:bhattarai_2020_ripples,recipe:lee_2002_ripples,network,0.149242,0.132391,0.165972,20,0.163496,0.142513,0.18452,20,0.0666492,0.0408955,0.0926544,20,0.163496,0.142513,0.18452,20,20,0,0
recipe:bhattarai_2020_ripples,recipe:liu_2019,network,0.0635985,0.0600774,0.0668606,20,0.41359,0.392909,0.433248,20,0.000932697,0.000471469,0.00147556,20,0.402769,0.381169,0.422636,20,20,0,0
recipe:bhattarai_2020_ripples,recipe:liu_2019_awake,network,0.0635985,0.0600774,0.0668606,20,0.41359,0.392909,0.433248,20,0.000932697,0.000471469,0.00147556,20,0.402769,0.381169,0.422636,20,20,0,0
recipe:bhattarai_2020_ripples,recipe:liu_2023,network,0.596461,0.557025,0.631609,20,0.604324,0.565076,0.640353,20,0,0,0,13,0.602717,0.564384,0.637932,20,20,0,0
recipe:bhattarai_2020_ripples,recipe:maboudi_2018,network,0.467213,0.443733,0.49044,20,0.558689,0.531688,0.584311,20,0,0,0,20,0.557672,0.531131,0.583613,20,20,0,0
recipe:bhattarai_2020_ripples,recipe:maboudi_2018_open_field,network,0.431033,0.409409,0.452309,20,0.591572,0.564176,0.616408,20,0.00178571,0,0.00535714,20,0.590392,0.563617,0.615201,20,20,0,0
recipe:bhattarai_2020_ripples,recipe:mallory_2025,network,0.378096,0.359525,0.396524,20,0.580038,0.553904,0.605363,20,0.00104167,0,0.003125,20,0.578894,0.552896,0.603677,20,20,0,0
recipe:bhattarai_2020_ripples,recipe:mallory_2025_ripples,network,0.544777,0.521042,0.569514,20,0.670281,0.641591,0.699545,20,0.0311829,0.0174784,0.0461251,20,0.668755,0.641343,0.696443,20,20,0,0
recipe:bhattarai_2020_ripples,recipe:michon_2019,network,0.515712,0.484269,0.544694,20,0.522917,0.491167,0.553151,20,0,0,0,12,0.522917,0.491167,0.553151,20,20,0,0
recipe:bhattarai_2020_ripples,recipe:michon_2021,network,0.515712,0.484269,0.544694,20,0.522917,0.491167,0.553151,20,0,0,0,12,0.522917,0.491167,0.553151,20,20,0,0
recipe:bhattarai_2020_ripples,recipe:mou_2022,network,0.325676,0.271956,0.378657,20,0.522067,0.492431,0.55154,20,0.000359712,0,0.00107914,20,0.518558,0.486454,0.550325,20,20,0,0
recipe:bhattarai_2020_ripples,recipe:muessig_2019,network,0.208226,0.18537,0.233535,20,0.211503,0.187787,0.238069,20,0,0,0,12,0.211503,0.187787,0.238069,20,20,0,0
recipe:bhattarai_2020_ripples,recipe:muessig_2019_ripples,network,0.019605,0.0187205,0.0204744,20,0.545467,0.520092,0.570513,20,0.000287538,0.00017768,0.00039943,20,0.552098,0.526167,0.577124,20,20,0,0
recipe:bhattarai_2020_ripples,recipe:nadasdy_1999,network,0.535189,0.507823,0.565058,20,0.632338,0.603706,0.662466,20,0.0551265,0.0278614,0.0905913,20,0.632063,0.603465,0.661922,20,20,0,0
recipe:bhattarai_2020_ripples,recipe:olafsdottir_2015,network,0.399346,0.371363,0.430326,20,0.615232,0.586066,0.644296,20,0.00217391,0,0.00652174,20,0.613966,0.585056,0.642492,20,20,0,0
recipe:bhattarai_2020_ripples,recipe:olafsdottir_2015.bayesian_candidates,network,0.489512,0.463715,0.51684,20,0.609634,0.586021,0.63269,20,0,0,0,20,0.608352,0.585301,0.630541,20,20,0,0
recipe:bhattarai_2020_ripples,recipe:olafsdottir_2016,network,0.574466,0.541503,0.604935,20,0.623937,0.594204,0.652152,20,0,0,0,19,0.622562,0.59318,0.650564,20,20,0,0
recipe:bhattarai_2020_ripples,recipe:olafsdottir_2017,network,0.281226,0.268283,0.295164,20,0.588547,0.562781,0.614679,20,0,0,0,20,0.590517,0.565723,0.615367,20,20,0,0
recipe:bhattarai_2020_ripples,recipe:olafsdottir_2017.trajectory,network,0.585693,0.555528,0.614869,20,0.623937,0.594204,0.652152,20,0,0,0,19,0.622562,0.59318,0.650564,20,20,0,0
recipe:bhattarai_2020_ripples,recipe:pfeiffer_2013,network,0.431033,0.409409,0.452309,20,0.591572,0.564176,0.616408,20,0.00178571,0,0.00535714,20,0.590392,0.563617,0.615201,20,20,0,0
recipe:bhattarai_2020_ripples,recipe:pfeiffer_2013_ripples,network,0.566498,0.542829,0.590325,20,0.636229,0.610798,0.660856,20,0.0576376,0.0295933,0.0944253,20,0.636229,0.610798,0.660856,20,20,0,0
recipe:bhattarai_2020_ripples,recipe:pfeiffer_2015,network,0.567493,0.544596,0.591014,20,0.636229,0.610798,0.660856,20,0.0585534,0.0303788,0.0953465,20,0.636229,0.610798,0.660856,20,20,0,0
recipe:bhattarai_2020_ripples,recipe:shin_2019,network,0.522774,0.50141,0.545639,20,0.657124,0.628687,0.683932,20,0.0287831,0.0157244,0.0431327,20,0.659672,0.629963,0.687921,20,20,0,0
recipe:bhattarai_2020_ripples,recipe:silva_2015,network,0.479445,0.454081,0.504038,20,0.570225,0.545452,0.593303,20,0,0,0,20,0.569001,0.544568,0.591586,20,20,0,0
recipe:bhattarai_2020_ripples,recipe:stella_2019,network,0.436639,0.419378,0.454831,20,0.687185,0.659413,0.713434,20,0.015115,0.00810725,0.0234115,20,0.689403,0.662343,0.715128,20,20,0,0
recipe:bhattarai_2020_ripples,recipe:tang_2017,network,0.522774,0.50141,0.545639,20,0.657124,0.628687,0.683932,20,0.0287831,0.0157244,0.0431327,20,0.659672,0.629963,0.687921,20,20,0,0
recipe:bhattarai_2020_ripples,recipe:tirole_2022,network,0.682113,0.650635,0.71132,20,0.697993,0.666447,0.727063,20,0,0,0,18,0.696538,0.665461,0.725827,20,20,0,0
recipe:bhattarai_2020_ripples,recipe:widloski_2025,network,0.638038,0.616527,0.658039,20,0.728668,0.707746,0.74934,20,0.0671386,0.0376286,0.0987514,20,0.707261,0.687974,0.726949,20,20,0,0
recipe:bhattarai_2020_ripples,recipe:widloski_2025_bursts,network,0.561208,0.534887,0.587206,20,0.577373,0.550883,0.60322,20,0,0,0,17,0.555632,0.536155,0.574782,20,20,0,0
recipe:bhattarai_2020_ripples,recipe:wikenheiser_2013,network,0.0499859,0.0472764,0.0525498,20,0.437527,0.41799,0.458329,20,0.000625081,0.000314535,0.000959392,20,0.431058,0.410754,0.451688,20,20,0,0
recipe:bhattarai_2020_ripples,recipe:wu_2014,network,0.140827,0.131786,0.149842,20,0.535071,0.511134,0.558137,20,0.000776737,0,0.00176444,20,0.535071,0.511134,0.558137,20,20,0,0
recipe:bhattarai_2020_ripples,recipe:wu_2017,network,0.477636,0.454794,0.502123,20,0.535936,0.511937,0.564148,20,0,0,0,20,0.535992,0.51247,0.563855,20,20,0,0
recipe:bhattarai_2020_ripples,recipe:xu_2019,network,0.396999,0.374441,0.418612,20,0.578273,0.553138,0.601478,20,0.00121951,0,0.00365854,20,0.57716,0.552236,0.599964,20,20,0,0
recipe:bhattarai_2020_ripples,recipe:yamamoto_2017,network,0.507727,0.482385,0.533675,20,0.633731,0.60684,0.661385,20,0.00277778,0,0.00833333,20,0.640719,0.615842,0.666693,20,20,0,0
recipe:bhattarai_2020_ripples,recipe:yang_2024,network,0.690855,0.664898,0.713658,20,0.703514,0.679668,0.724918,20,0,0,0,15,0.701907,0.678638,0.723909,20,20,0,0
recipe:bush_2022,recipe:carey_2019,network,0.299091,0.269769,0.329841,20,0.663731,0.638752,0.689665,20,0.0242395,0.0152678,0.0372531,20,0.663731,0.638752,0.689665,20,20,0,0
recipe:bush_2022,recipe:carr_2012,network,0.481588,0.457485,0.505682,20,0.637771,0.609734,0.667913,20,0.0125699,0.00537037,0.0211437,20,0.638918,0.610173,0.669459,20,20,0,0
recipe:bush_2022,recipe:chenani_2019,network,0.711485,0.686951,0.736969,20,0.844161,0.823684,0.866716,20,0.0792373,0.0446483,0.116694,20,0.844161,0.823684,0.866716,20,20,0,0
recipe:bush_2022,recipe:davidson_2009,network,0.494351,0.470669,0.518071,20,0.670036,0.648461,0.693387,20,0.0234004,0.0133211,0.0346955,20,0.670036,0.648461,0.693387,20,20,0,0
recipe:bush_2022,recipe:denovellis_2021,network,0.433467,0.412908,0.455554,20,0.625566,0.60044,0.653569,20,0.00610205,0.00207976,0.0114966,20,0.62664,0.601019,0.654673,20,20,0,0
recipe:bush_2022,recipe:denovellis_2021_mua,network,0.232348,0.216438,0.248998,20,0.649383,0.625473,0.674209,20,0.0165916,0.0124945,0.0210167,20,0.649383,0.625473,0.674209,20,20,0,0
recipe:bush_2022,recipe:diba_2007,network,0.350816,0.325862,0.375283,20,0.399519,0.370447,0.428771,20,0.00555556,0,0.0166667,20,0.399519,0.370447,0.428771,20,20,0,0
recipe:bush_2022,recipe:drieu_2018,network,0.39478,0.368274,0.419993,20,0.779474,0.751197,0.807262,20,0.0425617,0.0334046,0.0533083,20,0.780699,0.753729,0.807966,20,20,0,0
recipe:bush_2022,recipe:farooq_2019_neuron,network,0.392614,0.368645,0.415243,20,0.446814,0.418465,0.476017,20,0,0,0,20,0.446814,0.418465,0.476017,20,20,0,0
recipe:bush_2022,recipe:farooq_2019_science,network,0.391103,0.367296,0.413894,20,0.444744,0.416722,0.473906,20,0,0,0,20,0.444744,0.416722,0.473906,20,20,0,0
recipe:bush_2022,recipe:farooq_2019_science_awake,network,0.391103,0.367296,0.413894,20,0.444744,0.416722,0.473906,20,0,0,0,20,0.444744,0.416722,0.473906,20,20,0,0
recipe:bush_2022,recipe:foster_2006,network,0.214042,0.186837,0.240959,20,0.243566,0.211589,0.274194,20,0,0,0,20,0.243566,0.211589,0.274194,20,20,0,0
recipe:bush_2022,recipe:foster_2006_ripples,network,0.0841578,0.0712919,0.0978715,20,0.106278,0.0889851,0.125303,20,0.00734649,0,0.0152522,20,0.109516,0.0923613,0.127676,20,20,0,0
recipe:bush_2022,recipe:gillespie_2021,network,0.429805,0.406374,0.454318,20,0.624306,0.598509,0.652074,20,0.00758702,0.00274436,0.0135604,20,0.62538,0.598935,0.653373,20,20,0,0
recipe:bush_2022,recipe:gillespie_2021_mua,network,0.509394,0.482166,0.537834,20,0.687871,0.662113,0.715507,20,0.0258662,0.0155777,0.0369567,20,0.687871,0.662113,0.715507,20,20,0,0
recipe:bush_2022,recipe:gridchyn_2020,network,0.121729,0.114525,0.128496,20,0.642588,0.61664,0.668505,20,0.00919977,0.00718587,0.0113123,20,0.645323,0.618431,0.671999,20,20,0,0
recipe:bush_2022,recipe:grosmark_2016,network,0.514842,0.48572,0.547436,20,0.57908,0.550146,0.610111,20,0.00416667,0,0.0125,20,0.57908,0.550146,0.610111,20,20,0,0
recipe:bush_2022,recipe:gupta_2010,network,0.0601182,0.0560095,0.064393,20,0.545829,0.523234,0.574337,20,0.00244865,0.00156863,0.00352568,20,0.555235,0.534221,0.582825,20,20,0,0
recipe:bush_2022,recipe:harvey_2023_code,network,0.505436,0.481525,0.528637,20,0.578968,0.553426,0.603977,20,0,0,0,20,0.581904,0.557397,0.606264,20,20,0,0
recipe:bush_2022,recipe:harvey_2023_no_radiatum,network,0.365216,0.338435,0.395398,20,0.631771,0.611532,0.653476,20,0.00906851,0.00287815,0.016494,20,0.63283,0.61267,0.65378,20,20,0,0
recipe:bush_2022,recipe:harvey_2023_text,network,0.423905,0.400331,0.44788,20,0.542324,0.513757,0.569857,20,0,0,0,20,0.55192,0.524803,0.577993,20,20,0,0
recipe:bush_2022,recipe:huelin_gorriz_2023,network,0.605766,0.579089,0.632453,20,0.679403,0.654779,0.704546,20,0.0207509,0.00384615,0.0412637,20,0.679403,0.654779,0.704546,20,20,0,0
recipe:bush_2022,recipe:igata_2021,network,0.172613,0.159083,0.186179,20,0.647792,0.623352,0.672765,20,0.012386,0.00960524,0.0154276,20,0.647792,0.623352,0.672765,20,20,0,0
recipe:bush_2022,recipe:igata_2021_ripples,network,0.109153,0.104024,0.114864,20,0.621639,0.59596,0.648519,20,0.00208083,0.00115126,0.00314563,20,0.622407,0.597493,0.648844,20,20,0,0
recipe:bush_2022,recipe:jadhav_2016,network,0.450166,0.423827,0.478055,20,0.565724,0.534571,0.599048,20,0.011243,0.00357143,0.0216285,20,0.57204,0.538741,0.606218,20,20,0,0
recipe:bush_2022,recipe:ji_2007,network,0.586705,0.55361,0.616751,20,0.693554,0.661157,0.723419,20,0.0278792,0.0114753,0.0459502,20,0.693554,0.661157,0.723419,20,20,0,0
recipe:bush_2022,recipe:ji_2007_ripples,network,0.00562854,0.00248904,0.00933592,20,0.00526875,0.00215111,0.00921392,20,0.00571429,0,0.0147619,20,0.00608842,0.00246299,0.0101382,20,20,0,0
recipe:bush_2022,recipe:kaefer_2020,network,0.0104987,0.00614459,0.015063,20,0.011537,0.00632195,0.0171409,20,0.00416667,0,0.0125,20,0.011537,0.00632195,0.0171409,20,20,0,0
recipe:bush_2022,recipe:karlsson_2009,network,0.48313,0.459431,0.507304,20,0.637771,0.609734,0.667913,20,0.0127759,0.00549272,0.0214155,20,0.638918,0.610173,0.669459,20,20,0,0
recipe:bush_2022,recipe:krause_2022,network,0.564816,0.538129,0.59126,20,0.669095,0.64116,0.697225,20,0.00584416,0,0.0152597,20,0.669095,0.64116,0.697225,20,20,0,0
recipe:bush_2022,recipe:krause_2022_hse,network,0.532564,0.505119,0.559652,20,0.690917,0.665824,0.717416,20,0.0287255,0.017612,0.0390958,20,0.687912,0.66332,0.714183,20,20,0,0
recipe:bush_2022,recipe:kudrimoti_1999,network,0.0293316,0.022243,0.0372714,20,0.0335912,0.0255648,0.0425788,20,0,0,0,20,0.0343965,0.0262642,0.0436061,20,20,0,0
recipe:bush_2022,recipe:lee_2002,network,0.0467876,0.0444125,0.0490682,20,0.61353,0.590972,0.637618,20,0.00485925,0.00407733,0.00569329,20,0.611126,0.588976,0.635223,20,20,0,0
recipe:bush_2022,recipe:lee_2002_ripples,network,0.0841578,0.0712919,0.0978715,20,0.106278,0.0889851,0.125303,20,0.00734649,0,0.0152522,20,0.109516,0.0923613,0.127676,20,20,0,0
recipe:bush_2022,recipe:liu_2019,network,0.0920334,0.0873528,0.0965036,20,0.537474,0.513113,0.563517,20,0.00976591,0.00791511,0.011631,20,0.529334,0.50493,0.55558,20,20,0,0
recipe:bush_2022,recipe:liu_2019_awake,network,0.0920334,0.0873528,0.0965036,20,0.537474,0.513113,0.563517,20,0.00976591,0.00791511,0.011631,20,0.529334,0.50493,0.55558,20,20,0,0
recipe:bush_2022,recipe:liu_2023,network,0.519206,0.494368,0.544367,20,0.582826,0.557907,0.607679,20,0.00625,0,0.01875,20,0.582826,0.557907,0.607679,20,20,0,0
recipe:bush_2022,recipe:maboudi_2018,network,0.566351,0.538968,0.592377,20,0.712046,0.686194,0.73848,20,0.0333663,0.0206333,0.0449074,20,0.70893,0.682944,0.735382,20,20,0,0
recipe:bush_2022,recipe:maboudi_2018_open_field,network,0.615567,0.589065,0.641566,20,0.820015,0.798189,0.84247,20,0.129824,0.103896,0.158347,20,0.820015,0.798189,0.84247,20,20,0,0
recipe:bush_2022,recipe:mallory_2025,network,0.53456,0.505869,0.566842,20,0.79549,0.770694,0.82025,20,0.0877153,0.0704739,0.106522,20,0.79549,0.770694,0.82025,20,20,0,0
recipe:bush_2022,recipe:mallory_2025_ripples,network,0.485026,0.458112,0.515278,20,0.632823,0.60325,0.665495,20,0.00862407,0.00172414,0.0177721,20,0.632823,0.60325,0.665495,20,20,0,0
recipe:bush_2022,recipe:michon_2019,network,0.339931,0.311651,0.368086,20,0.383171,0.353337,0.412799,20,0,0,0,20,0.383171,0.353337,0.412799,20,20,0,0
recipe:bush_2022,recipe:michon_2021,network,0.339931,0.311651,0.368086,20,0.383171,0.353337,0.412799,20,0,0,0,20,0.383171,0.353337,0.412799,20,20,0,0
recipe:bush_2022,recipe:mou_2022,network,0.403785,0.351792,0.455459,20,0.669754,0.642222,0.698036,20,0.0246407,0.016196,0.0336595,20,0.666373,0.638778,0.694819,20,20,0,0
recipe:bush_2022,recipe:muessig_2019,network,0.157938,0.143752,0.172075,20,0.179564,0.163456,0.195757,20,0,0,0,20,0.179564,0.163456,0.195757,20,20,0,0
recipe:bush_2022,recipe:muessig_2019_ripples,network,0.0239971,0.0226431,0.0253731,20,0.602742,0.576045,0.631255,20,0.000970453,0.000709036,0.0012618,20,0.612638,0.585086,0.641508,20,20,0,0
recipe:bush_2022,recipe:nadasdy_1999,network,0.369544,0.349561,0.390402,20,0.466016,0.44208,0.492772,20,0.00518519,0,0.0137037,20,0.468911,0.445,0.494693,20,20,0,0
recipe:bush_2022,recipe:olafsdottir_2015,network,0.533457,0.509214,0.559066,20,0.822173,0.801626,0.845993,20,0.0594162,0.0417994,0.0786197,20,0.822173,0.801626,0.845993,20,20,0,0
recipe:bush_2022,recipe:olafsdottir_2015.bayesian_candidates,network,0.631873,0.608883,0.653901,20,0.819261,0.804841,0.836101,20,0.0694781,0.0480124,0.0925653,20,0.819261,0.804841,0.836101,20,20,0,0
recipe:bush_2022,recipe:olafsdottir_2016,network,0.674832,0.645937,0.703681,20,0.798306,0.773925,0.823633,20,0.0423277,0.0170407,0.0716769,20,0.798306,0.773925,0.823633,20,20,0,0
recipe:bush_2022,recipe:olafsdottir_2017,network,0.380249,0.359851,0.400235,20,0.772165,0.748747,0.796304,20,0.0329145,0.0238849,0.0436117,20,0.774599,0.750967,0.799372,20,20,0,0
recipe:bush_2022,recipe:olafsdottir_2017.trajectory,network,0.682869,0.656466,0.709532,20,0.798306,0.773925,0.823633,20,0.0343056,0.0105556,0.0632049,20,0.798306,0.773925,0.823633,20,20,0,0
recipe:bush_2022,recipe:pfeiffer_2013,network,0.615567,0.589065,0.641566,20,0.820015,0.798189,0.84247,20,0.129824,0.103896,0.158347,20,0.820015,0.798189,0.84247,20,20,0,0
recipe:bush_2022,recipe:pfeiffer_2013_ripples,network,0.527765,0.502771,0.553756,20,0.642747,0.61401,0.671043,20,0.00541667,0,0.0141667,20,0.642747,0.61401,0.671043,20,20,0,0
recipe:bush_2022,recipe:pfeiffer_2015,network,0.528437,0.503605,0.554166,20,0.642747,0.61401,0.671043,20,0.00550725,0,0.0143478,20,0.642747,0.61401,0.671043,20,20,0,0
recipe:bush_2022,recipe:shin_2019,network,0.481588,0.457485,0.505682,20,0.637771,0.609734,0.667913,20,0.0125699,0.00537037,0.0211437,20,0.638918,0.610173,0.669459,20,20,0,0
recipe:bush_2022,recipe:silva_2015,network,0.638325,0.616529,0.662075,20,0.767336,0.744797,0.79039,20,0.145994,0.0961141,0.203168,20,0.767336,0.744797,0.79039,20,20,0,0
recipe:bush_2022,recipe:stella_2019,network,0.365983,0.346352,0.385783,20,0.569744,0.537924,0.601076,20,0.00753678,0.00295062,0.0131974,20,0.576186,0.545365,0.606728,20,20,0,0
recipe:bush_2022,recipe:tang_2017,network,0.481588,0.457485,0.505682,20,0.637771,0.609734,0.667913,20,0.0125699,0.00537037,0.0211437,20,0.638918,0.610173,0.669459,20,20,0,0
recipe:bush_2022,recipe:tirole_2022,network,0.605766,0.579089,0.632453,20,0.679403,0.654779,0.704546,20,0.0207509,0.00384615,0.0412637,20,0.679403,0.654779,0.704546,20,20,0,0
recipe:bush_2022,recipe:widloski_2025,network,0.475661,0.448035,0.504031,20,0.586831,0.553426,0.621842,20,0.0118345,0,0.0254708,20,0.573619,0.540579,0.60839,20,20,0,0
recipe:bush_2022,recipe:widloski_2025_bursts,network,0.564804,0.53979,0.590343,20,0.638309,0.611668,0.667786,20,0.0107143,0,0.0285714,20,0.625893,0.600469,0.651956,20,20,0,0
recipe:bush_2022,recipe:wikenheiser_2013,network,0.0713404,0.0677091,0.0748548,20,0.570233,0.548867,0.594542,20,0.0067818,0.00562027,0.00796193,20,0.563597,0.541805,0.589063,20,20,0,0
recipe:bush_2022,recipe:wu_2014,network,0.209912,0.193687,0.226694,20,0.719064,0.695338,0.743047,20,0.0281433,0.02404,0.0325415,20,0.719064,0.695338,0.743047,20,20,0,0
recipe:bush_2022,recipe:wu_2017,network,0.504451,0.485512,0.524927,20,0.610778,0.587443,0.634357,20,0.0128571,0,0.0276429,20,0.610778,0.587443,0.634357,20,20,0,0
recipe:bush_2022,recipe:xu_2019,network,0.571777,0.541349,0.60353,20,0.803742,0.78168,0.826758,20,0.112436,0.0933493,0.132345,20,0.803742,0.78168,0.826758,20,20,0,0
recipe:bush_2022,recipe:yamamoto_2017,network,0.478889,0.452393,0.507409,20,0.632824,0.605303,0.660211,20,0.00557599,0,0.011576,20,0.640321,0.613153,0.667044,20,20,0,0
recipe:bush_2022,recipe:yang_2024,network,0.514842,0.48572,0.547436,20,0.57908,0.550146,0.610111,20,0.00416667,0,0.0125,20,0.57908,0.550146,0.610111,20,20,0,0
recipe:carey_2019,recipe:carr_2012,network,0.3331,0.299237,0.372527,20,0.721821,0.697571,0.744956,20,0.0489106,0.0350393,0.0657813,20,0.724716,0.701885,0.746584,20,20,0,0
recipe:carey_2019,recipe:chenani_2019,network,0.318867,0.290782,0.349836,20,0.699286,0.680209,0.719417,20,0.0272677,0.0176888,0.038861,20,0.701077,0.682193,0.721201,20,20,0,0
recipe:carey_2019,recipe:davidson_2009,network,0.460424,0.427771,0.49753,20,0.851358,0.836418,0.866829,20,0.167004,0.143588,0.196265,20,0.851358,0.836418,0.866829,20,20,0,0
recipe:carey_2019,recipe:denovellis_2021,network,0.334618,0.305958,0.367149,20,0.776674,0.753525,0.799029,20,0.035894,0.0274628,0.0453996,20,0.782525,0.761854,0.802835,20,20,0,0
recipe:carey_2019,recipe:denovellis_2021_mua,network,0.602633,0.576899,0.625053,20,0.957972,0.948052,0.967004,20,0.435895,0.394898,0.471504,20,0.959058,0.948953,0.968123,20,20,0,0
recipe:carey_2019,recipe:diba_2007,network,0.121003,0.106527,0.13514,20,0.273428,0.250126,0.296682,20,0.000701184,0,0.00179299,20,0.272832,0.24883,0.296197,20,20,0,0
recipe:carey_2019,recipe:drieu_2018,network,0.318432,0.296334,0.34279,20,0.780949,0.763052,0.798292,20,0.0798187,0.0694311,0.092411,20,0.786303,0.769842,0.802618,20,20,0,0
recipe:carey_2019,recipe:farooq_2019_neuron,network,0.13296,0.12065,0.144626,20,0.304415,0.281695,0.329073,20,0.000340136,0,0.00102041,20,0.304415,0.281695,0.329073,20,20,0,0
recipe:carey_2019,recipe:farooq_2019_science,network,0.131714,0.119814,0.142933,20,0.302229,0.280045,0.326551,20,0,0,0,20,0.302229,0.280045,0.326551,20,20,0,0
recipe:carey_2019,recipe:farooq_2019_science_awake,network,0.131714,0.119814,0.142933,20,0.302229,0.280045,0.326551,20,0,0,0,20,0.302229,0.280045,0.326551,20,20,0,0
recipe:carey_2019,recipe:foster_2006,network,0.0734786,0.0613543,0.0853764,20,0.166181,0.143025,0.188912,20,0,0,0,20,0.166181,0.143025,0.188912,20,20,0,0
recipe:carey_2019,recipe:foster_2006_ripples,network,0.0511703,0.043772,0.0593149,20,0.0880042,0.0778211,0.0980088,20,0.0239819,0.0155279,0.0330032,20,0.0899165,0.0790374,0.100631,20,20,0,0
recipe:carey_2019,recipe:gillespie_2021,network,0.334564,0.305335,0.367882,20,0.779235,0.756236,0.802115,20,0.0369669,0.0280644,0.0470592,20,0.783904,0.763004,0.805212,20,20,0,0
recipe:carey_2019,recipe:gillespie_2021_mua,network,0.474322,0.441102,0.511887,20,0.880353,0.871064,0.889923,20,0.168118,0.144938,0.197071,20,0.880353,0.871064,0.889923,20,20,0,0
recipe:carey_2019,recipe:gridchyn_2020,network,0.291009,0.275984,0.305435,20,0.893651,0.881085,0.905761,20,0.166458,0.146819,0.186488,20,0.916154,0.901432,0.930018,20,20,0,0
recipe:carey_2019,recipe:grosmark_2016,network,0.222374,0.19933,0.246328,20,0.500168,0.475175,0.524255,20,0.00379046,0.00132235,0.00692919,20,0.500168,0.475175,0.524255,20,20,0,0
recipe:carey_2019,recipe:gupta_2010,network,0.0906029,0.0863101,0.0950004,20,0.732533,0.706684,0.756354,20,0.0178886,0.015791,0.0200016,20,0.755504,0.736644,0.774604,20,20,0,0
recipe:carey_2019,recipe:harvey_2023_code,network,0.25578,0.230746,0.281714,20,0.571922,0.552065,0.591041,20,0.00186696,0.00045045,0.00372942,20,0.578817,0.557542,0.599022,20,20,0,0
recipe:carey_2019,recipe:harvey_2023_no_radiatum,network,0.256069,0.236189,0.278359,20,0.649097,0.631477,0.666561,20,0.0297595,0.0235771,0.0368762,20,0.654554,0.635935,0.673579,20,20,0,0
recipe:carey_2019,recipe:harvey_2023_text,network,0.245109,0.220715,0.273565,20,0.563102,0.539979,0.585804,20,0.00751762,0.00413397,0.0115732,20,0.576332,0.552758,0.600459,20,20,0,0
recipe:carey_2019,recipe:huelin_gorriz_2023,network,0.269182,0.245758,0.29446,20,0.603856,0.583143,0.624078,20,0.0062275,0.002296,0.0116902,20,0.603856,0.583143,0.624078,20,20,0,0
recipe:carey_2019,recipe:igata_2021,network,0.466569,0.441979,0.488638,20,0.956921,0.947244,0.966106,20,0.311181,0.278278,0.341538,20,0.956921,0.947244,0.966106,20,20,0,0
recipe:carey_2019,recipe:igata_2021_ripples,network,0.138854,0.132777,0.145311,20,0.780954,0.760975,0.800702,20,0.0205815,0.0173648,0.0236989,20,0.785757,0.765761,0.805493,20,20,0,0
recipe:carey_2019,recipe:jadhav_2016,network,0.291723,0.262049,0.326163,20,0.621164,0.59892,0.643978,20,0.0407995,0.026264,0.0589288,20,0.636176,0.613078,0.659115,20,20,0,0
recipe:carey_2019,recipe:ji_2007,network,0.365595,0.327943,0.402127,20,0.780416,0.724253,0.827989,20,0.0496552,0.0363511,0.0639708,20,0.780416,0.724253,0.827989,20,20,0,0
recipe:carey_2019,recipe:ji_2007_ripples,network,0.0102563,0.00703861,0.0138415,20,0.00585576,0.00315452,0.00899144,20,0.0133985,0.00864635,0.0186515,20,0.00585576,0.00315452,0.00899144,20,20,0,0
recipe:carey_2019,recipe:kaefer_2020,network,0.0116001,0.00878795,0.0147813,20,0.0112823,0.00701774,0.0157033,20,0.0118493,0.00761627,0.0164961,20,0.0112823,0.00701774,0.0157033,20,20,0,0
recipe:carey_2019,recipe:karlsson_2009,network,0.333028,0.299039,0.372687,20,0.721821,0.697571,0.744956,20,0.0483875,0.0345502,0.0654547,20,0.724716,0.701885,0.746584,20,20,0,0
recipe:carey_2019,recipe:krause_2022,network,0.327945,0.295387,0.363975,20,0.720231,0.695381,0.742615,20,0.0200312,0.013139,0.0277379,20,0.723021,0.698148,0.746259,20,20,0,0
recipe:carey_2019,recipe:krause_2022_hse,network,0.45962,0.424764,0.499656,20,0.880529,0.870684,0.890162,20,0.140066,0.116172,0.17038,20,0.880529,0.870684,0.890162,20,20,0,0
recipe:carey_2019,recipe:kudrimoti_1999,network,0.0123187,0.00989249,0.0146338,20,0.0274765,0.0215531,0.0338909,20,0.00105664,0,0.00253701,20,0.0274765,0.0215531,0.0338909,20,20,0,0
recipe:carey_2019,recipe:lee_2002,network,0.106938,0.100621,0.112826,20,0.84194,0.822811,0.860778,20,0.0518898,0.0449306,0.0585823,20,0.851458,0.832639,0.870279,20,20,0,0
recipe:carey_2019,recipe:lee_2002_ripples,network,0.0511703,0.043772,0.0593149,20,0.0880042,0.0778211,0.0980088,20,0.0239819,0.0155279,0.0330032,20,0.0899165,0.0790374,0.100631,20,20,0,0
recipe:carey_2019,recipe:liu_2019,network,0.219602,0.207396,0.232006,20,0.7449,0.724587,0.764952,20,0.12259,0.106599,0.138575,20,0.744882,0.724602,0.765304,20,20,0,0
recipe:carey_2019,recipe:liu_2019_awake,network,0.219602,0.207396,0.232006,20,0.7449,0.724587,0.764952,20,0.12259,0.106599,0.138575,20,0.744882,0.724602,0.765304,20,20,0,0
recipe:carey_2019,recipe:liu_2023,network,0.218764,0.198249,0.239236,20,0.495522,0.473046,0.516014,20,0,0,0,20,0.497128,0.47484,0.517359,20,20,0,0
recipe:carey_2019,recipe:maboudi_2018,network,0.432043,0.396813,0.472839,20,0.853434,0.840614,0.866759,20,0.10881,0.0902797,0.134103,20,0.853434,0.840614,0.866759,20,20,0,0
recipe:carey_2019,recipe:maboudi_2018_open_field,network,0.345916,0.318544,0.378135,20,0.763229,0.744445,0.783105,20,0.0621835,0.0482114,0.0834493,20,0.764108,0.745286,0.783953,20,20,0,0
recipe:carey_2019,recipe:mallory_2025,network,0.360987,0.333283,0.393468,20,0.779226,0.761828,0.796809,20,0.0898584,0.0745318,0.112794,20,0.783697,0.766228,0.800376,20,20,0,0
recipe:carey_2019,recipe:mallory_2025_ripples,network,0.320983,0.289968,0.356122,20,0.706442,0.684606,0.726764,20,0.0378232,0.0244052,0.0524663,20,0.709262,0.687834,0.729071,20,20,0,0
recipe:carey_2019,recipe:michon_2019,network,0.135316,0.120864,0.150677,20,0.307084,0.286628,0.324837,20,0,0,0,20,0.307084,0.286628,0.324837,20,20,0,0
recipe:carey_2019,recipe:michon_2021,network,0.135316,0.120864,0.150677,20,0.307084,0.286628,0.324837,20,0,0,0,20,0.307084,0.286628,0.324837,20,20,0,0
recipe:carey_2019,recipe:mou_2022,network,0.486245,0.443907,0.527966,20,0.899889,0.880143,0.919287,20,0.228618,0.173294,0.284332,20,0.896305,0.875925,0.916122,20,20,0,0
recipe:carey_2019,recipe:muessig_2019,network,0.05333,0.0470652,0.059781,20,0.122016,0.11019,0.133571,20,0,0,0,20,0.122016,0.11019,0.133571,20,20,0,0
recipe:carey_2019,recipe:muessig_2019_ripples,network,0.0412846,0.0397432,0.0428795,20,0.755456,0.731063,0.778893,20,0.0111697,0.00997626,0.0121863,20,0.783414,0.764224,0.801477,20,20,0,0
recipe:carey_2019,recipe:nadasdy_1999,network,0.209508,0.187754,0.234584,20,0.452864,0.430165,0.476583,20,0.021993,0.0146091,0.0302187,20,0.463835,0.441426,0.487434,20,20,0,0
recipe:carey_2019,recipe:olafsdottir_2015,network,0.288025,0.264146,0.312884,20,0.690023,0.668577,0.711558,20,0.0390492,0.0302343,0.0490243,20,0.690868,0.6694,0.712031,20,20,0,0
recipe:carey_2019,recipe:olafsdottir_2015.bayesian_candidates,network,0.273652,0.24868,0.300827,20,0.627079,0.603227,0.650911,20,0.0215085,0.0140069,0.0299333,20,0.627079,0.603227,0.650911,20,20,0,0
recipe:carey_2019,recipe:olafsdottir_2016,network,0.25988,0.234678,0.286238,20,0.594065,0.569602,0.621726,20,0.00397676,0.00155219,0.0068212,20,0.594994,0.570458,0.62293,20,20,0,0
recipe:carey_2019,recipe:olafsdottir_2017,network,0.292787,0.271918,0.316301,20,0.752299,0.730418,0.772805,20,0.0623048,0.0529313,0.0741637,20,0.762102,0.739796,0.78179,20,20,0,0
recipe:carey_2019,recipe:olafsdottir_2017.trajectory,network,0.261547,0.235311,0.288992,20,0.594065,0.569602,0.621726,20,0.00361749,0.00148971,0.00628408,20,0.594994,0.570458,0.62293,20,20,0,0
recipe:carey_2019,recipe:pfeiffer_2013,network,0.345916,0.318544,0.378135,20,0.763229,0.744445,0.783105,20,0.0621835,0.0482114,0.0834493,20,0.764108,0.745286,0.783953,20,20,0,0
recipe:carey_2019,recipe:pfeiffer_2013_ripples,network,0.340892,0.307232,0.378182,20,0.749004,0.724209,0.772496,20,0.0258646,0.0173891,0.035525,20,0.75083,0.725798,0.77429,20,20,0,0
recipe:carey_2019,recipe:pfeiffer_2015,network,0.341152,0.307479,0.378556,20,0.749004,0.724209,0.772496,20,0.0258983,0.0174412,0.0355856,20,0.75083,0.725798,0.77429,20,20,0,0
recipe:carey_2019,recipe:shin_2019,network,0.3331,0.299237,0.372527,20,0.721821,0.697571,0.744956,20,0.0489106,0.0350393,0.0657813,20,0.724716,0.701885,0.746584,20,20,0,0
recipe:carey_2019,recipe:silva_2015,network,0.290179,0.264735,0.316286,20,0.63582,0.61143,0.659981,20,0.0345697,0.0244924,0.046237,20,0.636613,0.612606,0.66053,20,20,0,0
recipe:carey_2019,recipe:stella_2019,network,0.264652,0.241386,0.292371,20,0.611755,0.588635,0.635853,20,0.0388538,0.0295135,0.0504633,20,0.624244,0.601784,0.648956,20,20,0,0
recipe:carey_2019,recipe:tang_2017,network,0.3331,0.299237,0.372527,20,0.721821,0.697571,0.744956,20,0.0489106,0.0350393,0.0657813,20,0.724716,0.701885,0.746584,20,20,0,0
recipe:carey_2019,recipe:tirole_2022,network,0.269182,0.245758,0.29446,20,0.603856,0.583143,0.624078,20,0.0062275,0.002296,0.0116902,20,0.603856,0.583143,0.624078,20,20,0,0
recipe:carey_2019,recipe:widloski_2025,network,0.254261,0.229819,0.281499,20,0.565892,0.541244,0.592167,20,0.0201931,0.0129718,0.0278169,20,0.562665,0.538129,0.589174,20,20,0,0
recipe:carey_2019,recipe:widloski_2025_bursts,network,0.25299,0.231521,0.274565,20,0.564193,0.536742,0.590159,20,0.0117574,0.00667522,0.0178145,20,0.561701,0.533811,0.588825,20,20,0,0
recipe:carey_2019,recipe:wikenheiser_2013,network,0.166022,0.154714,0.177234,20,0.80414,0.784243,0.823133,20,0.0844816,0.0726111,0.0964236,20,0.814691,0.791903,0.835234,20,20,0,0
recipe:carey_2019,recipe:wu_2014,network,0.258774,0.248738,0.268929,20,0.832929,0.818727,0.846478,20,0.0896639,0.0815273,0.0977078,20,0.83966,0.825692,0.853494,20,20,0,0
recipe:carey_2019,recipe:wu_2017,network,0.276281,0.247461,0.30798,20,0.58058,0.562844,0.597022,20,0.0449491,0.0294855,0.066314,20,0.582303,0.564031,0.599512,20,20,0,0
recipe:carey_2019,recipe:xu_2019,network,0.348392,0.322885,0.377042,20,0.773576,0.755292,0.792086,20,0.0681662,0.055913,0.0855326,20,0.775454,0.757612,0.793761,20,20,0,0
recipe:carey_2019,recipe:yamamoto_2017,network,0.284222,0.259533,0.311384,20,0.661771,0.645564,0.677498,20,0.015376,0.0107043,0.0204918,20,0.666379,0.649617,0.683828,20,20,0,0
recipe:carey_2019,recipe:yang_2024,network,0.222374,0.19933,0.246328,20,0.500168,0.475175,0.524255,20,0.00379046,0.00132235,0.00692919,20,0.500168,0.475175,0.524255,20,20,0,0
recipe:carr_2012,recipe:chenani_2019,network,0.531963,0.504362,0.561021,20,0.672514,0.64329,0.702967,20,0.063655,0.039392,0.0891249,20,0.672514,0.64329,0.702967,20,20,0,0
recipe:carr_2012,recipe:davidson_2009,network,0.524068,0.500887,0.549543,20,0.71282,0.692944,0.733087,20,0.101977,0.077993,0.129601,20,0.71282,0.692944,0.733087,20,20,0,0
recipe:carr_2012,recipe:denovellis_2021,network,0.746958,0.728931,0.763628,20,0.880689,0.867018,0.894568,20,0.397897,0.351596,0.442584,20,0.900256,0.888716,0.910824,20,20,0,0
recipe:carr_2012,recipe:denovellis_2021_mua,network,0.258056,0.242666,0.273948,20,0.708125,0.688443,0.727453,20,0.0313669,0.026105,0.0362825,20,0.708125,0.688443,0.727453,20,20,0,0
recipe:carr_2012,recipe:diba_2007,network,0.227023,0.207282,0.246562,20,0.284759,0.260923,0.307796,20,0,0,0,20,0.284701,0.259252,0.308282,20,20,0,0
recipe:carr_2012,recipe:drieu_2018,network,0.368656,0.350915,0.385629,20,0.71438,0.695599,0.733445,20,0.0537615,0.044289,0.0635531,20,0.717734,0.699188,0.73671,20,20,0,0
recipe:carr_2012,recipe:farooq_2019_neuron,network,0.258695,0.236789,0.279028,20,0.323355,0.298837,0.34596,20,0.003125,0,0.009375,20,0.32438,0.299292,0.348012,20,20,0,0
recipe:carr_2012,recipe:farooq_2019_science,network,0.256837,0.235162,0.27737,20,0.321746,0.297468,0.344828,20,0,0,0,20,0.322791,0.297706,0.347172,20,20,0,0
recipe:carr_2012,recipe:farooq_2019_science_awake,network,0.256837,0.235162,0.27737,20,0.321746,0.297468,0.344828,20,0,0,0,20,0.322791,0.297706,0.347172,20,20,0,0
recipe:carr_2012,recipe:foster_2006,network,0.140117,0.122231,0.156958,20,0.177094,0.155321,0.198495,20,0,0,0,20,0.177094,0.155321,0.198495,20,20,0,0
recipe:carr_2012,recipe:foster_2006_ripples,network,0.165111,0.150042,0.180373,20,0.11735,0.103257,0.131728,20,0.313317,0.2624,0.373202,20,0.118133,0.103971,0.132209,20,20,0,0
recipe:carr_2012,recipe:gillespie_2021,network,0.739714,0.719628,0.759588,20,0.876813,0.863642,0.889799,20,0.379614,0.337918,0.419309,20,0.900268,0.890289,0.909907,20,20,0,0
recipe:carr_2012,recipe:gillespie_2021_mua,network,0.537009,0.511358,0.563719,20,0.728797,0.70791,0.749431,20,0.103734,0.079538,0.132083,20,0.728797,0.70791,0.749431,20,20,0,0
recipe:carr_2012,recipe:gridchyn_2020,network,0.135258,0.128337,0.142481,20,0.680334,0.659012,0.701574,20,0.0154713,0.0135257,0.0174368,20,0.692865,0.671426,0.713313,20,20,0,0
recipe:carr_2012,recipe:grosmark_2016,network,0.515415,0.48903,0.540789,20,0.650314,0.619889,0.680012,20,0.016357,0.00529891,0.0288519,20,0.650314,0.619889,0.680012,20,20,0,0
recipe:carr_2012,recipe:gupta_2010,network,0.089545,0.0839879,0.095004,20,0.70839,0.681758,0.735928,20,0.0177754,0.0158297,0.0197507,20,0.733781,0.712163,0.756003,20,20,0,0
recipe:carr_2012,recipe:harvey_2023_code,network,0.560332,0.536427,0.586402,20,0.688337,0.656165,0.719669,20,0.0276034,0.0142684,0.0414832,20,0.710956,0.679836,0.74101,20,20,0,0
recipe:carr_2012,recipe:harvey_2023_no_radiatum,network,0.435013,0.415614,0.454878,20,0.77231,0.758463,0.787382,20,0.0377549,0.0294599,0.0457512,20,0.787578,0.774974,0.800433,20,20,0,0
recipe:carr_2012,recipe:harvey_2023_text,network,0.574977,0.559378,0.591143,20,0.734756,0.712322,0.756552,20,0.0943747,0.0682369,0.122898,20,0.762508,0.741189,0.783964,20,20,0,0
recipe:carr_2012,recipe:huelin_gorriz_2023,network,0.579726,0.557522,0.602793,20,0.727757,0.703327,0.752851,20,0.0185557,0.00648148,0.0328233,20,0.727757,0.703327,0.752851,20,20,0,0
recipe:carr_2012,recipe:igata_2021,network,0.191612,0.17803,0.204543,20,0.707192,0.685376,0.728076,20,0.0206966,0.0173008,0.0238945,20,0.707192,0.685376,0.728076,20,20,0,0
recipe:carr_2012,recipe:igata_2021_ripples,network,0.170399,0.163999,0.177434,20,0.836423,0.821933,0.850783,20,0.0379266,0.0339359,0.0417821,20,0.85504,0.84289,0.866882,20,20,0,0
recipe:carr_2012,recipe:jadhav_2016,network,0.826411,0.806597,0.84328,20,0.829406,0.810054,0.848474,20,0.67045,0.612901,0.734515,20,0.869895,0.851868,0.886613,20,20,0,0
recipe:carr_2012,recipe:ji_2007,network,0.568982,0.534528,0.601092,20,0.692076,0.650677,0.728005,20,0.121655,0.087548,0.157709,20,0.694189,0.652451,0.72978,20,20,0,0
recipe:carr_2012,recipe:ji_2007_ripples,network,0.0572315,0.0458738,0.069763,20,0.006249,0.00286899,0.00986328,20,0.223272,0.177239,0.275367,20,0.00761701,0.00401127,0.0115692,20,20,0,0
recipe:carr_2012,recipe:kaefer_2020,network,0.0465516,0.0370029,0.0572919,20,0.0150265,0.0093575,0.0208556,20,0.156973,0.121656,0.19462,20,0.0150265,0.0093575,0.0208556,20,20,0,0
recipe:carr_2012,recipe:karlsson_2009,network,0.995791,0.99248,0.998734,20,1,1,1,20,0.983327,0.970934,0.994122,20,1,1,1,20,20,0,0
recipe:carr_2012,recipe:krause_2022,network,0.780728,0.759569,0.800344,20,0.898526,0.884286,0.911244,20,0.294581,0.243819,0.357391,20,0.908277,0.893483,0.921347,20,20,0,0
recipe:carr_2012,recipe:krause_2022_hse,network,0.553719,0.528656,0.579056,20,0.728599,0.706541,0.749744,20,0.106195,0.0781559,0.138327,20,0.727667,0.705564,0.748798,20,20,0,0
recipe:carr_2012,recipe:kudrimoti_1999,network,0.0329747,0.0260052,0.0399388,20,0.0360556,0.028362,0.0445298,20,0.0208378,0.00841785,0.0347467,20,0.0360556,0.028362,0.0445298,20,20,0,0
recipe:carr_2012,recipe:lee_2002,network,0.0528365,0.0508795,0.0547956,20,0.668628,0.653083,0.68373,20,0.00691242,0.00636259,0.00744964,20,0.665253,0.650372,0.67994,20,20,0,0
recipe:carr_2012,recipe:lee_2002_ripples,network,0.165111,0.150042,0.180373,20,0.11735,0.103257,0.131728,20,0.313317,0.2624,0.373202,20,0.118133,0.103971,0.132209,20,20,0,0
recipe:carr_2012,recipe:liu_2019,network,0.106735,0.101866,0.111393,20,0.596971,0.578756,0.617204,20,0.0162074,0.0146214,0.0177872,20,0.590785,0.572648,0.609689,20,20,0,0
recipe:carr_2012,recipe:liu_2019_awake,network,0.106735,0.101866,0.111393,20,0.596971,0.578756,0.617204,20,0.0162074,0.0146214,0.0177872,20,0.590785,0.572648,0.609689,20,20,0,0
recipe:carr_2012,recipe:liu_2023,network,0.488278,0.463874,0.512705,20,0.618509,0.587162,0.645574,20,0,0,0,20,0.618509,0.587162,0.645574,20,20,0,0
recipe:carr_2012,recipe:maboudi_2018,network,0.56815,0.545252,0.591213,20,0.73578,0.712745,0.758695,20,0.0996581,0.0696044,0.135014,20,0.734848,0.711833,0.757895,20,20,0,0
recipe:carr_2012,recipe:maboudi_2018_open_field,network,0.478203,0.458704,0.501597,20,0.708528,0.687504,0.728822,20,0.044047,0.0299216,0.0593259,20,0.708528,0.687504,0.728822,20,20,0,0
recipe:carr_2012,recipe:mallory_2025,network,0.473825,0.451492,0.497877,20,0.714265,0.691375,0.737211,20,0.095592,0.0770901,0.115614,20,0.714265,0.691375,0.737211,20,20,0,0
recipe:carr_2012,recipe:mallory_2025_ripples,network,0.793047,0.773794,0.810945,20,0.909097,0.893779,0.924251,20,0.412286,0.357528,0.470641,20,0.920869,0.906836,0.93464,20,20,0,0
recipe:carr_2012,recipe:michon_2019,network,0.317287,0.298333,0.335369,20,0.404382,0.377426,0.429132,20,0,0,0,20,0.404382,0.377426,0.429132,20,20,0,0
recipe:carr_2012,recipe:michon_2021,network,0.317287,0.298333,0.335369,20,0.404382,0.377426,0.429132,20,0,0,0,20,0.404382,0.377426,0.429132,20,20,0,0
recipe:carr_2012,recipe:mou_2022,network,0.42152,0.37212,0.468915,20,0.714256,0.691618,0.734591,20,0.0556013,0.0387157,0.0746732,20,0.709959,0.687976,0.730002,20,20,0,0
recipe:carr_2012,recipe:muessig_2019,network,0.119086,0.107009,0.13354,20,0.149477,0.135037,0.166574,20,0,0,0,20,0.151216,0.136024,0.168894,20,20,0,0
recipe:carr_2012,recipe:muessig_2019_ripples,network,0.0345116,0.0329618,0.0361076,20,0.780173,0.762901,0.797969,20,0.00620719,0.00546437,0.00694378,20,0.794311,0.776494,0.813123,20,20,0,0
recipe:carr_2012,recipe:nadasdy_1999,network,0.551681,0.536006,0.566499,20,0.607359,0.57947,0.636326,20,0.305388,0.268563,0.347075,20,0.630364,0.604419,0.655815,20,20,0,0
recipe:carr_2012,recipe:olafsdottir_2015,network,0.400856,0.377291,0.426682,20,0.663738,0.633861,0.694725,20,0.0137445,0.00692998,0.02167,20,0.663738,0.633861,0.694725,20,20,0,0
recipe:carr_2012,recipe:olafsdottir_2015.bayesian_candidates,network,0.437711,0.413082,0.465993,20,0.621886,0.592395,0.654095,20,0.00834536,0.00119048,0.0185305,20,0.621886,0.592395,0.654095,20,20,0,0
recipe:carr_2012,recipe:olafsdottir_2016,network,0.456887,0.431027,0.485936,20,0.589659,0.560344,0.621182,20,0.00364583,0,0.009375,20,0.591814,0.561829,0.62331,20,20,0,0
recipe:carr_2012,recipe:olafsdottir_2017,network,0.355731,0.339952,0.371176,20,0.697556,0.675233,0.720314,20,0.0496187,0.0388001,0.0617773,20,0.702323,0.680572,0.724614,20,20,0,0
recipe:carr_2012,recipe:olafsdottir_2017.trajectory,network,0.46271,0.437207,0.490688,20,0.589659,0.560344,0.621182,20,0.00389805,0,0.00997001,20,0.591814,0.561829,0.62331,20,20,0,0
recipe:carr_2012,recipe:pfeiffer_2013,network,0.478203,0.458704,0.501597,20,0.708528,0.687504,0.728822,20,0.044047,0.0299216,0.0593259,20,0.708528,0.687504,0.728822,20,20,0,0
recipe:carr_2012,recipe:pfeiffer_2013_ripples,network,0.835224,0.815741,0.849884,20,0.938692,0.929628,0.946979,20,0.427981,0.373471,0.485225,20,0.944495,0.936702,0.952842,20,20,0,0
recipe:carr_2012,recipe:pfeiffer_2015,network,0.836768,0.817284,0.852262,20,0.938692,0.929628,0.946979,20,0.432258,0.375543,0.491236,20,0.944495,0.936702,0.952842,20,20,0,0
recipe:carr_2012,recipe:shin_2019,network,1,1,1,20,1,1,1,20,1,1,1,20,1,1,1,20,20,0,0
recipe:carr_2012,recipe:silva_2015,network,0.464069,0.439402,0.490306,20,0.613372,0.588275,0.638821,20,0.054964,0.0366458,0.0730522,20,0.613372,0.588275,0.638821,20,20,0,0
recipe:carr_2012,recipe:stella_2019,network,0.629714,0.61637,0.643586,20,0.81362,0.795617,0.832975,20,0.269934,0.253654,0.286308,20,0.839935,0.826309,0.854374,20,20,0,0
recipe:carr_2012,recipe:tang_2017,network,1,1,1,20,1,1,1,20,1,1,1,20,1,1,1,20,20,0,0
recipe:carr_2012,recipe:tirole_2022,network,0.579726,0.557522,0.602793,20,0.727757,0.703327,0.752851,20,0.0185557,0.00648148,0.0328233,20,0.727757,0.703327,0.752851,20,20,0,0
recipe:carr_2012,recipe:widloski_2025,network,0.623652,0.602652,0.643757,20,0.738478,0.710809,0.766403,20,0.250934,0.197304,0.310692,20,0.733427,0.708091,0.759479,20,20,0,0
recipe:carr_2012,recipe:widloski_2025_bursts,network,0.47865,0.45787,0.498924,20,0.590853,0.568343,0.611006,20,0.0323445,0.0143963,0.0514961,20,0.58049,0.556949,0.603018,20,20,0,0
recipe:carr_2012,recipe:wikenheiser_2013,network,0.0851503,0.081287,0.088934,20,0.647283,0.629387,0.665802,20,0.0128817,0.0114633,0.0144672,20,0.643454,0.62545,0.662285,20,20,0,0
recipe:carr_2012,recipe:wu_2014,network,0.205881,0.193419,0.218658,20,0.721121,0.703612,0.738184,20,0.0220012,0.017384,0.0268435,20,0.722257,0.703887,0.739799,20,20,0,0
recipe:carr_2012,recipe:wu_2017,network,0.470754,0.45281,0.490142,20,0.583876,0.564016,0.603767,20,0.0786998,0.0528844,0.106882,20,0.595432,0.576308,0.613669,20,20,0,0
recipe:carr_2012,recipe:xu_2019,network,0.473426,0.452852,0.495396,20,0.715566,0.694189,0.736016,20,0.0653066,0.0509903,0.0814426,20,0.715566,0.694189,0.736016,20,20,0,0
recipe:carr_2012,recipe:yamamoto_2017,network,0.560998,0.53871,0.581163,20,0.757185,0.732889,0.780804,20,0.069825,0.0515284,0.0888739,20,0.777486,0.74964,0.804924,20,20,0,0
recipe:carr_2012,recipe:yang_2024,network,0.515415,0.48903,0.540789,20,0.650314,0.619889,0.680012,20,0.016357,0.00529891,0.0288519,20,0.650314,0.619889,0.680012,20,20,0,0
recipe:chenani_2019,recipe:davidson_2009,network,0.536442,0.515849,0.557325,20,0.691287,0.672049,0.710457,20,0.0797324,0.0585147,0.102844,20,0.691287,0.672049,0.710457,20,20,0,0
recipe:chenani_2019,recipe:denovellis_2021,network,0.472425,0.452238,0.494737,20,0.663713,0.638684,0.690243,20,0.0219851,0.0117698,0.0335929,20,0.665315,0.6413,0.690746,20,20,0,0
recipe:chenani_2019,recipe:denovellis_2021_mua,network,0.252139,0.236986,0.26756,20,0.68962,0.671549,0.707907,20,0.0222615,0.0172057,0.0278315,20,0.68962,0.671549,0.707907,20,20,0,0
recipe:chenani_2019,recipe:diba_2007,network,0.341128,0.314713,0.369673,20,0.374421,0.343698,0.406546,20,0.0283333,0.005,0.0566667,20,0.373435,0.341727,0.406249,20,20,0,0
recipe:chenani_2019,recipe:drieu_2018,network,0.464991,0.439994,0.488839,20,0.860676,0.840595,0.878648,20,0.0869504,0.0709744,0.104547,20,0.860676,0.840595,0.878648,20,20,0,0
recipe:chenani_2019,recipe:farooq_2019_neuron,network,0.370465,0.339227,0.404434,20,0.408514,0.378833,0.441115,20,0.0125,0,0.0375,20,0.408514,0.378833,0.441115,20,20,0,0
recipe:chenani_2019,recipe:farooq_2019_science,network,0.370898,0.339804,0.404644,20,0.409807,0.379655,0.442947,20,0,0,0,20,0.409807,0.379655,0.442947,20,20,0,0
recipe:chenani_2019,recipe:farooq_2019_science_awake,network,0.370898,0.339804,0.404644,20,0.409807,0.379655,0.442947,20,0,0,0,20,0.409807,0.379655,0.442947,20,20,0,0
recipe:chenani_2019,recipe:foster_2006,network,0.20517,0.176466,0.233942,20,0.227314,0.195581,0.259886,20,0,0,0,20,0.227314,0.195581,0.259886,20,20,0,0
recipe:chenani_2019,recipe:foster_2006_ripples,network,0.0928911,0.0791317,0.106717,20,0.111115,0.0933287,0.128123,20,0.0151379,0.00277778,0.0318171,20,0.111886,0.0941827,0.128665,20,20,0,0
recipe:chenani_2019,recipe:gillespie_2021,network,0.467047,0.444039,0.49335,20,0.661193,0.636239,0.687774,20,0.0220854,0.0124312,0.0327063,20,0.662947,0.638229,0.688812,20,20,0,0
recipe:chenani_2019,recipe:gillespie_2021_mua,network,0.554005,0.528739,0.578424,20,0.713486,0.692625,0.734532,20,0.0792638,0.0581152,0.102955,20,0.713486,0.692625,0.734532,20,20,0,0
recipe:chenani_2019,recipe:gridchyn_2020,network,0.128743,0.122563,0.134577,20,0.67463,0.65497,0.695283,20,0.00898937,0.00716958,0.0109295,20,0.679135,0.658714,0.699972,20,20,0,0
recipe:chenani_2019,recipe:grosmark_2016,network,0.530629,0.503519,0.558748,20,0.582226,0.55468,0.608715,20,0.0270833,0.00625,0.0541667,20,0.582226,0.55468,0.608715,20,20,0,0
recipe:chenani_2019,recipe:gupta_2010,network,0.0646512,0.0606288,0.0687613,20,0.583507,0.564478,0.606283,20,0.00211426,0.00141408,0.00293552,20,0.586216,0.567539,0.608189,20,20,0,0
recipe:chenani_2019,recipe:harvey_2023_code,network,0.524866,0.501907,0.548446,20,0.592169,0.572192,0.612533,20,0,0,0,20,0.592169,0.572192,0.612533,20,20,0,0
recipe:chenani_2019,recipe:harvey_2023_no_radiatum,network,0.39375,0.370452,0.420386,20,0.658715,0.637462,0.679068,20,0.0166886,0.0107576,0.0226537,20,0.658715,0.637462,0.679068,20,20,0,0
recipe:chenani_2019,recipe:harvey_2023_text,network,0.448135,0.423812,0.472424,20,0.567251,0.538508,0.596128,20,0,0,0,20,0.570099,0.541755,0.598299,20,20,0,0
recipe:chenani_2019,recipe:huelin_gorriz_2023,network,0.640734,0.60992,0.67131,20,0.702645,0.671457,0.731918,20,0.0517249,0.0163462,0.0924318,20,0.702645,0.671457,0.731918,20,20,0,0
recipe:chenani_2019,recipe:igata_2021,network,0.185844,0.172856,0.199037,20,0.688921,0.670541,0.707659,20,0.0145993,0.0114661,0.0179583,20,0.688921,0.670541,0.707659,20,20,0,0
recipe:chenani_2019,recipe:igata_2021_ripples,network,0.117369,0.11232,0.122801,20,0.652489,0.629836,0.676365,20,0.00327229,0.00219441,0.00444718,20,0.653445,0.63044,0.67725,20,20,0,0
recipe:chenani_2019,recipe:jadhav_2016,network,0.501808,0.468761,0.535528,20,0.599285,0.563621,0.63443,20,0.0752585,0.046176,0.104445,20,0.603659,0.566541,0.640458,20,20,0,0
recipe:chenani_2019,recipe:ji_2007,network,0.627277,0.594732,0.657709,20,0.700011,0.667664,0.729355,20,0.140172,0.103204,0.177084,20,0.701065,0.669248,0.73005,20,20,0,0
recipe:chenani_2019,recipe:ji_2007_ripples,network,0.00598821,0.00288736,0.00959502,20,0.0064675,0.0030542,0.0101677,20,0,0,0,20,0.0064675,0.0030542,0.0101677,20,20,0,0
recipe:chenani_2019,recipe:kaefer_2020,network,0.0119785,0.00693123,0.0173098,20,0.0138207,0.00807574,0.0198416,20,0,0,0,20,0.0138207,0.00807574,0.0198416,20,20,0,0
recipe:chenani_2019,recipe:karlsson_2009,network,0.533793,0.506312,0.563164,20,0.672514,0.64329,0.702967,20,0.0647048,0.0402809,0.0902335,20,0.672514,0.64329,0.702967,20,20,0,0
recipe:chenani_2019,recipe:krause_2022,network,0.603008,0.575305,0.631493,20,0.704797,0.676516,0.733669,20,0.00238095,0,0.00714286,20,0.704797,0.676516,0.733669,20,20,0,0
recipe:chenani_2019,recipe:krause_2022_hse,network,0.581199,0.556547,0.604878,20,0.71948,0.699256,0.740083,20,0.0919285,0.0684508,0.115393,20,0.716439,0.696261,0.737084,20,20,0,0
recipe:chenani_2019,recipe:kudrimoti_1999,network,0.030548,0.0233446,0.0383656,20,0.0341482,0.0261203,0.0427352,20,0,0,0,20,0.0341482,0.0261203,0.0427352,20,20,0,0
recipe:chenani_2019,recipe:lee_2002,network,0.0502819,0.0481321,0.0524273,20,0.660818,0.643844,0.679375,20,0.00509257,0.00418769,0.00606137,20,0.657283,0.640342,0.676195,20,20,0,0
recipe:chenani_2019,recipe:lee_2002_ripples,network,0.0928911,0.0791317,0.106717,20,0.111115,0.0933287,0.128123,20,0.0151379,0.00277778,0.0318171,20,0.111886,0.0941827,0.128665,20,20,0,0
recipe:chenani_2019,recipe:liu_2019,network,0.0994684,0.0947329,0.104049,20,0.581325,0.56261,0.600467,20,0.0102267,0.00818415,0.0123036,20,0.56964,0.550001,0.590117,20,20,0,0
recipe:chenani_2019,recipe:liu_2019_awake,network,0.0994684,0.0947329,0.104049,20,0.581325,0.56261,0.600467,20,0.0102267,0.00818415,0.0123036,20,0.56964,0.550001,0.590117,20,20,0,0
recipe:chenani_2019,recipe:liu_2023,network,0.516924,0.488379,0.544295,20,0.569179,0.541051,0.595526,20,0,0,0,20,0.569179,0.541051,0.595526,20,20,0,0
recipe:chenani_2019,recipe:maboudi_2018,network,0.615672,0.591827,0.638794,20,0.737965,0.717068,0.758566,20,0.105678,0.0806475,0.130589,20,0.734838,0.71463,0.75542,20,20,0,0
recipe:chenani_2019,recipe:maboudi_2018_open_field,network,0.642657,0.618332,0.668106,20,0.853713,0.835305,0.871047,20,0.122538,0.0988527,0.147791,20,0.853713,0.835305,0.871047,20,20,0,0
recipe:chenani_2019,recipe:mallory_2025,network,0.587644,0.560081,0.617787,20,0.842059,0.824586,0.859592,20,0.12621,0.0972181,0.157107,20,0.842059,0.824586,0.859592,20,20,0,0
recipe:chenani_2019,recipe:mallory_2025_ripples,network,0.522668,0.492234,0.554399,20,0.661068,0.630963,0.692501,20,0.0330697,0.016815,0.0509979,20,0.661068,0.630963,0.692501,20,20,0,0
recipe:chenani_2019,recipe:michon_2019,network,0.334719,0.310219,0.359752,20,0.36988,0.342734,0.397248,20,0,0,0,20,0.36988,0.342734,0.397248,20,20,0,0
recipe:chenani_2019,recipe:michon_2021,network,0.334719,0.310219,0.359752,20,0.36988,0.342734,0.397248,20,0,0,0,20,0.36988,0.342734,0.397248,20,20,0,0
recipe:chenani_2019,recipe:mou_2022,network,0.444536,0.383099,0.505484,20,0.706138,0.685962,0.726061,20,0.0632513,0.0383824,0.0933497,20,0.701965,0.680262,0.722858,20,20,0,0
recipe:chenani_2019,recipe:muessig_2019,network,0.149346,0.134412,0.164174,20,0.165132,0.149334,0.180767,20,0,0,0,20,0.165132,0.149334,0.180767,20,20,0,0
recipe:chenani_2019,recipe:muessig_2019_ripples,network,0.0260564,0.0247315,0.0273875,20,0.646558,0.624935,0.669892,20,0.00101005,0.000707282,0.00133604,20,0.650577,0.629432,0.673827,20,20,0,0
recipe:chenani_2019,recipe:nadasdy_1999,network,0.37883,0.357137,0.402314,20,0.469883,0.446582,0.495538,20,0,0,0,20,0.471785,0.448632,0.497516,20,20,0,0
recipe:chenani_2019,recipe:olafsdottir_2015,network,0.599867,0.569749,0.632788,20,0.874925,0.858162,0.891764,20,0.113363,0.0892642,0.137537,20,0.874925,0.858162,0.891764,20,20,0,0
recipe:chenani_2019,recipe:olafsdottir_2015.bayesian_candidates,network,0.660517,0.637581,0.687104,20,0.823944,0.80271,0.844839,20,0.1152,0.0908877,0.142418,20,0.823944,0.80271,0.844839,20,20,0,0
recipe:chenani_2019,recipe:olafsdottir_2016,network,0.72947,0.705877,0.754127,20,0.826926,0.809042,0.846787,20,0.116917,0.0775546,0.156984,20,0.826926,0.809042,0.846787,20,20,0,0
recipe:chenani_2019,recipe:olafsdottir_2017,network,0.450862,0.43462,0.467458,20,0.857666,0.840768,0.875047,20,0.074929,0.0633353,0.0873411,20,0.858963,0.84216,0.875799,20,20,0,0
recipe:chenani_2019,recipe:olafsdottir_2017.trajectory,network,0.742332,0.71954,0.765799,20,0.826926,0.809042,0.846787,20,0.132854,0.0898187,0.175918,20,0.826926,0.809042,0.846787,20,20,0,0
recipe:chenani_2019,recipe:pfeiffer_2013,network,0.642657,0.618332,0.668106,20,0.853713,0.835305,0.871047,20,0.122538,0.0988527,0.147791,20,0.853713,0.835305,0.871047,20,20,0,0
recipe:chenani_2019,recipe:pfeiffer_2013_ripples,network,0.563011,0.536885,0.590243,20,0.677023,0.648721,0.705367,20,0.00185185,0,0.00555556,20,0.677023,0.648721,0.705367,20,20,0,0
recipe:chenani_2019,recipe:pfeiffer_2015,network,0.563766,0.537735,0.590517,20,0.677023,0.648721,0.705367,20,0.002,0,0.006,20,0.677023,0.648721,0.705367,20,20,0,0
recipe:chenani_2019,recipe:shin_2019,network,0.531963,0.504362,0.561021,20,0.672514,0.64329,0.702967,20,0.063655,0.039392,0.0891249,20,0.672514,0.64329,0.702967,20,20,0,0
recipe:chenani_2019,recipe:silva_2015,network,0.635092,0.609775,0.661011,20,0.758501,0.7349,0.780775,20,0.120816,0.0826457,0.159859,20,0.758501,0.7349,0.780775,20,20,0,0
recipe:chenani_2019,recipe:stella_2019,network,0.398712,0.37729,0.420079,20,0.592594,0.560732,0.625334,20,0.0343651,0.024282,0.0443062,20,0.595487,0.563901,0.627748,20,20,0,0
recipe:chenani_2019,recipe:tang_2017,network,0.531963,0.504362,0.561021,20,0.672514,0.64329,0.702967,20,0.063655,0.039392,0.0891249,20,0.672514,0.64329,0.702967,20,20,0,0
recipe:chenani_2019,recipe:tirole_2022,network,0.640734,0.60992,0.67131,20,0.702645,0.671457,0.731918,20,0.0517249,0.0163462,0.0924318,20,0.702645,0.671457,0.731918,20,20,0,0
recipe:chenani_2019,recipe:widloski_2025,network,0.493774,0.466527,0.524221,20,0.602636,0.570488,0.635759,20,0,0,0,20,0.588469,0.556808,0.622476,20,20,0,0
recipe:chenani_2019,recipe:widloski_2025_bursts,network,0.573228,0.545433,0.602139,20,0.627173,0.600287,0.65486,20,0.0765842,0.029991,0.129918,20,0.610998,0.583742,0.637678,20,20,0,0
recipe:chenani_2019,recipe:wikenheiser_2013,network,0.0774874,0.0739447,0.0806803,20,0.613218,0.59642,0.632181,20,0.00748397,0.00588219,0.00921411,20,0.603786,0.585709,0.624166,20,20,0,0
recipe:chenani_2019,recipe:wu_2014,network,0.227689,0.213151,0.243195,20,0.779986,0.760991,0.799613,20,0.030165,0.0250071,0.0357517,20,0.779986,0.760991,0.799613,20,20,0,0
recipe:chenani_2019,recipe:wu_2017,network,0.517129,0.499767,0.534309,20,0.596845,0.580524,0.613187,20,0.0724749,0.0479071,0.095874,20,0.597816,0.581361,0.614049,20,20,0,0
recipe:chenani_2019,recipe:xu_2019,network,0.617275,0.583507,0.651415,20,0.845101,0.828047,0.862814,20,0.142464,0.110449,0.176164,20,0.845101,0.828047,0.862814,20,20,0,0
recipe:chenani_2019,recipe:yamamoto_2017,network,0.499604,0.474631,0.52616,20,0.647979,0.621233,0.674405,20,0.00849206,0,0.0188909,20,0.648874,0.623256,0.674539,20,20,0,0
recipe:chenani_2019,recipe:yang_2024,network,0.530629,0.503519,0.558748,20,0.582226,0.55468,0.608715,20,0.0270833,0.00625,0.0541667,20,0.582226,0.55468,0.608715,20,20,0,0
recipe:davidson_2009,recipe:denovellis_2021,network,0.481106,0.465551,0.497485,20,0.743223,0.727893,0.757804,20,0.0370841,0.02637,0.0478693,20,0.743223,0.727893,0.757804,20,20,0,0
recipe:davidson_2009,recipe:denovellis_2021_mua,network,0.37559,0.365175,0.386297,20,0.840443,0.824038,0.856762,20,0.131479,0.121601,0.1414,20,0.840443,0.824038,0.856762,20,20,0,0
recipe:davidson_2009,recipe:diba_2007,network,0.227696,0.207323,0.249518,20,0.295652,0.271003,0.322155,20,0.002,0,0.006,20,0.294266,0.268698,0.321368,20,20,0,0
recipe:davidson_2009,recipe:drieu_2018,network,0.405353,0.389248,0.422269,20,0.740776,0.722141,0.760599,20,0.0918039,0.0793996,0.104798,20,0.742629,0.724662,0.761804,20,20,0,0
recipe:davidson_2009,recipe:farooq_2019_neuron,network,0.254226,0.231136,0.276517,20,0.32881,0.302364,0.354635,20,0.00238095,0,0.00714286,20,0.32881,0.302364,0.354635,20,20,0,0
recipe:davidson_2009,recipe:farooq_2019_science,network,0.251744,0.229402,0.27274,20,0.32636,0.300488,0.351827,20,0,0,0,20,0.32636,0.300488,0.351827,20,20,0,0
recipe:davidson_2009,recipe:farooq_2019_science_awake,network,0.251744,0.229402,0.27274,20,0.32636,0.300488,0.351827,20,0,0,0,20,0.32636,0.300488,0.351827,20,20,0,0
recipe:davidson_2009,recipe:foster_2006,network,0.14118,0.121284,0.161484,20,0.18363,0.159575,0.208466,20,0,0,0,20,0.18363,0.159575,0.208466,20,20,0,0
recipe:davidson_2009,recipe:foster_2006_ripples,network,0.0733629,0.0636935,0.0831209,20,0.0964718,0.0833073,0.109515,20,0.0163786,0.00881083,0.0240058,20,0.0964718,0.0833073,0.109515,20,20,0,0
recipe:davidson_2009,recipe:gillespie_2021,network,0.477526,0.461357,0.494697,20,0.743634,0.726853,0.759337,20,0.0363626,0.0274855,0.0459479,20,0.743634,0.726853,0.759337,20,20,0,0
recipe:davidson_2009,recipe:gillespie_2021_mua,network,0.957766,0.942075,0.972437,20,0.962667,0.946831,0.977314,20,0.943847,0.920631,0.964966,20,0.962667,0.946831,0.977314,20,20,0,0
recipe:davidson_2009,recipe:gridchyn_2020,network,0.190048,0.183433,0.196921,20,0.826005,0.809644,0.841809,20,0.0516028,0.0457049,0.0575547,20,0.827976,0.811929,0.843529,20,20,0,0
recipe:davidson_2009,recipe:grosmark_2016,network,0.408887,0.38692,0.430394,20,0.525847,0.501634,0.551062,20,0.0120899,0.00369624,0.0216922,20,0.525847,0.501634,0.551062,20,20,0,0
recipe:davidson_2009,recipe:gupta_2010,network,0.0800807,0.0760709,0.0839168,20,0.69126,0.672938,0.709071,20,0.00697176,0.0055607,0.00855716,20,0.694679,0.676674,0.712691,20,20,0,0
recipe:davidson_2009,recipe:harvey_2023_code,network,0.453195,0.429833,0.476288,20,0.598233,0.572575,0.621623,20,0,0,0,20,0.598233,0.572575,0.621623,20,20,0,0
recipe:davidson_2009,recipe:harvey_2023_no_radiatum,network,0.370707,0.354276,0.389493,20,0.652676,0.631895,0.672703,20,0.0308744,0.023443,0.0384258,20,0.65358,0.632186,0.67345,20,20,0,0
recipe:davidson_2009,recipe:harvey_2023_text,network,0.402051,0.384538,0.419643,20,0.578928,0.560853,0.595589,20,0.00215677,0,0.00544991,20,0.578063,0.559759,0.594722,20,20,0,0
recipe:davidson_2009,recipe:huelin_gorriz_2023,network,0.505993,0.484077,0.526702,20,0.650669,0.62898,0.670807,20,0.0193699,0.00976705,0.0296729,20,0.650669,0.62898,0.670807,20,20,0,0
recipe:davidson_2009,recipe:igata_2021,network,0.27427,0.264907,0.283555,20,0.835816,0.81984,0.851383,20,0.0846417,0.077731,0.0919991,20,0.835816,0.81984,0.851383,20,20,0,0
recipe:davidson_2009,recipe:igata_2021_ripples,network,0.138462,0.13411,0.142724,20,0.753244,0.735996,0.770698,20,0.00970057,0.00768188,0.0119132,20,0.753244,0.735996,0.770698,20,20,0,0
recipe:davidson_2009,recipe:jadhav_2016,network,0.48145,0.459511,0.503808,20,0.626552,0.606573,0.646638,20,0.103049,0.0808075,0.127414,20,0.628672,0.608488,0.648544,20,20,0,0
recipe:davidson_2009,recipe:ji_2007,network,0.699314,0.643936,0.746766,20,0.833469,0.774466,0.881736,20,0.254243,0.186544,0.31733,20,0.833469,0.774466,0.881736,20,20,0,0
recipe:davidson_2009,recipe:ji_2007_ripples,network,0.00507844,0.00229216,0.00800648,20,0.00561756,0.00250911,0.00886906,20,0.00128205,0,0.00384615,20,0.00561756,0.00250911,0.00886906,20,20,0,0
recipe:davidson_2009,recipe:kaefer_2020,network,0.00933718,0.00567317,0.0130537,20,0.0124483,0.00756558,0.0173411,20,0,0,0,20,0.0124483,0.00756558,0.0173411,20,20,0,0
recipe:davidson_2009,recipe:karlsson_2009,network,0.525462,0.502578,0.550723,20,0.71282,0.692944,0.733087,20,0.102953,0.0788824,0.130744,20,0.71282,0.692944,0.733087,20,20,0,0
recipe:davidson_2009,recipe:krause_2022,network,0.531697,0.50661,0.557147,20,0.716831,0.693184,0.739103,20,0.00436303,0,0.00934052,20,0.716831,0.693184,0.739103,20,20,0,0
recipe:davidson_2009,recipe:krause_2022_hse,network,0.877183,0.8549,0.897563,20,0.940734,0.922269,0.956899,20,0.673184,0.629392,0.718339,20,0.939586,0.919337,0.956467,20,20,0,0
recipe:davidson_2009,recipe:kudrimoti_1999,network,0.0229202,0.0178569,0.0283014,20,0.0302061,0.0231625,0.0376528,20,0,0,0,20,0.0302061,0.0231625,0.0376528,20,20,0,0
recipe:davidson_2009,recipe:lee_2002,network,0.0642571,0.0623606,0.0660393,20,0.748344,0.730571,0.766596,20,0.0123926,0.0110132,0.0137469,20,0.745854,0.72597,0.765077,20,20,0,0
recipe:davidson_2009,recipe:lee_2002_ripples,network,0.0733629,0.0636935,0.0831209,20,0.0964718,0.0833073,0.109515,20,0.0163786,0.00881083,0.0240058,20,0.0964718,0.0833073,0.109515,20,20,0,0
recipe:davidson_2009,recipe:liu_2019,network,0.128711,0.124121,0.133326,20,0.655708,0.633705,0.67932,20,0.0288399,0.0249562,0.0326534,20,0.652403,0.63068,0.675762,20,20,0,0
recipe:davidson_2009,recipe:liu_2019_awake,network,0.128711,0.124121,0.133326,20,0.655708,0.633705,0.67932,20,0.0288399,0.0249562,0.0326534,20,0.652403,0.63068,0.675762,20,20,0,0
recipe:davidson_2009,recipe:liu_2023,network,0.411908,0.385175,0.437617,20,0.533733,0.504468,0.560572,20,0,0,0,20,0.533733,0.504468,0.560572,20,20,0,0
recipe:davidson_2009,recipe:maboudi_2018,network,0.817552,0.793432,0.840966,20,0.910246,0.890869,0.929275,20,0.522744,0.475156,0.572854,20,0.909115,0.888216,0.928855,20,20,0,0
recipe:davidson_2009,recipe:maboudi_2018_open_field,network,0.512226,0.491943,0.532682,20,0.740023,0.72368,0.755391,20,0.089183,0.0699988,0.11055,20,0.740023,0.72368,0.755391,20,20,0,0
recipe:davidson_2009,recipe:mallory_2025,network,0.522373,0.50499,0.541723,20,0.741777,0.727933,0.756979,20,0.168618,0.145787,0.191741,20,0.742659,0.72875,0.757636,20,20,0,0
recipe:davidson_2009,recipe:mallory_2025_ripples,network,0.493479,0.471279,0.516213,20,0.697435,0.678748,0.715351,20,0.0386276,0.0260818,0.052495,20,0.697435,0.678748,0.715351,20,20,0,0
recipe:davidson_2009,recipe:michon_2019,network,0.263894,0.245362,0.282293,20,0.344619,0.319283,0.367458,20,0,0,0,20,0.344619,0.319283,0.367458,20,20,0,0
recipe:davidson_2009,recipe:michon_2021,network,0.263894,0.245362,0.282293,20,0.344619,0.319283,0.367458,20,0,0,0,20,0.344619,0.319283,0.367458,20,20,0,0
recipe:davidson_2009,recipe:mou_2022,network,0.630022,0.556214,0.701502,20,0.889106,0.863024,0.91421,20,0.304281,0.246309,0.36443,20,0.886203,0.859257,0.91236,20,20,0,0
recipe:davidson_2009,recipe:muessig_2019,network,0.103436,0.0924237,0.115028,20,0.134865,0.121028,0.149187,20,0,0,0,20,0.134865,0.121028,0.149187,20,20,0,0
recipe:davidson_2009,recipe:muessig_2019_ripples,network,0.0320698,0.0309102,0.0331104,20,0.727955,0.711044,0.745375,20,0.00339762,0.00301285,0.00379528,20,0.733585,0.716921,0.750393,20,20,0,0
recipe:davidson_2009,recipe:nadasdy_1999,network,0.334132,0.316478,0.352702,20,0.471461,0.450565,0.492135,20,0.00359588,0,0.00740998,20,0.471461,0.450565,0.492135,20,20,0,0
recipe:davidson_2009,recipe:olafsdottir_2015,network,0.407036,0.390176,0.424467,20,0.673033,0.655722,0.692092,20,0.0238119,0.014387,0.0350081,20,0.673033,0.655722,0.692092,20,20,0,0
recipe:davidson_2009,recipe:olafsdottir_2015.bayesian_candidates,network,0.4351,0.415554,0.455305,20,0.628123,0.60506,0.653134,20,0.0144598,0.00712412,0.0231142,20,0.628123,0.60506,0.653134,20,20,0,0
recipe:davidson_2009,recipe:olafsdottir_2016,network,0.447091,0.421056,0.474463,20,0.597588,0.574055,0.625392,20,0.00263158,0,0.00657895,20,0.597588,0.574055,0.625392,20,20,0,0
recipe:davidson_2009,recipe:olafsdottir_2017,network,0.381126,0.366783,0.39435,20,0.724331,0.70604,0.744053,20,0.0724989,0.0600909,0.085693,20,0.724331,0.70604,0.744053,20,20,0,0
recipe:davidson_2009,recipe:olafsdottir_2017.trajectory,network,0.45238,0.427093,0.479915,20,0.597588,0.574055,0.625392,20,0.00277992,0,0.0069112,20,0.597588,0.574055,0.625392,20,20,0,0
recipe:davidson_2009,recipe:pfeiffer_2013,network,0.512226,0.491943,0.532682,20,0.740023,0.72368,0.755391,20,0.089183,0.0699988,0.11055,20,0.740023,0.72368,0.755391,20,20,0,0
recipe:davidson_2009,recipe:pfeiffer_2013_ripples,network,0.527219,0.503584,0.550572,20,0.727519,0.703691,0.749384,20,0.00384699,0,0.00828122,20,0.727519,0.703691,0.749384,20,20,0,0
recipe:davidson_2009,recipe:pfeiffer_2015,network,0.527804,0.504678,0.551058,20,0.727519,0.703691,0.749384,20,0.00393357,0,0.00839525,20,0.727519,0.703691,0.749384,20,20,0,0
recipe:davidson_2009,recipe:shin_2019,network,0.524068,0.500887,0.549543,20,0.71282,0.692944,0.733087,20,0.101977,0.077993,0.129601,20,0.71282,0.692944,0.733087,20,20,0,0
recipe:davidson_2009,recipe:silva_2015,network,0.480935,0.451927,0.51043,20,0.642531,0.613755,0.672336,20,0.0749201,0.0547166,0.0975353,20,0.642531,0.613755,0.672336,20,20,0,0
recipe:davidson_2009,recipe:stella_2019,network,0.399047,0.383709,0.41467,20,0.61968,0.601502,0.640065,20,0.0685617,0.053232,0.0854982,20,0.620815,0.602258,0.641088,20,20,0,0
recipe:davidson_2009,recipe:tang_2017,network,0.524068,0.500887,0.549543,20,0.71282,0.692944,0.733087,20,0.101977,0.077993,0.129601,20,0.71282,0.692944,0.733087,20,20,0,0
recipe:davidson_2009,recipe:tirole_2022,network,0.505993,0.484077,0.526702,20,0.650669,0.62898,0.670807,20,0.0193699,0.00976705,0.0296729,20,0.650669,0.62898,0.670807,20,20,0,0
recipe:davidson_2009,recipe:widloski_2025,network,0.418216,0.397822,0.43916,20,0.581235,0.56029,0.606107,20,0.00263338,0,0.00673735,20,0.574612,0.552309,0.601071,20,20,0,0
recipe:davidson_2009,recipe:widloski_2025_bursts,network,0.485586,0.465066,0.506503,20,0.615158,0.587389,0.6425,20,0.0463856,0.0277225,0.0673044,20,0.611359,0.582422,0.640374,20,20,0,0
recipe:davidson_2009,recipe:wikenheiser_2013,network,0.100684,0.0964168,0.104701,20,0.711977,0.693231,0.730325,20,0.0203985,0.0179258,0.0228722,20,0.708021,0.687925,0.726729,20,20,0,0
recipe:davidson_2009,recipe:wu_2014,network,0.239256,0.230062,0.248326,20,0.763045,0.74512,0.782027,20,0.0457782,0.0403329,0.0518947,20,0.763899,0.745928,0.78285,20,20,0,0
recipe:davidson_2009,recipe:wu_2017,network,0.513671,0.49203,0.533406,20,0.633682,0.611504,0.65518,20,0.149044,0.117408,0.18338,20,0.634555,0.612609,0.655751,20,20,0,0
recipe:davidson_2009,recipe:xu_2019,network,0.515104,0.496644,0.534779,20,0.743824,0.72795,0.760723,20,0.125253,0.104915,0.148298,20,0.743824,0.72795,0.760723,20,20,0,0
recipe:davidson_2009,recipe:yamamoto_2017,network,0.486421,0.466559,0.509159,20,0.706613,0.686548,0.726673,20,0.02797,0.0196904,0.0366791,20,0.706613,0.686548,0.726673,20,20,0,0
recipe:davidson_2009,recipe:yang_2024,network,0.408887,0.38692,0.430394,20,0.525847,0.501634,0.551062,20,0.0120899,0.00369624,0.0216922,20,0.525847,0.501634,0.551062,20,20,0,0
recipe:denovellis_2021,recipe:denovellis_2021_mua,network,0.262075,0.248411,0.275901,20,0.770935,0.753388,0.788134,20,0.0218156,0.0181424,0.0255905,20,0.770935,0.753388,0.788134,20,20,0,0
recipe:denovellis_2021,recipe:diba_2007,network,0.196248,0.179233,0.212214,20,0.270511,0.248284,0.292595,20,0,0,0,20,0.271227,0.247524,0.292993,20,20,0,0
recipe:denovellis_2021,recipe:drieu_2018,network,0.34151,0.325156,0.358216,20,0.722419,0.705005,0.740173,20,0.0262312,0.0206228,0.0319834,20,0.724753,0.707328,0.74299,20,20,0,0
recipe:denovellis_2021,recipe:farooq_2019_neuron,network,0.220535,0.20446,0.235769,20,0.301514,0.28131,0.321139,20,0.002,0,0.006,20,0.303927,0.282816,0.325097,20,20,0,0
recipe:denovellis_2021,recipe:farooq_2019_science,network,0.218929,0.203343,0.233907,20,0.299994,0.27968,0.319694,20,0,0,0,20,0.302417,0.281524,0.323246,20,20,0,0
recipe:denovellis_2021,recipe:farooq_2019_science_awake,network,0.218929,0.203343,0.233907,20,0.299994,0.27968,0.319694,20,0,0,0,20,0.302417,0.281524,0.323246,20,20,0,0
recipe:denovellis_2021,recipe:foster_2006,network,0.118817,0.103316,0.132314,20,0.164159,0.143456,0.182912,20,0,0,0,20,0.164838,0.14394,0.183531,20,20,0,0
recipe:denovellis_2021,recipe:foster_2006_ripples,network,0.135903,0.122484,0.149173,20,0.104246,0.0920288,0.116511,20,0.204418,0.16752,0.243586,20,0.106568,0.094159,0.118841,20,20,0,0
recipe:denovellis_2021,recipe:gillespie_2021,network,0.924074,0.91125,0.935357,20,0.975206,0.964138,0.98534,20,0.774212,0.748516,0.797242,20,0.985285,0.977944,0.991685,20,20,0,0
recipe:denovellis_2021,recipe:gillespie_2021_mua,network,0.495393,0.476427,0.514733,20,0.763153,0.74634,0.779263,20,0.0380187,0.0282346,0.0483936,20,0.763153,0.74634,0.779263,20,20,0,0
recipe:denovellis_2021,recipe:gridchyn_2020,network,0.141596,0.13447,0.148692,20,0.725634,0.710201,0.742356,20,0.0138449,0.0121689,0.0156755,20,0.751109,0.734307,0.767636,20,20,0,0
recipe:denovellis_2021,recipe:grosmark_2016,network,0.425528,0.408255,0.444787,20,0.596016,0.569785,0.621471,20,0.00312805,0,0.00786901,20,0.596016,0.569785,0.621471,20,20,0,0
recipe:denovellis_2021,recipe:gupta_2010,network,0.10546,0.0994915,0.110866,20,0.754399,0.729279,0.779703,20,0.0284507,0.0268326,0.0302163,20,0.791105,0.770187,0.813077,20,20,0,0
recipe:denovellis_2021,recipe:harvey_2023_code,network,0.50233,0.482045,0.52184,20,0.657447,0.631495,0.683437,20,0.0362859,0.021201,0.0524945,20,0.686359,0.660969,0.710292,20,20,0,0
recipe:denovellis_2021,recipe:harvey_2023_no_radiatum,network,0.404049,0.386105,0.422902,20,0.757734,0.74368,0.771413,20,0.0280211,0.0202139,0.0360397,20,0.771822,0.758564,0.785009,20,20,0,0
recipe:denovellis_2021,recipe:harvey_2023_text,network,0.51455,0.495358,0.53512,20,0.67067,0.651876,0.68971,20,0.110538,0.0842314,0.1393,20,0.708912,0.690197,0.728699,20,20,0,0
recipe:denovellis_2021,recipe:huelin_gorriz_2023,network,0.500274,0.477734,0.522294,20,0.697649,0.673738,0.722396,20,0.00485948,0,0.0104118,20,0.697649,0.673738,0.722396,20,20,0,0
recipe:denovellis_2021,recipe:igata_2021,network,0.197585,0.185362,0.209108,20,0.771568,0.752749,0.7898,20,0.0150835,0.0126894,0.0174794,20,0.771568,0.752749,0.7898,20,20,0,0
recipe:denovellis_2021,recipe:igata_2021_ripples,network,0.191756,0.184934,0.199261,20,0.895581,0.881307,0.90972,20,0.051188,0.0477174,0.054895,20,0.912493,0.899845,0.923584,20,20,0,0
recipe:denovellis_2021,recipe:jadhav_2016,network,0.619253,0.600739,0.637176,20,0.741703,0.724209,0.757694,20,0.254859,0.215895,0.291591,20,0.783804,0.766458,0.800321,20,20,0,0
recipe:denovellis_2021,recipe:ji_2007,network,0.514896,0.482675,0.54323,20,0.716563,0.669303,0.75475,20,0.0354591,0.0259616,0.0444629,20,0.718742,0.671234,0.757493,20,20,0,0
recipe:denovellis_2021,recipe:ji_2007_ripples,network,0.0477132,0.037837,0.0581252,20,0.00568024,0.00260049,0.0089374,20,0.14762,0.115092,0.181843,20,0.00691083,0.00365448,0.0105163,20,20,0,0
recipe:denovellis_2021,recipe:kaefer_2020,network,0.0384617,0.0302421,0.0473376,20,0.0135495,0.00840704,0.0188833,20,0.0996444,0.0763843,0.124991,20,0.0135495,0.00840704,0.0188833,20,20,0,0
recipe:denovellis_2021,recipe:karlsson_2009,network,0.743553,0.725636,0.76083,20,0.880689,0.867018,0.894568,20,0.387381,0.344419,0.429557,20,0.900256,0.888716,0.910824,20,20,0,0
recipe:denovellis_2021,recipe:krause_2022,network,0.687124,0.664224,0.708654,20,0.872012,0.855085,0.887385,20,0.19071,0.153302,0.233115,20,0.884367,0.868805,0.899506,20,20,0,0
recipe:denovellis_2021,recipe:krause_2022_hse,network,0.510955,0.490293,0.531703,20,0.763961,0.745288,0.782577,20,0.0366466,0.0267936,0.0473087,20,0.763087,0.744092,0.781707,20,20,0,0
recipe:denovellis_2021,recipe:kudrimoti_1999,network,0.0269001,0.0212026,0.0324789,20,0.0312199,0.0242424,0.0385951,20,0.0127366,0.00470234,0.0218651,20,0.0326017,0.0255825,0.0403309,20,20,0,0
recipe:denovellis_2021,recipe:lee_2002,network,0.0581901,0.0561111,0.060318,20,0.719194,0.702514,0.736182,20,0.00855045,0.00777331,0.00941896,20,0.724312,0.708938,0.740294,20,20,0,0
recipe:denovellis_2021,recipe:lee_2002_ripples,network,0.135903,0.122484,0.149173,20,0.104246,0.0920288,0.116511,20,0.204418,0.16752,0.243586,20,0.106568,0.094159,0.118841,20,20,0,0
recipe:denovellis_2021,recipe:liu_2019,network,0.119366,0.114485,0.124177,20,0.652376,0.634613,0.670298,20,0.0216605,0.0195459,0.0238466,20,0.646962,0.628509,0.665303,20,20,0,0
recipe:denovellis_2021,recipe:liu_2019_awake,network,0.119366,0.114485,0.124177,20,0.652376,0.634613,0.670298,20,0.0216605,0.0195459,0.0238466,20,0.646962,0.628509,0.665303,20,20,0,0
recipe:denovellis_2021,recipe:liu_2023,network,0.418046,0.394926,0.439528,20,0.583731,0.5561,0.610214,20,0,0,0,20,0.583731,0.5561,0.610214,20,20,0,0
recipe:denovellis_2021,recipe:maboudi_2018,network,0.518958,0.499476,0.537671,20,0.762407,0.738914,0.785073,20,0.0316679,0.0218908,0.0425177,20,0.761533,0.7379,0.784422,20,20,0,0
recipe:denovellis_2021,recipe:maboudi_2018_open_field,network,0.437618,0.420138,0.458033,20,0.709323,0.688903,0.729049,20,0.0161803,0.00865763,0.0249634,20,0.710144,0.690113,0.729397,20,20,0,0
recipe:denovellis_2021,recipe:mallory_2025,network,0.423711,0.406253,0.443339,20,0.720972,0.703182,0.738844,20,0.0367805,0.026717,0.0476863,20,0.721933,0.703991,0.740066,20,20,0,0
recipe:denovellis_2021,recipe:mallory_2025_ripples,network,0.694516,0.676144,0.712615,20,0.87183,0.864014,0.879741,20,0.278696,0.239786,0.318672,20,0.885237,0.875589,0.894693,20,20,0,0
recipe:denovellis_2021,recipe:michon_2019,network,0.260793,0.245052,0.276232,20,0.365041,0.342711,0.386904,20,0,0,0,20,0.365041,0.342711,0.386904,20,20,0,0
recipe:denovellis_2021,recipe:michon_2021,network,0.260793,0.245052,0.276232,20,0.365041,0.342711,0.386904,20,0,0,0,20,0.365041,0.342711,0.386904,20,20,0,0
recipe:denovellis_2021,recipe:mou_2022,network,0.401504,0.358976,0.442755,20,0.759059,0.740241,0.776286,20,0.0229047,0.0172648,0.0292272,20,0.755663,0.73712,0.772969,20,20,0,0
recipe:denovellis_2021,recipe:muessig_2019,network,0.0997216,0.0895668,0.11087,20,0.137633,0.124335,0.152153,20,0,0,0,20,0.140149,0.12603,0.155336,20,20,0,0
recipe:denovellis_2021,recipe:muessig_2019_ripples,network,0.0398366,0.0379266,0.0416785,20,0.79797,0.77854,0.819416,20,0.0096792,0.00906245,0.0103412,20,0.830256,0.812267,0.849197,20,20,0,0
recipe:denovellis_2021,recipe:nadasdy_1999,network,0.474489,0.456496,0.490569,20,0.540357,0.517488,0.563505,20,0.244728,0.207815,0.280679,20,0.571549,0.549437,0.593762,20,20,0,0
recipe:denovellis_2021,recipe:olafsdottir_2015,network,0.376892,0.356715,0.399666,20,0.66001,0.633164,0.687276,20,0.0116827,0.00587137,0.0181715,20,0.661772,0.6348,0.689684,20,20,0,0
recipe:denovellis_2021,recipe:olafsdottir_2015.bayesian_candidates,network,0.396961,0.376352,0.420861,20,0.604638,0.577218,0.635198,20,0.00927852,0.00290301,0.0164679,20,0.605515,0.577639,0.635366,20,20,0,0
recipe:denovellis_2021,recipe:olafsdottir_2016,network,0.406463,0.384667,0.431463,20,0.570108,0.543464,0.599781,20,0.00524692,0.00104167,0.0102714,20,0.574096,0.547616,0.603841,20,20,0,0
recipe:denovellis_2021,recipe:olafsdottir_2017,network,0.331713,0.316977,0.346583,20,0.69771,0.676712,0.719359,20,0.0274366,0.0221458,0.0328269,20,0.707207,0.685817,0.727549,20,20,0,0
recipe:denovellis_2021,recipe:olafsdottir_2017.trajectory,network,0.410921,0.389545,0.435539,20,0.570108,0.543464,0.599781,20,0.00546402,0.00113636,0.010767,20,0.574096,0.547616,0.603841,20,20,0,0
recipe:denovellis_2021,recipe:pfeiffer_2013,network,0.437618,0.420138,0.458033,20,0.709323,0.688903,0.729049,20,0.0161803,0.00865763,0.0249634,20,0.710144,0.690113,0.729397,20,20,0,0
recipe:denovellis_2021,recipe:pfeiffer_2013_ripples,network,0.759492,0.742066,0.777025,20,0.927143,0.910321,0.942498,20,0.293953,0.252144,0.336577,20,0.941194,0.92531,0.955262,20,20,0,0
recipe:denovellis_2021,recipe:pfeiffer_2015,network,0.760515,0.743559,0.778003,20,0.927143,0.910321,0.942498,20,0.2955,0.252921,0.33934,20,0.941194,0.92531,0.955262,20,20,0,0
recipe:denovellis_2021,recipe:shin_2019,network,0.746958,0.728931,0.763628,20,0.880689,0.867018,0.894568,20,0.397897,0.351596,0.442584,20,0.900256,0.888716,0.910824,20,20,0,0
recipe:denovellis_2021,recipe:silva_2015,network,0.411513,0.391146,0.434663,20,0.604057,0.579087,0.629366,20,0.0176321,0.00963987,0.0264396,20,0.605197,0.580577,0.630033,20,20,0,0
recipe:denovellis_2021,recipe:stella_2019,network,0.555135,0.543079,0.566936,20,0.736484,0.7157,0.757162,20,0.224606,0.206271,0.242715,20,0.773901,0.760365,0.789358,20,20,0,0
recipe:denovellis_2021,recipe:tang_2017,network,0.746958,0.728931,0.763628,20,0.880689,0.867018,0.894568,20,0.397897,0.351596,0.442584,20,0.900256,0.888716,0.910824,20,20,0,0
recipe:denovellis_2021,recipe:tirole_2022,network,0.500274,0.477734,0.522294,20,0.697649,0.673738,0.722396,20,0.00485948,0,0.0104118,20,0.697649,0.673738,0.722396,20,20,0,0
recipe:denovellis_2021,recipe:widloski_2025,network,0.519501,0.500458,0.538375,20,0.672109,0.647938,0.699045,20,0.169786,0.130924,0.209692,20,0.668846,0.645736,0.694755,20,20,0,0
recipe:denovellis_2021,recipe:widloski_2025_bursts,network,0.418566,0.403533,0.434112,20,0.575069,0.553508,0.595598,20,0.0124886,0.00508508,0.0209801,20,0.566484,0.542498,0.589159,20,20,0,0
recipe:denovellis_2021,recipe:wikenheiser_2013,network,0.0993547,0.094657,0.103773,20,0.713582,0.69727,0.730075,20,0.0204447,0.0181273,0.0230194,20,0.709777,0.692309,0.727344,20,20,0,0
recipe:denovellis_2021,recipe:wu_2014,network,0.204466,0.192081,0.216627,20,0.751176,0.734036,0.768188,20,0.013811,0.0103676,0.0175664,20,0.753244,0.735666,0.770927,20,20,0,0
recipe:denovellis_2021,recipe:wu_2017,network,0.425863,0.41046,0.441117,20,0.586308,0.566388,0.605975,20,0.0384262,0.0255415,0.0512757,20,0.595304,0.57576,0.615942,20,20,0,0
recipe:denovellis_2021,recipe:xu_2019,network,0.429157,0.410384,0.44898,20,0.719763,0.700896,0.737383,20,0.0247137,0.0165215,0.0339298,20,0.72074,0.701816,0.738231,20,20,0,0
recipe:denovellis_2021,recipe:yamamoto_2017,network,0.523298,0.501353,0.54284,20,0.739585,0.718804,0.761898,20,0.0683583,0.048331,0.0901362,20,0.765337,0.740612,0.789788,20,20,0,0
recipe:denovellis_2021,recipe:yang_2024,network,0.425528,0.408255,0.444787,20,0.596016,0.569785,0.621471,20,0.00312805,0,0.00786901,20,0.596016,0.569785,0.621471,20,20,0,0
recipe:denovellis_2021_mua,recipe:diba_2007,network,0.0928232,0.0837286,0.101622,20,0.268319,0.245093,0.291965,20,0.000827582,0,0.00174783,20,0.267162,0.242901,0.291193,20,20,0,0
recipe:denovellis_2021_mua,recipe:drieu_2018,network,0.286319,0.275721,0.297282,20,0.775828,0.758655,0.792226,20,0.0873606,0.0796814,0.0951979,20,0.777575,0.760798,0.793248,20,20,0,0
recipe:denovellis_2021_mua,recipe:farooq_2019_neuron,network,0.103339,0.0930691,0.113243,20,0.298885,0.275201,0.324414,20,0.000352113,0,0.00105634,20,0.298885,0.275201,0.324414,20,20,0,0
recipe:denovellis_2021_mua,recipe:farooq_2019_science,network,0.10233,0.0925617,0.111841,20,0.296758,0.273686,0.321878,20,0,0,0,20,0.296758,0.273686,0.321878,20,20,0,0
recipe:denovellis_2021_mua,recipe:farooq_2019_science_awake,network,0.10233,0.0925617,0.111841,20,0.296758,0.273686,0.321878,20,0,0,0,20,0.296758,0.273686,0.321878,20,20,0,0
recipe:denovellis_2021_mua,recipe:foster_2006,network,0.0559045,0.0474883,0.0637837,20,0.162196,0.139071,0.184193,20,0,0,0,20,0.162196,0.139071,0.184193,20,20,0,0
recipe:denovellis_2021_mua,recipe:foster_2006_ripples,network,0.0353455,0.0316109,0.0393011,20,0.0866738,0.0760243,0.0970519,20,0.00902357,0.00604296,0.0122673,20,0.0866738,0.0760243,0.0970519,20,20,0,0
recipe:denovellis_2021_mua,recipe:gillespie_2021,network,0.261191,0.247922,0.274614,20,0.77139,0.753126,0.789259,20,0.0216813,0.0183215,0.0252132,20,0.77139,0.753126,0.789259,20,20,0,0
recipe:denovellis_2021_mua,recipe:gillespie_2021_mua,network,0.387555,0.374869,0.400301,20,0.869682,0.8601,0.879988,20,0.133244,0.123033,0.143293,20,0.869682,0.8601,0.879988,20,20,0,0
recipe:denovellis_2021_mua,recipe:gridchyn_2020,network,0.380634,0.367614,0.393032,20,0.913384,0.901978,0.923954,20,0.269542,0.253254,0.28541,20,0.917546,0.906159,0.927817,20,20,0,0
recipe:denovellis_2021_mua,recipe:grosmark_2016,network,0.168907,0.157245,0.180812,20,0.485498,0.460874,0.5094,20,0.00185112,0.000773405,0.00309084,20,0.485498,0.460874,0.5094,20,20,0,0
recipe:denovellis_2021_mua,recipe:gupta_2010,network,0.107637,0.10434,0.110684,20,0.744797,0.727394,0.763573,20,0.0369099,0.0346405,0.0390886,20,0.749074,0.731055,0.767988,20,20,0,0
recipe:denovellis_2021_mua,recipe:harvey_2023_code,network,0.195684,0.180786,0.210604,20,0.566073,0.544613,0.586843,20,0,0,0,20,0.566073,0.544613,0.586843,20,20,0,0
recipe:denovellis_2021_mua,recipe:harvey_2023_no_radiatum,network,0.215225,0.204296,0.226626,20,0.636946,0.618795,0.655791,20,0.0312899,0.0257984,0.0373794,20,0.637738,0.619102,0.656706,20,20,0,0
recipe:denovellis_2021_mua,recipe:harvey_2023_text,network,0.187533,0.175776,0.199677,20,0.561486,0.54035,0.583217,20,0.0018191,0.000742516,0.00296062,20,0.560739,0.539626,0.582475,20,20,0,0
recipe:denovellis_2021_mua,recipe:huelin_gorriz_2023,network,0.207071,0.193363,0.220811,20,0.592681,0.57122,0.613543,20,0.00379208,0.00212964,0.00556721,20,0.592681,0.57122,0.613543,20,20,0,0
recipe:denovellis_2021_mua,recipe:igata_2021,network,0.712202,0.697733,0.725252,20,0.993518,0.988857,0.997305,20,0.617743,0.600464,0.633607,20,0.994599,0.991188,0.997396,20,20,0,0
recipe:denovellis_2021_mua,recipe:igata_2021_ripples,network,0.134113,0.130104,0.13832,20,0.776793,0.758808,0.793665,20,0.0253003,0.0212576,0.0290999,20,0.776793,0.758808,0.793665,20,20,0,0
recipe:denovellis_2021_mua,recipe:jadhav_2016,network,0.229327,0.216191,0.243078,20,0.621393,0.601882,0.640097,20,0.0275658,0.0231569,0.031949,20,0.623267,0.603282,0.642846,20,20,0,0
recipe:denovellis_2021_mua,recipe:ji_2007,network,0.288296,0.261548,0.314349,20,0.761263,0.705795,0.808411,20,0.0387233,0.027183,0.0500969,20,0.761263,0.705795,0.808411,20,20,0,0
recipe:denovellis_2021_mua,recipe:ji_2007_ripples,network,0.00437701,0.00264966,0.00629882,20,0.0051536,0.00213707,0.00828978,20,0.00349743,0.00199612,0.00510072,20,0.0051536,0.00213707,0.00828978,20,20,0,0
recipe:denovellis_2021_mua,recipe:kaefer_2020,network,0.00585224,0.00402281,0.00784055,20,0.0109957,0.0068585,0.0152977,20,0.00304769,0.00183765,0.00427919,20,0.0109957,0.0068585,0.0152977,20,20,0,0
recipe:denovellis_2021_mua,recipe:karlsson_2009,network,0.258074,0.242965,0.273629,20,0.708125,0.688443,0.727453,20,0.0310794,0.0260159,0.0359361,20,0.708125,0.688443,0.727453,20,20,0,0
recipe:denovellis_2021_mua,recipe:krause_2022,network,0.245295,0.228571,0.262031,20,0.70282,0.680597,0.723323,20,0.00633258,0.00372907,0.00917638,20,0.70282,0.680597,0.723323,20,20,0,0
recipe:denovellis_2021_mua,recipe:krause_2022_hse,network,0.367795,0.355144,0.381489,20,0.866752,0.857591,0.875789,20,0.104557,0.0957839,0.113734,20,0.866752,0.857591,0.875789,20,20,0,0
recipe:denovellis_2021_mua,recipe:kudrimoti_1999,network,0.00906774,0.00722671,0.010979,20,0.0268964,0.0209557,0.0334085,20,0,0,0,20,0.0268964,0.0209557,0.0334085,20,20,0,0
recipe:denovellis_2021_mua,recipe:lee_2002,network,0.135765,0.132404,0.139076,20,0.8634,0.849097,0.87775,20,0.0809754,0.0763953,0.0855582,20,0.865178,0.84955,0.880206,20,20,0,0
recipe:denovellis_2021_mua,recipe:lee_2002_ripples,network,0.0353455,0.0316109,0.0393011,20,0.0866738,0.0760243,0.0970519,20,0.00902357,0.00604296,0.0122673,20,0.0866738,0.0760243,0.0970519,20,20,0,0
recipe:denovellis_2021_mua,recipe:liu_2019,network,0.263485,0.257808,0.269012,20,0.758084,0.739439,0.776991,20,0.17382,0.164485,0.181875,20,0.756437,0.737027,0.77536,20,20,0,0
recipe:denovellis_2021_mua,recipe:liu_2019_awake,network,0.263485,0.257808,0.269012,20,0.758084,0.739439,0.776991,20,0.17382,0.164485,0.181875,20,0.756437,0.737027,0.77536,20,20,0,0
recipe:denovellis_2021_mua,recipe:liu_2023,network,0.168511,0.155773,0.182144,20,0.485997,0.463246,0.506994,20,0,0,0,20,0.486827,0.464027,0.508078,20,20,0,0
recipe:denovellis_2021_mua,recipe:maboudi_2018,network,0.343076,0.32927,0.3583,20,0.839993,0.828895,0.851046,20,0.081343,0.0733732,0.0897214,20,0.839993,0.828895,0.851046,20,20,0,0
recipe:denovellis_2021_mua,recipe:maboudi_2018_open_field,network,0.282624,0.266535,0.298913,20,0.752169,0.735009,0.769299,20,0.0512816,0.0444186,0.0584553,20,0.752169,0.735009,0.769299,20,20,0,0
recipe:denovellis_2021_mua,recipe:mallory_2025,network,0.312269,0.297366,0.326617,20,0.77336,0.758191,0.788297,20,0.0902966,0.080897,0.10036,20,0.774178,0.759317,0.788845,20,20,0,0
recipe:denovellis_2021_mua,recipe:mallory_2025_ripples,network,0.245004,0.229945,0.259658,20,0.69219,0.673861,0.709131,20,0.0187952,0.0144861,0.0229676,20,0.69219,0.673861,0.709131,20,20,0,0
recipe:denovellis_2021_mua,recipe:michon_2019,network,0.102979,0.0951537,0.110833,20,0.299874,0.279801,0.318861,20,0,0,0,20,0.299874,0.279801,0.318861,20,20,0,0
recipe:denovellis_2021_mua,recipe:michon_2021,network,0.102979,0.0951537,0.110833,20,0.299874,0.279801,0.318861,20,0,0,0,20,0.299874,0.279801,0.318861,20,20,0,0
recipe:denovellis_2021_mua,recipe:mou_2022,network,0.475741,0.416441,0.535358,20,0.904806,0.880582,0.928146,20,0.267361,0.190554,0.345785,20,0.902979,0.87916,0.925761,20,20,0,0
recipe:denovellis_2021_mua,recipe:muessig_2019,network,0.0412357,0.0362861,0.0466207,20,0.119282,0.107048,0.130991,20,0,0,0,20,0.119282,0.107048,0.130991,20,20,0,0
recipe:denovellis_2021_mua,recipe:muessig_2019_ripples,network,0.0511113,0.0496331,0.0525465,20,0.776599,0.758967,0.794496,20,0.020622,0.0189808,0.0222434,20,0.782852,0.765943,0.799986,20,20,0,0
recipe:denovellis_2021_mua,recipe:nadasdy_1999,network,0.154307,0.145462,0.163508,20,0.451544,0.431111,0.47314,20,0.00500414,0.00275122,0.00768803,20,0.451544,0.431111,0.47314,20,20,0,0
recipe:denovellis_2021_mua,recipe:olafsdottir_2015,network,0.242079,0.227689,0.257323,20,0.681215,0.661415,0.700624,20,0.0398755,0.0328342,0.0473931,20,0.681215,0.661415,0.700624,20,20,0,0
recipe:denovellis_2021_mua,recipe:olafsdottir_2015.bayesian_candidates,network,0.220996,0.206249,0.23552,20,0.617762,0.593988,0.642158,20,0.0210822,0.015442,0.0270412,20,0.617762,0.593988,0.642158,20,20,0,0
recipe:denovellis_2021_mua,recipe:olafsdottir_2016,network,0.200288,0.185849,0.215529,20,0.580354,0.556985,0.605363,20,0.00262865,0.00104165,0.00447323,20,0.581202,0.558359,0.606321,20,20,0,0
recipe:denovellis_2021_mua,recipe:olafsdottir_2017,network,0.259419,0.247097,0.272076,20,0.748941,0.727205,0.7681,20,0.0651921,0.0580081,0.0727328,20,0.74987,0.728161,0.768886,20,20,0,0
recipe:denovellis_2021_mua,recipe:olafsdottir_2017.trajectory,network,0.200672,0.186338,0.216252,20,0.580354,0.556985,0.605363,20,0.00186611,0.000727014,0.00322995,20,0.581202,0.558359,0.606321,20,20,0,0
recipe:denovellis_2021_mua,recipe:pfeiffer_2013,network,0.282624,0.266535,0.298913,20,0.752169,0.735009,0.769299,20,0.0512816,0.0444186,0.0584553,20,0.752169,0.735009,0.769299,20,20,0,0
recipe:denovellis_2021_mua,recipe:pfeiffer_2013_ripples,network,0.256219,0.239614,0.272871,20,0.734582,0.711867,0.756486,20,0.00877063,0.00533076,0.0126179,20,0.734582,0.711867,0.756486,20,20,0,0
recipe:denovellis_2021_mua,recipe:pfeiffer_2015,network,0.256356,0.23971,0.272997,20,0.734582,0.711867,0.756486,20,0.00878601,0.00534603,0.0126723,20,0.734582,0.711867,0.756486,20,20,0,0
recipe:denovellis_2021_mua,recipe:shin_2019,network,0.258056,0.242666,0.273948,20,0.708125,0.688443,0.727453,20,0.0313669,0.026105,0.0362825,20,0.708125,0.688443,0.727453,20,20,0,0
recipe:denovellis_2021_mua,recipe:silva_2015,network,0.232736,0.218341,0.248195,20,0.629098,0.604206,0.654244,20,0.0293144,0.0234411,0.0355411,20,0.629098,0.604206,0.654244,20,20,0,0
recipe:denovellis_2021_mua,recipe:stella_2019,network,0.212901,0.20213,0.22382,20,0.608888,0.587832,0.631911,20,0.0314915,0.0263406,0.0367447,20,0.609851,0.589365,0.632286,20,20,0,0
recipe:denovellis_2021_mua,recipe:tang_2017,network,0.258056,0.242666,0.273948,20,0.708125,0.688443,0.727453,20,0.0313669,0.026105,0.0362825,20,0.708125,0.688443,0.727453,20,20,0,0
recipe:denovellis_2021_mua,recipe:tirole_2022,network,0.207071,0.193363,0.220811,20,0.592681,0.57122,0.613543,20,0.00379208,0.00212964,0.00556721,20,0.592681,0.57122,0.613543,20,20,0,0
recipe:denovellis_2021_mua,recipe:widloski_2025,network,0.192512,0.181595,0.204341,20,0.549344,0.528054,0.573732,20,0.00994981,0.00618452,0.0142165,20,0.546334,0.523703,0.571103,20,20,0,0
recipe:denovellis_2021_mua,recipe:widloski_2025_bursts,network,0.193867,0.183301,0.2056,20,0.550896,0.523116,0.578624,20,0.00710424,0.00412614,0.0104492,20,0.549153,0.521089,0.576842,20,20,0,0
recipe:denovellis_2021_mua,recipe:wikenheiser_2013,network,0.215553,0.207507,0.224229,20,0.827432,0.812735,0.84107,20,0.136117,0.127117,0.145565,20,0.825744,0.810031,0.841574,20,20,0,0
recipe:denovellis_2021_mua,recipe:wu_2014,network,0.266995,0.257639,0.276183,20,0.832171,0.819355,0.843487,20,0.116934,0.10817,0.126152,20,0.833918,0.821906,0.844806,20,20,0,0
recipe:denovellis_2021_mua,recipe:wu_2017,network,0.212953,0.200657,0.225475,20,0.567208,0.550291,0.584227,20,0.0278087,0.021785,0.0342451,20,0.56797,0.551323,0.58487,20,20,0,0
recipe:denovellis_2021_mua,recipe:xu_2019,network,0.292865,0.279533,0.305796,20,0.767619,0.751796,0.783388,20,0.0642082,0.0549437,0.0738671,20,0.767619,0.751796,0.783388,20,20,0,0
recipe:denovellis_2021_mua,recipe:yamamoto_2017,network,0.221118,0.207086,0.234829,20,0.652687,0.632837,0.675316,20,0.00987661,0.00735358,0.0123905,20,0.652687,0.632837,0.675316,20,20,0,0
recipe:denovellis_2021_mua,recipe:yang_2024,network,0.168907,0.157245,0.180812,20,0.485498,0.460874,0.5094,20,0.00185112,0.000773405,0.00309084,20,0.485498,0.460874,0.5094,20,20,0,0
recipe:diba_2007,recipe:drieu_2018,network,0.159508,0.146436,0.172609,20,0.326751,0.299664,0.354038,20,0.00242826,0.000574713,0.00481442,20,0.32591,0.297547,0.354038,20,20,0,0
recipe:diba_2007,recipe:farooq_2019_neuron,network,0.400391,0.370762,0.434781,20,0.403804,0.374091,0.437504,20,0,0,0,6,0.403804,0.374091,0.437504,20,20,0,0
recipe:diba_2007,recipe:farooq_2019_science,network,0.402719,0.373061,0.436524,20,0.405694,0.376234,0.439228,20,0,0,0,5,0.405694,0.376234,0.439228,20,20,0,0
recipe:diba_2007,recipe:farooq_2019_science_awake,network,0.402719,0.373061,0.436524,20,0.405694,0.376234,0.439228,20,0,0,0,5,0.405694,0.376234,0.439228,20,20,0,0
recipe:diba_2007,recipe:foster_2006,network,0.418638,0.36298,0.471558,20,0.421466,0.367732,0.473156,20,0,0,0,5,0.414174,0.36007,0.467158,20,20,0,0
recipe:diba_2007,recipe:foster_2006_ripples,network,0.0764616,0.0585931,0.0970595,20,0.0992432,0.0721365,0.129802,20,0,0,0,20,0.101058,0.0730202,0.131676,20,20,0,0
recipe:diba_2007,recipe:gillespie_2021,network,0.193782,0.176479,0.210667,20,0.270447,0.248171,0.292441,20,0,0,0,20,0.270476,0.246646,0.292285,20,20,0,0
recipe:diba_2007,recipe:gillespie_2021_mua,network,0.232146,0.211607,0.254002,20,0.300021,0.275,0.325174,20,0.00192308,0,0.00576923,20,0.298638,0.272637,0.324505,20,20,0,0
recipe:diba_2007,recipe:gridchyn_2020,network,0.0476538,0.0437757,0.0519158,20,0.268012,0.244382,0.291485,20,0.000475511,0.000113379,0.000938402,20,0.268077,0.243091,0.292626,20,20,0,0
recipe:diba_2007,recipe:grosmark_2016,network,0.299425,0.271597,0.324634,20,0.302497,0.274779,0.327366,20,0,0,0,8,0.301251,0.274553,0.325481,20,20,0,0
recipe:diba_2007,recipe:gupta_2010,network,0.0256038,0.0229484,0.0283601,20,0.243675,0.221539,0.265618,20,6.39386e-05,0,0.000191816,20,0.248838,0.227287,0.269581,20,20,0,0
recipe:diba_2007,recipe:harvey_2023_code,network,0.269446,0.244575,0.296334,20,0.28082,0.255761,0.308134,20,0,0,0,17,0.284572,0.258417,0.311522,20,20,0,0
recipe:diba_2007,recipe:harvey_2023_no_radiatum,network,0.164929,0.149048,0.18175,20,0.283661,0.260989,0.306251,20,0,0,0,20,0.282991,0.25848,0.306467,20,20,0,0
recipe:diba_2007,recipe:harvey_2023_text,network,0.223938,0.204845,0.244685,20,0.272429,0.248931,0.297077,20,0,0,0,20,0.274329,0.25038,0.298703,20,20,0,0
recipe:diba_2007,recipe:huelin_gorriz_2023,network,0.339587,0.311136,0.364527,20,0.344841,0.316529,0.369441,20,0,0,0,13,0.342676,0.312879,0.368285,20,20,0,0
recipe:diba_2007,recipe:igata_2021,network,0.0677634,0.0608797,0.0746835,20,0.266777,0.243815,0.290085,20,0.000526038,0,0.00109721,20,0.265633,0.241684,0.289447,20,20,0,0
recipe:diba_2007,recipe:igata_2021_ripples,network,0.0449587,0.0411064,0.0485266,20,0.269836,0.247688,0.290228,20,0,0,0,20,0.270004,0.246654,0.291284,20,20,0,0
recipe:diba_2007,recipe:jadhav_2016,network,0.233344,0.211715,0.255672,20,0.274274,0.251073,0.29849,20,0,0,0,20,0.272516,0.248672,0.297551,20,20,0,0
recipe:diba_2007,recipe:ji_2007,network,0.299065,0.269744,0.331427,20,0.326258,0.296079,0.359082,20,0.00657895,0,0.0208333,19,0.325583,0.294247,0.358931,20,20,0,0
recipe:diba_2007,recipe:ji_2007_ripples,network,0.00706668,0.00128205,0.0141341,20,0.00489583,0,0.013125,20,0,0,0,20,0.00489583,0,0.013125,20,20,0,0
recipe:diba_2007,recipe:kaefer_2020,network,0.0162433,0.00582421,0.0274793,20,0.0172655,0.00664681,0.0281209,20,0,0,0,20,0.0193488,0.00868484,0.0302094,20,20,0,0
recipe:diba_2007,recipe:karlsson_2009,network,0.227952,0.20807,0.247646,20,0.284759,0.260923,0.307796,20,0,0,0,20,0.284701,0.259252,0.308282,20,20,0,0
recipe:diba_2007,recipe:krause_2022,network,0.27493,0.253009,0.296634,20,0.300129,0.276454,0.322136,20,0,0,0,20,0.299301,0.27401,0.322016,20,20,0,0
recipe:diba_2007,recipe:krause_2022_hse,network,0.244738,0.223034,0.266914,20,0.302148,0.276518,0.327497,20,0.00227273,0,0.00681818,20,0.300046,0.273284,0.326482,20,20,0,0
recipe:diba_2007,recipe:kudrimoti_1999,network,0.0278834,0.0121911,0.0479459,20,0.028518,0.0125316,0.0486384,20,0,0,0,9,0.028518,0.0125316,0.0486384,20,20,0,0
recipe:diba_2007,recipe:lee_2002,network,0.0173487,0.0159547,0.0188751,20,0.251791,0.230956,0.274104,20,0.000147167,3.53857e-05,0.000291763,20,0.248723,0.228655,0.270222,20,20,0,0
recipe:diba_2007,recipe:lee_2002_ripples,network,0.0764616,0.0585931,0.0970595,20,0.0992432,0.0721365,0.129802,20,0,0,0,20,0.101058,0.0730202,0.131676,20,20,0,0
recipe:diba_2007,recipe:liu_2019,network,0.0354997,0.0327831,0.0383113,20,0.237864,0.217161,0.258828,20,0.000371444,9.27644e-05,0.000737996,20,0.230981,0.210209,0.251749,20,20,0,0
recipe:diba_2007,recipe:liu_2019_awake,network,0.0354997,0.0327831,0.0383113,20,0.237864,0.217161,0.258828,20,0.000371444,9.27644e-05,0.000737996,20,0.230981,0.210209,0.251749,20,20,0,0
recipe:diba_2007,recipe:liu_2023,network,0.33032,0.300219,0.360636,20,0.332011,0.302203,0.361532,20,0,0,0,6,0.329855,0.299786,0.360367,20,20,0,0
recipe:diba_2007,recipe:maboudi_2018,network,0.261982,0.239397,0.285271,20,0.311438,0.286188,0.337623,20,0.003125,0,0.009375,20,0.309248,0.282751,0.336526,20,20,0,0
recipe:diba_2007,recipe:maboudi_2018_open_field,network,0.248162,0.229332,0.266692,20,0.339938,0.314459,0.364943,20,0.00636799,0,0.0138051,20,0.339938,0.314459,0.364943,20,20,0,0
recipe:diba_2007,recipe:mallory_2025,network,0.217289,0.196767,0.237208,20,0.330639,0.304519,0.358002,20,0.00366849,0,0.00794425,20,0.330639,0.304519,0.358002,20,20,0,0
recipe:diba_2007,recipe:mallory_2025_ripples,network,0.228285,0.207344,0.24837,20,0.280936,0.25617,0.303166,20,0,0,0,20,0.280211,0.253982,0.303166,20,20,0,0
recipe:diba_2007,recipe:michon_2019,network,0.254673,0.230777,0.281591,20,0.256144,0.232161,0.282903,20,0,0,0,5,0.251661,0.229271,0.275997,20,20,0,0
recipe:diba_2007,recipe:michon_2021,network,0.254673,0.230777,0.281591,20,0.256144,0.232161,0.282903,20,0,0,0,5,0.251661,0.229271,0.275997,20,20,0,0
recipe:diba_2007,recipe:mou_2022,network,0.185656,0.150448,0.223943,20,0.293314,0.26641,0.321004,20,0.00161728,0,0.00423457,20,0.28897,0.260593,0.318992,20,20,0,0
recipe:diba_2007,recipe:muessig_2019,network,0.242872,0.213916,0.268638,20,0.244905,0.216017,0.27101,20,0,0,0,5,0.244905,0.216017,0.27101,20,20,0,0
recipe:diba_2007,recipe:muessig_2019_ripples,network,0.00983918,0.00905446,0.01062,20,0.262824,0.239463,0.284866,20,6.59715e-05,0,0.000133148,20,0.26418,0.240685,0.285792,20,20,0,0
recipe:diba_2007,recipe:nadasdy_1999,network,0.21732,0.195545,0.237744,20,0.260863,0.236632,0.283234,20,0,0,0,20,0.261182,0.234568,0.284909,20,20,0,0
recipe:diba_2007,recipe:olafsdottir_2015,network,0.232814,0.219066,0.247641,20,0.364956,0.334413,0.397239,20,0.00881548,0.00230159,0.0170671,20,0.364956,0.334413,0.397239,20,20,0,0
recipe:diba_2007,recipe:olafsdottir_2015.bayesian_candidates,network,0.320636,0.300997,0.3404,20,0.404155,0.37222,0.437028,20,0.0184028,0.00277778,0.0375,20,0.404155,0.37222,0.437028,20,20,0,0
recipe:diba_2007,recipe:olafsdottir_2016,network,0.401941,0.372673,0.430897,20,0.437591,0.403513,0.472367,20,0.0166667,0,0.0416667,20,0.436316,0.401248,0.472367,20,20,0,0
recipe:diba_2007,recipe:olafsdottir_2017,network,0.159856,0.146995,0.173255,20,0.33405,0.307944,0.362628,20,0.00235433,0.000568182,0.00466242,20,0.333925,0.306262,0.363033,20,20,0,0
recipe:diba_2007,recipe:olafsdottir_2017.trajectory,network,0.411576,0.38186,0.441551,20,0.437591,0.403513,0.472367,20,0.0225,0,0.055,20,0.436316,0.401248,0.472367,20,20,0,0
recipe:diba_2007,recipe:pfeiffer_2013,network,0.248162,0.229332,0.266692,20,0.339938,0.314459,0.364943,20,0.00636799,0,0.0138051,20,0.339938,0.314459,0.364943,20,20,0,0
recipe:diba_2007,recipe:pfeiffer_2013_ripples,network,0.250955,0.230073,0.271776,20,0.28405,0.261396,0.306496,20,0,0,0,20,0.283273,0.258956,0.306094,20,20,0,0
recipe:diba_2007,recipe:pfeiffer_2015,network,0.251407,0.230487,0.272245,20,0.28405,0.261396,0.306496,20,0,0,0,20,0.283273,0.258956,0.306094,20,20,0,0
recipe:diba_2007,recipe:shin_2019,network,0.227023,0.207282,0.246562,20,0.284759,0.260923,0.307796,20,0,0,0,20,0.284701,0.259252,0.308282,20,20,0,0
recipe:diba_2007,recipe:silva_2015,network,0.322488,0.296056,0.347971,20,0.385068,0.354383,0.415909,20,0.0140909,0,0.0290909,20,0.384119,0.353433,0.41509,20,20,0,0
recipe:diba_2007,recipe:stella_2019,network,0.180214,0.162751,0.19703,20,0.279006,0.252788,0.303649,20,0,0,0,20,0.280125,0.253338,0.304632,20,20,0,0
recipe:diba_2007,recipe:tang_2017,network,0.227023,0.207282,0.246562,20,0.284759,0.260923,0.307796,20,0,0,0,20,0.284701,0.259252,0.308282,20,20,0,0
recipe:diba_2007,recipe:tirole_2022,network,0.339587,0.311136,0.364527,20,0.344841,0.316529,0.369441,20,0,0,0,13,0.342676,0.312879,0.368285,20,20,0,0
recipe:diba_2007,recipe:widloski_2025,network,0.270019,0.246988,0.293291,20,0.311309,0.285111,0.337344,20,0,0,0,20,0.291898,0.268807,0.315156,20,20,0,0
recipe:diba_2007,recipe:widloski_2025_bursts,network,0.376692,0.347457,0.403726,20,0.384071,0.353544,0.411251,20,0.0666667,0,0.222222,15,0.36902,0.341283,0.394673,20,20,0,0
recipe:diba_2007,recipe:wikenheiser_2013,network,0.0271482,0.0251535,0.0293405,20,0.234766,0.214632,0.255558,20,0.000312446,0.000116499,0.000564867,20,0.231194,0.21069,0.251851,20,20,0,0
recipe:diba_2007,recipe:wu_2014,network,0.0779944,0.0699055,0.0855845,20,0.293576,0.269069,0.318173,20,0.0009482,0.000337761,0.00171705,20,0.292072,0.267895,0.316268,20,20,0,0
recipe:diba_2007,recipe:wu_2017,network,0.299122,0.269893,0.326189,20,0.337247,0.304847,0.366894,20,0,0,0,20,0.335142,0.301648,0.365819,20,20,0,0
recipe:diba_2007,recipe:xu_2019,network,0.23039,0.208992,0.251267,20,0.333502,0.307937,0.359351,20,0.00455508,0,0.00971787,20,0.331811,0.30654,0.357433,20,20,0,0
recipe:diba_2007,recipe:yamamoto_2017,network,0.244222,0.223237,0.267454,20,0.303353,0.282007,0.323955,20,0,0,0,20,0.30539,0.282264,0.327327,20,20,0,0
recipe:diba_2007,recipe:yang_2024,network,0.299425,0.271597,0.324634,20,0.302497,0.274779,0.327366,20,0,0,0,8,0.301251,0.274553,0.325481,20,20,0,0
recipe:drieu_2018,recipe:farooq_2019_neuron,network,0.176302,0.159465,0.193558,20,0.36031,0.332145,0.389051,20,0.00078125,0,0.00234375,20,0.36031,0.332145,0.389051,20,20,0,0
recipe:drieu_2018,recipe:farooq_2019_science,network,0.175837,0.159434,0.192801,20,0.360497,0.332528,0.389635,20,0,0,0,20,0.360497,0.332528,0.389635,20,20,0,0
recipe:drieu_2018,recipe:farooq_2019_science_awake,network,0.175837,0.159434,0.192801,20,0.360497,0.332528,0.389635,20,0,0,0,20,0.360497,0.332528,0.389635,20,20,0,0
recipe:drieu_2018,recipe:foster_2006,network,0.095794,0.0822424,0.108306,20,0.197347,0.17015,0.224379,20,0,0,0,20,0.197347,0.17015,0.224379,20,20,0,0
recipe:drieu_2018,recipe:foster_2006_ripples,network,0.0521668,0.0454153,0.0593445,20,0.101431,0.0871172,0.115884,20,0.00998075,0.00526807,0.0155722,20,0.102727,0.0886655,0.117219,20,20,0,0
recipe:drieu_2018,recipe:gillespie_2021,network,0.339112,0.321951,0.356385,20,0.721971,0.70516,0.73908,20,0.025643,0.021227,0.0302538,20,0.724041,0.706831,0.741254,20,20,0,0
recipe:drieu_2018,recipe:gillespie_2021_mua,network,0.420045,0.401322,0.439329,20,0.765492,0.746471,0.783993,20,0.0933212,0.0810723,0.105885,20,0.767355,0.748797,0.785101,20,20,0,0
recipe:drieu_2018,recipe:gridchyn_2020,network,0.164346,0.158831,0.169733,20,0.743934,0.726494,0.762114,20,0.0492218,0.04527,0.0535425,20,0.756795,0.740344,0.773274,20,20,0,0
recipe:drieu_2018,recipe:grosmark_2016,network,0.27961,0.263356,0.295782,20,0.564075,0.536043,0.589128,20,0.00423616,0.0017471,0.00707389,20,0.564075,0.536043,0.589128,20,20,0,0
recipe:drieu_2018,recipe:gupta_2010,network,0.0781888,0.0743212,0.0821151,20,0.643389,0.625517,0.664022,20,0.0135609,0.0119076,0.0154086,20,0.657241,0.640785,0.675773,20,20,0,0
recipe:drieu_2018,recipe:harvey_2023_code,network,0.297941,0.279905,0.315242,20,0.598181,0.576918,0.617981,20,0.00123929,0,0.00313647,20,0.603163,0.581522,0.623833,20,20,0,0
recipe:drieu_2018,recipe:harvey_2023_no_radiatum,network,0.286088,0.270094,0.30274,20,0.668724,0.650804,0.685148,20,0.0329872,0.0252239,0.0411478,20,0.672803,0.654156,0.690151,20,20,0,0
recipe:drieu_2018,recipe:harvey_2023_text,network,0.273662,0.25924,0.287692,20,0.579318,0.553466,0.606013,20,0.00130769,0,0.00325641,20,0.590711,0.56594,0.617294,20,20,0,0
recipe:drieu_2018,recipe:huelin_gorriz_2023,network,0.334364,0.313077,0.355884,20,0.663733,0.642385,0.687489,20,0.0075359,0.0037335,0.0117427,20,0.663733,0.642385,0.687489,20,20,0,0
recipe:drieu_2018,recipe:igata_2021,network,0.225983,0.21542,0.236594,20,0.775802,0.757437,0.793039,20,0.0672429,0.0606901,0.0738038,20,0.777551,0.759724,0.794521,20,20,0,0
recipe:drieu_2018,recipe:igata_2021_ripples,network,0.127476,0.123045,0.131789,20,0.707861,0.689584,0.726471,20,0.0172688,0.0147711,0.0200237,20,0.711705,0.694512,0.730346,20,20,0,0
recipe:drieu_2018,recipe:jadhav_2016,network,0.331097,0.313385,0.347787,20,0.629718,0.605386,0.654014,20,0.048524,0.0393778,0.0583597,20,0.638976,0.612442,0.665866,20,20,0,0
recipe:drieu_2018,recipe:ji_2007,network,0.396117,0.365533,0.428647,20,0.714901,0.66974,0.755256,20,0.0620594,0.0480253,0.0747754,20,0.719893,0.674603,0.759019,20,20,0,0
recipe:drieu_2018,recipe:ji_2007_ripples,network,0.00459261,0.0025451,0.00699407,20,0.00696914,0.00369096,0.0106693,20,0.00220154,0.00045045,0.00433239,20,0.00696914,0.00369096,0.0106693,20,20,0,0
recipe:drieu_2018,recipe:kaefer_2020,network,0.00780297,0.00506587,0.0107698,20,0.0133773,0.0083623,0.0185663,20,0.00226223,0.000462963,0.00444277,20,0.0133773,0.0083623,0.0185663,20,20,0,0
recipe:drieu_2018,recipe:karlsson_2009,network,0.369359,0.351769,0.386339,20,0.71438,0.695599,0.733445,20,0.0539791,0.0444222,0.0638187,20,0.717734,0.699188,0.73671,20,20,0,0
recipe:drieu_2018,recipe:krause_2022,network,0.362778,0.342429,0.38349,20,0.73377,0.709803,0.756667,20,0.00395325,0.00168948,0.00643985,20,0.735883,0.712395,0.758923,20,20,0,0
recipe:drieu_2018,recipe:krause_2022_hse,network,0.42713,0.406102,0.448678,20,0.767644,0.74918,0.786879,20,0.0906715,0.0767837,0.105489,20,0.766696,0.748566,0.785564,20,20,0,0
recipe:drieu_2018,recipe:kudrimoti_1999,network,0.0144384,0.0113277,0.0176626,20,0.0301257,0.0235468,0.0372603,20,0,0,0,20,0.030758,0.0239967,0.0377319,20,20,0,0
recipe:drieu_2018,recipe:lee_2002,network,0.101703,0.0984345,0.105262,20,0.748803,0.732209,0.765277,20,0.0529147,0.0496042,0.0567769,20,0.747165,0.731414,0.762674,20,20,0,0
recipe:drieu_2018,recipe:lee_2002_ripples,network,0.0521668,0.0454153,0.0593445,20,0.101431,0.0871172,0.115884,20,0.00998075,0.00526807,0.0155722,20,0.102727,0.0886655,0.117219,20,20,0,0
recipe:drieu_2018,recipe:liu_2019,network,0.188934,0.182615,0.196278,20,0.651518,0.63049,0.672174,20,0.0999209,0.092757,0.108341,20,0.644186,0.623619,0.663643,20,20,0,0
recipe:drieu_2018,recipe:liu_2019_awake,network,0.188934,0.182615,0.196278,20,0.651518,0.63049,0.672174,20,0.0999209,0.092757,0.108341,20,0.644186,0.623619,0.663643,20,20,0,0
recipe:drieu_2018,recipe:liu_2023,network,0.27135,0.252281,0.289653,20,0.547482,0.524522,0.568528,20,0,0,0,20,0.549568,0.525935,0.571599,20,20,0,0
recipe:drieu_2018,recipe:maboudi_2018,network,0.430765,0.40944,0.4526,20,0.78148,0.763059,0.799305,20,0.0806836,0.0666366,0.0960513,20,0.780532,0.762332,0.798399,20,20,0,0
recipe:drieu_2018,recipe:maboudi_2018_open_field,network,0.473492,0.449025,0.49875,20,0.871942,0.852188,0.891164,20,0.137396,0.117478,0.157416,20,0.871942,0.852188,0.891164,20,20,0,0
recipe:drieu_2018,recipe:mallory_2025,network,0.529463,0.509316,0.548909,20,0.88345,0.868387,0.898527,20,0.236032,0.216046,0.256754,20,0.88345,0.868387,0.898527,20,20,0,0
recipe:drieu_2018,recipe:mallory_2025_ripples,network,0.344202,0.324501,0.363079,20,0.699094,0.678075,0.721692,20,0.0240893,0.0177789,0.0308359,20,0.70238,0.681292,0.724064,20,20,0,0
recipe:drieu_2018,recipe:michon_2019,network,0.166507,0.155521,0.177031,20,0.340576,0.318022,0.361762,20,0,0,0,20,0.340576,0.318022,0.361762,20,20,0,0
recipe:drieu_2018,recipe:michon_2021,network,0.166507,0.155521,0.177031,20,0.340576,0.318022,0.361762,20,0,0,0,20,0.340576,0.318022,0.361762,20,20,0,0
recipe:drieu_2018,recipe:mou_2022,network,0.3643,0.343913,0.384652,20,0.764231,0.743154,0.785632,20,0.0805079,0.0668708,0.0936753,20,0.762506,0.741702,0.783776,20,20,0,0
recipe:drieu_2018,recipe:muessig_2019,network,0.0706436,0.0629812,0.0784263,20,0.145195,0.131168,0.159254,20,0,0,0,20,0.145195,0.131168,0.159254,20,20,0,0
recipe:drieu_2018,recipe:muessig_2019_ripples,network,0.0356268,0.0345538,0.0368436,20,0.697499,0.680678,0.715999,20,0.00870471,0.00771299,0.00963977,20,0.711888,0.694589,0.730582,20,20,0,0
recipe:drieu_2018,recipe:nadasdy_1999,network,0.226587,0.214827,0.238206,20,0.47784,0.453814,0.504008,20,0.0024313,0.000531915,0.00437702,20,0.482466,0.458123,0.508594,20,20,0,0
recipe:drieu_2018,recipe:olafsdottir_2015,network,0.418049,0.39594,0.440699,20,0.812156,0.793579,0.831455,20,0.123289,0.105764,0.140529,20,0.813267,0.794138,0.833462,20,20,0,0
recipe:drieu_2018,recipe:olafsdottir_2015.bayesian_candidates,network,0.380649,0.357421,0.403411,20,0.741971,0.720426,0.763436,20,0.0661828,0.0526173,0.0808065,20,0.741971,0.720426,0.763436,20,20,0,0
recipe:drieu_2018,recipe:olafsdottir_2016,network,0.352415,0.328755,0.375803,20,0.720479,0.695726,0.746375,20,0.0153865,0.00997908,0.0208353,20,0.720479,0.695726,0.746375,20,20,0,0
recipe:drieu_2018,recipe:olafsdottir_2017,network,0.46042,0.43853,0.483216,20,0.872446,0.857038,0.888201,20,0.209383,0.191126,0.22949,20,0.884406,0.867093,0.900304,20,20,0,0
recipe:drieu_2018,recipe:olafsdottir_2017.trajectory,network,0.35537,0.33122,0.378895,20,0.720479,0.695726,0.746375,20,0.0156666,0.0101914,0.0212358,20,0.720479,0.695726,0.746375,20,20,0,0
recipe:drieu_2018,recipe:pfeiffer_2013,network,0.473492,0.449025,0.49875,20,0.871942,0.852188,0.891164,20,0.137396,0.117478,0.157416,20,0.871942,0.852188,0.891164,20,20,0,0
recipe:drieu_2018,recipe:pfeiffer_2013_ripples,network,0.358857,0.338911,0.377385,20,0.726824,0.705049,0.747954,20,0.00435499,0.00208068,0.0067243,20,0.728863,0.707925,0.749966,20,20,0,0
recipe:drieu_2018,recipe:pfeiffer_2015,network,0.359132,0.339459,0.377616,20,0.726824,0.705049,0.747954,20,0.0043679,0.00208072,0.0067425,20,0.728863,0.707925,0.749966,20,20,0,0
recipe:drieu_2018,recipe:shin_2019,network,0.368656,0.350915,0.385629,20,0.71438,0.695599,0.733445,20,0.0537615,0.044289,0.0635531,20,0.717734,0.699188,0.73671,20,20,0,0
recipe:drieu_2018,recipe:silva_2015,network,0.387024,0.363263,0.410713,20,0.728286,0.706555,0.748398,20,0.0734767,0.0572821,0.0904349,20,0.729656,0.708063,0.749552,20,20,0,0
recipe:drieu_2018,recipe:stella_2019,network,0.295602,0.280934,0.308979,20,0.619048,0.594917,0.643525,20,0.0486078,0.039519,0.057934,20,0.629162,0.605576,0.652752,20,20,0,0
recipe:drieu_2018,recipe:tang_2017,network,0.368656,0.350915,0.385629,20,0.71438,0.695599,0.733445,20,0.0537615,0.044289,0.0635531,20,0.717734,0.699188,0.73671,20,20,0,0
recipe:drieu_2018,recipe:tirole_2022,network,0.334364,0.313077,0.355884,20,0.663733,0.642385,0.687489,20,0.0075359,0.0037335,0.0117427,20,0.663733,0.642385,0.687489,20,20,0,0
recipe:drieu_2018,recipe:widloski_2025,network,0.286831,0.268647,0.306187,20,0.590415,0.562798,0.620814,20,0.00642173,0.00378682,0.00911714,20,0.582377,0.554963,0.612386,20,20,0,0
recipe:drieu_2018,recipe:widloski_2025_bursts,network,0.308645,0.289399,0.32829,20,0.595325,0.567653,0.621343,20,0.01577,0.0093186,0.0232167,20,0.5879,0.561135,0.613592,20,20,0,0
recipe:drieu_2018,recipe:wikenheiser_2013,network,0.139178,0.13305,0.145478,20,0.69371,0.677303,0.709358,20,0.0660173,0.0599482,0.0723535,20,0.687703,0.67008,0.704355,20,20,0,0
recipe:drieu_2018,recipe:wu_2014,network,0.473865,0.4537,0.494133,20,0.893535,0.882486,0.904771,20,0.323736,0.304623,0.343,20,0.894562,0.883638,0.905734,20,20,0,0
recipe:drieu_2018,recipe:wu_2017,network,0.307851,0.29407,0.322509,20,0.591056,0.57463,0.608314,20,0.0359474,0.025599,0.0472627,20,0.592993,0.577062,0.610605,20,20,0,0
recipe:drieu_2018,recipe:xu_2019,network,0.47685,0.454468,0.499441,20,0.870194,0.853495,0.886889,20,0.155584,0.138072,0.174353,20,0.870194,0.853495,0.886889,20,20,0,0
recipe:drieu_2018,recipe:yamamoto_2017,network,0.31067,0.292832,0.32921,20,0.652005,0.628008,0.67366,20,0.0110599,0.0073637,0.0150832,20,0.665412,0.640719,0.688408,20,20,0,0
recipe:drieu_2018,recipe:yang_2024,network,0.27961,0.263356,0.295782,20,0.564075,0.536043,0.589128,20,0.00423616,0.0017471,0.00707389,20,0.564075,0.536043,0.589128,20,20,0,0
recipe:farooq_2019_neuron,recipe:farooq_2019_science,network,0.992123,0.985675,0.997388,20,0.993552,0.987329,0.998684,20,0,0,0,1,0.993552,0.987329,0.998684,20,20,0,0
recipe:farooq_2019_neuron,recipe:farooq_2019_science_awake,network,0.992123,0.985675,0.997388,20,0.993552,0.987329,0.998684,20,0,0,0,1,0.993552,0.987329,0.998684,20,20,0,0
recipe:farooq_2019_neuron,recipe:foster_2006,network,0.408868,0.358502,0.457594,20,0.409394,0.359587,0.458029,20,0,0,0,1,0.409394,0.359587,0.458029,20,20,0,0
recipe:farooq_2019_neuron,recipe:foster_2006_ripples,network,0.0922652,0.071839,0.114418,20,0.122068,0.0947359,0.152876,20,0,0,0,20,0.127244,0.101589,0.157272,20,20,0,0
recipe:farooq_2019_neuron,recipe:gillespie_2021,network,0.218068,0.201091,0.234641,20,0.300852,0.279579,0.32104,20,0.00227273,0,0.00681818,20,0.303276,0.281362,0.324536,20,20,0,0
recipe:farooq_2019_neuron,recipe:gillespie_2021_mua,network,0.257736,0.235011,0.280289,20,0.332043,0.305627,0.358976,20,0.00227273,0,0.00681818,20,0.332043,0.305627,0.358976,20,20,0,0
recipe:farooq_2019_neuron,recipe:gridchyn_2020,network,0.052912,0.048784,0.0568106,20,0.302292,0.280033,0.325204,20,0.000119617,0,0.000358852,20,0.304615,0.281555,0.328727,20,20,0,0
recipe:farooq_2019_neuron,recipe:grosmark_2016,network,0.367227,0.336088,0.394257,20,0.369726,0.338538,0.396065,20,0,0,0,8,0.369726,0.338538,0.396065,20,20,0,0
recipe:farooq_2019_neuron,recipe:gupta_2010,network,0.0267312,0.0244577,0.0289535,20,0.270827,0.249663,0.292248,20,7.16332e-05,0,0.0002149,20,0.276262,0.254287,0.298065,20,20,0,0
recipe:farooq_2019_neuron,recipe:harvey_2023_code,network,0.315571,0.294088,0.337636,20,0.326887,0.303631,0.349907,20,0,0,0,17,0.33203,0.309329,0.356054,20,20,0,0
recipe:farooq_2019_neuron,recipe:harvey_2023_no_radiatum,network,0.196771,0.179789,0.215397,20,0.338922,0.320186,0.358787,20,0.0016129,0,0.00483871,20,0.342041,0.322564,0.362811,20,20,0,0
recipe:farooq_2019_neuron,recipe:harvey_2023_text,network,0.261732,0.237545,0.284716,20,0.317004,0.289367,0.342692,20,0,0,0,20,0.325913,0.297287,0.352715,20,20,0,0
recipe:farooq_2019_neuron,recipe:huelin_gorriz_2023,network,0.405456,0.377381,0.433346,20,0.41062,0.382872,0.438775,20,0,0,0,12,0.41062,0.382872,0.438775,20,20,0,0
recipe:farooq_2019_neuron,recipe:igata_2021,network,0.0754995,0.0675431,0.0832015,20,0.29727,0.273529,0.323132,20,0.000231481,0,0.000694444,20,0.29727,0.273529,0.323132,20,20,0,0
recipe:farooq_2019_neuron,recipe:igata_2021_ripples,network,0.051447,0.0472775,0.0555578,20,0.309861,0.286884,0.33147,20,0.000124069,0,0.000372208,20,0.309861,0.286884,0.33147,20,20,0,0
recipe:farooq_2019_neuron,recipe:jadhav_2016,network,0.255169,0.231209,0.278904,20,0.301,0.27476,0.326898,20,0.005,0,0.015,20,0.307468,0.281666,0.33332,20,20,0,0
recipe:farooq_2019_neuron,recipe:ji_2007,network,0.344722,0.312543,0.378764,20,0.374691,0.345745,0.404836,20,0.00478469,0,0.0151515,19,0.374691,0.345745,0.404836,20,20,0,0
recipe:farooq_2019_neuron,recipe:ji_2007_ripples,network,0.00113636,0,0.00340909,20,0.00138889,0,0.00416667,20,0,0,0,20,0.00138889,0,0.00416667,20,20,0,0
recipe:farooq_2019_neuron,recipe:kaefer_2020,network,0.0170206,0.00860948,0.0262683,20,0.0193083,0.0097482,0.0299876,20,0,0,0,20,0.0193083,0.0097482,0.0299876,20,20,0,0
recipe:farooq_2019_neuron,recipe:karlsson_2009,network,0.259709,0.238134,0.280303,20,0.323355,0.298837,0.34596,20,0.00333333,0,0.01,20,0.32438,0.299292,0.348012,20,20,0,0
recipe:farooq_2019_neuron,recipe:krause_2022,network,0.30708,0.285617,0.328831,20,0.33453,0.310634,0.358118,20,0,0,0,20,0.33453,0.310634,0.358118,20,20,0,0
recipe:farooq_2019_neuron,recipe:krause_2022_hse,network,0.271618,0.247535,0.296206,20,0.334019,0.307714,0.361652,20,0.00277778,0,0.00833333,20,0.334019,0.307714,0.361652,20,20,0,0
recipe:farooq_2019_neuron,recipe:kudrimoti_1999,network,0.0375283,0.0255511,0.0505194,20,0.0381792,0.0259619,0.0514631,20,0,0,0,8,0.0398996,0.0270379,0.0531011,20,20,0,0
recipe:farooq_2019_neuron,recipe:lee_2002,network,0.0192006,0.0176559,0.0207045,20,0.281469,0.259622,0.305158,20,3.75657e-05,0,0.000112697,20,0.280724,0.259061,0.304082,20,20,0,0
recipe:farooq_2019_neuron,recipe:lee_2002_ripples,network,0.0922652,0.071839,0.114418,20,0.122068,0.0947359,0.152876,20,0,0,0,20,0.127244,0.101589,0.157272,20,20,0,0
recipe:farooq_2019_neuron,recipe:liu_2019,network,0.0388409,0.0361364,0.0413311,20,0.262872,0.24374,0.282092,20,0,0,0,20,0.261512,0.242086,0.280404,20,20,0,0
recipe:farooq_2019_neuron,recipe:liu_2019_awake,network,0.0388409,0.0361364,0.0413311,20,0.262872,0.24374,0.282092,20,0,0,0,20,0.261512,0.242086,0.280404,20,20,0,0
recipe:farooq_2019_neuron,recipe:liu_2023,network,0.407625,0.37954,0.435502,20,0.40877,0.380143,0.436367,20,0,0,0,3,0.40877,0.380143,0.436367,20,20,0,0
recipe:farooq_2019_neuron,recipe:maboudi_2018,network,0.291467,0.26493,0.318989,20,0.344731,0.317224,0.373479,20,0.00333333,0,0.01,20,0.344731,0.317224,0.373479,20,20,0,0
recipe:farooq_2019_neuron,recipe:maboudi_2018_open_field,network,0.278275,0.2569,0.300205,20,0.381942,0.354591,0.411374,20,0.00263158,0,0.00789474,20,0.381942,0.354591,0.411374,20,20,0,0
recipe:farooq_2019_neuron,recipe:mallory_2025,network,0.242664,0.220649,0.264776,20,0.370837,0.342971,0.401677,20,0.0015625,0,0.0046875,20,0.370837,0.342971,0.401677,20,20,0,0
recipe:farooq_2019_neuron,recipe:mallory_2025_ripples,network,0.267592,0.245369,0.290561,20,0.327678,0.303076,0.352499,20,0.00625,0,0.01875,20,0.327678,0.303076,0.352499,20,20,0,0
recipe:farooq_2019_neuron,recipe:michon_2019,network,0.32864,0.294567,0.359026,20,0.328981,0.294907,0.359367,20,0,0,0,1,0.328981,0.294907,0.359367,20,20,0,0
recipe:farooq_2019_neuron,recipe:michon_2021,network,0.32864,0.294567,0.359026,20,0.328981,0.294907,0.359367,20,0,0,0,1,0.328981,0.294907,0.359367,20,20,0,0
recipe:farooq_2019_neuron,recipe:mou_2022,network,0.209333,0.168166,0.253148,20,0.326655,0.297619,0.356839,20,0.000877193,0,0.00263158,20,0.326655,0.297619,0.356839,20,20,0,0
recipe:farooq_2019_neuron,recipe:muessig_2019,network,0.404628,0.366175,0.44717,20,0.405258,0.366814,0.447808,20,0,0,0,1,0.405258,0.366814,0.447808,20,20,0,0
recipe:farooq_2019_neuron,recipe:muessig_2019_ripples,network,0.0107738,0.00987646,0.0115749,20,0.29632,0.273132,0.319025,20,2.24014e-05,0,6.72043e-05,20,0.300938,0.277887,0.324664,20,20,0,0
recipe:farooq_2019_neuron,recipe:nadasdy_1999,network,0.245661,0.222029,0.266921,20,0.294539,0.264188,0.322028,20,0,0,0,20,0.29917,0.26795,0.327396,20,20,0,0
recipe:farooq_2019_neuron,recipe:olafsdottir_2015,network,0.251672,0.232663,0.272372,20,0.393613,0.364055,0.42691,20,0,0,0,20,0.393613,0.364055,0.42691,20,20,0,0
recipe:farooq_2019_neuron,recipe:olafsdottir_2015.bayesian_candidates,network,0.338481,0.315397,0.363123,20,0.426492,0.396406,0.460184,20,0,0,0,20,0.426492,0.396406,0.460184,20,20,0,0
recipe:farooq_2019_neuron,recipe:olafsdottir_2016,network,0.411985,0.381765,0.445289,20,0.447033,0.413953,0.482697,20,0,0,0,19,0.447033,0.413953,0.482697,20,20,0,0
recipe:farooq_2019_neuron,recipe:olafsdottir_2017,network,0.178358,0.161605,0.196469,20,0.373965,0.344017,0.405592,20,0.000714286,0,0.00214286,20,0.375047,0.345174,0.406393,20,20,0,0
recipe:farooq_2019_neuron,recipe:olafsdottir_2017.trajectory,network,0.420973,0.390908,0.45463,20,0.447033,0.413953,0.482697,20,0,0,0,18,0.447033,0.413953,0.482697,20,20,0,0
recipe:farooq_2019_neuron,recipe:pfeiffer_2013,network,0.278275,0.2569,0.300205,20,0.381942,0.354591,0.411374,20,0.00263158,0,0.00789474,20,0.381942,0.354591,0.411374,20,20,0,0
recipe:farooq_2019_neuron,recipe:pfeiffer_2013_ripples,network,0.280766,0.261597,0.299775,20,0.317577,0.294717,0.339939,20,0,0,0,20,0.317577,0.294717,0.339939,20,20,0,0
recipe:farooq_2019_neuron,recipe:pfeiffer_2015,network,0.281328,0.262164,0.300538,20,0.317577,0.294717,0.339939,20,0,0,0,20,0.317577,0.294717,0.339939,20,20,0,0
recipe:farooq_2019_neuron,recipe:shin_2019,network,0.258695,0.236789,0.279028,20,0.323355,0.298837,0.34596,20,0.003125,0,0.009375,20,0.32438,0.299292,0.348012,20,20,0,0
recipe:farooq_2019_neuron,recipe:silva_2015,network,0.388489,0.357521,0.41913,20,0.466902,0.431944,0.502571,20,0.0125,0,0.0375,20,0.466902,0.431944,0.502571,20,20,0,0
recipe:farooq_2019_neuron,recipe:stella_2019,network,0.20356,0.185896,0.219974,20,0.313908,0.284882,0.338869,20,0,0,0,20,0.320291,0.292048,0.34495,20,20,0,0
recipe:farooq_2019_neuron,recipe:tang_2017,network,0.258695,0.236789,0.279028,20,0.323355,0.298837,0.34596,20,0.003125,0,0.009375,20,0.32438,0.299292,0.348012,20,20,0,0
recipe:farooq_2019_neuron,recipe:tirole_2022,network,0.405456,0.377381,0.433346,20,0.41062,0.382872,0.438775,20,0,0,0,12,0.41062,0.382872,0.438775,20,20,0,0
recipe:farooq_2019_neuron,recipe:widloski_2025,network,0.323392,0.297803,0.346801,20,0.374444,0.346051,0.402929,20,0,0,0,20,0.364513,0.337033,0.391379,20,20,0,0
recipe:farooq_2019_neuron,recipe:widloski_2025_bursts,network,0.46923,0.433094,0.502419,20,0.478744,0.444325,0.511414,20,0.025641,0,0.0833333,13,0.471756,0.440779,0.500766,20,20,0,0
recipe:farooq_2019_neuron,recipe:wikenheiser_2013,network,0.0295469,0.0271983,0.0321246,20,0.261412,0.240866,0.284086,20,6.06796e-05,0,0.000182039,20,0.260011,0.239332,0.282708,20,20,0,0
recipe:farooq_2019_neuron,recipe:wu_2014,network,0.0859855,0.0768968,0.0949343,20,0.326287,0.300464,0.352805,20,0.000263158,0,0.000789474,20,0.326287,0.300464,0.352805,20,20,0,0
recipe:farooq_2019_neuron,recipe:wu_2017,network,0.361064,0.329948,0.393364,20,0.404623,0.375087,0.435838,20,0,0,0,20,0.404623,0.375087,0.435838,20,20,0,0
recipe:farooq_2019_neuron,recipe:xu_2019,network,0.256463,0.233099,0.28008,20,0.372584,0.345097,0.402805,20,0.00227273,0,0.00681818,20,0.372584,0.345097,0.402805,20,20,0,0
recipe:farooq_2019_neuron,recipe:yamamoto_2017,network,0.277605,0.259518,0.297486,20,0.34608,0.324212,0.367967,20,0,0,0,20,0.349203,0.328042,0.37073,20,20,0,0
recipe:farooq_2019_neuron,recipe:yang_2024,network,0.367227,0.336088,0.394257,20,0.369726,0.338538,0.396065,20,0,0,0,8,0.369726,0.338538,0.396065,20,20,0,0
recipe:farooq_2019_science,recipe:farooq_2019_science_awake,network,1,1,1,20,1,1,1,20,,,,0,1,1,1,20,20,0,0
recipe:farooq_2019_science,recipe:foster_2006,network,0.411981,0.361685,0.461324,20,0.411981,0.361685,0.461324,20,,,,0,0.411981,0.361685,0.461324,20,20,0,0
recipe:farooq_2019_science,recipe:foster_2006_ripples,network,0.0915816,0.0707133,0.114254,20,0.121129,0.0935949,0.152174,20,0,0,0,20,0.126305,0.100161,0.156487,20,20,0,0
recipe:farooq_2019_science,recipe:gillespie_2021,network,0.216467,0.199607,0.233128,20,0.299334,0.278338,0.319303,20,0,0,0,20,0.301768,0.280066,0.323334,20,20,0,0
recipe:farooq_2019_science,recipe:gillespie_2021_mua,network,0.255319,0.23309,0.276973,20,0.329657,0.304281,0.355821,20,0,0,0,20,0.329657,0.304281,0.355821,20,20,0,0
recipe:farooq_2019_science,recipe:gridchyn_2020,network,0.0524296,0.0484149,0.0561526,20,0.300117,0.278373,0.322284,20,0,0,0,20,0.302433,0.280008,0.325773,20,20,0,0
recipe:farooq_2019_science,recipe:grosmark_2016,network,0.36652,0.335351,0.393445,20,0.368756,0.337873,0.395206,20,0,0,0,7,0.368756,0.337873,0.395206,20,20,0,0
recipe:farooq_2019_science,recipe:gupta_2010,network,0.0265015,0.0242908,0.028646,20,0.269266,0.248298,0.289935,20,0,0,0,20,0.274698,0.252862,0.295969,20,20,0,0
recipe:farooq_2019_science,recipe:harvey_2023_code,network,0.31508,0.292851,0.337503,20,0.326043,0.302242,0.349487,20,0,0,0,17,0.33121,0.308178,0.355408,20,20,0,0
recipe:farooq_2019_science,recipe:harvey_2023_no_radiatum,network,0.195494,0.179082,0.21361,20,0.338209,0.318924,0.35849,20,0,0,0,20,0.341319,0.321418,0.362163,20,20,0,0
recipe:farooq_2019_science,recipe:harvey_2023_text,network,0.26107,0.236956,0.283899,20,0.31613,0.288517,0.341699,20,0,0,0,20,0.325049,0.296309,0.351724,20,20,0,0
recipe:farooq_2019_science,recipe:huelin_gorriz_2023,network,0.405161,0.376929,0.433847,20,0.410038,0.382087,0.439187,20,0,0,0,11,0.410038,0.382087,0.439187,20,20,0,0
recipe:farooq_2019_science,recipe:igata_2021,network,0.0747741,0.0671897,0.0821593,20,0.29515,0.272048,0.320409,20,0,0,0,20,0.29515,0.272048,0.320409,20,20,0,0
recipe:farooq_2019_science,recipe:igata_2021_ripples,network,0.0509272,0.04692,0.0548018,20,0.307383,0.285541,0.328452,20,0,0,0,20,0.307383,0.285541,0.328452,20,20,0,0
recipe:farooq_2019_science,recipe:jadhav_2016,network,0.253097,0.228889,0.276909,20,0.299247,0.273148,0.325471,20,0,0,0,20,0.305721,0.279624,0.332167,20,20,0,0
recipe:farooq_2019_science,recipe:ji_2007,network,0.341643,0.310619,0.374359,20,0.372031,0.343514,0.401718,20,0,0,0,19,0.372031,0.343514,0.401718,20,20,0,0
recipe:farooq_2019_science,recipe:ji_2007_ripples,network,0.00116279,0,0.00348837,20,0.00142857,0,0.00428571,20,0,0,0,20,0.00142857,0,0.00428571,20,20,0,0
recipe:farooq_2019_science,recipe:kaefer_2020,network,0.0171108,0.00864723,0.0264524,20,0.0194214,0.00976494,0.0301129,20,0,0,0,20,0.0194214,0.00976494,0.0301129,20,20,0,0
recipe:farooq_2019_science,recipe:karlsson_2009,network,0.257845,0.236344,0.27842,20,0.321746,0.297468,0.344828,20,0,0,0,20,0.322791,0.297706,0.347172,20,20,0,0
recipe:farooq_2019_science,recipe:krause_2022,network,0.306738,0.284757,0.328888,20,0.333973,0.309859,0.35846,20,0,0,0,20,0.333973,0.309859,0.35846,20,20,0,0
recipe:farooq_2019_science,recipe:krause_2022_hse,network,0.269095,0.245703,0.292754,20,0.331611,0.305657,0.358442,20,0,0,0,20,0.331611,0.305657,0.358442,20,20,0,0
recipe:farooq_2019_science,recipe:kudrimoti_1999,network,0.0360464,0.0236951,0.0498566,20,0.0366671,0.0242291,0.0505847,20,0,0,0,7,0.0383875,0.0253968,0.0523234,20,20,0,0
recipe:farooq_2019_science,recipe:lee_2002,network,0.0190255,0.0175536,0.0204547,20,0.279492,0.257729,0.302516,20,0,0,0,20,0.278748,0.257081,0.301338,20,20,0,0
recipe:farooq_2019_science,recipe:lee_2002_ripples,network,0.0915816,0.0707133,0.114254,20,0.121129,0.0935949,0.152174,20,0,0,0,20,0.126305,0.100161,0.156487,20,20,0,0
recipe:farooq_2019_science,recipe:liu_2019,network,0.0385987,0.0359533,0.0409996,20,0.261335,0.242678,0.280355,20,0,0,0,20,0.259976,0.241114,0.278431,20,20,0,0
recipe:farooq_2019_science,recipe:liu_2019_awake,network,0.0385987,0.0359533,0.0409996,20,0.261335,0.242678,0.280355,20,0,0,0,20,0.259976,0.241114,0.278431,20,20,0,0
recipe:farooq_2019_science,recipe:liu_2023,network,0.407366,0.378355,0.436276,20,0.408115,0.379411,0.436837,20,0,0,0,2,0.408115,0.379411,0.436837,20,20,0,0
recipe:farooq_2019_science,recipe:maboudi_2018,network,0.28875,0.26237,0.31487,20,0.342244,0.315415,0.37022,20,0,0,0,20,0.342244,0.315415,0.37022,20,20,0,0
recipe:farooq_2019_science,recipe:maboudi_2018_open_field,network,0.276478,0.255366,0.297873,20,0.380401,0.352324,0.410461,20,0,0,0,20,0.380401,0.352324,0.410461,20,20,0,0
recipe:farooq_2019_science,recipe:mallory_2025,network,0.240422,0.219234,0.261617,20,0.368183,0.340286,0.398695,20,0,0,0,20,0.368183,0.340286,0.398695,20,20,0,0
recipe:farooq_2019_science,recipe:mallory_2025_ripples,network,0.265599,0.243221,0.287976,20,0.326058,0.301393,0.352094,20,0,0,0,20,0.326058,0.301393,0.352094,20,20,0,0
recipe:farooq_2019_science,recipe:michon_2019,network,0.329263,0.29477,0.360225,20,0.329263,0.29477,0.360225,20,,,,0,0.329263,0.29477,0.360225,20,20,0,0
recipe:farooq_2019_science,recipe:michon_2021,network,0.329263,0.29477,0.360225,20,0.329263,0.29477,0.360225,20,,,,0,0.329263,0.29477,0.360225,20,20,0,0
recipe:farooq_2019_science,recipe:mou_2022,network,0.207309,0.16654,0.249723,20,0.324269,0.295507,0.353654,20,0,0,0,20,0.324269,0.295507,0.353654,20,20,0,0
recipe:farooq_2019_science,recipe:muessig_2019,network,0.40809,0.369304,0.45133,20,0.40809,0.369304,0.45133,20,,,,0,0.40809,0.369304,0.45133,20,20,0,0
recipe:farooq_2019_science,recipe:muessig_2019_ripples,network,0.0106669,0.00979824,0.0114104,20,0.294036,0.27161,0.316258,20,0,0,0,20,0.298647,0.275929,0.321435,20,20,0,0
recipe:farooq_2019_science,recipe:nadasdy_1999,network,0.24584,0.221481,0.267895,20,0.294734,0.264127,0.323586,20,0,0,0,20,0.299371,0.268284,0.328338,20,20,0,0
recipe:farooq_2019_science,recipe:olafsdottir_2015,network,0.251734,0.232137,0.273002,20,0.393917,0.36349,0.428088,20,0,0,0,20,0.393917,0.36349,0.428088,20,20,0,0
recipe:farooq_2019_science,recipe:olafsdottir_2015.bayesian_candidates,network,0.339571,0.31631,0.364663,20,0.427912,0.398017,0.462233,20,0,0,0,20,0.427912,0.398017,0.462233,20,20,0,0
recipe:farooq_2019_science,recipe:olafsdottir_2016,network,0.413592,0.383132,0.446781,20,0.448593,0.41527,0.484004,20,0,0,0,19,0.448593,0.41527,0.484004,20,20,0,0
recipe:farooq_2019_science,recipe:olafsdottir_2017,network,0.177411,0.161501,0.194861,20,0.37308,0.344205,0.402871,20,0,0,0,20,0.374183,0.345398,0.403773,20,20,0,0
recipe:farooq_2019_science,recipe:olafsdottir_2017.trajectory,network,0.422646,0.392243,0.45702,20,0.448593,0.41527,0.484004,20,0,0,0,18,0.448593,0.41527,0.484004,20,20,0,0
recipe:farooq_2019_science,recipe:pfeiffer_2013,network,0.276478,0.255366,0.297873,20,0.380401,0.352324,0.410461,20,0,0,0,20,0.380401,0.352324,0.410461,20,20,0,0
recipe:farooq_2019_science,recipe:pfeiffer_2013_ripples,network,0.27958,0.260041,0.29914,20,0.315991,0.293109,0.338776,20,0,0,0,20,0.315991,0.293109,0.338776,20,20,0,0
recipe:farooq_2019_science,recipe:pfeiffer_2015,network,0.280128,0.260342,0.299641,20,0.315991,0.293109,0.338776,20,0,0,0,20,0.315991,0.293109,0.338776,20,20,0,0
recipe:farooq_2019_science,recipe:shin_2019,network,0.256837,0.235162,0.27737,20,0.321746,0.297468,0.344828,20,0,0,0,20,0.322791,0.297706,0.347172,20,20,0,0
recipe:farooq_2019_science,recipe:silva_2015,network,0.386201,0.355199,0.417389,20,0.465134,0.429921,0.501839,20,0,0,0,20,0.465134,0.429921,0.501839,20,20,0,0
recipe:farooq_2019_science,recipe:stella_2019,network,0.20303,0.184874,0.219789,20,0.313118,0.283494,0.338644,20,0,0,0,20,0.319501,0.2907,0.344847,20,20,0,0
recipe:farooq_2019_science,recipe:tang_2017,network,0.256837,0.235162,0.27737,20,0.321746,0.297468,0.344828,20,0,0,0,20,0.322791,0.297706,0.347172,20,20,0,0
recipe:farooq_2019_science,recipe:tirole_2022,network,0.405161,0.376929,0.433847,20,0.410038,0.382087,0.439187,20,0,0,0,11,0.410038,0.382087,0.439187,20,20,0,0
recipe:farooq_2019_science,recipe:widloski_2025,network,0.321703,0.296409,0.344781,20,0.372252,0.343059,0.401237,20,0,0,0,20,0.362293,0.335153,0.388601,20,20,0,0
recipe:farooq_2019_science,recipe:widloski_2025_bursts,network,0.464874,0.430172,0.496949,20,0.475096,0.441864,0.506445,20,0,0,0,13,0.468138,0.437972,0.496256,20,20,0,0
recipe:farooq_2019_science,recipe:wikenheiser_2013,network,0.0292648,0.0270339,0.0316758,20,0.259491,0.239265,0.281442,20,0,0,0,20,0.258086,0.237668,0.280192,20,20,0,0
recipe:farooq_2019_science,recipe:wu_2014,network,0.0853126,0.0766449,0.0938237,20,0.324825,0.299682,0.350402,20,0,0,0,20,0.324825,0.299682,0.350402,20,20,0,0
recipe:farooq_2019_science,recipe:wu_2017,network,0.359564,0.328148,0.392109,20,0.402665,0.373037,0.434263,20,0,0,0,20,0.402665,0.373037,0.434263,20,20,0,0
recipe:farooq_2019_science,recipe:xu_2019,network,0.254068,0.231108,0.276589,20,0.369915,0.342912,0.399214,20,0,0,0,20,0.369915,0.342912,0.399214,20,20,0,0
recipe:farooq_2019_science,recipe:yamamoto_2017,network,0.277026,0.259311,0.296785,20,0.345383,0.323268,0.367436,20,0,0,0,20,0.348506,0.327127,0.370274,20,20,0,0
recipe:farooq_2019_science,recipe:yang_2024,network,0.36652,0.335351,0.393445,20,0.368756,0.337873,0.395206,20,0,0,0,7,0.368756,0.337873,0.395206,20,20,0,0
recipe:farooq_2019_science_awake,recipe:foster_2006,network,0.411981,0.361685,0.461324,20,0.411981,0.361685,0.461324,20,,,,0,0.411981,0.361685,0.461324,20,20,0,0
recipe:farooq_2019_science_awake,recipe:foster_2006_ripples,network,0.0915816,0.0707133,0.114254,20,0.121129,0.0935949,0.152174,20,0,0,0,20,0.126305,0.100161,0.156487,20,20,0,0
recipe:farooq_2019_science_awake,recipe:gillespie_2021,network,0.216467,0.199607,0.233128,20,0.299334,0.278338,0.319303,20,0,0,0,20,0.301768,0.280066,0.323334,20,20,0,0
recipe:farooq_2019_science_awake,recipe:gillespie_2021_mua,network,0.255319,0.23309,0.276973,20,0.329657,0.304281,0.355821,20,0,0,0,20,0.329657,0.304281,0.355821,20,20,0,0
recipe:farooq_2019_science_awake,recipe:gridchyn_2020,network,0.0524296,0.0484149,0.0561526,20,0.300117,0.278373,0.322284,20,0,0,0,20,0.302433,0.280008,0.325773,20,20,0,0
recipe:farooq_2019_science_awake,recipe:grosmark_2016,network,0.36652,0.335351,0.393445,20,0.368756,0.337873,0.395206,20,0,0,0,7,0.368756,0.337873,0.395206,20,20,0,0
recipe:farooq_2019_science_awake,recipe:gupta_2010,network,0.0265015,0.0242908,0.028646,20,0.269266,0.248298,0.289935,20,0,0,0,20,0.274698,0.252862,0.295969,20,20,0,0
recipe:farooq_2019_science_awake,recipe:harvey_2023_code,network,0.31508,0.292851,0.337503,20,0.326043,0.302242,0.349487,20,0,0,0,17,0.33121,0.308178,0.355408,20,20,0,0
recipe:farooq_2019_science_awake,recipe:harvey_2023_no_radiatum,network,0.195494,0.179082,0.21361,20,0.338209,0.318924,0.35849,20,0,0,0,20,0.341319,0.321418,0.362163,20,20,0,0
recipe:farooq_2019_science_awake,recipe:harvey_2023_text,network,0.26107,0.236956,0.283899,20,0.31613,0.288517,0.341699,20,0,0,0,20,0.325049,0.296309,0.351724,20,20,0,0
recipe:farooq_2019_science_awake,recipe:huelin_gorriz_2023,network,0.405161,0.376929,0.433847,20,0.410038,0.382087,0.439187,20,0,0,0,11,0.410038,0.382087,0.439187,20,20,0,0
recipe:farooq_2019_science_awake,recipe:igata_2021,network,0.0747741,0.0671897,0.0821593,20,0.29515,0.272048,0.320409,20,0,0,0,20,0.29515,0.272048,0.320409,20,20,0,0
recipe:farooq_2019_science_awake,recipe:igata_2021_ripples,network,0.0509272,0.04692,0.0548018,20,0.307383,0.285541,0.328452,20,0,0,0,20,0.307383,0.285541,0.328452,20,20,0,0
recipe:farooq_2019_science_awake,recipe:jadhav_2016,network,0.253097,0.228889,0.276909,20,0.299247,0.273148,0.325471,20,0,0,0,20,0.305721,0.279624,0.332167,20,20,0,0
recipe:farooq_2019_science_awake,recipe:ji_2007,network,0.341643,0.310619,0.374359,20,0.372031,0.343514,0.401718,20,0,0,0,19,0.372031,0.343514,0.401718,20,20,0,0
recipe:farooq_2019_science_awake,recipe:ji_2007_ripples,network,0.00116279,0,0.00348837,20,0.00142857,0,0.00428571,20,0,0,0,20,0.00142857,0,0.00428571,20,20,0,0
recipe:farooq_2019_science_awake,recipe:kaefer_2020,network,0.0171108,0.00864723,0.0264524,20,0.0194214,0.00976494,0.0301129,20,0,0,0,20,0.0194214,0.00976494,0.0301129,20,20,0,0
recipe:farooq_2019_science_awake,recipe:karlsson_2009,network,0.257845,0.236344,0.27842,20,0.321746,0.297468,0.344828,20,0,0,0,20,0.322791,0.297706,0.347172,20,20,0,0
recipe:farooq_2019_science_awake,recipe:krause_2022,network,0.306738,0.284757,0.328888,20,0.333973,0.309859,0.35846,20,0,0,0,20,0.333973,0.309859,0.35846,20,20,0,0
recipe:farooq_2019_science_awake,recipe:krause_2022_hse,network,0.269095,0.245703,0.292754,20,0.331611,0.305657,0.358442,20,0,0,0,20,0.331611,0.305657,0.358442,20,20,0,0
recipe:farooq_2019_science_awake,recipe:kudrimoti_1999,network,0.0360464,0.0236951,0.0498566,20,0.0366671,0.0242291,0.0505847,20,0,0,0,7,0.0383875,0.0253968,0.0523234,20,20,0,0
recipe:farooq_2019_science_awake,recipe:lee_2002,network,0.0190255,0.0175536,0.0204547,20,0.279492,0.257729,0.302516,20,0,0,0,20,0.278748,0.257081,0.301338,20,20,0,0
recipe:farooq_2019_science_awake,recipe:lee_2002_ripples,network,0.0915816,0.0707133,0.114254,20,0.121129,0.0935949,0.152174,20,0,0,0,20,0.126305,0.100161,0.156487,20,20,0,0
recipe:farooq_2019_science_awake,recipe:liu_2019,network,0.0385987,0.0359533,0.0409996,20,0.261335,0.242678,0.280355,20,0,0,0,20,0.259976,0.241114,0.278431,20,20,0,0
recipe:farooq_2019_science_awake,recipe:liu_2019_awake,network,0.0385987,0.0359533,0.0409996,20,0.261335,0.242678,0.280355,20,0,0,0,20,0.259976,0.241114,0.278431,20,20,0,0
recipe:farooq_2019_science_awake,recipe:liu_2023,network,0.407366,0.378355,0.436276,20,0.408115,0.379411,0.436837,20,0,0,0,2,0.408115,0.379411,0.436837,20,20,0,0
recipe:farooq_2019_science_awake,recipe:maboudi_2018,network,0.28875,0.26237,0.31487,20,0.342244,0.315415,0.37022,20,0,0,0,20,0.342244,0.315415,0.37022,20,20,0,0
recipe:farooq_2019_science_awake,recipe:maboudi_2018_open_field,network,0.276478,0.255366,0.297873,20,0.380401,0.352324,0.410461,20,0,0,0,20,0.380401,0.352324,0.410461,20,20,0,0
recipe:farooq_2019_science_awake,recipe:mallory_2025,network,0.240422,0.219234,0.261617,20,0.368183,0.340286,0.398695,20,0,0,0,20,0.368183,0.340286,0.398695,20,20,0,0
recipe:farooq_2019_science_awake,recipe:mallory_2025_ripples,network,0.265599,0.243221,0.287976,20,0.326058,0.301393,0.352094,20,0,0,0,20,0.326058,0.301393,0.352094,20,20,0,0
recipe:farooq_2019_science_awake,recipe:michon_2019,network,0.329263,0.29477,0.360225,20,0.329263,0.29477,0.360225,20,,,,0,0.329263,0.29477,0.360225,20,20,0,0
recipe:farooq_2019_science_awake,recipe:michon_2021,network,0.329263,0.29477,0.360225,20,0.329263,0.29477,0.360225,20,,,,0,0.329263,0.29477,0.360225,20,20,0,0
recipe:farooq_2019_science_awake,recipe:mou_2022,network,0.207309,0.16654,0.249723,20,0.324269,0.295507,0.353654,20,0,0,0,20,0.324269,0.295507,0.353654,20,20,0,0
recipe:farooq_2019_science_awake,recipe:muessig_2019,network,0.40809,0.369304,0.45133,20,0.40809,0.369304,0.45133,20,,,,0,0.40809,0.369304,0.45133,20,20,0,0
recipe:farooq_2019_science_awake,recipe:muessig_2019_ripples,network,0.0106669,0.00979824,0.0114104,20,0.294036,0.27161,0.316258,20,0,0,0,20,0.298647,0.275929,0.321435,20,20,0,0
recipe:farooq_2019_science_awake,recipe:nadasdy_1999,network,0.24584,0.221481,0.267895,20,0.294734,0.264127,0.323586,20,0,0,0,20,0.299371,0.268284,0.328338,20,20,0,0
recipe:farooq_2019_science_awake,recipe:olafsdottir_2015,network,0.251734,0.232137,0.273002,20,0.393917,0.36349,0.428088,20,0,0,0,20,0.393917,0.36349,0.428088,20,20,0,0
recipe:farooq_2019_science_awake,recipe:olafsdottir_2015.bayesian_candidates,network,0.339571,0.31631,0.364663,20,0.427912,0.398017,0.462233,20,0,0,0,20,0.427912,0.398017,0.462233,20,20,0,0
recipe:farooq_2019_science_awake,recipe:olafsdottir_2016,network,0.413592,0.383132,0.446781,20,0.448593,0.41527,0.484004,20,0,0,0,19,0.448593,0.41527,0.484004,20,20,0,0
recipe:farooq_2019_science_awake,recipe:olafsdottir_2017,network,0.177411,0.161501,0.194861,20,0.37308,0.344205,0.402871,20,0,0,0,20,0.374183,0.345398,0.403773,20,20,0,0
recipe:farooq_2019_science_awake,recipe:olafsdottir_2017.trajectory,network,0.422646,0.392243,0.45702,20,0.448593,0.41527,0.484004,20,0,0,0,18,0.448593,0.41527,0.484004,20,20,0,0
recipe:farooq_2019_science_awake,recipe:pfeiffer_2013,network,0.276478,0.255366,0.297873,20,0.380401,0.352324,0.410461,20,0,0,0,20,0.380401,0.352324,0.410461,20,20,0,0
recipe:farooq_2019_science_awake,recipe:pfeiffer_2013_ripples,network,0.27958,0.260041,0.29914,20,0.315991,0.293109,0.338776,20,0,0,0,20,0.315991,0.293109,0.338776,20,20,0,0
recipe:farooq_2019_science_awake,recipe:pfeiffer_2015,network,0.280128,0.260342,0.299641,20,0.315991,0.293109,0.338776,20,0,0,0,20,0.315991,0.293109,0.338776,20,20,0,0
recipe:farooq_2019_science_awake,recipe:shin_2019,network,0.256837,0.235162,0.27737,20,0.321746,0.297468,0.344828,20,0,0,0,20,0.322791,0.297706,0.347172,20,20,0,0
recipe:farooq_2019_science_awake,recipe:silva_2015,network,0.386201,0.355199,0.417389,20,0.465134,0.429921,0.501839,20,0,0,0,20,0.465134,0.429921,0.501839,20,20,0,0
recipe:farooq_2019_science_awake,recipe:stella_2019,network,0.20303,0.184874,0.219789,20,0.313118,0.283494,0.338644,20,0,0,0,20,0.319501,0.2907,0.344847,20,20,0,0
recipe:farooq_2019_science_awake,recipe:tang_2017,network,0.256837,0.235162,0.27737,20,0.321746,0.297468,0.344828,20,0,0,0,20,0.322791,0.297706,0.347172,20,20,0,0
recipe:farooq_2019_science_awake,recipe:tirole_2022,network,0.405161,0.376929,0.433847,20,0.410038,0.382087,0.439187,20,0,0,0,11,0.410038,0.382087,0.439187,20,20,0,0
recipe:farooq_2019_science_awake,recipe:widloski_2025,network,0.321703,0.296409,0.344781,20,0.372252,0.343059,0.401237,20,0,0,0,20,0.362293,0.335153,0.388601,20,20,0,0
recipe:farooq_2019_science_awake,recipe:widloski_2025_bursts,network,0.464874,0.430172,0.496949,20,0.475096,0.441864,0.506445,20,0,0,0,13,0.468138,0.437972,0.496256,20,20,0,0
recipe:farooq_2019_science_awake,recipe:wikenheiser_2013,network,0.0292648,0.0270339,0.0316758,20,0.259491,0.239265,0.281442,20,0,0,0,20,0.258086,0.237668,0.280192,20,20,0,0
recipe:farooq_2019_science_awake,recipe:wu_2014,network,0.0853126,0.0766449,0.0938237,20,0.324825,0.299682,0.350402,20,0,0,0,20,0.324825,0.299682,0.350402,20,20,0,0
recipe:farooq_2019_science_awake,recipe:wu_2017,network,0.359564,0.328148,0.392109,20,0.402665,0.373037,0.434263,20,0,0,0,20,0.402665,0.373037,0.434263,20,20,0,0
recipe:farooq_2019_science_awake,recipe:xu_2019,network,0.254068,0.231108,0.276589,20,0.369915,0.342912,0.399214,20,0,0,0,20,0.369915,0.342912,0.399214,20,20,0,0
recipe:farooq_2019_science_awake,recipe:yamamoto_2017,network,0.277026,0.259311,0.296785,20,0.345383,0.323268,0.367436,20,0,0,0,20,0.348506,0.327127,0.370274,20,20,0,0
recipe:farooq_2019_science_awake,recipe:yang_2024,network,0.36652,0.335351,0.393445,20,0.368756,0.337873,0.395206,20,0,0,0,7,0.368756,0.337873,0.395206,20,20,0,0
recipe:foster_2006,recipe:foster_2006_ripples,network,0.0634988,0.0497637,0.0786343,20,0.0944236,0.074319,0.115816,20,0,0,0,20,0.0974938,0.076242,0.120027,20,20,0,0
recipe:foster_2006,recipe:gillespie_2021,network,0.117004,0.101974,0.130178,20,0.164344,0.143704,0.183089,20,0,0,0,20,0.164344,0.143704,0.183089,20,20,0,0
recipe:foster_2006,recipe:gillespie_2021_mua,network,0.142725,0.122391,0.16372,20,0.184519,0.159098,0.209809,20,0,0,0,20,0.184519,0.159098,0.209809,20,20,0,0
recipe:foster_2006,recipe:gridchyn_2020,network,0.0286516,0.0248284,0.0322213,20,0.163763,0.140305,0.18579,20,0,0,0,20,0.164402,0.140946,0.186461,20,20,0,0
recipe:foster_2006,recipe:grosmark_2016,network,0.198104,0.172719,0.221248,20,0.199349,0.173729,0.22227,20,0,0,0,7,0.199349,0.173729,0.22227,20,20,0,0
recipe:foster_2006,recipe:gupta_2010,network,0.0146088,0.0123501,0.0166092,20,0.148874,0.128057,0.168154,20,0,0,0,20,0.149567,0.128375,0.168805,20,20,0,0
recipe:foster_2006,recipe:harvey_2023_code,network,0.17938,0.15445,0.204352,20,0.187847,0.161158,0.214163,20,0,0,0,17,0.188621,0.162301,0.214613,20,20,0,0
recipe:foster_2006,recipe:harvey_2023_no_radiatum,network,0.105853,0.0915811,0.119486,20,0.187223,0.164059,0.210616,20,0,0,0,20,0.188051,0.165027,0.211345,20,20,0,0
recipe:foster_2006,recipe:harvey_2023_text,network,0.145892,0.126627,0.165218,20,0.180318,0.155135,0.205113,20,0,0,0,20,0.181315,0.156683,0.206077,20,20,0,0
recipe:foster_2006,recipe:huelin_gorriz_2023,network,0.224271,0.196497,0.251232,20,0.22689,0.198735,0.253624,20,0,0,0,11,0.22689,0.198735,0.253624,20,20,0,0
recipe:foster_2006,recipe:igata_2021,network,0.0408563,0.0346042,0.0466614,20,0.161291,0.13841,0.183228,20,0,0,0,20,0.161291,0.13841,0.183228,20,20,0,0
recipe:foster_2006,recipe:igata_2021_ripples,network,0.0271739,0.0235451,0.0306712,20,0.16584,0.144506,0.185798,20,0,0,0,20,0.16584,0.144506,0.185798,20,20,0,0
recipe:foster_2006,recipe:jadhav_2016,network,0.138427,0.118504,0.15891,20,0.164481,0.141188,0.188287,20,0,0,0,20,0.165186,0.142154,0.188222,20,20,0,0
recipe:foster_2006,recipe:ji_2007,network,0.191314,0.164101,0.218454,20,0.208893,0.179561,0.237509,20,0,0,0,19,0.208893,0.179561,0.237509,20,20,0,0
recipe:foster_2006,recipe:ji_2007_ripples,network,0,0,0,20,0,0,0,20,0,0,0,20,0,0,0,20,20,0,0
recipe:foster_2006,recipe:kaefer_2020,network,0.0211477,0.00880754,0.034995,20,0.0259243,0.0108548,0.0427431,20,0,0,0,20,0.0259243,0.0108548,0.0427431,20,20,0,0
recipe:foster_2006,recipe:karlsson_2009,network,0.140741,0.12275,0.157925,20,0.177094,0.155321,0.198495,20,0,0,0,20,0.177094,0.155321,0.198495,20,20,0,0
recipe:foster_2006,recipe:krause_2022,network,0.167498,0.147139,0.186826,20,0.183036,0.160589,0.203552,20,0,0,0,20,0.183036,0.160589,0.203552,20,20,0,0
recipe:foster_2006,recipe:krause_2022_hse,network,0.149933,0.128976,0.171269,20,0.185243,0.159598,0.210357,20,0,0,0,20,0.185243,0.159598,0.210357,20,20,0,0
recipe:foster_2006,recipe:kudrimoti_1999,network,0.0403421,0.022551,0.0600681,20,0.0426162,0.023658,0.0637052,20,0,0,0,7,0.0426162,0.023658,0.0637052,20,20,0,0
recipe:foster_2006,recipe:lee_2002,network,0.0103389,0.00892953,0.0116995,20,0.151991,0.130682,0.172941,20,0,0,0,20,0.151307,0.130521,0.17156,20,20,0,0
recipe:foster_2006,recipe:lee_2002_ripples,network,0.0634988,0.0497637,0.0786343,20,0.0944236,0.074319,0.115816,20,0,0,0,20,0.0974938,0.076242,0.120027,20,20,0,0
recipe:foster_2006,recipe:liu_2019,network,0.0216484,0.0187318,0.0245093,20,0.149342,0.128409,0.170005,20,0,0,0,20,0.147431,0.12708,0.167346,20,20,0,0
recipe:foster_2006,recipe:liu_2019_awake,network,0.0216484,0.0187318,0.0245093,20,0.149342,0.128409,0.170005,20,0,0,0,20,0.147431,0.12708,0.167346,20,20,0,0
recipe:foster_2006,recipe:liu_2023,network,0.229443,0.201833,0.256778,20,0.229709,0.20205,0.256956,20,0,0,0,2,0.229709,0.20205,0.256956,20,20,0,0
recipe:foster_2006,recipe:maboudi_2018,network,0.160393,0.138598,0.181959,20,0.190831,0.165029,0.216346,20,0,0,0,20,0.190831,0.165029,0.216346,20,20,0,0
recipe:foster_2006,recipe:maboudi_2018_open_field,network,0.150529,0.130497,0.1699,20,0.206624,0.178624,0.233287,20,0,0,0,20,0.206624,0.178624,0.233287,20,20,0,0
recipe:foster_2006,recipe:mallory_2025,network,0.132006,0.11197,0.151402,20,0.200558,0.172454,0.226409,20,0,0,0,20,0.200558,0.172454,0.226409,20,20,0,0
recipe:foster_2006,recipe:mallory_2025_ripples,network,0.143862,0.125515,0.161179,20,0.177743,0.155656,0.198316,20,0,0,0,20,0.177743,0.155656,0.198316,20,20,0,0
recipe:foster_2006,recipe:michon_2019,network,0.2171,0.184727,0.251352,20,0.2171,0.184727,0.251352,20,,,,0,0.2171,0.184727,0.251352,20,20,0,0
recipe:foster_2006,recipe:michon_2021,network,0.2171,0.184727,0.251352,20,0.2171,0.184727,0.251352,20,,,,0,0.2171,0.184727,0.251352,20,20,0,0
recipe:foster_2006,recipe:mou_2022,network,0.115034,0.0890956,0.143273,20,0.179556,0.15315,0.207231,20,0,0,0,20,0.179556,0.15315,0.207231,20,20,0,0
recipe:foster_2006,recipe:muessig_2019,network,0.375103,0.328536,0.421629,20,0.375103,0.328536,0.421629,20,,,,0,0.375103,0.328536,0.421629,20,20,0,0
recipe:foster_2006,recipe:muessig_2019_ripples,network,0.00576874,0.00494858,0.00656857,20,0.160987,0.137964,0.182773,20,0,0,0,20,0.16233,0.139455,0.183939,20,20,0,0
recipe:foster_2006,recipe:nadasdy_1999,network,0.148175,0.1301,0.166751,20,0.181138,0.157952,0.204508,20,0,0,0,20,0.181138,0.157952,0.204508,20,20,0,0
recipe:foster_2006,recipe:olafsdottir_2015,network,0.132407,0.115403,0.148255,20,0.211511,0.179748,0.244857,20,0,0,0,20,0.211511,0.179748,0.244857,20,20,0,0
recipe:foster_2006,recipe:olafsdottir_2015.bayesian_candidates,network,0.182893,0.158873,0.205331,20,0.234479,0.199811,0.271125,20,0,0,0,20,0.234479,0.199811,0.271125,20,20,0,0
recipe:foster_2006,recipe:olafsdottir_2016,network,0.250357,0.218086,0.280772,20,0.27366,0.236811,0.309942,20,0,0,0,19,0.27366,0.236811,0.309942,20,20,0,0
recipe:foster_2006,recipe:olafsdottir_2017,network,0.0966326,0.0835668,0.109344,20,0.204742,0.176441,0.234296,20,0,0,0,20,0.204742,0.176441,0.234296,20,20,0,0
recipe:foster_2006,recipe:olafsdottir_2017.trajectory,network,0.256552,0.223283,0.288345,20,0.27366,0.236811,0.309942,20,0,0,0,18,0.27366,0.236811,0.309942,20,20,0,0
recipe:foster_2006,recipe:pfeiffer_2013,network,0.150529,0.130497,0.1699,20,0.206624,0.178624,0.233287,20,0,0,0,20,0.206624,0.178624,0.233287,20,20,0,0
recipe:foster_2006,recipe:pfeiffer_2013_ripples,network,0.152301,0.133379,0.16991,20,0.172688,0.15096,0.192765,20,0,0,0,20,0.172688,0.15096,0.192765,20,20,0,0
recipe:foster_2006,recipe:pfeiffer_2015,network,0.152635,0.133587,0.170317,20,0.172688,0.15096,0.192765,20,0,0,0,20,0.172688,0.15096,0.192765,20,20,0,0
recipe:foster_2006,recipe:shin_2019,network,0.140117,0.122231,0.156958,20,0.177094,0.155321,0.198495,20,0,0,0,20,0.177094,0.155321,0.198495,20,20,0,0
recipe:foster_2006,recipe:silva_2015,network,0.20514,0.17774,0.233181,20,0.246224,0.213381,0.278044,20,0,0,0,20,0.246224,0.213381,0.278044,20,20,0,0
recipe:foster_2006,recipe:stella_2019,network,0.116992,0.101595,0.132082,20,0.184536,0.160696,0.207585,20,0,0,0,20,0.186608,0.162407,0.209597,20,20,0,0
recipe:foster_2006,recipe:tang_2017,network,0.140117,0.122231,0.156958,20,0.177094,0.155321,0.198495,20,0,0,0,20,0.177094,0.155321,0.198495,20,20,0,0
recipe:foster_2006,recipe:tirole_2022,network,0.224271,0.196497,0.251232,20,0.22689,0.198735,0.253624,20,0,0,0,11,0.22689,0.198735,0.253624,20,20,0,0
recipe:foster_2006,recipe:widloski_2025,network,0.178397,0.156088,0.200659,20,0.207924,0.181079,0.232997,20,0,0,0,20,0.199608,0.175754,0.221361,20,20,0,0
recipe:foster_2006,recipe:widloski_2025_bursts,network,0.264511,0.22844,0.29852,20,0.270476,0.234312,0.304913,20,0,0,0,13,0.264269,0.229358,0.296354,20,20,0,0
recipe:foster_2006,recipe:wikenheiser_2013,network,0.0158537,0.013839,0.0178144,20,0.141502,0.121368,0.160873,20,0,0,0,20,0.141558,0.121398,0.161005,20,20,0,0
recipe:foster_2006,recipe:wu_2014,network,0.0470023,0.0398017,0.0537023,20,0.177595,0.15284,0.201612,20,0,0,0,20,0.177595,0.15284,0.201612,20,20,0,0
recipe:foster_2006,recipe:wu_2017,network,0.19968,0.172384,0.227271,20,0.224945,0.195019,0.254697,20,0,0,0,20,0.224945,0.195019,0.254697,20,20,0,0
recipe:foster_2006,recipe:xu_2019,network,0.139627,0.119464,0.158635,20,0.202149,0.17494,0.22747,20,0,0,0,20,0.202149,0.17494,0.22747,20,20,0,0
recipe:foster_2006,recipe:yamamoto_2017,network,0.153157,0.131826,0.176097,20,0.19038,0.166799,0.213825,20,0,0,0,20,0.191204,0.167499,0.214576,20,20,0,0
recipe:foster_2006,recipe:yang_2024,network,0.198104,0.172719,0.221248,20,0.199349,0.173729,0.22227,20,0,0,0,7,0.199349,0.173729,0.22227,20,20,0,0
recipe:foster_2006_ripples,recipe:gillespie_2021,network,0.134308,0.120821,0.147604,20,0.104698,0.0921877,0.116815,20,0.197015,0.161943,0.233561,20,0.10628,0.0938115,0.118674,20,20,0,0
recipe:foster_2006_ripples,recipe:gillespie_2021_mua,network,0.0736578,0.0650603,0.0826983,20,0.0963825,0.0846487,0.108329,20,0.0164416,0.00887384,0.0241049,20,0.0963825,0.0846487,0.108329,20,20,0,0
recipe:foster_2006_ripples,recipe:gridchyn_2020,network,0.0183381,0.0161663,0.0204921,20,0.0844622,0.0741636,0.0949372,20,0.00445473,0.00337297,0.00558344,20,0.0898066,0.0790571,0.100267,20,20,0,0
recipe:foster_2006_ripples,recipe:grosmark_2016,network,0.12663,0.111481,0.141039,20,0.150031,0.132435,0.166926,20,0.0220455,0.005,0.0448949,20,0.151263,0.133691,0.167951,20,20,0,0
recipe:foster_2006_ripples,recipe:gupta_2010,network,0.0190353,0.0172983,0.0208881,20,0.0806777,0.0683875,0.0934284,20,0.012471,0.0111141,0.0140718,20,0.089164,0.075891,0.101978,20,20,0,0
recipe:foster_2006_ripples,recipe:harvey_2023_code,network,0.0910905,0.0754792,0.106479,20,0.104568,0.0865816,0.123947,20,0,0,0,20,0.119307,0.101476,0.136536,20,20,0,0
recipe:foster_2006_ripples,recipe:harvey_2023_no_radiatum,network,0.0734528,0.0638145,0.0827682,20,0.113258,0.0973633,0.128492,20,0.0286026,0.0194264,0.0395915,20,0.114023,0.0983314,0.129073,20,20,0,0
recipe:foster_2006_ripples,recipe:harvey_2023_text,network,0.14255,0.124702,0.159751,20,0.125326,0.109347,0.141174,20,0.174702,0.133941,0.215551,20,0.136333,0.118704,0.154622,20,20,0,0
recipe:foster_2006_ripples,recipe:huelin_gorriz_2023,network,0.115456,0.101476,0.130062,20,0.134778,0.117576,0.153617,20,0.00972222,0,0.025,20,0.134778,0.117576,0.153617,20,20,0,0
recipe:foster_2006_ripples,recipe:igata_2021,network,0.0264855,0.0234573,0.0296063,20,0.0861987,0.0756958,0.0964919,20,0.00651086,0.00457615,0.00870968,20,0.0861987,0.0756958,0.0964919,20,20,0,0
recipe:foster_2006_ripples,recipe:igata_2021_ripples,network,0.0375647,0.0344825,0.040806,20,0.105044,0.0921134,0.117635,20,0.0245311,0.0217693,0.0275319,20,0.105674,0.0932633,0.118078,20,20,0,0
recipe:foster_2006_ripples,recipe:jadhav_2016,network,0.170447,0.151839,0.190413,20,0.11232,0.0958445,0.129632,20,0.389012,0.317866,0.461359,20,0.117454,0.101155,0.134108,20,20,0,0
recipe:foster_2006_ripples,recipe:ji_2007,network,0.0909837,0.0818694,0.100212,20,0.10671,0.0949873,0.11846,20,0.0219032,0.00692308,0.0407147,20,0.107785,0.0960768,0.119429,20,20,0,0
recipe:foster_2006_ripples,recipe:ji_2007_ripples,network,0.378423,0.337903,0.421036,20,0.0393638,0.0165338,0.0665987,20,0.648974,0.600234,0.693627,20,0.0393638,0.0165338,0.0665987,20,20,0,0
recipe:foster_2006_ripples,recipe:kaefer_2020,network,0.260779,0.222247,0.301436,20,0.0912753,0.0429187,0.147481,20,0.376112,0.32214,0.431283,20,0.0984181,0.0491703,0.154396,20,20,0,0
recipe:foster_2006_ripples,recipe:karlsson_2009,network,0.162997,0.147678,0.178284,20,0.11735,0.103257,0.131728,20,0.306344,0.255065,0.363413,20,0.118133,0.103971,0.132209,20,20,0,0
recipe:foster_2006_ripples,recipe:krause_2022,network,0.154189,0.13806,0.169466,20,0.117292,0.102598,0.132181,20,0.34372,0.266283,0.422896,20,0.119488,0.10531,0.134188,20,20,0,0
recipe:foster_2006_ripples,recipe:krause_2022_hse,network,0.0774095,0.068585,0.0864167,20,0.0972563,0.0854582,0.10903,20,0.0189089,0.0102001,0.0278178,20,0.0965404,0.0850977,0.108262,20,20,0,0
recipe:foster_2006_ripples,recipe:kudrimoti_1999,network,0.116063,0.0918266,0.140082,20,0.20449,0.155038,0.253003,20,0.0409764,0.0162338,0.0687013,20,0.20449,0.155038,0.253003,20,20,0,0
recipe:foster_2006_ripples,recipe:lee_2002,network,0.00820247,0.00743683,0.00899576,20,0.080086,0.0690273,0.0909763,20,0.00282287,0.00219546,0.00351559,20,0.0809213,0.070942,0.0912213,20,20,0,0
recipe:foster_2006_ripples,recipe:lee_2002_ripples,network,1,1,1,20,1,1,1,20,1,1,1,20,1,1,1,20,20,0,0
recipe:foster_2006_ripples,recipe:liu_2019,network,0.0184706,0.0162878,0.0208821,20,0.0748709,0.0648416,0.0855428,20,0.00801907,0.00618937,0.0100345,20,0.0726952,0.0631892,0.0836216,20,20,0,0
recipe:foster_2006_ripples,recipe:liu_2019_awake,network,0.0184706,0.0162878,0.0208821,20,0.0748709,0.0648416,0.0855428,20,0.00801907,0.00618937,0.0100345,20,0.0726952,0.0631892,0.0836216,20,20,0,0
recipe:foster_2006_ripples,recipe:liu_2023,network,0.110299,0.0931197,0.127299,20,0.133931,0.112466,0.155561,20,0,0,0,20,0.136511,0.114306,0.158693,20,20,0,0
recipe:foster_2006_ripples,recipe:maboudi_2018,network,0.0803871,0.0715116,0.0895733,20,0.100452,0.0881766,0.112901,20,0.0124464,0.00408125,0.0220667,20,0.0997047,0.0877324,0.112009,20,20,0,0
recipe:foster_2006_ripples,recipe:maboudi_2018_open_field,network,0.0732929,0.0637929,0.0828397,20,0.10614,0.0910941,0.121266,20,0.00850554,0.00138889,0.0197763,20,0.107506,0.0926538,0.122099,20,20,0,0
recipe:foster_2006_ripples,recipe:mallory_2025,network,0.0693726,0.0603464,0.0792451,20,0.102715,0.0884671,0.11642,20,0.0189493,0.00986346,0.0316035,20,0.104045,0.0897117,0.117694,20,20,0,0
recipe:foster_2006_ripples,recipe:mallory_2025_ripples,network,0.177502,0.161352,0.193229,20,0.117312,0.103135,0.130816,20,0.388739,0.324474,0.454737,20,0.119732,0.105836,0.133067,20,20,0,0
recipe:foster_2006_ripples,recipe:michon_2019,network,0.184795,0.16291,0.208114,20,0.250497,0.22219,0.282926,20,0,0,0,20,0.250497,0.22219,0.282926,20,20,0,0
recipe:foster_2006_ripples,recipe:michon_2021,network,0.184795,0.16291,0.208114,20,0.250497,0.22219,0.282926,20,0,0,0,20,0.250497,0.22219,0.282926,20,20,0,0
recipe:foster_2006_ripples,recipe:mou_2022,network,0.0612656,0.0515081,0.071585,20,0.093708,0.0818015,0.105337,20,0.0145663,0.00767338,0.0232867,20,0.0919673,0.0801369,0.10387,20,20,0,0
recipe:foster_2006_ripples,recipe:muessig_2019,network,0.0695385,0.0502867,0.0900804,20,0.111512,0.0812313,0.143833,20,0,0,0,20,0.121936,0.0905717,0.155313,20,20,0,0
recipe:foster_2006_ripples,recipe:muessig_2019_ripples,network,0.00754294,0.00692572,0.00819027,20,0.0901074,0.0788593,0.100804,20,0.00423579,0.0037855,0.00475308,20,0.0978823,0.0862257,0.109414,20,20,0,0
recipe:foster_2006_ripples,recipe:nadasdy_1999,network,0.221251,0.199808,0.243788,20,0.175363,0.154452,0.197632,20,0.327931,0.272758,0.389616,20,0.182165,0.160603,0.203434,20,20,0,0
recipe:foster_2006_ripples,recipe:olafsdottir_2015,network,0.0642846,0.0537459,0.0754579,20,0.104561,0.0880528,0.121811,20,0.00683023,0.00268707,0.0119904,20,0.106798,0.090474,0.124156,20,20,0,0
recipe:foster_2006_ripples,recipe:olafsdottir_2015.bayesian_candidates,network,0.0783047,0.0632902,0.0937938,20,0.108206,0.0878366,0.128459,20,0.00647635,0,0.0147847,20,0.10976,0.0901271,0.129856,20,20,0,0
recipe:foster_2006_ripples,recipe:olafsdottir_2016,network,0.0880327,0.0715178,0.105505,20,0.111108,0.0888262,0.134289,20,0,0,0,20,0.116348,0.0959958,0.13789,20,20,0,0
recipe:foster_2006_ripples,recipe:olafsdottir_2017,network,0.049405,0.0434102,0.0562371,20,0.0986748,0.0838475,0.114406,20,0.00814444,0.003327,0.0140479,20,0.105789,0.0908725,0.122201,20,20,0,0
recipe:foster_2006_ripples,recipe:olafsdottir_2017.trajectory,network,0.0898668,0.0727293,0.107578,20,0.111108,0.0888262,0.134289,20,0,0,0,20,0.116348,0.0959958,0.13789,20,20,0,0
recipe:foster_2006_ripples,recipe:pfeiffer_2013,network,0.0732929,0.0637929,0.0828397,20,0.10614,0.0910941,0.121266,20,0.00850554,0.00138889,0.0197763,20,0.107506,0.0926538,0.122099,20,20,0,0
recipe:foster_2006_ripples,recipe:pfeiffer_2013_ripples,network,0.174861,0.157451,0.192176,20,0.111898,0.0979407,0.126301,20,0.499828,0.415629,0.586508,20,0.112668,0.0987126,0.126766,20,20,0,0
recipe:foster_2006_ripples,recipe:pfeiffer_2015,network,0.173644,0.156926,0.190382,20,0.111898,0.0979407,0.126301,20,0.494603,0.413079,0.577344,20,0.112668,0.0987126,0.126766,20,20,0,0
recipe:foster_2006_ripples,recipe:shin_2019,network,0.165111,0.150042,0.180373,20,0.11735,0.103257,0.131728,20,0.313317,0.2624,0.373202,20,0.118133,0.103971,0.132209,20,20,0,0
recipe:foster_2006_ripples,recipe:silva_2015,network,0.0873105,0.0748988,0.100326,20,0.114098,0.0971232,0.13239,20,0.0135226,0.00476073,0.024241,20,0.115896,0.0989281,0.133934,20,20,0,0
recipe:foster_2006_ripples,recipe:stella_2019,network,0.140468,0.127328,0.153885,20,0.132471,0.11647,0.147647,20,0.144958,0.122396,0.169246,20,0.137122,0.120994,0.152724,20,20,0,0
recipe:foster_2006_ripples,recipe:tang_2017,network,0.165111,0.150042,0.180373,20,0.11735,0.103257,0.131728,20,0.313317,0.2624,0.373202,20,0.118133,0.103971,0.132209,20,20,0,0
recipe:foster_2006_ripples,recipe:tirole_2022,network,0.115456,0.101476,0.130062,20,0.134778,0.117576,0.153617,20,0.00972222,0,0.025,20,0.134778,0.117576,0.153617,20,20,0,0
recipe:foster_2006_ripples,recipe:widloski_2025,network,0.272304,0.255717,0.289843,20,0.151257,0.131735,0.170399,20,0.720714,0.66014,0.784209,20,0.145436,0.126917,0.164447,20,20,0,0
recipe:foster_2006_ripples,recipe:widloski_2025_bursts,network,0.113471,0.10054,0.125688,20,0.130607,0.114169,0.146011,20,0.00416667,0,0.0125,20,0.119529,0.105847,0.134303,20,20,0,0
recipe:foster_2006_ripples,recipe:wikenheiser_2013,network,0.0155127,0.0140085,0.0172931,20,0.0802067,0.070494,0.0898808,20,0.00640811,0.00528184,0.00761847,20,0.0790643,0.0691414,0.0889599,20,20,0,0
recipe:foster_2006_ripples,recipe:wu_2014,network,0.0280011,0.0246588,0.0314169,20,0.0940852,0.0822362,0.106232,20,0.00507896,0.00282379,0.00782805,20,0.0951792,0.0831846,0.107369,20,20,0,0
recipe:foster_2006_ripples,recipe:wu_2017,network,0.0883557,0.0769176,0.100452,20,0.110336,0.0941595,0.128038,20,0.0173763,0.00526316,0.031905,20,0.114173,0.0977015,0.132587,20,20,0,0
recipe:foster_2006_ripples,recipe:xu_2019,network,0.0674844,0.0596299,0.0756629,20,0.101331,0.0871215,0.115204,20,0.00995769,0.00236051,0.0203631,20,0.103494,0.0893515,0.117147,20,20,0,0
recipe:foster_2006_ripples,recipe:yamamoto_2017,network,0.0923494,0.0836532,0.101123,20,0.11091,0.0973452,0.124121,20,0.027091,0.0147383,0.0414448,20,0.122484,0.108141,0.136755,20,20,0,0
recipe:foster_2006_ripples,recipe:yang_2024,network,0.12663,0.111481,0.141039,20,0.150031,0.132435,0.166926,20,0.0220455,0.005,0.0448949,20,0.151263,0.133691,0.167951,20,20,0,0
recipe:gillespie_2021,recipe:gillespie_2021_mua,network,0.492268,0.472215,0.512414,20,0.764694,0.746048,0.781911,20,0.0373559,0.0293106,0.0462855,20,0.764694,0.746048,0.781911,20,20,0,0
recipe:gillespie_2021,recipe:gridchyn_2020,network,0.141032,0.133856,0.148134,20,0.727799,0.710487,0.74652,20,0.0134779,0.0116611,0.0153649,20,0.750705,0.7333,0.767637,20,20,0,0
recipe:gillespie_2021,recipe:grosmark_2016,network,0.420585,0.401227,0.443818,20,0.594583,0.567304,0.621844,20,0.00313725,0,0.00794608,20,0.594583,0.567304,0.621844,20,20,0,0
recipe:gillespie_2021,recipe:gupta_2010,network,0.107096,0.101023,0.112496,20,0.756944,0.728622,0.78487,20,0.029215,0.0274623,0.0309527,20,0.798486,0.777225,0.820791,20,20,0,0
recipe:gillespie_2021,recipe:harvey_2023_code,network,0.495142,0.471953,0.518249,20,0.65425,0.628428,0.681799,20,0.0333384,0.0189674,0.0487411,20,0.68375,0.657919,0.709128,20,20,0,0
recipe:gillespie_2021,recipe:harvey_2023_no_radiatum,network,0.399203,0.379365,0.419306,20,0.751205,0.737351,0.764879,20,0.0285485,0.0210509,0.0360632,20,0.765306,0.752199,0.778429,20,20,0,0
recipe:gillespie_2021,recipe:harvey_2023_text,network,0.507226,0.487183,0.528028,20,0.666243,0.6491,0.685298,20,0.10624,0.0783538,0.138943,20,0.704863,0.686254,0.724386,20,20,0,0
recipe:gillespie_2021,recipe:huelin_gorriz_2023,network,0.493736,0.468881,0.518876,20,0.695032,0.670136,0.720231,20,0.00497991,0,0.0104377,20,0.695032,0.670136,0.720231,20,20,0,0
recipe:gillespie_2021,recipe:igata_2021,network,0.197307,0.185328,0.208582,20,0.772021,0.75266,0.791298,20,0.0152246,0.0127911,0.0175805,20,0.772021,0.75266,0.791298,20,20,0,0
recipe:gillespie_2021,recipe:igata_2021_ripples,network,0.192552,0.18638,0.199045,20,0.893578,0.878798,0.908982,20,0.0524478,0.0490208,0.056083,20,0.911268,0.898404,0.923056,20,20,0,0
recipe:gillespie_2021,recipe:jadhav_2016,network,0.613219,0.593341,0.633146,20,0.739428,0.720893,0.756084,20,0.247812,0.210782,0.280722,20,0.78296,0.765259,0.799586,20,20,0,0
recipe:gillespie_2021,recipe:ji_2007,network,0.509853,0.476811,0.539544,20,0.716216,0.668716,0.755256,20,0.0349768,0.0271856,0.0430895,20,0.719412,0.671826,0.758481,20,20,0,0
recipe:gillespie_2021,recipe:ji_2007_ripples,network,0.047163,0.0373275,0.0576875,20,0.00568865,0.00257851,0.00897439,20,0.142398,0.111293,0.174733,20,0.00693656,0.00368928,0.0105533,20,20,0,0
recipe:gillespie_2021,recipe:kaefer_2020,network,0.038035,0.0298813,0.0470315,20,0.0135932,0.00841363,0.0189566,20,0.0955212,0.0734122,0.120233,20,0.0135932,0.00841363,0.0189566,20,20,0,0
recipe:gillespie_2021,recipe:karlsson_2009,network,0.736363,0.716477,0.756236,20,0.876813,0.863642,0.889799,20,0.369581,0.331458,0.406203,20,0.900268,0.890289,0.909907,20,20,0,0
recipe:gillespie_2021,recipe:krause_2022,network,0.678903,0.654205,0.700832,20,0.873554,0.854572,0.891899,20,0.184793,0.15076,0.221916,20,0.883135,0.865758,0.899608,20,20,0,0
recipe:gillespie_2021,recipe:krause_2022_hse,network,0.507522,0.486523,0.528802,20,0.764468,0.744986,0.783476,20,0.0370786,0.0292052,0.0457301,20,0.763594,0.74394,0.783044,20,20,0,0
recipe:gillespie_2021,recipe:kudrimoti_1999,network,0.0265056,0.02085,0.0319107,20,0.0316994,0.0252744,0.0385434,20,0.0124136,0.0047514,0.0213281,20,0.0324111,0.0254261,0.0398604,20,20,0,0
recipe:gillespie_2021,recipe:lee_2002,network,0.0591486,0.0571567,0.0612072,20,0.724016,0.708296,0.740089,20,0.00939479,0.00844105,0.0105722,20,0.726535,0.712464,0.741594,20,20,0,0
recipe:gillespie_2021,recipe:lee_2002_ripples,network,0.134308,0.120821,0.147604,20,0.104698,0.0921877,0.116815,20,0.197015,0.161943,0.233561,20,0.10628,0.0938115,0.118674,20,20,0,0
recipe:gillespie_2021,recipe:liu_2019,network,0.121236,0.116343,0.125938,20,0.653701,0.635944,0.671192,20,0.0237306,0.021169,0.0264164,20,0.648279,0.630699,0.665913,20,20,0,0
recipe:gillespie_2021,recipe:liu_2019_awake,network,0.121236,0.116343,0.125938,20,0.653701,0.635944,0.671192,20,0.0237306,0.021169,0.0264164,20,0.648279,0.630699,0.665913,20,20,0,0
recipe:gillespie_2021,recipe:liu_2023,network,0.412524,0.38852,0.436017,20,0.581411,0.552376,0.609083,20,0,0,0,20,0.581411,0.552376,0.609083,20,20,0,0
recipe:gillespie_2021,recipe:maboudi_2018,network,0.516009,0.495502,0.535782,20,0.762905,0.739366,0.784705,20,0.0337307,0.0245698,0.0438858,20,0.762031,0.738326,0.784089,20,20,0,0
recipe:gillespie_2021,recipe:maboudi_2018_open_field,network,0.432485,0.414181,0.453424,20,0.705791,0.685598,0.725295,20,0.0161488,0.00924129,0.0240076,20,0.706601,0.686854,0.72601,20,20,0,0
recipe:gillespie_2021,recipe:mallory_2025,network,0.419501,0.401768,0.439209,20,0.718473,0.69925,0.736674,20,0.0362623,0.0281274,0.0458986,20,0.719434,0.699886,0.737582,20,20,0,0
recipe:gillespie_2021,recipe:mallory_2025_ripples,network,0.690716,0.670195,0.71038,20,0.872796,0.860431,0.886392,20,0.282503,0.245756,0.317539,20,0.882838,0.872023,0.894072,20,20,0,0
recipe:gillespie_2021,recipe:michon_2019,network,0.257625,0.240796,0.274035,20,0.364121,0.341497,0.385947,20,0,0,0,20,0.364121,0.341497,0.385947,20,20,0,0
recipe:gillespie_2021,recipe:michon_2021,network,0.257625,0.240796,0.274035,20,0.364121,0.341497,0.385947,20,0,0,0,20,0.364121,0.341497,0.385947,20,20,0,0
recipe:gillespie_2021,recipe:mou_2022,network,0.398736,0.358445,0.437669,20,0.75953,0.738975,0.77757,20,0.024024,0.0187504,0.0296245,20,0.756116,0.736529,0.773753,20,20,0,0
recipe:gillespie_2021,recipe:muessig_2019,network,0.0984668,0.0879424,0.109956,20,0.137328,0.123759,0.152077,20,0,0,0,20,0.139807,0.125688,0.154926,20,20,0,0
recipe:gillespie_2021,recipe:muessig_2019_ripples,network,0.0401378,0.0383414,0.0419528,20,0.798173,0.778616,0.819254,20,0.010047,0.00940661,0.0107084,20,0.826122,0.806603,0.846028,20,20,0,0
recipe:gillespie_2021,recipe:nadasdy_1999,network,0.465581,0.4483,0.481035,20,0.536218,0.515321,0.557666,20,0.228979,0.195278,0.26198,20,0.569817,0.548637,0.59106,20,20,0,0
recipe:gillespie_2021,recipe:olafsdottir_2015,network,0.374573,0.353101,0.398464,20,0.657676,0.630596,0.685847,20,0.0140701,0.00839623,0.0204711,20,0.659473,0.632662,0.68723,20,20,0,0
recipe:gillespie_2021,recipe:olafsdottir_2015.bayesian_candidates,network,0.394174,0.371136,0.420609,20,0.603389,0.574182,0.634635,20,0.0119179,0.00496412,0.0198252,20,0.604364,0.574838,0.635699,20,20,0,0
recipe:gillespie_2021,recipe:olafsdottir_2016,network,0.4013,0.376971,0.428896,20,0.568113,0.540323,0.598201,20,0.00347761,0,0.00742894,20,0.571961,0.54463,0.601625,20,20,0,0
recipe:gillespie_2021,recipe:olafsdottir_2017,network,0.330015,0.314018,0.345595,20,0.695676,0.673703,0.718109,20,0.0276864,0.0228775,0.0326888,20,0.705486,0.684049,0.726276,20,20,0,0
recipe:gillespie_2021,recipe:olafsdottir_2017.trajectory,network,0.405617,0.381802,0.433187,20,0.568113,0.540323,0.598201,20,0.00361905,0,0.00766786,20,0.571961,0.54463,0.601625,20,20,0,0
recipe:gillespie_2021,recipe:pfeiffer_2013,network,0.432485,0.414181,0.453424,20,0.705791,0.685598,0.725295,20,0.0161488,0.00924129,0.0240076,20,0.706601,0.686854,0.72601,20,20,0,0
recipe:gillespie_2021,recipe:pfeiffer_2013_ripples,network,0.750203,0.73095,0.767878,20,0.931035,0.91233,0.947384,20,0.287367,0.247169,0.325936,20,0.939659,0.923664,0.953679,20,20,0,0
recipe:gillespie_2021,recipe:pfeiffer_2015,network,0.751139,0.732583,0.768388,20,0.931035,0.91233,0.947384,20,0.288704,0.247833,0.327576,20,0.939659,0.923664,0.953679,20,20,0,0
recipe:gillespie_2021,recipe:shin_2019,network,0.739714,0.719628,0.759588,20,0.876813,0.863642,0.889799,20,0.379614,0.337918,0.419309,20,0.900268,0.890289,0.909907,20,20,0,0
recipe:gillespie_2021,recipe:silva_2015,network,0.404806,0.384599,0.428115,20,0.598536,0.574573,0.621766,20,0.0177806,0.0106831,0.0251932,20,0.599676,0.575872,0.62238,20,20,0,0
recipe:gillespie_2021,recipe:stella_2019,network,0.545466,0.532205,0.558607,20,0.736242,0.717287,0.755956,20,0.216686,0.195828,0.238419,20,0.771748,0.757708,0.787674,20,20,0,0
recipe:gillespie_2021,recipe:tang_2017,network,0.739714,0.719628,0.759588,20,0.876813,0.863642,0.889799,20,0.379614,0.337918,0.419309,20,0.900268,0.890289,0.909907,20,20,0,0
recipe:gillespie_2021,recipe:tirole_2022,network,0.493736,0.468881,0.518876,20,0.695032,0.670136,0.720231,20,0.00497991,0,0.0104377,20,0.695032,0.670136,0.720231,20,20,0,0
recipe:gillespie_2021,recipe:widloski_2025,network,0.513134,0.492256,0.533952,20,0.671341,0.648928,0.696777,20,0.161909,0.126363,0.19868,20,0.667051,0.645107,0.692155,20,20,0,0
recipe:gillespie_2021,recipe:widloski_2025_bursts,network,0.415331,0.39925,0.431843,20,0.57676,0.555215,0.597253,20,0.0127597,0.00520195,0.0217706,20,0.56814,0.544536,0.59047,20,20,0,0
recipe:gillespie_2021,recipe:wikenheiser_2013,network,0.100793,0.0963791,0.105484,20,0.715659,0.699553,0.731573,20,0.02195,0.0194671,0.0250299,20,0.711834,0.695086,0.728486,20,20,0,0
recipe:gillespie_2021,recipe:wu_2014,network,0.204565,0.19275,0.216126,20,0.749409,0.731972,0.766005,20,0.0147488,0.0114668,0.0183572,20,0.751437,0.733492,0.768867,20,20,0,0
recipe:gillespie_2021,recipe:wu_2017,network,0.417652,0.40129,0.433511,20,0.580841,0.56079,0.6012,20,0.0336942,0.0212724,0.0468963,20,0.591751,0.571518,0.612846,20,20,0,0
recipe:gillespie_2021,recipe:xu_2019,network,0.425281,0.406759,0.445049,20,0.718296,0.699181,0.735861,20,0.0247366,0.0173872,0.0329361,20,0.719273,0.699891,0.737189,20,20,0,0
recipe:gillespie_2021,recipe:yamamoto_2017,network,0.513965,0.488897,0.53626,20,0.737424,0.713605,0.761711,20,0.0651724,0.0455792,0.0869616,20,0.760183,0.734564,0.785231,20,20,0,0
recipe:gillespie_2021,recipe:yang_2024,network,0.420585,0.401227,0.443818,20,0.594583,0.567304,0.621844,20,0.00313725,0,0.00794608,20,0.594583,0.567304,0.621844,20,20,0,0
recipe:gillespie_2021_mua,recipe:gridchyn_2020,network,0.195057,0.188491,0.201087,20,0.851957,0.841025,0.86284,20,0.0515933,0.0456584,0.0573809,20,0.853952,0.843857,0.864406,20,20,0,0
recipe:gillespie_2021_mua,recipe:grosmark_2016,network,0.418148,0.396156,0.44032,20,0.536773,0.51085,0.563901,20,0.0120603,0.00366667,0.0217877,20,0.536773,0.51085,0.563901,20,20,0,0
recipe:gillespie_2021_mua,recipe:gupta_2010,network,0.083089,0.0789555,0.0870081,20,0.713628,0.697848,0.73078,20,0.00727176,0.00586849,0.00879974,20,0.717097,0.701363,0.73464,20,20,0,0
recipe:gillespie_2021_mua,recipe:harvey_2023_code,network,0.456143,0.432232,0.478695,20,0.599876,0.574988,0.624142,20,0,0,0,20,0.599876,0.574988,0.624142,20,20,0,0
recipe:gillespie_2021_mua,recipe:harvey_2023_no_radiatum,network,0.382389,0.364081,0.403295,20,0.670522,0.650528,0.688798,20,0.0308485,0.0233536,0.0383161,20,0.671424,0.651118,0.689875,20,20,0,0
recipe:gillespie_2021_mua,recipe:harvey_2023_text,network,0.410162,0.391881,0.427995,20,0.588475,0.568811,0.606837,20,0.0021832,0,0.00552919,20,0.58763,0.568025,0.605841,20,20,0,0
recipe:gillespie_2021_mua,recipe:huelin_gorriz_2023,network,0.520431,0.497044,0.543691,20,0.667681,0.647029,0.687515,20,0.0192558,0.00971185,0.0294377,20,0.667681,0.647029,0.687515,20,20,0,0
recipe:gillespie_2021_mua,recipe:igata_2021,network,0.282644,0.270695,0.294495,20,0.864962,0.855258,0.875378,20,0.0852049,0.0781546,0.0926269,20,0.864962,0.855258,0.875378,20,20,0,0
recipe:gillespie_2021_mua,recipe:igata_2021_ripples,network,0.142993,0.138375,0.147746,20,0.774266,0.755662,0.792774,20,0.00994794,0.00808356,0.0119186,20,0.774266,0.755662,0.792774,20,20,0,0
recipe:gillespie_2021_mua,recipe:jadhav_2016,network,0.492938,0.46863,0.517382,20,0.640896,0.619093,0.662015,20,0.102974,0.0805836,0.127876,20,0.643017,0.6204,0.66553,20,20,0,0
recipe:gillespie_2021_mua,recipe:ji_2007,network,0.720831,0.66354,0.770536,20,0.859097,0.798372,0.909892,20,0.255636,0.189955,0.318048,20,0.859097,0.798372,0.909892,20,20,0,0
recipe:gillespie_2021_mua,recipe:ji_2007_ripples,network,0.00483544,0.00222098,0.0075312,20,0.00528918,0.00238409,0.00835571,20,0.00125,0,0.00375,20,0.00528918,0.00238409,0.00835571,20,20,0,0
recipe:gillespie_2021_mua,recipe:kaefer_2020,network,0.00900176,0.00546952,0.0124867,20,0.0119242,0.00737809,0.0165099,20,0,0,0,20,0.0119242,0.00737809,0.0165099,20,20,0,0
recipe:gillespie_2021_mua,recipe:karlsson_2009,network,0.538402,0.513443,0.5648,20,0.728797,0.70791,0.749431,20,0.104669,0.0803144,0.133046,20,0.728797,0.70791,0.749431,20,20,0,0
recipe:gillespie_2021_mua,recipe:krause_2022,network,0.54697,0.517885,0.575698,20,0.735669,0.709396,0.760552,20,0.0044338,0,0.00952243,20,0.735669,0.709396,0.760552,20,20,0,0
recipe:gillespie_2021_mua,recipe:krause_2022_hse,network,0.907076,0.891707,0.92183,20,0.974964,0.967867,0.98216,20,0.686575,0.647083,0.727615,20,0.973754,0.964998,0.981947,20,20,0,0
recipe:gillespie_2021_mua,recipe:kudrimoti_1999,network,0.0231188,0.0183975,0.0280013,20,0.0301874,0.024025,0.03678,20,0,0,0,20,0.0301874,0.024025,0.03678,20,20,0,0
recipe:gillespie_2021_mua,recipe:lee_2002,network,0.0662563,0.064661,0.0676968,20,0.77459,0.759191,0.792295,20,0.0125351,0.0110976,0.0139643,20,0.772052,0.755103,0.790914,20,20,0,0
recipe:gillespie_2021_mua,recipe:lee_2002_ripples,network,0.0736578,0.0650603,0.0826983,20,0.0963825,0.0846487,0.108329,20,0.0164416,0.00887384,0.0241049,20,0.0963825,0.0846487,0.108329,20,20,0,0
recipe:gillespie_2021_mua,recipe:liu_2019,network,0.132743,0.12877,0.136777,20,0.676317,0.655983,0.696675,20,0.0292083,0.0254309,0.0330073,20,0.672918,0.653704,0.692197,20,20,0,0
recipe:gillespie_2021_mua,recipe:liu_2019_awake,network,0.132743,0.12877,0.136777,20,0.676317,0.655983,0.696675,20,0.0292083,0.0254309,0.0330073,20,0.672918,0.653704,0.692197,20,20,0,0
recipe:gillespie_2021_mua,recipe:liu_2023,network,0.413634,0.386632,0.438743,20,0.533836,0.505835,0.560685,20,0,0,0,20,0.533836,0.505835,0.560685,20,20,0,0
recipe:gillespie_2021_mua,recipe:maboudi_2018,network,0.844918,0.822441,0.866902,20,0.943382,0.930539,0.956547,20,0.530158,0.477062,0.583005,20,0.942188,0.928603,0.956049,20,20,0,0
recipe:gillespie_2021_mua,recipe:maboudi_2018_open_field,network,0.530422,0.506104,0.555989,20,0.765502,0.747921,0.78258,20,0.0894958,0.0694664,0.111188,20,0.765502,0.747921,0.78258,20,20,0,0
recipe:gillespie_2021_mua,recipe:mallory_2025,network,0.540949,0.518396,0.565555,20,0.768954,0.75256,0.785229,20,0.170172,0.145449,0.19542,20,0.769846,0.753631,0.785791,20,20,0,0
recipe:gillespie_2021_mua,recipe:mallory_2025_ripples,network,0.505988,0.480962,0.530871,20,0.713664,0.693101,0.733639,20,0.0386381,0.0261331,0.0526642,20,0.713664,0.693101,0.733639,20,20,0,0
recipe:gillespie_2021_mua,recipe:michon_2019,network,0.265528,0.247694,0.283326,20,0.345377,0.320723,0.368038,20,0,0,0,20,0.345377,0.320723,0.368038,20,20,0,0
recipe:gillespie_2021_mua,recipe:michon_2021,network,0.265528,0.247694,0.283326,20,0.345377,0.320723,0.368038,20,0,0,0,20,0.345377,0.320723,0.368038,20,20,0,0
recipe:gillespie_2021_mua,recipe:mou_2022,network,0.647741,0.571986,0.720832,20,0.917374,0.895783,0.93761,20,0.306082,0.249975,0.364917,20,0.914432,0.892819,0.935202,20,20,0,0
recipe:gillespie_2021_mua,recipe:muessig_2019,network,0.105321,0.0939716,0.116783,20,0.136302,0.123182,0.148941,20,0,0,0,20,0.136302,0.123182,0.148941,20,20,0,0
recipe:gillespie_2021_mua,recipe:muessig_2019_ripples,network,0.0330808,0.0316828,0.034389,20,0.746901,0.72774,0.765609,20,0.00346498,0.00305529,0.00389345,20,0.752565,0.73304,0.7722,20,20,0,0
recipe:gillespie_2021_mua,recipe:nadasdy_1999,network,0.338007,0.320544,0.357043,20,0.474653,0.453555,0.496226,20,0.00359913,0,0.00745022,20,0.474653,0.453555,0.496226,20,20,0,0
recipe:gillespie_2021_mua,recipe:olafsdottir_2015,network,0.421218,0.401177,0.441759,20,0.695219,0.674742,0.717673,20,0.0238129,0.0143948,0.0351656,20,0.695219,0.674742,0.717673,20,20,0,0
recipe:gillespie_2021_mua,recipe:olafsdottir_2015.bayesian_candidates,network,0.451244,0.428978,0.474868,20,0.649983,0.62536,0.677151,20,0.0144682,0.00710308,0.0231238,20,0.649983,0.62536,0.677151,20,20,0,0
recipe:gillespie_2021_mua,recipe:olafsdottir_2016,network,0.46084,0.432109,0.490556,20,0.614424,0.588032,0.644508,20,0.00259784,0,0.00647773,20,0.614424,0.588032,0.644508,20,20,0,0
recipe:gillespie_2021_mua,recipe:olafsdottir_2017,network,0.393267,0.376418,0.409788,20,0.744255,0.723402,0.764519,20,0.0737616,0.0613992,0.0867666,20,0.744255,0.723402,0.764519,20,20,0,0
recipe:gillespie_2021_mua,recipe:olafsdottir_2017.trajectory,network,0.466221,0.438048,0.495468,20,0.614424,0.588032,0.644508,20,0.00274024,0,0.00683183,20,0.614424,0.588032,0.644508,20,20,0,0
recipe:gillespie_2021_mua,recipe:pfeiffer_2013,network,0.530422,0.506104,0.555989,20,0.765502,0.747921,0.78258,20,0.0894958,0.0694664,0.111188,20,0.765502,0.747921,0.78258,20,20,0,0
recipe:gillespie_2021_mua,recipe:pfeiffer_2013_ripples,network,0.54243,0.516017,0.568378,20,0.74683,0.7225,0.76826,20,0.00389749,0,0.00839444,20,0.74683,0.7225,0.76826,20,20,0,0
recipe:gillespie_2021_mua,recipe:pfeiffer_2015,network,0.543025,0.517199,0.568938,20,0.74683,0.7225,0.76826,20,0.0039894,0,0.00859745,20,0.74683,0.7225,0.76826,20,20,0,0
recipe:gillespie_2021_mua,recipe:shin_2019,network,0.537009,0.511358,0.563719,20,0.728797,0.70791,0.749431,20,0.103734,0.079538,0.132083,20,0.728797,0.70791,0.749431,20,20,0,0
recipe:gillespie_2021_mua,recipe:silva_2015,network,0.495963,0.466053,0.527074,20,0.661333,0.633928,0.690077,20,0.0763092,0.0544769,0.099591,20,0.661333,0.633928,0.690077,20,20,0,0
recipe:gillespie_2021_mua,recipe:stella_2019,network,0.409243,0.392226,0.426652,20,0.631433,0.611801,0.654528,20,0.0703005,0.0552571,0.0868179,20,0.632525,0.612882,0.655177,20,20,0,0
recipe:gillespie_2021_mua,recipe:tang_2017,network,0.537009,0.511358,0.563719,20,0.728797,0.70791,0.749431,20,0.103734,0.079538,0.132083,20,0.728797,0.70791,0.749431,20,20,0,0
recipe:gillespie_2021_mua,recipe:tirole_2022,network,0.520431,0.497044,0.543691,20,0.667681,0.647029,0.687515,20,0.0192558,0.00971185,0.0294377,20,0.667681,0.647029,0.687515,20,20,0,0
recipe:gillespie_2021_mua,recipe:widloski_2025,network,0.424689,0.402576,0.447573,20,0.590117,0.565148,0.619033,20,0.00260695,0,0.00668449,20,0.582454,0.556915,0.612151,20,20,0,0
recipe:gillespie_2021_mua,recipe:widloski_2025_bursts,network,0.498846,0.474996,0.522171,20,0.630104,0.599916,0.659825,20,0.0492377,0.0294172,0.0698357,20,0.626284,0.595105,0.65627,20,20,0,0
recipe:gillespie_2021_mua,recipe:wikenheiser_2013,network,0.103711,0.10016,0.107108,20,0.736455,0.720118,0.752421,20,0.0206315,0.0182708,0.0230294,20,0.732418,0.71543,0.748908,20,20,0,0
recipe:gillespie_2021_mua,recipe:wu_2014,network,0.247208,0.235809,0.259283,20,0.788636,0.77222,0.804801,20,0.045739,0.0401909,0.0519727,20,0.789499,0.773805,0.805004,20,20,0,0
recipe:gillespie_2021_mua,recipe:wu_2017,network,0.526547,0.505159,0.547808,20,0.649698,0.62722,0.672056,20,0.148538,0.118601,0.182306,20,0.650615,0.628244,0.67269,20,20,0,0
recipe:gillespie_2021_mua,recipe:xu_2019,network,0.532399,0.508998,0.556583,20,0.77021,0.752978,0.787253,20,0.124045,0.103744,0.146245,20,0.77021,0.752978,0.787253,20,20,0,0
recipe:gillespie_2021_mua,recipe:yamamoto_2017,network,0.501906,0.479147,0.526499,20,0.727464,0.709543,0.744994,20,0.0280592,0.0197381,0.0368874,20,0.727464,0.709543,0.744994,20,20,0,0
recipe:gillespie_2021_mua,recipe:yang_2024,network,0.418148,0.396156,0.44032,20,0.536773,0.51085,0.563901,20,0.0120603,0.00366667,0.0217877,20,0.536773,0.51085,0.563901,20,20,0,0
recipe:gridchyn_2020,recipe:grosmark_2016,network,0.0869154,0.0814865,0.0916406,20,0.487167,0.46724,0.507151,20,0.000713075,0.000237048,0.00121986,20,0.48805,0.468118,0.50832,20,20,0,0
recipe:gridchyn_2020,recipe:gupta_2010,network,0.0947688,0.0919669,0.0978453,20,0.689068,0.667749,0.709017,20,0.0416521,0.0387757,0.0444309,20,0.727017,0.710778,0.741591,20,20,0,0
recipe:gridchyn_2020,recipe:harvey_2023_code,network,0.099124,0.0928964,0.105369,20,0.536882,0.515147,0.558044,20,0.00213467,0.00106437,0.0033091,20,0.560995,0.53906,0.582445,20,20,0,0
recipe:gridchyn_2020,recipe:harvey_2023_no_radiatum,network,0.120984,0.115905,0.12612,20,0.618907,0.603073,0.636214,20,0.0193611,0.015357,0.0235676,20,0.637608,0.621572,0.654454,20,20,0,0
recipe:gridchyn_2020,recipe:harvey_2023_text,network,0.0997005,0.0939941,0.105632,20,0.525075,0.507683,0.542087,20,0.00569306,0.00377515,0.00781428,20,0.554986,0.536973,0.573722,20,20,0,0
recipe:gridchyn_2020,recipe:huelin_gorriz_2023,network,0.105834,0.101143,0.110443,20,0.593909,0.573221,0.615,20,0.0015142,0.000818787,0.00220694,20,0.594873,0.574402,0.61547,20,20,0,0
recipe:gridchyn_2020,recipe:igata_2021,network,0.476278,0.461614,0.491291,20,0.913674,0.901887,0.924591,20,0.38909,0.371873,0.406915,20,0.91781,0.906335,0.928458,20,20,0,0
recipe:gridchyn_2020,recipe:igata_2021_ripples,network,0.103511,0.0998968,0.106658,20,0.731794,0.714915,0.749744,20,0.0274577,0.0241396,0.0308383,20,0.755482,0.739111,0.771988,20,20,0,0
recipe:gridchyn_2020,recipe:jadhav_2016,network,0.115491,0.110277,0.120658,20,0.590811,0.572258,0.60982,20,0.0110997,0.00966927,0.0126472,20,0.612194,0.592972,0.631045,20,20,0,0
recipe:gridchyn_2020,recipe:ji_2007,network,0.143421,0.131186,0.155392,20,0.740132,0.684697,0.787355,20,0.0147865,0.0108781,0.0190011,20,0.76033,0.706035,0.805599,20,20,0,0
recipe:gridchyn_2020,recipe:ji_2007_ripples,network,0.00297481,0.0020243,0.00392871,20,0.00535119,0.00261022,0.00843717,20,0.0024235,0.00160972,0.0033228,20,0.00535119,0.00261022,0.00843717,20,20,0,0
recipe:gridchyn_2020,recipe:kaefer_2020,network,0.00434711,0.00328519,0.00551025,20,0.011402,0.00708564,0.0158663,20,0.00279706,0.00186937,0.00369795,20,0.011402,0.00708564,0.0158663,20,20,0,0
recipe:gridchyn_2020,recipe:karlsson_2009,network,0.135017,0.128192,0.142227,20,0.680334,0.659012,0.701574,20,0.0151347,0.0131333,0.0170314,20,0.692865,0.671426,0.713313,20,20,0,0
recipe:gridchyn_2020,recipe:krause_2022,network,0.126082,0.119334,0.13291,20,0.678377,0.653724,0.701364,20,0.00431297,0.00337484,0.00529292,20,0.691013,0.667315,0.712482,20,20,0,0
recipe:gridchyn_2020,recipe:krause_2022_hse,network,0.188572,0.182698,0.194323,20,0.85304,0.84348,0.862714,20,0.0421737,0.0369889,0.0474697,20,0.85304,0.84348,0.862714,20,20,0,0
recipe:gridchyn_2020,recipe:kudrimoti_1999,network,0.00444749,0.00348308,0.00540797,20,0.0250048,0.0193193,0.031005,20,0.000113895,0,0.000341686,20,0.0271735,0.0217185,0.0329827,20,20,0,0
recipe:gridchyn_2020,recipe:lee_2002,network,0.140606,0.136746,0.144232,20,0.806896,0.790474,0.823248,20,0.0954004,0.0918316,0.0988572,20,0.825384,0.809045,0.84122,20,20,0,0
recipe:gridchyn_2020,recipe:lee_2002_ripples,network,0.0183381,0.0161663,0.0204921,20,0.0844622,0.0741636,0.0949372,20,0.00445473,0.00337297,0.00558344,20,0.0898066,0.0790571,0.100267,20,20,0,0
recipe:gridchyn_2020,recipe:liu_2019,network,0.263499,0.259804,0.267233,20,0.727195,0.705993,0.748948,20,0.196004,0.191318,0.20062,20,0.72943,0.706871,0.751695,20,20,0,0
recipe:gridchyn_2020,recipe:liu_2019_awake,network,0.263499,0.259804,0.267233,20,0.727195,0.705993,0.748948,20,0.196004,0.191318,0.20062,20,0.72943,0.706871,0.751695,20,20,0,0
recipe:gridchyn_2020,recipe:liu_2023,network,0.0862032,0.0809857,0.0913368,20,0.484257,0.461809,0.50429,20,0.000233727,0,0.000586501,20,0.486451,0.465808,0.505386,20,20,0,0
recipe:gridchyn_2020,recipe:maboudi_2018,network,0.176267,0.170842,0.181694,20,0.827924,0.814256,0.841728,20,0.0327856,0.0288618,0.0371592,20,0.827924,0.814256,0.841728,20,20,0,0
recipe:gridchyn_2020,recipe:maboudi_2018_open_field,network,0.148585,0.142174,0.154763,20,0.729008,0.706336,0.753129,20,0.0244683,0.0222752,0.0268956,20,0.737964,0.71551,0.761284,20,20,0,0
recipe:gridchyn_2020,recipe:mallory_2025,network,0.169199,0.162974,0.175084,20,0.751353,0.730828,0.771808,20,0.044785,0.0405207,0.0493375,20,0.757589,0.736726,0.778191,20,20,0,0
recipe:gridchyn_2020,recipe:mallory_2025_ripples,network,0.130384,0.124029,0.136565,20,0.677058,0.658026,0.696866,20,0.0111226,0.00995045,0.0122321,20,0.681573,0.662361,0.701028,20,20,0,0
recipe:gridchyn_2020,recipe:michon_2019,network,0.0527882,0.0494867,0.0560369,20,0.30379,0.28489,0.32161,20,0,0,0,20,0.304636,0.285622,0.322857,20,20,0,0
recipe:gridchyn_2020,recipe:michon_2021,network,0.0527882,0.0494867,0.0560369,20,0.30379,0.28489,0.32161,20,0,0,0,20,0.304636,0.285622,0.322857,20,20,0,0
recipe:gridchyn_2020,recipe:mou_2022,network,0.26589,0.227873,0.305112,20,0.87285,0.853625,0.890876,20,0.132716,0.0920135,0.174599,20,0.871891,0.853229,0.889989,20,20,0,0
recipe:gridchyn_2020,recipe:muessig_2019,network,0.0208709,0.0187638,0.0230135,20,0.120407,0.108297,0.131715,20,0,0,0,20,0.121746,0.10965,0.133352,20,20,0,0
recipe:gridchyn_2020,recipe:muessig_2019_ripples,network,0.0583721,0.056671,0.0598605,20,0.726117,0.705262,0.747326,20,0.0324045,0.0307327,0.0340626,20,0.75849,0.738692,0.778065,20,20,0,0
recipe:gridchyn_2020,recipe:nadasdy_1999,network,0.0805649,0.0760252,0.085332,20,0.425126,0.40703,0.443507,20,0.00466535,0.00298756,0.00637176,20,0.447656,0.429232,0.467115,20,20,0,0
recipe:gridchyn_2020,recipe:olafsdottir_2015,network,0.131268,0.12469,0.137737,20,0.657179,0.638292,0.674302,20,0.0212273,0.0181245,0.0248926,20,0.668723,0.648844,0.687127,20,20,0,0
recipe:gridchyn_2020,recipe:olafsdottir_2015.bayesian_candidates,network,0.114863,0.108466,0.120716,20,0.599818,0.57728,0.622524,20,0.0103639,0.00781374,0.0130261,20,0.609464,0.585695,0.634468,20,20,0,0
recipe:gridchyn_2020,recipe:olafsdottir_2016,network,0.102243,0.0958852,0.108536,20,0.563918,0.541014,0.591317,20,0.00268685,0.00185229,0.00352885,20,0.576129,0.552268,0.602161,20,20,0,0
recipe:gridchyn_2020,recipe:olafsdottir_2017,network,0.144765,0.138261,0.151298,20,0.705335,0.680277,0.731175,20,0.0347186,0.0315214,0.0378619,20,0.731917,0.70922,0.753615,20,20,0,0
recipe:gridchyn_2020,recipe:olafsdottir_2017.trajectory,network,0.10135,0.0950925,0.107788,20,0.563918,0.541014,0.591317,20,0.00141704,0.000822248,0.00202939,20,0.576129,0.552268,0.602161,20,20,0,0
recipe:gridchyn_2020,recipe:pfeiffer_2013,network,0.148585,0.142174,0.154763,20,0.729008,0.706336,0.753129,20,0.0244683,0.0222752,0.0268956,20,0.737964,0.71551,0.761284,20,20,0,0
recipe:gridchyn_2020,recipe:pfeiffer_2013_ripples,network,0.134114,0.126779,0.141675,20,0.70719,0.685432,0.72802,20,0.00628304,0.0050221,0.00763935,20,0.716393,0.694528,0.736629,20,20,0,0
recipe:gridchyn_2020,recipe:pfeiffer_2015,network,0.134147,0.126841,0.141695,20,0.70719,0.685432,0.72802,20,0.00628515,0.005028,0.0076414,20,0.716393,0.694528,0.736629,20,20,0,0
recipe:gridchyn_2020,recipe:shin_2019,network,0.135258,0.128337,0.142481,20,0.680334,0.659012,0.701574,20,0.0154713,0.0135257,0.0174368,20,0.692865,0.671426,0.713313,20,20,0,0
recipe:gridchyn_2020,recipe:silva_2015,network,0.120338,0.114257,0.126621,20,0.617156,0.59198,0.643739,20,0.0138322,0.0111189,0.0168004,20,0.620431,0.596827,0.645575,20,20,0,0
recipe:gridchyn_2020,recipe:stella_2019,network,0.114345,0.109622,0.11923,20,0.568146,0.552072,0.584173,20,0.017094,0.0148925,0.0193075,20,0.59985,0.583369,0.617551,20,20,0,0
recipe:gridchyn_2020,recipe:tang_2017,network,0.135258,0.128337,0.142481,20,0.680334,0.659012,0.701574,20,0.0154713,0.0135257,0.0174368,20,0.692865,0.671426,0.713313,20,20,0,0
recipe:gridchyn_2020,recipe:tirole_2022,network,0.105834,0.101143,0.110443,20,0.593909,0.573221,0.615,20,0.0015142,0.000818787,0.00220694,20,0.594873,0.574402,0.61547,20,20,0,0
recipe:gridchyn_2020,recipe:widloski_2025,network,0.105582,0.100469,0.110808,20,0.548415,0.524427,0.573993,20,0.00883099,0.00678277,0.01092,20,0.544301,0.519719,0.571026,20,20,0,0
recipe:gridchyn_2020,recipe:widloski_2025_bursts,network,0.10094,0.09749,0.104625,20,0.558404,0.531463,0.586284,20,0.00292846,0.00174756,0.00435546,20,0.553996,0.527644,0.581204,20,20,0,0
recipe:gridchyn_2020,recipe:wikenheiser_2013,network,0.231488,0.22611,0.237781,20,0.801162,0.789309,0.812376,20,0.168766,0.162871,0.175391,20,0.805629,0.791282,0.819874,20,20,0,0
recipe:gridchyn_2020,recipe:wu_2014,network,0.189393,0.185095,0.194059,20,0.798163,0.781907,0.814845,20,0.0907049,0.0858579,0.0954587,20,0.808273,0.792661,0.824574,20,20,0,0
recipe:gridchyn_2020,recipe:wu_2017,network,0.110044,0.103968,0.115709,20,0.553971,0.532945,0.573874,20,0.014143,0.0110547,0.0174462,20,0.57754,0.558784,0.595868,20,20,0,0
recipe:gridchyn_2020,recipe:xu_2019,network,0.160741,0.155558,0.165549,20,0.740859,0.719304,0.763273,20,0.0357211,0.0313362,0.0406385,20,0.749966,0.727722,0.771508,20,20,0,0
recipe:gridchyn_2020,recipe:yamamoto_2017,network,0.118175,0.111448,0.124481,20,0.616104,0.599839,0.631741,20,0.0101672,0.00733933,0.0133984,20,0.655023,0.638319,0.671436,20,20,0,0
recipe:gridchyn_2020,recipe:yang_2024,network,0.0869154,0.0814865,0.0916406,20,0.487167,0.46724,0.507151,20,0.000713075,0.000237048,0.00121986,20,0.48805,0.468118,0.50832,20,20,0,0
recipe:grosmark_2016,recipe:gupta_2010,network,0.0480308,0.0446339,0.0513738,20,0.485103,0.46004,0.511216,20,6.70241e-05,0,0.000201072,20,0.486828,0.46184,0.513043,20,20,0,0
recipe:grosmark_2016,recipe:harvey_2023_code,network,0.572921,0.546352,0.601739,20,0.600145,0.573573,0.627932,20,0,0,0,18,0.601515,0.574577,0.629828,20,20,0,0
recipe:grosmark_2016,recipe:harvey_2023_no_radiatum,network,0.370715,0.347758,0.397462,20,0.645889,0.623082,0.668522,20,0.0062405,0.00257152,0.0104173,20,0.645889,0.623082,0.668522,20,20,0,0
recipe:grosmark_2016,recipe:harvey_2023_text,network,0.544124,0.518105,0.570983,20,0.668385,0.638389,0.697817,20,0,0,0,20,0.669715,0.641114,0.697844,20,20,0,0
recipe:grosmark_2016,recipe:huelin_gorriz_2023,network,0.626149,0.600081,0.652741,20,0.632865,0.606937,0.658778,20,0.153846,0,0.333333,13,0.632865,0.606937,0.658778,20,20,0,0
recipe:grosmark_2016,recipe:igata_2021,network,0.123521,0.114264,0.133049,20,0.48377,0.459499,0.508128,20,0.00117088,0.000496002,0.00195267,20,0.48377,0.459499,0.508128,20,20,0,0
recipe:grosmark_2016,recipe:igata_2021_ripples,network,0.0939407,0.0891197,0.0987537,20,0.58042,0.554626,0.607836,20,0.000498071,0.000118765,0.000984979,20,0.58042,0.554626,0.607836,20,20,0,0
recipe:grosmark_2016,recipe:jadhav_2016,network,0.49767,0.470557,0.525568,20,0.587229,0.553978,0.618015,20,0.0193223,0.00666667,0.036228,20,0.592054,0.559726,0.622254,20,20,0,0
recipe:grosmark_2016,recipe:ji_2007,network,0.508331,0.480281,0.534409,20,0.549785,0.524904,0.574885,20,0.0622703,0.0183455,0.118523,19,0.549785,0.524904,0.574885,20,20,0,0
recipe:grosmark_2016,recipe:ji_2007_ripples,network,0.00829145,0.00380196,0.0131713,20,0.00982846,0.00451491,0.0156408,20,0,0,0,20,0.00982846,0.00451491,0.0156408,20,20,0,0
recipe:grosmark_2016,recipe:kaefer_2020,network,0.019885,0.01242,0.0274279,20,0.0207814,0.0124821,0.0294228,20,0,0,0,20,0.0207814,0.0124821,0.0294228,20,20,0,0
recipe:grosmark_2016,recipe:karlsson_2009,network,0.517506,0.491146,0.543106,20,0.650314,0.619889,0.680012,20,0.0166722,0.00539773,0.0293268,20,0.650314,0.619889,0.680012,20,20,0,0
recipe:grosmark_2016,recipe:krause_2022,network,0.593862,0.565347,0.62134,20,0.651714,0.622331,0.679493,20,0,0,0,20,0.651714,0.622331,0.679493,20,20,0,0
recipe:grosmark_2016,recipe:krause_2022_hse,network,0.439482,0.415548,0.462514,20,0.538423,0.512501,0.565831,20,0.0148817,0.00494118,0.0261954,20,0.536458,0.510818,0.563966,20,20,0,0
recipe:grosmark_2016,recipe:kudrimoti_1999,network,0.048303,0.0375907,0.0588444,20,0.0491918,0.0383809,0.0601825,20,0,0,0,11,0.0491918,0.0383809,0.0601825,20,20,0,0
recipe:grosmark_2016,recipe:lee_2002,network,0.0316135,0.029869,0.033188,20,0.459035,0.438386,0.480122,20,0.000259368,0.00011016,0.000439266,20,0.454556,0.434125,0.475269,20,20,0,0
recipe:grosmark_2016,recipe:lee_2002_ripples,network,0.12663,0.111481,0.141039,20,0.150031,0.132435,0.166926,20,0.0220455,0.005,0.0448949,20,0.151263,0.133691,0.167951,20,20,0,0
recipe:grosmark_2016,recipe:liu_2019,network,0.0633477,0.0595013,0.0669315,20,0.415978,0.395014,0.438109,20,0.000371087,9.09091e-05,0.000744031,20,0.406529,0.386255,0.428402,20,20,0,0
recipe:grosmark_2016,recipe:liu_2019_awake,network,0.0633477,0.0595013,0.0669315,20,0.415978,0.395014,0.438109,20,0.000371087,9.09091e-05,0.000744031,20,0.406529,0.386255,0.428402,20,20,0,0
recipe:grosmark_2016,recipe:liu_2023,network,0.579737,0.550816,0.608695,20,0.584233,0.555379,0.612793,20,0,0,0,8,0.584233,0.555379,0.612793,20,20,0,0
recipe:grosmark_2016,recipe:maboudi_2018,network,0.467913,0.442036,0.493009,20,0.55175,0.52278,0.581089,20,0.0198569,0.00671443,0.0355644,20,0.549726,0.521546,0.579354,20,20,0,0
recipe:grosmark_2016,recipe:maboudi_2018_open_field,network,0.440931,0.416033,0.464805,20,0.594415,0.568092,0.62002,20,0.0129044,0.00524552,0.0215856,20,0.594415,0.568092,0.62002,20,20,0,0
recipe:grosmark_2016,recipe:mallory_2025,network,0.397209,0.37837,0.41663,20,0.604844,0.579099,0.629546,20,0.00814844,0.00340023,0.0136099,20,0.604844,0.579099,0.629546,20,20,0,0
recipe:grosmark_2016,recipe:mallory_2025_ripples,network,0.535439,0.510918,0.56444,20,0.661363,0.633581,0.690892,20,0.0168697,0.00571429,0.0296441,20,0.661363,0.633581,0.690892,20,20,0,0
recipe:grosmark_2016,recipe:michon_2019,network,0.484378,0.461008,0.508047,20,0.487802,0.464172,0.512106,20,0,0,0,7,0.487802,0.464172,0.512106,20,20,0,0
recipe:grosmark_2016,recipe:michon_2021,network,0.484378,0.461008,0.508047,20,0.487802,0.464172,0.512106,20,0,0,0,7,0.487802,0.464172,0.512106,20,20,0,0
recipe:grosmark_2016,recipe:mou_2022,network,0.322945,0.273016,0.373272,20,0.516709,0.489291,0.543972,20,0.011308,0.00172876,0.0252584,20,0.511805,0.483779,0.539705,20,20,0,0
recipe:grosmark_2016,recipe:muessig_2019,network,0.189786,0.169146,0.21245,20,0.19105,0.170539,0.213362,20,0,0,0,7,0.19105,0.170539,0.213362,20,20,0,0
recipe:grosmark_2016,recipe:muessig_2019_ripples,network,0.0193676,0.018265,0.0203628,20,0.546616,0.522512,0.572115,20,8.7758e-05,2.16826e-05,0.000175204,20,0.54862,0.525625,0.573229,20,20,0,0
recipe:grosmark_2016,recipe:nadasdy_1999,network,0.511893,0.484076,0.538398,20,0.617071,0.583672,0.647813,20,0,0,0,20,0.617071,0.583672,0.647813,20,20,0,0
recipe:grosmark_2016,recipe:olafsdottir_2015,network,0.371301,0.341483,0.40741,20,0.561741,0.530111,0.594615,20,0.00138889,0,0.00416667,20,0.561741,0.530111,0.594615,20,20,0,0
recipe:grosmark_2016,recipe:olafsdottir_2015.bayesian_candidates,network,0.448419,0.419028,0.484337,20,0.551246,0.522767,0.582993,20,0.00555556,0,0.0166667,20,0.551246,0.522767,0.582993,20,20,0,0
recipe:grosmark_2016,recipe:olafsdottir_2016,network,0.511244,0.48635,0.539667,20,0.551006,0.527508,0.576615,20,0,0,0,19,0.551006,0.527508,0.576615,20,20,0,0
recipe:grosmark_2016,recipe:olafsdottir_2017,network,0.271328,0.257336,0.286181,20,0.554693,0.530757,0.577992,20,0.00414748,0.00175735,0.00690078,20,0.554693,0.530757,0.577992,20,20,0,0
recipe:grosmark_2016,recipe:olafsdottir_2017.trajectory,network,0.520971,0.497436,0.547485,20,0.551006,0.527508,0.576615,20,0,0,0,19,0.551006,0.527508,0.576615,20,20,0,0
recipe:grosmark_2016,recipe:pfeiffer_2013,network,0.440931,0.416033,0.464805,20,0.594415,0.568092,0.62002,20,0.0129044,0.00524552,0.0215856,20,0.594415,0.568092,0.62002,20,20,0,0
recipe:grosmark_2016,recipe:pfeiffer_2013_ripples,network,0.552343,0.525297,0.579185,20,0.629891,0.600716,0.658177,20,0,0,0,20,0.629891,0.600716,0.658177,20,20,0,0
recipe:grosmark_2016,recipe:pfeiffer_2015,network,0.553399,0.526308,0.580245,20,0.629891,0.600716,0.658177,20,0,0,0,20,0.629891,0.600716,0.658177,20,20,0,0
recipe:grosmark_2016,recipe:shin_2019,network,0.515415,0.48903,0.540789,20,0.650314,0.619889,0.680012,20,0.016357,0.00529891,0.0288519,20,0.650314,0.619889,0.680012,20,20,0,0
recipe:grosmark_2016,recipe:silva_2015,network,0.473621,0.449031,0.499597,20,0.555902,0.531794,0.57831,20,0.0110581,0,0.0243506,20,0.555902,0.531794,0.57831,20,20,0,0
recipe:grosmark_2016,recipe:stella_2019,network,0.418033,0.396172,0.44195,20,0.662319,0.628029,0.696212,20,0.00312805,0,0.00786901,20,0.663483,0.630263,0.696742,20,20,0,0
recipe:grosmark_2016,recipe:tang_2017,network,0.515415,0.48903,0.540789,20,0.650314,0.619889,0.680012,20,0.016357,0.00529891,0.0288519,20,0.650314,0.619889,0.680012,20,20,0,0
recipe:grosmark_2016,recipe:tirole_2022,network,0.626149,0.600081,0.652741,20,0.632865,0.606937,0.658778,20,0.153846,0,0.333333,13,0.632865,0.606937,0.658778,20,20,0,0
recipe:grosmark_2016,recipe:widloski_2025,network,0.589241,0.561609,0.615637,20,0.683053,0.657018,0.710151,20,0,0,0,20,0.65638,0.632769,0.679854,20,20,0,0
recipe:grosmark_2016,recipe:widloski_2025_bursts,network,0.527773,0.502645,0.552347,20,0.540912,0.51696,0.564581,20,0,0,0,16,0.519637,0.499185,0.540662,20,20,0,0
recipe:grosmark_2016,recipe:wikenheiser_2013,network,0.0495716,0.0464789,0.0522632,20,0.436513,0.415732,0.458314,20,0.00018725,0,0.000430618,20,0.428724,0.407751,0.451069,20,20,0,0
recipe:grosmark_2016,recipe:wu_2014,network,0.140431,0.130581,0.151429,20,0.530342,0.502044,0.558098,20,0.00138117,0.000580866,0.00228756,20,0.530342,0.502044,0.558098,20,20,0,0
recipe:grosmark_2016,recipe:wu_2017,network,0.476289,0.460047,0.492573,20,0.528737,0.510134,0.545894,20,0.0138889,0,0.0305556,20,0.528737,0.510134,0.545894,20,20,0,0
recipe:grosmark_2016,recipe:xu_2019,network,0.414131,0.392156,0.437103,20,0.599309,0.57396,0.623587,20,0.00951137,0.00394817,0.0160891,20,0.599309,0.57396,0.623587,20,20,0,0
recipe:grosmark_2016,recipe:yamamoto_2017,network,0.543473,0.511133,0.576876,20,0.678214,0.64747,0.707686,20,0.0214588,0.00647773,0.0390719,20,0.678214,0.64747,0.707686,20,20,0,0
recipe:grosmark_2016,recipe:yang_2024,network,1,1,1,20,1,1,1,20,1,1,1,7,1,1,1,20,20,0,0
recipe:gupta_2010,recipe:harvey_2023_code,network,0.0562271,0.0522484,0.06036,20,0.521659,0.497516,0.547947,20,0.000799808,0.00032412,0.00138025,20,0.573551,0.550524,0.599842,20,20,0,0
recipe:gupta_2010,recipe:harvey_2023_no_radiatum,network,0.0776987,0.0731524,0.0823275,20,0.613592,0.597343,0.631842,20,0.0178893,0.0150198,0.0209792,20,0.62892,0.611314,0.64636,20,20,0,0
recipe:gupta_2010,recipe:harvey_2023_text,network,0.0645831,0.0607543,0.0684206,20,0.523148,0.498326,0.547489,20,0.00912652,0.00724939,0.0109213,20,0.585057,0.562806,0.606134,20,20,0,0
recipe:gupta_2010,recipe:huelin_gorriz_2023,network,0.0590899,0.0552629,0.0628203,20,0.588697,0.569632,0.61075,20,0.000399703,0.000136283,0.00067068,20,0.588697,0.569632,0.61075,20,20,0,0
recipe:gupta_2010,recipe:igata_2021,network,0.114395,0.110555,0.118077,20,0.744492,0.725712,0.763675,20,0.050058,0.0466122,0.0532805,20,0.749649,0.73044,0.76973,20,20,0,0
recipe:gupta_2010,recipe:igata_2021_ripples,network,0.14837,0.144816,0.151774,20,0.753456,0.732005,0.776835,20,0.0959644,0.0921908,0.0995486,20,0.782549,0.763506,0.802971,20,20,0,0
recipe:gupta_2010,recipe:jadhav_2016,network,0.0741456,0.069863,0.0786455,20,0.609838,0.582579,0.63815,20,0.0119464,0.0103511,0.0134076,20,0.647063,0.624155,0.671154,20,20,0,0
recipe:gupta_2010,recipe:ji_2007,network,0.0687877,0.0630052,0.0744832,20,0.63571,0.594093,0.673551,20,0.00164526,0.00110865,0.00219826,20,0.657934,0.617409,0.692539,20,20,0,0
recipe:gupta_2010,recipe:ji_2007_ripples,network,0.00851464,0.00736098,0.00977742,20,0.00625899,0.00291974,0.00987618,20,0.00864907,0.00762946,0.00982362,20,0.00693467,0.00366637,0.0106024,20,20,0,0
recipe:gupta_2010,recipe:kaefer_2020,network,0.00589917,0.00487033,0.00705223,20,0.0140284,0.00875977,0.0193633,20,0.00506203,0.00415197,0.00606577,20,0.0140284,0.00875977,0.0193633,20,20,0,0
recipe:gupta_2010,recipe:karlsson_2009,network,0.0891427,0.0833865,0.094632,20,0.70839,0.681758,0.735928,20,0.0173324,0.0154791,0.0192562,20,0.733781,0.712163,0.756003,20,20,0,0
recipe:gupta_2010,recipe:krause_2022,network,0.0783301,0.0731026,0.0833355,20,0.689746,0.66684,0.714544,20,0.00744005,0.00613804,0.00870063,20,0.711291,0.689311,0.733834,20,20,0,0
recipe:gupta_2010,recipe:krause_2022_hse,network,0.0836681,0.0796744,0.0875206,20,0.714328,0.699674,0.729824,20,0.00706305,0.00567803,0.00850465,20,0.71519,0.69996,0.731631,20,20,0,0
recipe:gupta_2010,recipe:kudrimoti_1999,network,0.00267563,0.00209723,0.00323024,20,0.0229742,0.0175197,0.0286551,20,0.000572893,0.000195736,0.000973199,20,0.026601,0.0210797,0.0326177,20,20,0,0
recipe:gupta_2010,recipe:lee_2002,network,0.122821,0.12003,0.125506,20,0.682938,0.662805,0.703865,20,0.0900011,0.0870828,0.0930217,20,0.715356,0.700146,0.731564,20,20,0,0
recipe:gupta_2010,recipe:lee_2002_ripples,network,0.0190353,0.0172983,0.0208881,20,0.0806777,0.0683875,0.0934284,20,0.012471,0.0111141,0.0140718,20,0.089164,0.075891,0.101978,20,20,0,0
recipe:gupta_2010,recipe:liu_2019,network,0.228374,0.222877,0.234056,20,0.656128,0.635077,0.677379,20,0.179043,0.173658,0.184803,20,0.651485,0.633146,0.668524,20,20,0,0
recipe:gupta_2010,recipe:liu_2019_awake,network,0.228374,0.222877,0.234056,20,0.656128,0.635077,0.677379,20,0.179043,0.173658,0.184803,20,0.651485,0.633146,0.668524,20,20,0,0
recipe:gupta_2010,recipe:liu_2023,network,0.0481257,0.0443627,0.0518305,20,0.483821,0.459748,0.509277,20,6.39386e-05,0,0.000191816,20,0.485639,0.461314,0.510817,20,20,0,0
recipe:gupta_2010,recipe:maboudi_2018,network,0.0808507,0.0766489,0.0851804,20,0.705991,0.689463,0.72401,20,0.0055261,0.00416894,0.00702078,20,0.706852,0.690234,0.725731,20,20,0,0
recipe:gupta_2010,recipe:maboudi_2018_open_field,network,0.071148,0.0671073,0.0747083,20,0.624767,0.60414,0.64625,20,0.00492124,0.0040759,0.00581026,20,0.631296,0.614277,0.650045,20,20,0,0
recipe:gupta_2010,recipe:mallory_2025,network,0.0782508,0.075068,0.0812218,20,0.644517,0.625039,0.666399,20,0.0100843,0.00849202,0.0115495,20,0.650467,0.63234,0.670369,20,20,0,0
recipe:gupta_2010,recipe:mallory_2025_ripples,network,0.0869529,0.0823832,0.0909651,20,0.702876,0.68312,0.723138,20,0.0161008,0.0146822,0.0176286,20,0.719433,0.699825,0.737863,20,20,0,0
recipe:gupta_2010,recipe:michon_2019,network,0.0293053,0.0267259,0.0319408,20,0.303413,0.283723,0.321537,20,0,0,0,20,0.305129,0.285645,0.322277,20,20,0,0
recipe:gupta_2010,recipe:michon_2021,network,0.0293053,0.0267259,0.0319408,20,0.303413,0.283723,0.321537,20,0,0,0,20,0.305129,0.285645,0.322277,20,20,0,0
recipe:gupta_2010,recipe:mou_2022,network,0.102102,0.0913512,0.112967,20,0.72131,0.702131,0.744068,20,0.0263754,0.017038,0.036317,20,0.719758,0.702544,0.738316,20,20,0,0
recipe:gupta_2010,recipe:muessig_2019,network,0.0114525,0.0100296,0.0129189,20,0.119895,0.10632,0.133983,20,0,0,0,20,0.124084,0.110653,0.137803,20,20,0,0
recipe:gupta_2010,recipe:muessig_2019_ripples,network,0.104863,0.101757,0.107774,20,0.71004,0.682577,0.737438,20,0.08358,0.0800798,0.0868696,20,0.761431,0.740014,0.782832,20,20,0,0
recipe:gupta_2010,recipe:nadasdy_1999,network,0.0572905,0.0539144,0.060476,20,0.456695,0.430991,0.481176,20,0.0113537,0.00967823,0.0131749,20,0.488193,0.465005,0.510051,20,20,0,0
recipe:gupta_2010,recipe:olafsdottir_2015,network,0.0696384,0.0661515,0.0731391,20,0.576054,0.556438,0.597612,20,0.0106614,0.0090759,0.0123286,20,0.587159,0.568284,0.60779,20,20,0,0
recipe:gupta_2010,recipe:olafsdottir_2015.bayesian_candidates,network,0.0603929,0.0566706,0.0641444,20,0.532996,0.512122,0.556003,20,0.0051512,0.00402312,0.00629436,20,0.543319,0.522428,0.56608,20,20,0,0
recipe:gupta_2010,recipe:olafsdottir_2016,network,0.0523692,0.0483095,0.0567213,20,0.489968,0.464923,0.521288,20,0.000885958,0.000500329,0.00129939,20,0.507645,0.482647,0.537074,20,20,0,0
recipe:gupta_2010,recipe:olafsdottir_2017,network,0.0736812,0.0692151,0.0778905,20,0.6056,0.581802,0.632533,20,0.0122438,0.0106373,0.0138959,20,0.638053,0.615303,0.663474,20,20,0,0
recipe:gupta_2010,recipe:olafsdottir_2017.trajectory,network,0.0523922,0.0482517,0.0568007,20,0.489968,0.464923,0.521288,20,0.000825971,0.000432504,0.0012448,20,0.507645,0.482647,0.537074,20,20,0,0
recipe:gupta_2010,recipe:pfeiffer_2013,network,0.071148,0.0671073,0.0747083,20,0.624767,0.60414,0.64625,20,0.00492124,0.0040759,0.00581026,20,0.631296,0.614277,0.650045,20,20,0,0
recipe:gupta_2010,recipe:pfeiffer_2013_ripples,network,0.0877533,0.0825952,0.0926498,20,0.742109,0.714822,0.769793,20,0.0116933,0.0103036,0.0130936,20,0.757024,0.731218,0.782326,20,20,0,0
recipe:gupta_2010,recipe:pfeiffer_2015,network,0.0875869,0.0824286,0.0925808,20,0.742109,0.714822,0.769793,20,0.0115106,0.0102031,0.0127612,20,0.757024,0.731218,0.782326,20,20,0,0
recipe:gupta_2010,recipe:shin_2019,network,0.089545,0.0839879,0.095004,20,0.70839,0.681758,0.735928,20,0.0177754,0.0158297,0.0197507,20,0.733781,0.712163,0.756003,20,20,0,0
recipe:gupta_2010,recipe:silva_2015,network,0.0601274,0.0562869,0.0640258,20,0.533871,0.511482,0.558892,20,0.00399784,0.00308454,0.00492966,20,0.537336,0.515345,0.560762,20,20,0,0
recipe:gupta_2010,recipe:stella_2019,network,0.0804048,0.0756342,0.084745,20,0.604571,0.576952,0.631918,20,0.0198031,0.0175072,0.0220401,20,0.655903,0.635005,0.67778,20,20,0,0
recipe:gupta_2010,recipe:tang_2017,network,0.089545,0.0839879,0.095004,20,0.70839,0.681758,0.735928,20,0.0177754,0.0158297,0.0197507,20,0.733781,0.712163,0.756003,20,20,0,0
recipe:gupta_2010,recipe:tirole_2022,network,0.0590899,0.0552629,0.0628203,20,0.588697,0.569632,0.61075,20,0.000399703,0.000136283,0.00067068,20,0.588697,0.569632,0.61075,20,20,0,0
recipe:gupta_2010,recipe:widloski_2025,network,0.0681837,0.0644406,0.072199,20,0.566164,0.542505,0.594779,20,0.0112182,0.0101413,0.0125145,20,0.555976,0.531712,0.584165,20,20,0,0
recipe:gupta_2010,recipe:widloski_2025_bursts,network,0.0559439,0.0529969,0.0589982,20,0.524141,0.502403,0.54654,20,0.000984641,0.00052026,0.0015177,20,0.512598,0.491715,0.534213,20,20,0,0
recipe:gupta_2010,recipe:wikenheiser_2013,network,0.289241,0.284663,0.293868,20,0.727797,0.711635,0.744572,20,0.243104,0.237599,0.248473,20,0.725677,0.707779,0.744133,20,20,0,0
recipe:gupta_2010,recipe:wu_2014,network,0.102891,0.100281,0.105531,20,0.689094,0.668705,0.71079,20,0.0426122,0.0390513,0.0467003,20,0.699703,0.680241,0.721211,20,20,0,0
recipe:gupta_2010,recipe:wu_2017,network,0.0536261,0.0498263,0.057588,20,0.50718,0.484737,0.529713,20,0.00163208,0.00110673,0.00222287,20,0.52564,0.506769,0.544474,20,20,0,0
recipe:gupta_2010,recipe:xu_2019,network,0.0758669,0.0724518,0.0790157,20,0.640049,0.621579,0.660356,20,0.00781577,0.00652662,0.00925086,20,0.643697,0.626059,0.663441,20,20,0,0
recipe:gupta_2010,recipe:yamamoto_2017,network,0.0661884,0.0608978,0.0711841,20,0.583999,0.557652,0.610828,20,0.00474484,0.00339502,0.00630918,20,0.630594,0.607378,0.653973,20,20,0,0
recipe:gupta_2010,recipe:yang_2024,network,0.0480308,0.0446339,0.0513738,20,0.485103,0.46004,0.511216,20,6.70241e-05,0,0.000201072,20,0.486828,0.46184,0.513043,20,20,0,0
recipe:harvey_2023_code,recipe:harvey_2023_no_radiatum,network,0.389029,0.361136,0.419828,20,0.661249,0.631894,0.687123,20,0.00555342,0.00138258,0.0109,20,0.672756,0.64461,0.699456,20,20,0,0
recipe:harvey_2023_code,recipe:harvey_2023_text,network,0.546315,0.520994,0.571777,20,0.598332,0.567461,0.627608,20,0.058322,0.0319019,0.0897637,20,0.665998,0.633043,0.696488,20,20,0,0
recipe:harvey_2023_code,recipe:huelin_gorriz_2023,network,0.603802,0.574313,0.632517,20,0.633219,0.602841,0.661482,20,0,0,0,19,0.63525,0.604595,0.663329,20,20,0,0
recipe:harvey_2023_code,recipe:igata_2021,network,0.14397,0.13144,0.156208,20,0.56567,0.543204,0.588024,20,0,0,0,20,0.56567,0.543204,0.588024,20,20,0,0
recipe:harvey_2023_code,recipe:igata_2021_ripples,network,0.113466,0.107152,0.119855,20,0.630904,0.605934,0.655442,20,0.00664946,0.00483377,0.0085569,20,0.653258,0.628107,0.675721,20,20,0,0
recipe:harvey_2023_code,recipe:jadhav_2016,network,0.510779,0.486984,0.535863,20,0.614788,0.587347,0.642946,20,0,0,0,20,0.641179,0.609806,0.671295,20,20,0,0
recipe:harvey_2023_code,recipe:ji_2007,network,0.513364,0.490923,0.533702,20,0.573882,0.546424,0.599946,20,0,0,0,20,0.580836,0.55189,0.60788,20,20,0,0
recipe:harvey_2023_code,recipe:ji_2007_ripples,network,0.00478796,0.00128205,0.0087781,20,0.00561053,0.00153846,0.0102868,20,0,0,0,20,0.00561053,0.00153846,0.0102868,20,20,0,0
recipe:harvey_2023_code,recipe:kaefer_2020,network,0.0124459,0.00681342,0.0183994,20,0.0138839,0.00768704,0.0205728,20,0,0,0,20,0.0156702,0.00962852,0.0218307,20,20,0,0
recipe:harvey_2023_code,recipe:karlsson_2009,network,0.56255,0.538651,0.588608,20,0.688337,0.656165,0.719669,20,0.0279303,0.0144723,0.0418839,20,0.710956,0.679836,0.74101,20,20,0,0
recipe:harvey_2023_code,recipe:krause_2022,network,0.632926,0.609861,0.657391,20,0.695972,0.669967,0.722216,20,0.0423184,0.0100962,0.0881621,20,0.705397,0.679212,0.730573,20,20,0,0
recipe:harvey_2023_code,recipe:krause_2022_hse,network,0.47475,0.449755,0.498688,20,0.596512,0.5713,0.620621,20,0,0,0,20,0.593508,0.568745,0.61678,20,20,0,0
recipe:harvey_2023_code,recipe:kudrimoti_1999,network,0.0335614,0.0248,0.0432641,20,0.033479,0.0245849,0.0433247,20,0,0,0,18,0.0364407,0.0272519,0.0466908,20,20,0,0
recipe:harvey_2023_code,recipe:lee_2002,network,0.0369668,0.0348772,0.0390098,20,0.536077,0.514551,0.556311,20,0,0,0,20,0.532887,0.511645,0.553074,20,20,0,0
recipe:harvey_2023_code,recipe:lee_2002_ripples,network,0.0910905,0.0754792,0.106479,20,0.104568,0.0865816,0.123947,20,0,0,0,20,0.119307,0.101476,0.136536,20,20,0,0
recipe:harvey_2023_code,recipe:liu_2019,network,0.0749447,0.0704705,0.0795959,20,0.490979,0.468585,0.515108,20,0,0,0,20,0.480377,0.455206,0.505476,20,20,0,0
recipe:harvey_2023_code,recipe:liu_2019_awake,network,0.0749447,0.0704705,0.0795959,20,0.490979,0.468585,0.515108,20,0,0,0,20,0.480377,0.455206,0.505476,20,20,0,0
recipe:harvey_2023_code,recipe:liu_2023,network,0.704441,0.675828,0.730909,20,0.738756,0.706956,0.767161,20,0,0,0,17,0.738756,0.706956,0.767161,20,20,0,0
recipe:harvey_2023_code,recipe:maboudi_2018,network,0.500081,0.474264,0.524574,20,0.606747,0.579023,0.633285,20,0,0,0,20,0.603664,0.576232,0.629466,20,20,0,0
recipe:harvey_2023_code,recipe:maboudi_2018_open_field,network,0.44249,0.421294,0.46545,20,0.610483,0.582371,0.635863,20,0,0,0,20,0.611379,0.584035,0.636187,20,20,0,0
recipe:harvey_2023_code,recipe:mallory_2025,network,0.400547,0.379264,0.424138,20,0.613554,0.591873,0.635792,20,0,0,0,20,0.614624,0.592672,0.636968,20,20,0,0
recipe:harvey_2023_code,recipe:mallory_2025_ripples,network,0.565452,0.538209,0.594815,20,0.692662,0.664297,0.722563,20,0.0157752,0.00588235,0.0271164,20,0.706888,0.676383,0.736574,20,20,0,0
recipe:harvey_2023_code,recipe:michon_2019,network,0.376625,0.343238,0.408209,20,0.393664,0.358902,0.425848,20,0,0,0,17,0.394658,0.359515,0.427122,20,20,0,0
recipe:harvey_2023_code,recipe:michon_2021,network,0.376625,0.343238,0.408209,20,0.393664,0.358902,0.425848,20,0,0,0,17,0.394658,0.359515,0.427122,20,20,0,0
recipe:harvey_2023_code,recipe:mou_2022,network,0.355596,0.303827,0.407039,20,0.583012,0.560007,0.604481,20,0,0,0,20,0.57728,0.553241,0.599798,20,20,0,0
recipe:harvey_2023_code,recipe:muessig_2019,network,0.154911,0.136338,0.175834,20,0.160356,0.140907,0.182971,20,0,0,0,17,0.165566,0.146074,0.18822,20,20,0,0
recipe:harvey_2023_code,recipe:muessig_2019_ripples,network,0.0234285,0.0218696,0.0249588,20,0.569392,0.540539,0.598314,20,0.00117543,0.00085975,0.00150367,20,0.622693,0.592085,0.651668,20,20,0,0
recipe:harvey_2023_code,recipe:nadasdy_1999,network,0.448006,0.418259,0.477058,20,0.496674,0.466461,0.525638,20,0.0446679,0.0267363,0.0629201,20,0.544414,0.516524,0.570798,20,20,0,0
recipe:harvey_2023_code,recipe:olafsdottir_2015,network,0.385281,0.361559,0.412255,20,0.586118,0.565094,0.607826,20,0,0,0,20,0.589377,0.566291,0.613601,20,20,0,0
recipe:harvey_2023_code,recipe:olafsdottir_2015.bayesian_candidates,network,0.444492,0.421082,0.472194,20,0.554666,0.529396,0.580647,20,0,0,0,20,0.557995,0.530826,0.585967,20,20,0,0
recipe:harvey_2023_code,recipe:olafsdottir_2016,network,0.485926,0.462648,0.511246,20,0.525779,0.502109,0.549375,20,0,0,0,20,0.545455,0.52233,0.570479,20,20,0,0
recipe:harvey_2023_code,recipe:olafsdottir_2017,network,0.288755,0.271517,0.306388,20,0.565101,0.543021,0.587711,20,0.00306292,0.00111111,0.00549065,20,0.605747,0.58161,0.629156,20,20,0,0
recipe:harvey_2023_code,recipe:olafsdottir_2017.trajectory,network,0.494385,0.471563,0.519398,20,0.525779,0.502109,0.549375,20,0,0,0,20,0.545455,0.52233,0.570479,20,20,0,0
recipe:harvey_2023_code,recipe:pfeiffer_2013,network,0.44249,0.421294,0.46545,20,0.610483,0.582371,0.635863,20,0,0,0,20,0.611379,0.584035,0.636187,20,20,0,0
recipe:harvey_2023_code,recipe:pfeiffer_2013_ripples,network,0.608691,0.584709,0.632825,20,0.693146,0.664119,0.720526,20,0.02582,0.00744652,0.0491023,20,0.704515,0.67521,0.731471,20,20,0,0
recipe:harvey_2023_code,recipe:pfeiffer_2015,network,0.609828,0.585593,0.63403,20,0.693146,0.664119,0.720526,20,0.02582,0.00744652,0.0491023,20,0.704515,0.67521,0.731471,20,20,0,0
recipe:harvey_2023_code,recipe:shin_2019,network,0.560332,0.536427,0.586402,20,0.688337,0.656165,0.719669,20,0.0276034,0.0142684,0.0414832,20,0.710956,0.679836,0.74101,20,20,0,0
recipe:harvey_2023_code,recipe:silva_2015,network,0.464877,0.442326,0.48868,20,0.559788,0.533088,0.585533,20,0,0,0,20,0.559788,0.533088,0.585533,20,20,0,0
recipe:harvey_2023_code,recipe:stella_2019,network,0.429143,0.410507,0.447174,20,0.593735,0.558179,0.627552,20,0.0204234,0.0104285,0.0322382,20,0.667321,0.634945,0.697401,20,20,0,0
recipe:harvey_2023_code,recipe:tang_2017,network,0.560332,0.536427,0.586402,20,0.688337,0.656165,0.719669,20,0.0276034,0.0142684,0.0414832,20,0.710956,0.679836,0.74101,20,20,0,0
recipe:harvey_2023_code,recipe:tirole_2022,network,0.603802,0.574313,0.632517,20,0.633219,0.602841,0.661482,20,0,0,0,19,0.63525,0.604595,0.663329,20,20,0,0
recipe:harvey_2023_code,recipe:widloski_2025,network,0.535776,0.513999,0.557894,20,0.632026,0.609503,0.656139,20,0,0,0,20,0.606991,0.580165,0.63377,20,20,0,0
recipe:harvey_2023_code,recipe:widloski_2025_bursts,network,0.511357,0.489798,0.53014,20,0.541085,0.518159,0.56126,20,0,0,0,20,0.517797,0.491055,0.541571,20,20,0,0
recipe:harvey_2023_code,recipe:wikenheiser_2013,network,0.0584543,0.0549311,0.0617894,20,0.515259,0.493853,0.536963,20,0,0,0,20,0.50704,0.48308,0.529767,20,20,0,0
recipe:harvey_2023_code,recipe:wu_2014,network,0.158154,0.145056,0.171049,20,0.591085,0.568194,0.613211,20,0,0,0,20,0.593647,0.570477,0.615711,20,20,0,0
recipe:harvey_2023_code,recipe:wu_2017,network,0.462085,0.437583,0.487222,20,0.506156,0.480003,0.532632,20,0.0168056,0,0.036816,20,0.533701,0.508133,0.558513,20,20,0,0
recipe:harvey_2023_code,recipe:xu_2019,network,0.42188,0.398578,0.445904,20,0.617865,0.594441,0.639835,20,0,0,0,20,0.618965,0.595204,0.641623,20,20,0,0
recipe:harvey_2023_code,recipe:yamamoto_2017,network,0.528412,0.508698,0.548555,20,0.591761,0.5658,0.617212,20,0.0559862,0.0317428,0.0825879,20,0.665558,0.637575,0.695663,20,20,0,0
recipe:harvey_2023_code,recipe:yang_2024,network,0.572921,0.546352,0.601739,20,0.600145,0.573573,0.627932,20,0,0,0,18,0.601515,0.574577,0.629828,20,20,0,0
recipe:harvey_2023_no_radiatum,recipe:harvey_2023_text,network,0.371804,0.352412,0.393283,20,0.67432,0.653199,0.695943,20,0.0178725,0.012083,0.0236977,20,0.693932,0.675288,0.712169,20,20,0,0
recipe:harvey_2023_no_radiatum,recipe:huelin_gorriz_2023,network,0.4101,0.382707,0.441073,20,0.694543,0.67282,0.717091,20,0.00692418,0.00264087,0.0116272,20,0.697024,0.675112,0.719173,20,20,0,0
recipe:harvey_2023_no_radiatum,recipe:igata_2021,network,0.16927,0.160009,0.178496,20,0.63542,0.616683,0.654573,20,0.0281854,0.0239076,0.0326042,20,0.636212,0.617109,0.655233,20,20,0,0
recipe:harvey_2023_no_radiatum,recipe:igata_2021_ripples,network,0.127344,0.123927,0.130858,20,0.729582,0.714699,0.745323,20,0.0176752,0.0145064,0.0208341,20,0.740036,0.725804,0.755443,20,20,0,0
recipe:harvey_2023_no_radiatum,recipe:jadhav_2016,network,0.392586,0.370389,0.417387,20,0.688287,0.669308,0.707588,20,0.0308425,0.021862,0.0397604,20,0.700179,0.681916,0.717655,20,20,0,0
recipe:harvey_2023_no_radiatum,recipe:ji_2007,network,0.391165,0.363193,0.419704,20,0.64566,0.616934,0.670047,20,0.019839,0.0116594,0.0279489,20,0.651038,0.621259,0.675504,20,20,0,0
recipe:harvey_2023_no_radiatum,recipe:ji_2007_ripples,network,0.0100878,0.00627033,0.014198,20,0.00561863,0.00241919,0.00896513,20,0.0137173,0.00714142,0.0210208,20,0.00561863,0.00241919,0.00896513,20,20,0,0
recipe:harvey_2023_no_radiatum,recipe:kaefer_2020,network,0.00969859,0.00600837,0.0140782,20,0.0130543,0.00754888,0.0191948,20,0.004823,0.00153846,0.00882342,20,0.0130543,0.00754888,0.0191948,20,20,0,0
recipe:harvey_2023_no_radiatum,recipe:karlsson_2009,network,0.434957,0.415775,0.454701,20,0.77231,0.758463,0.787382,20,0.036038,0.0277992,0.0439418,20,0.787578,0.774974,0.800433,20,20,0,0
recipe:harvey_2023_no_radiatum,recipe:krause_2022,network,0.455446,0.430647,0.482812,20,0.779393,0.7589,0.799688,20,0.0150547,0.00815175,0.022998,20,0.788944,0.768893,0.809013,20,20,0,0
recipe:harvey_2023_no_radiatum,recipe:krause_2022_hse,network,0.392137,0.372558,0.415494,20,0.670165,0.650155,0.688555,20,0.0275371,0.0192063,0.0364092,20,0.669175,0.648855,0.688375,20,20,0,0
recipe:harvey_2023_no_radiatum,recipe:kudrimoti_1999,network,0.0186793,0.0147761,0.0224869,20,0.0341417,0.0269767,0.0411459,20,0,0,0,20,0.0348871,0.0276583,0.041742,20,20,0,0
recipe:harvey_2023_no_radiatum,recipe:lee_2002,network,0.0592498,0.0557954,0.0629831,20,0.602341,0.585378,0.618924,20,0.0189085,0.01584,0.0220205,20,0.601213,0.58596,0.615322,20,20,0,0
recipe:harvey_2023_no_radiatum,recipe:lee_2002_ripples,network,0.0734528,0.0638145,0.0827682,20,0.113258,0.0973633,0.128492,20,0.0286026,0.0194264,0.0395915,20,0.114023,0.0983314,0.129073,20,20,0,0
recipe:harvey_2023_no_radiatum,recipe:liu_2019,network,0.122167,0.11625,0.128684,20,0.548208,0.53111,0.567023,20,0.0441251,0.0381423,0.0505532,20,0.538191,0.521133,0.555455,20,20,0,0
recipe:harvey_2023_no_radiatum,recipe:liu_2019_awake,network,0.122167,0.11625,0.128684,20,0.548208,0.53111,0.567023,20,0.0441251,0.0381423,0.0505532,20,0.538191,0.521133,0.555455,20,20,0,0
recipe:harvey_2023_no_radiatum,recipe:liu_2023,network,0.341606,0.311764,0.373769,20,0.58629,0.558818,0.61102,20,0,0,0,20,0.588637,0.559976,0.614193,20,20,0,0
recipe:harvey_2023_no_radiatum,recipe:maboudi_2018,network,0.400146,0.379881,0.424213,20,0.677708,0.6542,0.69915,20,0.0231345,0.0154374,0.0312103,20,0.675771,0.652479,0.697493,20,20,0,0
recipe:harvey_2023_no_radiatum,recipe:maboudi_2018_open_field,network,0.366653,0.345859,0.389848,20,0.681642,0.658442,0.704787,20,0.0284526,0.0191946,0.0389768,20,0.683571,0.660401,0.706274,20,20,0,0
recipe:harvey_2023_no_radiatum,recipe:mallory_2025,network,0.357169,0.338156,0.379129,20,0.686348,0.662095,0.713062,20,0.0410813,0.030277,0.0521546,20,0.686348,0.662095,0.713062,20,20,0,0
recipe:harvey_2023_no_radiatum,recipe:mallory_2025_ripples,network,0.449993,0.430319,0.472059,20,0.789567,0.77095,0.807426,20,0.0489588,0.0396586,0.057359,20,0.796758,0.778261,0.814083,20,20,0,0
recipe:harvey_2023_no_radiatum,recipe:michon_2019,network,0.226008,0.209268,0.244011,20,0.399986,0.377661,0.421096,20,0,0,0,20,0.40219,0.37993,0.423754,20,20,0,0
recipe:harvey_2023_no_radiatum,recipe:michon_2021,network,0.226008,0.209268,0.244011,20,0.399986,0.377661,0.421096,20,0,0,0,20,0.40219,0.37993,0.423754,20,20,0,0
recipe:harvey_2023_no_radiatum,recipe:mou_2022,network,0.315462,0.286623,0.342757,20,0.647905,0.627891,0.666879,20,0.03382,0.0265222,0.040861,20,0.642924,0.621585,0.663361,20,20,0,0
recipe:harvey_2023_no_radiatum,recipe:muessig_2019,network,0.0926418,0.080271,0.107243,20,0.162763,0.146548,0.181627,20,0,0,0,20,0.165544,0.148762,0.184217,20,20,0,0
recipe:harvey_2023_no_radiatum,recipe:muessig_2019_ripples,network,0.0349947,0.0312553,0.0396567,20,0.681469,0.664927,0.700439,20,0.0103268,0.00708691,0.0146132,20,0.70556,0.685793,0.727113,20,20,0,0
recipe:harvey_2023_no_radiatum,recipe:nadasdy_1999,network,0.301267,0.286521,0.316397,20,0.552441,0.527623,0.576447,20,0.0103466,0.00483415,0.0168769,20,0.563278,0.538388,0.586278,20,20,0,0
recipe:harvey_2023_no_radiatum,recipe:olafsdottir_2015,network,0.318541,0.299831,0.339794,20,0.63904,0.614158,0.663571,20,0.0233382,0.0139771,0.0327511,20,0.641127,0.615955,0.666074,20,20,0,0
recipe:harvey_2023_no_radiatum,recipe:olafsdottir_2015.bayesian_candidates,network,0.330861,0.310105,0.354767,20,0.596281,0.571211,0.624063,20,0.0150033,0.00718984,0.0237761,20,0.598345,0.573126,0.626697,20,20,0,0
recipe:harvey_2023_no_radiatum,recipe:olafsdottir_2016,network,0.340978,0.316222,0.369566,20,0.585763,0.560639,0.614348,20,0.00364347,0,0.00790907,20,0.590926,0.56635,0.619138,20,20,0,0
recipe:harvey_2023_no_radiatum,recipe:olafsdottir_2017,network,0.279207,0.26676,0.292514,20,0.656883,0.639746,0.675281,20,0.0321638,0.0248668,0.040142,20,0.668635,0.653158,0.684953,20,20,0,0
recipe:harvey_2023_no_radiatum,recipe:olafsdottir_2017.trajectory,network,0.343755,0.318361,0.372465,20,0.585763,0.560639,0.614348,20,0.0022619,0,0.00595238,20,0.590926,0.56635,0.619138,20,20,0,0
recipe:harvey_2023_no_radiatum,recipe:pfeiffer_2013,network,0.366653,0.345859,0.389848,20,0.681642,0.658442,0.704787,20,0.0284526,0.0191946,0.0389768,20,0.683571,0.660401,0.706274,20,20,0,0
recipe:harvey_2023_no_radiatum,recipe:pfeiffer_2013_ripples,network,0.453967,0.430601,0.479364,20,0.783236,0.766791,0.799851,20,0.0184333,0.0100271,0.0291056,20,0.792517,0.776456,0.807929,20,20,0,0
recipe:harvey_2023_no_radiatum,recipe:pfeiffer_2015,network,0.453717,0.430867,0.478098,20,0.783236,0.766791,0.799851,20,0.0171353,0.00976364,0.026285,20,0.792517,0.776456,0.807929,20,20,0,0
recipe:harvey_2023_no_radiatum,recipe:shin_2019,network,0.435013,0.415614,0.454878,20,0.77231,0.758463,0.787382,20,0.0377549,0.0294599,0.0457512,20,0.787578,0.774974,0.800433,20,20,0,0
recipe:harvey_2023_no_radiatum,recipe:silva_2015,network,0.346792,0.322972,0.372401,20,0.603204,0.576197,0.630204,20,0.0207748,0.0133626,0.0293745,20,0.605232,0.577302,0.632715,20,20,0,0
recipe:harvey_2023_no_radiatum,recipe:stella_2019,network,0.349045,0.336154,0.363153,20,0.719407,0.697958,0.741484,20,0.0321845,0.0254141,0.0392459,20,0.732558,0.712626,0.752745,20,20,0,0
recipe:harvey_2023_no_radiatum,recipe:tang_2017,network,0.435013,0.415614,0.454878,20,0.77231,0.758463,0.787382,20,0.0377549,0.0294599,0.0457512,20,0.787578,0.774974,0.800433,20,20,0,0
recipe:harvey_2023_no_radiatum,recipe:tirole_2022,network,0.4101,0.382707,0.441073,20,0.694543,0.67282,0.717091,20,0.00692418,0.00264087,0.0116272,20,0.697024,0.675112,0.719173,20,20,0,0
recipe:harvey_2023_no_radiatum,recipe:widloski_2025,network,0.38012,0.358994,0.403342,20,0.683359,0.664417,0.702879,20,0.0204644,0.0120372,0.0305625,20,0.668226,0.65221,0.686554,20,20,0,0
recipe:harvey_2023_no_radiatum,recipe:widloski_2025_bursts,network,0.344315,0.322542,0.368391,20,0.57451,0.555444,0.59391,20,0.00418319,0,0.00947193,20,0.553553,0.535591,0.57349,20,20,0,0
recipe:harvey_2023_no_radiatum,recipe:wikenheiser_2013,network,0.0955044,0.0898738,0.100954,20,0.577899,0.565923,0.590439,20,0.033366,0.0284052,0.0385109,20,0.572664,0.560041,0.586157,20,20,0,0
recipe:harvey_2023_no_radiatum,recipe:wu_2014,network,0.189095,0.178797,0.199627,20,0.666811,0.64963,0.682811,20,0.0367823,0.0291979,0.0439691,20,0.667789,0.650305,0.683995,20,20,0,0
recipe:harvey_2023_no_radiatum,recipe:wu_2017,network,0.336183,0.317585,0.358862,20,0.581443,0.561954,0.602116,20,0.0153495,0.00927965,0.0220268,20,0.588114,0.566038,0.611371,20,20,0,0
recipe:harvey_2023_no_radiatum,recipe:xu_2019,network,0.362993,0.345392,0.383571,20,0.686277,0.663848,0.71133,20,0.0355779,0.0251922,0.045495,20,0.687209,0.665079,0.711602,20,20,0,0
recipe:harvey_2023_no_radiatum,recipe:yamamoto_2017,network,0.395426,0.371318,0.422873,20,0.723418,0.705466,0.742078,20,0.0210401,0.0140312,0.0287532,20,0.736623,0.718214,0.754372,20,20,0,0
recipe:harvey_2023_no_radiatum,recipe:yang_2024,network,0.370715,0.347758,0.397462,20,0.645889,0.623082,0.668522,20,0.0062405,0.00257152,0.0104173,20,0.645889,0.623082,0.668522,20,20,0,0
recipe:harvey_2023_text,recipe:huelin_gorriz_2023,network,0.533599,0.509718,0.557161,20,0.646528,0.622051,0.668765,20,0,0,0,20,0.645386,0.6215,0.667571,20,20,0,0
recipe:harvey_2023_text,recipe:igata_2021,network,0.140568,0.130844,0.150773,20,0.561087,0.539244,0.583447,20,0.00280123,0.00164847,0.0041296,20,0.560341,0.538297,0.582779,20,20,0,0
recipe:harvey_2023_text,recipe:igata_2021_ripples,network,0.131561,0.125435,0.13826,20,0.647235,0.624779,0.667593,20,0.0258765,0.0223645,0.0296841,20,0.679368,0.659733,0.696794,20,20,0,0
recipe:harvey_2023_text,recipe:jadhav_2016,network,0.501412,0.48765,0.515573,20,0.647044,0.628399,0.667766,20,0.0322516,0.0143542,0.0508189,20,0.687118,0.666573,0.707722,20,20,0,0
recipe:harvey_2023_text,recipe:ji_2007,network,0.4484,0.426798,0.469931,20,0.561326,0.534506,0.58588,20,0,0,0,20,0.573439,0.546665,0.597484,20,20,0,0
recipe:harvey_2023_text,recipe:ji_2007_ripples,network,0.0400954,0.0302537,0.0501774,20,0.00689352,0.00244755,0.0120449,20,0.136928,0.1009,0.173031,20,0.00775559,0.00315077,0.0130565,20,20,0,0
recipe:harvey_2023_text,recipe:kaefer_2020,network,0.0288693,0.0208655,0.0361974,20,0.016941,0.00954337,0.0247019,20,0.0678455,0.0365038,0.104607,20,0.017941,0.0106253,0.0255567,20,20,0,0
recipe:harvey_2023_text,recipe:karlsson_2009,network,0.572814,0.556608,0.588804,20,0.734756,0.712322,0.756552,20,0.0867696,0.0631505,0.111821,20,0.762508,0.741189,0.783964,20,20,0,0
recipe:harvey_2023_text,recipe:krause_2022,network,0.590568,0.571547,0.608183,20,0.717279,0.696782,0.737085,20,0.0656723,0.0406448,0.0927864,20,0.732954,0.712697,0.752456,20,20,0,0
recipe:harvey_2023_text,recipe:krause_2022_hse,network,0.427344,0.407905,0.445944,20,0.589769,0.570193,0.608974,20,0.00116279,0,0.00348837,20,0.587013,0.567409,0.606818,20,20,0,0
recipe:harvey_2023_text,recipe:kudrimoti_1999,network,0.0297956,0.021488,0.0382905,20,0.0372292,0.0269636,0.0476707,20,0,0,0,20,0.039895,0.0310659,0.0495213,20,20,0,0
recipe:harvey_2023_text,recipe:lee_2002,network,0.0358474,0.0342901,0.0373345,20,0.520694,0.502546,0.538133,20,3.70096e-05,0,0.000111029,20,0.529001,0.50988,0.548105,20,20,0,0
recipe:harvey_2023_text,recipe:lee_2002_ripples,network,0.14255,0.124702,0.159751,20,0.125326,0.109347,0.141174,20,0.174702,0.133941,0.215551,20,0.136333,0.118704,0.154622,20,20,0,0
recipe:harvey_2023_text,recipe:liu_2019,network,0.0726296,0.0687121,0.076452,20,0.482626,0.461654,0.505728,20,9.3633e-05,0,0.000280899,20,0.470869,0.448977,0.4954,20,20,0,0
recipe:harvey_2023_text,recipe:liu_2019_awake,network,0.0726296,0.0687121,0.076452,20,0.482626,0.461654,0.505728,20,9.3633e-05,0,0.000280899,20,0.470869,0.448977,0.4954,20,20,0,0
recipe:harvey_2023_text,recipe:liu_2023,network,0.483208,0.451926,0.512406,20,0.583245,0.547792,0.614834,20,0,0,0,20,0.590827,0.554539,0.623466,20,20,0,0
recipe:harvey_2023_text,recipe:maboudi_2018,network,0.447634,0.427669,0.467197,20,0.601007,0.577251,0.623246,20,0,0,0,20,0.598063,0.574608,0.620017,20,20,0,0
recipe:harvey_2023_text,recipe:maboudi_2018_open_field,network,0.389257,0.37032,0.408462,20,0.584871,0.562087,0.607779,20,0,0,0,20,0.591587,0.569973,0.613376,20,20,0,0
recipe:harvey_2023_text,recipe:mallory_2025,network,0.356414,0.338255,0.375373,20,0.591065,0.565849,0.614795,20,0,0,0,20,0.594721,0.570191,0.617685,20,20,0,0
recipe:harvey_2023_text,recipe:mallory_2025_ripples,network,0.589624,0.570897,0.608101,20,0.761455,0.737838,0.787043,20,0.087662,0.0601091,0.116656,20,0.782574,0.762,0.803676,20,20,0,0
recipe:harvey_2023_text,recipe:michon_2019,network,0.37259,0.347943,0.396193,20,0.460011,0.432793,0.487136,20,0,0,0,20,0.4623,0.435601,0.487825,20,20,0,0
recipe:harvey_2023_text,recipe:michon_2021,network,0.37259,0.347943,0.396193,20,0.460011,0.432793,0.487136,20,0,0,0,20,0.4623,0.435601,0.487825,20,20,0,0
recipe:harvey_2023_text,recipe:mou_2022,network,0.321902,0.281044,0.36102,20,0.575617,0.553163,0.595883,20,0.00187343,0,0.00455918,20,0.568425,0.546033,0.589939,20,20,0,0
recipe:harvey_2023_text,recipe:muessig_2019,network,0.126179,0.113259,0.140597,20,0.154471,0.139383,0.172356,20,0,0,0,20,0.161865,0.144898,0.181115,20,20,0,0
recipe:harvey_2023_text,recipe:muessig_2019_ripples,network,0.0279127,0.0265122,0.0293594,20,0.584215,0.559814,0.611682,20,0.00531115,0.00461969,0.00604505,20,0.645053,0.62619,0.665349,20,20,0,0
recipe:harvey_2023_text,recipe:nadasdy_1999,network,0.5316,0.509201,0.556066,20,0.636272,0.606874,0.665426,20,0.108358,0.0841159,0.133824,20,0.681821,0.659947,0.703671,20,20,0,0
recipe:harvey_2023_text,recipe:olafsdottir_2015,network,0.335076,0.310194,0.361081,20,0.54704,0.518094,0.574146,20,0,0,0,20,0.562243,0.531562,0.592895,20,20,0,0
recipe:harvey_2023_text,recipe:olafsdottir_2015.bayesian_candidates,network,0.374136,0.348584,0.399935,20,0.512074,0.483125,0.540788,20,0,0,0,20,0.526524,0.495691,0.556812,20,20,0,0
recipe:harvey_2023_text,recipe:olafsdottir_2016,network,0.406201,0.377347,0.436518,20,0.489655,0.458575,0.523306,20,0.00859594,0,0.0192761,20,0.519573,0.491267,0.548116,20,20,0,0
recipe:harvey_2023_text,recipe:olafsdottir_2017,network,0.263875,0.251021,0.277679,20,0.537887,0.513282,0.564938,20,0.00500697,0.00213301,0.00821127,20,0.583679,0.56016,0.606016,20,20,0,0
recipe:harvey_2023_text,recipe:olafsdottir_2017.trajectory,network,0.412076,0.383071,0.441663,20,0.489655,0.458575,0.523306,20,0.00896124,0,0.0199621,20,0.519573,0.491267,0.548116,20,20,0,0
recipe:harvey_2023_text,recipe:pfeiffer_2013,network,0.389257,0.37032,0.408462,20,0.584871,0.562087,0.607779,20,0,0,0,20,0.591587,0.569973,0.613376,20,20,0,0
recipe:harvey_2023_text,recipe:pfeiffer_2013_ripples,network,0.60369,0.583786,0.623629,20,0.728543,0.707609,0.750145,20,0.0979621,0.0698825,0.126731,20,0.742824,0.723082,0.763002,20,20,0,0
recipe:harvey_2023_text,recipe:pfeiffer_2015,network,0.60199,0.582592,0.622337,20,0.728543,0.707609,0.750145,20,0.0915309,0.065784,0.117862,20,0.742824,0.723082,0.763002,20,20,0,0
recipe:harvey_2023_text,recipe:shin_2019,network,0.574977,0.559378,0.591143,20,0.734756,0.712322,0.756552,20,0.0943747,0.0682369,0.122898,20,0.762508,0.741189,0.783964,20,20,0,0
recipe:harvey_2023_text,recipe:silva_2015,network,0.394992,0.372806,0.417254,20,0.527331,0.504202,0.550868,20,0,0,0,20,0.532227,0.509606,0.555763,20,20,0,0
recipe:harvey_2023_text,recipe:stella_2019,network,0.504114,0.485699,0.522035,20,0.738876,0.707161,0.772886,20,0.0977441,0.0785052,0.117802,20,0.790923,0.767378,0.815929,20,20,0,0
recipe:harvey_2023_text,recipe:tang_2017,network,0.574977,0.559378,0.591143,20,0.734756,0.712322,0.756552,20,0.0943747,0.0682369,0.122898,20,0.762508,0.741189,0.783964,20,20,0,0
recipe:harvey_2023_text,recipe:tirole_2022,network,0.533599,0.509718,0.557161,20,0.646528,0.622051,0.668765,20,0,0,0,20,0.645386,0.6215,0.667571,20,20,0,0
recipe:harvey_2023_text,recipe:widloski_2025,network,0.594839,0.579852,0.610545,20,0.717944,0.697476,0.736492,20,0.190446,0.149837,0.227477,20,0.697136,0.675801,0.716085,20,20,0,0
recipe:harvey_2023_text,recipe:widloski_2025_bursts,network,0.436803,0.416751,0.458788,20,0.528739,0.508133,0.548354,20,0,0,0,20,0.505522,0.483209,0.52668,20,20,0,0
recipe:harvey_2023_text,recipe:wikenheiser_2013,network,0.0578718,0.0549533,0.060439,20,0.518588,0.50385,0.535351,20,0,0,0,20,0.50915,0.492936,0.527465,20,20,0,0
recipe:harvey_2023_text,recipe:wu_2014,network,0.150513,0.141309,0.160702,20,0.578291,0.559203,0.597086,20,0,0,0,20,0.586334,0.566176,0.605906,20,20,0,0
recipe:harvey_2023_text,recipe:wu_2017,network,0.396543,0.373402,0.42291,20,0.488151,0.463206,0.513798,20,0.0322342,0.0197087,0.045121,20,0.519149,0.495962,0.541167,20,20,0,0
recipe:harvey_2023_text,recipe:xu_2019,network,0.374428,0.355493,0.393023,20,0.594656,0.571114,0.616428,20,0.00104167,0,0.003125,20,0.59847,0.575542,0.619587,20,20,0,0
recipe:harvey_2023_text,recipe:yamamoto_2017,network,0.506342,0.485971,0.528363,20,0.622412,0.597883,0.646861,20,0.0917309,0.0653167,0.121447,20,0.686239,0.662436,0.711443,20,20,0,0
recipe:harvey_2023_text,recipe:yang_2024,network,0.544124,0.518105,0.570983,20,0.668385,0.638389,0.697817,20,0,0,0,20,0.669715,0.641114,0.697844,20,20,0,0
recipe:huelin_gorriz_2023,recipe:igata_2021,network,0.151395,0.139782,0.163287,20,0.589603,0.567518,0.611259,20,0.0023877,0.00134205,0.00346315,20,0.589603,0.567518,0.611259,20,20,0,0
recipe:huelin_gorriz_2023,recipe:igata_2021_ripples,network,0.112314,0.107281,0.117296,20,0.682906,0.659141,0.704457,20,0.000970616,0.000369475,0.00167647,20,0.682906,0.659141,0.704457,20,20,0,0
recipe:huelin_gorriz_2023,recipe:jadhav_2016,network,0.555898,0.528978,0.584236,20,0.65396,0.624524,0.683103,20,0.0198214,0.00333333,0.0398274,20,0.657522,0.627348,0.688498,20,20,0,0
recipe:huelin_gorriz_2023,recipe:ji_2007,network,0.63756,0.611986,0.661599,20,0.691966,0.670347,0.712649,20,0.0718819,0.02,0.132192,20,0.691966,0.670347,0.712649,20,20,0,0
recipe:huelin_gorriz_2023,recipe:ji_2007_ripples,network,0.00664315,0.0029751,0.0108123,20,0.00674757,0.00327055,0.0103578,20,0,0,0,20,0.00674757,0.00327055,0.0103578,20,20,0,0
recipe:huelin_gorriz_2023,recipe:kaefer_2020,network,0.0154502,0.00966917,0.0212672,20,0.0167155,0.0104775,0.0229609,20,0,0,0,20,0.0167155,0.0104775,0.0229609,20,20,0,0
recipe:huelin_gorriz_2023,recipe:karlsson_2009,network,0.58203,0.560102,0.605277,20,0.727757,0.703327,0.752851,20,0.0190285,0.00677778,0.033731,20,0.727757,0.703327,0.752851,20,20,0,0
recipe:huelin_gorriz_2023,recipe:krause_2022,network,0.681552,0.659215,0.703566,20,0.749445,0.728308,0.769691,20,0,0,0,20,0.749445,0.728308,0.769691,20,20,0,0
recipe:huelin_gorriz_2023,recipe:krause_2022_hse,network,0.547192,0.522204,0.57164,20,0.669785,0.648031,0.690831,20,0.0251601,0.0126994,0.0384454,20,0.668674,0.647551,0.689518,20,20,0,0
recipe:huelin_gorriz_2023,recipe:kudrimoti_1999,network,0.0405839,0.0319742,0.0501056,20,0.0415435,0.0326119,0.0513477,20,0,0,0,14,0.0415435,0.0326119,0.0513477,20,20,0,0
recipe:huelin_gorriz_2023,recipe:lee_2002,network,0.0381695,0.036529,0.039808,20,0.548977,0.526799,0.570709,20,0.0005209,0.000295136,0.000773253,20,0.546109,0.52367,0.568132,20,20,0,0
recipe:huelin_gorriz_2023,recipe:lee_2002_ripples,network,0.115456,0.101476,0.130062,20,0.134778,0.117576,0.153617,20,0.00972222,0,0.025,20,0.134778,0.117576,0.153617,20,20,0,0
recipe:huelin_gorriz_2023,recipe:liu_2019,network,0.0766966,0.0735158,0.0797087,20,0.494474,0.475427,0.51356,20,0.00111382,0.000551865,0.00176432,20,0.482948,0.465034,0.501309,20,20,0,0
recipe:huelin_gorriz_2023,recipe:liu_2019_awake,network,0.0766966,0.0735158,0.0797087,20,0.494474,0.475427,0.51356,20,0.00111382,0.000551865,0.00176432,20,0.482948,0.465034,0.501309,20,20,0,0
recipe:huelin_gorriz_2023,recipe:liu_2023,network,0.653555,0.62464,0.6799,20,0.66235,0.634587,0.688278,20,0,0,0,11,0.66235,0.634587,0.688278,20,20,0,0
recipe:huelin_gorriz_2023,recipe:maboudi_2018,network,0.587206,0.561276,0.612321,20,0.692694,0.667676,0.717088,20,0.0332935,0.016452,0.0499161,20,0.691496,0.667199,0.715624,20,20,0,0
recipe:huelin_gorriz_2023,recipe:maboudi_2018_open_field,network,0.508302,0.486811,0.530742,20,0.683395,0.663221,0.703751,20,0.0139655,0.00585739,0.0238014,20,0.683395,0.663221,0.703751,20,20,0,0
recipe:huelin_gorriz_2023,recipe:mallory_2025,network,0.443093,0.420793,0.465648,20,0.662117,0.639358,0.685653,20,0.0124267,0.00578827,0.0198758,20,0.662117,0.639358,0.685653,20,20,0,0
recipe:huelin_gorriz_2023,recipe:mallory_2025_ripples,network,0.599711,0.573553,0.627654,20,0.73567,0.710989,0.760738,20,0.0243697,0.00666667,0.0461926,20,0.73567,0.710989,0.760738,20,20,0,0
recipe:huelin_gorriz_2023,recipe:michon_2019,network,0.455982,0.428192,0.482345,20,0.461833,0.433597,0.489056,20,0,0,0,11,0.461833,0.433597,0.489056,20,20,0,0
recipe:huelin_gorriz_2023,recipe:michon_2021,network,0.455982,0.428192,0.482345,20,0.461833,0.433597,0.489056,20,0,0,0,11,0.461833,0.433597,0.489056,20,20,0,0
recipe:huelin_gorriz_2023,recipe:mou_2022,network,0.406144,0.34004,0.474698,20,0.64204,0.611026,0.672537,20,0.0171716,0.00565426,0.0307408,20,0.637929,0.606043,0.67019,20,20,0,0
recipe:huelin_gorriz_2023,recipe:muessig_2019,network,0.191752,0.174897,0.210846,20,0.194163,0.177276,0.213332,20,0,0,0,11,0.194163,0.177276,0.213332,20,20,0,0
recipe:huelin_gorriz_2023,recipe:muessig_2019_ripples,network,0.022942,0.021685,0.0241691,20,0.636026,0.609134,0.662123,20,0.000132747,2.21337e-05,0.0002655,20,0.637296,0.609924,0.66362,20,20,0,0
recipe:huelin_gorriz_2023,recipe:nadasdy_1999,network,0.464539,0.436723,0.491387,20,0.548152,0.518518,0.576439,20,0,0,0,20,0.549207,0.519879,0.577254,20,20,0,0
recipe:huelin_gorriz_2023,recipe:olafsdottir_2015,network,0.454622,0.426576,0.485018,20,0.692858,0.664581,0.72018,20,0.00135135,0,0.00405405,20,0.692858,0.664581,0.72018,20,20,0,0
recipe:huelin_gorriz_2023,recipe:olafsdottir_2015.bayesian_candidates,network,0.540289,0.5144,0.570064,20,0.666145,0.639631,0.693478,20,0.005,0,0.015,20,0.666145,0.639631,0.693478,20,20,0,0
recipe:huelin_gorriz_2023,recipe:olafsdottir_2016,network,0.594198,0.566331,0.625201,20,0.641034,0.615786,0.670218,20,0.00877193,0,0.0277778,19,0.641034,0.615786,0.670218,20,20,0,0
recipe:huelin_gorriz_2023,recipe:olafsdottir_2017,network,0.331386,0.312301,0.350462,20,0.676417,0.651533,0.700747,20,0.00576987,0.00253822,0.00940294,20,0.676417,0.651533,0.700747,20,20,0,0
recipe:huelin_gorriz_2023,recipe:olafsdottir_2017.trajectory,network,0.605065,0.578204,0.634703,20,0.641034,0.615786,0.670218,20,0.0175439,0,0.0555556,19,0.641034,0.615786,0.670218,20,20,0,0
recipe:huelin_gorriz_2023,recipe:pfeiffer_2013,network,0.508302,0.486811,0.530742,20,0.683395,0.663221,0.703751,20,0.0139655,0.00585739,0.0238014,20,0.683395,0.663221,0.703751,20,20,0,0
recipe:huelin_gorriz_2023,recipe:pfeiffer_2013_ripples,network,0.631974,0.609368,0.65444,20,0.721457,0.696827,0.745831,20,0,0,0,20,0.721457,0.696827,0.745831,20,20,0,0
recipe:huelin_gorriz_2023,recipe:pfeiffer_2015,network,0.633055,0.611072,0.65554,20,0.721457,0.696827,0.745831,20,0,0,0,20,0.721457,0.696827,0.745831,20,20,0,0
recipe:huelin_gorriz_2023,recipe:shin_2019,network,0.579726,0.557522,0.602793,20,0.727757,0.703327,0.752851,20,0.0185557,0.00648148,0.0328233,20,0.727757,0.703327,0.752851,20,20,0,0
recipe:huelin_gorriz_2023,recipe:silva_2015,network,0.570019,0.54283,0.599249,20,0.671007,0.645802,0.695962,20,0.0136354,0.003125,0.0270459,20,0.671007,0.645802,0.695962,20,20,0,0
recipe:huelin_gorriz_2023,recipe:stella_2019,network,0.438757,0.421242,0.45593,20,0.67325,0.647396,0.698989,20,0.00740735,0.00119048,0.0156563,20,0.674792,0.648784,0.700954,20,20,0,0
recipe:huelin_gorriz_2023,recipe:tang_2017,network,0.579726,0.557522,0.602793,20,0.727757,0.703327,0.752851,20,0.0185557,0.00648148,0.0328233,20,0.727757,0.703327,0.752851,20,20,0,0
recipe:huelin_gorriz_2023,recipe:tirole_2022,network,1,1,1,20,1,1,1,20,1,1,1,11,1,1,1,20,20,0,0
recipe:huelin_gorriz_2023,recipe:widloski_2025,network,0.599476,0.576317,0.624354,20,0.692619,0.665624,0.720359,20,0,0,0,20,0.677774,0.649818,0.706378,20,20,0,0
recipe:huelin_gorriz_2023,recipe:widloski_2025_bursts,network,0.684125,0.663396,0.707829,20,0.700319,0.680667,0.723839,20,0.0852941,0,0.216691,17,0.676697,0.657036,0.6982,20,20,0,0
recipe:huelin_gorriz_2023,recipe:wikenheiser_2013,network,0.0597847,0.0569352,0.0625495,20,0.522581,0.500374,0.544679,20,0.00069344,0.000307096,0.00113974,20,0.51654,0.494331,0.538396,20,20,0,0
recipe:huelin_gorriz_2023,recipe:wu_2014,network,0.170288,0.157768,0.183717,20,0.632849,0.610672,0.654454,20,0.00279384,0.00156263,0.00408173,20,0.632849,0.610672,0.654454,20,20,0,0
recipe:huelin_gorriz_2023,recipe:wu_2017,network,0.560405,0.535812,0.585178,20,0.620876,0.59541,0.647043,20,0.0288131,0.00870265,0.0543687,20,0.621942,0.596783,0.648057,20,20,0,0
recipe:huelin_gorriz_2023,recipe:xu_2019,network,0.472896,0.445453,0.499322,20,0.673407,0.650428,0.696924,20,0.0140501,0.00672215,0.0222453,20,0.673407,0.650428,0.696924,20,20,0,0
recipe:huelin_gorriz_2023,recipe:yamamoto_2017,network,0.581826,0.555031,0.609852,20,0.723718,0.70107,0.74478,20,0.012252,0,0.027629,20,0.723718,0.70107,0.74478,20,20,0,0
recipe:huelin_gorriz_2023,recipe:yang_2024,network,0.626149,0.600081,0.652741,20,0.632865,0.606937,0.658778,20,0.153846,0,0.333333,13,0.632865,0.606937,0.658778,20,20,0,0
recipe:igata_2021,recipe:igata_2021_ripples,network,0.124039,0.120023,0.128284,20,0.776406,0.75719,0.793672,20,0.0291616,0.0252706,0.0327998,20,0.776406,0.75719,0.793672,20,20,0,0
recipe:igata_2021,recipe:jadhav_2016,network,0.169534,0.157972,0.180749,20,0.620762,0.600428,0.641031,20,0.0179865,0.015213,0.0206578,20,0.62262,0.601646,0.643458,20,20,0,0
recipe:igata_2021,recipe:ji_2007,network,0.210646,0.190108,0.231126,20,0.757217,0.701814,0.80429,20,0.024891,0.0172978,0.0322365,20,0.757217,0.701814,0.80429,20,20,0,0
recipe:igata_2021,recipe:ji_2007_ripples,network,0.00365444,0.0023624,0.00510853,20,0.00513106,0.00211951,0.00825293,20,0.00281947,0.00182942,0.00386398,20,0.00513106,0.00211951,0.00825293,20,20,0,0
recipe:igata_2021,recipe:kaefer_2020,network,0.00484375,0.00355006,0.00623445,20,0.0109336,0.00681139,0.015232,20,0.00266047,0.00180914,0.00342958,20,0.0109336,0.00681139,0.015232,20,20,0,0
recipe:igata_2021,recipe:karlsson_2009,network,0.191423,0.178017,0.20439,20,0.707192,0.685376,0.728076,20,0.0203248,0.0171432,0.023469,20,0.707192,0.685376,0.728076,20,20,0,0
recipe:igata_2021,recipe:krause_2022,network,0.180986,0.166895,0.194814,20,0.701958,0.677884,0.723618,20,0.00432367,0.0025548,0.00624929,20,0.701958,0.677884,0.723618,20,20,0,0
recipe:igata_2021,recipe:krause_2022_hse,network,0.268738,0.257047,0.280591,20,0.862074,0.852263,0.871655,20,0.0673091,0.0613762,0.0737914,20,0.862074,0.852263,0.871655,20,20,0,0
recipe:igata_2021,recipe:kudrimoti_1999,network,0.0065972,0.00524236,0.0079533,20,0.0267556,0.0208395,0.0331883,20,0,0,0,20,0.0267556,0.0208395,0.0331883,20,20,0,0
recipe:igata_2021,recipe:lee_2002,network,0.138887,0.135403,0.141942,20,0.867341,0.854505,0.880424,20,0.08704,0.0824686,0.091572,20,0.869112,0.855025,0.883135,20,20,0,0
recipe:igata_2021,recipe:lee_2002_ripples,network,0.0264855,0.0234573,0.0296063,20,0.0861987,0.0756958,0.0964919,20,0.00651086,0.00457615,0.00870968,20,0.0861987,0.0756958,0.0964919,20,20,0,0
recipe:igata_2021,recipe:liu_2019,network,0.255043,0.250028,0.260129,20,0.76104,0.742983,0.77862,20,0.173918,0.165826,0.181525,20,0.759389,0.74091,0.777229,20,20,0,0
recipe:igata_2021,recipe:liu_2019_awake,network,0.255043,0.250028,0.260129,20,0.76104,0.742983,0.77862,20,0.173918,0.165826,0.181525,20,0.759389,0.74091,0.777229,20,20,0,0
recipe:igata_2021,recipe:liu_2023,network,0.123165,0.112603,0.133727,20,0.483449,0.460482,0.504756,20,0,0,0,20,0.484268,0.4614,0.505319,20,20,0,0
recipe:igata_2021,recipe:maboudi_2018,network,0.250818,0.23926,0.263244,20,0.835443,0.82404,0.846949,20,0.0526262,0.0475065,0.0580252,20,0.835443,0.82404,0.846949,20,20,0,0
recipe:igata_2021,recipe:maboudi_2018_open_field,network,0.213514,0.199597,0.227765,20,0.752157,0.733931,0.770092,20,0.0371731,0.0326908,0.0417598,20,0.752157,0.733931,0.770092,20,20,0,0
recipe:igata_2021,recipe:mallory_2025,network,0.236769,0.224064,0.249459,20,0.773287,0.758244,0.788325,20,0.0636526,0.0572523,0.0703692,20,0.774094,0.759221,0.789005,20,20,0,0
recipe:igata_2021,recipe:mallory_2025_ripples,network,0.182398,0.169743,0.194434,20,0.692153,0.672275,0.710593,20,0.0127113,0.00985115,0.0153578,20,0.692153,0.672275,0.710593,20,20,0,0
recipe:igata_2021,recipe:michon_2019,network,0.0752404,0.0691592,0.0814271,20,0.298274,0.277856,0.317093,20,0,0,0,20,0.298274,0.277856,0.317093,20,20,0,0
recipe:igata_2021,recipe:michon_2021,network,0.0752404,0.0691592,0.0814271,20,0.298274,0.277856,0.317093,20,0,0,0,20,0.298274,0.277856,0.317093,20,20,0,0
recipe:igata_2021,recipe:mou_2022,network,0.418703,0.348786,0.490318,20,0.900903,0.876155,0.924939,20,0.256828,0.176231,0.342749,20,0.899086,0.874408,0.922594,20,20,0,0
recipe:igata_2021,recipe:muessig_2019,network,0.0301463,0.0262838,0.0341035,20,0.118614,0.10651,0.130032,20,0,0,0,20,0.118614,0.10651,0.130032,20,20,0,0
recipe:igata_2021,recipe:muessig_2019_ripples,network,0.0590992,0.0572321,0.060812,20,0.779869,0.763191,0.796286,20,0.0297257,0.027263,0.0319734,20,0.785262,0.768537,0.801611,20,20,0,0
recipe:igata_2021,recipe:nadasdy_1999,network,0.114243,0.107026,0.121779,20,0.451476,0.430488,0.47374,20,0.00338084,0.0018133,0.0052467,20,0.451476,0.430488,0.47374,20,20,0,0
recipe:igata_2021,recipe:olafsdottir_2015,network,0.184119,0.171544,0.197091,20,0.680524,0.659965,0.700242,20,0.028849,0.0240067,0.0341996,20,0.680524,0.659965,0.700242,20,20,0,0
recipe:igata_2021,recipe:olafsdottir_2015.bayesian_candidates,network,0.164954,0.151989,0.1772,20,0.61728,0.593934,0.641233,20,0.0150006,0.0111215,0.0193025,20,0.61728,0.593934,0.641233,20,20,0,0
recipe:igata_2021,recipe:olafsdottir_2016,network,0.148854,0.136688,0.161367,20,0.579037,0.556082,0.604483,20,0.00335246,0.00196347,0.00481973,20,0.579037,0.556082,0.604483,20,20,0,0
recipe:igata_2021,recipe:olafsdottir_2017,network,0.204016,0.192642,0.215673,20,0.748991,0.726246,0.768373,20,0.0498061,0.0441693,0.0560013,20,0.748991,0.726246,0.768373,20,20,0,0
recipe:igata_2021,recipe:olafsdottir_2017.trajectory,network,0.147714,0.135555,0.160386,20,0.579037,0.556082,0.604483,20,0.00140239,0.000558001,0.00233635,20,0.579037,0.556082,0.604483,20,20,0,0
recipe:igata_2021,recipe:pfeiffer_2013,network,0.213514,0.199597,0.227765,20,0.752157,0.733931,0.770092,20,0.0371731,0.0326908,0.0417598,20,0.752157,0.733931,0.770092,20,20,0,0
recipe:igata_2021,recipe:pfeiffer_2013_ripples,network,0.189789,0.17591,0.203474,20,0.733588,0.709064,0.756624,20,0.00608297,0.00383716,0.00850805,20,0.733588,0.709064,0.756624,20,20,0,0
recipe:igata_2021,recipe:pfeiffer_2015,network,0.18985,0.17603,0.203585,20,0.733588,0.709064,0.756624,20,0.00608793,0.00383818,0.00851267,20,0.733588,0.709064,0.756624,20,20,0,0
recipe:igata_2021,recipe:shin_2019,network,0.191612,0.17803,0.204543,20,0.707192,0.685376,0.728076,20,0.0206966,0.0173008,0.0238945,20,0.707192,0.685376,0.728076,20,20,0,0
recipe:igata_2021,recipe:silva_2015,network,0.172305,0.161335,0.184076,20,0.626731,0.602028,0.651346,20,0.0202455,0.0166514,0.0242778,20,0.626731,0.602028,0.651346,20,20,0,0
recipe:igata_2021,recipe:stella_2019,network,0.160666,0.152015,0.169378,20,0.608258,0.587355,0.632037,20,0.0216849,0.0184166,0.0249696,20,0.609221,0.588936,0.632413,20,20,0,0
recipe:igata_2021,recipe:tang_2017,network,0.191612,0.17803,0.204543,20,0.707192,0.685376,0.728076,20,0.0206966,0.0173008,0.0238945,20,0.707192,0.685376,0.728076,20,20,0,0
recipe:igata_2021,recipe:tirole_2022,network,0.151395,0.139782,0.163287,20,0.589603,0.567518,0.611259,20,0.0023877,0.00134205,0.00346315,20,0.589603,0.567518,0.611259,20,20,0,0
recipe:igata_2021,recipe:widloski_2025,network,0.144999,0.134693,0.155958,20,0.548073,0.526254,0.572574,20,0.00981721,0.00689615,0.012501,20,0.545066,0.522214,0.570427,20,20,0,0
recipe:igata_2021,recipe:widloski_2025_bursts,network,0.141569,0.13227,0.151519,20,0.547866,0.520668,0.57562,20,0.00452032,0.00261885,0.00666443,20,0.547129,0.519436,0.57536,20,20,0,0
recipe:igata_2021,recipe:wikenheiser_2013,network,0.215572,0.208422,0.222429,20,0.83135,0.816521,0.84639,20,0.142395,0.133939,0.150721,20,0.829735,0.814308,0.845165,20,20,0,0
recipe:igata_2021,recipe:wu_2014,network,0.230947,0.222617,0.239428,20,0.833762,0.81921,0.846656,20,0.103128,0.0955735,0.110703,20,0.835499,0.821643,0.847921,20,20,0,0
recipe:igata_2021,recipe:wu_2017,network,0.157504,0.147528,0.167409,20,0.56427,0.54677,0.581701,20,0.0198142,0.0159413,0.0238908,20,0.565022,0.547584,0.582453,20,20,0,0
recipe:igata_2021,recipe:xu_2019,network,0.22878,0.217307,0.239896,20,0.767534,0.750805,0.78384,20,0.0539157,0.0467953,0.0609988,20,0.767534,0.750805,0.78384,20,20,0,0
recipe:igata_2021,recipe:yamamoto_2017,network,0.165225,0.153033,0.176648,20,0.650131,0.629953,0.672933,20,0.00786936,0.00553408,0.0103747,20,0.650131,0.629953,0.672933,20,20,0,0
recipe:igata_2021,recipe:yang_2024,network,0.123521,0.114264,0.133049,20,0.48377,0.459499,0.508128,20,0.00117088,0.000496002,0.00195267,20,0.48377,0.459499,0.508128,20,20,0,0
recipe:igata_2021_ripples,recipe:jadhav_2016,network,0.140638,0.135351,0.146014,20,0.70002,0.678852,0.722345,20,0.0243288,0.0211831,0.0273377,20,0.743841,0.727629,0.761108,20,20,0,0
recipe:igata_2021_ripples,recipe:ji_2007,network,0.130983,0.121097,0.139995,20,0.72414,0.677413,0.763816,20,0.00584009,0.00365264,0.00814602,20,0.729328,0.682504,0.768106,20,20,0,0
recipe:igata_2021_ripples,recipe:ji_2007_ripples,network,0.0150748,0.0129673,0.0173999,20,0.00556414,0.00253385,0.00873521,20,0.0166063,0.0145488,0.0189418,20,0.00680856,0.00360774,0.0104122,20,20,0,0
recipe:igata_2021_ripples,recipe:kaefer_2020,network,0.0104981,0.00857948,0.0127267,20,0.0133666,0.00832742,0.0185693,20,0.00975456,0.00789187,0.0118376,20,0.0133666,0.00832742,0.0185693,20,20,0,0
recipe:igata_2021_ripples,recipe:karlsson_2009,network,0.169641,0.163138,0.176764,20,0.836423,0.821933,0.850783,20,0.0370272,0.0333036,0.040563,20,0.85504,0.84289,0.866882,20,20,0,0
recipe:igata_2021_ripples,recipe:krause_2022,network,0.150415,0.144015,0.157204,20,0.842468,0.825338,0.859917,20,0.0151997,0.0124941,0.018017,20,0.84482,0.827716,0.861981,20,20,0,0
recipe:igata_2021_ripples,recipe:krause_2022_hse,network,0.143155,0.138043,0.148438,20,0.772415,0.752554,0.791768,20,0.0091096,0.00686507,0.0114334,20,0.771513,0.751396,0.791449,20,20,0,0
recipe:igata_2021_ripples,recipe:kudrimoti_1999,network,0.00602636,0.00485505,0.00715537,20,0.0320616,0.0253908,0.0393449,20,0.0011142,0.000372455,0.0018843,20,0.0320616,0.0253908,0.0393449,20,20,0,0
recipe:igata_2021_ripples,recipe:lee_2002,network,0.0724559,0.0695251,0.075497,20,0.720838,0.701777,0.739184,20,0.032709,0.0298256,0.0357856,20,0.727143,0.708033,0.746148,20,20,0,0
recipe:igata_2021_ripples,recipe:lee_2002_ripples,network,0.0375647,0.0344825,0.040806,20,0.105044,0.0921134,0.117635,20,0.0245311,0.0217693,0.0275319,20,0.105674,0.0932633,0.118078,20,20,0,0
recipe:igata_2021_ripples,recipe:liu_2019,network,0.131688,0.126826,0.136708,20,0.653549,0.632002,0.674981,20,0.0685067,0.0625988,0.0745516,20,0.648112,0.627172,0.66877,20,20,0,0
recipe:igata_2021_ripples,recipe:liu_2019_awake,network,0.131688,0.126826,0.136708,20,0.653549,0.632002,0.674981,20,0.0685067,0.0625988,0.0745516,20,0.648112,0.627172,0.66877,20,20,0,0
recipe:igata_2021_ripples,recipe:liu_2023,network,0.0931613,0.0873256,0.0990914,20,0.57302,0.545328,0.600075,20,0.000254897,0,0.000640002,20,0.57302,0.545328,0.600075,20,20,0,0
recipe:igata_2021_ripples,recipe:maboudi_2018,network,0.140051,0.134992,0.145733,20,0.768129,0.746312,0.78888,20,0.00698034,0.00486381,0.00937868,20,0.767227,0.74541,0.788099,20,20,0,0
recipe:igata_2021_ripples,recipe:maboudi_2018_open_field,network,0.124722,0.119888,0.129812,20,0.695176,0.675332,0.714843,20,0.00657686,0.00520395,0.00803288,20,0.697021,0.677572,0.716205,20,20,0,0
recipe:igata_2021_ripples,recipe:mallory_2025,network,0.131473,0.126752,0.136038,20,0.705859,0.683072,0.728048,20,0.0140349,0.0117767,0.0162785,20,0.707616,0.685197,0.729101,20,20,0,0
recipe:igata_2021_ripples,recipe:mallory_2025_ripples,network,0.166617,0.160652,0.172652,20,0.838194,0.820235,0.856094,20,0.0344437,0.0317404,0.0372734,20,0.848605,0.832484,0.865407,20,20,0,0
recipe:igata_2021_ripples,recipe:michon_2019,network,0.0579693,0.0541973,0.0619455,20,0.361579,0.338645,0.384307,20,0,0,0,20,0.361579,0.338645,0.384307,20,20,0,0
recipe:igata_2021_ripples,recipe:michon_2021,network,0.0579693,0.0541973,0.0619455,20,0.361579,0.338645,0.384307,20,0,0,0,20,0.361579,0.338645,0.384307,20,20,0,0
recipe:igata_2021_ripples,recipe:mou_2022,network,0.142278,0.137395,0.147553,20,0.767086,0.744804,0.788056,20,0.0184044,0.013366,0.0238074,20,0.764451,0.742837,0.785421,20,20,0,0
recipe:igata_2021_ripples,recipe:muessig_2019,network,0.0223969,0.019943,0.0251459,20,0.138058,0.124362,0.153106,20,0,0,0,20,0.138796,0.124769,0.154086,20,20,0,0
recipe:igata_2021_ripples,recipe:muessig_2019_ripples,network,0.14682,0.141762,0.151837,20,0.802562,0.782038,0.82418,20,0.121915,0.117941,0.125855,20,0.82399,0.805801,0.84204,20,20,0,0
recipe:igata_2021_ripples,recipe:nadasdy_1999,network,0.111508,0.105786,0.117167,20,0.528431,0.506304,0.551532,20,0.0269729,0.0228755,0.0315557,20,0.552843,0.531711,0.573057,20,20,0,0
recipe:igata_2021_ripples,recipe:olafsdottir_2015,network,0.112102,0.106852,0.117503,20,0.648307,0.622344,0.674219,20,0.00577039,0.0047474,0.00687894,20,0.651053,0.626002,0.675894,20,20,0,0
recipe:igata_2021_ripples,recipe:olafsdottir_2015.bayesian_candidates,network,0.104021,0.0986467,0.109512,20,0.600095,0.57286,0.627102,20,0.00262135,0.00191864,0.00335961,20,0.602779,0.576223,0.629118,20,20,0,0
recipe:igata_2021_ripples,recipe:olafsdottir_2016,network,0.100038,0.0942842,0.106095,20,0.564272,0.537883,0.592667,20,0.00352358,0.00245893,0.00461343,20,0.566176,0.539054,0.594158,20,20,0,0
recipe:igata_2021_ripples,recipe:olafsdottir_2017,network,0.131747,0.127008,0.13713,20,0.687577,0.664523,0.711232,20,0.0256477,0.0229721,0.0282576,20,0.696057,0.673016,0.718591,20,20,0,0
recipe:igata_2021_ripples,recipe:olafsdottir_2017.trajectory,network,0.100314,0.0945987,0.106349,20,0.564272,0.537883,0.592667,20,0.0035362,0.00246711,0.00463251,20,0.566176,0.539054,0.594158,20,20,0,0
recipe:igata_2021_ripples,recipe:pfeiffer_2013,network,0.124722,0.119888,0.129812,20,0.695176,0.675332,0.714843,20,0.00657686,0.00520395,0.00803288,20,0.697021,0.677572,0.716205,20,20,0,0
recipe:igata_2021_ripples,recipe:pfeiffer_2013_ripples,network,0.164767,0.159361,0.171076,20,0.881375,0.866601,0.894497,20,0.023409,0.0201391,0.026628,20,0.887258,0.873817,0.899933,20,20,0,0
recipe:igata_2021_ripples,recipe:pfeiffer_2015,network,0.164435,0.159087,0.170717,20,0.881375,0.866601,0.894497,20,0.0230136,0.0199253,0.0259622,20,0.887258,0.873817,0.899933,20,20,0,0
recipe:igata_2021_ripples,recipe:shin_2019,network,0.170399,0.163999,0.177434,20,0.836423,0.821933,0.850783,20,0.0379266,0.0339359,0.0417821,20,0.85504,0.84289,0.866882,20,20,0,0
recipe:igata_2021_ripples,recipe:silva_2015,network,0.106848,0.10162,0.112266,20,0.602101,0.578228,0.625469,20,0.0045752,0.00339551,0.00580819,20,0.603218,0.579275,0.626111,20,20,0,0
recipe:igata_2021_ripples,recipe:stella_2019,network,0.155243,0.148141,0.162186,20,0.701995,0.68218,0.723326,20,0.0469664,0.0417539,0.0519912,20,0.734085,0.718955,0.752638,20,20,0,0
recipe:igata_2021_ripples,recipe:tang_2017,network,0.170399,0.163999,0.177434,20,0.836423,0.821933,0.850783,20,0.0379266,0.0339359,0.0417821,20,0.85504,0.84289,0.866882,20,20,0,0
recipe:igata_2021_ripples,recipe:tirole_2022,network,0.112314,0.107281,0.117296,20,0.682906,0.659141,0.704457,20,0.000970616,0.000369475,0.00167647,20,0.682906,0.659141,0.704457,20,20,0,0
recipe:igata_2021_ripples,recipe:widloski_2025,network,0.125229,0.120687,0.130235,20,0.667612,0.643781,0.693742,20,0.0209126,0.0185191,0.0239022,20,0.66338,0.641244,0.687832,20,20,0,0
recipe:igata_2021_ripples,recipe:widloski_2025_bursts,network,0.0995021,0.0952211,0.104344,20,0.585935,0.563968,0.607129,20,0.00161611,0.000617342,0.00287177,20,0.579194,0.555971,0.601529,20,20,0,0
recipe:igata_2021_ripples,recipe:wikenheiser_2013,network,0.133323,0.125946,0.140435,20,0.717855,0.696332,0.73938,20,0.0766682,0.0696611,0.0837748,20,0.714787,0.692689,0.737021,20,20,0,0
recipe:igata_2021_ripples,recipe:wu_2014,network,0.119091,0.115502,0.122899,20,0.744728,0.727036,0.761886,20,0.0258261,0.0225503,0.0296096,20,0.747675,0.730514,0.76462,20,20,0,0
recipe:igata_2021_ripples,recipe:wu_2017,network,0.104329,0.0995304,0.109238,20,0.587695,0.562938,0.612164,20,0.00675989,0.00541985,0.00827907,20,0.592902,0.567055,0.618714,20,20,0,0
recipe:igata_2021_ripples,recipe:xu_2019,network,0.129023,0.125155,0.133041,20,0.705033,0.685252,0.723015,20,0.0106941,0.00849055,0.0129761,20,0.705973,0.686301,0.723901,20,20,0,0
recipe:igata_2021_ripples,recipe:yamamoto_2017,network,0.149959,0.14077,0.159001,20,0.73056,0.708051,0.751129,20,0.0342108,0.0281069,0.0403827,20,0.740917,0.717532,0.761756,20,20,0,0
recipe:igata_2021_ripples,recipe:yang_2024,network,0.0939407,0.0891197,0.0987537,20,0.58042,0.554626,0.607836,20,0.000498071,0.000118765,0.000984979,20,0.58042,0.554626,0.607836,20,20,0,0
recipe:jadhav_2016,recipe:ji_2007,network,0.527318,0.49658,0.557153,20,0.609546,0.574058,0.641747,20,0.137758,0.0988066,0.175191,20,0.621852,0.582495,0.656378,20,20,0,0
recipe:jadhav_2016,recipe:ji_2007_ripples,network,0.0626153,0.0494813,0.0764789,20,0.00717983,0.00326521,0.0113103,20,0.289162,0.223859,0.360392,20,0.00872996,0.0045942,0.0133429,20,20,0,0
recipe:jadhav_2016,recipe:kaefer_2020,network,0.0526099,0.0409217,0.0654122,20,0.0148439,0.00930388,0.0206063,20,0.220963,0.168003,0.28007,20,0.0148439,0.00930388,0.0206063,20,20,0,0
recipe:jadhav_2016,recipe:karlsson_2009,network,0.822202,0.802473,0.839423,20,0.829406,0.810054,0.848474,20,0.653777,0.595493,0.719201,20,0.869895,0.851868,0.886613,20,20,0,0
recipe:jadhav_2016,recipe:krause_2022,network,0.702455,0.680645,0.726075,20,0.776352,0.758716,0.792557,20,0.27221,0.207393,0.342674,20,0.798283,0.776974,0.819164,20,20,0,0
recipe:jadhav_2016,recipe:krause_2022_hse,network,0.514473,0.48807,0.539589,20,0.645684,0.621806,0.669574,20,0.112045,0.0855269,0.140376,20,0.641882,0.617763,0.666684,20,20,0,0
recipe:jadhav_2016,recipe:kudrimoti_1999,network,0.0356197,0.0275041,0.044033,20,0.0363086,0.0277529,0.0455927,20,0.0308704,0.0118467,0.052433,20,0.0370769,0.028572,0.0464741,20,20,0,0
recipe:jadhav_2016,recipe:lee_2002,network,0.0469013,0.0451584,0.0486845,20,0.594735,0.575321,0.613403,20,0.00619891,0.00572887,0.00666868,20,0.58624,0.567553,0.605016,20,20,0,0
recipe:jadhav_2016,recipe:lee_2002_ripples,network,0.170447,0.151839,0.190413,20,0.11232,0.0958445,0.129632,20,0.389012,0.317866,0.461359,20,0.117454,0.101155,0.134108,20,20,0,0
recipe:jadhav_2016,recipe:liu_2019,network,0.0973247,0.0927519,0.101945,20,0.548041,0.527727,0.569857,20,0.0146126,0.0130796,0.0162087,20,0.528005,0.509903,0.547321,20,20,0,0
recipe:jadhav_2016,recipe:liu_2019_awake,network,0.0973247,0.0927519,0.101945,20,0.548041,0.527727,0.569857,20,0.0146126,0.0130796,0.0162087,20,0.528005,0.509903,0.547321,20,20,0,0
recipe:jadhav_2016,recipe:liu_2023,network,0.470356,0.444254,0.497491,20,0.55727,0.529305,0.58745,20,0,0,0,20,0.564058,0.534562,0.593677,20,20,0,0
recipe:jadhav_2016,recipe:maboudi_2018,network,0.530934,0.504551,0.555557,20,0.654104,0.627838,0.680046,20,0.106327,0.0767618,0.138155,20,0.650167,0.623559,0.67691,20,20,0,0
recipe:jadhav_2016,recipe:maboudi_2018_open_field,network,0.438572,0.414892,0.465013,20,0.62174,0.594804,0.647724,20,0.0445173,0.0302277,0.0608186,20,0.628722,0.600033,0.655587,20,20,0,0
recipe:jadhav_2016,recipe:mallory_2025,network,0.43206,0.409312,0.457241,20,0.628012,0.599412,0.655549,20,0.0943171,0.0767259,0.112686,20,0.633108,0.603025,0.661059,20,20,0,0
recipe:jadhav_2016,recipe:mallory_2025_ripples,network,0.699986,0.678341,0.720278,20,0.782503,0.75731,0.805518,20,0.362846,0.304998,0.421319,20,0.805989,0.782948,0.825802,20,20,0,0
recipe:jadhav_2016,recipe:michon_2019,network,0.315956,0.290037,0.340892,20,0.378793,0.345857,0.410144,20,0,0,0,20,0.384009,0.349922,0.415997,20,20,0,0
recipe:jadhav_2016,recipe:michon_2021,network,0.315956,0.290037,0.340892,20,0.378793,0.345857,0.410144,20,0,0,0,20,0.384009,0.349922,0.415997,20,20,0,0
recipe:jadhav_2016,recipe:mou_2022,network,0.391634,0.342787,0.438221,20,0.641279,0.619886,0.662874,20,0.0534856,0.0394615,0.0689807,20,0.628889,0.605812,0.651361,20,20,0,0
recipe:jadhav_2016,recipe:muessig_2019,network,0.116296,0.100657,0.133638,20,0.139545,0.121296,0.161135,20,0,0,0,20,0.14377,0.12516,0.165449,20,20,0,0
recipe:jadhav_2016,recipe:muessig_2019_ripples,network,0.0283729,0.0271557,0.02965,20,0.675431,0.652596,0.698752,20,0.00375544,0.00310028,0.00436941,20,0.693532,0.669959,0.717997,20,20,0,0
recipe:jadhav_2016,recipe:nadasdy_1999,network,0.489153,0.468977,0.508716,20,0.540492,0.513142,0.567596,20,0.254817,0.206521,0.303384,20,0.572115,0.547048,0.595955,20,20,0,0
recipe:jadhav_2016,recipe:olafsdottir_2015,network,0.366772,0.34171,0.394905,20,0.584768,0.554566,0.615898,20,0.0125525,0.00551023,0.0215375,20,0.594803,0.562621,0.6282,20,20,0,0
recipe:jadhav_2016,recipe:olafsdottir_2015.bayesian_candidates,network,0.409481,0.382221,0.440505,20,0.554653,0.521327,0.588805,20,0.00852526,0,0.0206992,20,0.564683,0.529719,0.60052,20,20,0,0
recipe:jadhav_2016,recipe:olafsdottir_2016,network,0.43162,0.402595,0.462822,20,0.52959,0.498836,0.560828,20,0,0,0,20,0.540597,0.508645,0.573115,20,20,0,0
recipe:jadhav_2016,recipe:olafsdottir_2017,network,0.313434,0.297522,0.328843,20,0.608137,0.578764,0.634621,20,0.03961,0.0313933,0.0490244,20,0.623656,0.592182,0.651834,20,20,0,0
recipe:jadhav_2016,recipe:olafsdottir_2017.trajectory,network,0.437599,0.409363,0.467745,20,0.52959,0.498836,0.560828,20,0,0,0,20,0.540597,0.508645,0.573115,20,20,0,0
recipe:jadhav_2016,recipe:pfeiffer_2013,network,0.438572,0.414892,0.465013,20,0.62174,0.594804,0.647724,20,0.0445173,0.0302277,0.0608186,20,0.628722,0.600033,0.655587,20,20,0,0
recipe:jadhav_2016,recipe:pfeiffer_2013_ripples,network,0.74291,0.726001,0.759591,20,0.80579,0.793498,0.818412,20,0.387116,0.3231,0.452316,20,0.822749,0.806392,0.838878,20,20,0,0
recipe:jadhav_2016,recipe:pfeiffer_2015,network,0.744269,0.727162,0.761251,20,0.80579,0.793498,0.818412,20,0.391567,0.326204,0.459944,20,0.822749,0.806392,0.838878,20,20,0,0
recipe:jadhav_2016,recipe:shin_2019,network,0.826411,0.806597,0.84328,20,0.829406,0.810054,0.848474,20,0.67045,0.612901,0.734515,20,0.869895,0.851868,0.886613,20,20,0,0
recipe:jadhav_2016,recipe:silva_2015,network,0.435285,0.409246,0.465346,20,0.550671,0.523168,0.580839,20,0.0542475,0.0351744,0.0741263,20,0.556618,0.52785,0.58611,20,20,0,0
recipe:jadhav_2016,recipe:stella_2019,network,0.535175,0.52036,0.551086,20,0.710693,0.690152,0.732984,20,0.195193,0.172624,0.216864,20,0.748223,0.729203,0.767504,20,20,0,0
recipe:jadhav_2016,recipe:tang_2017,network,0.826411,0.806597,0.84328,20,0.829406,0.810054,0.848474,20,0.67045,0.612901,0.734515,20,0.869895,0.851868,0.886613,20,20,0,0
recipe:jadhav_2016,recipe:tirole_2022,network,0.555898,0.528978,0.584236,20,0.65396,0.624524,0.683103,20,0.0198214,0.00333333,0.0398274,20,0.657522,0.627348,0.688498,20,20,0,0
recipe:jadhav_2016,recipe:widloski_2025,network,0.665769,0.641451,0.689774,20,0.727637,0.698054,0.758395,20,0.328099,0.26016,0.396843,20,0.683663,0.654275,0.713003,20,20,0,0
recipe:jadhav_2016,recipe:widloski_2025_bursts,network,0.513508,0.491438,0.5346,20,0.59207,0.572454,0.609482,20,0.0398829,0.0165503,0.0654511,20,0.552295,0.531484,0.571196,20,20,0,0
recipe:jadhav_2016,recipe:wikenheiser_2013,network,0.077317,0.073875,0.0810714,20,0.585562,0.568458,0.602496,20,0.0118597,0.0103895,0.0134518,20,0.57095,0.554979,0.58773,20,20,0,0
recipe:jadhav_2016,recipe:wu_2014,network,0.182298,0.170305,0.194551,20,0.633149,0.610875,0.65672,20,0.0188964,0.0154118,0.0227814,20,0.636317,0.612427,0.661245,20,20,0,0
recipe:jadhav_2016,recipe:wu_2017,network,0.439076,0.417879,0.462256,20,0.527009,0.501905,0.551366,20,0.0718802,0.0462145,0.0993439,20,0.545237,0.52114,0.568303,20,20,0,0
recipe:jadhav_2016,recipe:xu_2019,network,0.434419,0.411389,0.459775,20,0.62613,0.598607,0.651819,20,0.0681753,0.0544585,0.0835324,20,0.63341,0.604653,0.660622,20,20,0,0
recipe:jadhav_2016,recipe:yamamoto_2017,network,0.491292,0.468713,0.51448,20,0.648575,0.626067,0.671341,20,0.0357263,0.0215403,0.0502734,20,0.689448,0.663013,0.71594,20,20,0,0
recipe:jadhav_2016,recipe:yang_2024,network,0.49767,0.470557,0.525568,20,0.587229,0.553978,0.618015,20,0.0193223,0.00666667,0.036228,20,0.592054,0.559726,0.622254,20,20,0,0
recipe:ji_2007,recipe:ji_2007_ripples,network,0.00498261,0.00199436,0.00850023,20,0.00598546,0.00238511,0.0101981,20,0,0,0,20,0.00598546,0.00238511,0.0101981,20,20,0,0
recipe:ji_2007,recipe:kaefer_2020,network,0.0128697,0.0075731,0.0186218,20,0.0146542,0.00867262,0.0212092,20,0,0,0,20,0.0146542,0.00867262,0.0212092,20,20,0,0
recipe:ji_2007,recipe:karlsson_2009,network,0.570884,0.536677,0.603243,20,0.692076,0.650677,0.728005,20,0.123636,0.0886387,0.160053,20,0.694189,0.652451,0.72978,20,20,0,0
recipe:ji_2007,recipe:krause_2022,network,0.609718,0.57714,0.638358,20,0.710161,0.670237,0.746995,20,0.0025,0,0.0075,20,0.711219,0.671161,0.748961,20,20,0,0
recipe:ji_2007,recipe:krause_2022_hse,network,0.763193,0.702967,0.817503,20,0.866597,0.805037,0.917878,20,0.324369,0.237208,0.413054,20,0.866597,0.805037,0.917878,20,20,0,0
recipe:ji_2007,recipe:kudrimoti_1999,network,0.028908,0.0227566,0.0358771,20,0.0317305,0.0250103,0.0391534,20,0,0,0,19,0.0327697,0.0254892,0.0407128,20,20,0,0
recipe:ji_2007,recipe:lee_2002,network,0.0510524,0.0470244,0.0547319,20,0.674929,0.626498,0.717758,20,0.0041012,0.00281729,0.00549869,20,0.684309,0.633635,0.72747,20,20,0,0
recipe:ji_2007,recipe:lee_2002_ripples,network,0.0909837,0.0818694,0.100212,20,0.10671,0.0949873,0.11846,20,0.0219032,0.00692308,0.0407147,20,0.107785,0.0960768,0.119429,20,20,0,0
recipe:ji_2007,recipe:liu_2019,network,0.102642,0.0945532,0.11008,20,0.601301,0.561956,0.635093,20,0.00913621,0.00560645,0.0129743,20,0.603646,0.562085,0.638627,20,20,0,0
recipe:ji_2007,recipe:liu_2019_awake,network,0.102642,0.0945532,0.11008,20,0.601301,0.561956,0.635093,20,0.00913621,0.00560645,0.0129743,20,0.603646,0.562085,0.638627,20,20,0,0
recipe:ji_2007,recipe:liu_2023,network,0.51214,0.485351,0.538532,20,0.559405,0.532392,0.585941,20,0,0,0,19,0.559405,0.532392,0.585941,20,20,0,0
recipe:ji_2007,recipe:maboudi_2018,network,0.782361,0.723433,0.830765,20,0.861618,0.802533,0.909198,20,0.35508,0.262823,0.448986,20,0.861618,0.802533,0.909198,20,20,0,0
recipe:ji_2007,recipe:maboudi_2018_open_field,network,0.549929,0.512664,0.586678,20,0.7283,0.685718,0.763985,20,0.0815607,0.0553965,0.109639,20,0.7283,0.685718,0.763985,20,20,0,0
recipe:ji_2007,recipe:mallory_2025,network,0.530089,0.493812,0.56717,20,0.72536,0.682963,0.760628,20,0.130966,0.0990953,0.163462,20,0.72813,0.685533,0.762973,20,20,0,0
recipe:ji_2007,recipe:mallory_2025_ripples,network,0.547458,0.517013,0.575975,20,0.687097,0.64809,0.721435,20,0.0419571,0.0202291,0.0639417,20,0.687097,0.64809,0.721435,20,20,0,0
recipe:ji_2007,recipe:michon_2019,network,0.350361,0.328432,0.371666,20,0.383923,0.359516,0.407255,20,0,0,0,19,0.383923,0.359516,0.407255,20,20,0,0
recipe:ji_2007,recipe:michon_2021,network,0.350361,0.328432,0.371666,20,0.383923,0.359516,0.407255,20,0,0,0,19,0.383923,0.359516,0.407255,20,20,0,0
recipe:ji_2007,recipe:mou_2022,network,0.559565,0.467616,0.649961,20,0.823915,0.757395,0.880506,20,0.149593,0.079229,0.22703,20,0.823227,0.755338,0.880506,20,20,0,0
recipe:ji_2007,recipe:muessig_2019,network,0.147778,0.129464,0.167982,20,0.1609,0.142455,0.180921,20,0,0,0,19,0.1609,0.142455,0.180921,20,20,0,0
recipe:ji_2007,recipe:muessig_2019_ripples,network,0.027152,0.024858,0.0294651,20,0.675453,0.624671,0.719958,20,0.000903846,0.000552018,0.00128513,20,0.697675,0.644026,0.744131,20,20,0,0
recipe:ji_2007,recipe:nadasdy_1999,network,0.37709,0.35881,0.397387,20,0.460251,0.436949,0.484289,20,0.0025,0,0.0075,20,0.470106,0.447679,0.492395,20,20,0,0
recipe:ji_2007,recipe:olafsdottir_2015,network,0.447489,0.417501,0.47953,20,0.678811,0.64413,0.71041,20,0.0156087,0.00573528,0.0268535,20,0.680946,0.646808,0.71247,20,20,0,0
recipe:ji_2007,recipe:olafsdottir_2015.bayesian_candidates,network,0.507647,0.482554,0.533907,20,0.645199,0.617064,0.672517,20,0.0156371,0.00535284,0.0278465,20,0.647399,0.61843,0.675287,20,20,0,0
recipe:ji_2007,recipe:olafsdottir_2016,network,0.542216,0.50803,0.575767,20,0.620116,0.588738,0.652767,20,0.00662393,0,0.0160256,20,0.621273,0.589019,0.654546,20,20,0,0
recipe:ji_2007,recipe:olafsdottir_2017,network,0.37919,0.353825,0.404684,20,0.702431,0.660284,0.74145,20,0.0516362,0.039946,0.062549,20,0.706329,0.664062,0.744488,20,20,0,0
recipe:ji_2007,recipe:olafsdottir_2017.trajectory,network,0.550121,0.516932,0.582382,20,0.620116,0.588738,0.652767,20,0.0075,0,0.0183333,20,0.621273,0.589019,0.654546,20,20,0,0
recipe:ji_2007,recipe:pfeiffer_2013,network,0.549929,0.512664,0.586678,20,0.7283,0.685718,0.763985,20,0.0815607,0.0553965,0.109639,20,0.7283,0.685718,0.763985,20,20,0,0
recipe:ji_2007,recipe:pfeiffer_2013_ripples,network,0.588619,0.556175,0.617035,20,0.707585,0.662283,0.74642,20,0.00208333,0,0.00625,20,0.707585,0.662283,0.74642,20,20,0,0
recipe:ji_2007,recipe:pfeiffer_2015,network,0.589472,0.557476,0.617394,20,0.707585,0.662283,0.74642,20,0.00208333,0,0.00625,20,0.707585,0.662283,0.74642,20,20,0,0
recipe:ji_2007,recipe:shin_2019,network,0.568982,0.534528,0.601092,20,0.692076,0.650677,0.728005,20,0.121655,0.087548,0.157709,20,0.694189,0.652451,0.72978,20,20,0,0
recipe:ji_2007,recipe:silva_2015,network,0.559407,0.525968,0.589885,20,0.665594,0.632731,0.695545,20,0.082042,0.0564546,0.107171,20,0.665594,0.632731,0.695545,20,20,0,0
recipe:ji_2007,recipe:stella_2019,network,0.419911,0.394725,0.443053,20,0.598979,0.564233,0.63067,20,0.0608176,0.0431303,0.0802157,20,0.609018,0.575116,0.639143,20,20,0,0
recipe:ji_2007,recipe:tang_2017,network,0.568982,0.534528,0.601092,20,0.692076,0.650677,0.728005,20,0.121655,0.087548,0.157709,20,0.694189,0.652451,0.72978,20,20,0,0
recipe:ji_2007,recipe:tirole_2022,network,0.63756,0.611986,0.661599,20,0.691966,0.670347,0.712649,20,0.0718819,0.02,0.132192,20,0.691966,0.670347,0.712649,20,20,0,0
recipe:ji_2007,recipe:widloski_2025,network,0.495164,0.473025,0.517498,20,0.595729,0.568192,0.625635,20,0.00634058,0,0.0168478,20,0.587926,0.560185,0.61897,20,20,0,0
recipe:ji_2007,recipe:widloski_2025_bursts,network,0.667317,0.626564,0.712479,20,0.704797,0.668467,0.743075,20,0.172979,0.10247,0.252399,19,0.700784,0.664463,0.739177,20,20,0,0
recipe:ji_2007,recipe:wikenheiser_2013,network,0.0798509,0.0734398,0.0860637,20,0.64558,0.599143,0.685087,20,0.00589483,0.00385479,0.00808966,20,0.653206,0.60621,0.693532,20,20,0,0
recipe:ji_2007,recipe:wu_2014,network,0.212179,0.193465,0.231328,20,0.716428,0.665077,0.758089,20,0.0212379,0.0159752,0.026077,20,0.720066,0.668012,0.760735,20,20,0,0
recipe:ji_2007,recipe:wu_2017,network,0.631218,0.607925,0.655775,20,0.694707,0.670032,0.719855,20,0.211878,0.165834,0.25465,20,0.694707,0.670032,0.719855,20,20,0,0
recipe:ji_2007,recipe:xu_2019,network,0.544433,0.509045,0.579962,20,0.73263,0.694162,0.765205,20,0.112391,0.0850664,0.141954,20,0.733598,0.694942,0.765993,20,20,0,0
recipe:ji_2007,recipe:yamamoto_2017,network,0.546754,0.51872,0.574244,20,0.699628,0.66714,0.728702,20,0.0329956,0.0191773,0.0478248,20,0.707288,0.674016,0.736691,20,20,0,0
recipe:ji_2007,recipe:yang_2024,network,0.508331,0.480281,0.534409,20,0.549785,0.524904,0.574885,20,0.0622703,0.0183455,0.118523,19,0.549785,0.524904,0.574885,20,20,0,0
recipe:ji_2007_ripples,recipe:kaefer_2020,network,0.561508,0.479076,0.649011,20,0.314103,0.130173,0.520833,13,0.563782,0.482798,0.648231,20,0.314103,0.130173,0.520833,13,20,0,0
recipe:ji_2007_ripples,recipe:karlsson_2009,network,0.055654,0.0441465,0.0682437,20,0.006249,0.00286899,0.00986328,20,0.219894,0.171778,0.275278,20,0.00761701,0.00401127,0.0115692,20,20,0,0
recipe:ji_2007_ripples,recipe:krause_2022,network,0.0507144,0.038425,0.0639382,20,0.00777424,0.00406288,0.0118311,20,0.347752,0.269665,0.431032,20,0.00777424,0.00406288,0.0118311,20,20,0,0
recipe:ji_2007_ripples,recipe:krause_2022_hse,network,0.00502967,0.00232934,0.00783769,20,0.00525713,0.00238514,0.00832915,20,0.00142857,0,0.00428571,20,0.00525713,0.00238514,0.00832915,20,20,0,0
recipe:ji_2007_ripples,recipe:kudrimoti_1999,network,0.0477579,0.0218616,0.0739534,20,0.0166667,0,0.05,20,0.0597024,0.0233929,0.0984554,20,0.0166667,0,0.05,20,20,0,0
recipe:ji_2007_ripples,recipe:lee_2002,network,0.00223937,0.00170254,0.00283441,20,0.00543901,0.00291255,0.00829332,20,0.00192487,0.00141422,0.00248138,20,0.00543901,0.00291255,0.00829332,20,20,0,0
recipe:ji_2007_ripples,recipe:lee_2002_ripples,network,0.378423,0.337903,0.421036,20,0.0393638,0.0165338,0.0665987,20,0.648974,0.600234,0.693627,20,0.0393638,0.0165338,0.0665987,20,20,0,0
recipe:ji_2007_ripples,recipe:liu_2019,network,0.00577088,0.00435466,0.00726214,20,0.00605019,0.00317797,0.00935041,20,0.00515952,0.00380269,0.00667674,20,0.00605019,0.00317797,0.00935041,20,20,0,0
recipe:ji_2007_ripples,recipe:liu_2019_awake,network,0.00577088,0.00435466,0.00726214,20,0.00605019,0.00317797,0.00935041,20,0.00515952,0.00380269,0.00667674,20,0.00605019,0.00317797,0.00935041,20,20,0,0
recipe:ji_2007_ripples,recipe:liu_2023,network,0.00508325,0.0015873,0.00959118,20,0.00587668,0.00181818,0.0109928,20,0,0,0,20,0.00587668,0.00181818,0.0109928,20,20,0,0
recipe:ji_2007_ripples,recipe:maboudi_2018,network,0.00480975,0.00198553,0.00780861,20,0.00541338,0.00246218,0.00855113,20,0,0,0,20,0.00541338,0.00246218,0.00855113,20,20,0,0
recipe:ji_2007_ripples,recipe:maboudi_2018_open_field,network,0.00497888,0.00265652,0.00761484,20,0.00644336,0.003125,0.010203,20,0.00151515,0,0.00454545,20,0.00712829,0.00381388,0.0109126,20,20,0,0
recipe:ji_2007_ripples,recipe:mallory_2025,network,0.00535296,0.00317089,0.007868,20,0.00698435,0.00372923,0.0106679,20,0.00188679,0,0.00471698,20,0.00698435,0.00372923,0.0106679,20,20,0,0
recipe:ji_2007_ripples,recipe:mallory_2025_ripples,network,0.0631013,0.0507195,0.0765088,20,0.00770552,0.00406504,0.011755,20,0.281663,0.218105,0.348373,20,0.00770552,0.00406504,0.011755,20,20,0,0
recipe:ji_2007_ripples,recipe:michon_2019,network,0.0100183,0.00319473,0.0177559,20,0.0132492,0.00441729,0.0235209,20,0,0,0,20,0.0132492,0.00441729,0.0235209,20,20,0,0
recipe:ji_2007_ripples,recipe:michon_2021,network,0.0100183,0.00319473,0.0177559,20,0.0132492,0.00441729,0.0235209,20,0,0,0,20,0.0132492,0.00441729,0.0235209,20,20,0,0
recipe:ji_2007_ripples,recipe:mou_2022,network,0.00561779,0.00348951,0.00779599,20,0.00496522,0.00223004,0.0079084,20,0.00486465,0.0011283,0.00990128,20,0.00496522,0.00223004,0.0079084,20,20,0,0
recipe:ji_2007_ripples,recipe:muessig_2019,network,0,0,0,20,0,0,0,20,0,0,0,20,0,0,0,20,20,0,0
recipe:ji_2007_ripples,recipe:muessig_2019_ripples,network,0.0030626,0.00267233,0.00349818,20,0.00529502,0.00240807,0.00837723,20,0.00292847,0.00260385,0.00330927,20,0.00641906,0.0033571,0.00984263,20,20,0,0
recipe:ji_2007_ripples,recipe:nadasdy_1999,network,0.0776939,0.0619926,0.0946836,20,0.0126052,0.00642806,0.0194114,20,0.290856,0.23661,0.348556,20,0.0126052,0.00642806,0.0194114,20,20,0,0
recipe:ji_2007_ripples,recipe:olafsdottir_2015,network,0.00475796,0.00246337,0.00725094,20,0.00583219,0.00234077,0.00966375,20,0.00304233,0,0.00793651,20,0.00583219,0.00234077,0.00966375,20,20,0,0
recipe:ji_2007_ripples,recipe:olafsdottir_2015.bayesian_candidates,network,0.0036509,0.00133053,0.00619711,20,0.00483884,0.00172342,0.00814241,20,0,0,0,20,0.00483884,0.00172342,0.00814241,20,20,0,0
recipe:ji_2007_ripples,recipe:olafsdottir_2016,network,0.00286669,0.000617284,0.00557185,20,0.00353096,0.000757576,0.00689357,20,0,0,0,20,0.00440815,0.001,0.00801008,20,20,0,0
recipe:ji_2007_ripples,recipe:olafsdottir_2017,network,0.00347697,0.00160617,0.00568237,20,0.00590175,0.00267852,0.00922856,20,0.00124344,0,0.0031279,20,0.00656842,0.00339851,0.00993872,20,20,0,0
recipe:ji_2007_ripples,recipe:olafsdottir_2017.trajectory,network,0.00292805,0.000632911,0.00570902,20,0.00353096,0.000757576,0.00689357,20,0,0,0,20,0.00440815,0.001,0.00801008,20,20,0,0
recipe:ji_2007_ripples,recipe:pfeiffer_2013,network,0.00497888,0.00265652,0.00761484,20,0.00644336,0.003125,0.010203,20,0.00151515,0,0.00454545,20,0.00712829,0.00381388,0.0109126,20,20,0,0
recipe:ji_2007_ripples,recipe:pfeiffer_2013_ripples,network,0.0651645,0.0525097,0.0795844,20,0.007387,0.00385482,0.011249,20,0.426197,0.348163,0.506371,20,0.007387,0.00385482,0.011249,20,20,0,0
recipe:ji_2007_ripples,recipe:pfeiffer_2015,network,0.0638506,0.0514875,0.0769775,20,0.007387,0.00385482,0.011249,20,0.419643,0.340704,0.498797,20,0.007387,0.00385482,0.011249,20,20,0,0
recipe:ji_2007_ripples,recipe:shin_2019,network,0.0572315,0.0458738,0.069763,20,0.006249,0.00286899,0.00986328,20,0.223272,0.177239,0.275367,20,0.00761701,0.00401127,0.0115692,20,20,0,0
recipe:ji_2007_ripples,recipe:silva_2015,network,0.00547889,0.00242724,0.00862911,20,0.00724623,0.00323433,0.0115614,20,0,0,0,20,0.00724623,0.00323433,0.0115614,20,20,0,0
recipe:ji_2007_ripples,recipe:stella_2019,network,0.045759,0.0369626,0.0549759,20,0.00732281,0.00331339,0.0115518,20,0.101361,0.0829585,0.121684,20,0.00891986,0.00469504,0.0135748,20,20,0,0
recipe:ji_2007_ripples,recipe:tang_2017,network,0.0572315,0.0458738,0.069763,20,0.006249,0.00286899,0.00986328,20,0.223272,0.177239,0.275367,20,0.00761701,0.00401127,0.0115692,20,20,0,0
recipe:ji_2007_ripples,recipe:tirole_2022,network,0.00664315,0.0029751,0.0108123,20,0.00674757,0.00327055,0.0103578,20,0,0,0,20,0.00674757,0.00327055,0.0103578,20,20,0,0
recipe:ji_2007_ripples,recipe:widloski_2025,network,0.118106,0.10347,0.134171,20,0.0102148,0.00517583,0.0159066,20,0.61434,0.567324,0.65717,20,0.0102148,0.00517583,0.0159066,20,20,0,0
recipe:ji_2007_ripples,recipe:widloski_2025_bursts,network,0.00727624,0.00320735,0.0116119,20,0.00273532,0,0.00567726,20,0,0,0,20,0.00273532,0,0.00567726,20,20,0,0
recipe:ji_2007_ripples,recipe:wikenheiser_2013,network,0.00471601,0.00376355,0.00569832,20,0.00526137,0.00281332,0.00808033,20,0.00391115,0.00305369,0.0047648,20,0.00526137,0.00281332,0.00808033,20,20,0,0
recipe:ji_2007_ripples,recipe:wu_2014,network,0.00336419,0.00201137,0.00494666,20,0.00625034,0.00331596,0.00960169,20,0.00197279,0.000743366,0.00344871,20,0.00625034,0.00331596,0.00960169,20,20,0,0
recipe:ji_2007_ripples,recipe:wu_2017,network,0.00213034,0,0.00433547,20,0.0017456,0,0.00431087,20,0.00384615,0,0.0115385,20,0.0017456,0,0.00431087,20,20,0,0
recipe:ji_2007_ripples,recipe:xu_2019,network,0.0047497,0.00262126,0.00711228,20,0.00646921,0.00328501,0.0097612,20,0.00108696,0,0.00326087,20,0.00646921,0.00328501,0.0097612,20,20,0,0
recipe:ji_2007_ripples,recipe:yamamoto_2017,network,0.00842981,0.00389853,0.0134689,20,0.00623413,0.00241977,0.0103658,20,0.0105912,0.00282194,0.0202541,20,0.00689181,0.00288309,0.0114666,20,20,0,0
recipe:ji_2007_ripples,recipe:yang_2024,network,0.00829145,0.00380196,0.0131713,20,0.00982846,0.00451491,0.0156408,20,0,0,0,20,0.00982846,0.00451491,0.0156408,20,20,0,0
recipe:kaefer_2020,recipe:karlsson_2009,network,0.0455177,0.035396,0.0569218,20,0.0150265,0.0093575,0.0208556,20,0.155142,0.118096,0.196221,20,0.0150265,0.0093575,0.0208556,20,20,0,0
recipe:kaefer_2020,recipe:krause_2022,network,0.0472656,0.0377829,0.0584911,20,0.0153904,0.00957355,0.0214103,20,0.343413,0.251135,0.446599,20,0.0153904,0.00957355,0.0214103,20,20,0,0
recipe:kaefer_2020,recipe:krause_2022_hse,network,0.00946475,0.00580896,0.0131222,20,0.0119625,0.00742584,0.0165601,20,0,0,0,20,0.0119625,0.00742584,0.0165601,20,20,0,0
recipe:kaefer_2020,recipe:kudrimoti_1999,network,0.0660317,0.0233175,0.115556,20,0.025,0,0.0625,20,0.115833,0.0291667,0.23,20,0.025,0,0.0625,20,20,0,0
recipe:kaefer_2020,recipe:lee_2002,network,0.00234932,0.001875,0.00286582,20,0.0109054,0.00684592,0.0150002,20,0.0016341,0.00125824,0.00206018,20,0.0109054,0.00684592,0.0150002,20,20,0,0
recipe:kaefer_2020,recipe:lee_2002_ripples,network,0.260779,0.222247,0.301436,20,0.0912753,0.0429187,0.147481,20,0.376112,0.32214,0.431283,20,0.0984181,0.0491703,0.154396,20,20,0,0
recipe:kaefer_2020,recipe:liu_2019,network,0.0050859,0.00376226,0.00645578,20,0.0104921,0.00642556,0.014566,20,0.00399435,0.00284232,0.00522691,20,0.0104921,0.00642556,0.014566,20,20,0,0
recipe:kaefer_2020,recipe:liu_2019_awake,network,0.0050859,0.00376226,0.00645578,20,0.0104921,0.00642556,0.014566,20,0.00399435,0.00284232,0.00522691,20,0.0104921,0.00642556,0.014566,20,20,0,0
recipe:kaefer_2020,recipe:liu_2023,network,0.0154616,0.00978966,0.0212317,20,0.0167306,0.0106329,0.0228115,20,0,0,0,20,0.0167306,0.0106329,0.0228115,20,20,0,0
recipe:kaefer_2020,recipe:maboudi_2018,network,0.0101338,0.0062939,0.0140497,20,0.012356,0.00762188,0.016979,20,0,0,0,20,0.012356,0.00762188,0.016979,20,20,0,0
recipe:kaefer_2020,recipe:maboudi_2018_open_field,network,0.00987904,0.00654855,0.0135077,20,0.0131998,0.00821927,0.0183056,20,0.00166667,0,0.005,20,0.0131998,0.00821927,0.0183056,20,20,0,0
recipe:kaefer_2020,recipe:mallory_2025,network,0.00955837,0.00622547,0.0130034,20,0.0135549,0.00842833,0.0188984,20,0.00219048,0,0.00557143,20,0.0135549,0.00842833,0.0188984,20,20,0,0
recipe:kaefer_2020,recipe:mallory_2025_ripples,network,0.049693,0.039257,0.0617102,20,0.0151602,0.00944048,0.0210564,20,0.189888,0.142218,0.242145,20,0.0151602,0.00944048,0.0210564,20,20,0,0
recipe:kaefer_2020,recipe:michon_2019,network,0.0288707,0.0155204,0.04249,20,0.0335677,0.0182997,0.0494395,20,0,0,0,20,0.0335677,0.0182997,0.0494395,20,20,0,0
recipe:kaefer_2020,recipe:michon_2021,network,0.0288707,0.0155204,0.04249,20,0.0335677,0.0182997,0.0494395,20,0,0,0,20,0.0335677,0.0182997,0.0494395,20,20,0,0
recipe:kaefer_2020,recipe:mou_2022,network,0.00818753,0.00518418,0.0114372,20,0.0112651,0.00694247,0.0157324,20,0.00290489,0.000583295,0.00614909,20,0.0112651,0.00694247,0.0157324,20,20,0,0
recipe:kaefer_2020,recipe:muessig_2019,network,0.0275204,0.0129356,0.0426739,20,0.0368491,0.0170649,0.0591236,20,0,0,0,20,0.0368491,0.0170649,0.0591236,20,20,0,0
recipe:kaefer_2020,recipe:muessig_2019_ripples,network,0.00212201,0.00176511,0.00252125,20,0.012422,0.00774961,0.0173415,20,0.00171167,0.00141286,0.00205364,20,0.0130171,0.00811192,0.0179656,20,20,0,0
recipe:kaefer_2020,recipe:nadasdy_1999,network,0.0674443,0.053073,0.0822346,20,0.0245007,0.015267,0.0341524,20,0.222079,0.167717,0.283553,20,0.0245007,0.015267,0.0341524,20,20,0,0
recipe:kaefer_2020,recipe:olafsdottir_2015,network,0.00858023,0.00567017,0.011432,20,0.0117351,0.00701281,0.0165341,20,0.00320513,0,0.00833333,20,0.0117351,0.00701281,0.0165341,20,20,0,0
recipe:kaefer_2020,recipe:olafsdottir_2015.bayesian_candidates,network,0.00870957,0.00480149,0.0126285,20,0.0113483,0.00632265,0.0163988,20,0,0,0,20,0.0113483,0.00632265,0.0163988,20,20,0,0
recipe:kaefer_2020,recipe:olafsdottir_2016,network,0.00998353,0.00520902,0.0149643,20,0.0114064,0.00600868,0.0170145,20,0,0,0,20,0.0122684,0.00692097,0.0178765,20,20,0,0
recipe:kaefer_2020,recipe:olafsdottir_2017,network,0.00707376,0.00441236,0.0100175,20,0.0127394,0.00744613,0.0180586,20,0.00128289,0,0.00322368,20,0.0133567,0.0081592,0.0186364,20,20,0,0
recipe:kaefer_2020,recipe:olafsdottir_2017.trajectory,network,0.0101608,0.00534076,0.0151667,20,0.0114064,0.00600868,0.0170145,20,0,0,0,20,0.0122684,0.00692097,0.0178765,20,20,0,0
recipe:kaefer_2020,recipe:pfeiffer_2013,network,0.00987904,0.00654855,0.0135077,20,0.0131998,0.00821927,0.0183056,20,0.00166667,0,0.005,20,0.0131998,0.00821927,0.0183056,20,20,0,0
recipe:kaefer_2020,recipe:pfeiffer_2013_ripples,network,0.0514095,0.0405039,0.0638941,20,0.0145443,0.00900852,0.0201898,20,0.301435,0.240793,0.366981,20,0.0145443,0.00900852,0.0201898,20,20,0,0
recipe:kaefer_2020,recipe:pfeiffer_2015,network,0.0507068,0.040517,0.0622399,20,0.0145443,0.00900852,0.0201898,20,0.299375,0.241595,0.360905,20,0.0145443,0.00900852,0.0201898,20,20,0,0
recipe:kaefer_2020,recipe:shin_2019,network,0.0465516,0.0370029,0.0572919,20,0.0150265,0.0093575,0.0208556,20,0.156973,0.121656,0.19462,20,0.0150265,0.0093575,0.0208556,20,20,0,0
recipe:kaefer_2020,recipe:silva_2015,network,0.0115488,0.00749215,0.0158954,20,0.0146782,0.00938978,0.0202985,20,0,0,0,20,0.0146782,0.00938978,0.0202985,20,20,0,0
recipe:kaefer_2020,recipe:stella_2019,network,0.0387009,0.030739,0.0473674,20,0.0167455,0.00993001,0.023971,20,0.0706308,0.0551475,0.0877838,20,0.0175519,0.0109446,0.0244246,20,20,0,0
recipe:kaefer_2020,recipe:tang_2017,network,0.0465516,0.0370029,0.0572919,20,0.0150265,0.0093575,0.0208556,20,0.156973,0.121656,0.19462,20,0.0150265,0.0093575,0.0208556,20,20,0,0
recipe:kaefer_2020,recipe:tirole_2022,network,0.0154502,0.00966917,0.0212672,20,0.0167155,0.0104775,0.0229609,20,0,0,0,20,0.0167155,0.0104775,0.0229609,20,20,0,0
recipe:kaefer_2020,recipe:widloski_2025,network,0.0817663,0.0680682,0.0975668,20,0.0208378,0.0128842,0.0288736,20,0.383217,0.321607,0.44587,20,0.0208378,0.0128842,0.0288736,20,20,0,0
recipe:kaefer_2020,recipe:widloski_2025_bursts,network,0.0163768,0.00986075,0.0235503,20,0.014232,0.00833698,0.0204264,20,0,0,0,20,0.014232,0.00833698,0.0204264,20,20,0,0
recipe:kaefer_2020,recipe:wikenheiser_2013,network,0.00397296,0.00307096,0.00489357,20,0.0105736,0.00664682,0.0145583,20,0.00280718,0.00207088,0.00361067,20,0.0105736,0.00664682,0.0145583,20,20,0,0
recipe:kaefer_2020,recipe:wu_2014,network,0.00476356,0.00310403,0.00683663,20,0.0120164,0.00748898,0.0166586,20,0.00177002,0.000545455,0.00321707,20,0.0120164,0.00748898,0.0166586,20,20,0,0
recipe:kaefer_2020,recipe:wu_2017,network,0.00970513,0.00455712,0.0153863,20,0.0115691,0.00559305,0.0180457,20,0,0,0,20,0.012462,0.00657289,0.0189035,20,20,0,0
recipe:kaefer_2020,recipe:xu_2019,network,0.0101567,0.00688623,0.0135317,20,0.013127,0.00796951,0.0182536,20,0.00267794,0,0.00687104,20,0.013127,0.00796951,0.0182536,20,20,0,0
recipe:kaefer_2020,recipe:yamamoto_2017,network,0.0150872,0.00927918,0.0209778,20,0.0158838,0.00954627,0.0224498,20,0.00993174,0.00238095,0.0181393,20,0.0166085,0.0104817,0.0229531,20,20,0,0
recipe:kaefer_2020,recipe:yang_2024,network,0.019885,0.01242,0.0274279,20,0.0207814,0.0124821,0.0294228,20,0,0,0,20,0.0207814,0.0124821,0.0294228,20,20,0,0
recipe:karlsson_2009,recipe:krause_2022,network,0.780556,0.759987,0.799585,20,0.898526,0.884286,0.911244,20,0.289942,0.240498,0.347627,20,0.908277,0.893483,0.921347,20,20,0,0
recipe:karlsson_2009,recipe:krause_2022_hse,network,0.55523,0.530729,0.57996,20,0.728599,0.706541,0.749744,20,0.107449,0.0789713,0.139633,20,0.727667,0.705564,0.748798,20,20,0,0
recipe:karlsson_2009,recipe:kudrimoti_1999,network,0.0331047,0.0261152,0.0401159,20,0.0360556,0.028362,0.0445298,20,0.0210766,0.00868796,0.0350657,20,0.0360556,0.028362,0.0445298,20,20,0,0
recipe:karlsson_2009,recipe:lee_2002,network,0.0528483,0.050898,0.0548045,20,0.668628,0.653083,0.68373,20,0.00691448,0.00636408,0.0074533,20,0.665253,0.650372,0.67994,20,20,0,0
recipe:karlsson_2009,recipe:lee_2002_ripples,network,0.162997,0.147678,0.178284,20,0.11735,0.103257,0.131728,20,0.306344,0.255065,0.363413,20,0.118133,0.103971,0.132209,20,20,0,0
recipe:karlsson_2009,recipe:liu_2019,network,0.106789,0.10193,0.111437,20,0.596971,0.578756,0.617204,20,0.0162189,0.0146257,0.0177977,20,0.590785,0.572648,0.609689,20,20,0,0
recipe:karlsson_2009,recipe:liu_2019_awake,network,0.106789,0.10193,0.111437,20,0.596971,0.578756,0.617204,20,0.0162189,0.0146257,0.0177977,20,0.590785,0.572648,0.609689,20,20,0,0
recipe:karlsson_2009,recipe:liu_2023,network,0.49034,0.465968,0.514782,20,0.618509,0.587162,0.645574,20,0,0,0,20,0.618509,0.587162,0.645574,20,20,0,0
recipe:karlsson_2009,recipe:maboudi_2018,network,0.569834,0.54749,0.593047,20,0.73578,0.712745,0.758695,20,0.101058,0.0703722,0.136456,20,0.734848,0.711833,0.757895,20,20,0,0
recipe:karlsson_2009,recipe:maboudi_2018_open_field,network,0.479556,0.460239,0.503104,20,0.708528,0.687504,0.728822,20,0.044527,0.030219,0.0599769,20,0.708528,0.687504,0.728822,20,20,0,0
recipe:karlsson_2009,recipe:mallory_2025,network,0.475087,0.452694,0.499374,20,0.714265,0.691375,0.737211,20,0.0964057,0.0774519,0.116654,20,0.714265,0.691375,0.737211,20,20,0,0
recipe:karlsson_2009,recipe:mallory_2025_ripples,network,0.791086,0.770416,0.809715,20,0.909097,0.893779,0.924251,20,0.404853,0.351283,0.46358,20,0.920869,0.906836,0.93464,20,20,0,0
recipe:karlsson_2009,recipe:michon_2019,network,0.318619,0.29928,0.336354,20,0.404382,0.377426,0.429132,20,0,0,0,20,0.404382,0.377426,0.429132,20,20,0,0
recipe:karlsson_2009,recipe:michon_2021,network,0.318619,0.29928,0.336354,20,0.404382,0.377426,0.429132,20,0,0,0,20,0.404382,0.377426,0.429132,20,20,0,0
recipe:karlsson_2009,recipe:mou_2022,network,0.422711,0.372727,0.470513,20,0.714256,0.691618,0.734591,20,0.0563634,0.0390627,0.0758488,20,0.709959,0.687976,0.730002,20,20,0,0
recipe:karlsson_2009,recipe:muessig_2019,network,0.119641,0.107479,0.134176,20,0.149477,0.135037,0.166574,20,0,0,0,20,0.151216,0.136024,0.168894,20,20,0,0
recipe:karlsson_2009,recipe:muessig_2019_ripples,network,0.034385,0.0327751,0.0359799,20,0.780173,0.762901,0.797969,20,0.00607586,0.00537735,0.00677938,20,0.794311,0.776494,0.813123,20,20,0,0
recipe:karlsson_2009,recipe:nadasdy_1999,network,0.554021,0.53744,0.56929,20,0.607359,0.57947,0.636326,20,0.309697,0.273106,0.35137,20,0.630364,0.604419,0.655815,20,20,0,0
recipe:karlsson_2009,recipe:olafsdottir_2015,network,0.401845,0.378521,0.427773,20,0.663738,0.633861,0.694725,20,0.0138366,0.00700717,0.0217754,20,0.663738,0.633861,0.694725,20,20,0,0
recipe:karlsson_2009,recipe:olafsdottir_2015.bayesian_candidates,network,0.439046,0.414539,0.467492,20,0.621886,0.592395,0.654095,20,0.00839947,0.00119048,0.0185847,20,0.621886,0.592395,0.654095,20,20,0,0
recipe:karlsson_2009,recipe:olafsdottir_2016,network,0.458469,0.432743,0.487261,20,0.589659,0.560344,0.621182,20,0.00375,0,0.00958333,20,0.591814,0.561829,0.62331,20,20,0,0
recipe:karlsson_2009,recipe:olafsdottir_2017,network,0.356448,0.340619,0.3721,20,0.697556,0.675233,0.720314,20,0.049861,0.03895,0.0620444,20,0.702323,0.680572,0.724614,20,20,0,0
recipe:karlsson_2009,recipe:olafsdottir_2017.trajectory,network,0.464354,0.439039,0.492793,20,0.589659,0.560344,0.621182,20,0.00402576,0,0.0102254,20,0.591814,0.561829,0.62331,20,20,0,0
recipe:karlsson_2009,recipe:pfeiffer_2013,network,0.479556,0.460239,0.503104,20,0.708528,0.687504,0.728822,20,0.044527,0.030219,0.0599769,20,0.708528,0.687504,0.728822,20,20,0,0
recipe:karlsson_2009,recipe:pfeiffer_2013_ripples,network,0.834159,0.814278,0.848846,20,0.938692,0.929628,0.946979,20,0.421363,0.366635,0.47791,20,0.944495,0.936702,0.952842,20,20,0,0
recipe:karlsson_2009,recipe:pfeiffer_2015,network,0.835694,0.815897,0.851133,20,0.938692,0.929628,0.946979,20,0.425455,0.369315,0.483178,20,0.944495,0.936702,0.952842,20,20,0,0
recipe:karlsson_2009,recipe:shin_2019,network,0.995791,0.99248,0.998734,20,1,1,1,20,0.983327,0.970934,0.994122,20,1,1,1,20,20,0,0
recipe:karlsson_2009,recipe:silva_2015,network,0.465612,0.441001,0.492451,20,0.613372,0.588275,0.638821,20,0.0556504,0.0371446,0.0740535,20,0.613372,0.588275,0.638821,20,20,0,0
recipe:karlsson_2009,recipe:stella_2019,network,0.631766,0.618492,0.645683,20,0.81362,0.795617,0.832975,20,0.272227,0.255222,0.289309,20,0.839935,0.826309,0.854374,20,20,0,0
recipe:karlsson_2009,recipe:tang_2017,network,0.995791,0.99248,0.998734,20,1,1,1,20,0.983327,0.970934,0.994122,20,1,1,1,20,20,0,0
recipe:karlsson_2009,recipe:tirole_2022,network,0.58203,0.560102,0.605277,20,0.727757,0.703327,0.752851,20,0.0190285,0.00677778,0.033731,20,0.727757,0.703327,0.752851,20,20,0,0
recipe:karlsson_2009,recipe:widloski_2025,network,0.622298,0.600945,0.642356,20,0.738478,0.710809,0.766403,20,0.243617,0.192688,0.2991,20,0.733427,0.708091,0.759479,20,20,0,0
recipe:karlsson_2009,recipe:widloski_2025_bursts,network,0.480406,0.459701,0.500214,20,0.590853,0.568343,0.611006,20,0.0329503,0.0146376,0.0524556,20,0.58049,0.556949,0.603018,20,20,0,0
recipe:karlsson_2009,recipe:wikenheiser_2013,network,0.0851788,0.0813376,0.0889545,20,0.647283,0.629387,0.665802,20,0.0128877,0.0114696,0.0144807,20,0.643454,0.62545,0.662285,20,20,0,0
recipe:karlsson_2009,recipe:wu_2014,network,0.206093,0.193636,0.218935,20,0.721121,0.703612,0.738184,20,0.0220427,0.0174255,0.0269359,20,0.722257,0.703887,0.739799,20,20,0,0
recipe:karlsson_2009,recipe:wu_2017,network,0.472455,0.454143,0.491735,20,0.583876,0.564016,0.603767,20,0.0799612,0.0540127,0.107901,20,0.595432,0.576308,0.613669,20,20,0,0
recipe:karlsson_2009,recipe:xu_2019,network,0.474668,0.454093,0.496582,20,0.715566,0.694189,0.736016,20,0.0659277,0.0514678,0.0823201,20,0.715566,0.694189,0.736016,20,20,0,0
recipe:karlsson_2009,recipe:yamamoto_2017,network,0.562878,0.541212,0.58268,20,0.757185,0.732889,0.780804,20,0.0704877,0.0519751,0.0898473,20,0.777486,0.74964,0.804924,20,20,0,0
recipe:karlsson_2009,recipe:yang_2024,network,0.517506,0.491146,0.543106,20,0.650314,0.619889,0.680012,20,0.0166722,0.00539773,0.0293268,20,0.650314,0.619889,0.680012,20,20,0,0
recipe:krause_2022,recipe:krause_2022_hse,network,0.571151,0.542295,0.599253,20,0.738552,0.711369,0.764212,20,0.00138889,0,0.00416667,20,0.737617,0.710924,0.763364,20,20,0,0
recipe:krause_2022,recipe:kudrimoti_1999,network,0.0357899,0.0283097,0.0434241,20,0.0353101,0.0278024,0.0430308,20,0.0323413,0.00625,0.0678571,20,0.0359673,0.0285938,0.0435458,20,20,0,0
recipe:krause_2022,recipe:lee_2002,network,0.0490696,0.0469322,0.0512513,20,0.669156,0.64978,0.686626,20,0.00308402,0.00246632,0.00374102,20,0.66494,0.646238,0.681686,20,20,0,0
recipe:krause_2022,recipe:lee_2002_ripples,network,0.154189,0.13806,0.169466,20,0.117292,0.102598,0.132181,20,0.34372,0.266283,0.422896,20,0.119488,0.10531,0.134188,20,20,0,0
recipe:krause_2022,recipe:liu_2019,network,0.0973083,0.0922243,0.102214,20,0.588812,0.567183,0.61099,20,0.0061134,0.00453044,0.00779912,20,0.580286,0.559986,0.601953,20,20,0,0
recipe:krause_2022,recipe:liu_2019_awake,network,0.0973083,0.0922243,0.102214,20,0.588812,0.567183,0.61099,20,0.0061134,0.00453044,0.00779912,20,0.580286,0.559986,0.601953,20,20,0,0
recipe:krause_2022,recipe:liu_2023,network,0.573802,0.547377,0.598449,20,0.627371,0.596676,0.654521,20,0,0,0,20,0.627371,0.596676,0.654521,20,20,0,0
recipe:krause_2022,recipe:maboudi_2018,network,0.597159,0.571043,0.622662,20,0.748604,0.721378,0.775632,20,0,0,0,20,0.747669,0.720864,0.774323,20,20,0,0
recipe:krause_2022,recipe:maboudi_2018_open_field,network,0.516328,0.495406,0.539429,20,0.725507,0.702592,0.746908,20,0.00299107,0,0.00754464,20,0.725507,0.702592,0.746908,20,20,0,0
recipe:krause_2022,recipe:mallory_2025,network,0.469599,0.445753,0.495032,20,0.728183,0.702812,0.753666,20,0.00526102,0.00185185,0.00950645,20,0.728183,0.702812,0.753666,20,20,0,0
recipe:krause_2022,recipe:mallory_2025_ripples,network,0.779326,0.754796,0.804615,20,0.883119,0.866976,0.899255,20,0.308755,0.242056,0.380714,20,0.891216,0.874225,0.907926,20,20,0,0
recipe:krause_2022,recipe:michon_2019,network,0.372514,0.349085,0.393479,20,0.406856,0.382994,0.42851,20,0,0,0,20,0.406856,0.382994,0.42851,20,20,0,0
recipe:krause_2022,recipe:michon_2021,network,0.372514,0.349085,0.393479,20,0.406856,0.382994,0.42851,20,0,0,0,20,0.406856,0.382994,0.42851,20,20,0,0
recipe:krause_2022,recipe:mou_2022,network,0.428246,0.371182,0.483498,20,0.719127,0.692826,0.742987,20,0.00538552,0.00200413,0.00984389,20,0.715642,0.689147,0.740083,20,20,0,0
recipe:krause_2022,recipe:muessig_2019,network,0.143965,0.131206,0.158678,20,0.157979,0.142809,0.175488,20,0,0,0,20,0.157979,0.142809,0.175488,20,20,0,0
recipe:krause_2022,recipe:muessig_2019_ripples,network,0.0305108,0.0289384,0.0320798,20,0.770662,0.747642,0.793842,20,0.00270521,0.00229058,0.00311453,20,0.776139,0.751969,0.79957,20,20,0,0
recipe:krause_2022,recipe:nadasdy_1999,network,0.554752,0.53246,0.575342,20,0.586002,0.561464,0.609539,20,0.336582,0.262658,0.42062,20,0.601295,0.57555,0.624828,20,20,0,0
recipe:krause_2022,recipe:olafsdottir_2015,network,0.453026,0.428833,0.480251,20,0.697122,0.671102,0.722924,20,0.00682686,0.00243902,0.0120434,20,0.697122,0.671102,0.722924,20,20,0,0
recipe:krause_2022,recipe:olafsdottir_2015.bayesian_candidates,network,0.507834,0.481771,0.53763,20,0.649014,0.620658,0.679028,20,0.0035625,0,0.009125,20,0.649014,0.620658,0.679028,20,20,0,0
recipe:krause_2022,recipe:olafsdottir_2016,network,0.542758,0.512218,0.574679,20,0.619552,0.590699,0.649732,20,0.00454545,0,0.0136364,20,0.620533,0.591878,0.650192,20,20,0,0
recipe:krause_2022,recipe:olafsdottir_2017,network,0.361985,0.344639,0.379363,20,0.736546,0.715146,0.757248,20,0.0072255,0.00350198,0.0111998,20,0.739954,0.718705,0.760262,20,20,0,0
recipe:krause_2022,recipe:olafsdottir_2017.trajectory,network,0.550966,0.521018,0.582067,20,0.619552,0.590699,0.649732,20,0.005,0,0.015,20,0.620533,0.591878,0.650192,20,20,0,0
recipe:krause_2022,recipe:pfeiffer_2013,network,0.516328,0.495406,0.539429,20,0.725507,0.702592,0.746908,20,0.00299107,0,0.00754464,20,0.725507,0.702592,0.746908,20,20,0,0
recipe:krause_2022,recipe:pfeiffer_2013_ripples,network,0.905175,0.889142,0.920642,20,0.933716,0.916382,0.949804,20,0.618466,0.545364,0.692128,20,0.940315,0.923793,0.955631,20,20,0,0
recipe:krause_2022,recipe:pfeiffer_2015,network,0.906912,0.891788,0.922316,20,0.933716,0.916382,0.949804,20,0.625582,0.551327,0.699286,20,0.940315,0.923793,0.955631,20,20,0,0
recipe:krause_2022,recipe:shin_2019,network,0.780728,0.759569,0.800344,20,0.898526,0.884286,0.911244,20,0.294581,0.243819,0.357391,20,0.908277,0.893483,0.921347,20,20,0,0
recipe:krause_2022,recipe:silva_2015,network,0.513734,0.486355,0.541854,20,0.632621,0.607112,0.65848,20,0.00227273,0,0.00681818,20,0.633833,0.608295,0.659245,20,20,0,0
recipe:krause_2022,recipe:stella_2019,network,0.556824,0.543606,0.570295,20,0.770713,0.754685,0.789357,20,0.120117,0.0983932,0.142656,20,0.79098,0.774857,0.809053,20,20,0,0
recipe:krause_2022,recipe:tang_2017,network,0.780728,0.759569,0.800344,20,0.898526,0.884286,0.911244,20,0.294581,0.243819,0.357391,20,0.908277,0.893483,0.921347,20,20,0,0
recipe:krause_2022,recipe:tirole_2022,network,0.681552,0.659215,0.703566,20,0.749445,0.728308,0.769691,20,0,0,0,20,0.749445,0.728308,0.769691,20,20,0,0
recipe:krause_2022,recipe:widloski_2025,network,0.6741,0.652146,0.696542,20,0.726896,0.701333,0.753023,20,0.341251,0.263127,0.423372,20,0.719218,0.695782,0.744103,20,20,0,0
recipe:krause_2022,recipe:widloski_2025_bursts,network,0.551129,0.534163,0.568619,20,0.606605,0.588426,0.623952,20,0,0,0,20,0.594398,0.576589,0.611559,20,20,0,0
recipe:krause_2022,recipe:wikenheiser_2013,network,0.0762895,0.0725581,0.0801515,20,0.635904,0.615146,0.656548,20,0.00425955,0.00331391,0.00523928,20,0.630534,0.607831,0.653012,20,20,0,0
recipe:krause_2022,recipe:wu_2014,network,0.198934,0.184844,0.21332,20,0.738087,0.719857,0.75507,20,0.0038665,0.00238215,0.0055077,20,0.738087,0.719857,0.75507,20,20,0,0
recipe:krause_2022,recipe:wu_2017,network,0.523129,0.502941,0.544033,20,0.610736,0.589854,0.632488,20,0.0228788,0.00833333,0.0424261,20,0.614026,0.593117,0.635213,20,20,0,0
recipe:krause_2022,recipe:xu_2019,network,0.48999,0.466906,0.514781,20,0.729611,0.705998,0.751538,20,0.00358696,0,0.0077811,20,0.729611,0.705998,0.751538,20,20,0,0
recipe:krause_2022,recipe:yamamoto_2017,network,0.605789,0.582847,0.630919,20,0.771517,0.749667,0.794717,20,0.0358324,0.0191446,0.0540335,20,0.785891,0.763215,0.808748,20,20,0,0
recipe:krause_2022,recipe:yang_2024,network,0.593862,0.565347,0.62134,20,0.651714,0.622331,0.679493,20,0,0,0,20,0.651714,0.622331,0.679493,20,20,0,0
recipe:krause_2022_hse,recipe:kudrimoti_1999,network,0.0237566,0.0188899,0.0288412,20,0.0295398,0.0233814,0.0359424,20,0,0,0,20,0.0295398,0.0233814,0.0359424,20,20,0,0
recipe:krause_2022_hse,recipe:lee_2002,network,0.0644612,0.0627594,0.066063,20,0.775387,0.760315,0.792696,20,0.0105254,0.00930386,0.0118564,20,0.772094,0.755302,0.79061,20,20,0,0
recipe:krause_2022_hse,recipe:lee_2002_ripples,network,0.0774095,0.068585,0.0864167,20,0.0972563,0.0854582,0.10903,20,0.0189089,0.0102001,0.0278178,20,0.0965404,0.0850977,0.108262,20,20,0,0
recipe:krause_2022_hse,recipe:liu_2019,network,0.128289,0.124241,0.132048,20,0.678399,0.658211,0.698674,20,0.0238201,0.0206171,0.0271643,20,0.674181,0.655465,0.69255,20,20,0,0
recipe:krause_2022_hse,recipe:liu_2019_awake,network,0.128289,0.124241,0.132048,20,0.678399,0.658211,0.698674,20,0.0238201,0.0206171,0.0271643,20,0.674181,0.655465,0.69255,20,20,0,0
recipe:krause_2022_hse,recipe:liu_2023,network,0.433496,0.407209,0.458361,20,0.534143,0.507643,0.560083,20,0,0,0,20,0.533111,0.507029,0.558767,20,20,0,0
recipe:krause_2022_hse,recipe:maboudi_2018,network,0.930056,0.91527,0.945528,20,0.967915,0.958673,0.977688,20,0.78071,0.725408,0.837412,20,0.967915,0.958673,0.977688,20,20,0,0
recipe:krause_2022_hse,recipe:maboudi_2018_open_field,network,0.550342,0.52515,0.576021,20,0.765769,0.748636,0.783884,20,0.0976597,0.0754106,0.121885,20,0.762674,0.746267,0.78034,20,20,0,0
recipe:krause_2022_hse,recipe:mallory_2025,network,0.551964,0.528413,0.57726,20,0.76907,0.752838,0.785578,20,0.170699,0.144709,0.198717,20,0.767078,0.751286,0.782879,20,20,0,0
recipe:krause_2022_hse,recipe:mallory_2025_ripples,network,0.524233,0.49776,0.550132,20,0.714258,0.69248,0.735935,20,0.0385578,0.0238477,0.0554602,20,0.714258,0.69248,0.735935,20,20,0,0
recipe:krause_2022_hse,recipe:michon_2019,network,0.278909,0.261579,0.295804,20,0.346252,0.322572,0.368279,20,0,0,0,20,0.344447,0.321084,0.365698,20,20,0,0
recipe:krause_2022_hse,recipe:michon_2021,network,0.278909,0.261579,0.295804,20,0.346252,0.322572,0.368279,20,0,0,0,20,0.344447,0.321084,0.365698,20,20,0,0
recipe:krause_2022_hse,recipe:mou_2022,network,0.660659,0.571778,0.747828,20,0.925853,0.902715,0.947601,20,0.330659,0.247394,0.418928,20,0.9219,0.898381,0.945955,20,20,0,0
recipe:krause_2022_hse,recipe:muessig_2019,network,0.11066,0.0990457,0.122282,20,0.136711,0.123357,0.149383,20,0,0,0,20,0.136711,0.123357,0.149383,20,20,0,0
recipe:krause_2022_hse,recipe:muessig_2019_ripples,network,0.032671,0.031349,0.0340247,20,0.744841,0.72366,0.767777,20,0.00293899,0.00254519,0.00335428,20,0.747753,0.726151,0.770756,20,20,0,0
recipe:krause_2022_hse,recipe:nadasdy_1999,network,0.352237,0.334482,0.371761,20,0.475571,0.454781,0.497203,20,0.0026084,0,0.00643631,20,0.472846,0.452058,0.494182,20,20,0,0
recipe:krause_2022_hse,recipe:olafsdottir_2015,network,0.439413,0.417296,0.462191,20,0.702065,0.680098,0.724694,20,0.0251875,0.0159,0.034767,20,0.700125,0.678039,0.722687,20,20,0,0
recipe:krause_2022_hse,recipe:olafsdottir_2015.bayesian_candidates,network,0.473306,0.451318,0.496569,20,0.654035,0.627981,0.6815,20,0.0181528,0.00873248,0.0296457,20,0.65212,0.626272,0.679197,20,20,0,0
recipe:krause_2022_hse,recipe:olafsdottir_2016,network,0.485311,0.456886,0.51413,20,0.620196,0.593891,0.650658,20,0.00303309,0,0.00753676,20,0.617317,0.591213,0.647215,20,20,0,0
recipe:krause_2022_hse,recipe:olafsdottir_2017,network,0.405024,0.386799,0.423936,20,0.749116,0.728708,0.768304,20,0.074748,0.0631407,0.0872762,20,0.747195,0.726787,0.76689,20,20,0,0
recipe:krause_2022_hse,recipe:olafsdottir_2017.trajectory,network,0.491237,0.46271,0.51986,20,0.620196,0.593891,0.650658,20,0.00322581,0,0.00806452,20,0.617317,0.591213,0.647215,20,20,0,0
recipe:krause_2022_hse,recipe:pfeiffer_2013,network,0.550342,0.52515,0.576021,20,0.765769,0.748636,0.783884,20,0.0976597,0.0754106,0.121885,20,0.762674,0.746267,0.78034,20,20,0,0
recipe:krause_2022_hse,recipe:pfeiffer_2013_ripples,network,0.562803,0.535535,0.588533,20,0.745651,0.721058,0.76788,20,0.00125,0,0.00375,20,0.74476,0.720301,0.767189,20,20,0,0
recipe:krause_2022_hse,recipe:pfeiffer_2015,network,0.563428,0.536591,0.58873,20,0.745651,0.721058,0.76788,20,0.00125,0,0.00375,20,0.74476,0.720301,0.767189,20,20,0,0
recipe:krause_2022_hse,recipe:shin_2019,network,0.553719,0.528656,0.579056,20,0.728599,0.706541,0.749744,20,0.106195,0.0781559,0.138327,20,0.727667,0.705564,0.748798,20,20,0,0
recipe:krause_2022_hse,recipe:silva_2015,network,0.517746,0.489095,0.546386,20,0.6631,0.63483,0.691509,20,0.0887083,0.0649953,0.114004,20,0.66113,0.633979,0.688422,20,20,0,0
recipe:krause_2022_hse,recipe:stella_2019,network,0.420878,0.402626,0.438642,20,0.63081,0.610839,0.653172,20,0.0730603,0.0550599,0.093265,20,0.631873,0.612832,0.653216,20,20,0,0
recipe:krause_2022_hse,recipe:tang_2017,network,0.553719,0.528656,0.579056,20,0.728599,0.706541,0.749744,20,0.106195,0.0781559,0.138327,20,0.727667,0.705564,0.748798,20,20,0,0
recipe:krause_2022_hse,recipe:tirole_2022,network,0.547192,0.522204,0.57164,20,0.669785,0.648031,0.690831,20,0.0251601,0.0126994,0.0384454,20,0.668674,0.647551,0.689518,20,20,0,0
recipe:krause_2022_hse,recipe:widloski_2025,network,0.446075,0.423038,0.469053,20,0.59356,0.567889,0.623147,20,0.00320513,0,0.00833333,20,0.586869,0.560689,0.61702,20,20,0,0
recipe:krause_2022_hse,recipe:widloski_2025_bursts,network,0.525241,0.502285,0.549096,20,0.633225,0.602794,0.663333,20,0.0615871,0.0364887,0.087968,20,0.627471,0.595461,0.659054,20,20,0,0
recipe:krause_2022_hse,recipe:wikenheiser_2013,network,0.100692,0.0972908,0.103912,20,0.734649,0.717514,0.751788,20,0.0170312,0.0151859,0.0190358,20,0.731412,0.714419,0.748906,20,20,0,0
recipe:krause_2022_hse,recipe:wu_2014,network,0.249336,0.237187,0.261946,20,0.793454,0.777946,0.80828,20,0.0434234,0.0378054,0.0495497,20,0.79254,0.777061,0.80691,20,20,0,0
recipe:krause_2022_hse,recipe:wu_2017,network,0.546767,0.529141,0.563463,20,0.649502,0.630227,0.670921,20,0.167337,0.132519,0.204087,20,0.650434,0.631158,0.671945,20,20,0,0
recipe:krause_2022_hse,recipe:xu_2019,network,0.549413,0.525165,0.574387,20,0.770413,0.752621,0.788211,20,0.133221,0.112075,0.156137,20,0.768412,0.751034,0.785504,20,20,0,0
recipe:krause_2022_hse,recipe:yamamoto_2017,network,0.517361,0.496362,0.539426,20,0.723613,0.706798,0.740969,20,0.0258272,0.0172058,0.03447,20,0.720281,0.704167,0.737286,20,20,0,0
recipe:krause_2022_hse,recipe:yang_2024,network,0.439482,0.415548,0.462514,20,0.538423,0.512501,0.565831,20,0.0148817,0.00494118,0.0261954,20,0.536458,0.510818,0.563966,20,20,0,0
recipe:kudrimoti_1999,recipe:lee_2002,network,0.00180242,0.00145692,0.0021602,20,0.0249477,0.0193669,0.0311612,20,0.000147659,3.67918e-05,0.000291869,20,0.0243677,0.0190733,0.0300042,20,20,0,0
recipe:kudrimoti_1999,recipe:lee_2002_ripples,network,0.116063,0.0918266,0.140082,20,0.20449,0.155038,0.253003,20,0.0409764,0.0162338,0.0687013,20,0.20449,0.155038,0.253003,20,20,0,0
recipe:kudrimoti_1999,recipe:liu_2019,network,0.00361375,0.00289251,0.00434864,20,0.0224894,0.017745,0.0280183,20,0.000476282,9.96016e-05,0.000859859,20,0.0209014,0.0164212,0.0259589,20,20,0,0
recipe:kudrimoti_1999,recipe:liu_2019_awake,network,0.00361375,0.00289251,0.00434864,20,0.0224894,0.017745,0.0280183,20,0.000476282,9.96016e-05,0.000859859,20,0.0209014,0.0164212,0.0259589,20,20,0,0
recipe:kudrimoti_1999,recipe:liu_2023,network,0.04066,0.03073,0.0515846,20,0.0411443,0.0311528,0.0521951,20,0,0,0,8,0.0411443,0.0311528,0.0521951,20,20,0,0
recipe:kudrimoti_1999,recipe:maboudi_2018,network,0.0254291,0.0201659,0.0308614,20,0.0304801,0.0241222,0.0370793,20,0,0,0,20,0.0304801,0.0241222,0.0370793,20,20,0,0
recipe:kudrimoti_1999,recipe:maboudi_2018_open_field,network,0.0223969,0.017518,0.0279689,20,0.0310277,0.0242869,0.0383537,20,0,0,0,20,0.0316681,0.0247219,0.038921,20,20,0,0
recipe:kudrimoti_1999,recipe:mallory_2025,network,0.0201273,0.0158823,0.0244746,20,0.0312542,0.0245188,0.0382986,20,0,0,0,20,0.0312542,0.0245188,0.0382986,20,20,0,0
recipe:kudrimoti_1999,recipe:mallory_2025_ripples,network,0.0339511,0.0268804,0.0407458,20,0.0359089,0.0280198,0.0446099,20,0.0226594,0.00882353,0.0384484,20,0.0365662,0.0287347,0.045289,20,20,0,0
recipe:kudrimoti_1999,recipe:michon_2019,network,0.0831463,0.0672278,0.0991384,20,0.0843079,0.0684416,0.100124,20,0,0,0,7,0.0843079,0.0684416,0.100124,20,20,0,0
recipe:kudrimoti_1999,recipe:michon_2021,network,0.0831463,0.0672278,0.0991384,20,0.0843079,0.0684416,0.100124,20,0,0,0,7,0.0843079,0.0684416,0.100124,20,20,0,0
recipe:kudrimoti_1999,recipe:mou_2022,network,0.0190786,0.0132822,0.0258053,20,0.0287866,0.0224356,0.0358348,20,0,0,0,20,0.028255,0.0218391,0.0352419,20,20,0,0
recipe:kudrimoti_1999,recipe:muessig_2019,network,0.0512569,0.0288817,0.0766905,20,0.0525117,0.0296315,0.0786563,20,0,0,0,7,0.0563212,0.0312987,0.0831387,20,20,0,0
recipe:kudrimoti_1999,recipe:muessig_2019_ripples,network,0.00123193,0.000981537,0.0014664,20,0.0274194,0.0211855,0.0340566,20,0.000197491,6.63994e-05,0.00033022,20,0.0299489,0.0236153,0.0369418,20,20,0,0
recipe:kudrimoti_1999,recipe:nadasdy_1999,network,0.0530842,0.0419425,0.0638183,20,0.055273,0.0446133,0.0668662,20,0.036631,0.0141288,0.0609476,20,0.056375,0.0450069,0.0685541,20,20,0,0
recipe:kudrimoti_1999,recipe:olafsdottir_2015,network,0.0209738,0.0160404,0.0261786,20,0.0328099,0.0255612,0.0404067,20,0,0,0,20,0.0335342,0.026506,0.0408554,20,20,0,0
recipe:kudrimoti_1999,recipe:olafsdottir_2015.bayesian_candidates,network,0.0264562,0.0196717,0.0341823,20,0.0334439,0.0250511,0.0427311,20,0,0,0,20,0.0342128,0.026039,0.0433072,20,20,0,0
recipe:kudrimoti_1999,recipe:olafsdottir_2016,network,0.0333219,0.0254505,0.04173,20,0.0357278,0.0267275,0.0452995,20,0,0,0,20,0.0374524,0.0288712,0.0464981,20,20,0,0
recipe:kudrimoti_1999,recipe:olafsdottir_2017,network,0.0146271,0.0115573,0.0177883,20,0.030996,0.0235997,0.0387266,20,0,0,0,20,0.0322533,0.0250222,0.0397745,20,20,0,0
recipe:kudrimoti_1999,recipe:olafsdottir_2017.trajectory,network,0.0340594,0.0260717,0.0426282,20,0.0357278,0.0267275,0.0452995,20,0,0,0,19,0.0374524,0.0288712,0.0464981,20,20,0,0
recipe:kudrimoti_1999,recipe:pfeiffer_2013,network,0.0223969,0.017518,0.0279689,20,0.0310277,0.0242869,0.0383537,20,0,0,0,20,0.0316681,0.0247219,0.038921,20,20,0,0
recipe:kudrimoti_1999,recipe:pfeiffer_2013_ripples,network,0.0354161,0.0279631,0.0429002,20,0.0344404,0.0271755,0.0423905,20,0.0387307,0.0153761,0.0649868,20,0.0344404,0.0271755,0.0423905,20,20,0,0
recipe:kudrimoti_1999,recipe:pfeiffer_2015,network,0.0354709,0.0279768,0.0429556,20,0.0344404,0.0271755,0.0423905,20,0.039326,0.0156517,0.065778,20,0.0344404,0.0271755,0.0423905,20,20,0,0
recipe:kudrimoti_1999,recipe:shin_2019,network,0.0329747,0.0260052,0.0399388,20,0.0360556,0.028362,0.0445298,20,0.0208378,0.00841785,0.0347467,20,0.0360556,0.028362,0.0445298,20,20,0,0
recipe:kudrimoti_1999,recipe:silva_2015,network,0.0289564,0.022413,0.0363599,20,0.0353138,0.0270307,0.0445594,20,0,0,0,20,0.0361896,0.0276074,0.0453939,20,20,0,0
recipe:kudrimoti_1999,recipe:stella_2019,network,0.0299414,0.0235611,0.0363343,20,0.0417098,0.0327729,0.0513469,20,0.0100599,0.00400142,0.0167433,20,0.0417098,0.0327729,0.0513469,20,20,0,0
recipe:kudrimoti_1999,recipe:tang_2017,network,0.0329747,0.0260052,0.0399388,20,0.0360556,0.028362,0.0445298,20,0.0208378,0.00841785,0.0347467,20,0.0360556,0.028362,0.0445298,20,20,0,0
recipe:kudrimoti_1999,recipe:tirole_2022,network,0.0405839,0.0319742,0.0501056,20,0.0415435,0.0326119,0.0513477,20,0,0,0,14,0.0415435,0.0326119,0.0513477,20,20,0,0
recipe:kudrimoti_1999,recipe:widloski_2025,network,0.047411,0.0376064,0.0566647,20,0.0478627,0.0379516,0.0584422,20,0.0451972,0.0170389,0.0781517,20,0.0440304,0.0343357,0.0543269,20,20,0,0
recipe:kudrimoti_1999,recipe:widloski_2025_bursts,network,0.0406418,0.0306065,0.0515806,20,0.0418913,0.0317093,0.0527765,20,0,0,0,14,0.0358803,0.0257017,0.0467175,20,20,0,0
recipe:kudrimoti_1999,recipe:wikenheiser_2013,network,0.00317858,0.00252666,0.0038204,20,0.0244112,0.0191979,0.0300459,20,0.00050586,0.000195149,0.000852831,20,0.0244112,0.0191979,0.0300459,20,20,0,0
recipe:kudrimoti_1999,recipe:wu_2014,network,0.00741825,0.00592155,0.00887597,20,0.0287386,0.0228458,0.0349277,20,0,0,0,20,0.0294213,0.0229982,0.0364355,20,20,0,0
recipe:kudrimoti_1999,recipe:wu_2017,network,0.0282889,0.0215885,0.035779,20,0.0321849,0.0247222,0.0404764,20,0,0,0,20,0.0342261,0.026047,0.0427767,20,20,0,0
recipe:kudrimoti_1999,recipe:xu_2019,network,0.0203611,0.0160305,0.0249402,20,0.030202,0.0234691,0.037097,20,0,0,0,20,0.0308593,0.0242248,0.037874,20,20,0,0
recipe:kudrimoti_1999,recipe:yamamoto_2017,network,0.0303887,0.0230597,0.0382045,20,0.0356163,0.0275466,0.0435557,20,0,0,0,20,0.0392417,0.0309921,0.0483786,20,20,0,0
recipe:kudrimoti_1999,recipe:yang_2024,network,0.048303,0.0375907,0.0588444,20,0.0491918,0.0383809,0.0601825,20,0,0,0,11,0.0491918,0.0383809,0.0601825,20,20,0,0
recipe:lee_2002,recipe:lee_2002_ripples,network,0.00820247,0.00743683,0.00899576,20,0.080086,0.0690273,0.0909763,20,0.00282287,0.00219546,0.00351559,20,0.0809213,0.070942,0.0912213,20,20,0,0
recipe:lee_2002,recipe:liu_2019,network,0.395426,0.387681,0.403233,20,0.832106,0.81501,0.849131,20,0.358836,0.351754,0.366157,20,0.829346,0.811681,0.846608,20,20,0,0
recipe:lee_2002,recipe:liu_2019_awake,network,0.395426,0.387681,0.403233,20,0.832106,0.81501,0.849131,20,0.358836,0.351754,0.366157,20,0.829346,0.811681,0.846608,20,20,0,0
recipe:lee_2002,recipe:liu_2023,network,0.0311069,0.0292703,0.0327779,20,0.451411,0.428993,0.471555,20,3.75657e-05,0,0.000112697,20,0.449996,0.426513,0.470453,20,20,0,0
recipe:lee_2002,recipe:maboudi_2018,network,0.0617064,0.0600426,0.0633239,20,0.761859,0.747663,0.777775,20,0.00883907,0.00779268,0.00991852,20,0.758571,0.742812,0.775662,20,20,0,0
recipe:lee_2002,recipe:maboudi_2018_open_field,network,0.0650443,0.0628404,0.0673152,20,0.718986,0.701141,0.736664,20,0.0161296,0.0148858,0.0173622,20,0.717217,0.700022,0.734156,20,20,0,0
recipe:lee_2002,recipe:mallory_2025,network,0.0736754,0.0709489,0.0762655,20,0.739684,0.723233,0.755709,20,0.0238978,0.0215465,0.0263453,20,0.736902,0.721054,0.751763,20,20,0,0
recipe:lee_2002,recipe:mallory_2025_ripples,network,0.0518647,0.0497569,0.0538572,20,0.656419,0.639752,0.67323,20,0.00648449,0.00567365,0.00732186,20,0.652934,0.636663,0.66967,20,20,0,0
recipe:lee_2002,recipe:michon_2019,network,0.0191338,0.0178853,0.0203949,20,0.280554,0.261041,0.299443,20,0,0,0,20,0.277888,0.258738,0.296619,20,20,0,0
recipe:lee_2002,recipe:michon_2021,network,0.0191338,0.0178853,0.0203949,20,0.280554,0.261041,0.299443,20,0,0,0,20,0.277888,0.258738,0.296619,20,20,0,0
recipe:lee_2002,recipe:mou_2022,network,0.0853161,0.0739708,0.0968616,20,0.805708,0.781795,0.826331,20,0.0309548,0.021043,0.0414549,20,0.805764,0.7814,0.82817,20,20,0,0
recipe:lee_2002,recipe:muessig_2019,network,0.00765093,0.00687903,0.00845221,20,0.112432,0.100952,0.12364,20,0,0,0,20,0.112432,0.100952,0.12364,20,20,0,0
recipe:lee_2002,recipe:muessig_2019_ripples,network,0.0969341,0.0946334,0.0992572,20,0.737711,0.719917,0.755326,20,0.075667,0.0729226,0.0785201,20,0.756812,0.741118,0.772786,20,20,0,0
recipe:lee_2002,recipe:nadasdy_1999,network,0.0317016,0.0305571,0.0328178,20,0.42948,0.410392,0.449701,20,0.00247808,0.00182051,0.00319514,20,0.43064,0.412371,0.448796,20,20,0,0
recipe:lee_2002,recipe:olafsdottir_2015,network,0.0698973,0.0661776,0.0735903,20,0.653192,0.634799,0.673246,20,0.0259954,0.0228583,0.0290059,20,0.650718,0.632784,0.669899,20,20,0,0
recipe:lee_2002,recipe:olafsdottir_2015.bayesian_candidates,network,0.0509355,0.0480964,0.0537239,20,0.59066,0.570931,0.611151,20,0.0106418,0.00897886,0.0125109,20,0.589056,0.569501,0.610001,20,20,0,0
recipe:lee_2002,recipe:olafsdottir_2016,network,0.0389398,0.0367681,0.0411434,20,0.550461,0.529223,0.573145,20,0.00131668,0.000897843,0.0017515,20,0.547956,0.526726,0.571088,20,20,0,0
recipe:lee_2002,recipe:olafsdottir_2017,network,0.0946104,0.091834,0.0975399,20,0.726433,0.707991,0.742962,20,0.0475175,0.0448096,0.0503187,20,0.72305,0.703112,0.740377,20,20,0,0
recipe:lee_2002,recipe:olafsdottir_2017.trajectory,network,0.0389758,0.0368092,0.0411639,20,0.550461,0.529223,0.573145,20,0.00131825,0.000898879,0.00175363,20,0.547956,0.526726,0.571088,20,20,0,0
recipe:lee_2002,recipe:pfeiffer_2013,network,0.0650443,0.0628404,0.0673152,20,0.718986,0.701141,0.736664,20,0.0161296,0.0148858,0.0173622,20,0.717217,0.700022,0.734156,20,20,0,0
recipe:lee_2002,recipe:pfeiffer_2013_ripples,network,0.0520566,0.0497672,0.0543307,20,0.692854,0.673317,0.711725,20,0.0038673,0.00329076,0.00450579,20,0.689563,0.669739,0.708599,20,20,0,0
recipe:lee_2002,recipe:pfeiffer_2015,network,0.0520619,0.0497778,0.0543381,20,0.692854,0.673317,0.711725,20,0.00386793,0.00329117,0.00450624,20,0.689563,0.669739,0.708599,20,20,0,0
recipe:lee_2002,recipe:shin_2019,network,0.0528365,0.0508795,0.0547956,20,0.668628,0.653083,0.68373,20,0.00691242,0.00636259,0.00744964,20,0.665253,0.650372,0.67994,20,20,0,0
recipe:lee_2002,recipe:silva_2015,network,0.0475988,0.0455366,0.0496404,20,0.59102,0.56838,0.612977,20,0.00697473,0.00572746,0.00826568,20,0.590251,0.567877,0.611836,20,20,0,0
recipe:lee_2002,recipe:stella_2019,network,0.0456997,0.0442732,0.0471989,20,0.571116,0.554954,0.588987,20,0.00686723,0.00608962,0.00763516,20,0.575681,0.559332,0.593151,20,20,0,0
recipe:lee_2002,recipe:tang_2017,network,0.0528365,0.0508795,0.0547956,20,0.668628,0.653083,0.68373,20,0.00691242,0.00636259,0.00744964,20,0.665253,0.650372,0.67994,20,20,0,0
recipe:lee_2002,recipe:tirole_2022,network,0.0381695,0.036529,0.039808,20,0.548977,0.526799,0.570709,20,0.0005209,0.000295136,0.000773253,20,0.546109,0.52367,0.568132,20,20,0,0
recipe:lee_2002,recipe:widloski_2025,network,0.0389903,0.0374048,0.0405685,20,0.519055,0.497808,0.543311,20,0.0034863,0.00288022,0.00411123,20,0.513724,0.493515,0.537506,20,20,0,0
recipe:lee_2002,recipe:widloski_2025_bursts,network,0.0361629,0.0347572,0.0376278,20,0.514667,0.487754,0.540516,20,0.000926574,0.000552119,0.00138177,20,0.512151,0.486197,0.53785,20,20,0,0
recipe:lee_2002,recipe:wikenheiser_2013,network,0.415421,0.40739,0.424259,20,0.857587,0.842107,0.873115,20,0.37498,0.366659,0.383934,20,0.866185,0.851899,0.879597,20,20,0,0
recipe:lee_2002,recipe:wu_2014,network,0.183095,0.176519,0.18912,20,0.829176,0.816702,0.841271,20,0.13482,0.127459,0.141303,20,0.829176,0.817081,0.840708,20,20,0,0
recipe:lee_2002,recipe:wu_2017,network,0.0381963,0.0365247,0.0397919,20,0.516089,0.500846,0.530963,20,0.00256088,0.00178914,0.00340691,20,0.516179,0.501566,0.530722,20,20,0,0
recipe:lee_2002,recipe:xu_2019,network,0.0665888,0.0643902,0.0688483,20,0.733791,0.715519,0.751584,20,0.0170682,0.0152262,0.0191571,20,0.732007,0.714248,0.748715,20,20,0,0
recipe:lee_2002,recipe:yamamoto_2017,network,0.0422501,0.040009,0.0444869,20,0.59688,0.575517,0.617123,20,0.00137441,0.00086639,0.00197012,20,0.597064,0.576419,0.616968,20,20,0,0
recipe:lee_2002,recipe:yang_2024,network,0.0316135,0.029869,0.033188,20,0.459035,0.438386,0.480122,20,0.000259368,0.00011016,0.000439266,20,0.454556,0.434125,0.475269,20,20,0,0
recipe:lee_2002_ripples,recipe:liu_2019,network,0.0184706,0.0162878,0.0208821,20,0.0748709,0.0648416,0.0855428,20,0.00801907,0.00618937,0.0100345,20,0.0726952,0.0631892,0.0836216,20,20,0,0
recipe:lee_2002_ripples,recipe:liu_2019_awake,network,0.0184706,0.0162878,0.0208821,20,0.0748709,0.0648416,0.0855428,20,0.00801907,0.00618937,0.0100345,20,0.0726952,0.0631892,0.0836216,20,20,0,0
recipe:lee_2002_ripples,recipe:liu_2023,network,0.110299,0.0931197,0.127299,20,0.133931,0.112466,0.155561,20,0,0,0,20,0.136511,0.114306,0.158693,20,20,0,0
recipe:lee_2002_ripples,recipe:maboudi_2018,network,0.0803871,0.0715116,0.0895733,20,0.100452,0.0881766,0.112901,20,0.0124464,0.00408125,0.0220667,20,0.0997047,0.0877324,0.112009,20,20,0,0
recipe:lee_2002_ripples,recipe:maboudi_2018_open_field,network,0.0732929,0.0637929,0.0828397,20,0.10614,0.0910941,0.121266,20,0.00850554,0.00138889,0.0197763,20,0.107506,0.0926538,0.122099,20,20,0,0
recipe:lee_2002_ripples,recipe:mallory_2025,network,0.0693726,0.0603464,0.0792451,20,0.102715,0.0884671,0.11642,20,0.0189493,0.00986346,0.0316035,20,0.104045,0.0897117,0.117694,20,20,0,0
recipe:lee_2002_ripples,recipe:mallory_2025_ripples,network,0.177502,0.161352,0.193229,20,0.117312,0.103135,0.130816,20,0.388739,0.324474,0.454737,20,0.119732,0.105836,0.133067,20,20,0,0
recipe:lee_2002_ripples,recipe:michon_2019,network,0.184795,0.16291,0.208114,20,0.250497,0.22219,0.282926,20,0,0,0,20,0.250497,0.22219,0.282926,20,20,0,0
recipe:lee_2002_ripples,recipe:michon_2021,network,0.184795,0.16291,0.208114,20,0.250497,0.22219,0.282926,20,0,0,0,20,0.250497,0.22219,0.282926,20,20,0,0
recipe:lee_2002_ripples,recipe:mou_2022,network,0.0612656,0.0515081,0.071585,20,0.093708,0.0818015,0.105337,20,0.0145663,0.00767338,0.0232867,20,0.0919673,0.0801369,0.10387,20,20,0,0
recipe:lee_2002_ripples,recipe:muessig_2019,network,0.0695385,0.0502867,0.0900804,20,0.111512,0.0812313,0.143833,20,0,0,0,20,0.121936,0.0905717,0.155313,20,20,0,0
recipe:lee_2002_ripples,recipe:muessig_2019_ripples,network,0.00754294,0.00692572,0.00819027,20,0.0901074,0.0788593,0.100804,20,0.00423579,0.0037855,0.00475308,20,0.0978823,0.0862257,0.109414,20,20,0,0
recipe:lee_2002_ripples,recipe:nadasdy_1999,network,0.221251,0.199808,0.243788,20,0.175363,0.154452,0.197632,20,0.327931,0.272758,0.389616,20,0.182165,0.160603,0.203434,20,20,0,0
recipe:lee_2002_ripples,recipe:olafsdottir_2015,network,0.0642846,0.0537459,0.0754579,20,0.104561,0.0880528,0.121811,20,0.00683023,0.00268707,0.0119904,20,0.106798,0.090474,0.124156,20,20,0,0
recipe:lee_2002_ripples,recipe:olafsdottir_2015.bayesian_candidates,network,0.0783047,0.0632902,0.0937938,20,0.108206,0.0878366,0.128459,20,0.00647635,0,0.0147847,20,0.10976,0.0901271,0.129856,20,20,0,0
recipe:lee_2002_ripples,recipe:olafsdottir_2016,network,0.0880327,0.0715178,0.105505,20,0.111108,0.0888262,0.134289,20,0,0,0,20,0.116348,0.0959958,0.13789,20,20,0,0
recipe:lee_2002_ripples,recipe:olafsdottir_2017,network,0.049405,0.0434102,0.0562371,20,0.0986748,0.0838475,0.114406,20,0.00814444,0.003327,0.0140479,20,0.105789,0.0908725,0.122201,20,20,0,0
recipe:lee_2002_ripples,recipe:olafsdottir_2017.trajectory,network,0.0898668,0.0727293,0.107578,20,0.111108,0.0888262,0.134289,20,0,0,0,20,0.116348,0.0959958,0.13789,20,20,0,0
recipe:lee_2002_ripples,recipe:pfeiffer_2013,network,0.0732929,0.0637929,0.0828397,20,0.10614,0.0910941,0.121266,20,0.00850554,0.00138889,0.0197763,20,0.107506,0.0926538,0.122099,20,20,0,0
recipe:lee_2002_ripples,recipe:pfeiffer_2013_ripples,network,0.174861,0.157451,0.192176,20,0.111898,0.0979407,0.126301,20,0.499828,0.415629,0.586508,20,0.112668,0.0987126,0.126766,20,20,0,0
recipe:lee_2002_ripples,recipe:pfeiffer_2015,network,0.173644,0.156926,0.190382,20,0.111898,0.0979407,0.126301,20,0.494603,0.413079,0.577344,20,0.112668,0.0987126,0.126766,20,20,0,0
recipe:lee_2002_ripples,recipe:shin_2019,network,0.165111,0.150042,0.180373,20,0.11735,0.103257,0.131728,20,0.313317,0.2624,0.373202,20,0.118133,0.103971,0.132209,20,20,0,0
recipe:lee_2002_ripples,recipe:silva_2015,network,0.0873105,0.0748988,0.100326,20,0.114098,0.0971232,0.13239,20,0.0135226,0.00476073,0.024241,20,0.115896,0.0989281,0.133934,20,20,0,0
recipe:lee_2002_ripples,recipe:stella_2019,network,0.140468,0.127328,0.153885,20,0.132471,0.11647,0.147647,20,0.144958,0.122396,0.169246,20,0.137122,0.120994,0.152724,20,20,0,0
recipe:lee_2002_ripples,recipe:tang_2017,network,0.165111,0.150042,0.180373,20,0.11735,0.103257,0.131728,20,0.313317,0.2624,0.373202,20,0.118133,0.103971,0.132209,20,20,0,0
recipe:lee_2002_ripples,recipe:tirole_2022,network,0.115456,0.101476,0.130062,20,0.134778,0.117576,0.153617,20,0.00972222,0,0.025,20,0.134778,0.117576,0.153617,20,20,0,0
recipe:lee_2002_ripples,recipe:widloski_2025,network,0.272304,0.255717,0.289843,20,0.151257,0.131735,0.170399,20,0.720714,0.66014,0.784209,20,0.145436,0.126917,0.164447,20,20,0,0
recipe:lee_2002_ripples,recipe:widloski_2025_bursts,network,0.113471,0.10054,0.125688,20,0.130607,0.114169,0.146011,20,0.00416667,0,0.0125,20,0.119529,0.105847,0.134303,20,20,0,0
recipe:lee_2002_ripples,recipe:wikenheiser_2013,network,0.0155127,0.0140085,0.0172931,20,0.0802067,0.070494,0.0898808,20,0.00640811,0.00528184,0.00761847,20,0.0790643,0.0691414,0.0889599,20,20,0,0
recipe:lee_2002_ripples,recipe:wu_2014,network,0.0280011,0.0246588,0.0314169,20,0.0940852,0.0822362,0.106232,20,0.00507896,0.00282379,0.00782805,20,0.0951792,0.0831846,0.107369,20,20,0,0
recipe:lee_2002_ripples,recipe:wu_2017,network,0.0883557,0.0769176,0.100452,20,0.110336,0.0941595,0.128038,20,0.0173763,0.00526316,0.031905,20,0.114173,0.0977015,0.132587,20,20,0,0
recipe:lee_2002_ripples,recipe:xu_2019,network,0.0674844,0.0596299,0.0756629,20,0.101331,0.0871215,0.115204,20,0.00995769,0.00236051,0.0203631,20,0.103494,0.0893515,0.117147,20,20,0,0
recipe:lee_2002_ripples,recipe:yamamoto_2017,network,0.0923494,0.0836532,0.101123,20,0.11091,0.0973452,0.124121,20,0.027091,0.0147383,0.0414448,20,0.122484,0.108141,0.136755,20,20,0,0
recipe:lee_2002_ripples,recipe:yang_2024,network,0.12663,0.111481,0.141039,20,0.150031,0.132435,0.166926,20,0.0220455,0.005,0.0448949,20,0.151263,0.133691,0.167951,20,20,0,0
recipe:liu_2019,recipe:liu_2019_awake,network,1,1,1,20,1,1,1,20,1,1,1,20,1,1,1,20,20,0,0
recipe:liu_2019,recipe:liu_2023,network,0.062682,0.05862,0.0666084,20,0.413751,0.389559,0.436775,20,0,0,0,20,0.407187,0.382027,0.43076,20,20,0,0
recipe:liu_2019,recipe:maboudi_2018,network,0.121993,0.117946,0.125594,20,0.66532,0.646024,0.685243,20,0.0194148,0.0169113,0.0219976,20,0.660346,0.642502,0.67874,20,20,0,0
recipe:liu_2019,recipe:maboudi_2018_open_field,network,0.126341,0.121023,0.131351,20,0.628597,0.606727,0.651824,20,0.0317035,0.0281074,0.0352906,20,0.620485,0.600316,0.641903,20,20,0,0
recipe:liu_2019,recipe:mallory_2025,network,0.143862,0.137951,0.149256,20,0.642357,0.620163,0.66535,20,0.0493202,0.0436952,0.0547651,20,0.635523,0.614724,0.655564,20,20,0,0
recipe:liu_2019,recipe:mallory_2025_ripples,network,0.105565,0.10035,0.110651,20,0.589869,0.572853,0.606605,20,0.015772,0.0132844,0.0183092,20,0.580628,0.563245,0.59719,20,20,0,0
recipe:liu_2019,recipe:michon_2019,network,0.0375379,0.0347689,0.0402515,20,0.251832,0.234296,0.270224,20,0,0,0,20,0.243948,0.228525,0.259492,20,20,0,0
recipe:liu_2019,recipe:michon_2021,network,0.0375379,0.0347689,0.0402515,20,0.251832,0.234296,0.270224,20,0,0,0,20,0.243948,0.228525,0.259492,20,20,0,0
recipe:liu_2019,recipe:mou_2022,network,0.167709,0.146432,0.189649,20,0.711404,0.683161,0.738788,20,0.0666223,0.045407,0.088236,20,0.708018,0.680409,0.734241,20,20,0,0
recipe:liu_2019,recipe:muessig_2019,network,0.0154445,0.0138769,0.0171556,20,0.106453,0.0952533,0.11854,20,0,0,0,20,0.105895,0.0943471,0.117997,20,20,0,0
recipe:liu_2019,recipe:muessig_2019_ripples,network,0.119103,0.116464,0.121702,20,0.674601,0.659158,0.690776,20,0.0928262,0.0898508,0.0956611,20,0.675399,0.661001,0.689868,20,20,0,0
recipe:liu_2019,recipe:nadasdy_1999,network,0.0655544,0.0619108,0.0691526,20,0.396274,0.3737,0.420461,20,0.00697529,0.00544227,0.00876396,20,0.383933,0.362293,0.406788,20,20,0,0
recipe:liu_2019,recipe:olafsdottir_2015,network,0.136738,0.1306,0.142992,20,0.575744,0.554329,0.597818,20,0.0538799,0.0475293,0.0598061,20,0.566288,0.544964,0.588143,20,20,0,0
recipe:liu_2019,recipe:olafsdottir_2015.bayesian_candidates,network,0.101434,0.096542,0.106576,20,0.527789,0.507384,0.549309,20,0.0224505,0.0186121,0.0263777,20,0.517946,0.496653,0.540082,20,20,0,0
recipe:liu_2019,recipe:olafsdottir_2016,network,0.0771518,0.0728898,0.0813904,20,0.489474,0.468812,0.511662,20,0.00264033,0.00177483,0.00359774,20,0.480639,0.459795,0.503674,20,20,0,0
recipe:liu_2019,recipe:olafsdottir_2017,network,0.176516,0.171059,0.182389,20,0.631413,0.607441,0.655132,20,0.0913414,0.0859476,0.0966017,20,0.622509,0.598962,0.646446,20,20,0,0
recipe:liu_2019,recipe:olafsdottir_2017.trajectory,network,0.0773132,0.0730446,0.081562,20,0.489474,0.468812,0.511662,20,0.00264752,0.00177988,0.00360598,20,0.480639,0.459795,0.503674,20,20,0,0
recipe:liu_2019,recipe:pfeiffer_2013,network,0.126341,0.121023,0.131351,20,0.628597,0.606727,0.651824,20,0.0317035,0.0281074,0.0352906,20,0.620485,0.600316,0.641903,20,20,0,0
recipe:liu_2019,recipe:pfeiffer_2013_ripples,network,0.104771,0.100071,0.10975,20,0.620354,0.602896,0.639081,20,0.00880174,0.00721796,0.0103833,20,0.611737,0.593426,0.630174,20,20,0,0
recipe:liu_2019,recipe:pfeiffer_2015,network,0.104796,0.100078,0.109772,20,0.620354,0.602896,0.639081,20,0.00880527,0.00721796,0.0103911,20,0.611737,0.593426,0.630174,20,20,0,0
recipe:liu_2019,recipe:shin_2019,network,0.106735,0.101866,0.111393,20,0.596971,0.578756,0.617204,20,0.0162074,0.0146214,0.0177872,20,0.590785,0.572648,0.609689,20,20,0,0
recipe:liu_2019,recipe:silva_2015,network,0.0944718,0.0899417,0.0988382,20,0.528875,0.504506,0.554615,20,0.0141797,0.0112986,0.0172072,20,0.522513,0.499398,0.54594,20,20,0,0
recipe:liu_2019,recipe:stella_2019,network,0.0934015,0.0889799,0.0976814,20,0.527327,0.506721,0.547744,20,0.0166012,0.014657,0.0186401,20,0.517473,0.495968,0.539222,20,20,0,0
recipe:liu_2019,recipe:tang_2017,network,0.106735,0.101866,0.111393,20,0.596971,0.578756,0.617204,20,0.0162074,0.0146214,0.0177872,20,0.590785,0.572648,0.609689,20,20,0,0
recipe:liu_2019,recipe:tirole_2022,network,0.0766966,0.0735158,0.0797087,20,0.494474,0.475427,0.51356,20,0.00111382,0.000551865,0.00176432,20,0.482948,0.465034,0.501309,20,20,0,0
recipe:liu_2019,recipe:widloski_2025,network,0.0811355,0.0776847,0.0847852,20,0.472176,0.449351,0.499208,20,0.00868103,0.00736881,0.0101201,20,0.465353,0.442515,0.492068,20,20,0,0
recipe:liu_2019,recipe:widloski_2025_bursts,network,0.0746902,0.072007,0.077405,20,0.47432,0.450967,0.499889,20,0.00184397,0.00104873,0.00276036,20,0.471475,0.447032,0.497716,20,20,0,0
recipe:liu_2019,recipe:wikenheiser_2013,network,0.551855,0.544663,0.558413,20,0.807423,0.787163,0.826291,20,0.503823,0.497841,0.509528,20,0.810154,0.789593,0.829718,20,20,0,0
recipe:liu_2019,recipe:wu_2014,network,0.299492,0.289894,0.309242,20,0.711943,0.691514,0.731175,20,0.223963,0.212425,0.23512,20,0.708717,0.687576,0.728799,20,20,0,0
recipe:liu_2019,recipe:wu_2017,network,0.0772303,0.073359,0.0809202,20,0.467462,0.45135,0.483048,20,0.0060791,0.00441207,0.00796517,20,0.461885,0.444986,0.478036,20,20,0,0
recipe:liu_2019,recipe:xu_2019,network,0.129143,0.124058,0.134166,20,0.63815,0.615132,0.662631,20,0.0344233,0.0298442,0.0395278,20,0.631401,0.610628,0.652792,20,20,0,0
recipe:liu_2019,recipe:yamamoto_2017,network,0.0850774,0.0806165,0.089491,20,0.538971,0.519039,0.561065,20,0.00378517,0.00230745,0.00547415,20,0.528631,0.508635,0.549246,20,20,0,0
recipe:liu_2019,recipe:yang_2024,network,0.0633477,0.0595013,0.0669315,20,0.415978,0.395014,0.438109,20,0.000371087,9.09091e-05,0.000744031,20,0.406529,0.386255,0.428402,20,20,0,0
recipe:liu_2019_awake,recipe:liu_2023,network,0.062682,0.05862,0.0666084,20,0.413751,0.389559,0.436775,20,0,0,0,20,0.407187,0.382027,0.43076,20,20,0,0
recipe:liu_2019_awake,recipe:maboudi_2018,network,0.121993,0.117946,0.125594,20,0.66532,0.646024,0.685243,20,0.0194148,0.0169113,0.0219976,20,0.660346,0.642502,0.67874,20,20,0,0
recipe:liu_2019_awake,recipe:maboudi_2018_open_field,network,0.126341,0.121023,0.131351,20,0.628597,0.606727,0.651824,20,0.0317035,0.0281074,0.0352906,20,0.620485,0.600316,0.641903,20,20,0,0
recipe:liu_2019_awake,recipe:mallory_2025,network,0.143862,0.137951,0.149256,20,0.642357,0.620163,0.66535,20,0.0493202,0.0436952,0.0547651,20,0.635523,0.614724,0.655564,20,20,0,0
recipe:liu_2019_awake,recipe:mallory_2025_ripples,network,0.105565,0.10035,0.110651,20,0.589869,0.572853,0.606605,20,0.015772,0.0132844,0.0183092,20,0.580628,0.563245,0.59719,20,20,0,0
recipe:liu_2019_awake,recipe:michon_2019,network,0.0375379,0.0347689,0.0402515,20,0.251832,0.234296,0.270224,20,0,0,0,20,0.243948,0.228525,0.259492,20,20,0,0
recipe:liu_2019_awake,recipe:michon_2021,network,0.0375379,0.0347689,0.0402515,20,0.251832,0.234296,0.270224,20,0,0,0,20,0.243948,0.228525,0.259492,20,20,0,0
recipe:liu_2019_awake,recipe:mou_2022,network,0.167709,0.146432,0.189649,20,0.711404,0.683161,0.738788,20,0.0666223,0.045407,0.088236,20,0.708018,0.680409,0.734241,20,20,0,0
recipe:liu_2019_awake,recipe:muessig_2019,network,0.0154445,0.0138769,0.0171556,20,0.106453,0.0952533,0.11854,20,0,0,0,20,0.105895,0.0943471,0.117997,20,20,0,0
recipe:liu_2019_awake,recipe:muessig_2019_ripples,network,0.119103,0.116464,0.121702,20,0.674601,0.659158,0.690776,20,0.0928262,0.0898508,0.0956611,20,0.675399,0.661001,0.689868,20,20,0,0
recipe:liu_2019_awake,recipe:nadasdy_1999,network,0.0655544,0.0619108,0.0691526,20,0.396274,0.3737,0.420461,20,0.00697529,0.00544227,0.00876396,20,0.383933,0.362293,0.406788,20,20,0,0
recipe:liu_2019_awake,recipe:olafsdottir_2015,network,0.136738,0.1306,0.142992,20,0.575744,0.554329,0.597818,20,0.0538799,0.0475293,0.0598061,20,0.566288,0.544964,0.588143,20,20,0,0
recipe:liu_2019_awake,recipe:olafsdottir_2015.bayesian_candidates,network,0.101434,0.096542,0.106576,20,0.527789,0.507384,0.549309,20,0.0224505,0.0186121,0.0263777,20,0.517946,0.496653,0.540082,20,20,0,0
recipe:liu_2019_awake,recipe:olafsdottir_2016,network,0.0771518,0.0728898,0.0813904,20,0.489474,0.468812,0.511662,20,0.00264033,0.00177483,0.00359774,20,0.480639,0.459795,0.503674,20,20,0,0
recipe:liu_2019_awake,recipe:olafsdottir_2017,network,0.176516,0.171059,0.182389,20,0.631413,0.607441,0.655132,20,0.0913414,0.0859476,0.0966017,20,0.622509,0.598962,0.646446,20,20,0,0
recipe:liu_2019_awake,recipe:olafsdottir_2017.trajectory,network,0.0773132,0.0730446,0.081562,20,0.489474,0.468812,0.511662,20,0.00264752,0.00177988,0.00360598,20,0.480639,0.459795,0.503674,20,20,0,0
recipe:liu_2019_awake,recipe:pfeiffer_2013,network,0.126341,0.121023,0.131351,20,0.628597,0.606727,0.651824,20,0.0317035,0.0281074,0.0352906,20,0.620485,0.600316,0.641903,20,20,0,0
recipe:liu_2019_awake,recipe:pfeiffer_2013_ripples,network,0.104771,0.100071,0.10975,20,0.620354,0.602896,0.639081,20,0.00880174,0.00721796,0.0103833,20,0.611737,0.593426,0.630174,20,20,0,0
recipe:liu_2019_awake,recipe:pfeiffer_2015,network,0.104796,0.100078,0.109772,20,0.620354,0.602896,0.639081,20,0.00880527,0.00721796,0.0103911,20,0.611737,0.593426,0.630174,20,20,0,0
recipe:liu_2019_awake,recipe:shin_2019,network,0.106735,0.101866,0.111393,20,0.596971,0.578756,0.617204,20,0.0162074,0.0146214,0.0177872,20,0.590785,0.572648,0.609689,20,20,0,0
recipe:liu_2019_awake,recipe:silva_2015,network,0.0944718,0.0899417,0.0988382,20,0.528875,0.504506,0.554615,20,0.0141797,0.0112986,0.0172072,20,0.522513,0.499398,0.54594,20,20,0,0
recipe:liu_2019_awake,recipe:stella_2019,network,0.0934015,0.0889799,0.0976814,20,0.527327,0.506721,0.547744,20,0.0166012,0.014657,0.0186401,20,0.517473,0.495968,0.539222,20,20,0,0
recipe:liu_2019_awake,recipe:tang_2017,network,0.106735,0.101866,0.111393,20,0.596971,0.578756,0.617204,20,0.0162074,0.0146214,0.0177872,20,0.590785,0.572648,0.609689,20,20,0,0
recipe:liu_2019_awake,recipe:tirole_2022,network,0.0766966,0.0735158,0.0797087,20,0.494474,0.475427,0.51356,20,0.00111382,0.000551865,0.00176432,20,0.482948,0.465034,0.501309,20,20,0,0
recipe:liu_2019_awake,recipe:widloski_2025,network,0.0811355,0.0776847,0.0847852,20,0.472176,0.449351,0.499208,20,0.00868103,0.00736881,0.0101201,20,0.465353,0.442515,0.492068,20,20,0,0
recipe:liu_2019_awake,recipe:widloski_2025_bursts,network,0.0746902,0.072007,0.077405,20,0.47432,0.450967,0.499889,20,0.00184397,0.00104873,0.00276036,20,0.471475,0.447032,0.497716,20,20,0,0
recipe:liu_2019_awake,recipe:wikenheiser_2013,network,0.551855,0.544663,0.558413,20,0.807423,0.787163,0.826291,20,0.503823,0.497841,0.509528,20,0.810154,0.789593,0.829718,20,20,0,0
recipe:liu_2019_awake,recipe:wu_2014,network,0.299492,0.289894,0.309242,20,0.711943,0.691514,0.731175,20,0.223963,0.212425,0.23512,20,0.708717,0.687576,0.728799,20,20,0,0
recipe:liu_2019_awake,recipe:wu_2017,network,0.0772303,0.073359,0.0809202,20,0.467462,0.45135,0.483048,20,0.0060791,0.00441207,0.00796517,20,0.461885,0.444986,0.478036,20,20,0,0
recipe:liu_2019_awake,recipe:xu_2019,network,0.129143,0.124058,0.134166,20,0.63815,0.615132,0.662631,20,0.0344233,0.0298442,0.0395278,20,0.631401,0.610628,0.652792,20,20,0,0
recipe:liu_2019_awake,recipe:yamamoto_2017,network,0.0850774,0.0806165,0.089491,20,0.538971,0.519039,0.561065,20,0.00378517,0.00230745,0.00547415,20,0.528631,0.508635,0.549246,20,20,0,0
recipe:liu_2019_awake,recipe:yang_2024,network,0.0633477,0.0595013,0.0669315,20,0.415978,0.395014,0.438109,20,0.000371087,9.09091e-05,0.000744031,20,0.406529,0.386255,0.428402,20,20,0,0
recipe:liu_2023,recipe:maboudi_2018,network,0.465014,0.436877,0.490742,20,0.552345,0.522866,0.580246,20,0,0,0,20,0.551234,0.52262,0.578424,20,20,0,0
recipe:liu_2023,recipe:maboudi_2018_open_field,network,0.426033,0.405186,0.448935,20,0.581672,0.558445,0.603795,20,0,0,0,20,0.582839,0.559194,0.605666,20,20,0,0
recipe:liu_2023,recipe:mallory_2025,network,0.365406,0.346282,0.387051,20,0.55458,0.534693,0.575122,20,0,0,0,20,0.555632,0.535298,0.5764,20,20,0,0
recipe:liu_2023,recipe:mallory_2025_ripples,network,0.499268,0.468823,0.531327,20,0.616992,0.584265,0.650301,20,0,0,0,20,0.616992,0.584265,0.650301,20,20,0,0
recipe:liu_2023,recipe:michon_2019,network,0.43225,0.398085,0.464808,20,0.433142,0.398543,0.466069,20,0,0,0,2,0.433142,0.398543,0.466069,20,20,0,0
recipe:liu_2023,recipe:michon_2021,network,0.43225,0.398085,0.464808,20,0.433142,0.398543,0.466069,20,0,0,0,2,0.433142,0.398543,0.466069,20,20,0,0
recipe:liu_2023,recipe:mou_2022,network,0.320973,0.271177,0.37052,20,0.515446,0.48874,0.540199,20,0,0,0,20,0.512537,0.483925,0.538314,20,20,0,0
recipe:liu_2023,recipe:muessig_2019,network,0.20254,0.178964,0.229005,20,0.202896,0.179432,0.229151,20,0,0,0,2,0.202896,0.179432,0.229151,20,20,0,0
recipe:liu_2023,recipe:muessig_2019_ripples,network,0.0189431,0.0176738,0.0201838,20,0.529694,0.500478,0.55818,20,4.47938e-05,0,0.00011209,20,0.531777,0.501497,0.560086,20,20,0,0
recipe:liu_2023,recipe:nadasdy_1999,network,0.429808,0.402288,0.460826,20,0.507838,0.47677,0.540298,20,0,0,0,20,0.512671,0.483068,0.543717,20,20,0,0
recipe:liu_2023,recipe:olafsdottir_2015,network,0.376292,0.351874,0.403241,20,0.574893,0.546407,0.600565,20,0,0,0,20,0.574893,0.546407,0.600565,20,20,0,0
recipe:liu_2023,recipe:olafsdottir_2015.bayesian_candidates,network,0.465101,0.439428,0.495882,20,0.574525,0.544493,0.603909,20,0,0,0,20,0.574525,0.544493,0.603909,20,20,0,0
recipe:liu_2023,recipe:olafsdottir_2016,network,0.508219,0.483205,0.53521,20,0.547073,0.519785,0.575622,20,0,0,0,19,0.548457,0.520296,0.577978,20,20,0,0
recipe:liu_2023,recipe:olafsdottir_2017,network,0.270636,0.253565,0.286795,20,0.558985,0.531355,0.58355,20,0,0,0,20,0.562384,0.534416,0.588026,20,20,0,0
recipe:liu_2023,recipe:olafsdottir_2017.trajectory,network,0.518264,0.493415,0.544615,20,0.547073,0.519785,0.575622,20,0,0,0,18,0.548457,0.520296,0.577978,20,20,0,0
recipe:liu_2023,recipe:pfeiffer_2013,network,0.426033,0.405186,0.448935,20,0.581672,0.558445,0.603795,20,0,0,0,20,0.582839,0.559194,0.605666,20,20,0,0
recipe:liu_2023,recipe:pfeiffer_2013_ripples,network,0.532698,0.507561,0.558042,20,0.605273,0.573706,0.633365,20,0,0,0,20,0.605273,0.573706,0.633365,20,20,0,0
recipe:liu_2023,recipe:pfeiffer_2015,network,0.533676,0.508976,0.558891,20,0.605273,0.573706,0.633365,20,0,0,0,20,0.605273,0.573706,0.633365,20,20,0,0
recipe:liu_2023,recipe:shin_2019,network,0.488278,0.463874,0.512705,20,0.618509,0.587162,0.645574,20,0,0,0,20,0.618509,0.587162,0.645574,20,20,0,0
recipe:liu_2023,recipe:silva_2015,network,0.587221,0.5665,0.609479,20,0.703935,0.686433,0.721199,20,0,0,0,20,0.703935,0.686433,0.721199,20,20,0,0
recipe:liu_2023,recipe:stella_2019,network,0.37914,0.360992,0.397614,20,0.584726,0.554127,0.611553,20,0,0,0,20,0.593404,0.563379,0.619764,20,20,0,0
recipe:liu_2023,recipe:tang_2017,network,0.488278,0.463874,0.512705,20,0.618509,0.587162,0.645574,20,0,0,0,20,0.618509,0.587162,0.645574,20,20,0,0
recipe:liu_2023,recipe:tirole_2022,network,0.653555,0.62464,0.6799,20,0.66235,0.634587,0.688278,20,0,0,0,11,0.66235,0.634587,0.688278,20,20,0,0
recipe:liu_2023,recipe:widloski_2025,network,0.529028,0.503362,0.55367,20,0.609586,0.58075,0.639372,20,0,0,0,20,0.595639,0.56766,0.623504,20,20,0,0
recipe:liu_2023,recipe:widloski_2025_bursts,network,0.574895,0.546401,0.602428,20,0.5873,0.56051,0.612616,20,0,0,0,13,0.571124,0.544647,0.597165,20,20,0,0
recipe:liu_2023,recipe:wikenheiser_2013,network,0.048899,0.0458451,0.0517768,20,0.431538,0.410767,0.453219,20,0,0,0,20,0.427883,0.406486,0.449672,20,20,0,0
recipe:liu_2023,recipe:wu_2014,network,0.137833,0.126909,0.149008,20,0.519257,0.496338,0.5398,20,0.000191571,0,0.000574713,20,0.519257,0.496338,0.5398,20,20,0,0
recipe:liu_2023,recipe:wu_2017,network,0.484217,0.457024,0.511942,20,0.539477,0.511053,0.568365,20,0,0,0,20,0.540492,0.513147,0.568725,20,20,0,0
recipe:liu_2023,recipe:xu_2019,network,0.394077,0.370749,0.418074,20,0.570771,0.550584,0.591368,20,0,0,0,20,0.570771,0.550584,0.591368,20,20,0,0
recipe:liu_2023,recipe:yamamoto_2017,network,0.487947,0.458519,0.517304,20,0.607631,0.573496,0.638991,20,0.00277778,0,0.00833333,20,0.610734,0.57786,0.640755,20,20,0,0
recipe:liu_2023,recipe:yang_2024,network,0.579737,0.550816,0.608695,20,0.584233,0.555379,0.612793,20,0,0,0,8,0.584233,0.555379,0.612793,20,20,0,0
recipe:maboudi_2018,recipe:maboudi_2018_open_field,network,0.575559,0.55184,0.600487,20,0.785196,0.768459,0.802118,20,0.103221,0.0806561,0.128112,20,0.781988,0.765947,0.79929,20,20,0,0
recipe:maboudi_2018,recipe:mallory_2025,network,0.561163,0.538464,0.585697,20,0.785359,0.769402,0.801768,20,0.154007,0.125504,0.183725,20,0.78332,0.767382,0.799718,20,20,0,0
recipe:maboudi_2018,recipe:mallory_2025_ripples,network,0.537891,0.51302,0.562265,20,0.718994,0.694754,0.743763,20,0.0302214,0.01759,0.0444658,20,0.718994,0.694754,0.743763,20,20,0,0
recipe:maboudi_2018,recipe:michon_2019,network,0.2983,0.278481,0.317741,20,0.356349,0.329759,0.381352,20,0,0,0,20,0.354433,0.328776,0.37831,20,20,0,0
recipe:maboudi_2018,recipe:michon_2021,network,0.2983,0.278481,0.317741,20,0.356349,0.329759,0.381352,20,0,0,0,20,0.354433,0.328776,0.37831,20,20,0,0
recipe:maboudi_2018,recipe:mou_2022,network,0.629706,0.542781,0.71517,20,0.898263,0.872631,0.921896,20,0.268424,0.200029,0.342511,20,0.894338,0.869002,0.918722,20,20,0,0
recipe:maboudi_2018,recipe:muessig_2019,network,0.118626,0.106429,0.130607,20,0.141177,0.127488,0.154523,20,0,0,0,20,0.141177,0.127488,0.154523,20,20,0,0
recipe:maboudi_2018,recipe:muessig_2019_ripples,network,0.0313449,0.0300271,0.0327144,20,0.739886,0.719464,0.762966,20,0.00217342,0.00177827,0.00264464,20,0.742825,0.721635,0.766184,20,20,0,0
recipe:maboudi_2018,recipe:nadasdy_1999,network,0.369208,0.349892,0.390217,20,0.485147,0.461638,0.508467,20,0,0,0,20,0.482323,0.458302,0.505352,20,20,0,0
recipe:maboudi_2018,recipe:olafsdottir_2015,network,0.45952,0.436801,0.484078,20,0.72095,0.69927,0.742736,20,0.0265559,0.0166099,0.0365304,20,0.718963,0.697643,0.740921,20,20,0,0
recipe:maboudi_2018,recipe:olafsdottir_2015.bayesian_candidates,network,0.499618,0.476873,0.523368,20,0.671913,0.645395,0.699435,20,0.0192315,0.00834849,0.0326934,20,0.669952,0.643588,0.697519,20,20,0,0
recipe:maboudi_2018,recipe:olafsdottir_2016,network,0.516413,0.488286,0.545473,20,0.638095,0.612349,0.667583,20,0.00402576,0,0.00990338,20,0.635111,0.609415,0.66446,20,20,0,0
recipe:maboudi_2018,recipe:olafsdottir_2017,network,0.409601,0.391572,0.428065,20,0.762864,0.741913,0.78234,20,0.0671052,0.0554077,0.0795618,20,0.760898,0.740266,0.780727,20,20,0,0
recipe:maboudi_2018,recipe:olafsdottir_2017.trajectory,network,0.523131,0.495757,0.551964,20,0.638095,0.612349,0.667583,20,0.00435606,0,0.0107955,20,0.635111,0.609415,0.66446,20,20,0,0
recipe:maboudi_2018,recipe:pfeiffer_2013,network,0.575559,0.55184,0.600487,20,0.785196,0.768459,0.802118,20,0.103221,0.0806561,0.128112,20,0.781988,0.765947,0.79929,20,20,0,0
recipe:maboudi_2018,recipe:pfeiffer_2013_ripples,network,0.582254,0.556974,0.606058,20,0.74863,0.722353,0.773661,20,0,0,0,20,0.747739,0.721463,0.772724,20,20,0,0
recipe:maboudi_2018,recipe:pfeiffer_2015,network,0.582941,0.55825,0.606691,20,0.74863,0.722353,0.773661,20,0,0,0,20,0.747739,0.721463,0.772724,20,20,0,0
recipe:maboudi_2018,recipe:shin_2019,network,0.56815,0.545252,0.591213,20,0.73578,0.712745,0.758695,20,0.0996581,0.0696044,0.135014,20,0.734848,0.711833,0.757895,20,20,0,0
recipe:maboudi_2018,recipe:silva_2015,network,0.548428,0.519737,0.577308,20,0.683286,0.65432,0.712575,20,0.097609,0.072472,0.124082,20,0.681239,0.652672,0.709448,20,20,0,0
recipe:maboudi_2018,recipe:stella_2019,network,0.425972,0.408519,0.443572,20,0.638503,0.617605,0.661613,20,0.059629,0.0412196,0.081135,20,0.639607,0.618917,0.662416,20,20,0,0
recipe:maboudi_2018,recipe:tang_2017,network,0.56815,0.545252,0.591213,20,0.73578,0.712745,0.758695,20,0.0996581,0.0696044,0.135014,20,0.734848,0.711833,0.757895,20,20,0,0
recipe:maboudi_2018,recipe:tirole_2022,network,0.587206,0.561276,0.612321,20,0.692694,0.667676,0.717088,20,0.0332935,0.016452,0.0499161,20,0.691496,0.667199,0.715624,20,20,0,0
recipe:maboudi_2018,recipe:widloski_2025,network,0.467116,0.442528,0.492736,20,0.602631,0.574446,0.635229,20,0.0025,0,0.0075,20,0.595727,0.567414,0.628038,20,20,0,0
recipe:maboudi_2018,recipe:widloski_2025_bursts,network,0.562674,0.538344,0.587717,20,0.650021,0.620085,0.678935,20,0.0772522,0.047146,0.109087,20,0.644109,0.611963,0.674715,20,20,0,0
recipe:maboudi_2018,recipe:wikenheiser_2013,network,0.0951363,0.0920689,0.0981085,20,0.711774,0.69528,0.729191,20,0.0136694,0.0119171,0.0154812,20,0.709329,0.693477,0.72545,20,20,0,0
recipe:maboudi_2018,recipe:wu_2014,network,0.246062,0.233499,0.259071,20,0.800435,0.782091,0.816405,20,0.0383173,0.0329198,0.0442611,20,0.799521,0.781359,0.815489,20,20,0,0
recipe:maboudi_2018,recipe:wu_2017,network,0.561919,0.546265,0.577117,20,0.650184,0.630062,0.669621,20,0.176607,0.135872,0.219545,20,0.651117,0.631096,0.670886,20,20,0,0
recipe:maboudi_2018,recipe:xu_2019,network,0.572332,0.547632,0.596353,20,0.791032,0.771604,0.809337,20,0.136874,0.115135,0.160358,20,0.788984,0.769747,0.806846,20,20,0,0
recipe:maboudi_2018,recipe:yamamoto_2017,network,0.532912,0.512598,0.555853,20,0.726293,0.708832,0.745407,20,0.0231944,0.0142056,0.0322466,20,0.722912,0.706231,0.741622,20,20,0,0
recipe:maboudi_2018,recipe:yang_2024,network,0.467913,0.442036,0.493009,20,0.55175,0.52278,0.581089,20,0.0198569,0.00671443,0.0355644,20,0.549726,0.521546,0.579354,20,20,0,0
recipe:maboudi_2018_open_field,recipe:mallory_2025,network,0.726331,0.70476,0.747139,20,0.934429,0.919644,0.948777,20,0.385193,0.352596,0.417649,20,0.934429,0.919644,0.948777,20,20,0,0
recipe:maboudi_2018_open_field,recipe:mallory_2025_ripples,network,0.464037,0.44224,0.489736,20,0.694703,0.672659,0.71724,20,0.015842,0.00833304,0.0241945,20,0.694703,0.672659,0.71724,20,20,0,0
recipe:maboudi_2018_open_field,recipe:michon_2019,network,0.264512,0.245323,0.283816,20,0.361292,0.334899,0.386218,20,0,0,0,20,0.361292,0.334899,0.386218,20,20,0,0
recipe:maboudi_2018_open_field,recipe:michon_2021,network,0.264512,0.245323,0.283816,20,0.361292,0.334899,0.386218,20,0,0,0,20,0.361292,0.334899,0.386218,20,20,0,0
recipe:maboudi_2018_open_field,recipe:mou_2022,network,0.433901,0.388947,0.476505,20,0.754327,0.735876,0.773628,20,0.0691024,0.0529628,0.0866296,20,0.749837,0.730904,0.768472,20,20,0,0
recipe:maboudi_2018_open_field,recipe:muessig_2019,network,0.110917,0.100155,0.121717,20,0.152105,0.138311,0.165589,20,0,0,0,20,0.152105,0.138311,0.165589,20,20,0,0
recipe:maboudi_2018_open_field,recipe:muessig_2019_ripples,network,0.0296686,0.0284785,0.0308391,20,0.687677,0.669691,0.707076,20,0.0029505,0.00255691,0.0033732,20,0.697547,0.677951,0.717097,20,20,0,0
recipe:maboudi_2018_open_field,recipe:nadasdy_1999,network,0.325435,0.30972,0.34413,20,0.481839,0.460576,0.504884,20,0.00151515,0,0.00454545,20,0.487113,0.466709,0.509293,20,20,0,0
recipe:maboudi_2018_open_field,recipe:olafsdottir_2015,network,0.503392,0.478182,0.527764,20,0.815295,0.798422,0.834447,20,0.0948405,0.0755481,0.116505,20,0.815295,0.798422,0.834447,20,20,0,0
recipe:maboudi_2018_open_field,recipe:olafsdottir_2015.bayesian_candidates,network,0.518241,0.496327,0.540774,20,0.757333,0.739079,0.779765,20,0.0661493,0.0459516,0.089802,20,0.757333,0.739079,0.779765,20,20,0,0
recipe:maboudi_2018_open_field,recipe:olafsdottir_2016,network,0.529003,0.504968,0.554402,20,0.733076,0.714663,0.75469,20,0.0384167,0.021249,0.0557313,20,0.733076,0.714663,0.75469,20,20,0,0
recipe:maboudi_2018_open_field,recipe:olafsdottir_2017,network,0.427839,0.408556,0.448723,20,0.829599,0.808575,0.850733,20,0.101035,0.0854721,0.116942,20,0.834362,0.814051,0.85414,20,20,0,0
recipe:maboudi_2018_open_field,recipe:olafsdottir_2017.trajectory,network,0.531266,0.508135,0.5564,20,0.733076,0.714663,0.75469,20,0.0296047,0.0171152,0.0420791,20,0.733076,0.714663,0.75469,20,20,0,0
recipe:maboudi_2018_open_field,recipe:pfeiffer_2013,network,1,1,1,20,1,1,1,20,1,1,1,20,1,1,1,20,20,0,0
recipe:maboudi_2018_open_field,recipe:pfeiffer_2013_ripples,network,0.498595,0.478753,0.519492,20,0.712574,0.691523,0.732311,20,0.00273466,0,0.00698448,20,0.712574,0.691523,0.732311,20,20,0,0
recipe:maboudi_2018_open_field,recipe:pfeiffer_2015,network,0.499166,0.479531,0.519944,20,0.712574,0.691523,0.732311,20,0.0027972,0,0.00710956,20,0.712574,0.691523,0.732311,20,20,0,0
recipe:maboudi_2018_open_field,recipe:shin_2019,network,0.478203,0.458704,0.501597,20,0.708528,0.687504,0.728822,20,0.044047,0.0299216,0.0593259,20,0.708528,0.687504,0.728822,20,20,0,0
recipe:maboudi_2018_open_field,recipe:silva_2015,network,0.678858,0.660545,0.698535,20,0.811749,0.792256,0.832074,20,0.335337,0.294306,0.376588,20,0.813232,0.794347,0.832443,20,20,0,0
recipe:maboudi_2018_open_field,recipe:stella_2019,network,0.367253,0.350313,0.385222,20,0.620519,0.597006,0.644011,20,0.0291964,0.0183524,0.0413406,20,0.62748,0.605013,0.650258,20,20,0,0
recipe:maboudi_2018_open_field,recipe:tang_2017,network,0.478203,0.458704,0.501597,20,0.708528,0.687504,0.728822,20,0.044047,0.0299216,0.0593259,20,0.708528,0.687504,0.728822,20,20,0,0
recipe:maboudi_2018_open_field,recipe:tirole_2022,network,0.508302,0.486811,0.530742,20,0.683395,0.663221,0.703751,20,0.0139655,0.00585739,0.0238014,20,0.683395,0.663221,0.703751,20,20,0,0
recipe:maboudi_2018_open_field,recipe:widloski_2025,network,0.41824,0.39606,0.443204,20,0.604513,0.574966,0.633313,20,0.00437222,0,0.0093408,20,0.595135,0.565742,0.624323,20,20,0,0
recipe:maboudi_2018_open_field,recipe:widloski_2025_bursts,network,0.461172,0.438545,0.484189,20,0.612525,0.586953,0.636617,20,0.0295344,0.0162449,0.0436292,20,0.60615,0.581216,0.629063,20,20,0,0
recipe:maboudi_2018_open_field,recipe:wikenheiser_2013,network,0.0964407,0.092918,0.0999707,20,0.665612,0.647421,0.683811,20,0.0216454,0.0193559,0.0239953,20,0.661431,0.645431,0.678382,20,20,0,0
recipe:maboudi_2018_open_field,recipe:wu_2014,network,0.277554,0.261866,0.293555,20,0.826736,0.811373,0.843508,20,0.0821829,0.0747267,0.0899147,20,0.826736,0.811373,0.843508,20,20,0,0
recipe:maboudi_2018_open_field,recipe:wu_2017,network,0.442291,0.423961,0.460993,20,0.61085,0.590816,0.630697,20,0.0420905,0.0243994,0.062194,20,0.611731,0.591723,0.630962,20,20,0,0
recipe:maboudi_2018_open_field,recipe:xu_2019,network,0.742444,0.727248,0.75841,20,0.939146,0.926594,0.952268,20,0.387339,0.362451,0.414093,20,0.939146,0.926594,0.952268,20,20,0,0
recipe:maboudi_2018_open_field,recipe:yamamoto_2017,network,0.441402,0.420308,0.464821,20,0.669422,0.645802,0.691772,20,0.0120478,0.0065856,0.0175636,20,0.678083,0.656808,0.698153,20,20,0,0
recipe:maboudi_2018_open_field,recipe:yang_2024,network,0.440931,0.416033,0.464805,20,0.594415,0.568092,0.62002,20,0.0129044,0.00524552,0.0215856,20,0.594415,0.568092,0.62002,20,20,0,0
recipe:mallory_2025,recipe:mallory_2025_ripples,network,0.441178,0.417219,0.466967,20,0.701838,0.677415,0.727719,20,0.0370844,0.0248521,0.050273,20,0.702789,0.678359,0.728279,20,20,0,0
recipe:mallory_2025,recipe:michon_2019,network,0.22784,0.212772,0.242548,20,0.348335,0.323177,0.371658,20,0,0,0,20,0.348335,0.323177,0.371658,20,20,0,0
recipe:mallory_2025,recipe:michon_2021,network,0.22784,0.212772,0.242548,20,0.348335,0.323177,0.371658,20,0,0,0,20,0.348335,0.323177,0.371658,20,20,0,0
recipe:mallory_2025,recipe:mou_2022,network,0.443124,0.40365,0.480895,20,0.763787,0.745095,0.783352,20,0.113349,0.0939544,0.134161,20,0.760084,0.740865,0.780069,20,20,0,0
recipe:mallory_2025,recipe:muessig_2019,network,0.0968374,0.0859436,0.108257,20,0.147863,0.133161,0.162154,20,0,0,0,20,0.147863,0.133161,0.162154,20,20,0,0
recipe:mallory_2025,recipe:muessig_2019_ripples,network,0.0323782,0.0312072,0.0334791,20,0.701358,0.68167,0.722974,20,0.00502622,0.00438042,0.00571531,20,0.71221,0.692333,0.732647,20,20,0,0
recipe:mallory_2025,recipe:nadasdy_1999,network,0.300655,0.284173,0.320311,20,0.489754,0.465828,0.514867,20,0.00308883,0,0.00673034,20,0.490791,0.466953,0.516163,20,20,0,0
recipe:mallory_2025,recipe:olafsdottir_2015,network,0.449553,0.42843,0.470472,20,0.794134,0.77579,0.814471,20,0.0749076,0.0611821,0.0893348,20,0.794134,0.77579,0.814471,20,20,0,0
recipe:mallory_2025,recipe:olafsdottir_2015.bayesian_candidates,network,0.456643,0.435226,0.477876,20,0.739113,0.718252,0.762031,20,0.0475826,0.035428,0.0608156,20,0.739113,0.718252,0.762031,20,20,0,0
recipe:mallory_2025,recipe:olafsdottir_2016,network,0.462163,0.435649,0.489869,20,0.717391,0.695832,0.740807,20,0.0211725,0.0110951,0.03227,20,0.717391,0.695832,0.740807,20,20,0,0
recipe:mallory_2025,recipe:olafsdottir_2017,network,0.437221,0.417141,0.458068,20,0.830339,0.81279,0.848275,20,0.135562,0.114966,0.157595,20,0.831318,0.813981,0.849103,20,20,0,0
recipe:mallory_2025,recipe:olafsdottir_2017.trajectory,network,0.46498,0.438918,0.493357,20,0.717391,0.695832,0.740807,20,0.0174679,0.00936592,0.0261242,20,0.717391,0.695832,0.740807,20,20,0,0
recipe:mallory_2025,recipe:pfeiffer_2013,network,0.726331,0.70476,0.747139,20,0.934429,0.919644,0.948777,20,0.385193,0.352596,0.417649,20,0.934429,0.919644,0.948777,20,20,0,0
recipe:mallory_2025,recipe:pfeiffer_2013_ripples,network,0.459702,0.438169,0.482667,20,0.720989,0.697787,0.741925,20,0.00610236,0.00209671,0.0103994,20,0.720989,0.697787,0.741925,20,20,0,0
recipe:mallory_2025,recipe:pfeiffer_2015,network,0.460175,0.438693,0.48289,20,0.720989,0.697787,0.741925,20,0.00613426,0.0021286,0.0104545,20,0.720989,0.697787,0.741925,20,20,0,0
recipe:mallory_2025,recipe:shin_2019,network,0.473825,0.451492,0.497877,20,0.714265,0.691375,0.737211,20,0.095592,0.0770901,0.115614,20,0.714265,0.691375,0.737211,20,20,0,0
recipe:mallory_2025,recipe:silva_2015,network,0.554644,0.531385,0.577462,20,0.768469,0.747461,0.788535,20,0.177109,0.149889,0.204225,20,0.768469,0.747461,0.788535,20,20,0,0
recipe:mallory_2025,recipe:stella_2019,network,0.373918,0.354069,0.393737,20,0.627962,0.602471,0.653087,20,0.0754167,0.0616046,0.091141,20,0.632149,0.605903,0.657325,20,20,0,0
recipe:mallory_2025,recipe:tang_2017,network,0.473825,0.451492,0.497877,20,0.714265,0.691375,0.737211,20,0.095592,0.0770901,0.115614,20,0.714265,0.691375,0.737211,20,20,0,0
recipe:mallory_2025,recipe:tirole_2022,network,0.443093,0.420793,0.465648,20,0.662117,0.639358,0.685653,20,0.0124267,0.00578827,0.0198758,20,0.662117,0.639358,0.685653,20,20,0,0
recipe:mallory_2025,recipe:widloski_2025,network,0.374925,0.354238,0.397045,20,0.598379,0.567336,0.629511,20,0.0074176,0.00178628,0.0142176,20,0.589512,0.556354,0.622227,20,20,0,0
recipe:mallory_2025,recipe:widloski_2025_bursts,network,0.409075,0.385457,0.433826,20,0.594863,0.568651,0.621468,20,0.0305903,0.0172231,0.0452357,20,0.589598,0.564841,0.613793,20,20,0,0
recipe:mallory_2025,recipe:wikenheiser_2013,network,0.109827,0.105083,0.11439,20,0.686607,0.670603,0.702626,20,0.033434,0.0294141,0.0377884,20,0.678965,0.663537,0.694699,20,20,0,0
recipe:mallory_2025,recipe:wu_2014,network,0.310575,0.296554,0.323911,20,0.841324,0.826522,0.856447,20,0.122819,0.111904,0.134316,20,0.841324,0.826522,0.856447,20,20,0,0
recipe:mallory_2025,recipe:wu_2017,network,0.411449,0.393774,0.43126,20,0.600579,0.581754,0.618837,20,0.066529,0.0488696,0.0862796,20,0.601466,0.582933,0.61946,20,20,0,0
recipe:mallory_2025,recipe:xu_2019,network,0.784079,0.767146,0.80181,20,0.95555,0.945986,0.964468,20,0.511675,0.4785,0.543856,20,0.95555,0.945986,0.964468,20,20,0,0
recipe:mallory_2025,recipe:yamamoto_2017,network,0.407214,0.384904,0.431862,20,0.67025,0.647968,0.692558,20,0.0172729,0.0112873,0.0236916,20,0.674876,0.654452,0.695867,20,20,0,0
recipe:mallory_2025,recipe:yang_2024,network,0.397209,0.37837,0.41663,20,0.604844,0.579099,0.629546,20,0.00814844,0.00340023,0.0136099,20,0.604844,0.579099,0.629546,20,20,0,0
recipe:mallory_2025_ripples,recipe:michon_2019,network,0.329519,0.309521,0.349524,20,0.410321,0.384145,0.434969,20,0,0,0,20,0.410321,0.384145,0.434969,20,20,0,0
recipe:mallory_2025_ripples,recipe:michon_2021,network,0.329519,0.309521,0.349524,20,0.410321,0.384145,0.434969,20,0,0,0,20,0.410321,0.384145,0.434969,20,20,0,0
recipe:mallory_2025_ripples,recipe:mou_2022,network,0.402812,0.35541,0.447733,20,0.698518,0.678403,0.71755,20,0.0297978,0.0186828,0.0433304,20,0.694306,0.67445,0.713671,20,20,0,0
recipe:mallory_2025_ripples,recipe:muessig_2019,network,0.125644,0.112186,0.140602,20,0.156054,0.140279,0.174148,20,0,0,0,20,0.156054,0.140279,0.174148,20,20,0,0
recipe:mallory_2025_ripples,recipe:muessig_2019_ripples,network,0.0338917,0.0324764,0.0352151,20,0.781162,0.764085,0.799149,20,0.00582802,0.0052577,0.00637657,20,0.790194,0.772468,0.808524,20,20,0,0
recipe:mallory_2025_ripples,recipe:nadasdy_1999,network,0.562192,0.539843,0.585807,20,0.622374,0.593684,0.652413,20,0.301148,0.254806,0.349139,20,0.639539,0.612015,0.667748,20,20,0,0
recipe:mallory_2025_ripples,recipe:olafsdottir_2015,network,0.395471,0.37089,0.422677,20,0.650512,0.620751,0.682478,20,0.00731804,0.00357873,0.0116506,20,0.650512,0.620751,0.682478,20,20,0,0
recipe:mallory_2025_ripples,recipe:olafsdottir_2015.bayesian_candidates,network,0.436631,0.410479,0.468126,20,0.609439,0.579383,0.643061,20,0.00625145,0.00113636,0.0128371,20,0.609439,0.579383,0.643061,20,20,0,0
recipe:mallory_2025_ripples,recipe:olafsdottir_2016,network,0.460272,0.428525,0.495078,20,0.582369,0.549332,0.618293,20,0.00505051,0,0.0128788,20,0.5841,0.551222,0.619144,20,20,0,0
recipe:mallory_2025_ripples,recipe:olafsdottir_2017,network,0.335144,0.31847,0.351455,20,0.685998,0.659967,0.711863,20,0.0218295,0.0147036,0.0292209,20,0.690651,0.666997,0.714127,20,20,0,0
recipe:mallory_2025_ripples,recipe:olafsdottir_2017.trajectory,network,0.466415,0.435176,0.501694,20,0.582369,0.549332,0.618293,20,0.00532213,0,0.0135854,20,0.5841,0.551222,0.619144,20,20,0,0
recipe:mallory_2025_ripples,recipe:pfeiffer_2013,network,0.464037,0.44224,0.489736,20,0.694703,0.672659,0.71724,20,0.015842,0.00833304,0.0241945,20,0.694703,0.672659,0.71724,20,20,0,0
recipe:mallory_2025_ripples,recipe:pfeiffer_2013_ripples,network,0.833725,0.81617,0.852196,20,0.912839,0.901304,0.924887,20,0.476316,0.39905,0.54819,20,0.91829,0.908007,0.929149,20,20,0,0
recipe:mallory_2025_ripples,recipe:pfeiffer_2015,network,0.832932,0.815952,0.850824,20,0.912839,0.901304,0.924887,20,0.472037,0.397395,0.541005,20,0.91829,0.908007,0.929149,20,20,0,0
recipe:mallory_2025_ripples,recipe:shin_2019,network,0.793047,0.773794,0.810945,20,0.909097,0.893779,0.924251,20,0.412286,0.357528,0.470641,20,0.920869,0.906836,0.93464,20,20,0,0
recipe:mallory_2025_ripples,recipe:silva_2015,network,0.451744,0.425904,0.482473,20,0.605039,0.581239,0.630936,20,0.0173903,0.00603369,0.0309116,20,0.605039,0.581239,0.630936,20,20,0,0
recipe:mallory_2025_ripples,recipe:stella_2019,network,0.582975,0.566885,0.598498,20,0.819347,0.80131,0.839309,20,0.181362,0.157664,0.207313,20,0.835986,0.819219,0.855046,20,20,0,0
recipe:mallory_2025_ripples,recipe:tang_2017,network,0.793047,0.773794,0.810945,20,0.909097,0.893779,0.924251,20,0.412286,0.357528,0.470641,20,0.920869,0.906836,0.93464,20,20,0,0
recipe:mallory_2025_ripples,recipe:tirole_2022,network,0.599711,0.573553,0.627654,20,0.73567,0.710989,0.760738,20,0.0243697,0.00666667,0.0461926,20,0.73567,0.710989,0.760738,20,20,0,0
recipe:mallory_2025_ripples,recipe:widloski_2025,network,0.646257,0.620779,0.671924,20,0.746465,0.719668,0.775235,20,0.294172,0.22974,0.363526,20,0.739701,0.716766,0.765587,20,20,0,0
recipe:mallory_2025_ripples,recipe:widloski_2025_bursts,network,0.475717,0.455899,0.495622,20,0.582987,0.563169,0.603412,20,0.0136555,0.00292717,0.0269888,20,0.569337,0.549203,0.590844,20,20,0,0
recipe:mallory_2025_ripples,recipe:wikenheiser_2013,network,0.0836839,0.0792906,0.0876624,20,0.639214,0.622469,0.656447,20,0.0123307,0.0105057,0.0141736,20,0.633735,0.616926,0.651748,20,20,0,0
recipe:mallory_2025_ripples,recipe:wu_2014,network,0.195342,0.183043,0.20807,20,0.707686,0.689107,0.726673,20,0.0121059,0.00930592,0.0151382,20,0.708578,0.690162,0.727067,20,20,0,0
recipe:mallory_2025_ripples,recipe:wu_2017,network,0.458588,0.440215,0.47765,20,0.581941,0.561181,0.602129,20,0.0376444,0.0212914,0.0554912,20,0.586026,0.564896,0.605414,20,20,0,0
recipe:mallory_2025_ripples,recipe:xu_2019,network,0.449889,0.427364,0.474339,20,0.700751,0.678251,0.723248,20,0.0234395,0.0132949,0.0347731,20,0.701696,0.679398,0.723568,20,20,0,0
recipe:mallory_2025_ripples,recipe:yamamoto_2017,network,0.565687,0.544853,0.588381,20,0.769136,0.746245,0.794692,20,0.0648983,0.0457173,0.0874535,20,0.780678,0.756806,0.805303,20,20,0,0
recipe:mallory_2025_ripples,recipe:yang_2024,network,0.535439,0.510918,0.56444,20,0.661363,0.633581,0.690892,20,0.0168697,0.00571429,0.0296441,20,0.661363,0.633581,0.690892,20,20,0,0
recipe:michon_2019,recipe:michon_2021,network,1,1,1,20,1,1,1,20,,,,0,1,1,1,20,20,0,0
recipe:michon_2019,recipe:mou_2022,network,0.204495,0.169968,0.240056,20,0.329653,0.304464,0.354078,20,0,0,0,20,0.326694,0.302149,0.351404,20,20,0,0
recipe:michon_2019,recipe:muessig_2019,network,0.209378,0.179261,0.241921,20,0.209378,0.179261,0.241921,20,,,,0,0.209378,0.179261,0.241921,20,20,0,0
recipe:michon_2019,recipe:muessig_2019_ripples,network,0.0118199,0.0110456,0.0126438,20,0.336804,0.314826,0.358752,20,0,0,0,20,0.337579,0.315529,0.35929,20,20,0,0
recipe:michon_2019,recipe:nadasdy_1999,network,0.494176,0.465776,0.520966,20,0.616932,0.58244,0.652063,20,0,0,0,20,0.616932,0.58244,0.652063,20,20,0,0
recipe:michon_2019,recipe:olafsdottir_2015,network,0.233067,0.210005,0.258059,20,0.357582,0.327754,0.386179,20,0,0,0,20,0.357582,0.327754,0.386179,20,20,0,0
recipe:michon_2019,recipe:olafsdottir_2015.bayesian_candidates,network,0.29188,0.267341,0.315975,20,0.363376,0.333358,0.391266,20,0,0,0,20,0.363376,0.333358,0.391266,20,20,0,0
recipe:michon_2019,recipe:olafsdottir_2016,network,0.338959,0.314418,0.362313,20,0.366023,0.339615,0.390889,20,0,0,0,19,0.366023,0.339615,0.390889,20,20,0,0
recipe:michon_2019,recipe:olafsdottir_2017,network,0.164759,0.155777,0.173112,20,0.345731,0.321014,0.36754,20,0,0,0,20,0.345731,0.321014,0.36754,20,20,0,0
recipe:michon_2019,recipe:olafsdottir_2017.trajectory,network,0.345851,0.321539,0.368617,20,0.366023,0.339615,0.390889,20,0,0,0,18,0.366023,0.339615,0.390889,20,20,0,0
recipe:michon_2019,recipe:pfeiffer_2013,network,0.264512,0.245323,0.283816,20,0.361292,0.334899,0.386218,20,0,0,0,20,0.361292,0.334899,0.386218,20,20,0,0
recipe:michon_2019,recipe:pfeiffer_2013_ripples,network,0.341259,0.319409,0.361895,20,0.387794,0.36357,0.410843,20,0,0,0,20,0.387794,0.36357,0.410843,20,20,0,0
recipe:michon_2019,recipe:pfeiffer_2015,network,0.341837,0.319868,0.362445,20,0.387794,0.36357,0.410843,20,0,0,0,20,0.387794,0.36357,0.410843,20,20,0,0
recipe:michon_2019,recipe:shin_2019,network,0.317287,0.298333,0.335369,20,0.404382,0.377426,0.429132,20,0,0,0,20,0.404382,0.377426,0.429132,20,20,0,0
recipe:michon_2019,recipe:silva_2015,network,0.318933,0.295802,0.343112,20,0.379858,0.354128,0.405183,20,0,0,0,20,0.379858,0.354128,0.405183,20,20,0,0
recipe:michon_2019,recipe:stella_2019,network,0.288968,0.269523,0.307162,20,0.467106,0.436631,0.497435,20,0,0,0,20,0.469743,0.439006,0.500215,20,20,0,0
recipe:michon_2019,recipe:tang_2017,network,0.317287,0.298333,0.335369,20,0.404382,0.377426,0.429132,20,0,0,0,20,0.404382,0.377426,0.429132,20,20,0,0
recipe:michon_2019,recipe:tirole_2022,network,0.455982,0.428192,0.482345,20,0.461833,0.433597,0.489056,20,0,0,0,11,0.461833,0.433597,0.489056,20,20,0,0
recipe:michon_2019,recipe:widloski_2025,network,0.447462,0.416186,0.479657,20,0.524646,0.490269,0.56029,20,0,0,0,20,0.505312,0.473059,0.538277,20,20,0,0
recipe:michon_2019,recipe:widloski_2025_bursts,network,0.428222,0.397495,0.461353,20,0.438129,0.406741,0.470946,20,0,0,0,13,0.421663,0.3938,0.450707,20,20,0,0
recipe:michon_2019,recipe:wikenheiser_2013,network,0.0304159,0.0281551,0.0326331,20,0.270528,0.252554,0.287942,20,0,0,0,20,0.267297,0.249364,0.284436,20,20,0,0
recipe:michon_2019,recipe:wu_2014,network,0.0846784,0.0780451,0.0915514,20,0.323209,0.299684,0.344806,20,0,0,0,20,0.323209,0.299684,0.344806,20,20,0,0
recipe:michon_2019,recipe:wu_2017,network,0.340904,0.315028,0.368344,20,0.383575,0.351945,0.414402,20,0,0,0,20,0.383575,0.351945,0.414402,20,20,0,0
recipe:michon_2019,recipe:xu_2019,network,0.242584,0.226888,0.259368,20,0.353161,0.329164,0.376638,20,0,0,0,20,0.353161,0.329164,0.376638,20,20,0,0
recipe:michon_2019,recipe:yamamoto_2017,network,0.344443,0.316883,0.369932,20,0.433035,0.405465,0.459171,20,0,0,0,20,0.433035,0.405465,0.459171,20,20,0,0
recipe:michon_2019,recipe:yang_2024,network,0.484378,0.461008,0.508047,20,0.487802,0.464172,0.512106,20,0,0,0,7,0.487802,0.464172,0.512106,20,20,0,0
recipe:michon_2021,recipe:mou_2022,network,0.204495,0.169968,0.240056,20,0.329653,0.304464,0.354078,20,0,0,0,20,0.326694,0.302149,0.351404,20,20,0,0
recipe:michon_2021,recipe:muessig_2019,network,0.209378,0.179261,0.241921,20,0.209378,0.179261,0.241921,20,,,,0,0.209378,0.179261,0.241921,20,20,0,0
recipe:michon_2021,recipe:muessig_2019_ripples,network,0.0118199,0.0110456,0.0126438,20,0.336804,0.314826,0.358752,20,0,0,0,20,0.337579,0.315529,0.35929,20,20,0,0
recipe:michon_2021,recipe:nadasdy_1999,network,0.494176,0.465776,0.520966,20,0.616932,0.58244,0.652063,20,0,0,0,20,0.616932,0.58244,0.652063,20,20,0,0
recipe:michon_2021,recipe:olafsdottir_2015,network,0.233067,0.210005,0.258059,20,0.357582,0.327754,0.386179,20,0,0,0,20,0.357582,0.327754,0.386179,20,20,0,0
recipe:michon_2021,recipe:olafsdottir_2015.bayesian_candidates,network,0.29188,0.267341,0.315975,20,0.363376,0.333358,0.391266,20,0,0,0,20,0.363376,0.333358,0.391266,20,20,0,0
recipe:michon_2021,recipe:olafsdottir_2016,network,0.338959,0.314418,0.362313,20,0.366023,0.339615,0.390889,20,0,0,0,19,0.366023,0.339615,0.390889,20,20,0,0
recipe:michon_2021,recipe:olafsdottir_2017,network,0.164759,0.155777,0.173112,20,0.345731,0.321014,0.36754,20,0,0,0,20,0.345731,0.321014,0.36754,20,20,0,0
recipe:michon_2021,recipe:olafsdottir_2017.trajectory,network,0.345851,0.321539,0.368617,20,0.366023,0.339615,0.390889,20,0,0,0,18,0.366023,0.339615,0.390889,20,20,0,0
recipe:michon_2021,recipe:pfeiffer_2013,network,0.264512,0.245323,0.283816,20,0.361292,0.334899,0.386218,20,0,0,0,20,0.361292,0.334899,0.386218,20,20,0,0
recipe:michon_2021,recipe:pfeiffer_2013_ripples,network,0.341259,0.319409,0.361895,20,0.387794,0.36357,0.410843,20,0,0,0,20,0.387794,0.36357,0.410843,20,20,0,0
recipe:michon_2021,recipe:pfeiffer_2015,network,0.341837,0.319868,0.362445,20,0.387794,0.36357,0.410843,20,0,0,0,20,0.387794,0.36357,0.410843,20,20,0,0
recipe:michon_2021,recipe:shin_2019,network,0.317287,0.298333,0.335369,20,0.404382,0.377426,0.429132,20,0,0,0,20,0.404382,0.377426,0.429132,20,20,0,0
recipe:michon_2021,recipe:silva_2015,network,0.318933,0.295802,0.343112,20,0.379858,0.354128,0.405183,20,0,0,0,20,0.379858,0.354128,0.405183,20,20,0,0
recipe:michon_2021,recipe:stella_2019,network,0.288968,0.269523,0.307162,20,0.467106,0.436631,0.497435,20,0,0,0,20,0.469743,0.439006,0.500215,20,20,0,0
recipe:michon_2021,recipe:tang_2017,network,0.317287,0.298333,0.335369,20,0.404382,0.377426,0.429132,20,0,0,0,20,0.404382,0.377426,0.429132,20,20,0,0
recipe:michon_2021,recipe:tirole_2022,network,0.455982,0.428192,0.482345,20,0.461833,0.433597,0.489056,20,0,0,0,11,0.461833,0.433597,0.489056,20,20,0,0
recipe:michon_2021,recipe:widloski_2025,network,0.447462,0.416186,0.479657,20,0.524646,0.490269,0.56029,20,0,0,0,20,0.505312,0.473059,0.538277,20,20,0,0
recipe:michon_2021,recipe:widloski_2025_bursts,network,0.428222,0.397495,0.461353,20,0.438129,0.406741,0.470946,20,0,0,0,13,0.421663,0.3938,0.450707,20,20,0,0
recipe:michon_2021,recipe:wikenheiser_2013,network,0.0304159,0.0281551,0.0326331,20,0.270528,0.252554,0.287942,20,0,0,0,20,0.267297,0.249364,0.284436,20,20,0,0
recipe:michon_2021,recipe:wu_2014,network,0.0846784,0.0780451,0.0915514,20,0.323209,0.299684,0.344806,20,0,0,0,20,0.323209,0.299684,0.344806,20,20,0,0
recipe:michon_2021,recipe:wu_2017,network,0.340904,0.315028,0.368344,20,0.383575,0.351945,0.414402,20,0,0,0,20,0.383575,0.351945,0.414402,20,20,0,0
recipe:michon_2021,recipe:xu_2019,network,0.242584,0.226888,0.259368,20,0.353161,0.329164,0.376638,20,0,0,0,20,0.353161,0.329164,0.376638,20,20,0,0
recipe:michon_2021,recipe:yamamoto_2017,network,0.344443,0.316883,0.369932,20,0.433035,0.405465,0.459171,20,0,0,0,20,0.433035,0.405465,0.459171,20,20,0,0
recipe:michon_2021,recipe:yang_2024,network,0.484378,0.461008,0.508047,20,0.487802,0.464172,0.512106,20,0,0,0,7,0.487802,0.464172,0.512106,20,20,0,0
recipe:mou_2022,recipe:muessig_2019,network,0.0839013,0.0672149,0.101575,20,0.131768,0.117454,0.145181,20,0,0,0,20,0.131768,0.117454,0.145181,20,20,0,0
recipe:mou_2022,recipe:muessig_2019_ripples,network,0.0428311,0.0375724,0.0481336,20,0.756171,0.733307,0.778815,20,0.0123659,0.00811792,0.0168193,20,0.754871,0.733513,0.77548,20,20,0,0
recipe:mou_2022,recipe:nadasdy_1999,network,0.26766,0.230484,0.304738,20,0.463484,0.440716,0.487669,20,0.00469989,0.00144575,0.00918817,20,0.456571,0.43371,0.481154,20,20,0,0
recipe:mou_2022,recipe:olafsdottir_2015,network,0.35579,0.321971,0.388671,20,0.690662,0.667257,0.71471,20,0.0318608,0.0225137,0.0414939,20,0.686524,0.662495,0.711612,20,20,0,0
recipe:mou_2022,recipe:olafsdottir_2015.bayesian_candidates,network,0.364184,0.318019,0.410916,20,0.639842,0.61314,0.668834,20,0.0146199,0.00820645,0.0209682,20,0.635883,0.607414,0.666329,20,20,0,0
recipe:mou_2022,recipe:olafsdottir_2016,network,0.368035,0.313499,0.422322,20,0.6063,0.578226,0.637251,20,0.0086512,0.00337579,0.0152996,20,0.602381,0.572114,0.63467,20,20,0,0
recipe:mou_2022,recipe:olafsdottir_2017,network,0.343905,0.321495,0.366403,20,0.745871,0.723055,0.766115,20,0.0656778,0.0540539,0.0765511,20,0.74395,0.721954,0.763298,20,20,0,0
recipe:mou_2022,recipe:olafsdottir_2017.trajectory,network,0.369779,0.314387,0.425516,20,0.6063,0.578226,0.637251,20,0.00515607,0.00103927,0.0104798,20,0.602381,0.572114,0.63467,20,20,0,0
recipe:mou_2022,recipe:pfeiffer_2013,network,0.433901,0.388947,0.476505,20,0.754327,0.735876,0.773628,20,0.0691024,0.0529628,0.0866296,20,0.749837,0.730904,0.768472,20,20,0,0
recipe:mou_2022,recipe:pfeiffer_2013_ripples,network,0.428629,0.375596,0.47964,20,0.734242,0.708438,0.756635,20,0.00594509,0.0026692,0.00989454,20,0.729918,0.704455,0.752138,20,20,0,0
recipe:mou_2022,recipe:pfeiffer_2015,network,0.429309,0.376276,0.480531,20,0.734242,0.708438,0.756635,20,0.00594509,0.0026692,0.00989454,20,0.729918,0.704455,0.752138,20,20,0,0
recipe:mou_2022,recipe:shin_2019,network,0.42152,0.37212,0.468915,20,0.714256,0.691618,0.734591,20,0.0556013,0.0387157,0.0746732,20,0.709959,0.687976,0.730002,20,20,0,0
recipe:mou_2022,recipe:silva_2015,network,0.39565,0.347089,0.445692,20,0.650854,0.619669,0.680973,20,0.047482,0.0337408,0.0622886,20,0.647613,0.615194,0.678339,20,20,0,0
recipe:mou_2022,recipe:stella_2019,network,0.329638,0.294554,0.363837,20,0.61478,0.593323,0.637721,20,0.0478377,0.0350686,0.0626842,20,0.611166,0.588307,0.634756,20,20,0,0
recipe:mou_2022,recipe:tang_2017,network,0.42152,0.37212,0.468915,20,0.714256,0.691618,0.734591,20,0.0556013,0.0387157,0.0746732,20,0.709959,0.687976,0.730002,20,20,0,0
recipe:mou_2022,recipe:tirole_2022,network,0.406144,0.34004,0.474698,20,0.64204,0.611026,0.672537,20,0.0171716,0.00565426,0.0307408,20,0.637929,0.606043,0.67019,20,20,0,0
recipe:mou_2022,recipe:widloski_2025,network,0.337534,0.291035,0.382149,20,0.574127,0.548698,0.601078,20,0.00788487,0.00357227,0.0129252,20,0.567336,0.541338,0.594883,20,20,0,0
recipe:mou_2022,recipe:widloski_2025_bursts,network,0.394044,0.32349,0.465297,20,0.6078,0.56948,0.645157,20,0.0292511,0.0111306,0.0583903,20,0.603909,0.565722,0.641855,20,20,0,0
recipe:mou_2022,recipe:wikenheiser_2013,network,0.134558,0.116003,0.153351,20,0.764625,0.737299,0.790166,20,0.0517763,0.0344282,0.0696837,20,0.762892,0.735377,0.788476,20,20,0,0
recipe:mou_2022,recipe:wu_2014,network,0.252583,0.240008,0.264706,20,0.801497,0.78312,0.818383,20,0.0679612,0.0517456,0.0848013,20,0.801564,0.783487,0.818082,20,20,0,0
recipe:mou_2022,recipe:wu_2017,network,0.413649,0.352689,0.477969,20,0.621024,0.594909,0.648779,20,0.107476,0.0680398,0.155926,20,0.61722,0.589379,0.646453,20,20,0,0
recipe:mou_2022,recipe:xu_2019,network,0.445391,0.400457,0.488762,20,0.760948,0.74005,0.782291,20,0.104667,0.0847823,0.126409,20,0.756416,0.736043,0.777326,20,20,0,0
recipe:mou_2022,recipe:yamamoto_2017,network,0.387555,0.332673,0.442099,20,0.689006,0.660001,0.716885,20,0.0150212,0.0085444,0.0218444,20,0.682523,0.653083,0.711987,20,20,0,0
recipe:mou_2022,recipe:yang_2024,network,0.322945,0.273016,0.373272,20,0.516709,0.489291,0.543972,20,0.011308,0.00172876,0.0252584,20,0.511805,0.483779,0.539705,20,20,0,0
recipe:muessig_2019,recipe:muessig_2019_ripples,network,0.00470687,0.004209,0.00521784,20,0.133438,0.119319,0.147632,20,0,0,0,20,0.134899,0.120073,0.149925,20,20,0,0
recipe:muessig_2019,recipe:nadasdy_1999,network,0.12752,0.112466,0.143963,20,0.155478,0.135085,0.177685,20,0,0,0,20,0.161892,0.140298,0.186198,20,20,0,0
recipe:muessig_2019,recipe:olafsdottir_2015,network,0.0998987,0.0876945,0.112695,20,0.157057,0.13803,0.176036,20,0,0,0,20,0.157057,0.13803,0.176036,20,20,0,0
recipe:muessig_2019,recipe:olafsdottir_2015.bayesian_candidates,network,0.135961,0.120186,0.153031,20,0.172191,0.151492,0.192984,20,0,0,0,20,0.172191,0.151492,0.192984,20,20,0,0
recipe:muessig_2019,recipe:olafsdottir_2016,network,0.176747,0.160878,0.193564,20,0.192432,0.174407,0.211405,20,0,0,0,19,0.192432,0.174407,0.211405,20,20,0,0
recipe:muessig_2019,recipe:olafsdottir_2017,network,0.0714332,0.0641735,0.0787214,20,0.150443,0.136993,0.163653,20,0,0,0,20,0.150443,0.136993,0.163653,20,20,0,0
recipe:muessig_2019,recipe:olafsdottir_2017.trajectory,network,0.180854,0.164387,0.197925,20,0.192432,0.174407,0.211405,20,0,0,0,18,0.192432,0.174407,0.211405,20,20,0,0
recipe:muessig_2019,recipe:pfeiffer_2013,network,0.110917,0.100155,0.121717,20,0.152105,0.138311,0.165589,20,0,0,0,20,0.152105,0.138311,0.165589,20,20,0,0
recipe:muessig_2019,recipe:pfeiffer_2013_ripples,network,0.130759,0.118269,0.145376,20,0.149102,0.133696,0.167048,20,0,0,0,20,0.149102,0.133696,0.167048,20,20,0,0
recipe:muessig_2019,recipe:pfeiffer_2015,network,0.131077,0.118432,0.145851,20,0.149102,0.133696,0.167048,20,0,0,0,20,0.149102,0.133696,0.167048,20,20,0,0
recipe:muessig_2019,recipe:shin_2019,network,0.119086,0.107009,0.13354,20,0.149477,0.135037,0.166574,20,0,0,0,20,0.151216,0.136024,0.168894,20,20,0,0
recipe:muessig_2019,recipe:silva_2015,network,0.154441,0.139933,0.168502,20,0.185534,0.169395,0.200552,20,0,0,0,20,0.185534,0.169395,0.200552,20,20,0,0
recipe:muessig_2019,recipe:stella_2019,network,0.0977033,0.0881018,0.108183,20,0.155727,0.140221,0.173374,20,0,0,0,20,0.159921,0.143169,0.178136,20,20,0,0
recipe:muessig_2019,recipe:tang_2017,network,0.119086,0.107009,0.13354,20,0.149477,0.135037,0.166574,20,0,0,0,20,0.151216,0.136024,0.168894,20,20,0,0
recipe:muessig_2019,recipe:tirole_2022,network,0.191752,0.174897,0.210846,20,0.194163,0.177276,0.213332,20,0,0,0,11,0.194163,0.177276,0.213332,20,20,0,0
recipe:muessig_2019,recipe:widloski_2025,network,0.165234,0.149443,0.183123,20,0.194461,0.174857,0.216583,20,0,0,0,20,0.189647,0.169309,0.21114,20,20,0,0
recipe:muessig_2019,recipe:widloski_2025_bursts,network,0.206104,0.188016,0.226047,20,0.210797,0.19317,0.229869,20,0,0,0,13,0.208503,0.189791,0.22844,20,20,0,0
recipe:muessig_2019,recipe:wikenheiser_2013,network,0.0120462,0.0108882,0.0132752,20,0.107753,0.0969879,0.118849,20,0,0,0,20,0.106645,0.0955254,0.117894,20,20,0,0
recipe:muessig_2019,recipe:wu_2014,network,0.0345468,0.030136,0.0391251,20,0.130537,0.117359,0.142878,20,0,0,0,20,0.130537,0.117359,0.142878,20,20,0,0
recipe:muessig_2019,recipe:wu_2017,network,0.171782,0.15407,0.191451,20,0.193599,0.175972,0.212787,20,0,0,0,20,0.193599,0.175972,0.212787,20,20,0,0
recipe:muessig_2019,recipe:xu_2019,network,0.102907,0.0909554,0.115191,20,0.149273,0.134827,0.163459,20,0,0,0,20,0.149273,0.134827,0.163459,20,20,0,0
recipe:muessig_2019,recipe:yamamoto_2017,network,0.129517,0.115522,0.145323,20,0.161663,0.146456,0.17977,20,0,0,0,20,0.163649,0.148129,0.182027,20,20,0,0
recipe:muessig_2019,recipe:yang_2024,network,0.189786,0.169146,0.21245,20,0.19105,0.170539,0.213362,20,0,0,0,7,0.19105,0.170539,0.213362,20,20,0,0
recipe:muessig_2019_ripples,recipe:nadasdy_1999,network,0.023161,0.0221041,0.0241202,20,0.488508,0.458479,0.519029,20,0.00483565,0.00417034,0.00554219,20,0.527716,0.504741,0.551734,20,20,0,0
recipe:muessig_2019_ripples,recipe:olafsdottir_2015,network,0.0294676,0.0280576,0.0309436,20,0.635485,0.610417,0.663768,20,0.00530646,0.00450517,0.00611785,20,0.648341,0.622545,0.675409,20,20,0,0
recipe:muessig_2019_ripples,recipe:olafsdottir_2015.bayesian_candidates,network,0.0248397,0.0234589,0.0261939,20,0.583176,0.554284,0.612129,20,0.00270775,0.00221483,0.00322058,20,0.594008,0.566659,0.622188,20,20,0,0
recipe:muessig_2019_ripples,recipe:olafsdottir_2016,network,0.0216151,0.0201376,0.0230849,20,0.543534,0.515583,0.573727,20,0.000886324,0.000623245,0.00115145,20,0.557606,0.529457,0.588648,20,20,0,0
recipe:muessig_2019_ripples,recipe:olafsdottir_2017,network,0.0356603,0.0340384,0.0372857,20,0.663799,0.63768,0.690152,20,0.00976765,0.00888674,0.010623,20,0.699361,0.673277,0.725091,20,20,0,0
recipe:muessig_2019_ripples,recipe:olafsdottir_2017.trajectory,network,0.0214973,0.0200351,0.0229867,20,0.543534,0.515583,0.573727,20,0.000754203,0.000530711,0.000975141,20,0.557606,0.529457,0.588648,20,20,0,0
recipe:muessig_2019_ripples,recipe:pfeiffer_2013,network,0.0296686,0.0284785,0.0308391,20,0.687677,0.669691,0.707076,20,0.0029505,0.00255691,0.0033732,20,0.697547,0.677951,0.717097,20,20,0,0
recipe:muessig_2019_ripples,recipe:pfeiffer_2013_ripples,network,0.0336738,0.0321102,0.035208,20,0.8154,0.797325,0.834014,20,0.00418749,0.00370685,0.00464161,20,0.818826,0.800813,0.837165,20,20,0,0
recipe:muessig_2019_ripples,recipe:pfeiffer_2015,network,0.033609,0.0320457,0.0351817,20,0.8154,0.797325,0.834014,20,0.00412031,0.00367383,0.00453634,20,0.818826,0.800813,0.837165,20,20,0,0
recipe:muessig_2019_ripples,recipe:shin_2019,network,0.0345116,0.0329618,0.0361076,20,0.780173,0.762901,0.797969,20,0.00620719,0.00546437,0.00694378,20,0.794311,0.776494,0.813123,20,20,0,0
recipe:muessig_2019_ripples,recipe:silva_2015,network,0.0242217,0.0230065,0.0254184,20,0.588478,0.561708,0.614228,20,0.00180314,0.00142664,0.00219736,20,0.594417,0.567147,0.619872,20,20,0,0
recipe:muessig_2019_ripples,recipe:stella_2019,network,0.0340008,0.0323713,0.0355361,20,0.64975,0.627633,0.6763,20,0.00964714,0.00865829,0.0105932,20,0.70043,0.681825,0.72232,20,20,0,0
recipe:muessig_2019_ripples,recipe:tang_2017,network,0.0345116,0.0329618,0.0361076,20,0.780173,0.762901,0.797969,20,0.00620719,0.00546437,0.00694378,20,0.794311,0.776494,0.813123,20,20,0,0
recipe:muessig_2019_ripples,recipe:tirole_2022,network,0.022942,0.021685,0.0241691,20,0.636026,0.609134,0.662123,20,0.000132747,2.21337e-05,0.0002655,20,0.637296,0.609924,0.66362,20,20,0,0
recipe:muessig_2019_ripples,recipe:widloski_2025,network,0.0258874,0.0248371,0.0270137,20,0.622402,0.601022,0.648681,20,0.00394233,0.00357999,0.00439837,20,0.62162,0.599573,0.648088,20,20,0,0
recipe:muessig_2019_ripples,recipe:widloski_2025_bursts,network,0.0210065,0.0200728,0.0219472,20,0.543434,0.516872,0.569209,20,0.000308081,0.00013055,0.000525653,20,0.541785,0.514657,0.568551,20,20,0,0
recipe:muessig_2019_ripples,recipe:wikenheiser_2013,network,0.146499,0.143474,0.149741,20,0.750399,0.734481,0.767144,20,0.120289,0.116531,0.124459,20,0.755428,0.739232,0.772018,20,20,0,0
recipe:muessig_2019_ripples,recipe:wu_2014,network,0.0537673,0.0520266,0.0556113,20,0.741485,0.724304,0.759256,20,0.026144,0.0242351,0.0280905,20,0.750999,0.735994,0.767255,20,20,0,0
recipe:muessig_2019_ripples,recipe:wu_2017,network,0.0213873,0.0202392,0.0226287,20,0.540721,0.517066,0.56552,20,0.00110171,0.000798772,0.00142356,20,0.55643,0.531219,0.580226,20,20,0,0
recipe:muessig_2019_ripples,recipe:xu_2019,network,0.0315365,0.0306109,0.0324777,20,0.700122,0.680017,0.720584,20,0.00424822,0.00353851,0.00505021,20,0.708068,0.688175,0.727687,20,20,0,0
recipe:muessig_2019_ripples,recipe:yamamoto_2017,network,0.0309041,0.0288301,0.032971,20,0.656844,0.632778,0.679985,20,0.00616079,0.00510104,0.00727279,20,0.69467,0.670051,0.718015,20,20,0,0
recipe:muessig_2019_ripples,recipe:yang_2024,network,0.0193676,0.018265,0.0203628,20,0.546616,0.522512,0.572115,20,8.7758e-05,2.16826e-05,0.000175204,20,0.54862,0.525625,0.573229,20,20,0,0
recipe:nadasdy_1999,recipe:olafsdottir_2015,network,0.281947,0.264419,0.300313,20,0.460333,0.435266,0.486481,20,0.00483373,0.00108337,0.00971248,20,0.467152,0.441051,0.493099,20,20,0,0
recipe:nadasdy_1999,recipe:olafsdottir_2015.bayesian_candidates,network,0.320095,0.302028,0.339607,20,0.438008,0.414606,0.462113,20,0.002,0,0.006,20,0.444155,0.4203,0.468625,20,20,0,0
recipe:nadasdy_1999,recipe:olafsdottir_2016,network,0.353817,0.331936,0.378307,20,0.428981,0.405985,0.453308,20,0.00801282,0,0.0201923,20,0.441127,0.419913,0.46255,20,20,0,0
recipe:nadasdy_1999,recipe:olafsdottir_2017,network,0.220478,0.20972,0.231696,20,0.464128,0.441188,0.489693,20,0.00460078,0.00171339,0.00809894,20,0.479618,0.456445,0.503469,20,20,0,0
recipe:nadasdy_1999,recipe:olafsdottir_2017.trajectory,network,0.359659,0.336848,0.384833,20,0.428981,0.405985,0.453308,20,0.00833333,0,0.0208333,20,0.441127,0.419913,0.46255,20,20,0,0
recipe:nadasdy_1999,recipe:pfeiffer_2013,network,0.325435,0.30972,0.34413,20,0.481839,0.460576,0.504884,20,0.00151515,0,0.00454545,20,0.487113,0.466709,0.509293,20,20,0,0
recipe:nadasdy_1999,recipe:pfeiffer_2013_ripples,network,0.579225,0.554561,0.603156,20,0.596055,0.571394,0.620928,20,0.430091,0.373028,0.496485,20,0.607369,0.582037,0.631482,20,20,0,0
recipe:nadasdy_1999,recipe:pfeiffer_2015,network,0.580156,0.555605,0.603548,20,0.596055,0.571394,0.620928,20,0.43218,0.375761,0.498388,20,0.607369,0.582037,0.631482,20,20,0,0
recipe:nadasdy_1999,recipe:shin_2019,network,0.551681,0.536006,0.566499,20,0.607359,0.57947,0.636326,20,0.305388,0.268563,0.347075,20,0.630364,0.604419,0.655815,20,20,0,0
recipe:nadasdy_1999,recipe:silva_2015,network,0.338701,0.319369,0.360556,20,0.447278,0.425663,0.471404,20,0,0,0,20,0.451242,0.429401,0.475073,20,20,0,0
recipe:nadasdy_1999,recipe:stella_2019,network,0.547211,0.526985,0.567768,20,0.696341,0.664429,0.727354,20,0.241469,0.219142,0.263571,20,0.731146,0.703318,0.758264,20,20,0,0
recipe:nadasdy_1999,recipe:tang_2017,network,0.551681,0.536006,0.566499,20,0.607359,0.57947,0.636326,20,0.305388,0.268563,0.347075,20,0.630364,0.604419,0.655815,20,20,0,0
recipe:nadasdy_1999,recipe:tirole_2022,network,0.464539,0.436723,0.491387,20,0.548152,0.518518,0.576439,20,0,0,0,20,0.549207,0.519879,0.577254,20,20,0,0
recipe:nadasdy_1999,recipe:widloski_2025,network,0.613665,0.586206,0.64453,20,0.696124,0.669787,0.724684,20,0.283965,0.226078,0.351066,20,0.662736,0.637209,0.687125,20,20,0,0
recipe:nadasdy_1999,recipe:widloski_2025_bursts,network,0.386959,0.363922,0.411409,20,0.458112,0.431456,0.485437,20,0,0,0,20,0.433201,0.40968,0.458889,20,20,0,0
recipe:nadasdy_1999,recipe:wikenheiser_2013,network,0.0521803,0.0497756,0.0546619,20,0.420558,0.402391,0.440268,20,0.00538504,0.00442779,0.00640701,20,0.412193,0.393062,0.432318,20,20,0,0
recipe:nadasdy_1999,recipe:wu_2014,network,0.12478,0.117016,0.132604,20,0.474597,0.45207,0.496813,20,0.00208127,0.000690171,0.00373433,20,0.477231,0.454401,0.500219,20,20,0,0
recipe:nadasdy_1999,recipe:wu_2017,network,0.331968,0.313738,0.352559,20,0.408133,0.385497,0.431528,20,0.0145483,0.00386905,0.0273516,20,0.424537,0.403728,0.445834,20,20,0,0
recipe:nadasdy_1999,recipe:xu_2019,network,0.31243,0.297326,0.330623,20,0.490425,0.466527,0.51361,20,0.00224975,0,0.00566229,20,0.492282,0.469344,0.515576,20,20,0,0
recipe:nadasdy_1999,recipe:yamamoto_2017,network,0.427715,0.405618,0.45275,20,0.521306,0.494013,0.55022,20,0.0746913,0.0488622,0.104361,20,0.570772,0.548765,0.594206,20,20,0,0
recipe:nadasdy_1999,recipe:yang_2024,network,0.511893,0.484076,0.538398,20,0.617071,0.583672,0.647813,20,0,0,0,20,0.617071,0.583672,0.647813,20,20,0,0
recipe:olafsdottir_2015,recipe:olafsdottir_2015.bayesian_candidates,network,0.723483,0.705535,0.740145,20,0.900178,0.886408,0.914944,20,0.409653,0.373625,0.445296,20,0.900178,0.886408,0.914944,20,20,0,0
recipe:olafsdottir_2015,recipe:olafsdottir_2016,network,0.516874,0.492297,0.546209,20,0.803399,0.785801,0.823451,20,0.0392649,0.026271,0.0507572,20,0.803399,0.785801,0.823451,20,20,0,0
recipe:olafsdottir_2015,recipe:olafsdottir_2017,network,0.414889,0.396155,0.434743,20,0.81064,0.789853,0.830453,20,0.123924,0.107747,0.139605,20,0.811848,0.79147,0.83166,20,20,0,0
recipe:olafsdottir_2015,recipe:olafsdottir_2017.trajectory,network,0.522963,0.499142,0.551328,20,0.803399,0.785801,0.823451,20,0.0405569,0.0272785,0.0523501,20,0.803399,0.785801,0.823451,20,20,0,0
recipe:olafsdottir_2015,recipe:pfeiffer_2013,network,0.503392,0.478182,0.527764,20,0.815295,0.798422,0.834447,20,0.0948405,0.0755481,0.116505,20,0.815295,0.798422,0.834447,20,20,0,0
recipe:olafsdottir_2015,recipe:pfeiffer_2013_ripples,network,0.430465,0.406311,0.457546,20,0.66936,0.642141,0.697667,20,0.00635587,0.00233652,0.0111765,20,0.66936,0.642141,0.697667,20,20,0,0
recipe:olafsdottir_2015,recipe:pfeiffer_2015,network,0.430837,0.40712,0.457602,20,0.66936,0.642141,0.697667,20,0.00639211,0.00235906,0.0112484,20,0.66936,0.642141,0.697667,20,20,0,0
recipe:olafsdottir_2015,recipe:shin_2019,network,0.400856,0.377291,0.426682,20,0.663738,0.633861,0.694725,20,0.0137445,0.00692998,0.02167,20,0.663738,0.633861,0.694725,20,20,0,0
recipe:olafsdottir_2015,recipe:silva_2015,network,0.480825,0.459168,0.505559,20,0.744858,0.725475,0.765492,20,0.0711052,0.053757,0.0884983,20,0.744858,0.725475,0.765492,20,20,0,0
recipe:olafsdottir_2015,recipe:stella_2019,network,0.309891,0.294059,0.327768,20,0.57775,0.549591,0.605675,20,0.0129221,0.00808772,0.0182727,20,0.590621,0.562089,0.618804,20,20,0,0
recipe:olafsdottir_2015,recipe:tang_2017,network,0.400856,0.377291,0.426682,20,0.663738,0.633861,0.694725,20,0.0137445,0.00692998,0.02167,20,0.663738,0.633861,0.694725,20,20,0,0
recipe:olafsdottir_2015,recipe:tirole_2022,network,0.454622,0.426576,0.485018,20,0.692858,0.664581,0.72018,20,0.00135135,0,0.00405405,20,0.692858,0.664581,0.72018,20,20,0,0
recipe:olafsdottir_2015,recipe:widloski_2025,network,0.373129,0.34788,0.403305,20,0.594635,0.560121,0.632349,20,0.00869153,0.00293025,0.016029,20,0.579269,0.545903,0.614341,20,20,0,0
recipe:olafsdottir_2015,recipe:widloski_2025_bursts,network,0.407652,0.386072,0.431587,20,0.616395,0.588566,0.644836,20,0.00697635,0,0.0151014,20,0.600153,0.575182,0.625747,20,20,0,0
recipe:olafsdottir_2015,recipe:wikenheiser_2013,network,0.103684,0.0987816,0.10865,20,0.604446,0.586206,0.624054,20,0.0375253,0.0324825,0.0425917,20,0.59912,0.579623,0.619916,20,20,0,0
recipe:olafsdottir_2015,recipe:wu_2014,network,0.281939,0.261676,0.302424,20,0.76796,0.747322,0.789644,20,0.114285,0.0989804,0.128799,20,0.76796,0.747322,0.789644,20,20,0,0
recipe:olafsdottir_2015,recipe:wu_2017,network,0.367974,0.350322,0.387374,20,0.580611,0.557832,0.604859,20,0.00831398,0.00264832,0.0150657,20,0.581507,0.559579,0.605687,20,20,0,0
recipe:olafsdottir_2015,recipe:xu_2019,network,0.472705,0.446849,0.498703,20,0.807425,0.788582,0.828636,20,0.0790007,0.061156,0.100148,20,0.807425,0.788582,0.828636,20,20,0,0
recipe:olafsdottir_2015,recipe:yamamoto_2017,network,0.375884,0.35417,0.402789,20,0.636424,0.606487,0.666001,20,0.000892857,0,0.00267857,20,0.640875,0.611095,0.670948,20,20,0,0
recipe:olafsdottir_2015,recipe:yang_2024,network,0.371301,0.341483,0.40741,20,0.561741,0.530111,0.594615,20,0.00138889,0,0.00416667,20,0.561741,0.530111,0.594615,20,20,0,0
recipe:olafsdottir_2015.bayesian_candidates,recipe:olafsdottir_2016,network,0.629553,0.604872,0.656775,20,0.80866,0.786191,0.83311,20,0.040591,0.0217185,0.0600041,20,0.80866,0.786191,0.83311,20,20,0,0
recipe:olafsdottir_2015.bayesian_candidates,recipe:olafsdottir_2017,network,0.378761,0.362264,0.395774,20,0.748521,0.726582,0.771401,20,0.066379,0.0542183,0.0792509,20,0.749683,0.727893,0.772084,20,20,0,0
recipe:olafsdottir_2015.bayesian_candidates,recipe:olafsdottir_2017.trajectory,network,0.639482,0.616707,0.66563,20,0.80866,0.786191,0.83311,20,0.0436185,0.023389,0.0643472,20,0.80866,0.786191,0.83311,20,20,0,0
recipe:olafsdottir_2015.bayesian_candidates,recipe:pfeiffer_2013,network,0.518241,0.496327,0.540774,20,0.757333,0.739079,0.779765,20,0.0661493,0.0459516,0.089802,20,0.757333,0.739079,0.779765,20,20,0,0
recipe:olafsdottir_2015.bayesian_candidates,recipe:pfeiffer_2013_ripples,network,0.475035,0.449965,0.504581,20,0.62101,0.590811,0.652556,20,0.00319473,0,0.00811359,20,0.62101,0.590811,0.652556,20,20,0,0
recipe:olafsdottir_2015.bayesian_candidates,recipe:pfeiffer_2015,network,0.475609,0.450728,0.50529,20,0.62101,0.590811,0.652556,20,0.00323929,0,0.00820272,20,0.62101,0.590811,0.652556,20,20,0,0
recipe:olafsdottir_2015.bayesian_candidates,recipe:shin_2019,network,0.437711,0.413082,0.465993,20,0.621886,0.592395,0.654095,20,0.00834536,0.00119048,0.0185305,20,0.621886,0.592395,0.654095,20,20,0,0
recipe:olafsdottir_2015.bayesian_candidates,recipe:silva_2015,network,0.554972,0.532231,0.583602,20,0.739994,0.714738,0.767689,20,0.0704106,0.0432814,0.0992214,20,0.739994,0.714738,0.767689,20,20,0,0
recipe:olafsdottir_2015.bayesian_candidates,recipe:stella_2019,network,0.329648,0.312249,0.350726,20,0.539423,0.511265,0.567877,20,0.00870834,0.00411891,0.0137978,20,0.551462,0.523365,0.580271,20,20,0,0
recipe:olafsdottir_2015.bayesian_candidates,recipe:tang_2017,network,0.437711,0.413082,0.465993,20,0.621886,0.592395,0.654095,20,0.00834536,0.00119048,0.0185305,20,0.621886,0.592395,0.654095,20,20,0,0
recipe:olafsdottir_2015.bayesian_candidates,recipe:tirole_2022,network,0.540289,0.5144,0.570064,20,0.666145,0.639631,0.693478,20,0.005,0,0.015,20,0.666145,0.639631,0.693478,20,20,0,0
recipe:olafsdottir_2015.bayesian_candidates,recipe:widloski_2025,network,0.433206,0.405313,0.465527,20,0.576499,0.543312,0.612598,20,0.00953238,0.00294118,0.0183009,20,0.560706,0.528088,0.598067,20,20,0,0
recipe:olafsdottir_2015.bayesian_candidates,recipe:widloski_2025_bursts,network,0.506499,0.483563,0.530028,20,0.623425,0.598014,0.64884,20,0.013631,0,0.029881,20,0.607541,0.583784,0.631602,20,20,0,0
recipe:olafsdottir_2015.bayesian_candidates,recipe:wikenheiser_2013,network,0.0777832,0.073996,0.0816375,20,0.545496,0.524983,0.566332,20,0.0163666,0.0137839,0.0193419,20,0.541007,0.520867,0.563229,20,20,0,0
recipe:olafsdottir_2015.bayesian_candidates,recipe:wu_2014,network,0.219401,0.202912,0.23605,20,0.693386,0.670948,0.715067,20,0.05182,0.0422908,0.0615776,20,0.693386,0.670948,0.715067,20,20,0,0
recipe:olafsdottir_2015.bayesian_candidates,recipe:wu_2017,network,0.441497,0.425763,0.458762,20,0.579907,0.559507,0.604007,20,0.00835941,0.00147059,0.0166558,20,0.579907,0.559507,0.604007,20,20,0,0
recipe:olafsdottir_2015.bayesian_candidates,recipe:xu_2019,network,0.487366,0.459992,0.515494,20,0.751239,0.730905,0.774023,20,0.0570599,0.0416566,0.07437,20,0.751239,0.730905,0.774023,20,20,0,0
recipe:olafsdottir_2015.bayesian_candidates,recipe:yamamoto_2017,network,0.424598,0.403187,0.45103,20,0.6069,0.577372,0.63613,20,0,0,0,20,0.610568,0.580116,0.641977,20,20,0,0
recipe:olafsdottir_2015.bayesian_candidates,recipe:yang_2024,network,0.448419,0.419028,0.484337,20,0.551246,0.522767,0.582993,20,0.00555556,0,0.0166667,20,0.551246,0.522767,0.582993,20,20,0,0
recipe:olafsdottir_2016,recipe:olafsdottir_2017,network,0.375375,0.355669,0.395068,20,0.74677,0.719438,0.773354,20,0.0411778,0.0317265,0.0497928,20,0.751055,0.724107,0.776315,20,20,0,0
recipe:olafsdottir_2016,recipe:olafsdottir_2017.trajectory,network,0.977282,0.968702,0.985061,20,1,1,1,20,0.717962,0.598901,0.811446,19,1,1,1,20,20,0,0
recipe:olafsdottir_2016,recipe:pfeiffer_2013,network,0.529003,0.504968,0.554402,20,0.733076,0.714663,0.75469,20,0.0384167,0.021249,0.0557313,20,0.733076,0.714663,0.75469,20,20,0,0
recipe:olafsdottir_2016,recipe:pfeiffer_2013_ripples,network,0.500418,0.471568,0.531797,20,0.589095,0.560054,0.619608,20,0.00384615,0,0.0115385,20,0.590013,0.561403,0.619979,20,20,0,0
recipe:olafsdottir_2016,recipe:pfeiffer_2015,network,0.501097,0.47264,0.53213,20,0.589095,0.560054,0.619608,20,0.00384615,0,0.0115385,20,0.590013,0.561403,0.619979,20,20,0,0
recipe:olafsdottir_2016,recipe:shin_2019,network,0.456887,0.431027,0.485936,20,0.589659,0.560344,0.621182,20,0.00364583,0,0.009375,20,0.591814,0.561829,0.62331,20,20,0,0
recipe:olafsdottir_2016,recipe:silva_2015,network,0.572695,0.547817,0.5992,20,0.70169,0.676443,0.727001,20,0.0372068,0.0151808,0.0618734,20,0.70169,0.676443,0.727001,20,20,0,0
recipe:olafsdottir_2016,recipe:stella_2019,network,0.343988,0.322926,0.366423,20,0.52254,0.490904,0.555401,20,0.00744291,0.00223992,0.014066,20,0.536018,0.507422,0.565881,20,20,0,0
recipe:olafsdottir_2016,recipe:tang_2017,network,0.456887,0.431027,0.485936,20,0.589659,0.560344,0.621182,20,0.00364583,0,0.009375,20,0.591814,0.561829,0.62331,20,20,0,0
recipe:olafsdottir_2016,recipe:tirole_2022,network,0.594198,0.566331,0.625201,20,0.641034,0.615786,0.670218,20,0.00877193,0,0.0277778,19,0.641034,0.615786,0.670218,20,20,0,0
recipe:olafsdottir_2016,recipe:widloski_2025,network,0.469762,0.438266,0.502831,20,0.56373,0.530191,0.597977,20,0,0,0,20,0.548839,0.514093,0.58486,20,20,0,0
recipe:olafsdottir_2016,recipe:widloski_2025_bursts,network,0.558247,0.529953,0.588564,20,0.605536,0.575952,0.637588,20,0.0133333,0,0.0333333,20,0.590281,0.562153,0.620439,20,20,0,0
recipe:olafsdottir_2016,recipe:wikenheiser_2013,network,0.0596653,0.0563805,0.0629081,20,0.512499,0.4899,0.537937,20,0.00149735,0.000962078,0.00203476,20,0.508229,0.483897,0.536311,20,20,0,0
recipe:olafsdottir_2016,recipe:wu_2014,network,0.175976,0.161689,0.191422,20,0.646107,0.62363,0.670501,20,0.0091036,0.006237,0.0119657,20,0.646107,0.62363,0.670501,20,20,0,0
recipe:olafsdottir_2016,recipe:wu_2017,network,0.49479,0.473754,0.516369,20,0.572397,0.55087,0.597198,20,0.0140899,0.00263158,0.0276864,20,0.576934,0.557461,0.600091,20,20,0,0
recipe:olafsdottir_2016,recipe:xu_2019,network,0.497548,0.466439,0.527789,20,0.72275,0.702482,0.745833,20,0.0418695,0.0243291,0.0600187,20,0.72275,0.702482,0.745833,20,20,0,0
recipe:olafsdottir_2016,recipe:yamamoto_2017,network,0.452952,0.427319,0.483707,20,0.564002,0.536619,0.592539,20,0.0102758,0.00216586,0.0199792,20,0.589384,0.564185,0.616307,20,20,0,0
recipe:olafsdottir_2016,recipe:yang_2024,network,0.511244,0.48635,0.539667,20,0.551006,0.527508,0.576615,20,0,0,0,19,0.551006,0.527508,0.576615,20,20,0,0
recipe:olafsdottir_2017,recipe:olafsdottir_2017.trajectory,network,0.378624,0.358705,0.398512,20,0.74677,0.719438,0.773354,20,0.0419411,0.0322559,0.0507676,20,0.751055,0.724107,0.776315,20,20,0,0
recipe:olafsdottir_2017,recipe:pfeiffer_2013,network,0.427839,0.408556,0.448723,20,0.829599,0.808575,0.850733,20,0.101035,0.0854721,0.116942,20,0.834362,0.814051,0.85414,20,20,0,0
recipe:olafsdottir_2017,recipe:pfeiffer_2013_ripples,network,0.351152,0.335276,0.367263,20,0.711521,0.689197,0.73407,20,0.00739528,0.00387446,0.0111794,20,0.714731,0.692839,0.736459,20,20,0,0
recipe:olafsdottir_2017,recipe:pfeiffer_2015,network,0.351424,0.335931,0.367424,20,0.711521,0.689197,0.73407,20,0.00740528,0.00388246,0.0111798,20,0.714731,0.692839,0.736459,20,20,0,0
recipe:olafsdottir_2017,recipe:shin_2019,network,0.355731,0.339952,0.371176,20,0.697556,0.675233,0.720314,20,0.0496187,0.0388001,0.0617773,20,0.702323,0.680572,0.724614,20,20,0,0
recipe:olafsdottir_2017,recipe:silva_2015,network,0.363233,0.344546,0.381263,20,0.716767,0.689851,0.742483,20,0.0523577,0.0392057,0.0658867,20,0.721795,0.693417,0.747563,20,20,0,0
recipe:olafsdottir_2017,recipe:stella_2019,network,0.279546,0.268449,0.290536,20,0.592361,0.568144,0.61714,20,0.0415579,0.0317352,0.053564,20,0.619277,0.597073,0.641075,20,20,0,0
recipe:olafsdottir_2017,recipe:tang_2017,network,0.355731,0.339952,0.371176,20,0.697556,0.675233,0.720314,20,0.0496187,0.0388001,0.0617773,20,0.702323,0.680572,0.724614,20,20,0,0
recipe:olafsdottir_2017,recipe:tirole_2022,network,0.331386,0.312301,0.350462,20,0.676417,0.651533,0.700747,20,0.00576987,0.00253822,0.00940294,20,0.676417,0.651533,0.700747,20,20,0,0
recipe:olafsdottir_2017,recipe:widloski_2025,network,0.282098,0.267374,0.298577,20,0.594349,0.565283,0.624844,20,0.0055436,0.00224401,0.00945021,20,0.583849,0.55601,0.614356,20,20,0,0
recipe:olafsdottir_2017,recipe:widloski_2025_bursts,network,0.305511,0.288412,0.323224,20,0.606038,0.576492,0.634011,20,0.0137107,0.0075069,0.0210696,20,0.595951,0.56829,0.621063,20,20,0,0
recipe:olafsdottir_2017,recipe:wikenheiser_2013,network,0.129971,0.124878,0.135189,20,0.666561,0.646946,0.684895,20,0.059801,0.0546642,0.065009,20,0.664045,0.642216,0.684319,20,20,0,0
recipe:olafsdottir_2017,recipe:wu_2014,network,0.422473,0.403377,0.441054,20,0.858149,0.840525,0.874268,20,0.271666,0.255278,0.287427,20,0.859253,0.841546,0.875347,20,20,0,0
recipe:olafsdottir_2017,recipe:wu_2017,network,0.300847,0.289135,0.312894,20,0.583293,0.567372,0.5991,20,0.0334959,0.0252747,0.0428151,20,0.589623,0.573996,0.605057,20,20,0,0
recipe:olafsdottir_2017,recipe:xu_2019,network,0.425647,0.406316,0.445336,20,0.829273,0.812151,0.846442,20,0.109105,0.092139,0.126136,20,0.829273,0.812151,0.846442,20,20,0,0
recipe:olafsdottir_2017,recipe:yamamoto_2017,network,0.302447,0.286303,0.32079,20,0.615018,0.589584,0.640641,20,0.0166271,0.0112538,0.0224553,20,0.654825,0.631236,0.677343,20,20,0,0
recipe:olafsdottir_2017,recipe:yang_2024,network,0.271328,0.257336,0.286181,20,0.554693,0.530757,0.577992,20,0.00414748,0.00175735,0.00690078,20,0.554693,0.530757,0.577992,20,20,0,0
recipe:olafsdottir_2017.trajectory,recipe:pfeiffer_2013,network,0.531266,0.508135,0.5564,20,0.733076,0.714663,0.75469,20,0.0296047,0.0171152,0.0420791,20,0.733076,0.714663,0.75469,20,20,0,0
recipe:olafsdottir_2017.trajectory,recipe:pfeiffer_2013_ripples,network,0.507336,0.479761,0.537953,20,0.589095,0.560054,0.619608,20,0.00416667,0,0.0125,20,0.590013,0.561403,0.619979,20,20,0,0
recipe:olafsdottir_2017.trajectory,recipe:pfeiffer_2015,network,0.508064,0.480906,0.538409,20,0.589095,0.560054,0.619608,20,0.00416667,0,0.0125,20,0.590013,0.561403,0.619979,20,20,0,0
recipe:olafsdottir_2017.trajectory,recipe:shin_2019,network,0.46271,0.437207,0.490688,20,0.589659,0.560344,0.621182,20,0.00389805,0,0.00997001,20,0.591814,0.561829,0.62331,20,20,0,0
recipe:olafsdottir_2017.trajectory,recipe:silva_2015,network,0.577228,0.551752,0.603609,20,0.70169,0.676443,0.727001,20,0.0240425,0.0100486,0.0403841,20,0.70169,0.676443,0.727001,20,20,0,0
recipe:olafsdottir_2017.trajectory,recipe:stella_2019,network,0.347882,0.327148,0.370073,20,0.52254,0.490904,0.555401,20,0.00766363,0.00236111,0.0144153,20,0.536018,0.507422,0.565881,20,20,0,0
recipe:olafsdottir_2017.trajectory,recipe:tang_2017,network,0.46271,0.437207,0.490688,20,0.589659,0.560344,0.621182,20,0.00389805,0,0.00997001,20,0.591814,0.561829,0.62331,20,20,0,0
recipe:olafsdottir_2017.trajectory,recipe:tirole_2022,network,0.605065,0.578204,0.634703,20,0.641034,0.615786,0.670218,20,0.0175439,0,0.0555556,19,0.641034,0.615786,0.670218,20,20,0,0
recipe:olafsdottir_2017.trajectory,recipe:widloski_2025,network,0.477262,0.446178,0.509694,20,0.56373,0.530191,0.597977,20,0,0,0,20,0.548839,0.514093,0.58486,20,20,0,0
recipe:olafsdottir_2017.trajectory,recipe:widloski_2025_bursts,network,0.568685,0.540337,0.598878,20,0.605536,0.575952,0.637588,20,0.0171429,0,0.0414286,20,0.590281,0.562153,0.620439,20,20,0,0
recipe:olafsdottir_2017.trajectory,recipe:wikenheiser_2013,network,0.0597509,0.0564778,0.0630031,20,0.512499,0.4899,0.537937,20,0.00150044,0.000963979,0.00203762,20,0.508229,0.483897,0.536311,20,20,0,0
recipe:olafsdottir_2017.trajectory,recipe:wu_2014,network,0.175068,0.160656,0.190417,20,0.646107,0.62363,0.670501,20,0.00722499,0.0049336,0.00969296,20,0.646107,0.62363,0.670501,20,20,0,0
recipe:olafsdottir_2017.trajectory,recipe:wu_2017,network,0.50296,0.482774,0.523327,20,0.572397,0.55087,0.597198,20,0.0157148,0.00277778,0.0310616,20,0.576934,0.557461,0.600091,20,20,0,0
recipe:olafsdottir_2017.trajectory,recipe:xu_2019,network,0.494926,0.463086,0.526669,20,0.72275,0.702482,0.745833,20,0.0261788,0.0138038,0.0408292,20,0.72275,0.702482,0.745833,20,20,0,0
recipe:olafsdottir_2017.trajectory,recipe:yamamoto_2017,network,0.459519,0.434218,0.489447,20,0.564002,0.536619,0.592539,20,0.010554,0.00236951,0.0206502,20,0.589384,0.564185,0.616307,20,20,0,0
recipe:olafsdottir_2017.trajectory,recipe:yang_2024,network,0.520971,0.497436,0.547485,20,0.551006,0.527508,0.576615,20,0,0,0,19,0.551006,0.527508,0.576615,20,20,0,0
recipe:pfeiffer_2013,recipe:pfeiffer_2013_ripples,network,0.498595,0.478753,0.519492,20,0.712574,0.691523,0.732311,20,0.00273466,0,0.00698448,20,0.712574,0.691523,0.732311,20,20,0,0
recipe:pfeiffer_2013,recipe:pfeiffer_2015,network,0.499166,0.479531,0.519944,20,0.712574,0.691523,0.732311,20,0.0027972,0,0.00710956,20,0.712574,0.691523,0.732311,20,20,0,0
recipe:pfeiffer_2013,recipe:shin_2019,network,0.478203,0.458704,0.501597,20,0.708528,0.687504,0.728822,20,0.044047,0.0299216,0.0593259,20,0.708528,0.687504,0.728822,20,20,0,0
recipe:pfeiffer_2013,recipe:silva_2015,network,0.678858,0.660545,0.698535,20,0.811749,0.792256,0.832074,20,0.335337,0.294306,0.376588,20,0.813232,0.794347,0.832443,20,20,0,0
recipe:pfeiffer_2013,recipe:stella_2019,network,0.367253,0.350313,0.385222,20,0.620519,0.597006,0.644011,20,0.0291964,0.0183524,0.0413406,20,0.62748,0.605013,0.650258,20,20,0,0
recipe:pfeiffer_2013,recipe:tang_2017,network,0.478203,0.458704,0.501597,20,0.708528,0.687504,0.728822,20,0.044047,0.0299216,0.0593259,20,0.708528,0.687504,0.728822,20,20,0,0
recipe:pfeiffer_2013,recipe:tirole_2022,network,0.508302,0.486811,0.530742,20,0.683395,0.663221,0.703751,20,0.0139655,0.00585739,0.0238014,20,0.683395,0.663221,0.703751,20,20,0,0
recipe:pfeiffer_2013,recipe:widloski_2025,network,0.41824,0.39606,0.443204,20,0.604513,0.574966,0.633313,20,0.00437222,0,0.0093408,20,0.595135,0.565742,0.624323,20,20,0,0
recipe:pfeiffer_2013,recipe:widloski_2025_bursts,network,0.461172,0.438545,0.484189,20,0.612525,0.586953,0.636617,20,0.0295344,0.0162449,0.0436292,20,0.60615,0.581216,0.629063,20,20,0,0
recipe:pfeiffer_2013,recipe:wikenheiser_2013,network,0.0964407,0.092918,0.0999707,20,0.665612,0.647421,0.683811,20,0.0216454,0.0193559,0.0239953,20,0.661431,0.645431,0.678382,20,20,0,0
recipe:pfeiffer_2013,recipe:wu_2014,network,0.277554,0.261866,0.293555,20,0.826736,0.811373,0.843508,20,0.0821829,0.0747267,0.0899147,20,0.826736,0.811373,0.843508,20,20,0,0
recipe:pfeiffer_2013,recipe:wu_2017,network,0.442291,0.423961,0.460993,20,0.61085,0.590816,0.630697,20,0.0420905,0.0243994,0.062194,20,0.611731,0.591723,0.630962,20,20,0,0
recipe:pfeiffer_2013,recipe:xu_2019,network,0.742444,0.727248,0.75841,20,0.939146,0.926594,0.952268,20,0.387339,0.362451,0.414093,20,0.939146,0.926594,0.952268,20,20,0,0
recipe:pfeiffer_2013,recipe:yamamoto_2017,network,0.441402,0.420308,0.464821,20,0.669422,0.645802,0.691772,20,0.0120478,0.0065856,0.0175636,20,0.678083,0.656808,0.698153,20,20,0,0
recipe:pfeiffer_2013,recipe:yang_2024,network,0.440931,0.416033,0.464805,20,0.594415,0.568092,0.62002,20,0.0129044,0.00524552,0.0215856,20,0.594415,0.568092,0.62002,20,20,0,0
recipe:pfeiffer_2013_ripples,recipe:pfeiffer_2015,network,0.998063,0.995238,1,20,1,1,1,20,0.989011,0.971429,1,20,1,1,1,20,20,0,0
recipe:pfeiffer_2013_ripples,recipe:shin_2019,network,0.835224,0.815741,0.849884,20,0.938692,0.929628,0.946979,20,0.427981,0.373471,0.485225,20,0.944495,0.936702,0.952842,20,20,0,0
recipe:pfeiffer_2013_ripples,recipe:silva_2015,network,0.483138,0.458198,0.509938,20,0.610102,0.585467,0.634579,20,0.00178571,0,0.00535714,20,0.611314,0.58661,0.63521,20,20,0,0
recipe:pfeiffer_2013_ripples,recipe:stella_2019,network,0.59157,0.578188,0.605001,20,0.800788,0.783934,0.818645,20,0.172197,0.148827,0.198933,20,0.813655,0.79811,0.830806,20,20,0,0
recipe:pfeiffer_2013_ripples,recipe:tang_2017,network,0.835224,0.815741,0.849884,20,0.938692,0.929628,0.946979,20,0.427981,0.373471,0.485225,20,0.944495,0.936702,0.952842,20,20,0,0
recipe:pfeiffer_2013_ripples,recipe:tirole_2022,network,0.631974,0.609368,0.65444,20,0.721457,0.696827,0.745831,20,0,0,0,20,0.721457,0.696827,0.745831,20,20,0,0
recipe:pfeiffer_2013_ripples,recipe:widloski_2025,network,0.67466,0.650598,0.69916,20,0.7115,0.685072,0.738264,20,0.448092,0.363095,0.534867,20,0.707919,0.682652,0.733024,20,20,0,0
recipe:pfeiffer_2013_ripples,recipe:widloski_2025_bursts,network,0.511469,0.495893,0.52691,20,0.583551,0.563168,0.602877,20,0,0,0,20,0.574577,0.552746,0.595685,20,20,0,0
recipe:pfeiffer_2013_ripples,recipe:wikenheiser_2013,network,0.0827765,0.0784291,0.0868038,20,0.673229,0.652148,0.694231,20,0.00667193,0.00564676,0.00761743,20,0.669318,0.648006,0.690579,20,20,0,0
recipe:pfeiffer_2013_ripples,recipe:wu_2014,network,0.202247,0.188963,0.215508,20,0.743244,0.72485,0.760665,20,0.00423206,0.00259474,0.00592308,20,0.743244,0.72485,0.760665,20,20,0,0
recipe:pfeiffer_2013_ripples,recipe:wu_2017,network,0.494746,0.476101,0.513243,20,0.594505,0.574398,0.615525,20,0.0155345,0.00357143,0.0310689,20,0.597659,0.576796,0.618543,20,20,0,0
recipe:pfeiffer_2013_ripples,recipe:xu_2019,network,0.477041,0.455342,0.498805,20,0.720476,0.698974,0.739838,20,0.00468007,0.00108696,0.00900903,20,0.720476,0.698974,0.739838,20,20,0,0
recipe:pfeiffer_2013_ripples,recipe:yamamoto_2017,network,0.599202,0.579698,0.620625,20,0.777218,0.75175,0.802169,20,0.0388476,0.0252803,0.0540368,20,0.784602,0.757952,0.810437,20,20,0,0
recipe:pfeiffer_2013_ripples,recipe:yang_2024,network,0.552343,0.525297,0.579185,20,0.629891,0.600716,0.658177,20,0,0,0,20,0.629891,0.600716,0.658177,20,20,0,0
recipe:pfeiffer_2015,recipe:shin_2019,network,0.836768,0.817284,0.852262,20,0.938692,0.929628,0.946979,20,0.432258,0.375543,0.491236,20,0.944495,0.936702,0.952842,20,20,0,0
recipe:pfeiffer_2015,recipe:silva_2015,network,0.483793,0.459138,0.510221,20,0.610102,0.585467,0.634579,20,0.00192308,0,0.00576923,20,0.611314,0.58661,0.63521,20,20,0,0
recipe:pfeiffer_2015,recipe:stella_2019,network,0.592359,0.578875,0.60582,20,0.800788,0.783934,0.818645,20,0.172813,0.149131,0.199376,20,0.813655,0.79811,0.830806,20,20,0,0
recipe:pfeiffer_2015,recipe:tang_2017,network,0.836768,0.817284,0.852262,20,0.938692,0.929628,0.946979,20,0.432258,0.375543,0.491236,20,0.944495,0.936702,0.952842,20,20,0,0
recipe:pfeiffer_2015,recipe:tirole_2022,network,0.633055,0.611072,0.65554,20,0.721457,0.696827,0.745831,20,0,0,0,20,0.721457,0.696827,0.745831,20,20,0,0
recipe:pfeiffer_2015,recipe:widloski_2025,network,0.672801,0.648737,0.69712,20,0.7115,0.685072,0.738264,20,0.438965,0.355511,0.521184,20,0.707919,0.682652,0.733024,20,20,0,0
recipe:pfeiffer_2015,recipe:widloski_2025_bursts,network,0.512359,0.496817,0.528009,20,0.583551,0.563168,0.602877,20,0,0,0,20,0.574577,0.552746,0.595685,20,20,0,0
recipe:pfeiffer_2015,recipe:wikenheiser_2013,network,0.0827884,0.0784419,0.0868125,20,0.673229,0.652148,0.694231,20,0.00667348,0.00564721,0.00761852,20,0.669318,0.648006,0.690579,20,20,0,0
recipe:pfeiffer_2015,recipe:wu_2014,network,0.20232,0.189087,0.215614,20,0.743244,0.72485,0.760665,20,0.00423423,0.00259661,0.00592465,20,0.743244,0.72485,0.760665,20,20,0,0
recipe:pfeiffer_2015,recipe:wu_2017,network,0.495493,0.477485,0.513534,20,0.594505,0.574398,0.615525,20,0.0155345,0.00357143,0.0310689,20,0.597659,0.576796,0.618543,20,20,0,0
recipe:pfeiffer_2015,recipe:xu_2019,network,0.477557,0.455673,0.499291,20,0.720476,0.698974,0.739838,20,0.00471854,0.00108696,0.00912346,20,0.720476,0.698974,0.739838,20,20,0,0
recipe:pfeiffer_2015,recipe:yamamoto_2017,network,0.600092,0.580821,0.621312,20,0.777218,0.75175,0.802169,20,0.0391942,0.0254678,0.0546495,20,0.784602,0.757952,0.810437,20,20,0,0
recipe:pfeiffer_2015,recipe:yang_2024,network,0.553399,0.526308,0.580245,20,0.629891,0.600716,0.658177,20,0,0,0,20,0.629891,0.600716,0.658177,20,20,0,0
recipe:shin_2019,recipe:silva_2015,network,0.464069,0.439402,0.490306,20,0.613372,0.588275,0.638821,20,0.054964,0.0366458,0.0730522,20,0.613372,0.588275,0.638821,20,20,0,0
recipe:shin_2019,recipe:stella_2019,network,0.629714,0.61637,0.643586,20,0.81362,0.795617,0.832975,20,0.269934,0.253654,0.286308,20,0.839935,0.826309,0.854374,20,20,0,0
recipe:shin_2019,recipe:tang_2017,network,1,1,1,20,1,1,1,20,1,1,1,20,1,1,1,20,20,0,0
recipe:shin_2019,recipe:tirole_2022,network,0.579726,0.557522,0.602793,20,0.727757,0.703327,0.752851,20,0.0185557,0.00648148,0.0328233,20,0.727757,0.703327,0.752851,20,20,0,0
recipe:shin_2019,recipe:widloski_2025,network,0.623652,0.602652,0.643757,20,0.738478,0.710809,0.766403,20,0.250934,0.197304,0.310692,20,0.733427,0.708091,0.759479,20,20,0,0
recipe:shin_2019,recipe:widloski_2025_bursts,network,0.47865,0.45787,0.498924,20,0.590853,0.568343,0.611006,20,0.0323445,0.0143963,0.0514961,20,0.58049,0.556949,0.603018,20,20,0,0
recipe:shin_2019,recipe:wikenheiser_2013,network,0.0851503,0.081287,0.088934,20,0.647283,0.629387,0.665802,20,0.0128817,0.0114633,0.0144672,20,0.643454,0.62545,0.662285,20,20,0,0
recipe:shin_2019,recipe:wu_2014,network,0.205881,0.193419,0.218658,20,0.721121,0.703612,0.738184,20,0.0220012,0.017384,0.0268435,20,0.722257,0.703887,0.739799,20,20,0,0
recipe:shin_2019,recipe:wu_2017,network,0.470754,0.45281,0.490142,20,0.583876,0.564016,0.603767,20,0.0786998,0.0528844,0.106882,20,0.595432,0.576308,0.613669,20,20,0,0
recipe:shin_2019,recipe:xu_2019,network,0.473426,0.452852,0.495396,20,0.715566,0.694189,0.736016,20,0.0653066,0.0509903,0.0814426,20,0.715566,0.694189,0.736016,20,20,0,0
recipe:shin_2019,recipe:yamamoto_2017,network,0.560998,0.53871,0.581163,20,0.757185,0.732889,0.780804,20,0.069825,0.0515284,0.0888739,20,0.777486,0.74964,0.804924,20,20,0,0
recipe:shin_2019,recipe:yang_2024,network,0.515415,0.48903,0.540789,20,0.650314,0.619889,0.680012,20,0.016357,0.00529891,0.0288519,20,0.650314,0.619889,0.680012,20,20,0,0
recipe:silva_2015,recipe:stella_2019,network,0.352197,0.333458,0.371667,20,0.549065,0.522438,0.575068,20,0.025781,0.0163064,0.0363599,20,0.555171,0.530286,0.579604,20,20,0,0
recipe:silva_2015,recipe:tang_2017,network,0.464069,0.439402,0.490306,20,0.613372,0.588275,0.638821,20,0.054964,0.0366458,0.0730522,20,0.613372,0.588275,0.638821,20,20,0,0
recipe:silva_2015,recipe:tirole_2022,network,0.570019,0.54283,0.599249,20,0.671007,0.645802,0.695962,20,0.0136354,0.003125,0.0270459,20,0.671007,0.645802,0.695962,20,20,0,0
recipe:silva_2015,recipe:widloski_2025,network,0.447747,0.42222,0.475494,20,0.573032,0.547868,0.602218,20,0.003125,0,0.009375,20,0.564147,0.537822,0.5946,20,20,0,0
recipe:silva_2015,recipe:widloski_2025_bursts,network,0.554405,0.526014,0.584485,20,0.649291,0.617071,0.681001,20,0.0377911,0.0166622,0.061409,20,0.64182,0.611789,0.672121,20,20,0,0
recipe:silva_2015,recipe:wikenheiser_2013,network,0.0731132,0.0698843,0.0764316,20,0.552874,0.532037,0.575076,20,0.0106414,0.00888666,0.0125171,20,0.548124,0.529321,0.56941,20,20,0,0
recipe:silva_2015,recipe:wu_2014,network,0.207689,0.193909,0.221253,20,0.681227,0.661716,0.701951,20,0.0379005,0.0315466,0.0441656,20,0.682442,0.662943,0.703165,20,20,0,0
recipe:silva_2015,recipe:wu_2017,network,0.48163,0.456035,0.511412,20,0.597784,0.566193,0.630925,20,0.0369907,0.0170526,0.0593924,20,0.598718,0.56799,0.631032,20,20,0,0
recipe:silva_2015,recipe:xu_2019,network,0.587542,0.562497,0.612209,20,0.781204,0.761365,0.801113,20,0.199404,0.169269,0.230066,20,0.781204,0.761365,0.801113,20,20,0,0
recipe:silva_2015,recipe:yamamoto_2017,network,0.446395,0.417057,0.478145,20,0.608116,0.578495,0.637848,20,0.00762438,0.00192308,0.0148222,20,0.610866,0.582113,0.639584,20,20,0,0
recipe:silva_2015,recipe:yang_2024,network,0.473621,0.449031,0.499597,20,0.555902,0.531794,0.57831,20,0.0110581,0,0.0243506,20,0.555902,0.531794,0.57831,20,20,0,0
recipe:stella_2019,recipe:tang_2017,network,0.629714,0.61637,0.643586,20,0.81362,0.795617,0.832975,20,0.269934,0.253654,0.286308,20,0.839935,0.826309,0.854374,20,20,0,0
recipe:stella_2019,recipe:tirole_2022,network,0.438757,0.421242,0.45593,20,0.67325,0.647396,0.698989,20,0.00740735,0.00119048,0.0156563,20,0.674792,0.648784,0.700954,20,20,0,0
recipe:stella_2019,recipe:widloski_2025,network,0.501412,0.484979,0.516614,20,0.747904,0.729575,0.766787,20,0.111462,0.0911123,0.132613,20,0.730241,0.711557,0.747863,20,20,0,0
recipe:stella_2019,recipe:widloski_2025_bursts,network,0.366008,0.352259,0.379245,20,0.547109,0.529819,0.564369,20,0.0157465,0.00572089,0.026832,20,0.526646,0.507392,0.545106,20,20,0,0
recipe:stella_2019,recipe:wikenheiser_2013,network,0.0733452,0.0700743,0.0764244,20,0.565209,0.550581,0.580757,20,0.0118014,0.01033,0.0133126,20,0.556291,0.541062,0.572111,20,20,0,0
recipe:stella_2019,recipe:wu_2014,network,0.174481,0.166192,0.182569,20,0.625919,0.610077,0.641191,20,0.0243505,0.020097,0.0289429,20,0.631371,0.616345,0.64686,20,20,0,0
recipe:stella_2019,recipe:wu_2017,network,0.347052,0.331875,0.362675,20,0.508248,0.488072,0.528534,20,0.0392896,0.0266465,0.0538142,20,0.533582,0.512576,0.553684,20,20,0,0
recipe:stella_2019,recipe:xu_2019,network,0.368198,0.351078,0.385115,20,0.627907,0.604118,0.650858,20,0.0493063,0.0391089,0.0599347,20,0.632059,0.60826,0.654393,20,20,0,0
recipe:stella_2019,recipe:yamamoto_2017,network,0.44303,0.426281,0.460889,20,0.652372,0.624225,0.681828,20,0.0687578,0.0500635,0.0920411,20,0.706536,0.681366,0.731203,20,20,0,0
recipe:stella_2019,recipe:yang_2024,network,0.418033,0.396172,0.44195,20,0.662319,0.628029,0.696212,20,0.00312805,0,0.00786901,20,0.663483,0.630263,0.696742,20,20,0,0
recipe:tang_2017,recipe:tirole_2022,network,0.579726,0.557522,0.602793,20,0.727757,0.703327,0.752851,20,0.0185557,0.00648148,0.0328233,20,0.727757,0.703327,0.752851,20,20,0,0
recipe:tang_2017,recipe:widloski_2025,network,0.623652,0.602652,0.643757,20,0.738478,0.710809,0.766403,20,0.250934,0.197304,0.310692,20,0.733427,0.708091,0.759479,20,20,0,0
recipe:tang_2017,recipe:widloski_2025_bursts,network,0.47865,0.45787,0.498924,20,0.590853,0.568343,0.611006,20,0.0323445,0.0143963,0.0514961,20,0.58049,0.556949,0.603018,20,20,0,0
recipe:tang_2017,recipe:wikenheiser_2013,network,0.0851503,0.081287,0.088934,20,0.647283,0.629387,0.665802,20,0.0128817,0.0114633,0.0144672,20,0.643454,0.62545,0.662285,20,20,0,0
recipe:tang_2017,recipe:wu_2014,network,0.205881,0.193419,0.218658,20,0.721121,0.703612,0.738184,20,0.0220012,0.017384,0.0268435,20,0.722257,0.703887,0.739799,20,20,0,0
recipe:tang_2017,recipe:wu_2017,network,0.470754,0.45281,0.490142,20,0.583876,0.564016,0.603767,20,0.0786998,0.0528844,0.106882,20,0.595432,0.576308,0.613669,20,20,0,0
recipe:tang_2017,recipe:xu_2019,network,0.473426,0.452852,0.495396,20,0.715566,0.694189,0.736016,20,0.0653066,0.0509903,0.0814426,20,0.715566,0.694189,0.736016,20,20,0,0
recipe:tang_2017,recipe:yamamoto_2017,network,0.560998,0.53871,0.581163,20,0.757185,0.732889,0.780804,20,0.069825,0.0515284,0.0888739,20,0.777486,0.74964,0.804924,20,20,0,0
recipe:tang_2017,recipe:yang_2024,network,0.515415,0.48903,0.540789,20,0.650314,0.619889,0.680012,20,0.016357,0.00529891,0.0288519,20,0.650314,0.619889,0.680012,20,20,0,0
recipe:tirole_2022,recipe:widloski_2025,network,0.599476,0.576317,0.624354,20,0.692619,0.665624,0.720359,20,0,0,0,20,0.677774,0.649818,0.706378,20,20,0,0
recipe:tirole_2022,recipe:widloski_2025_bursts,network,0.684125,0.663396,0.707829,20,0.700319,0.680667,0.723839,20,0.0852941,0,0.216691,17,0.676697,0.657036,0.6982,20,20,0,0
recipe:tirole_2022,recipe:wikenheiser_2013,network,0.0597847,0.0569352,0.0625495,20,0.522581,0.500374,0.544679,20,0.00069344,0.000307096,0.00113974,20,0.51654,0.494331,0.538396,20,20,0,0
recipe:tirole_2022,recipe:wu_2014,network,0.170288,0.157768,0.183717,20,0.632849,0.610672,0.654454,20,0.00279384,0.00156263,0.00408173,20,0.632849,0.610672,0.654454,20,20,0,0
recipe:tirole_2022,recipe:wu_2017,network,0.560405,0.535812,0.585178,20,0.620876,0.59541,0.647043,20,0.0288131,0.00870265,0.0543687,20,0.621942,0.596783,0.648057,20,20,0,0
recipe:tirole_2022,recipe:xu_2019,network,0.472896,0.445453,0.499322,20,0.673407,0.650428,0.696924,20,0.0140501,0.00672215,0.0222453,20,0.673407,0.650428,0.696924,20,20,0,0
recipe:tirole_2022,recipe:yamamoto_2017,network,0.581826,0.555031,0.609852,20,0.723718,0.70107,0.74478,20,0.012252,0,0.027629,20,0.723718,0.70107,0.74478,20,20,0,0
recipe:tirole_2022,recipe:yang_2024,network,0.626149,0.600081,0.652741,20,0.632865,0.606937,0.658778,20,0.153846,0,0.333333,13,0.632865,0.606937,0.658778,20,20,0,0
recipe:widloski_2025,recipe:widloski_2025_bursts,network,0.524809,0.499882,0.550763,20,0.607497,0.581854,0.635393,20,0,0,0,20,0.594998,0.56868,0.624329,20,20,0,0
recipe:widloski_2025,recipe:wikenheiser_2013,network,0.0622376,0.0594173,0.0648018,20,0.503333,0.482792,0.527492,20,0.00594638,0.00496122,0.0069708,20,0.501914,0.481031,0.526419,20,20,0,0
recipe:widloski_2025,recipe:wu_2014,network,0.157514,0.147191,0.168653,20,0.578741,0.556228,0.605379,20,0.00668088,0.0046718,0.00889179,20,0.57507,0.552443,0.602257,20,20,0,0
recipe:widloski_2025,recipe:wu_2017,network,0.442091,0.419791,0.464473,20,0.546295,0.519797,0.573597,20,0,0,0,20,0.531484,0.505304,0.558426,20,20,0,0
recipe:widloski_2025,recipe:xu_2019,network,0.397772,0.373835,0.422534,20,0.607965,0.580068,0.636856,20,0.00768751,0,0.0163526,20,0.598961,0.568616,0.628601,20,20,0,0
recipe:widloski_2025,recipe:yamamoto_2017,network,0.506642,0.483505,0.53357,20,0.688975,0.661989,0.717859,20,0.0159849,0.00563026,0.0281669,20,0.666441,0.640754,0.697261,20,20,0,0
recipe:widloski_2025,recipe:yang_2024,network,0.589241,0.561609,0.615637,20,0.683053,0.657018,0.710151,20,0,0,0,20,0.65638,0.632769,0.679854,20,20,0,0
recipe:widloski_2025_bursts,recipe:wikenheiser_2013,network,0.0574163,0.0551413,0.0599013,20,0.493893,0.467452,0.520642,20,0.00147635,0.000880914,0.00217275,20,0.492521,0.465673,0.520084,20,20,0,0
recipe:widloski_2025_bursts,recipe:wu_2014,network,0.157096,0.146223,0.168589,20,0.569126,0.543793,0.592352,20,0.00536888,0.00302931,0.00809293,20,0.566286,0.541404,0.589204,20,20,0,0
recipe:widloski_2025_bursts,recipe:wu_2017,network,0.608121,0.587981,0.627755,20,0.662314,0.638751,0.686695,20,0.093409,0.0537446,0.136298,20,0.645684,0.618112,0.67469,20,20,0,0
recipe:widloski_2025_bursts,recipe:xu_2019,network,0.436813,0.410233,0.464374,20,0.608662,0.584222,0.63429,20,0.0303364,0.0150385,0.0477811,20,0.602457,0.578953,0.626137,20,20,0,0
recipe:widloski_2025_bursts,recipe:yamamoto_2017,network,0.49724,0.473668,0.520818,20,0.619695,0.599435,0.638224,20,0.00767045,0,0.0198864,20,0.59931,0.580627,0.616667,20,20,0,0
recipe:widloski_2025_bursts,recipe:yang_2024,network,0.527773,0.502645,0.552347,20,0.540912,0.51696,0.564581,20,0,0,0,16,0.519637,0.499185,0.540662,20,20,0,0
recipe:wikenheiser_2013,recipe:wu_2014,network,0.235397,0.223549,0.246587,20,0.76337,0.747745,0.777853,20,0.166939,0.154304,0.17893,20,0.75919,0.741965,0.775228,20,20,0,0
recipe:wikenheiser_2013,recipe:wu_2017,network,0.0600716,0.0571594,0.0628079,20,0.498055,0.483795,0.512459,20,0.00383221,0.00286214,0.00493995,20,0.495032,0.48085,0.509743,20,20,0,0
recipe:wikenheiser_2013,recipe:xu_2019,network,0.099153,0.0957634,0.102427,20,0.679045,0.664111,0.694037,20,0.0230811,0.0202255,0.0261883,20,0.674783,0.661682,0.688329,20,20,0,0
recipe:wikenheiser_2013,recipe:yamamoto_2017,network,0.0681041,0.0640724,0.0720773,20,0.582762,0.563952,0.601767,20,0.00305509,0.00175064,0.00482249,20,0.572895,0.551326,0.594754,20,20,0,0
recipe:wikenheiser_2013,recipe:yang_2024,network,0.0495716,0.0464789,0.0522632,20,0.436513,0.415732,0.458314,20,0.00018725,0,0.000430618,20,0.428724,0.407751,0.451069,20,20,0,0
recipe:wu_2014,recipe:wu_2017,network,0.161379,0.151652,0.172169,20,0.570896,0.552697,0.588847,20,0.0125398,0.00872805,0.016861,20,0.572448,0.555007,0.589854,20,20,0,0
recipe:wu_2014,recipe:xu_2019,network,0.280836,0.267022,0.295313,20,0.83772,0.822219,0.853207,20,0.0872543,0.0772332,0.098388,20,0.83772,0.822219,0.853207,20,20,0,0
recipe:wu_2014,recipe:yamamoto_2017,network,0.171786,0.160029,0.183614,20,0.653709,0.633743,0.670694,20,0.00385924,0.00265217,0.00509379,20,0.663417,0.643574,0.680673,20,20,0,0
recipe:wu_2014,recipe:yang_2024,network,0.140431,0.130581,0.151429,20,0.530342,0.502044,0.558098,20,0.00138117,0.000580866,0.00228756,20,0.530342,0.502044,0.558098,20,20,0,0
recipe:wu_2017,recipe:xu_2019,network,0.425471,0.408417,0.443447,20,0.605337,0.584825,0.624504,20,0.0555217,0.0412367,0.0716404,20,0.605337,0.584825,0.624504,20,20,0,0
recipe:wu_2017,recipe:yamamoto_2017,network,0.502114,0.471903,0.530907,20,0.62175,0.59546,0.647146,20,0.0589724,0.0403716,0.0789472,20,0.646923,0.620853,0.672328,20,20,0,0
recipe:wu_2017,recipe:yang_2024,network,0.476289,0.460047,0.492573,20,0.528737,0.510134,0.545894,20,0.0138889,0,0.0305556,20,0.528737,0.510134,0.545894,20,20,0,0
recipe:xu_2019,recipe:yamamoto_2017,network,0.4242,0.401989,0.447693,20,0.678471,0.655799,0.700574,20,0.0111049,0.0065263,0.0156717,20,0.680247,0.658887,0.701728,20,20,0,0
recipe:xu_2019,recipe:yang_2024,network,0.414131,0.392156,0.437103,20,0.599309,0.57396,0.623587,20,0.00951137,0.00394817,0.0160891,20,0.599309,0.57396,0.623587,20,20,0,0
recipe:yamamoto_2017,recipe:yang_2024,network,0.543473,0.511133,0.576876,20,0.678214,0.64747,0.707686,20,0.0214588,0.00647773,0.0390719,20,0.678214,0.64747,0.707686,20,20,0,0
