factor,level,condition_id,method,setting,primary_expression,scoring,measure,n_replicates,value,value_low,value_high,change,change_low,change_high,change_p,n_draws,n_defined,n_defined_reference,n_events,n_events_reference,n_dropped,n_failures
ripple_snr,low,ripple_snr=low,Carey_candidate_detector,default,network,interval,median_onset_error,10,0.00208611,0.000707783,0.00369939,-0.00022429,-0.000638675,3.40606e-05,0.109,2000,10,10,906,891,0,0
ripple_snr,low,ripple_snr=low,Karlsson_ripple_detector,default,ripple,interval,median_onset_error,10,0.00530983,0.00424942,0.0068097,0.0131461,0.010156,0.0160926,0,2000,10,10,400,739,0,0
ripple_snr,low,ripple_snr=low,Kay_ripple_detector,default,ripple,interval,median_onset_error,10,0.00716547,0.00577834,0.00818499,0.00643686,0.00545827,0.00738313,0,2000,10,10,663,844,0,0
ripple_snr,low,ripple_snr=low,Long_sharp_wave_ripple_detector,default,ripple,interval,median_onset_error,10,0.0123938,0.0103324,0.0144115,0.000194001,-0.000838603,0.00111837,0.573,2000,10,10,516,704,0,0
ripple_snr,low,ripple_snr=low,Roumis_ripple_detector,default,ripple,interval,median_onset_error,10,0.00735011,0.00602305,0.00878845,0.00681523,0.00588154,0.0081198,0,2000,10,10,674,845,0,0
ripple_snr,low,ripple_snr=low,Shvartsman_ripple_detector,default,ripple,interval,median_onset_error,10,-0.00125703,-0.00465681,0.00304129,0.00836828,0.00505118,0.012698,0,2000,10,10,231,677,0,0
ripple_snr,low,ripple_snr=low,Yu_ripple_detector,default,ripple,interval,median_onset_error,10,0.0088097,0.00798291,0.00996488,0.00710035,0.00630475,0.00799144,0,2000,10,10,665,865,0,0
ripple_snr,low,ripple_snr=low,Zugaro_ripple_detector,default,ripple,interval,median_onset_error,10,0.0221431,0.0203746,0.0246239,0.00823662,0.00638163,0.0106472,0,2000,10,10,238,689,0,0
ripple_snr,low,ripple_snr=low,multiunit_HSE_detector,default,burst,interval,median_onset_error,10,-0.0215494,-0.0233774,-0.0202821,0,0,0,1,2000,10,10,911,911,0,0
ripple_snr,low,ripple_snr=low,recipe:ambrose_2016,literature,ripple,interval,median_onset_error,10,-0.0106115,-0.0113052,-0.00837961,0.00513143,0.003928,0.0074631,0,2000,10,10,576,743,0,0
ripple_snr,low,ripple_snr=low,recipe:bendor_2012,literature,burst,interval,median_onset_error,10,0.011512,0.0104613,0.0123958,0,0,0,1,2000,10,10,655,655,0,0
ripple_snr,low,ripple_snr=low,recipe:berners_lee_2021,literature,ripple,interval,median_onset_error,10,-0.0100778,-0.0125856,-0.00702923,0.00548105,0.00392206,0.00731968,0,2000,10,10,739,806,0,0
ripple_snr,low,ripple_snr=low,recipe:berners_lee_2022,literature,burst,interval,median_onset_error,10,-0.0130479,-0.0159764,-0.0103579,0,0,0,1,2000,10,10,668,668,0,0
ripple_snr,low,ripple_snr=low,recipe:bhattarai_2020,literature,network,interval,median_onset_error,10,-0.0730834,-0.102113,-0.0494314,0.0100454,-0.0153959,0.035359,0.54,2000,10,10,113,418,0,0
ripple_snr,low,ripple_snr=low,recipe:bhattarai_2020_ripples,literature,ripple,interval,median_onset_error,10,0.0112411,0.00823632,0.0143498,0.00973531,0.0066938,0.0130916,0,2000,10,10,128,474,0,0
ripple_snr,low,ripple_snr=low,recipe:bush_2022,literature,burst,interval,median_onset_error,10,0.000963743,-0.000634348,0.00233178,0,0,0,1,2000,10,10,617,617,0,0
ripple_snr,low,ripple_snr=low,recipe:carey_2019,literature,network,interval,median_onset_error,10,0.0128437,0.0119417,0.013634,0.000137173,-0.000222158,0.000831155,0.358,2000,10,10,897,900,0,0
ripple_snr,low,ripple_snr=low,recipe:carr_2012,literature,ripple,interval,median_onset_error,10,0.00530983,0.00424942,0.0068097,0.0131461,0.010156,0.0160926,0,2000,10,10,400,739,0,0
ripple_snr,low,ripple_snr=low,recipe:chenani_2019,literature,burst,interval,median_onset_error,10,-0.0188819,-0.021828,-0.0175617,0,0,0,1,2000,10,10,671,671,0,0
ripple_snr,low,ripple_snr=low,recipe:davidson_2009,literature,burst,interval,median_onset_error,10,-0.0208446,-0.0222665,-0.0193016,0,0,0,1,2000,10,10,784,784,0,0
ripple_snr,low,ripple_snr=low,recipe:denovellis_2021,literature,ripple,interval,median_onset_error,10,0.00841992,0.00704984,0.00937269,0.00738283,0.00606896,0.00854671,0,2000,10,10,640,845,0,0
ripple_snr,low,ripple_snr=low,recipe:denovellis_2021_mua,literature,burst,interval,median_onset_error,10,-0.0216321,-0.0237751,-0.0199833,0,0,0,1,2000,10,10,910,910,0,0
ripple_snr,low,ripple_snr=low,recipe:diba_2007,literature,burst,interval,median_onset_error,10,-0.0727517,-0.099299,-0.0577457,0,0,0,1,2000,10,10,251,251,0,0
ripple_snr,low,ripple_snr=low,recipe:drieu_2018,literature,burst,interval,median_onset_error,10,-0.00404978,-0.00568393,-0.00285607,0,0,0,1,2000,10,10,769,769,0,0
ripple_snr,low,ripple_snr=low,recipe:farooq_2019_neuron,literature,burst,interval,median_onset_error,10,0.0114778,0.00791052,0.0138605,0,0,0,1,2000,10,10,274,274,0,0
ripple_snr,low,ripple_snr=low,recipe:farooq_2019_science,literature,burst,interval,median_onset_error,10,0.0114778,0.0079113,0.0138605,0,0,0,1,2000,10,10,272,272,0,0
ripple_snr,low,ripple_snr=low,recipe:farooq_2019_science_awake,literature,burst,interval,median_onset_error,10,0.0114778,0.0079113,0.0138605,0,0,0,1,2000,10,10,272,272,0,0
ripple_snr,low,ripple_snr=low,recipe:foster_2006,literature,burst,interval,median_onset_error,10,-0.00603709,-0.0101548,0.00259616,0,0,0,1,2000,10,10,145,145,0,0
ripple_snr,low,ripple_snr=low,recipe:foster_2006_ripples,literature,ripple,interval,median_onset_error,10,-0.000909495,-0.152041,0.0957341,-0.0346521,-0.186804,0.0634258,0.78453,1991,4,10,4,76,0,0
ripple_snr,low,ripple_snr=low,recipe:gillespie_2021,literature,ripple,interval,median_onset_error,10,0.00716547,0.00577834,0.00818499,0.00643686,0.00545827,0.00738313,0,2000,10,10,663,844,0,0
ripple_snr,low,ripple_snr=low,recipe:gillespie_2021_mua,literature,burst,interval,median_onset_error,10,-0.0208446,-0.0224039,-0.0192365,0,0,0,1,2000,10,10,804,804,0,0
ripple_snr,low,ripple_snr=low,recipe:gridchyn_2020,literature,burst,interval,median_onset_error,10,0.0114932,0.00973624,0.0128004,0,0,0,1,2000,10,10,872,872,0,0
ripple_snr,low,ripple_snr=low,recipe:grosmark_2016,literature,network,interval,median_onset_error,10,-0.0119054,-0.0142096,-0.00983625,0.00192997,-0.000294406,0.00506591,0.143,2000,10,10,196,454,0,0
ripple_snr,low,ripple_snr=low,recipe:gupta_2010,literature,ripple,interval,median_onset_error,10,0.00671451,0.00555245,0.00782536,0.00606504,0.00489031,0.00756558,0,2000,10,10,738,816,0,0
ripple_snr,low,ripple_snr=low,recipe:harvey_2023_code,literature,ripple,interval,median_onset_error,10,0.01412,0.0118689,0.0171891,0.000711855,-0.000624692,0.00228738,0.332,2000,10,10,421,575,0,0
ripple_snr,low,ripple_snr=low,recipe:harvey_2023_no_radiatum,literature,ripple,interval,median_onset_error,10,0.00163754,-0.00502751,0.00695907,0.00161637,-0.00383176,0.00740963,0.443,2000,10,10,390,609,0,0
ripple_snr,low,ripple_snr=low,recipe:harvey_2023_text,literature,ripple,interval,median_onset_error,10,0.0223856,0.018185,0.0259873,0.00801845,0.00407282,0.0112354,0,2000,10,10,181,617,0,0
ripple_snr,low,ripple_snr=low,recipe:huelin_gorriz_2023,literature,network,interval,median_onset_error,10,-0.0146484,-0.0192805,-0.0127202,-0.000278442,-0.00332277,0.00110419,0.743,2000,10,10,414,557,0,0
ripple_snr,low,ripple_snr=low,recipe:igata_2021,literature,burst,interval,median_onset_error,10,-0.0208446,-0.0230458,-0.0189872,0,0,0,1,2000,10,10,912,912,0,0
ripple_snr,low,ripple_snr=low,recipe:igata_2021_ripples,literature,ripple,interval,median_onset_error,10,0.00535935,0.00393454,0.00643158,0.00418298,0.00275236,0.00524181,0,2000,10,10,718,890,0,0
ripple_snr,low,ripple_snr=low,recipe:jadhav_2016,literature,ripple,interval,median_onset_error,10,0.00474218,0.00305699,0.00587722,0.0125716,0.00961451,0.0152807,0,2000,10,10,347,598,0,0
ripple_snr,low,ripple_snr=low,recipe:ji_2007,literature,burst,interval,median_onset_error,10,0.0177528,0.0144042,0.0203139,0,0,0,1,2000,10,10,685,685,0,0
ripple_snr,low,ripple_snr=low,recipe:ji_2007_ripples,literature,ripple,interval,median_onset_error,10,-0.0909095,-0.128432,-0.0533866,-0.0375229,-0.137534,0.0649939,0.99275,1793,2,4,2,5,0,0
ripple_snr,low,ripple_snr=low,recipe:kaefer_2020,literature,ripple,interval,median_onset_error,10,-0.213769,-0.250708,-0.16672,-0.0670488,-0.148965,-0.0184038,0.00502765,1989,4,7,4,11,0,0
ripple_snr,low,ripple_snr=low,recipe:karlsson_2009,literature,ripple,interval,median_onset_error,10,0.00530983,0.00424942,0.0068097,0.0131461,0.010156,0.0160926,0,2000,10,10,400,739,0,0
ripple_snr,low,ripple_snr=low,recipe:krause_2022,literature,network,interval,median_onset_error,10,0.0190443,0.0163149,0.0204361,0.00461503,0.00306068,0.00555117,0,2000,10,10,508,676,0,0
ripple_snr,low,ripple_snr=low,recipe:krause_2022_hse,literature,burst,interval,median_onset_error,10,-0.0323931,-0.0346551,-0.0290887,0,0,0,1,2000,10,10,801,801,0,0
ripple_snr,low,ripple_snr=low,recipe:kudrimoti_1999,literature,ripple,interval,median_onset_error,10,,,,,,,,0,0,10,0,25,0,0
ripple_snr,low,ripple_snr=low,recipe:lee_2002,literature,burst,interval,median_onset_error,10,-0.0383037,-0.0457685,-0.0332465,0,0,0,1,2000,10,10,929,929,0,0
ripple_snr,low,ripple_snr=low,recipe:lee_2002_ripples,literature,ripple,interval,median_onset_error,10,-0.000909495,-0.152041,0.0957341,-0.0346521,-0.186804,0.0634258,0.78453,1991,4,10,4,76,0,0
ripple_snr,low,ripple_snr=low,recipe:liu_2019,literature,burst,interval,median_onset_error,10,-0.147592,-0.157828,-0.132624,0,0,0,1,2000,10,10,825,825,0,0
ripple_snr,low,ripple_snr=low,recipe:liu_2019_awake,literature,burst,interval,median_onset_error,10,-0.147592,-0.157828,-0.132624,0,0,0,1,2000,10,10,825,825,0,0
ripple_snr,low,ripple_snr=low,recipe:liu_2023,literature,network,interval,median_onset_error,10,-0.0068309,-0.0100021,-0.00359166,0.000354882,-0.00223817,0.00251167,0.59,2000,10,10,362,470,0,0
ripple_snr,low,ripple_snr=low,recipe:maboudi_2018,literature,burst,interval,median_onset_error,10,-0.0325385,-0.0350644,-0.0294038,0,0,0,1,2000,10,10,775,775,0,0
ripple_snr,low,ripple_snr=low,recipe:maboudi_2018_open_field,literature,burst,interval,median_onset_error,10,-0.00269756,-0.00399852,-8.80208e-05,0,0,0,1,2000,10,10,721,721,0,0
ripple_snr,low,ripple_snr=low,recipe:mallory_2025,literature,burst,interval,median_onset_error,10,-0.0155739,-0.0176664,-0.0144297,0,0,0,1,2000,10,10,743,743,0,0
ripple_snr,low,ripple_snr=low,recipe:mallory_2025_ripples,literature,ripple,interval,median_onset_error,10,-0.0100175,-0.0141189,-0.00691361,0.00702209,0.00440957,0.00929708,0,2000,10,10,449,704,0,0
ripple_snr,low,ripple_snr=low,recipe:michon_2019,literature,network,interval,median_onset_error,10,-0.00788777,-0.0140677,0.00939708,-0.00623346,-0.0133776,0.0132851,0.691,2000,8,10,14,273,0,0
ripple_snr,low,ripple_snr=low,recipe:michon_2021,literature,network,interval,median_onset_error,10,-0.00788777,-0.0140677,0.00939708,-0.00623346,-0.0133776,0.0132851,0.691,2000,8,10,14,273,0,0
ripple_snr,low,ripple_snr=low,recipe:mou_2022,literature,burst,interval,median_onset_error,10,-0.0462975,-0.0555394,-0.0401892,0,0,0,1,2000,10,10,838,838,0,0
ripple_snr,low,ripple_snr=low,recipe:muessig_2019,literature,network,interval,median_onset_error,10,0.0295927,0.0232457,0.0356514,0.00334292,0.000153312,0.00730974,0.035,2000,10,10,96,116,0,0
ripple_snr,low,ripple_snr=low,recipe:muessig_2019_ripples,literature,ripple,interval,median_onset_error,10,-0.00880304,-0.0120324,-0.00616387,-0.000297586,-0.00390979,0.00164652,0.544,2000,10,10,718,893,0,0
ripple_snr,low,ripple_snr=low,recipe:nadasdy_1999,literature,ripple,interval,median_onset_error,10,0.0109992,0.00642986,0.0167271,0.00609971,0.00133619,0.0118479,0.001,2000,10,10,59,471,0,0
ripple_snr,low,ripple_snr=low,recipe:olafsdottir_2015,literature,burst,interval,median_onset_error,10,0.00534263,0.00360919,0.00774539,0,0,0,1,2000,10,10,662,662,0,0
ripple_snr,low,ripple_snr=low,recipe:olafsdottir_2015.bayesian_candidates,literature,burst,interval,median_onset_error,10,0.004886,0.00284124,0.00630589,0,0,0,1,2000,10,10,599,599,0,0
ripple_snr,low,ripple_snr=low,recipe:olafsdottir_2016,literature,burst,interval,median_onset_error,10,0.011116,0.00799637,0.0127389,0,0,0,1,2000,10,10,558,558,0,0
ripple_snr,low,ripple_snr=low,recipe:olafsdottir_2017,literature,burst,interval,median_onset_error,10,0.0122048,0.0108757,0.0136994,0,0,0,1,2000,10,10,744,744,0,0
ripple_snr,low,ripple_snr=low,recipe:olafsdottir_2017.trajectory,literature,burst,interval,median_onset_error,10,0.011116,0.00799637,0.0127389,0,0,0,1,2000,10,10,558,558,0,0
ripple_snr,low,ripple_snr=low,recipe:pfeiffer_2013,literature,burst,interval,median_onset_error,10,-0.00269756,-0.00399852,-8.80208e-05,0,0,0,1,2000,10,10,721,721,0,0
ripple_snr,low,ripple_snr=low,recipe:pfeiffer_2013_ripples,literature,ripple,interval,median_onset_error,10,-0.0106115,-0.0113052,-0.00837961,0.00513143,0.003928,0.0074631,0,2000,10,10,576,743,0,0
ripple_snr,low,ripple_snr=low,recipe:pfeiffer_2015,literature,ripple,interval,median_onset_error,10,-0.0107163,-0.0113936,-0.0083797,0.00502663,0.00379338,0.00735495,0,2000,10,10,573,743,0,0
ripple_snr,low,ripple_snr=low,recipe:shin_2019,literature,ripple,interval,median_onset_error,10,0.00530983,0.00424942,0.0068097,0.0131461,0.010156,0.0160926,0,2000,10,10,400,739,0,0
ripple_snr,low,ripple_snr=low,recipe:silva_2015,literature,burst,interval,median_onset_error,10,-0.0122142,-0.0153682,-0.0101496,0,0,0,1,2000,10,10,606,606,0,0
ripple_snr,low,ripple_snr=low,recipe:stella_2019,literature,ripple,interval,median_onset_error,10,0.0218311,0.0174522,0.0252577,0.0109962,0.00694016,0.0135226,0,2000,10,10,224,680,0,0
ripple_snr,low,ripple_snr=low,recipe:tang_2017,literature,ripple,interval,median_onset_error,10,0.00530983,0.00424942,0.0068097,0.0131461,0.010156,0.0160926,0,2000,10,10,400,739,0,0
ripple_snr,low,ripple_snr=low,recipe:tirole_2022,literature,network,interval,median_onset_error,10,-0.0146484,-0.0192805,-0.0127202,-0.000278442,-0.00332277,0.00110419,0.743,2000,10,10,414,557,0,0
ripple_snr,low,ripple_snr=low,recipe:widloski_2025,literature,ripple,interval,median_onset_error,10,-0.184634,-0.221464,-0.156378,-0.0164076,-0.0484075,0.00862638,0.299,2000,10,10,260,518,0,0
ripple_snr,low,ripple_snr=low,recipe:widloski_2025_bursts,literature,burst,interval,median_onset_error,10,-0.168573,-0.174543,-0.15673,0,0,0,1,2000,10,10,518,518,0,0
ripple_snr,low,ripple_snr=low,recipe:wikenheiser_2013,literature,ripple,interval,median_onset_error,10,-0.227359,-0.264745,-0.19195,-0.0809655,-0.104218,-0.0543955,0,2000,10,10,814,849,0,0
ripple_snr,low,ripple_snr=low,recipe:wu_2014,literature,burst,interval,median_onset_error,10,-0.0163562,-0.018528,-0.014373,0,0,0,1,2000,10,10,844,844,0,0
ripple_snr,low,ripple_snr=low,recipe:wu_2017,literature,burst,interval,median_onset_error,10,0.0117571,0.00916774,0.0144137,0,0,0,1,2000,10,10,523,523,0,0
ripple_snr,low,ripple_snr=low,recipe:xu_2019,literature,burst,interval,median_onset_error,10,-0.00774106,-0.0101589,-0.00488211,0,0,0,1,2000,10,10,731,731,0,0
ripple_snr,low,ripple_snr=low,recipe:yamamoto_2017,literature,network,interval,median_onset_error,10,0.0310033,0.0286191,0.0333012,0.00152657,0.000487606,0.00277003,0,2000,10,10,454,612,0,0
ripple_snr,low,ripple_snr=low,recipe:yang_2024,literature,network,interval,median_onset_error,10,-0.0119054,-0.0142096,-0.00983625,0.00192997,-0.000294406,0.00506591,0.143,2000,10,10,196,454,0,0
ripple_snr,reference,reference,Carey_candidate_detector,default,network,interval,median_onset_error,10,0.0023104,0.00123107,0.00399637,0,0,0,1,2000,10,10,891,891,0,0
ripple_snr,reference,reference,Karlsson_ripple_detector,default,ripple,interval,median_onset_error,10,-0.00783625,-0.0099954,-0.00540774,0,0,0,1,2000,10,10,739,739,0,0
ripple_snr,reference,reference,Kay_ripple_detector,default,ripple,interval,median_onset_error,10,0.000728616,-0.000438561,0.00163915,0,0,0,1,2000,10,10,844,844,0,0
ripple_snr,reference,reference,Long_sharp_wave_ripple_detector,default,ripple,interval,median_onset_error,10,0.0121998,0.010706,0.0136956,0,0,0,1,2000,10,10,704,704,0,0
ripple_snr,reference,reference,Roumis_ripple_detector,default,ripple,interval,median_onset_error,10,0.000534876,-0.000645838,0.00161769,0,0,0,1,2000,10,10,845,845,0,0
ripple_snr,reference,reference,Shvartsman_ripple_detector,default,ripple,interval,median_onset_error,10,-0.00962531,-0.0115123,-0.00686953,0,0,0,1,2000,10,10,677,677,0,0
ripple_snr,reference,reference,Yu_ripple_detector,default,ripple,interval,median_onset_error,10,0.00170934,0.000880944,0.00241474,0,0,0,1,2000,10,10,865,865,0,0
ripple_snr,reference,reference,Zugaro_ripple_detector,default,ripple,interval,median_onset_error,10,0.0139065,0.0128742,0.0155587,0,0,0,1,2000,10,10,689,689,0,0
ripple_snr,reference,reference,multiunit_HSE_detector,default,burst,interval,median_onset_error,10,-0.0215494,-0.0233774,-0.0202821,0,0,0,1,2000,10,10,911,911,0,0
ripple_snr,reference,reference,recipe:ambrose_2016,literature,ripple,interval,median_onset_error,10,-0.015743,-0.0177555,-0.0142967,0,0,0,1,2000,10,10,743,743,0,0
ripple_snr,reference,reference,recipe:bendor_2012,literature,burst,interval,median_onset_error,10,0.011512,0.0104613,0.0123958,0,0,0,1,2000,10,10,655,655,0,0
ripple_snr,reference,reference,recipe:berners_lee_2021,literature,ripple,interval,median_onset_error,10,-0.0155589,-0.0173479,-0.0133744,0,0,0,1,2000,10,10,806,806,0,0
ripple_snr,reference,reference,recipe:berners_lee_2022,literature,burst,interval,median_onset_error,10,-0.0130479,-0.0159764,-0.0103579,0,0,0,1,2000,10,10,668,668,0,0
ripple_snr,reference,reference,recipe:bhattarai_2020,literature,network,interval,median_onset_error,10,-0.0831288,-0.0969635,-0.0720238,0,0,0,1,2000,10,10,418,418,0,0
ripple_snr,reference,reference,recipe:bhattarai_2020_ripples,literature,ripple,interval,median_onset_error,10,0.00150574,0.00025049,0.00309676,0,0,0,1,2000,10,10,474,474,0,0
ripple_snr,reference,reference,recipe:bush_2022,literature,burst,interval,median_onset_error,10,0.000963743,-0.000634348,0.00233178,0,0,0,1,2000,10,10,617,617,0,0
ripple_snr,reference,reference,recipe:carey_2019,literature,network,interval,median_onset_error,10,0.0127066,0.0112533,0.0135894,0,0,0,1,2000,10,10,900,900,0,0
ripple_snr,reference,reference,recipe:carr_2012,literature,ripple,interval,median_onset_error,10,-0.00783625,-0.0099954,-0.00540774,0,0,0,1,2000,10,10,739,739,0,0
ripple_snr,reference,reference,recipe:chenani_2019,literature,burst,interval,median_onset_error,10,-0.0188819,-0.021828,-0.0175617,0,0,0,1,2000,10,10,671,671,0,0
ripple_snr,reference,reference,recipe:davidson_2009,literature,burst,interval,median_onset_error,10,-0.0208446,-0.0222665,-0.0193016,0,0,0,1,2000,10,10,784,784,0,0
ripple_snr,reference,reference,recipe:denovellis_2021,literature,ripple,interval,median_onset_error,10,0.00103708,7.44804e-05,0.00199106,0,0,0,1,2000,10,10,845,845,0,0
ripple_snr,reference,reference,recipe:denovellis_2021_mua,literature,burst,interval,median_onset_error,10,-0.0216321,-0.0237751,-0.0199833,0,0,0,1,2000,10,10,910,910,0,0
ripple_snr,reference,reference,recipe:diba_2007,literature,burst,interval,median_onset_error,10,-0.0727517,-0.099299,-0.0577457,0,0,0,1,2000,10,10,251,251,0,0
ripple_snr,reference,reference,recipe:drieu_2018,literature,burst,interval,median_onset_error,10,-0.00404978,-0.00568393,-0.00285607,0,0,0,1,2000,10,10,769,769,0,0
ripple_snr,reference,reference,recipe:farooq_2019_neuron,literature,burst,interval,median_onset_error,10,0.0114778,0.00791052,0.0138605,0,0,0,1,2000,10,10,274,274,0,0
ripple_snr,reference,reference,recipe:farooq_2019_science,literature,burst,interval,median_onset_error,10,0.0114778,0.0079113,0.0138605,0,0,0,1,2000,10,10,272,272,0,0
ripple_snr,reference,reference,recipe:farooq_2019_science_awake,literature,burst,interval,median_onset_error,10,0.0114778,0.0079113,0.0138605,0,0,0,1,2000,10,10,272,272,0,0
ripple_snr,reference,reference,recipe:foster_2006,literature,burst,interval,median_onset_error,10,-0.00603709,-0.0101548,0.00259616,0,0,0,1,2000,10,10,145,145,0,0
ripple_snr,reference,reference,recipe:foster_2006_ripples,literature,ripple,interval,median_onset_error,10,0.0337426,0.0309958,0.0347633,0,0,0,1,2000,10,10,76,76,0,0
ripple_snr,reference,reference,recipe:gillespie_2021,literature,ripple,interval,median_onset_error,10,0.000728616,-0.000438561,0.00163915,0,0,0,1,2000,10,10,844,844,0,0
ripple_snr,reference,reference,recipe:gillespie_2021_mua,literature,burst,interval,median_onset_error,10,-0.0208446,-0.0224039,-0.0192365,0,0,0,1,2000,10,10,804,804,0,0
ripple_snr,reference,reference,recipe:gridchyn_2020,literature,burst,interval,median_onset_error,10,0.0114932,0.00973624,0.0128004,0,0,0,1,2000,10,10,872,872,0,0
ripple_snr,reference,reference,recipe:grosmark_2016,literature,network,interval,median_onset_error,10,-0.0138354,-0.0183971,-0.0119283,0,0,0,1,2000,10,10,454,454,0,0
ripple_snr,reference,reference,recipe:gupta_2010,literature,ripple,interval,median_onset_error,10,0.000649468,-0.000516766,0.00149165,0,0,0,1,2000,10,10,816,816,0,0
ripple_snr,reference,reference,recipe:harvey_2023_code,literature,ripple,interval,median_onset_error,10,0.0134081,0.0119995,0.0157787,0,0,0,1,2000,10,10,575,575,0,0
ripple_snr,reference,reference,recipe:harvey_2023_no_radiatum,literature,ripple,interval,median_onset_error,10,2.11699e-05,-0.00315594,0.00152412,0,0,0,1,2000,10,10,609,609,0,0
ripple_snr,reference,reference,recipe:harvey_2023_text,literature,ripple,interval,median_onset_error,10,0.0143671,0.0133529,0.0152102,0,0,0,1,2000,10,10,617,617,0,0
ripple_snr,reference,reference,recipe:huelin_gorriz_2023,literature,network,interval,median_onset_error,10,-0.01437,-0.0172593,-0.0127015,0,0,0,1,2000,10,10,557,557,0,0
ripple_snr,reference,reference,recipe:igata_2021,literature,burst,interval,median_onset_error,10,-0.0208446,-0.0230458,-0.0189872,0,0,0,1,2000,10,10,912,912,0,0
ripple_snr,reference,reference,recipe:igata_2021_ripples,literature,ripple,interval,median_onset_error,10,0.00117637,0.000836552,0.00170338,0,0,0,1,2000,10,10,890,890,0,0
ripple_snr,reference,reference,recipe:jadhav_2016,literature,ripple,interval,median_onset_error,10,-0.00782947,-0.0101123,-0.00525858,0,0,0,1,2000,10,10,598,598,0,0
ripple_snr,reference,reference,recipe:ji_2007,literature,burst,interval,median_onset_error,10,0.0177528,0.0144042,0.0203139,0,0,0,1,2000,10,10,685,685,0,0
ripple_snr,reference,reference,recipe:ji_2007_ripples,literature,ripple,interval,median_onset_error,10,-0.0533866,-0.183374,0.00947258,0,0,0,1,1989,4,4,5,5,0,0
ripple_snr,reference,reference,recipe:kaefer_2020,literature,ripple,interval,median_onset_error,10,-0.14672,-0.177766,-0.0950664,0,0,0,1,2000,7,7,11,11,0,0
ripple_snr,reference,reference,recipe:karlsson_2009,literature,ripple,interval,median_onset_error,10,-0.00783625,-0.0099954,-0.00540774,0,0,0,1,2000,10,10,739,739,0,0
ripple_snr,reference,reference,recipe:krause_2022,literature,network,interval,median_onset_error,10,0.0144293,0.0122692,0.0163226,0,0,0,1,2000,10,10,676,676,0,0
ripple_snr,reference,reference,recipe:krause_2022_hse,literature,burst,interval,median_onset_error,10,-0.0323931,-0.0346551,-0.0290887,0,0,0,1,2000,10,10,801,801,0,0
ripple_snr,reference,reference,recipe:kudrimoti_1999,literature,ripple,interval,median_onset_error,10,0.0318674,0.029584,0.0353648,0,0,0,1,2000,10,10,25,25,0,0
ripple_snr,reference,reference,recipe:lee_2002,literature,burst,interval,median_onset_error,10,-0.0383037,-0.0457685,-0.0332465,0,0,0,1,2000,10,10,929,929,0,0
ripple_snr,reference,reference,recipe:lee_2002_ripples,literature,ripple,interval,median_onset_error,10,0.0337426,0.0309958,0.0347633,0,0,0,1,2000,10,10,76,76,0,0
ripple_snr,reference,reference,recipe:liu_2019,literature,burst,interval,median_onset_error,10,-0.147592,-0.157828,-0.132624,0,0,0,1,2000,10,10,825,825,0,0
ripple_snr,reference,reference,recipe:liu_2019_awake,literature,burst,interval,median_onset_error,10,-0.147592,-0.157828,-0.132624,0,0,0,1,2000,10,10,825,825,0,0
ripple_snr,reference,reference,recipe:liu_2023,literature,network,interval,median_onset_error,10,-0.00718578,-0.010088,-0.00536157,0,0,0,1,2000,10,10,470,470,0,0
ripple_snr,reference,reference,recipe:maboudi_2018,literature,burst,interval,median_onset_error,10,-0.0325385,-0.0350644,-0.0294038,0,0,0,1,2000,10,10,775,775,0,0
ripple_snr,reference,reference,recipe:maboudi_2018_open_field,literature,burst,interval,median_onset_error,10,-0.00269756,-0.00399852,-8.80208e-05,0,0,0,1,2000,10,10,721,721,0,0
ripple_snr,reference,reference,recipe:mallory_2025,literature,burst,interval,median_onset_error,10,-0.0155739,-0.0176664,-0.0144297,0,0,0,1,2000,10,10,743,743,0,0
ripple_snr,reference,reference,recipe:mallory_2025_ripples,literature,ripple,interval,median_onset_error,10,-0.0170396,-0.0193004,-0.0142674,0,0,0,1,2000,10,10,704,704,0,0
ripple_snr,reference,reference,recipe:michon_2019,literature,network,interval,median_onset_error,10,-0.00165431,-0.00362832,0.000536935,0,0,0,1,2000,10,10,273,273,0,0
ripple_snr,reference,reference,recipe:michon_2021,literature,network,interval,median_onset_error,10,-0.00165431,-0.00362832,0.000536935,0,0,0,1,2000,10,10,273,273,0,0
ripple_snr,reference,reference,recipe:mou_2022,literature,burst,interval,median_onset_error,10,-0.0462975,-0.0555394,-0.0401892,0,0,0,1,2000,10,10,838,838,0,0
ripple_snr,reference,reference,recipe:muessig_2019,literature,network,interval,median_onset_error,10,0.0262498,0.0215342,0.0309892,0,0,0,1,2000,10,10,116,116,0,0
ripple_snr,reference,reference,recipe:muessig_2019_ripples,literature,ripple,interval,median_onset_error,10,-0.00850545,-0.0108126,-0.00392214,0,0,0,1,2000,10,10,893,893,0,0
ripple_snr,reference,reference,recipe:nadasdy_1999,literature,ripple,interval,median_onset_error,10,0.00489948,0.00428016,0.00549517,0,0,0,1,2000,10,10,471,471,0,0
ripple_snr,reference,reference,recipe:olafsdottir_2015,literature,burst,interval,median_onset_error,10,0.00534263,0.00360919,0.00774539,0,0,0,1,2000,10,10,662,662,0,0
ripple_snr,reference,reference,recipe:olafsdottir_2015.bayesian_candidates,literature,burst,interval,median_onset_error,10,0.004886,0.00284124,0.00630589,0,0,0,1,2000,10,10,599,599,0,0
ripple_snr,reference,reference,recipe:olafsdottir_2016,literature,burst,interval,median_onset_error,10,0.011116,0.00799637,0.0127389,0,0,0,1,2000,10,10,558,558,0,0
ripple_snr,reference,reference,recipe:olafsdottir_2017,literature,burst,interval,median_onset_error,10,0.0122048,0.0108757,0.0136994,0,0,0,1,2000,10,10,744,744,0,0
ripple_snr,reference,reference,recipe:olafsdottir_2017.trajectory,literature,burst,interval,median_onset_error,10,0.011116,0.00799637,0.0127389,0,0,0,1,2000,10,10,558,558,0,0
ripple_snr,reference,reference,recipe:pfeiffer_2013,literature,burst,interval,median_onset_error,10,-0.00269756,-0.00399852,-8.80208e-05,0,0,0,1,2000,10,10,721,721,0,0
ripple_snr,reference,reference,recipe:pfeiffer_2013_ripples,literature,ripple,interval,median_onset_error,10,-0.015743,-0.0177555,-0.0142967,0,0,0,1,2000,10,10,743,743,0,0
ripple_snr,reference,reference,recipe:pfeiffer_2015,literature,ripple,interval,median_onset_error,10,-0.015743,-0.0177555,-0.0142967,0,0,0,1,2000,10,10,743,743,0,0
ripple_snr,reference,reference,recipe:shin_2019,literature,ripple,interval,median_onset_error,10,-0.00783625,-0.0099954,-0.00540774,0,0,0,1,2000,10,10,739,739,0,0
ripple_snr,reference,reference,recipe:silva_2015,literature,burst,interval,median_onset_error,10,-0.0122142,-0.0153682,-0.0101496,0,0,0,1,2000,10,10,606,606,0,0
ripple_snr,reference,reference,recipe:stella_2019,literature,ripple,interval,median_onset_error,10,0.010835,0.0100663,0.0120394,0,0,0,1,2000,10,10,680,680,0,0
ripple_snr,reference,reference,recipe:tang_2017,literature,ripple,interval,median_onset_error,10,-0.00783625,-0.0099954,-0.00540774,0,0,0,1,2000,10,10,739,739,0,0
ripple_snr,reference,reference,recipe:tirole_2022,literature,network,interval,median_onset_error,10,-0.01437,-0.0172593,-0.0127015,0,0,0,1,2000,10,10,557,557,0,0
ripple_snr,reference,reference,recipe:widloski_2025,literature,ripple,interval,median_onset_error,10,-0.168227,-0.180008,-0.160493,0,0,0,1,2000,10,10,518,518,0,0
ripple_snr,reference,reference,recipe:widloski_2025_bursts,literature,burst,interval,median_onset_error,10,-0.168573,-0.174543,-0.15673,0,0,0,1,2000,10,10,518,518,0,0
ripple_snr,reference,reference,recipe:wikenheiser_2013,literature,ripple,interval,median_onset_error,10,-0.146394,-0.172799,-0.130138,0,0,0,1,2000,10,10,849,849,0,0
ripple_snr,reference,reference,recipe:wu_2014,literature,burst,interval,median_onset_error,10,-0.0163562,-0.018528,-0.014373,0,0,0,1,2000,10,10,844,844,0,0
ripple_snr,reference,reference,recipe:wu_2017,literature,burst,interval,median_onset_error,10,0.0117571,0.00916774,0.0144137,0,0,0,1,2000,10,10,523,523,0,0
ripple_snr,reference,reference,recipe:xu_2019,literature,burst,interval,median_onset_error,10,-0.00774106,-0.0101589,-0.00488211,0,0,0,1,2000,10,10,731,731,0,0
ripple_snr,reference,reference,recipe:yamamoto_2017,literature,network,interval,median_onset_error,10,0.0294767,0.0276603,0.0314484,0,0,0,1,2000,10,10,612,612,0,0
ripple_snr,reference,reference,recipe:yang_2024,literature,network,interval,median_onset_error,10,-0.0138354,-0.0183971,-0.0119283,0,0,0,1,2000,10,10,454,454,0,0
ripple_snr,high,ripple_snr=high,Carey_candidate_detector,default,network,interval,median_onset_error,10,0.00296936,0.00203545,0.00432163,0.00065896,-4.12614e-05,0.00108037,0.09,2000,10,10,862,891,0,0
ripple_snr,high,ripple_snr=high,Karlsson_ripple_detector,default,ripple,interval,median_onset_error,10,-0.0137039,-0.0150508,-0.0127903,-0.00586768,-0.00854561,-0.00389539,0,2000,10,10,761,739,0,0
ripple_snr,high,ripple_snr=high,Kay_ripple_detector,default,ripple,interval,median_onset_error,10,-0.0037746,-0.00471633,-0.0027393,-0.00450322,-0.00517559,-0.00376385,0,2000,10,10,804,844,0,0
ripple_snr,high,ripple_snr=high,Long_sharp_wave_ripple_detector,default,ripple,interval,median_onset_error,10,0.0119855,0.00980815,0.0134656,-0.000214317,-0.00131647,0,0.057,2000,10,10,763,704,0,0
ripple_snr,high,ripple_snr=high,Roumis_ripple_detector,default,ripple,interval,median_onset_error,10,-0.00394323,-0.0047294,-0.00302597,-0.0044781,-0.00515293,-0.00384928,0,2000,10,10,805,845,0,0
ripple_snr,high,ripple_snr=high,Shvartsman_ripple_detector,default,ripple,interval,median_onset_error,10,-0.0137365,-0.0151877,-0.0128168,-0.00411118,-0.00671192,-0.00291749,0,2000,10,10,756,677,0,0
ripple_snr,high,ripple_snr=high,Yu_ripple_detector,default,ripple,interval,median_onset_error,10,-0.00199444,-0.00312694,-0.00122183,-0.00370378,-0.00445443,-0.00313145,0,2000,10,10,861,865,0,0
ripple_snr,high,ripple_snr=high,Zugaro_ripple_detector,default,ripple,interval,median_onset_error,10,0.0118608,0.0111393,0.0127609,-0.00204571,-0.00346018,-0.00136416,0,2000,10,10,773,689,0,0
ripple_snr,high,ripple_snr=high,multiunit_HSE_detector,default,burst,interval,median_onset_error,10,-0.0215494,-0.0233774,-0.0202821,0,0,0,1,2000,10,10,911,911,0,0
ripple_snr,high,ripple_snr=high,recipe:ambrose_2016,literature,ripple,interval,median_onset_error,10,-0.0201438,-0.0218104,-0.0184759,-0.00440088,-0.00491809,-0.00347706,0,2000,10,10,732,743,0,0
ripple_snr,high,ripple_snr=high,recipe:bendor_2012,literature,burst,interval,median_onset_error,10,0.011512,0.0104613,0.0123958,0,0,0,1,2000,10,10,655,655,0,0
ripple_snr,high,ripple_snr=high,recipe:berners_lee_2021,literature,ripple,interval,median_onset_error,10,-0.0198994,-0.021362,-0.0183271,-0.00434055,-0.0052674,-0.00348763,0,2000,10,10,754,806,0,0
ripple_snr,high,ripple_snr=high,recipe:berners_lee_2022,literature,burst,interval,median_onset_error,10,-0.0130479,-0.0159764,-0.0103579,0,0,0,1,2000,10,10,668,668,0,0
ripple_snr,high,ripple_snr=high,recipe:bhattarai_2020,literature,network,interval,median_onset_error,10,-0.0823024,-0.0955249,-0.0723331,0.000826395,-0.00549812,0.0103395,0.887,2000,10,10,485,418,0,0
ripple_snr,high,ripple_snr=high,recipe:bhattarai_2020_ripples,literature,ripple,interval,median_onset_error,10,-0.00203428,-0.00283053,-0.00104467,-0.00354001,-0.00486038,-0.00257397,0,2000,10,10,547,474,0,0
ripple_snr,high,ripple_snr=high,recipe:bush_2022,literature,burst,interval,median_onset_error,10,0.000963743,-0.000634348,0.00233178,0,0,0,1,2000,10,10,617,617,0,0
ripple_snr,high,ripple_snr=high,recipe:carey_2019,literature,network,interval,median_onset_error,10,0.0112459,0.0100972,0.0123039,-0.00146067,-0.00222415,-0.000595956,0.002,2000,10,10,902,900,0,0
ripple_snr,high,ripple_snr=high,recipe:carr_2012,literature,ripple,interval,median_onset_error,10,-0.0137039,-0.0150508,-0.0127903,-0.00586768,-0.00854561,-0.00389539,0,2000,10,10,761,739,0,0
ripple_snr,high,ripple_snr=high,recipe:chenani_2019,literature,burst,interval,median_onset_error,10,-0.0188819,-0.021828,-0.0175617,0,0,0,1,2000,10,10,671,671,0,0
ripple_snr,high,ripple_snr=high,recipe:davidson_2009,literature,burst,interval,median_onset_error,10,-0.0208446,-0.0222665,-0.0193016,0,0,0,1,2000,10,10,784,784,0,0
ripple_snr,high,ripple_snr=high,recipe:denovellis_2021,literature,ripple,interval,median_onset_error,10,-0.00328671,-0.00391832,-0.0026259,-0.00432379,-0.00518774,-0.00352465,0,2000,10,10,816,845,0,0
ripple_snr,high,ripple_snr=high,recipe:denovellis_2021_mua,literature,burst,interval,median_onset_error,10,-0.0216321,-0.0237751,-0.0199833,0,0,0,1,2000,10,10,910,910,0,0
ripple_snr,high,ripple_snr=high,recipe:diba_2007,literature,burst,interval,median_onset_error,10,-0.0727517,-0.099299,-0.0577457,0,0,0,1,2000,10,10,251,251,0,0
ripple_snr,high,ripple_snr=high,recipe:drieu_2018,literature,burst,interval,median_onset_error,10,-0.00404978,-0.00568393,-0.00285607,0,0,0,1,2000,10,10,769,769,0,0
ripple_snr,high,ripple_snr=high,recipe:farooq_2019_neuron,literature,burst,interval,median_onset_error,10,0.0114778,0.00791052,0.0138605,0,0,0,1,2000,10,10,274,274,0,0
ripple_snr,high,ripple_snr=high,recipe:farooq_2019_science,literature,burst,interval,median_onset_error,10,0.0114778,0.0079113,0.0138605,0,0,0,1,2000,10,10,272,272,0,0
ripple_snr,high,ripple_snr=high,recipe:farooq_2019_science_awake,literature,burst,interval,median_onset_error,10,0.0114778,0.0079113,0.0138605,0,0,0,1,2000,10,10,272,272,0,0
ripple_snr,high,ripple_snr=high,recipe:foster_2006,literature,burst,interval,median_onset_error,10,-0.00603709,-0.0101548,0.00259616,0,0,0,1,2000,10,10,145,145,0,0
ripple_snr,high,ripple_snr=high,recipe:foster_2006_ripples,literature,ripple,interval,median_onset_error,10,0.0249181,0.0239286,0.025914,-0.0088245,-0.0108049,-0.00585259,0,2000,10,10,420,76,0,0
ripple_snr,high,ripple_snr=high,recipe:gillespie_2021,literature,ripple,interval,median_onset_error,10,-0.0037746,-0.00471633,-0.0027393,-0.00450322,-0.00517559,-0.00376385,0,2000,10,10,804,844,0,0
ripple_snr,high,ripple_snr=high,recipe:gillespie_2021_mua,literature,burst,interval,median_onset_error,10,-0.0208446,-0.0224039,-0.0192365,0,0,0,1,2000,10,10,804,804,0,0
ripple_snr,high,ripple_snr=high,recipe:gridchyn_2020,literature,burst,interval,median_onset_error,10,0.0114932,0.00973624,0.0128004,0,0,0,1,2000,10,10,872,872,0,0
ripple_snr,high,ripple_snr=high,recipe:grosmark_2016,literature,network,interval,median_onset_error,10,-0.0151468,-0.0191137,-0.0128942,-0.00131144,-0.00258911,-6.77875e-05,0.033,2000,10,10,528,454,0,0
ripple_snr,high,ripple_snr=high,recipe:gupta_2010,literature,ripple,interval,median_onset_error,10,-0.00526622,-0.00647328,-0.0039804,-0.00591569,-0.00705174,-0.00476146,0,2000,10,10,831,816,0,0
ripple_snr,high,ripple_snr=high,recipe:harvey_2023_code,literature,ripple,interval,median_onset_error,10,0.0129883,0.0116784,0.0150675,-0.000419804,-0.0012526,-2.43545e-05,0.03,2000,10,10,629,575,0,0
ripple_snr,high,ripple_snr=high,recipe:harvey_2023_no_radiatum,literature,ripple,interval,median_onset_error,10,0.00493071,0.00412895,0.00571164,0.00490954,0.00284779,0.00837265,0,2000,10,10,651,609,0,0
ripple_snr,high,ripple_snr=high,recipe:harvey_2023_text,literature,ripple,interval,median_onset_error,10,0.00877066,0.00819754,0.0097297,-0.00559647,-0.00619338,-0.00490167,0,2000,10,10,763,617,0,0
ripple_snr,high,ripple_snr=high,recipe:huelin_gorriz_2023,literature,network,interval,median_onset_error,10,-0.0142741,-0.017154,-0.0124106,9.58905e-05,-0.00123743,0.00114125,0.889,2000,10,10,564,557,0,0
ripple_snr,high,ripple_snr=high,recipe:igata_2021,literature,burst,interval,median_onset_error,10,-0.0208446,-0.0230458,-0.0189872,0,0,0,1,2000,10,10,912,912,0,0
ripple_snr,high,ripple_snr=high,recipe:igata_2021_ripples,literature,ripple,interval,median_onset_error,10,-0.00102657,-0.00162567,-0.000368444,-0.00220294,-0.00278909,-0.00163515,0,2000,10,10,881,890,0,0
ripple_snr,high,ripple_snr=high,recipe:jadhav_2016,literature,ripple,interval,median_onset_error,10,-0.0136912,-0.0155395,-0.0124384,-0.00586174,-0.00816628,-0.00404099,0,2000,10,10,622,598,0,0
ripple_snr,high,ripple_snr=high,recipe:ji_2007,literature,burst,interval,median_onset_error,10,0.0177528,0.0144042,0.0203139,0,0,0,1,2000,10,10,685,685,0,0
ripple_snr,high,ripple_snr=high,recipe:ji_2007_ripples,literature,ripple,interval,median_onset_error,10,0.0128175,0.00920158,0.0149701,0.0662041,0.000617179,0.197145,0.00703871,1989,10,4,122,5,0,0
ripple_snr,high,ripple_snr=high,recipe:kaefer_2020,literature,ripple,interval,median_onset_error,10,-0.0741746,-0.0809662,-0.0674558,0.0725453,0.0188113,0.106612,0.025,2000,10,7,115,11,0,0
ripple_snr,high,ripple_snr=high,recipe:karlsson_2009,literature,ripple,interval,median_onset_error,10,-0.0137039,-0.0150508,-0.0127903,-0.00586768,-0.00854561,-0.00389539,0,2000,10,10,761,739,0,0
ripple_snr,high,ripple_snr=high,recipe:krause_2022,literature,network,interval,median_onset_error,10,0.0113327,0.00921728,0.0127857,-0.00309658,-0.00426663,-0.00199338,0,2000,10,10,689,676,0,0
ripple_snr,high,ripple_snr=high,recipe:krause_2022_hse,literature,burst,interval,median_onset_error,10,-0.0323931,-0.0346551,-0.0290887,0,0,0,1,2000,10,10,801,801,0,0
ripple_snr,high,ripple_snr=high,recipe:kudrimoti_1999,literature,ripple,interval,median_onset_error,10,0.0228175,0.0209424,0.0240002,-0.00904989,-0.013732,-0.00633609,0,2000,10,10,352,25,0,0
ripple_snr,high,ripple_snr=high,recipe:lee_2002,literature,burst,interval,median_onset_error,10,-0.0383037,-0.0457685,-0.0332465,0,0,0,1,2000,10,10,929,929,0,0
ripple_snr,high,ripple_snr=high,recipe:lee_2002_ripples,literature,ripple,interval,median_onset_error,10,0.0249181,0.0239286,0.025914,-0.0088245,-0.0108049,-0.00585259,0,2000,10,10,420,76,0,0
ripple_snr,high,ripple_snr=high,recipe:liu_2019,literature,burst,interval,median_onset_error,10,-0.147592,-0.157828,-0.132624,0,0,0,1,2000,10,10,825,825,0,0
ripple_snr,high,ripple_snr=high,recipe:liu_2019_awake,literature,burst,interval,median_onset_error,10,-0.147592,-0.157828,-0.132624,0,0,0,1,2000,10,10,825,825,0,0
ripple_snr,high,ripple_snr=high,recipe:liu_2023,literature,network,interval,median_onset_error,10,-0.00803361,-0.0112418,-0.00544628,-0.000847829,-0.00145777,0,0.144,2000,10,10,502,470,0,0
ripple_snr,high,ripple_snr=high,recipe:maboudi_2018,literature,burst,interval,median_onset_error,10,-0.0325385,-0.0350644,-0.0294038,0,0,0,1,2000,10,10,775,775,0,0
ripple_snr,high,ripple_snr=high,recipe:maboudi_2018_open_field,literature,burst,interval,median_onset_error,10,-0.00269756,-0.00399852,-8.80208e-05,0,0,0,1,2000,10,10,721,721,0,0
ripple_snr,high,ripple_snr=high,recipe:mallory_2025,literature,burst,interval,median_onset_error,10,-0.0155739,-0.0176664,-0.0144297,0,0,0,1,2000,10,10,743,743,0,0
ripple_snr,high,ripple_snr=high,recipe:mallory_2025_ripples,literature,ripple,interval,median_onset_error,10,-0.0212965,-0.0232416,-0.0191357,-0.00425691,-0.0066014,-0.00280762,0,2000,10,10,732,704,0,0
ripple_snr,high,ripple_snr=high,recipe:michon_2019,literature,network,interval,median_onset_error,10,-0.00271875,-0.00348939,-0.00112944,-0.00106444,-0.00229394,0.000491139,0.25,2000,10,10,398,273,0,0
ripple_snr,high,ripple_snr=high,recipe:michon_2021,literature,network,interval,median_onset_error,10,-0.00271875,-0.00348939,-0.00112944,-0.00106444,-0.00229394,0.000491139,0.25,2000,10,10,398,273,0,0
ripple_snr,high,ripple_snr=high,recipe:mou_2022,literature,burst,interval,median_onset_error,10,-0.0462975,-0.0555394,-0.0401892,0,0,0,1,2000,10,10,838,838,0,0
ripple_snr,high,ripple_snr=high,recipe:muessig_2019,literature,network,interval,median_onset_error,10,0.0262498,0.020791,0.0309892,0,-0.00179768,0.000995805,1,2000,10,10,118,116,0,0
ripple_snr,high,ripple_snr=high,recipe:muessig_2019_ripples,literature,ripple,interval,median_onset_error,10,-0.0102156,-0.0134199,-0.0051204,-0.00171011,-0.00518669,0.000796172,0.224,2000,10,10,904,893,0,0
ripple_snr,high,ripple_snr=high,recipe:nadasdy_1999,literature,ripple,interval,median_onset_error,10,0.000920611,0.000517612,0.00132748,-0.00397887,-0.00445087,-0.00352676,0,2000,10,10,667,471,0,0
ripple_snr,high,ripple_snr=high,recipe:olafsdottir_2015,literature,burst,interval,median_onset_error,10,0.00534263,0.00360919,0.00774539,0,0,0,1,2000,10,10,662,662,0,0
ripple_snr,high,ripple_snr=high,recipe:olafsdottir_2015.bayesian_candidates,literature,burst,interval,median_onset_error,10,0.004886,0.00284124,0.00630589,0,0,0,1,2000,10,10,599,599,0,0
ripple_snr,high,ripple_snr=high,recipe:olafsdottir_2016,literature,burst,interval,median_onset_error,10,0.011116,0.00799637,0.0127389,0,0,0,1,2000,10,10,558,558,0,0
ripple_snr,high,ripple_snr=high,recipe:olafsdottir_2017,literature,burst,interval,median_onset_error,10,0.0122048,0.0108757,0.0136994,0,0,0,1,2000,10,10,744,744,0,0
ripple_snr,high,ripple_snr=high,recipe:olafsdottir_2017.trajectory,literature,burst,interval,median_onset_error,10,0.011116,0.00799637,0.0127389,0,0,0,1,2000,10,10,558,558,0,0
ripple_snr,high,ripple_snr=high,recipe:pfeiffer_2013,literature,burst,interval,median_onset_error,10,-0.00269756,-0.00399852,-8.80208e-05,0,0,0,1,2000,10,10,721,721,0,0
ripple_snr,high,ripple_snr=high,recipe:pfeiffer_2013_ripples,literature,ripple,interval,median_onset_error,10,-0.0201438,-0.0218104,-0.0184759,-0.00440088,-0.00491809,-0.00347706,0,2000,10,10,732,743,0,0
ripple_snr,high,ripple_snr=high,recipe:pfeiffer_2015,literature,ripple,interval,median_onset_error,10,-0.0201438,-0.0218104,-0.0184759,-0.00440088,-0.00491809,-0.00347706,0,2000,10,10,732,743,0,0
ripple_snr,high,ripple_snr=high,recipe:shin_2019,literature,ripple,interval,median_onset_error,10,-0.0137039,-0.0150508,-0.0127903,-0.00586768,-0.00854561,-0.00389539,0,2000,10,10,761,739,0,0
ripple_snr,high,ripple_snr=high,recipe:silva_2015,literature,burst,interval,median_onset_error,10,-0.0122142,-0.0153682,-0.0101496,0,0,0,1,2000,10,10,606,606,0,0
ripple_snr,high,ripple_snr=high,recipe:stella_2019,literature,ripple,interval,median_onset_error,10,0.0078825,0.00712709,0.00849881,-0.00295246,-0.00378851,-0.00249691,0,2000,10,10,806,680,0,0
ripple_snr,high,ripple_snr=high,recipe:tang_2017,literature,ripple,interval,median_onset_error,10,-0.0137039,-0.0150508,-0.0127903,-0.00586768,-0.00854561,-0.00389539,0,2000,10,10,761,739,0,0
ripple_snr,high,ripple_snr=high,recipe:tirole_2022,literature,network,interval,median_onset_error,10,-0.0142741,-0.017154,-0.0124106,9.58905e-05,-0.00123743,0.00114125,0.889,2000,10,10,564,557,0,0
ripple_snr,high,ripple_snr=high,recipe:widloski_2025,literature,ripple,interval,median_onset_error,10,-0.168227,-0.172903,-0.163711,0,-0.00562079,0.00946888,0.984,2000,10,10,596,518,0,0
ripple_snr,high,ripple_snr=high,recipe:widloski_2025_bursts,literature,burst,interval,median_onset_error,10,-0.168573,-0.174543,-0.15673,0,0,0,1,2000,10,10,518,518,0,0
ripple_snr,high,ripple_snr=high,recipe:wikenheiser_2013,literature,ripple,interval,median_onset_error,10,-0.0677866,-0.0690063,-0.0665261,0.0786072,0.0628513,0.104695,0,2000,10,10,839,849,0,0
ripple_snr,high,ripple_snr=high,recipe:wu_2014,literature,burst,interval,median_onset_error,10,-0.0163562,-0.018528,-0.014373,0,0,0,1,2000,10,10,844,844,0,0
ripple_snr,high,ripple_snr=high,recipe:wu_2017,literature,burst,interval,median_onset_error,10,0.0117571,0.00916774,0.0144137,0,0,0,1,2000,10,10,523,523,0,0
ripple_snr,high,ripple_snr=high,recipe:xu_2019,literature,burst,interval,median_onset_error,10,-0.00774106,-0.0101589,-0.00488211,0,0,0,1,2000,10,10,731,731,0,0
ripple_snr,high,ripple_snr=high,recipe:yamamoto_2017,literature,network,interval,median_onset_error,10,0.0286406,0.0262755,0.0307453,-0.000836047,-0.00155267,-1.39059e-05,0.041,2000,10,10,616,612,0,0
ripple_snr,high,ripple_snr=high,recipe:yang_2024,literature,network,interval,median_onset_error,10,-0.0151468,-0.0191137,-0.0128942,-0.00131144,-0.00258911,-6.77875e-05,0.033,2000,10,10,528,454,0,0
participation,low,participation=low,Carey_candidate_detector,default,network,interval,median_onset_error,10,0.00815582,0.00570229,0.00984875,0.00584541,0.00383328,0.00704634,0,2000,10,10,836,891,0,0
participation,low,participation=low,Karlsson_ripple_detector,default,ripple,interval,median_onset_error,10,-0.00783625,-0.0099954,-0.00540774,0,0,0,1,2000,10,10,739,739,0,0
participation,low,participation=low,Kay_ripple_detector,default,ripple,interval,median_onset_error,10,0.000728616,-0.000438561,0.00163915,0,0,0,1,2000,10,10,844,844,0,0
participation,low,participation=low,Long_sharp_wave_ripple_detector,default,ripple,interval,median_onset_error,10,0.0121998,0.010706,0.0136956,0,0,0,1,2000,10,10,704,704,0,0
participation,low,participation=low,Roumis_ripple_detector,default,ripple,interval,median_onset_error,10,0.000534876,-0.000645838,0.00161769,0,0,0,1,2000,10,10,845,845,0,0
participation,low,participation=low,Shvartsman_ripple_detector,default,ripple,interval,median_onset_error,10,-0.00962531,-0.0115123,-0.00686953,0,0,0,1,2000,10,10,677,677,0,0
participation,low,participation=low,Yu_ripple_detector,default,ripple,interval,median_onset_error,10,0.00170934,0.000880944,0.00241474,0,0,0,1,2000,10,10,865,865,0,0
participation,low,participation=low,Zugaro_ripple_detector,default,ripple,interval,median_onset_error,10,0.0139065,0.0128742,0.0155587,0,0,0,1,2000,10,10,689,689,0,0
participation,low,participation=low,multiunit_HSE_detector,default,burst,interval,median_onset_error,10,-0.01675,-0.0214736,-0.0143032,0.00479939,0.000732038,0.00707324,0.012,2000,10,10,843,911,0,0
participation,low,participation=low,recipe:ambrose_2016,literature,ripple,interval,median_onset_error,10,-0.015743,-0.0177555,-0.0142967,0,0,0,1,2000,10,10,743,743,0,0
participation,low,participation=low,recipe:bendor_2012,literature,burst,interval,median_onset_error,10,0.0182558,0.0158978,0.0206806,0.00674376,0.00465644,0.00867464,0,2000,10,10,462,655,0,0
participation,low,participation=low,recipe:berners_lee_2021,literature,ripple,interval,median_onset_error,10,-0.0155589,-0.0173479,-0.0133744,0,0,0,1,2000,10,10,806,806,0,0
participation,low,participation=low,recipe:berners_lee_2022,literature,burst,interval,median_onset_error,10,-0.0118422,-0.0144081,-0.00963016,0.00120573,-0.00272022,0.00543528,0.614,2000,10,10,519,668,0,0
participation,low,participation=low,recipe:bhattarai_2020,literature,network,interval,median_onset_error,10,-0.0572584,-0.104984,-0.0191431,0.0258704,-0.0130739,0.0575508,0.35,2000,10,10,132,418,0,0
participation,low,participation=low,recipe:bhattarai_2020_ripples,literature,ripple,interval,median_onset_error,10,0.000893472,-0.00225256,0.00461205,-0.000612265,-0.00312392,0.00188618,0.712,2000,10,10,149,474,0,0
participation,low,participation=low,recipe:bush_2022,literature,burst,interval,median_onset_error,10,-0.000577055,-0.00482146,0.00774008,-0.0015408,-0.00641143,0.00723055,0.682,2000,10,10,163,617,0,0
participation,low,participation=low,recipe:carey_2019,literature,network,interval,median_onset_error,10,0.0189263,0.016903,0.0211525,0.00621977,0.0046165,0.00803617,0,2000,10,10,818,900,0,0
participation,low,participation=low,recipe:carr_2012,literature,ripple,interval,median_onset_error,10,-0.00783625,-0.0099954,-0.00540774,0,0,0,1,2000,10,10,739,739,0,0
participation,low,participation=low,recipe:chenani_2019,literature,burst,interval,median_onset_error,10,-0.0163229,-0.0203893,-0.010138,0.00255899,-0.00186443,0.0101215,0.283,2000,10,10,307,671,0,0
participation,low,participation=low,recipe:davidson_2009,literature,burst,interval,median_onset_error,10,-0.0184457,-0.0221868,-0.0155136,0.00239885,-0.00105457,0.00529162,0.185,2000,10,10,674,784,0,0
participation,low,participation=low,recipe:denovellis_2021,literature,ripple,interval,median_onset_error,10,0.00103708,7.44804e-05,0.00199106,0,0,0,1,2000,10,10,845,845,0,0
participation,low,participation=low,recipe:denovellis_2021_mua,literature,burst,interval,median_onset_error,10,-0.0172622,-0.0213601,-0.0141291,0.00436993,0.000841946,0.00715616,0.005,2000,10,10,844,910,0,0
participation,low,participation=low,recipe:diba_2007,literature,burst,interval,median_onset_error,10,-0.12026,-0.212872,0.0275898,-0.0475088,-0.142974,0.0940479,0.161,2000,6,10,8,251,0,0
participation,low,participation=low,recipe:drieu_2018,literature,burst,interval,median_onset_error,10,0.00659503,0.00375716,0.008976,0.0106448,0.00805202,0.0135112,0,2000,10,10,561,769,0,0
participation,low,participation=low,recipe:farooq_2019_neuron,literature,burst,interval,median_onset_error,10,0.00864081,0.00485639,0.0195325,-0.00283695,-0.00830728,0.00896719,0.882,2000,10,10,64,274,0,0
participation,low,participation=low,recipe:farooq_2019_science,literature,burst,interval,median_onset_error,10,0.00902515,0.00546153,0.0222774,-0.00245262,-0.00812094,0.010593,0.979,2000,10,10,53,272,0,0
participation,low,participation=low,recipe:farooq_2019_science_awake,literature,burst,interval,median_onset_error,10,0.00902515,0.00546153,0.0222774,-0.00245262,-0.00812094,0.010593,0.979,2000,10,10,53,272,0,0
participation,low,participation=low,recipe:foster_2006,literature,burst,interval,median_onset_error,10,-0.120907,-0.120907,-0.120907,-0.11487,-0.122017,-0.109802,0,1291,1,10,1,145,0,0
participation,low,participation=low,recipe:foster_2006_ripples,literature,ripple,interval,median_onset_error,10,0.0337426,0.0309958,0.0347633,0,0,0,1,2000,10,10,76,76,0,0
participation,low,participation=low,recipe:gillespie_2021,literature,ripple,interval,median_onset_error,10,0.000728616,-0.000438561,0.00163915,0,0,0,1,2000,10,10,844,844,0,0
participation,low,participation=low,recipe:gillespie_2021_mua,literature,burst,interval,median_onset_error,10,-0.0178358,-0.0215666,-0.0154912,0.00300874,-0.000276568,0.00525702,0.078,2000,10,10,693,804,0,0
participation,low,participation=low,recipe:gridchyn_2020,literature,burst,interval,median_onset_error,10,0.0174522,0.0155389,0.0197488,0.00595907,0.00378227,0.00797263,0,2000,10,10,768,872,0,0
participation,low,participation=low,recipe:grosmark_2016,literature,network,interval,median_onset_error,10,-0.00624198,-0.0125811,0.000295408,0.00759341,0.0011126,0.0153669,0.033,2000,10,10,239,454,0,0
participation,low,participation=low,recipe:gupta_2010,literature,ripple,interval,median_onset_error,10,0.000649468,-0.000516766,0.00149165,0,0,0,1,2000,10,10,816,816,0,0
participation,low,participation=low,recipe:harvey_2023_code,literature,ripple,interval,median_onset_error,10,0.0140334,0.0120574,0.0164785,0.000625253,-0.000539946,0.00207967,0.456,2000,10,10,405,575,0,0
participation,low,participation=low,recipe:harvey_2023_no_radiatum,literature,ripple,interval,median_onset_error,10,-0.00034026,-0.00575892,0.00315885,-0.00036143,-0.0045024,0.00316843,1,2000,10,10,448,609,0,0
participation,low,participation=low,recipe:harvey_2023_text,literature,ripple,interval,median_onset_error,10,0.0143671,0.0133529,0.0152102,0,0,0,1,2000,10,10,617,617,0,0
participation,low,participation=low,recipe:huelin_gorriz_2023,literature,network,interval,median_onset_error,10,-0.0166469,-0.024067,-0.0127272,-0.00227688,-0.0105376,0.00219178,0.353,2000,10,10,265,557,0,0
participation,low,participation=low,recipe:igata_2021,literature,burst,interval,median_onset_error,10,-0.0160628,-0.0202092,-0.0136591,0.00478174,0.00137188,0.00688878,0.002,2000,10,10,857,912,0,0
participation,low,participation=low,recipe:igata_2021_ripples,literature,ripple,interval,median_onset_error,10,0.00117637,0.000836552,0.00170338,0,0,0,1,2000,10,10,890,890,0,0
participation,low,participation=low,recipe:jadhav_2016,literature,ripple,interval,median_onset_error,10,-0.00782947,-0.0101123,-0.00525858,0,0,0,1,2000,10,10,598,598,0,0
participation,low,participation=low,recipe:ji_2007,literature,burst,interval,median_onset_error,10,0.025206,0.0227605,0.0278442,0.00745317,0.00384943,0.0122139,0,2000,10,10,522,685,0,0
participation,low,participation=low,recipe:ji_2007_ripples,literature,ripple,interval,median_onset_error,10,-0.0533866,-0.183374,0.00947258,0,0,0,1,1989,4,4,5,5,0,0
participation,low,participation=low,recipe:kaefer_2020,literature,ripple,interval,median_onset_error,10,-0.14672,-0.177766,-0.0950664,0,0,0,1,2000,7,7,11,11,0,0
participation,low,participation=low,recipe:karlsson_2009,literature,ripple,interval,median_onset_error,10,-0.00783625,-0.0099954,-0.00540774,0,0,0,1,2000,10,10,739,739,0,0
participation,low,participation=low,recipe:krause_2022,literature,network,interval,median_onset_error,10,0.0192064,0.0175387,0.0211303,0.00477717,0.00273487,0.00728109,0,2000,10,10,561,676,0,0
participation,low,participation=low,recipe:krause_2022_hse,literature,burst,interval,median_onset_error,10,-0.0287528,-0.0324467,-0.0257142,0.00364029,-0.000252822,0.00684617,0.071,2000,10,10,685,801,0,0
participation,low,participation=low,recipe:kudrimoti_1999,literature,ripple,interval,median_onset_error,10,0.0318674,0.029584,0.0353648,0,0,0,1,2000,10,10,25,25,0,0
participation,low,participation=low,recipe:lee_2002,literature,burst,interval,median_onset_error,10,-0.0251718,-0.0306108,-0.0202501,0.0131318,0.00615146,0.0204072,0,2000,10,10,876,929,0,0
participation,low,participation=low,recipe:lee_2002_ripples,literature,ripple,interval,median_onset_error,10,0.0337426,0.0309958,0.0347633,0,0,0,1,2000,10,10,76,76,0,0
participation,low,participation=low,recipe:liu_2019,literature,burst,interval,median_onset_error,10,-0.108503,-0.126882,-0.0926965,0.0390888,0.00607143,0.0619757,0.03,2000,10,10,822,825,0,0
participation,low,participation=low,recipe:liu_2019_awake,literature,burst,interval,median_onset_error,10,-0.108503,-0.126882,-0.0926965,0.0390888,0.00607143,0.0619757,0.03,2000,10,10,822,825,0,0
participation,low,participation=low,recipe:liu_2023,literature,network,interval,median_onset_error,10,0.00124908,-0.00350397,0.00584514,0.00843486,0.00423539,0.0128323,0,2000,10,10,257,470,0,0
participation,low,participation=low,recipe:maboudi_2018,literature,burst,interval,median_onset_error,10,-0.0315737,-0.035775,-0.0280476,0.000964805,-0.00406042,0.00537887,0.625,2000,10,10,615,775,0,0
participation,low,participation=low,recipe:maboudi_2018_open_field,literature,burst,interval,median_onset_error,10,0.0079224,0.00384231,0.011954,0.01062,0.00669595,0.0140997,0,2000,10,10,363,721,0,0
participation,low,participation=low,recipe:mallory_2025,literature,burst,interval,median_onset_error,10,-0.00420265,-0.00748552,-0.000294145,0.0113713,0.00801229,0.0152981,0,2000,10,10,481,743,0,0
participation,low,participation=low,recipe:mallory_2025_ripples,literature,ripple,interval,median_onset_error,10,-0.0170396,-0.0193004,-0.0142674,0,0,0,1,2000,10,10,704,704,0,0
participation,low,participation=low,recipe:michon_2019,literature,network,interval,median_onset_error,10,0.00343883,-0.000779716,0.00682693,0.00509314,-0.000288923,0.0101439,0.075,2000,10,10,210,273,0,0
participation,low,participation=low,recipe:michon_2021,literature,network,interval,median_onset_error,10,0.00343883,-0.000779716,0.00682693,0.00509314,-0.000288923,0.0101439,0.075,2000,10,10,210,273,0,0
participation,low,participation=low,recipe:mou_2022,literature,burst,interval,median_onset_error,10,-0.133831,-0.16881,-0.107013,-0.0875335,-0.124538,-0.0555328,0,2000,10,10,872,838,0,0
participation,low,participation=low,recipe:muessig_2019,literature,network,interval,median_onset_error,10,0.0171797,-0.0142873,0.0343151,-0.00907009,-0.0365647,0.00816127,0.386386,1998,5,10,8,116,0,0
participation,low,participation=low,recipe:muessig_2019_ripples,literature,ripple,interval,median_onset_error,10,-0.00850545,-0.0108126,-0.00392214,0,0,0,1,2000,10,10,893,893,0,0
participation,low,participation=low,recipe:nadasdy_1999,literature,ripple,interval,median_onset_error,10,0.00489948,0.00428016,0.00549517,0,0,0,1,2000,10,10,471,471,0,0
participation,low,participation=low,recipe:olafsdottir_2015,literature,burst,interval,median_onset_error,10,0.00148753,-0.00662719,0.00827005,-0.0038551,-0.0110815,0.00135532,0.162,2000,10,10,252,662,0,0
participation,low,participation=low,recipe:olafsdottir_2015.bayesian_candidates,literature,burst,interval,median_onset_error,10,-0.00212804,-0.0118948,0.00386358,-0.00701404,-0.0159567,-0.000907931,0.027,2000,10,10,155,599,0,0
participation,low,participation=low,recipe:olafsdottir_2016,literature,burst,interval,median_onset_error,10,0.0187648,0.0147313,0.0294149,0.00764881,0.0032197,0.0184355,0.011,2000,10,10,91,558,0,0
participation,low,participation=low,recipe:olafsdottir_2017,literature,burst,interval,median_onset_error,10,0.0265045,0.0224613,0.0306921,0.0142997,0.00923943,0.0182514,0,2000,10,10,370,744,0,0
participation,low,participation=low,recipe:olafsdottir_2017.trajectory,literature,burst,interval,median_onset_error,10,0.0187648,0.0147313,0.0294149,0.00764881,0.0032197,0.0184355,0.011,2000,10,10,91,558,0,0
participation,low,participation=low,recipe:pfeiffer_2013,literature,burst,interval,median_onset_error,10,0.0079224,0.00384231,0.011954,0.01062,0.00669595,0.0140997,0,2000,10,10,363,721,0,0
participation,low,participation=low,recipe:pfeiffer_2013_ripples,literature,ripple,interval,median_onset_error,10,-0.015743,-0.0177555,-0.0142967,0,0,0,1,2000,10,10,743,743,0,0
participation,low,participation=low,recipe:pfeiffer_2015,literature,ripple,interval,median_onset_error,10,-0.015743,-0.0177555,-0.0142967,0,0,0,1,2000,10,10,743,743,0,0
participation,low,participation=low,recipe:shin_2019,literature,ripple,interval,median_onset_error,10,-0.00783625,-0.0099954,-0.00540774,0,0,0,1,2000,10,10,739,739,0,0
participation,low,participation=low,recipe:silva_2015,literature,burst,interval,median_onset_error,10,-0.00272428,-0.00582192,-0.000890045,0.00948994,0.00539193,0.0129024,0,2000,10,10,299,606,0,0
participation,low,participation=low,recipe:stella_2019,literature,ripple,interval,median_onset_error,10,0.010835,0.0100663,0.0120394,0,0,0,1,2000,10,10,680,680,0,0
participation,low,participation=low,recipe:tang_2017,literature,ripple,interval,median_onset_error,10,-0.00783625,-0.0099954,-0.00540774,0,0,0,1,2000,10,10,739,739,0,0
participation,low,participation=low,recipe:tirole_2022,literature,network,interval,median_onset_error,10,-0.0166469,-0.024067,-0.0127272,-0.00227688,-0.0105376,0.00219178,0.353,2000,10,10,265,557,0,0
participation,low,participation=low,recipe:widloski_2025,literature,ripple,interval,median_onset_error,10,-0.168227,-0.180008,-0.160493,0,0,0,1,2000,10,10,518,518,0,0
participation,low,participation=low,recipe:widloski_2025_bursts,literature,burst,interval,median_onset_error,10,-0.151141,-0.178822,-0.13853,0.0174321,-0.0120115,0.0320603,0.225,2000,10,10,393,518,0,0
participation,low,participation=low,recipe:wikenheiser_2013,literature,ripple,interval,median_onset_error,10,-0.146394,-0.172799,-0.130138,0,0,0,1,2000,10,10,849,849,0,0
participation,low,participation=low,recipe:wu_2014,literature,burst,interval,median_onset_error,10,-0.00467831,-0.00939206,-0.00214709,0.0116779,0.00725078,0.0143176,0,2000,10,10,701,844,0,0
participation,low,participation=low,recipe:wu_2017,literature,burst,interval,median_onset_error,10,0.0208735,0.0159879,0.0268628,0.00911642,0.00550855,0.0146356,0,2000,10,10,278,523,0,0
participation,low,participation=low,recipe:xu_2019,literature,burst,interval,median_onset_error,10,0.00220475,-0.00484441,0.00693453,0.00994581,0.00300115,0.0149038,0,2000,10,10,421,731,0,0
participation,low,participation=low,recipe:yamamoto_2017,literature,network,interval,median_onset_error,10,0.0377928,0.0321236,0.0412491,0.00831608,0.0034033,0.0118354,0,2000,10,10,522,612,0,0
participation,low,participation=low,recipe:yang_2024,literature,network,interval,median_onset_error,10,-0.00624198,-0.0125811,0.000295408,0.00759341,0.0011126,0.0153669,0.033,2000,10,10,239,454,0,0
participation,reference,reference,Carey_candidate_detector,default,network,interval,median_onset_error,10,0.0023104,0.00123107,0.00399637,0,0,0,1,2000,10,10,891,891,0,0
participation,reference,reference,Karlsson_ripple_detector,default,ripple,interval,median_onset_error,10,-0.00783625,-0.0099954,-0.00540774,0,0,0,1,2000,10,10,739,739,0,0
participation,reference,reference,Kay_ripple_detector,default,ripple,interval,median_onset_error,10,0.000728616,-0.000438561,0.00163915,0,0,0,1,2000,10,10,844,844,0,0
participation,reference,reference,Long_sharp_wave_ripple_detector,default,ripple,interval,median_onset_error,10,0.0121998,0.010706,0.0136956,0,0,0,1,2000,10,10,704,704,0,0
participation,reference,reference,Roumis_ripple_detector,default,ripple,interval,median_onset_error,10,0.000534876,-0.000645838,0.00161769,0,0,0,1,2000,10,10,845,845,0,0
participation,reference,reference,Shvartsman_ripple_detector,default,ripple,interval,median_onset_error,10,-0.00962531,-0.0115123,-0.00686953,0,0,0,1,2000,10,10,677,677,0,0
participation,reference,reference,Yu_ripple_detector,default,ripple,interval,median_onset_error,10,0.00170934,0.000880944,0.00241474,0,0,0,1,2000,10,10,865,865,0,0
participation,reference,reference,Zugaro_ripple_detector,default,ripple,interval,median_onset_error,10,0.0139065,0.0128742,0.0155587,0,0,0,1,2000,10,10,689,689,0,0
participation,reference,reference,multiunit_HSE_detector,default,burst,interval,median_onset_error,10,-0.0215494,-0.0233774,-0.0202821,0,0,0,1,2000,10,10,911,911,0,0
participation,reference,reference,recipe:ambrose_2016,literature,ripple,interval,median_onset_error,10,-0.015743,-0.0177555,-0.0142967,0,0,0,1,2000,10,10,743,743,0,0
participation,reference,reference,recipe:bendor_2012,literature,burst,interval,median_onset_error,10,0.011512,0.0104613,0.0123958,0,0,0,1,2000,10,10,655,655,0,0
participation,reference,reference,recipe:berners_lee_2021,literature,ripple,interval,median_onset_error,10,-0.0155589,-0.0173479,-0.0133744,0,0,0,1,2000,10,10,806,806,0,0
participation,reference,reference,recipe:berners_lee_2022,literature,burst,interval,median_onset_error,10,-0.0130479,-0.0159764,-0.0103579,0,0,0,1,2000,10,10,668,668,0,0
participation,reference,reference,recipe:bhattarai_2020,literature,network,interval,median_onset_error,10,-0.0831288,-0.0969635,-0.0720238,0,0,0,1,2000,10,10,418,418,0,0
participation,reference,reference,recipe:bhattarai_2020_ripples,literature,ripple,interval,median_onset_error,10,0.00150574,0.00025049,0.00309676,0,0,0,1,2000,10,10,474,474,0,0
participation,reference,reference,recipe:bush_2022,literature,burst,interval,median_onset_error,10,0.000963743,-0.000634348,0.00233178,0,0,0,1,2000,10,10,617,617,0,0
participation,reference,reference,recipe:carey_2019,literature,network,interval,median_onset_error,10,0.0127066,0.0112533,0.0135894,0,0,0,1,2000,10,10,900,900,0,0
participation,reference,reference,recipe:carr_2012,literature,ripple,interval,median_onset_error,10,-0.00783625,-0.0099954,-0.00540774,0,0,0,1,2000,10,10,739,739,0,0
participation,reference,reference,recipe:chenani_2019,literature,burst,interval,median_onset_error,10,-0.0188819,-0.021828,-0.0175617,0,0,0,1,2000,10,10,671,671,0,0
participation,reference,reference,recipe:davidson_2009,literature,burst,interval,median_onset_error,10,-0.0208446,-0.0222665,-0.0193016,0,0,0,1,2000,10,10,784,784,0,0
participation,reference,reference,recipe:denovellis_2021,literature,ripple,interval,median_onset_error,10,0.00103708,7.44804e-05,0.00199106,0,0,0,1,2000,10,10,845,845,0,0
participation,reference,reference,recipe:denovellis_2021_mua,literature,burst,interval,median_onset_error,10,-0.0216321,-0.0237751,-0.0199833,0,0,0,1,2000,10,10,910,910,0,0
participation,reference,reference,recipe:diba_2007,literature,burst,interval,median_onset_error,10,-0.0727517,-0.099299,-0.0577457,0,0,0,1,2000,10,10,251,251,0,0
participation,reference,reference,recipe:drieu_2018,literature,burst,interval,median_onset_error,10,-0.00404978,-0.00568393,-0.00285607,0,0,0,1,2000,10,10,769,769,0,0
participation,reference,reference,recipe:farooq_2019_neuron,literature,burst,interval,median_onset_error,10,0.0114778,0.00791052,0.0138605,0,0,0,1,2000,10,10,274,274,0,0
participation,reference,reference,recipe:farooq_2019_science,literature,burst,interval,median_onset_error,10,0.0114778,0.0079113,0.0138605,0,0,0,1,2000,10,10,272,272,0,0
participation,reference,reference,recipe:farooq_2019_science_awake,literature,burst,interval,median_onset_error,10,0.0114778,0.0079113,0.0138605,0,0,0,1,2000,10,10,272,272,0,0
participation,reference,reference,recipe:foster_2006,literature,burst,interval,median_onset_error,10,-0.00603709,-0.0101548,0.00259616,0,0,0,1,2000,10,10,145,145,0,0
participation,reference,reference,recipe:foster_2006_ripples,literature,ripple,interval,median_onset_error,10,0.0337426,0.0309958,0.0347633,0,0,0,1,2000,10,10,76,76,0,0
participation,reference,reference,recipe:gillespie_2021,literature,ripple,interval,median_onset_error,10,0.000728616,-0.000438561,0.00163915,0,0,0,1,2000,10,10,844,844,0,0
participation,reference,reference,recipe:gillespie_2021_mua,literature,burst,interval,median_onset_error,10,-0.0208446,-0.0224039,-0.0192365,0,0,0,1,2000,10,10,804,804,0,0
participation,reference,reference,recipe:gridchyn_2020,literature,burst,interval,median_onset_error,10,0.0114932,0.00973624,0.0128004,0,0,0,1,2000,10,10,872,872,0,0
participation,reference,reference,recipe:grosmark_2016,literature,network,interval,median_onset_error,10,-0.0138354,-0.0183971,-0.0119283,0,0,0,1,2000,10,10,454,454,0,0
participation,reference,reference,recipe:gupta_2010,literature,ripple,interval,median_onset_error,10,0.000649468,-0.000516766,0.00149165,0,0,0,1,2000,10,10,816,816,0,0
participation,reference,reference,recipe:harvey_2023_code,literature,ripple,interval,median_onset_error,10,0.0134081,0.0119995,0.0157787,0,0,0,1,2000,10,10,575,575,0,0
participation,reference,reference,recipe:harvey_2023_no_radiatum,literature,ripple,interval,median_onset_error,10,2.11699e-05,-0.00315594,0.00152412,0,0,0,1,2000,10,10,609,609,0,0
participation,reference,reference,recipe:harvey_2023_text,literature,ripple,interval,median_onset_error,10,0.0143671,0.0133529,0.0152102,0,0,0,1,2000,10,10,617,617,0,0
participation,reference,reference,recipe:huelin_gorriz_2023,literature,network,interval,median_onset_error,10,-0.01437,-0.0172593,-0.0127015,0,0,0,1,2000,10,10,557,557,0,0
participation,reference,reference,recipe:igata_2021,literature,burst,interval,median_onset_error,10,-0.0208446,-0.0230458,-0.0189872,0,0,0,1,2000,10,10,912,912,0,0
participation,reference,reference,recipe:igata_2021_ripples,literature,ripple,interval,median_onset_error,10,0.00117637,0.000836552,0.00170338,0,0,0,1,2000,10,10,890,890,0,0
participation,reference,reference,recipe:jadhav_2016,literature,ripple,interval,median_onset_error,10,-0.00782947,-0.0101123,-0.00525858,0,0,0,1,2000,10,10,598,598,0,0
participation,reference,reference,recipe:ji_2007,literature,burst,interval,median_onset_error,10,0.0177528,0.0144042,0.0203139,0,0,0,1,2000,10,10,685,685,0,0
participation,reference,reference,recipe:ji_2007_ripples,literature,ripple,interval,median_onset_error,10,-0.0533866,-0.183374,0.00947258,0,0,0,1,1989,4,4,5,5,0,0
participation,reference,reference,recipe:kaefer_2020,literature,ripple,interval,median_onset_error,10,-0.14672,-0.177766,-0.0950664,0,0,0,1,2000,7,7,11,11,0,0
participation,reference,reference,recipe:karlsson_2009,literature,ripple,interval,median_onset_error,10,-0.00783625,-0.0099954,-0.00540774,0,0,0,1,2000,10,10,739,739,0,0
participation,reference,reference,recipe:krause_2022,literature,network,interval,median_onset_error,10,0.0144293,0.0122692,0.0163226,0,0,0,1,2000,10,10,676,676,0,0
participation,reference,reference,recipe:krause_2022_hse,literature,burst,interval,median_onset_error,10,-0.0323931,-0.0346551,-0.0290887,0,0,0,1,2000,10,10,801,801,0,0
participation,reference,reference,recipe:kudrimoti_1999,literature,ripple,interval,median_onset_error,10,0.0318674,0.029584,0.0353648,0,0,0,1,2000,10,10,25,25,0,0
participation,reference,reference,recipe:lee_2002,literature,burst,interval,median_onset_error,10,-0.0383037,-0.0457685,-0.0332465,0,0,0,1,2000,10,10,929,929,0,0
participation,reference,reference,recipe:lee_2002_ripples,literature,ripple,interval,median_onset_error,10,0.0337426,0.0309958,0.0347633,0,0,0,1,2000,10,10,76,76,0,0
participation,reference,reference,recipe:liu_2019,literature,burst,interval,median_onset_error,10,-0.147592,-0.157828,-0.132624,0,0,0,1,2000,10,10,825,825,0,0
participation,reference,reference,recipe:liu_2019_awake,literature,burst,interval,median_onset_error,10,-0.147592,-0.157828,-0.132624,0,0,0,1,2000,10,10,825,825,0,0
participation,reference,reference,recipe:liu_2023,literature,network,interval,median_onset_error,10,-0.00718578,-0.010088,-0.00536157,0,0,0,1,2000,10,10,470,470,0,0
participation,reference,reference,recipe:maboudi_2018,literature,burst,interval,median_onset_error,10,-0.0325385,-0.0350644,-0.0294038,0,0,0,1,2000,10,10,775,775,0,0
participation,reference,reference,recipe:maboudi_2018_open_field,literature,burst,interval,median_onset_error,10,-0.00269756,-0.00399852,-8.80208e-05,0,0,0,1,2000,10,10,721,721,0,0
participation,reference,reference,recipe:mallory_2025,literature,burst,interval,median_onset_error,10,-0.0155739,-0.0176664,-0.0144297,0,0,0,1,2000,10,10,743,743,0,0
participation,reference,reference,recipe:mallory_2025_ripples,literature,ripple,interval,median_onset_error,10,-0.0170396,-0.0193004,-0.0142674,0,0,0,1,2000,10,10,704,704,0,0
participation,reference,reference,recipe:michon_2019,literature,network,interval,median_onset_error,10,-0.00165431,-0.00362832,0.000536935,0,0,0,1,2000,10,10,273,273,0,0
participation,reference,reference,recipe:michon_2021,literature,network,interval,median_onset_error,10,-0.00165431,-0.00362832,0.000536935,0,0,0,1,2000,10,10,273,273,0,0
participation,reference,reference,recipe:mou_2022,literature,burst,interval,median_onset_error,10,-0.0462975,-0.0555394,-0.0401892,0,0,0,1,2000,10,10,838,838,0,0
participation,reference,reference,recipe:muessig_2019,literature,network,interval,median_onset_error,10,0.0262498,0.0215342,0.0309892,0,0,0,1,2000,10,10,116,116,0,0
participation,reference,reference,recipe:muessig_2019_ripples,literature,ripple,interval,median_onset_error,10,-0.00850545,-0.0108126,-0.00392214,0,0,0,1,2000,10,10,893,893,0,0
participation,reference,reference,recipe:nadasdy_1999,literature,ripple,interval,median_onset_error,10,0.00489948,0.00428016,0.00549517,0,0,0,1,2000,10,10,471,471,0,0
participation,reference,reference,recipe:olafsdottir_2015,literature,burst,interval,median_onset_error,10,0.00534263,0.00360919,0.00774539,0,0,0,1,2000,10,10,662,662,0,0
participation,reference,reference,recipe:olafsdottir_2015.bayesian_candidates,literature,burst,interval,median_onset_error,10,0.004886,0.00284124,0.00630589,0,0,0,1,2000,10,10,599,599,0,0
participation,reference,reference,recipe:olafsdottir_2016,literature,burst,interval,median_onset_error,10,0.011116,0.00799637,0.0127389,0,0,0,1,2000,10,10,558,558,0,0
participation,reference,reference,recipe:olafsdottir_2017,literature,burst,interval,median_onset_error,10,0.0122048,0.0108757,0.0136994,0,0,0,1,2000,10,10,744,744,0,0
participation,reference,reference,recipe:olafsdottir_2017.trajectory,literature,burst,interval,median_onset_error,10,0.011116,0.00799637,0.0127389,0,0,0,1,2000,10,10,558,558,0,0
participation,reference,reference,recipe:pfeiffer_2013,literature,burst,interval,median_onset_error,10,-0.00269756,-0.00399852,-8.80208e-05,0,0,0,1,2000,10,10,721,721,0,0
participation,reference,reference,recipe:pfeiffer_2013_ripples,literature,ripple,interval,median_onset_error,10,-0.015743,-0.0177555,-0.0142967,0,0,0,1,2000,10,10,743,743,0,0
participation,reference,reference,recipe:pfeiffer_2015,literature,ripple,interval,median_onset_error,10,-0.015743,-0.0177555,-0.0142967,0,0,0,1,2000,10,10,743,743,0,0
participation,reference,reference,recipe:shin_2019,literature,ripple,interval,median_onset_error,10,-0.00783625,-0.0099954,-0.00540774,0,0,0,1,2000,10,10,739,739,0,0
participation,reference,reference,recipe:silva_2015,literature,burst,interval,median_onset_error,10,-0.0122142,-0.0153682,-0.0101496,0,0,0,1,2000,10,10,606,606,0,0
participation,reference,reference,recipe:stella_2019,literature,ripple,interval,median_onset_error,10,0.010835,0.0100663,0.0120394,0,0,0,1,2000,10,10,680,680,0,0
participation,reference,reference,recipe:tang_2017,literature,ripple,interval,median_onset_error,10,-0.00783625,-0.0099954,-0.00540774,0,0,0,1,2000,10,10,739,739,0,0
participation,reference,reference,recipe:tirole_2022,literature,network,interval,median_onset_error,10,-0.01437,-0.0172593,-0.0127015,0,0,0,1,2000,10,10,557,557,0,0
participation,reference,reference,recipe:widloski_2025,literature,ripple,interval,median_onset_error,10,-0.168227,-0.180008,-0.160493,0,0,0,1,2000,10,10,518,518,0,0
participation,reference,reference,recipe:widloski_2025_bursts,literature,burst,interval,median_onset_error,10,-0.168573,-0.174543,-0.15673,0,0,0,1,2000,10,10,518,518,0,0
participation,reference,reference,recipe:wikenheiser_2013,literature,ripple,interval,median_onset_error,10,-0.146394,-0.172799,-0.130138,0,0,0,1,2000,10,10,849,849,0,0
participation,reference,reference,recipe:wu_2014,literature,burst,interval,median_onset_error,10,-0.0163562,-0.018528,-0.014373,0,0,0,1,2000,10,10,844,844,0,0
participation,reference,reference,recipe:wu_2017,literature,burst,interval,median_onset_error,10,0.0117571,0.00916774,0.0144137,0,0,0,1,2000,10,10,523,523,0,0
participation,reference,reference,recipe:xu_2019,literature,burst,interval,median_onset_error,10,-0.00774106,-0.0101589,-0.00488211,0,0,0,1,2000,10,10,731,731,0,0
participation,reference,reference,recipe:yamamoto_2017,literature,network,interval,median_onset_error,10,0.0294767,0.0276603,0.0314484,0,0,0,1,2000,10,10,612,612,0,0
participation,reference,reference,recipe:yang_2024,literature,network,interval,median_onset_error,10,-0.0138354,-0.0183971,-0.0119283,0,0,0,1,2000,10,10,454,454,0,0
participation,high,participation=high,Carey_candidate_detector,default,network,interval,median_onset_error,10,-0.00291569,-0.00380552,-0.00188515,-0.0052261,-0.00648875,-0.00423791,0,2000,10,10,901,891,0,0
participation,high,participation=high,Karlsson_ripple_detector,default,ripple,interval,median_onset_error,10,-0.00783625,-0.0099954,-0.00540774,0,0,0,1,2000,10,10,739,739,0,0
participation,high,participation=high,Kay_ripple_detector,default,ripple,interval,median_onset_error,10,0.000728616,-0.000438561,0.00163915,0,0,0,1,2000,10,10,844,844,0,0
participation,high,participation=high,Long_sharp_wave_ripple_detector,default,ripple,interval,median_onset_error,10,0.0121998,0.010706,0.0136956,0,0,0,1,2000,10,10,704,704,0,0
participation,high,participation=high,Roumis_ripple_detector,default,ripple,interval,median_onset_error,10,0.000534876,-0.000645838,0.00161769,0,0,0,1,2000,10,10,845,845,0,0
participation,high,participation=high,Shvartsman_ripple_detector,default,ripple,interval,median_onset_error,10,-0.00962531,-0.0115123,-0.00686953,0,0,0,1,2000,10,10,677,677,0,0
participation,high,participation=high,Yu_ripple_detector,default,ripple,interval,median_onset_error,10,0.00170934,0.000880944,0.00241474,0,0,0,1,2000,10,10,865,865,0,0
participation,high,participation=high,Zugaro_ripple_detector,default,ripple,interval,median_onset_error,10,0.0139065,0.0128742,0.0155587,0,0,0,1,2000,10,10,689,689,0,0
participation,high,participation=high,multiunit_HSE_detector,default,burst,interval,median_onset_error,10,-0.0213911,-0.0246555,-0.0196849,0.000158293,-0.00360021,0.00239309,0.947,2000,10,10,936,911,0,0
participation,high,participation=high,recipe:ambrose_2016,literature,ripple,interval,median_onset_error,10,-0.015743,-0.0177555,-0.0142967,0,0,0,1,2000,10,10,743,743,0,0
participation,high,participation=high,recipe:bendor_2012,literature,burst,interval,median_onset_error,10,0.00709993,0.00567803,0.00808918,-0.00441209,-0.0056657,-0.00330735,0,2000,10,10,758,655,0,0
participation,high,participation=high,recipe:berners_lee_2021,literature,ripple,interval,median_onset_error,10,-0.0155589,-0.0173479,-0.0133744,0,0,0,1,2000,10,10,806,806,0,0
participation,high,participation=high,recipe:berners_lee_2022,literature,burst,interval,median_onset_error,10,-0.0152606,-0.0173706,-0.0137583,-0.00221264,-0.00629569,0.00161035,0.346,2000,10,10,743,668,0,0
participation,high,participation=high,recipe:bhattarai_2020,literature,network,interval,median_onset_error,10,-0.0694623,-0.0853272,-0.0524832,0.0136665,-0.0075915,0.0355377,0.23,2000,10,10,505,418,0,0
participation,high,participation=high,recipe:bhattarai_2020_ripples,literature,ripple,interval,median_onset_error,10,0.00102886,-0.000824008,0.00256898,-0.000476873,-0.00167715,0.000160765,0.204,2000,10,10,561,474,0,0
participation,high,participation=high,recipe:bush_2022,literature,burst,interval,median_onset_error,10,-0.00120513,-0.00191317,-0.000588063,-0.00216888,-0.00353939,-0.000688724,0.001,2000,10,10,787,617,0,0
participation,high,participation=high,recipe:carey_2019,literature,network,interval,median_onset_error,10,0.00641432,0.00527302,0.00815159,-0.00629225,-0.00734642,-0.00450965,0,2000,10,10,925,900,0,0
participation,high,participation=high,recipe:carr_2012,literature,ripple,interval,median_onset_error,10,-0.00783625,-0.0099954,-0.00540774,0,0,0,1,2000,10,10,739,739,0,0
participation,high,participation=high,recipe:chenani_2019,literature,burst,interval,median_onset_error,10,-0.0223844,-0.0242071,-0.0214934,-0.00350254,-0.00531387,-0.000835511,0.004,2000,10,10,785,671,0,0
participation,high,participation=high,recipe:davidson_2009,literature,burst,interval,median_onset_error,10,-0.0210534,-0.0238358,-0.0190182,-0.000208808,-0.00313639,0.0023106,0.879,2000,10,10,846,784,0,0
participation,high,participation=high,recipe:denovellis_2021,literature,ripple,interval,median_onset_error,10,0.00103708,7.44804e-05,0.00199106,0,0,0,1,2000,10,10,845,845,0,0
participation,high,participation=high,recipe:denovellis_2021_mua,literature,burst,interval,median_onset_error,10,-0.0218868,-0.0246725,-0.0200298,-0.000254649,-0.00369875,0.00231887,0.893,2000,10,10,937,910,0,0
participation,high,participation=high,recipe:diba_2007,literature,burst,interval,median_onset_error,10,-0.0722191,-0.0890884,-0.0535418,0.000532615,-0.0204316,0.0308556,0.807,2000,10,10,543,251,0,0
participation,high,participation=high,recipe:drieu_2018,literature,burst,interval,median_onset_error,10,-0.0111421,-0.0125566,-0.0103511,-0.00709234,-0.00860177,-0.00564873,0,2000,10,10,815,769,0,0
participation,high,participation=high,recipe:farooq_2019_neuron,literature,burst,interval,median_onset_error,10,0.0114159,0.00916368,0.0127609,-6.1834e-05,-0.00284049,0.00251612,0.943,2000,10,10,381,274,0,0
participation,high,participation=high,recipe:farooq_2019_science,literature,burst,interval,median_onset_error,10,0.0114159,0.00916368,0.0127609,-6.1834e-05,-0.00292317,0.0025578,0.944,2000,10,10,381,272,0,0
participation,high,participation=high,recipe:farooq_2019_science_awake,literature,burst,interval,median_onset_error,10,0.0114159,0.00916368,0.0127609,-6.1834e-05,-0.00292317,0.0025578,0.944,2000,10,10,381,272,0,0
participation,high,participation=high,recipe:foster_2006,literature,burst,interval,median_onset_error,10,-0.0040776,-0.00814063,-0.00155994,0.00195949,-0.00471538,0.00705908,0.477,2000,10,10,459,145,0,0
participation,high,participation=high,recipe:foster_2006_ripples,literature,ripple,interval,median_onset_error,10,0.0337426,0.0309958,0.0347633,0,0,0,1,2000,10,10,76,76,0,0
participation,high,participation=high,recipe:gillespie_2021,literature,ripple,interval,median_onset_error,10,0.000728616,-0.000438561,0.00163915,0,0,0,1,2000,10,10,844,844,0,0
participation,high,participation=high,recipe:gillespie_2021_mua,literature,burst,interval,median_onset_error,10,-0.0212556,-0.0238554,-0.0192578,-0.000411055,-0.00356543,0.00194406,0.699,2000,10,10,864,804,0,0
participation,high,participation=high,recipe:gridchyn_2020,literature,burst,interval,median_onset_error,10,0.00855865,0.0069169,0.0105569,-0.00293452,-0.00490058,0.000208778,0.071,2000,10,10,925,872,0,0
participation,high,participation=high,recipe:grosmark_2016,literature,network,interval,median_onset_error,10,-0.0174371,-0.0192874,-0.0153206,-0.00360168,-0.00525579,-0.000449844,0.027,2000,10,10,514,454,0,0
participation,high,participation=high,recipe:gupta_2010,literature,ripple,interval,median_onset_error,10,0.000649468,-0.000516766,0.00149165,0,0,0,1,2000,10,10,816,816,0,0
participation,high,participation=high,recipe:harvey_2023_code,literature,ripple,interval,median_onset_error,10,0.0129893,0.0117833,0.0144811,-0.000418748,-0.00142397,0.000178839,0.23,2000,10,10,644,575,0,0
participation,high,participation=high,recipe:harvey_2023_no_radiatum,literature,ripple,interval,median_onset_error,10,-0.000335938,-0.00331751,0.00158055,-0.000357108,-0.000922005,0.00078066,1,2000,10,10,665,609,0,0
participation,high,participation=high,recipe:harvey_2023_text,literature,ripple,interval,median_onset_error,10,0.0143671,0.0133529,0.0152102,0,0,0,1,2000,10,10,617,617,0,0
participation,high,participation=high,recipe:huelin_gorriz_2023,literature,network,interval,median_onset_error,10,-0.0167647,-0.0191681,-0.014129,-0.00239476,-0.00586449,0.0018669,0.291,2000,10,10,637,557,0,0
participation,high,participation=high,recipe:igata_2021,literature,burst,interval,median_onset_error,10,-0.0207318,-0.0229935,-0.0187377,0.000112778,-0.00258725,0.00277259,0.796,2000,10,10,934,912,0,0
participation,high,participation=high,recipe:igata_2021_ripples,literature,ripple,interval,median_onset_error,10,0.00117637,0.000836552,0.00170338,0,0,0,1,2000,10,10,890,890,0,0
participation,high,participation=high,recipe:jadhav_2016,literature,ripple,interval,median_onset_error,10,-0.00782947,-0.0101123,-0.00525858,0,0,0,1,2000,10,10,598,598,0,0
participation,high,participation=high,recipe:ji_2007,literature,burst,interval,median_onset_error,10,0.00914068,0.00630109,0.0112472,-0.00861215,-0.0129354,-0.00429952,0,2000,10,10,797,685,0,0
participation,high,participation=high,recipe:ji_2007_ripples,literature,ripple,interval,median_onset_error,10,-0.0533866,-0.183374,0.00947258,0,0,0,1,1989,4,4,5,5,0,0
participation,high,participation=high,recipe:kaefer_2020,literature,ripple,interval,median_onset_error,10,-0.14672,-0.177766,-0.0950664,0,0,0,1,2000,7,7,11,11,0,0
participation,high,participation=high,recipe:karlsson_2009,literature,ripple,interval,median_onset_error,10,-0.00783625,-0.0099954,-0.00540774,0,0,0,1,2000,10,10,739,739,0,0
participation,high,participation=high,recipe:krause_2022,literature,network,interval,median_onset_error,10,0.011904,0.0107432,0.0139133,-0.00252525,-0.00386519,-0.000786236,0.006,2000,10,10,694,676,0,0
participation,high,participation=high,recipe:krause_2022_hse,literature,burst,interval,median_onset_error,10,-0.0322134,-0.0343479,-0.0303095,0.000179662,-0.00393118,0.00369036,0.978,2000,10,10,860,801,0,0
participation,high,participation=high,recipe:kudrimoti_1999,literature,ripple,interval,median_onset_error,10,0.0318674,0.029584,0.0353648,0,0,0,1,2000,10,10,25,25,0,0
participation,high,participation=high,recipe:lee_2002,literature,burst,interval,median_onset_error,10,-0.0471377,-0.0536386,-0.0404924,-0.00883402,-0.0164267,-0.000394359,0.038,2000,10,10,927,929,0,0
participation,high,participation=high,recipe:lee_2002_ripples,literature,ripple,interval,median_onset_error,10,0.0337426,0.0309958,0.0347633,0,0,0,1,2000,10,10,76,76,0,0
participation,high,participation=high,recipe:liu_2019,literature,burst,interval,median_onset_error,10,-0.155298,-0.163887,-0.149684,-0.00770561,-0.0273944,0.00410764,0.168,2000,10,10,803,825,0,0
participation,high,participation=high,recipe:liu_2019_awake,literature,burst,interval,median_onset_error,10,-0.155298,-0.163887,-0.149684,-0.00770561,-0.0273944,0.00410764,0.168,2000,10,10,803,825,0,0
participation,high,participation=high,recipe:liu_2023,literature,network,interval,median_onset_error,10,-0.0118479,-0.013859,-0.00973047,-0.00466214,-0.0072303,-0.00107661,0.01,2000,10,10,509,470,0,0
participation,high,participation=high,recipe:maboudi_2018,literature,burst,interval,median_onset_error,10,-0.0323483,-0.0341226,-0.0302479,0.000190119,-0.00368917,0.00395787,0.832,2000,10,10,847,775,0,0
participation,high,participation=high,recipe:maboudi_2018_open_field,literature,burst,interval,median_onset_error,10,-0.0071685,-0.00841238,-0.00560029,-0.00447094,-0.00649382,-0.00327537,0,2000,10,10,814,721,0,0
participation,high,participation=high,recipe:mallory_2025,literature,burst,interval,median_onset_error,10,-0.0194294,-0.0207864,-0.018167,-0.0038555,-0.00560672,-0.00177261,0.002,2000,10,10,822,743,0,0
participation,high,participation=high,recipe:mallory_2025_ripples,literature,ripple,interval,median_onset_error,10,-0.0170396,-0.0193004,-0.0142674,0,0,0,1,2000,10,10,704,704,0,0
participation,high,participation=high,recipe:michon_2019,literature,network,interval,median_onset_error,10,-0.00275467,-0.00411917,-0.00162012,-0.00110036,-0.00342333,0.00100096,0.289,2000,10,10,305,273,0,0
participation,high,participation=high,recipe:michon_2021,literature,network,interval,median_onset_error,10,-0.00275467,-0.00411917,-0.00162012,-0.00110036,-0.00342333,0.00100096,0.289,2000,10,10,305,273,0,0
participation,high,participation=high,recipe:mou_2022,literature,burst,interval,median_onset_error,10,-0.0284307,-0.0348947,-0.0241121,0.0178668,0.0108462,0.0263405,0,2000,10,10,838,838,0,0
participation,high,participation=high,recipe:muessig_2019,literature,network,interval,median_onset_error,10,0.0229856,0.0216485,0.0255371,-0.00326416,-0.00765084,0.00233088,0.194,2000,10,10,196,116,0,0
participation,high,participation=high,recipe:muessig_2019_ripples,literature,ripple,interval,median_onset_error,10,-0.00850545,-0.0108126,-0.00392214,0,0,0,1,2000,10,10,893,893,0,0
participation,high,participation=high,recipe:nadasdy_1999,literature,ripple,interval,median_onset_error,10,0.00489948,0.00428016,0.00549517,0,0,0,1,2000,10,10,471,471,0,0
participation,high,participation=high,recipe:olafsdottir_2015,literature,burst,interval,median_onset_error,10,0.00120503,-0.0016372,0.00255865,-0.0041376,-0.00646787,-0.00339009,0,2000,10,10,790,662,0,0
participation,high,participation=high,recipe:olafsdottir_2015.bayesian_candidates,literature,burst,interval,median_onset_error,10,0.000616042,-0.00180977,0.00229029,-0.00426996,-0.00627498,-0.00272373,0,2000,10,10,759,599,0,0
participation,high,participation=high,recipe:olafsdottir_2016,literature,burst,interval,median_onset_error,10,0.00350603,0.00229289,0.0044678,-0.00761,-0.00913668,-0.00460142,0,2000,10,10,772,558,0,0
participation,high,participation=high,recipe:olafsdottir_2017,literature,burst,interval,median_onset_error,10,0.00363823,0.00266017,0.00445058,-0.00856657,-0.010292,-0.00702965,0,2000,10,10,824,744,0,0
participation,high,participation=high,recipe:olafsdottir_2017.trajectory,literature,burst,interval,median_onset_error,10,0.00350603,0.00229289,0.0044678,-0.00761,-0.00913668,-0.00460142,0,2000,10,10,772,558,0,0
participation,high,participation=high,recipe:pfeiffer_2013,literature,burst,interval,median_onset_error,10,-0.0071685,-0.00841238,-0.00560029,-0.00447094,-0.00649382,-0.00327537,0,2000,10,10,814,721,0,0
participation,high,participation=high,recipe:pfeiffer_2013_ripples,literature,ripple,interval,median_onset_error,10,-0.015743,-0.0177555,-0.0142967,0,0,0,1,2000,10,10,743,743,0,0
participation,high,participation=high,recipe:pfeiffer_2015,literature,ripple,interval,median_onset_error,10,-0.015743,-0.0177555,-0.0142967,0,0,0,1,2000,10,10,743,743,0,0
participation,high,participation=high,recipe:shin_2019,literature,ripple,interval,median_onset_error,10,-0.00783625,-0.0099954,-0.00540774,0,0,0,1,2000,10,10,739,739,0,0
participation,high,participation=high,recipe:silva_2015,literature,burst,interval,median_onset_error,10,-0.0161614,-0.0180476,-0.0147921,-0.00394723,-0.00645385,-0.00146259,0.01,2000,10,10,686,606,0,0
participation,high,participation=high,recipe:stella_2019,literature,ripple,interval,median_onset_error,10,0.010835,0.0100663,0.0120394,0,0,0,1,2000,10,10,680,680,0,0
participation,high,participation=high,recipe:tang_2017,literature,ripple,interval,median_onset_error,10,-0.00783625,-0.0099954,-0.00540774,0,0,0,1,2000,10,10,739,739,0,0
participation,high,participation=high,recipe:tirole_2022,literature,network,interval,median_onset_error,10,-0.0167647,-0.0191681,-0.014129,-0.00239476,-0.00586449,0.0018669,0.291,2000,10,10,637,557,0,0
participation,high,participation=high,recipe:widloski_2025,literature,ripple,interval,median_onset_error,10,-0.168227,-0.180008,-0.160493,0,0,0,1,2000,10,10,518,518,0,0
participation,high,participation=high,recipe:widloski_2025_bursts,literature,burst,interval,median_onset_error,10,-0.152857,-0.156331,-0.148454,0.0157156,0.00259912,0.0229869,0.024,2000,10,10,584,518,0,0
participation,high,participation=high,recipe:wikenheiser_2013,literature,ripple,interval,median_onset_error,10,-0.146394,-0.172799,-0.130138,0,0,0,1,2000,10,10,849,849,0,0
participation,high,participation=high,recipe:wu_2014,literature,burst,interval,median_onset_error,10,-0.021299,-0.022236,-0.0200968,-0.00494284,-0.00727537,-0.00244022,0,2000,10,10,857,844,0,0
participation,high,participation=high,recipe:wu_2017,literature,burst,interval,median_onset_error,10,0.00640648,0.00354794,0.00898938,-0.00535061,-0.00805319,-0.00270498,0,2000,10,10,725,523,0,0
participation,high,participation=high,recipe:xu_2019,literature,burst,interval,median_onset_error,10,-0.00975419,-0.0117395,-0.00809054,-0.00201313,-0.00473819,0.000213157,0.081,2000,10,10,816,731,0,0
participation,high,participation=high,recipe:yamamoto_2017,literature,network,interval,median_onset_error,10,0.021551,0.0198247,0.023587,-0.00792569,-0.00914893,-0.00625404,0,2000,10,10,658,612,0,0
participation,high,participation=high,recipe:yang_2024,literature,network,interval,median_onset_error,10,-0.0174371,-0.0192874,-0.0153206,-0.00360168,-0.00525579,-0.000449844,0.027,2000,10,10,514,454,0,0
n_units,30,n_units=30,Carey_candidate_detector,default,network,interval,median_onset_error,10,0.0186288,0.017193,0.0200991,0.0163183,0.0150122,0.0169947,0,2000,10,10,800,891,0,0
n_units,30,n_units=30,Karlsson_ripple_detector,default,ripple,interval,median_onset_error,10,-0.00783625,-0.0099954,-0.00540774,0,0,0,1,2000,10,10,739,739,0,0
n_units,30,n_units=30,Kay_ripple_detector,default,ripple,interval,median_onset_error,10,0.000728616,-0.000438561,0.00163915,0,0,0,1,2000,10,10,844,844,0,0
n_units,30,n_units=30,Long_sharp_wave_ripple_detector,default,ripple,interval,median_onset_error,10,0.0121998,0.010706,0.0136956,0,0,0,1,2000,10,10,704,704,0,0
n_units,30,n_units=30,Roumis_ripple_detector,default,ripple,interval,median_onset_error,10,0.000534876,-0.000645838,0.00161769,0,0,0,1,2000,10,10,845,845,0,0
n_units,30,n_units=30,Shvartsman_ripple_detector,default,ripple,interval,median_onset_error,10,-0.00962531,-0.0115123,-0.00686953,0,0,0,1,2000,10,10,677,677,0,0
n_units,30,n_units=30,Yu_ripple_detector,default,ripple,interval,median_onset_error,10,0.00170934,0.000880944,0.00241474,0,0,0,1,2000,10,10,865,865,0,0
n_units,30,n_units=30,Zugaro_ripple_detector,default,ripple,interval,median_onset_error,10,0.0139065,0.0128742,0.0155587,0,0,0,1,2000,10,10,689,689,0,0
n_units,30,n_units=30,multiunit_HSE_detector,default,burst,interval,median_onset_error,10,-0.0175949,-0.0203468,-0.0150119,0.00395457,0.00166527,0.00652935,0.001,2000,10,10,842,911,0,0
n_units,30,n_units=30,recipe:ambrose_2016,literature,ripple,interval,median_onset_error,10,-0.015743,-0.0177555,-0.0142967,0,0,0,1,2000,10,10,743,743,0,0
n_units,30,n_units=30,recipe:bendor_2012,literature,burst,interval,median_onset_error,10,0.0148394,0.0117833,0.0176693,0.00332733,0.000676709,0.00583905,0.012,2000,10,10,502,655,0,0
n_units,30,n_units=30,recipe:berners_lee_2021,literature,ripple,interval,median_onset_error,10,-0.0155589,-0.0173479,-0.0133744,0,0,0,1,2000,10,10,806,806,0,0
n_units,30,n_units=30,recipe:berners_lee_2022,literature,burst,interval,median_onset_error,10,-0.0113398,-0.0126967,-0.0105516,0.00170811,-0.00111654,0.00483204,0.337,2000,10,10,559,668,0,0
n_units,30,n_units=30,recipe:bhattarai_2020,literature,network,interval,median_onset_error,10,-0.0355806,-0.0541992,-0.00242034,0.0475483,0.0295153,0.0831155,0,2000,10,10,181,418,0,0
n_units,30,n_units=30,recipe:bhattarai_2020_ripples,literature,ripple,interval,median_onset_error,10,0.00293684,0.00102886,0.00476467,0.00143111,-0.000526489,0.00303631,0.162,2000,10,10,204,474,0,0
n_units,30,n_units=30,recipe:bush_2022,literature,burst,interval,median_onset_error,10,0.00914971,0.00760852,0.0108549,0.00818597,0.00644549,0.0102626,0,2000,10,10,480,617,0,0
n_units,30,n_units=30,recipe:carey_2019,literature,network,interval,median_onset_error,10,0.019634,0.018348,0.0211439,0.00692746,0.00583282,0.00844171,0,2000,10,10,814,900,0,0
n_units,30,n_units=30,recipe:carr_2012,literature,ripple,interval,median_onset_error,10,-0.00783625,-0.0099954,-0.00540774,0,0,0,1,2000,10,10,739,739,0,0
n_units,30,n_units=30,recipe:chenani_2019,literature,burst,interval,median_onset_error,10,-0.0180232,-0.0209886,-0.0156577,0.000858655,-0.00133902,0.00370203,0.414,2000,10,10,400,671,0,0
n_units,30,n_units=30,recipe:davidson_2009,literature,burst,interval,median_onset_error,10,-0.0176281,-0.0206412,-0.0152667,0.00321648,0.000759576,0.00484652,0.003,2000,10,10,685,784,0,0
n_units,30,n_units=30,recipe:denovellis_2021,literature,ripple,interval,median_onset_error,10,0.00103708,7.44804e-05,0.00199106,0,0,0,1,2000,10,10,845,845,0,0
n_units,30,n_units=30,recipe:denovellis_2021_mua,literature,burst,interval,median_onset_error,10,-0.0174096,-0.0197379,-0.0151809,0.00422254,0.00268026,0.00680115,0,2000,10,10,843,910,0,0
n_units,30,n_units=30,recipe:diba_2007,literature,burst,interval,median_onset_error,10,-0.0457032,-0.0602523,-0.0242069,0.0270485,0.00690226,0.0507547,0.019,2000,10,10,346,251,0,0
n_units,30,n_units=30,recipe:drieu_2018,literature,burst,interval,median_onset_error,10,0.00218781,0.000830223,0.00406832,0.00623759,0.00475516,0.00809915,0,2000,10,10,703,769,0,0
n_units,30,n_units=30,recipe:farooq_2019_neuron,literature,burst,interval,median_onset_error,10,0.0108714,0.00752338,0.0140598,-0.000606353,-0.00396657,0.00246369,0.837,2000,10,10,169,274,0,0
n_units,30,n_units=30,recipe:farooq_2019_science,literature,burst,interval,median_onset_error,10,0.0110861,0.0068302,0.0149136,-0.000391652,-0.00429037,0.00337652,0.908,2000,10,10,151,272,0,0
n_units,30,n_units=30,recipe:farooq_2019_science_awake,literature,burst,interval,median_onset_error,10,0.0110861,0.0068302,0.0149136,-0.000391652,-0.00429037,0.00337652,0.908,2000,10,10,151,272,0,0
n_units,30,n_units=30,recipe:foster_2006,literature,burst,interval,median_onset_error,10,0.0140112,0.00578391,0.0173524,0.0200482,0.0122443,0.0239536,0,2000,10,10,147,145,0,0
n_units,30,n_units=30,recipe:foster_2006_ripples,literature,ripple,interval,median_onset_error,10,0.0337426,0.0309958,0.0347633,0,0,0,1,2000,10,10,76,76,0,0
n_units,30,n_units=30,recipe:gillespie_2021,literature,ripple,interval,median_onset_error,10,0.000728616,-0.000438561,0.00163915,0,0,0,1,2000,10,10,844,844,0,0
n_units,30,n_units=30,recipe:gillespie_2021_mua,literature,burst,interval,median_onset_error,10,-0.0174986,-0.020486,-0.0152669,0.00334601,0.00103516,0.00480046,0,2000,10,10,702,804,0,0
n_units,30,n_units=30,recipe:gridchyn_2020,literature,burst,interval,median_onset_error,10,0.0188375,0.0177981,0.0207889,0.00734438,0.00615501,0.00908897,0,2000,10,10,796,872,0,0
n_units,30,n_units=30,recipe:grosmark_2016,literature,network,interval,median_onset_error,10,-0.0107015,-0.0136477,-0.00954226,0.00313387,-0.000377331,0.00692682,0.083,2000,10,10,341,454,0,0
n_units,30,n_units=30,recipe:gupta_2010,literature,ripple,interval,median_onset_error,10,0.000649468,-0.000516766,0.00149165,0,0,0,1,2000,10,10,816,816,0,0
n_units,30,n_units=30,recipe:harvey_2023_code,literature,ripple,interval,median_onset_error,10,0.0121998,0.0114324,0.0135975,-0.00120831,-0.00240773,-5.98167e-05,0.037,2000,10,10,526,575,0,0
n_units,30,n_units=30,recipe:harvey_2023_no_radiatum,literature,ripple,interval,median_onset_error,10,-0.00109537,-0.00468139,0.00158072,-0.00111654,-0.00342488,0.00068844,0.26,2000,10,10,561,609,0,0
n_units,30,n_units=30,recipe:harvey_2023_text,literature,ripple,interval,median_onset_error,10,0.0143671,0.0133529,0.0152102,0,0,0,1,2000,10,10,617,617,0,0
n_units,30,n_units=30,recipe:huelin_gorriz_2023,literature,network,interval,median_onset_error,10,-0.0119324,-0.0164812,-0.00936338,0.00243756,-0.00330064,0.00702059,0.495,2000,10,10,312,557,0,0
n_units,30,n_units=30,recipe:igata_2021,literature,burst,interval,median_onset_error,10,-0.0168773,-0.0197157,-0.0139657,0.00396724,0.00193426,0.00669286,0,2000,10,10,845,912,0,0
n_units,30,n_units=30,recipe:igata_2021_ripples,literature,ripple,interval,median_onset_error,10,0.00117637,0.000836552,0.00170338,0,0,0,1,2000,10,10,890,890,0,0
n_units,30,n_units=30,recipe:jadhav_2016,literature,ripple,interval,median_onset_error,10,-0.00782947,-0.0101123,-0.00525858,0,0,0,1,2000,10,10,598,598,0,0
n_units,30,n_units=30,recipe:ji_2007,literature,burst,interval,median_onset_error,10,0.0244079,0.0187384,0.0284669,0.00665507,0.000702037,0.0117884,0.03,2000,10,10,517,685,0,0
n_units,30,n_units=30,recipe:ji_2007_ripples,literature,ripple,interval,median_onset_error,10,-0.0533866,-0.183374,0.00947258,0,0,0,1,1989,4,4,5,5,0,0
n_units,30,n_units=30,recipe:kaefer_2020,literature,ripple,interval,median_onset_error,10,-0.14672,-0.177766,-0.0950664,0,0,0,1,2000,7,7,11,11,0,0
n_units,30,n_units=30,recipe:karlsson_2009,literature,ripple,interval,median_onset_error,10,-0.00783625,-0.0099954,-0.00540774,0,0,0,1,2000,10,10,739,739,0,0
n_units,30,n_units=30,recipe:krause_2022,literature,network,interval,median_onset_error,10,0.0221151,0.0200819,0.0248491,0.00768583,0.00619128,0.00911546,0,2000,10,10,589,676,0,0
n_units,30,n_units=30,recipe:krause_2022_hse,literature,burst,interval,median_onset_error,10,-0.0287504,-0.031687,-0.0257593,0.00364262,2.4889e-05,0.00718497,0.049,2000,10,10,706,801,0,0
n_units,30,n_units=30,recipe:kudrimoti_1999,literature,ripple,interval,median_onset_error,10,0.0318674,0.029584,0.0353648,0,0,0,1,2000,10,10,25,25,0,0
n_units,30,n_units=30,recipe:lee_2002,literature,burst,interval,median_onset_error,10,0.0103063,0.00638566,0.0135258,0.0486099,0.0439688,0.0543744,0,2000,10,10,812,929,0,0
n_units,30,n_units=30,recipe:lee_2002_ripples,literature,ripple,interval,median_onset_error,10,0.0337426,0.0309958,0.0347633,0,0,0,1,2000,10,10,76,76,0,0
n_units,30,n_units=30,recipe:liu_2019,literature,burst,interval,median_onset_error,10,-0.0478659,-0.063018,-0.0375231,0.0997264,0.0743121,0.116043,0,2000,10,10,726,825,0,0
n_units,30,n_units=30,recipe:liu_2019_awake,literature,burst,interval,median_onset_error,10,-0.0478659,-0.063018,-0.0375231,0.0997264,0.0743121,0.116043,0,2000,10,10,726,825,0,0
n_units,30,n_units=30,recipe:liu_2023,literature,network,interval,median_onset_error,10,-0.00117342,-0.00594199,0.00101282,0.00601236,0.00188107,0.0100026,0.011,2000,10,10,346,470,0,0
n_units,30,n_units=30,recipe:maboudi_2018,literature,burst,interval,median_onset_error,10,-0.0295531,-0.0326288,-0.0257137,0.00298537,-0.000425639,0.00729602,0.084,2000,10,10,608,775,0,0
n_units,30,n_units=30,recipe:maboudi_2018_open_field,literature,burst,interval,median_onset_error,10,0.0105475,0.00815988,0.0136994,0.0132451,0.0102426,0.0163492,0,2000,10,10,534,721,0,0
n_units,30,n_units=30,recipe:mallory_2025,literature,burst,interval,median_onset_error,10,-0.00972597,-0.0132207,-0.00661127,0.00584794,0.00153382,0.00979257,0.004,2000,10,10,657,743,0,0
n_units,30,n_units=30,recipe:mallory_2025_ripples,literature,ripple,interval,median_onset_error,10,-0.0170396,-0.0193004,-0.0142674,0,0,0,1,2000,10,10,704,704,0,0
n_units,30,n_units=30,recipe:michon_2019,literature,network,interval,median_onset_error,10,-0.00203595,-0.00392205,0.00105812,-0.00038164,-0.00354401,0.00339586,0.985,2000,10,10,220,273,0,0
n_units,30,n_units=30,recipe:michon_2021,literature,network,interval,median_onset_error,10,-0.00203595,-0.00392205,0.00105812,-0.00038164,-0.00354401,0.00339586,0.985,2000,10,10,220,273,0,0
n_units,30,n_units=30,recipe:mou_2022,literature,burst,interval,median_onset_error,10,-0.027049,-0.0324184,-0.0216345,0.0192485,0.00918488,0.0331099,0.001,2000,10,10,705,838,0,0
n_units,30,n_units=30,recipe:muessig_2019,literature,network,interval,median_onset_error,10,0.0214586,0.0144897,0.0280789,-0.00479121,-0.013252,0.00230446,0.359,2000,9,10,34,116,0,0
n_units,30,n_units=30,recipe:muessig_2019_ripples,literature,ripple,interval,median_onset_error,10,-0.00850545,-0.0108126,-0.00392214,0,0,0,1,2000,10,10,893,893,0,0
n_units,30,n_units=30,recipe:nadasdy_1999,literature,ripple,interval,median_onset_error,10,0.00489948,0.00428016,0.00549517,0,0,0,1,2000,10,10,471,471,0,0
n_units,30,n_units=30,recipe:olafsdottir_2015,literature,burst,interval,median_onset_error,10,0.0176961,0.0166264,0.01989,0.0123535,0.0107812,0.0141359,0,2000,10,10,637,662,0,0
n_units,30,n_units=30,recipe:olafsdottir_2015.bayesian_candidates,literature,burst,interval,median_onset_error,10,0.0143965,0.00624693,0.0174441,0.00951045,0.00262661,0.0126913,0.007,2000,10,10,144,599,0,0
n_units,30,n_units=30,recipe:olafsdottir_2016,literature,burst,interval,median_onset_error,10,0.0200129,0.0156209,0.0237038,0.00889691,0.00625449,0.0124715,0,2000,10,10,514,558,0,0
n_units,30,n_units=30,recipe:olafsdottir_2017,literature,burst,interval,median_onset_error,10,0.0214159,0.0183253,0.0245264,0.00921114,0.00602887,0.0125228,0,2000,10,10,605,744,0,0
n_units,30,n_units=30,recipe:olafsdottir_2017.trajectory,literature,burst,interval,median_onset_error,10,0.0153152,0.0103578,0.0189356,0.00419915,-1.46927e-05,0.00662925,0.052,2000,10,10,156,558,0,0
n_units,30,n_units=30,recipe:pfeiffer_2013,literature,burst,interval,median_onset_error,10,0.0105475,0.00815988,0.0136994,0.0132451,0.0102426,0.0163492,0,2000,10,10,534,721,0,0
n_units,30,n_units=30,recipe:pfeiffer_2013_ripples,literature,ripple,interval,median_onset_error,10,-0.015743,-0.0177555,-0.0142967,0,0,0,1,2000,10,10,743,743,0,0
n_units,30,n_units=30,recipe:pfeiffer_2015,literature,ripple,interval,median_onset_error,10,-0.015743,-0.0177555,-0.0142967,0,0,0,1,2000,10,10,743,743,0,0
n_units,30,n_units=30,recipe:shin_2019,literature,ripple,interval,median_onset_error,10,-0.00783625,-0.0099954,-0.00540774,0,0,0,1,2000,10,10,739,739,0,0
n_units,30,n_units=30,recipe:silva_2015,literature,burst,interval,median_onset_error,10,-0.00611405,-0.00993962,-0.00290957,0.00610017,0.00198409,0.0107066,0.003,2000,10,10,444,606,0,0
n_units,30,n_units=30,recipe:stella_2019,literature,ripple,interval,median_onset_error,10,0.010835,0.0100663,0.0120394,0,0,0,1,2000,10,10,680,680,0,0
n_units,30,n_units=30,recipe:tang_2017,literature,ripple,interval,median_onset_error,10,-0.00783625,-0.0099954,-0.00540774,0,0,0,1,2000,10,10,739,739,0,0
n_units,30,n_units=30,recipe:tirole_2022,literature,network,interval,median_onset_error,10,-0.0119324,-0.0164812,-0.00936338,0.00243756,-0.00330064,0.00702059,0.495,2000,10,10,312,557,0,0
n_units,30,n_units=30,recipe:widloski_2025,literature,ripple,interval,median_onset_error,10,-0.168227,-0.180008,-0.160493,0,0,0,1,2000,10,10,518,518,0,0
n_units,30,n_units=30,recipe:widloski_2025_bursts,literature,burst,interval,median_onset_error,10,-0.167561,-0.211858,-0.147581,0.0010117,-0.0485659,0.0260378,0.905,2000,10,10,414,518,0,0
n_units,30,n_units=30,recipe:wikenheiser_2013,literature,ripple,interval,median_onset_error,10,-0.146394,-0.172799,-0.130138,0,0,0,1,2000,10,10,849,849,0,0
n_units,30,n_units=30,recipe:wu_2014,literature,burst,interval,median_onset_error,10,-0.00916978,-0.0112804,-0.0073476,0.00718641,0.00557993,0.00858963,0,2000,10,10,765,844,0,0
n_units,30,n_units=30,recipe:wu_2017,literature,burst,interval,median_onset_error,10,0.00952896,0.00646642,0.0116889,-0.00222814,-0.00609132,0.000124973,0.061,2000,10,10,375,523,0,0
n_units,30,n_units=30,recipe:xu_2019,literature,burst,interval,median_onset_error,10,0.00346246,0.000484086,0.0081937,0.0112035,0.00840951,0.0155538,0,2000,10,10,607,731,0,0
n_units,30,n_units=30,recipe:yamamoto_2017,literature,network,interval,median_onset_error,10,0.0362904,0.0343979,0.03758,0.00681368,0.00407073,0.0094755,0,2000,10,10,500,612,0,0
n_units,30,n_units=30,recipe:yang_2024,literature,network,interval,median_onset_error,10,-0.0107015,-0.0136477,-0.00954226,0.00313387,-0.000377331,0.00692682,0.083,2000,10,10,341,454,0,0
n_units,reference,reference,Carey_candidate_detector,default,network,interval,median_onset_error,10,0.0023104,0.00123107,0.00399637,0,0,0,1,2000,10,10,891,891,0,0
n_units,reference,reference,Karlsson_ripple_detector,default,ripple,interval,median_onset_error,10,-0.00783625,-0.0099954,-0.00540774,0,0,0,1,2000,10,10,739,739,0,0
n_units,reference,reference,Kay_ripple_detector,default,ripple,interval,median_onset_error,10,0.000728616,-0.000438561,0.00163915,0,0,0,1,2000,10,10,844,844,0,0
n_units,reference,reference,Long_sharp_wave_ripple_detector,default,ripple,interval,median_onset_error,10,0.0121998,0.010706,0.0136956,0,0,0,1,2000,10,10,704,704,0,0
n_units,reference,reference,Roumis_ripple_detector,default,ripple,interval,median_onset_error,10,0.000534876,-0.000645838,0.00161769,0,0,0,1,2000,10,10,845,845,0,0
n_units,reference,reference,Shvartsman_ripple_detector,default,ripple,interval,median_onset_error,10,-0.00962531,-0.0115123,-0.00686953,0,0,0,1,2000,10,10,677,677,0,0
n_units,reference,reference,Yu_ripple_detector,default,ripple,interval,median_onset_error,10,0.00170934,0.000880944,0.00241474,0,0,0,1,2000,10,10,865,865,0,0
n_units,reference,reference,Zugaro_ripple_detector,default,ripple,interval,median_onset_error,10,0.0139065,0.0128742,0.0155587,0,0,0,1,2000,10,10,689,689,0,0
n_units,reference,reference,multiunit_HSE_detector,default,burst,interval,median_onset_error,10,-0.0215494,-0.0233774,-0.0202821,0,0,0,1,2000,10,10,911,911,0,0
n_units,reference,reference,recipe:ambrose_2016,literature,ripple,interval,median_onset_error,10,-0.015743,-0.0177555,-0.0142967,0,0,0,1,2000,10,10,743,743,0,0
n_units,reference,reference,recipe:bendor_2012,literature,burst,interval,median_onset_error,10,0.011512,0.0104613,0.0123958,0,0,0,1,2000,10,10,655,655,0,0
n_units,reference,reference,recipe:berners_lee_2021,literature,ripple,interval,median_onset_error,10,-0.0155589,-0.0173479,-0.0133744,0,0,0,1,2000,10,10,806,806,0,0
n_units,reference,reference,recipe:berners_lee_2022,literature,burst,interval,median_onset_error,10,-0.0130479,-0.0159764,-0.0103579,0,0,0,1,2000,10,10,668,668,0,0
n_units,reference,reference,recipe:bhattarai_2020,literature,network,interval,median_onset_error,10,-0.0831288,-0.0969635,-0.0720238,0,0,0,1,2000,10,10,418,418,0,0
n_units,reference,reference,recipe:bhattarai_2020_ripples,literature,ripple,interval,median_onset_error,10,0.00150574,0.00025049,0.00309676,0,0,0,1,2000,10,10,474,474,0,0
n_units,reference,reference,recipe:bush_2022,literature,burst,interval,median_onset_error,10,0.000963743,-0.000634348,0.00233178,0,0,0,1,2000,10,10,617,617,0,0
n_units,reference,reference,recipe:carey_2019,literature,network,interval,median_onset_error,10,0.0127066,0.0112533,0.0135894,0,0,0,1,2000,10,10,900,900,0,0
n_units,reference,reference,recipe:carr_2012,literature,ripple,interval,median_onset_error,10,-0.00783625,-0.0099954,-0.00540774,0,0,0,1,2000,10,10,739,739,0,0
n_units,reference,reference,recipe:chenani_2019,literature,burst,interval,median_onset_error,10,-0.0188819,-0.021828,-0.0175617,0,0,0,1,2000,10,10,671,671,0,0
n_units,reference,reference,recipe:davidson_2009,literature,burst,interval,median_onset_error,10,-0.0208446,-0.0222665,-0.0193016,0,0,0,1,2000,10,10,784,784,0,0
n_units,reference,reference,recipe:denovellis_2021,literature,ripple,interval,median_onset_error,10,0.00103708,7.44804e-05,0.00199106,0,0,0,1,2000,10,10,845,845,0,0
n_units,reference,reference,recipe:denovellis_2021_mua,literature,burst,interval,median_onset_error,10,-0.0216321,-0.0237751,-0.0199833,0,0,0,1,2000,10,10,910,910,0,0
n_units,reference,reference,recipe:diba_2007,literature,burst,interval,median_onset_error,10,-0.0727517,-0.099299,-0.0577457,0,0,0,1,2000,10,10,251,251,0,0
n_units,reference,reference,recipe:drieu_2018,literature,burst,interval,median_onset_error,10,-0.00404978,-0.00568393,-0.00285607,0,0,0,1,2000,10,10,769,769,0,0
n_units,reference,reference,recipe:farooq_2019_neuron,literature,burst,interval,median_onset_error,10,0.0114778,0.00791052,0.0138605,0,0,0,1,2000,10,10,274,274,0,0
n_units,reference,reference,recipe:farooq_2019_science,literature,burst,interval,median_onset_error,10,0.0114778,0.0079113,0.0138605,0,0,0,1,2000,10,10,272,272,0,0
n_units,reference,reference,recipe:farooq_2019_science_awake,literature,burst,interval,median_onset_error,10,0.0114778,0.0079113,0.0138605,0,0,0,1,2000,10,10,272,272,0,0
n_units,reference,reference,recipe:foster_2006,literature,burst,interval,median_onset_error,10,-0.00603709,-0.0101548,0.00259616,0,0,0,1,2000,10,10,145,145,0,0
n_units,reference,reference,recipe:foster_2006_ripples,literature,ripple,interval,median_onset_error,10,0.0337426,0.0309958,0.0347633,0,0,0,1,2000,10,10,76,76,0,0
n_units,reference,reference,recipe:gillespie_2021,literature,ripple,interval,median_onset_error,10,0.000728616,-0.000438561,0.00163915,0,0,0,1,2000,10,10,844,844,0,0
n_units,reference,reference,recipe:gillespie_2021_mua,literature,burst,interval,median_onset_error,10,-0.0208446,-0.0224039,-0.0192365,0,0,0,1,2000,10,10,804,804,0,0
n_units,reference,reference,recipe:gridchyn_2020,literature,burst,interval,median_onset_error,10,0.0114932,0.00973624,0.0128004,0,0,0,1,2000,10,10,872,872,0,0
n_units,reference,reference,recipe:grosmark_2016,literature,network,interval,median_onset_error,10,-0.0138354,-0.0183971,-0.0119283,0,0,0,1,2000,10,10,454,454,0,0
n_units,reference,reference,recipe:gupta_2010,literature,ripple,interval,median_onset_error,10,0.000649468,-0.000516766,0.00149165,0,0,0,1,2000,10,10,816,816,0,0
n_units,reference,reference,recipe:harvey_2023_code,literature,ripple,interval,median_onset_error,10,0.0134081,0.0119995,0.0157787,0,0,0,1,2000,10,10,575,575,0,0
n_units,reference,reference,recipe:harvey_2023_no_radiatum,literature,ripple,interval,median_onset_error,10,2.11699e-05,-0.00315594,0.00152412,0,0,0,1,2000,10,10,609,609,0,0
n_units,reference,reference,recipe:harvey_2023_text,literature,ripple,interval,median_onset_error,10,0.0143671,0.0133529,0.0152102,0,0,0,1,2000,10,10,617,617,0,0
n_units,reference,reference,recipe:huelin_gorriz_2023,literature,network,interval,median_onset_error,10,-0.01437,-0.0172593,-0.0127015,0,0,0,1,2000,10,10,557,557,0,0
n_units,reference,reference,recipe:igata_2021,literature,burst,interval,median_onset_error,10,-0.0208446,-0.0230458,-0.0189872,0,0,0,1,2000,10,10,912,912,0,0
n_units,reference,reference,recipe:igata_2021_ripples,literature,ripple,interval,median_onset_error,10,0.00117637,0.000836552,0.00170338,0,0,0,1,2000,10,10,890,890,0,0
n_units,reference,reference,recipe:jadhav_2016,literature,ripple,interval,median_onset_error,10,-0.00782947,-0.0101123,-0.00525858,0,0,0,1,2000,10,10,598,598,0,0
n_units,reference,reference,recipe:ji_2007,literature,burst,interval,median_onset_error,10,0.0177528,0.0144042,0.0203139,0,0,0,1,2000,10,10,685,685,0,0
n_units,reference,reference,recipe:ji_2007_ripples,literature,ripple,interval,median_onset_error,10,-0.0533866,-0.183374,0.00947258,0,0,0,1,1989,4,4,5,5,0,0
n_units,reference,reference,recipe:kaefer_2020,literature,ripple,interval,median_onset_error,10,-0.14672,-0.177766,-0.0950664,0,0,0,1,2000,7,7,11,11,0,0
n_units,reference,reference,recipe:karlsson_2009,literature,ripple,interval,median_onset_error,10,-0.00783625,-0.0099954,-0.00540774,0,0,0,1,2000,10,10,739,739,0,0
n_units,reference,reference,recipe:krause_2022,literature,network,interval,median_onset_error,10,0.0144293,0.0122692,0.0163226,0,0,0,1,2000,10,10,676,676,0,0
n_units,reference,reference,recipe:krause_2022_hse,literature,burst,interval,median_onset_error,10,-0.0323931,-0.0346551,-0.0290887,0,0,0,1,2000,10,10,801,801,0,0
n_units,reference,reference,recipe:kudrimoti_1999,literature,ripple,interval,median_onset_error,10,0.0318674,0.029584,0.0353648,0,0,0,1,2000,10,10,25,25,0,0
n_units,reference,reference,recipe:lee_2002,literature,burst,interval,median_onset_error,10,-0.0383037,-0.0457685,-0.0332465,0,0,0,1,2000,10,10,929,929,0,0
n_units,reference,reference,recipe:lee_2002_ripples,literature,ripple,interval,median_onset_error,10,0.0337426,0.0309958,0.0347633,0,0,0,1,2000,10,10,76,76,0,0
n_units,reference,reference,recipe:liu_2019,literature,burst,interval,median_onset_error,10,-0.147592,-0.157828,-0.132624,0,0,0,1,2000,10,10,825,825,0,0
n_units,reference,reference,recipe:liu_2019_awake,literature,burst,interval,median_onset_error,10,-0.147592,-0.157828,-0.132624,0,0,0,1,2000,10,10,825,825,0,0
n_units,reference,reference,recipe:liu_2023,literature,network,interval,median_onset_error,10,-0.00718578,-0.010088,-0.00536157,0,0,0,1,2000,10,10,470,470,0,0
n_units,reference,reference,recipe:maboudi_2018,literature,burst,interval,median_onset_error,10,-0.0325385,-0.0350644,-0.0294038,0,0,0,1,2000,10,10,775,775,0,0
n_units,reference,reference,recipe:maboudi_2018_open_field,literature,burst,interval,median_onset_error,10,-0.00269756,-0.00399852,-8.80208e-05,0,0,0,1,2000,10,10,721,721,0,0
n_units,reference,reference,recipe:mallory_2025,literature,burst,interval,median_onset_error,10,-0.0155739,-0.0176664,-0.0144297,0,0,0,1,2000,10,10,743,743,0,0
n_units,reference,reference,recipe:mallory_2025_ripples,literature,ripple,interval,median_onset_error,10,-0.0170396,-0.0193004,-0.0142674,0,0,0,1,2000,10,10,704,704,0,0
n_units,reference,reference,recipe:michon_2019,literature,network,interval,median_onset_error,10,-0.00165431,-0.00362832,0.000536935,0,0,0,1,2000,10,10,273,273,0,0
n_units,reference,reference,recipe:michon_2021,literature,network,interval,median_onset_error,10,-0.00165431,-0.00362832,0.000536935,0,0,0,1,2000,10,10,273,273,0,0
n_units,reference,reference,recipe:mou_2022,literature,burst,interval,median_onset_error,10,-0.0462975,-0.0555394,-0.0401892,0,0,0,1,2000,10,10,838,838,0,0
n_units,reference,reference,recipe:muessig_2019,literature,network,interval,median_onset_error,10,0.0262498,0.0215342,0.0309892,0,0,0,1,2000,10,10,116,116,0,0
n_units,reference,reference,recipe:muessig_2019_ripples,literature,ripple,interval,median_onset_error,10,-0.00850545,-0.0108126,-0.00392214,0,0,0,1,2000,10,10,893,893,0,0
n_units,reference,reference,recipe:nadasdy_1999,literature,ripple,interval,median_onset_error,10,0.00489948,0.00428016,0.00549517,0,0,0,1,2000,10,10,471,471,0,0
n_units,reference,reference,recipe:olafsdottir_2015,literature,burst,interval,median_onset_error,10,0.00534263,0.00360919,0.00774539,0,0,0,1,2000,10,10,662,662,0,0
n_units,reference,reference,recipe:olafsdottir_2015.bayesian_candidates,literature,burst,interval,median_onset_error,10,0.004886,0.00284124,0.00630589,0,0,0,1,2000,10,10,599,599,0,0
n_units,reference,reference,recipe:olafsdottir_2016,literature,burst,interval,median_onset_error,10,0.011116,0.00799637,0.0127389,0,0,0,1,2000,10,10,558,558,0,0
n_units,reference,reference,recipe:olafsdottir_2017,literature,burst,interval,median_onset_error,10,0.0122048,0.0108757,0.0136994,0,0,0,1,2000,10,10,744,744,0,0
n_units,reference,reference,recipe:olafsdottir_2017.trajectory,literature,burst,interval,median_onset_error,10,0.011116,0.00799637,0.0127389,0,0,0,1,2000,10,10,558,558,0,0
n_units,reference,reference,recipe:pfeiffer_2013,literature,burst,interval,median_onset_error,10,-0.00269756,-0.00399852,-8.80208e-05,0,0,0,1,2000,10,10,721,721,0,0
n_units,reference,reference,recipe:pfeiffer_2013_ripples,literature,ripple,interval,median_onset_error,10,-0.015743,-0.0177555,-0.0142967,0,0,0,1,2000,10,10,743,743,0,0
n_units,reference,reference,recipe:pfeiffer_2015,literature,ripple,interval,median_onset_error,10,-0.015743,-0.0177555,-0.0142967,0,0,0,1,2000,10,10,743,743,0,0
n_units,reference,reference,recipe:shin_2019,literature,ripple,interval,median_onset_error,10,-0.00783625,-0.0099954,-0.00540774,0,0,0,1,2000,10,10,739,739,0,0
n_units,reference,reference,recipe:silva_2015,literature,burst,interval,median_onset_error,10,-0.0122142,-0.0153682,-0.0101496,0,0,0,1,2000,10,10,606,606,0,0
n_units,reference,reference,recipe:stella_2019,literature,ripple,interval,median_onset_error,10,0.010835,0.0100663,0.0120394,0,0,0,1,2000,10,10,680,680,0,0
n_units,reference,reference,recipe:tang_2017,literature,ripple,interval,median_onset_error,10,-0.00783625,-0.0099954,-0.00540774,0,0,0,1,2000,10,10,739,739,0,0
n_units,reference,reference,recipe:tirole_2022,literature,network,interval,median_onset_error,10,-0.01437,-0.0172593,-0.0127015,0,0,0,1,2000,10,10,557,557,0,0
n_units,reference,reference,recipe:widloski_2025,literature,ripple,interval,median_onset_error,10,-0.168227,-0.180008,-0.160493,0,0,0,1,2000,10,10,518,518,0,0
n_units,reference,reference,recipe:widloski_2025_bursts,literature,burst,interval,median_onset_error,10,-0.168573,-0.174543,-0.15673,0,0,0,1,2000,10,10,518,518,0,0
n_units,reference,reference,recipe:wikenheiser_2013,literature,ripple,interval,median_onset_error,10,-0.146394,-0.172799,-0.130138,0,0,0,1,2000,10,10,849,849,0,0
n_units,reference,reference,recipe:wu_2014,literature,burst,interval,median_onset_error,10,-0.0163562,-0.018528,-0.014373,0,0,0,1,2000,10,10,844,844,0,0
n_units,reference,reference,recipe:wu_2017,literature,burst,interval,median_onset_error,10,0.0117571,0.00916774,0.0144137,0,0,0,1,2000,10,10,523,523,0,0
n_units,reference,reference,recipe:xu_2019,literature,burst,interval,median_onset_error,10,-0.00774106,-0.0101589,-0.00488211,0,0,0,1,2000,10,10,731,731,0,0
n_units,reference,reference,recipe:yamamoto_2017,literature,network,interval,median_onset_error,10,0.0294767,0.0276603,0.0314484,0,0,0,1,2000,10,10,612,612,0,0
n_units,reference,reference,recipe:yang_2024,literature,network,interval,median_onset_error,10,-0.0138354,-0.0183971,-0.0119283,0,0,0,1,2000,10,10,454,454,0,0
n_units,120,n_units=120,Carey_candidate_detector,default,network,interval,median_onset_error,10,-0.00341669,-0.00457531,-0.00198257,-0.00572709,-0.0072424,-0.00428838,0,2000,10,10,825,891,0,0
n_units,120,n_units=120,Karlsson_ripple_detector,default,ripple,interval,median_onset_error,10,-0.00783625,-0.0099954,-0.00540774,0,0,0,1,2000,10,10,739,739,0,0
n_units,120,n_units=120,Kay_ripple_detector,default,ripple,interval,median_onset_error,10,0.000728616,-0.000438561,0.00163915,0,0,0,1,2000,10,10,844,844,0,0
n_units,120,n_units=120,Long_sharp_wave_ripple_detector,default,ripple,interval,median_onset_error,10,0.0121998,0.010706,0.0136956,0,0,0,1,2000,10,10,704,704,0,0
n_units,120,n_units=120,Roumis_ripple_detector,default,ripple,interval,median_onset_error,10,0.000534876,-0.000645838,0.00161769,0,0,0,1,2000,10,10,845,845,0,0
n_units,120,n_units=120,Shvartsman_ripple_detector,default,ripple,interval,median_onset_error,10,-0.00962531,-0.0115123,-0.00686953,0,0,0,1,2000,10,10,677,677,0,0
n_units,120,n_units=120,Yu_ripple_detector,default,ripple,interval,median_onset_error,10,0.00170934,0.000880944,0.00241474,0,0,0,1,2000,10,10,865,865,0,0
n_units,120,n_units=120,Zugaro_ripple_detector,default,ripple,interval,median_onset_error,10,0.0139065,0.0128742,0.0155587,0,0,0,1,2000,10,10,689,689,0,0
n_units,120,n_units=120,multiunit_HSE_detector,default,burst,interval,median_onset_error,10,-0.0238911,-0.026642,-0.0220557,-0.0023417,-0.00447844,-0.000878607,0.011,2000,10,10,956,911,0,0
n_units,120,n_units=120,recipe:ambrose_2016,literature,ripple,interval,median_onset_error,10,-0.015743,-0.0177555,-0.0142967,0,0,0,1,2000,10,10,743,743,0,0
n_units,120,n_units=120,recipe:bendor_2012,literature,burst,interval,median_onset_error,10,0.00759942,0.00593129,0.00916314,-0.0039126,-0.00525029,-0.00246218,0,2000,10,10,784,655,0,0
n_units,120,n_units=120,recipe:berners_lee_2021,literature,ripple,interval,median_onset_error,10,-0.0155589,-0.0173479,-0.0133744,0,0,0,1,2000,10,10,806,806,0,0
n_units,120,n_units=120,recipe:berners_lee_2022,literature,burst,interval,median_onset_error,10,-0.0170834,-0.0193927,-0.0140292,-0.00403551,-0.00637422,-0.00177652,0,2000,10,10,749,668,0,0
n_units,120,n_units=120,recipe:bhattarai_2020,literature,network,interval,median_onset_error,10,-0.102205,-0.122773,-0.0753744,-0.0190759,-0.0381401,0.00333613,0.096,2000,10,10,465,418,0,0
n_units,120,n_units=120,recipe:bhattarai_2020_ripples,literature,ripple,interval,median_onset_error,10,0.000724018,-0.00142395,0.00178357,-0.000781718,-0.00207656,-0.000118704,0.014,2000,10,10,571,474,0,0
n_units,120,n_units=120,recipe:bush_2022,literature,burst,interval,median_onset_error,10,-0.00241814,-0.0035739,-0.00121167,-0.00338189,-0.00490069,-0.00174191,0,2000,10,10,647,617,0,0
n_units,120,n_units=120,recipe:carey_2019,literature,network,interval,median_onset_error,10,,,,,,,,0,0,10,0,900,0,0
n_units,120,n_units=120,recipe:carr_2012,literature,ripple,interval,median_onset_error,10,-0.00783625,-0.0099954,-0.00540774,0,0,0,1,2000,10,10,739,739,0,0
n_units,120,n_units=120,recipe:chenani_2019,literature,burst,interval,median_onset_error,10,-0.0221348,-0.024396,-0.0199521,-0.00325288,-0.00551438,-0.000142372,0.04,2000,10,10,740,671,0,0
n_units,120,n_units=120,recipe:davidson_2009,literature,burst,interval,median_onset_error,10,-0.0239465,-0.0260048,-0.0223402,-0.00310194,-0.00468809,-0.00158833,0,2000,10,10,867,784,0,0
n_units,120,n_units=120,recipe:denovellis_2021,literature,ripple,interval,median_onset_error,10,0.00103708,7.44804e-05,0.00199106,0,0,0,1,2000,10,10,845,845,0,0
n_units,120,n_units=120,recipe:denovellis_2021_mua,literature,burst,interval,median_onset_error,10,-0.0239453,-0.0269699,-0.0223579,-0.00231321,-0.00445382,-0.000962157,0.006,2000,10,10,956,910,0,0
n_units,120,n_units=120,recipe:diba_2007,literature,burst,interval,median_onset_error,10,-0.089859,-0.0992599,-0.0799991,-0.0171073,-0.0378977,0.0181878,0.298,2000,10,10,181,251,0,0
n_units,120,n_units=120,recipe:drieu_2018,literature,burst,interval,median_onset_error,10,-0.011305,-0.0129925,-0.00992875,-0.00725521,-0.00935506,-0.00542247,0,2000,10,10,803,769,0,0
n_units,120,n_units=120,recipe:farooq_2019_neuron,literature,burst,interval,median_onset_error,10,0.0095504,0.00803546,0.0112355,-0.00192737,-0.00359068,0.000396245,0.112,2000,10,10,347,274,0,0
n_units,120,n_units=120,recipe:farooq_2019_science,literature,burst,interval,median_onset_error,10,0.0095504,0.00803546,0.0112355,-0.00192737,-0.00353522,0.000356784,0.119,2000,10,10,347,272,0,0
n_units,120,n_units=120,recipe:farooq_2019_science_awake,literature,burst,interval,median_onset_error,10,0.0095504,0.00803546,0.0112355,-0.00192737,-0.00353522,0.000356784,0.119,2000,10,10,347,272,0,0
n_units,120,n_units=120,recipe:foster_2006,literature,burst,interval,median_onset_error,10,-0.042142,-0.0532693,-0.0348196,-0.0361049,-0.0485773,-0.0274458,0,2000,10,10,169,145,0,0
n_units,120,n_units=120,recipe:foster_2006_ripples,literature,ripple,interval,median_onset_error,10,0.0337426,0.0309958,0.0347633,0,0,0,1,2000,10,10,76,76,0,0
n_units,120,n_units=120,recipe:gillespie_2021,literature,ripple,interval,median_onset_error,10,0.000728616,-0.000438561,0.00163915,0,0,0,1,2000,10,10,844,844,0,0
n_units,120,n_units=120,recipe:gillespie_2021_mua,literature,burst,interval,median_onset_error,10,-0.0239465,-0.0267591,-0.022183,-0.00310194,-0.00483363,-0.00200544,0,2000,10,10,889,804,0,0
n_units,120,n_units=120,recipe:gridchyn_2020,literature,burst,interval,median_onset_error,10,0.00797615,0.00667459,0.00932436,-0.00351701,-0.00529476,-0.00142348,0,2000,10,10,896,872,0,0
n_units,120,n_units=120,recipe:grosmark_2016,literature,network,interval,median_onset_error,10,-0.017283,-0.0184073,-0.0143522,-0.00344764,-0.00592083,0.00184621,0.161,2000,10,10,493,454,0,0
n_units,120,n_units=120,recipe:gupta_2010,literature,ripple,interval,median_onset_error,10,0.000649468,-0.000516766,0.00149165,0,0,0,1,2000,10,10,816,816,0,0
n_units,120,n_units=120,recipe:harvey_2023_code,literature,ripple,interval,median_onset_error,10,0.0127452,0.0112357,0.0147755,-0.000662905,-0.00152773,-4.34888e-05,0.028,2000,10,10,638,575,0,0
n_units,120,n_units=120,recipe:harvey_2023_no_radiatum,literature,ripple,interval,median_onset_error,10,0.000101391,-0.0030018,0.00162593,8.02207e-05,-0.000959907,0.00209391,0.734,2000,10,10,677,609,0,0
n_units,120,n_units=120,recipe:harvey_2023_text,literature,ripple,interval,median_onset_error,10,0.0143671,0.0133529,0.0152102,0,0,0,1,2000,10,10,617,617,0,0
n_units,120,n_units=120,recipe:huelin_gorriz_2023,literature,network,interval,median_onset_error,10,-0.016561,-0.0197304,-0.0146889,-0.002191,-0.00447082,7.61411e-05,0.058,2000,10,10,637,557,0,0
n_units,120,n_units=120,recipe:igata_2021,literature,burst,interval,median_onset_error,10,-0.0231795,-0.0259754,-0.0214454,-0.00233492,-0.00412466,-0.000755828,0.013,2000,10,10,957,912,0,0
n_units,120,n_units=120,recipe:igata_2021_ripples,literature,ripple,interval,median_onset_error,10,0.00117637,0.000836552,0.00170338,0,0,0,1,2000,10,10,890,890,0,0
n_units,120,n_units=120,recipe:jadhav_2016,literature,ripple,interval,median_onset_error,10,-0.00782947,-0.0101123,-0.00525858,0,0,0,1,2000,10,10,598,598,0,0
n_units,120,n_units=120,recipe:ji_2007,literature,burst,interval,median_onset_error,10,0.00529431,0.00394477,0.00685817,-0.0124585,-0.0149353,-0.00980959,0,2000,10,10,875,685,0,0
n_units,120,n_units=120,recipe:ji_2007_ripples,literature,ripple,interval,median_onset_error,10,-0.0533866,-0.183374,0.00947258,0,0,0,1,1989,4,4,5,5,0,0
n_units,120,n_units=120,recipe:kaefer_2020,literature,ripple,interval,median_onset_error,10,-0.14672,-0.177766,-0.0950664,0,0,0,1,2000,7,7,11,11,0,0
n_units,120,n_units=120,recipe:karlsson_2009,literature,ripple,interval,median_onset_error,10,-0.00783625,-0.0099954,-0.00540774,0,0,0,1,2000,10,10,739,739,0,0
n_units,120,n_units=120,recipe:krause_2022,literature,network,interval,median_onset_error,10,0.019836,0.0178346,0.0215932,0.00540671,0.00364625,0.00747401,0,2000,10,10,652,676,0,0
n_units,120,n_units=120,recipe:krause_2022_hse,literature,burst,interval,median_onset_error,10,-0.0351559,-0.0376016,-0.0332632,-0.00276288,-0.00619532,-0.000301439,0.03,2000,10,10,891,801,0,0
n_units,120,n_units=120,recipe:kudrimoti_1999,literature,ripple,interval,median_onset_error,10,0.0318674,0.029584,0.0353648,0,0,0,1,2000,10,10,25,25,0,0
n_units,120,n_units=120,recipe:lee_2002,literature,burst,interval,median_onset_error,10,-0.189864,-0.209689,-0.178102,-0.151561,-0.172704,-0.136195,0,2000,10,10,914,929,0,0
n_units,120,n_units=120,recipe:lee_2002_ripples,literature,ripple,interval,median_onset_error,10,0.0337426,0.0309958,0.0347633,0,0,0,1,2000,10,10,76,76,0,0
n_units,120,n_units=120,recipe:liu_2019,literature,burst,interval,median_onset_error,10,-0.261784,-0.30515,-0.227842,-0.114191,-0.168704,-0.0734618,0,2000,10,10,130,825,0,0
n_units,120,n_units=120,recipe:liu_2019_awake,literature,burst,interval,median_onset_error,10,-0.261784,-0.30515,-0.227842,-0.114191,-0.168704,-0.0734618,0,2000,10,10,130,825,0,0
n_units,120,n_units=120,recipe:liu_2023,literature,network,interval,median_onset_error,10,-0.00902774,-0.0113921,-0.00632543,-0.00184196,-0.00469554,0.00146911,0.42,2000,10,10,506,470,0,0
n_units,120,n_units=120,recipe:maboudi_2018,literature,burst,interval,median_onset_error,10,-0.0348652,-0.0375921,-0.03305,-0.0023267,-0.00581915,0.000458395,0.122,2000,10,10,885,775,0,0
n_units,120,n_units=120,recipe:maboudi_2018_open_field,literature,burst,interval,median_onset_error,10,-0.0113806,-0.0128,-0.0101602,-0.00868307,-0.0114523,-0.00717233,0,2000,10,10,782,721,0,0
n_units,120,n_units=120,recipe:mallory_2025,literature,burst,interval,median_onset_error,10,-0.0187398,-0.0201925,-0.0171735,-0.00316586,-0.00516674,-0.000841436,0.016,2000,10,10,795,743,0,0
n_units,120,n_units=120,recipe:mallory_2025_ripples,literature,ripple,interval,median_onset_error,10,-0.0170396,-0.0193004,-0.0142674,0,0,0,1,2000,10,10,704,704,0,0
n_units,120,n_units=120,recipe:michon_2019,literature,network,interval,median_onset_error,10,-0.00475167,-0.00614198,-0.00360156,-0.00309736,-0.00595119,-0.000268844,0.038,2000,10,10,311,273,0,0
n_units,120,n_units=120,recipe:michon_2021,literature,network,interval,median_onset_error,10,-0.00475167,-0.00614198,-0.00360156,-0.00309736,-0.00595119,-0.000268844,0.038,2000,10,10,311,273,0,0
n_units,120,n_units=120,recipe:mou_2022,literature,burst,interval,median_onset_error,10,-0.0426207,-0.0524921,-0.0368099,0.0036768,-0.00693532,0.0116037,0.468,2000,10,10,883,838,0,0
n_units,120,n_units=120,recipe:muessig_2019,literature,network,interval,median_onset_error,10,0.0200278,0.017041,0.0235556,-0.00622193,-0.00969489,-0.00234945,0.008,2000,10,10,189,116,0,0
n_units,120,n_units=120,recipe:muessig_2019_ripples,literature,ripple,interval,median_onset_error,10,-0.00850545,-0.0108126,-0.00392214,0,0,0,1,2000,10,10,893,893,0,0
n_units,120,n_units=120,recipe:nadasdy_1999,literature,ripple,interval,median_onset_error,10,0.00489948,0.00428016,0.00549517,0,0,0,1,2000,10,10,471,471,0,0
n_units,120,n_units=120,recipe:olafsdottir_2015,literature,burst,interval,median_onset_error,10,-0.0155002,-0.0217537,-0.00960405,-0.0208429,-0.0265113,-0.0155894,0,2000,10,10,566,662,0,0
n_units,120,n_units=120,recipe:olafsdottir_2015.bayesian_candidates,literature,burst,interval,median_onset_error,10,-0.0155002,-0.0217537,-0.00960405,-0.0203862,-0.0259138,-0.0147019,0,2000,10,10,566,599,0,0
n_units,120,n_units=120,recipe:olafsdottir_2016,literature,burst,interval,median_onset_error,10,9.98862e-05,-0.000404615,0.00118107,-0.0110161,-0.0125557,-0.00808377,0,2000,10,10,575,558,0,0
n_units,120,n_units=120,recipe:olafsdottir_2017,literature,burst,interval,median_onset_error,10,0.00140357,0.000571361,0.00315028,-0.0108012,-0.0124527,-0.00900973,0,2000,10,10,814,744,0,0
n_units,120,n_units=120,recipe:olafsdottir_2017.trajectory,literature,burst,interval,median_onset_error,10,9.98862e-05,-0.000404615,0.00118107,-0.0110161,-0.0125557,-0.00808377,0,2000,10,10,575,558,0,0
n_units,120,n_units=120,recipe:pfeiffer_2013,literature,burst,interval,median_onset_error,10,-0.0113806,-0.0128,-0.0101602,-0.00868307,-0.0114523,-0.00717233,0,2000,10,10,782,721,0,0
n_units,120,n_units=120,recipe:pfeiffer_2013_ripples,literature,ripple,interval,median_onset_error,10,-0.015743,-0.0177555,-0.0142967,0,0,0,1,2000,10,10,743,743,0,0
n_units,120,n_units=120,recipe:pfeiffer_2015,literature,ripple,interval,median_onset_error,10,-0.015743,-0.0177555,-0.0142967,0,0,0,1,2000,10,10,743,743,0,0
n_units,120,n_units=120,recipe:shin_2019,literature,ripple,interval,median_onset_error,10,-0.00783625,-0.0099954,-0.00540774,0,0,0,1,2000,10,10,739,739,0,0
n_units,120,n_units=120,recipe:silva_2015,literature,burst,interval,median_onset_error,10,-0.0144077,-0.0164322,-0.0122881,-0.00219351,-0.0047033,0.00026844,0.068,2000,10,10,665,606,0,0
n_units,120,n_units=120,recipe:stella_2019,literature,ripple,interval,median_onset_error,10,0.010835,0.0100663,0.0120394,0,0,0,1,2000,10,10,680,680,0,0
n_units,120,n_units=120,recipe:tang_2017,literature,ripple,interval,median_onset_error,10,-0.00783625,-0.0099954,-0.00540774,0,0,0,1,2000,10,10,739,739,0,0
n_units,120,n_units=120,recipe:tirole_2022,literature,network,interval,median_onset_error,10,-0.016561,-0.0197304,-0.0146889,-0.002191,-0.00447082,7.61411e-05,0.058,2000,10,10,637,557,0,0
n_units,120,n_units=120,recipe:widloski_2025,literature,ripple,interval,median_onset_error,10,-0.168227,-0.180008,-0.160493,0,0,0,1,2000,10,10,518,518,0,0
n_units,120,n_units=120,recipe:widloski_2025_bursts,literature,burst,interval,median_onset_error,10,-0.155126,-0.161343,-0.149534,0.0134471,-0.00019176,0.0212511,0.053,2000,10,10,556,518,0,0
n_units,120,n_units=120,recipe:wikenheiser_2013,literature,ripple,interval,median_onset_error,10,-0.146394,-0.172799,-0.130138,0,0,0,1,2000,10,10,849,849,0,0
n_units,120,n_units=120,recipe:wu_2014,literature,burst,interval,median_onset_error,10,-0.0212055,-0.0232496,-0.0195733,-0.00484933,-0.00773329,-0.00205171,0,2000,10,10,868,844,0,0
n_units,120,n_units=120,recipe:wu_2017,literature,burst,interval,median_onset_error,10,-0.00219851,-0.00507048,-0.000189815,-0.0139556,-0.0165053,-0.0117937,0,2000,10,10,759,523,0,0
n_units,120,n_units=120,recipe:xu_2019,literature,burst,interval,median_onset_error,10,-0.0123764,-0.0171687,-0.00976123,-0.00463532,-0.00882636,-0.000830212,0.022,2000,10,10,787,731,0,0
n_units,120,n_units=120,recipe:yamamoto_2017,literature,network,interval,median_onset_error,10,0.0203286,0.0190128,0.0219253,-0.00914809,-0.0106468,-0.00750587,0,2000,10,10,683,612,0,0
n_units,120,n_units=120,recipe:yang_2024,literature,network,interval,median_onset_error,10,-0.017283,-0.0184073,-0.0143522,-0.00344764,-0.00592083,0.00184621,0.161,2000,10,10,493,454,0,0
n_channels,1,n_channels=1,Carey_candidate_detector,default,network,interval,median_onset_error,10,0.00256996,0.00128144,0.00436606,0.000259561,-0.000207497,0.000567942,0.41,2000,10,10,898,891,0,0
n_channels,1,n_channels=1,Karlsson_ripple_detector,default,ripple,interval,median_onset_error,10,0.00137306,0.000513991,0.00186731,0.00920931,0.00697261,0.0114746,0,2000,10,10,663,739,0,0
n_channels,1,n_channels=1,Kay_ripple_detector,default,ripple,interval,median_onset_error,10,0.00127302,0.000648518,0.00198813,0.000544403,-0.000382911,0.00168454,0.186,2000,10,10,799,844,0,0
n_channels,1,n_channels=1,Long_sharp_wave_ripple_detector,default,ripple,interval,median_onset_error,10,0.0123648,0.00988761,0.0140052,0.000165008,-0.00145654,0.00107031,0.88,2000,10,10,669,704,0,0
n_channels,1,n_channels=1,Roumis_ripple_detector,default,ripple,interval,median_onset_error,10,0.00127302,0.000648518,0.00198813,0.000738143,-0.000380682,0.00200316,0.166,2000,10,10,799,845,0,0
n_channels,1,n_channels=1,Shvartsman_ripple_detector,default,ripple,interval,median_onset_error,0,,,,,,,,0,0,0,0,0,10,10
n_channels,1,n_channels=1,Yu_ripple_detector,default,ripple,interval,median_onset_error,10,0.0022779,0.00177687,0.00289939,0.000568558,-0.000285594,0.00167077,0.21,2000,10,10,848,865,0,0
n_channels,1,n_channels=1,Zugaro_ripple_detector,default,ripple,interval,median_onset_error,10,0.0146443,0.0136408,0.015539,0.000737788,-0.000317963,0.00130808,0.197,2000,10,10,665,689,0,0
n_channels,1,n_channels=1,multiunit_HSE_detector,default,burst,interval,median_onset_error,10,-0.0215494,-0.0233774,-0.0202821,0,0,0,1,2000,10,10,911,911,0,0
n_channels,1,n_channels=1,recipe:ambrose_2016,literature,ripple,interval,median_onset_error,10,-0.0162481,-0.0186525,-0.0135085,-0.000505088,-0.00231339,0.00159243,0.807,2000,10,10,705,743,0,0
n_channels,1,n_channels=1,recipe:bendor_2012,literature,burst,interval,median_onset_error,10,0.011512,0.0104613,0.0123958,0,0,0,1,2000,10,10,655,655,0,0
n_channels,1,n_channels=1,recipe:berners_lee_2021,literature,ripple,interval,median_onset_error,0,,,,,,,,0,0,0,0,0,10,10
n_channels,1,n_channels=1,recipe:berners_lee_2022,literature,burst,interval,median_onset_error,10,-0.0130479,-0.0159764,-0.0103579,0,0,0,1,2000,10,10,668,668,0,0
n_channels,1,n_channels=1,recipe:bhattarai_2020,literature,network,interval,median_onset_error,0,,,,,,,,0,0,0,0,0,10,10
n_channels,1,n_channels=1,recipe:bhattarai_2020_ripples,literature,ripple,interval,median_onset_error,0,,,,,,,,0,0,0,0,0,10,10
n_channels,1,n_channels=1,recipe:bush_2022,literature,burst,interval,median_onset_error,10,0.000963743,-0.000634348,0.00233178,0,0,0,1,2000,10,10,617,617,0,0
n_channels,1,n_channels=1,recipe:carey_2019,literature,network,interval,median_onset_error,10,0.0126452,0.0112736,0.0135894,-6.14192e-05,-0.000308242,0.000188266,0.612,2000,10,10,899,900,0,0
n_channels,1,n_channels=1,recipe:carr_2012,literature,ripple,interval,median_onset_error,10,0.00137306,0.000513991,0.00186731,0.00920931,0.00697261,0.0114746,0,2000,10,10,663,739,0,0
n_channels,1,n_channels=1,recipe:chenani_2019,literature,burst,interval,median_onset_error,10,-0.0188819,-0.021828,-0.0175617,0,0,0,1,2000,10,10,671,671,0,0
n_channels,1,n_channels=1,recipe:davidson_2009,literature,burst,interval,median_onset_error,10,-0.0208446,-0.0222665,-0.0193016,0,0,0,1,2000,10,10,784,784,0,0
n_channels,1,n_channels=1,recipe:denovellis_2021,literature,ripple,interval,median_onset_error,10,0.00185838,0.00115935,0.00314338,0.0008213,8.04837e-05,0.00191265,0.032,2000,10,10,799,845,0,0
n_channels,1,n_channels=1,recipe:denovellis_2021_mua,literature,burst,interval,median_onset_error,10,-0.0216321,-0.0237751,-0.0199833,0,0,0,1,2000,10,10,910,910,0,0
n_channels,1,n_channels=1,recipe:diba_2007,literature,burst,interval,median_onset_error,10,-0.0727517,-0.099299,-0.0577457,0,0,0,1,2000,10,10,251,251,0,0
n_channels,1,n_channels=1,recipe:drieu_2018,literature,burst,interval,median_onset_error,10,-0.00404978,-0.00568393,-0.00285607,0,0,0,1,2000,10,10,769,769,0,0
n_channels,1,n_channels=1,recipe:farooq_2019_neuron,literature,burst,interval,median_onset_error,10,0.0114778,0.00791052,0.0138605,0,0,0,1,2000,10,10,274,274,0,0
n_channels,1,n_channels=1,recipe:farooq_2019_science,literature,burst,interval,median_onset_error,10,0.0114778,0.0079113,0.0138605,0,0,0,1,2000,10,10,272,272,0,0
n_channels,1,n_channels=1,recipe:farooq_2019_science_awake,literature,burst,interval,median_onset_error,10,0.0114778,0.0079113,0.0138605,0,0,0,1,2000,10,10,272,272,0,0
n_channels,1,n_channels=1,recipe:foster_2006,literature,burst,interval,median_onset_error,10,-0.00603709,-0.0101548,0.00259616,0,0,0,1,2000,10,10,145,145,0,0
n_channels,1,n_channels=1,recipe:foster_2006_ripples,literature,ripple,interval,median_onset_error,10,0.0342887,0.0310289,0.0352209,0.000546068,0,0.00158607,0.311,2000,10,10,77,76,0,0
n_channels,1,n_channels=1,recipe:gillespie_2021,literature,ripple,interval,median_onset_error,10,0.00127302,0.000648518,0.00198813,0.000544403,-0.000382911,0.00168454,0.186,2000,10,10,799,844,0,0
n_channels,1,n_channels=1,recipe:gillespie_2021_mua,literature,burst,interval,median_onset_error,10,-0.0208446,-0.0224039,-0.0192365,0,0,0,1,2000,10,10,804,804,0,0
n_channels,1,n_channels=1,recipe:gridchyn_2020,literature,burst,interval,median_onset_error,10,0.0114932,0.00973624,0.0128004,0,0,0,1,2000,10,10,872,872,0,0
n_channels,1,n_channels=1,recipe:grosmark_2016,literature,network,interval,median_onset_error,10,-0.0140483,-0.018409,-0.0119283,-0.000212937,-0.000611518,0,0.571,2000,10,10,456,454,0,0
n_channels,1,n_channels=1,recipe:gupta_2010,literature,ripple,interval,median_onset_error,10,0.00103702,-6.54594e-05,0.00163973,0.000387548,-0.000981567,0.00156222,0.684,2000,10,10,598,816,0,0
n_channels,1,n_channels=1,recipe:harvey_2023_code,literature,ripple,interval,median_onset_error,10,0.0133614,0.0111079,0.0157771,-4.66581e-05,-0.00156136,0.00118406,0.935,2000,10,10,549,575,0,0
n_channels,1,n_channels=1,recipe:harvey_2023_no_radiatum,literature,ripple,interval,median_onset_error,10,-0.000335938,-0.00315594,0.00133384,-0.000357108,-0.000682838,0.00014174,0.705,2000,10,10,611,609,0,0
n_channels,1,n_channels=1,recipe:harvey_2023_text,literature,ripple,interval,median_onset_error,10,0.0140779,0.0130438,0.0149774,-0.000289208,-0.000538497,0,0.076,2000,10,10,606,617,0,0
n_channels,1,n_channels=1,recipe:huelin_gorriz_2023,literature,network,interval,median_onset_error,10,-0.01437,-0.0171421,-0.0127904,0,-0.000318059,0.000388926,1,2000,10,10,559,557,0,0
n_channels,1,n_channels=1,recipe:igata_2021,literature,burst,interval,median_onset_error,10,-0.0208446,-0.0230458,-0.0189872,0,0,0,1,2000,10,10,912,912,0,0
n_channels,1,n_channels=1,recipe:igata_2021_ripples,literature,ripple,interval,median_onset_error,10,0.00182357,0.000965577,0.0025516,0.000647194,-0.000178182,0.00126807,0.11,2000,10,10,691,890,0,0
n_channels,1,n_channels=1,recipe:jadhav_2016,literature,ripple,interval,median_onset_error,10,0.00104614,0.00043509,0.00178018,0.00887561,0.00678272,0.0112159,0,2000,10,10,534,598,0,0
n_channels,1,n_channels=1,recipe:ji_2007,literature,burst,interval,median_onset_error,10,0.0177528,0.0144042,0.0203139,0,0,0,1,2000,10,10,685,685,0,0
n_channels,1,n_channels=1,recipe:ji_2007_ripples,literature,ripple,interval,median_onset_error,10,-0.0533866,-0.183374,0.00947258,0,0,0,1,1989,4,4,5,5,0,0
n_channels,1,n_channels=1,recipe:kaefer_2020,literature,ripple,interval,median_onset_error,10,-0.137766,-0.160807,-0.0399901,0.00895421,-0.0229564,0.0704839,0.539,2000,8,7,13,11,0,0
n_channels,1,n_channels=1,recipe:karlsson_2009,literature,ripple,interval,median_onset_error,10,0.00137306,0.000513991,0.00186731,0.00920931,0.00697261,0.0114746,0,2000,10,10,663,739,0,0
n_channels,1,n_channels=1,recipe:krause_2022,literature,network,interval,median_onset_error,10,0.0141875,0.012601,0.0163033,-0.000241791,-0.00139899,0.00143084,0.901,2000,10,10,638,676,0,0
n_channels,1,n_channels=1,recipe:krause_2022_hse,literature,burst,interval,median_onset_error,10,-0.0323931,-0.0346551,-0.0290887,0,0,0,1,2000,10,10,801,801,0,0
n_channels,1,n_channels=1,recipe:kudrimoti_1999,literature,ripple,interval,median_onset_error,10,0.0318674,0.029584,0.0353648,0,0,0.000666667,1,2000,10,10,25,25,0,0
n_channels,1,n_channels=1,recipe:lee_2002,literature,burst,interval,median_onset_error,10,-0.0383037,-0.0457685,-0.0332465,0,0,0,1,2000,10,10,929,929,0,0
n_channels,1,n_channels=1,recipe:lee_2002_ripples,literature,ripple,interval,median_onset_error,10,0.0342887,0.0310289,0.0352209,0.000546068,0,0.00158607,0.311,2000,10,10,77,76,0,0
n_channels,1,n_channels=1,recipe:liu_2019,literature,burst,interval,median_onset_error,10,-0.147592,-0.157828,-0.132624,0,0,0,1,2000,10,10,825,825,0,0
n_channels,1,n_channels=1,recipe:liu_2019_awake,literature,burst,interval,median_onset_error,10,-0.147592,-0.157828,-0.132624,0,0,0,1,2000,10,10,825,825,0,0
n_channels,1,n_channels=1,recipe:liu_2023,literature,network,interval,median_onset_error,10,-0.00698321,-0.0100897,-0.0049961,0.00020257,-0.00113038,0.00123288,0.599,2000,10,10,446,470,0,0
n_channels,1,n_channels=1,recipe:maboudi_2018,literature,burst,interval,median_onset_error,10,-0.0325385,-0.0350644,-0.0294038,0,0,0,1,2000,10,10,775,775,0,0
n_channels,1,n_channels=1,recipe:maboudi_2018_open_field,literature,burst,interval,median_onset_error,10,-0.00269756,-0.00399852,-8.80208e-05,0,0,0,1,2000,10,10,721,721,0,0
n_channels,1,n_channels=1,recipe:mallory_2025,literature,burst,interval,median_onset_error,10,-0.0155739,-0.0176664,-0.0144297,0,0,0,1,2000,10,10,743,743,0,0
n_channels,1,n_channels=1,recipe:mallory_2025_ripples,literature,ripple,interval,median_onset_error,10,-0.0169147,-0.0193192,-0.0141751,0.000124851,-9.32121e-05,0.000463352,0.709,2000,10,10,705,704,0,0
n_channels,1,n_channels=1,recipe:michon_2019,literature,network,interval,median_onset_error,10,-0.00181811,-0.00332217,0.000205073,-0.000163798,-0.00148778,0.00129685,0.684,2000,10,10,185,273,0,0
n_channels,1,n_channels=1,recipe:michon_2021,literature,network,interval,median_onset_error,10,-0.00181811,-0.00332217,0.000205073,-0.000163798,-0.00148778,0.00129685,0.684,2000,10,10,185,273,0,0
n_channels,1,n_channels=1,recipe:mou_2022,literature,burst,interval,median_onset_error,10,-0.0462975,-0.0555394,-0.0401892,0,0,0,1,2000,10,10,838,838,0,0
n_channels,1,n_channels=1,recipe:muessig_2019,literature,network,interval,median_onset_error,10,0.0261538,0.0221964,0.0301357,-9.5928e-05,-0.00298765,0.00159228,1,2000,10,10,121,116,0,0
n_channels,1,n_channels=1,recipe:muessig_2019_ripples,literature,ripple,interval,median_onset_error,10,-0.00883453,-0.0121205,-0.00529326,-0.000329075,-0.00390986,0.00127921,0.491,2000,10,10,903,893,0,0
n_channels,1,n_channels=1,recipe:nadasdy_1999,literature,ripple,interval,median_onset_error,10,0.00665517,0.0051941,0.00779529,0.00175569,0.000595143,0.00270674,0.003,2000,10,10,254,471,0,0
n_channels,1,n_channels=1,recipe:olafsdottir_2015,literature,burst,interval,median_onset_error,10,0.00534263,0.00360919,0.00774539,0,0,0,1,2000,10,10,662,662,0,0
n_channels,1,n_channels=1,recipe:olafsdottir_2015.bayesian_candidates,literature,burst,interval,median_onset_error,10,0.004886,0.00284124,0.00630589,0,0,0,1,2000,10,10,599,599,0,0
n_channels,1,n_channels=1,recipe:olafsdottir_2016,literature,burst,interval,median_onset_error,10,0.011116,0.00799637,0.0127389,0,0,0,1,2000,10,10,558,558,0,0
n_channels,1,n_channels=1,recipe:olafsdottir_2017,literature,burst,interval,median_onset_error,10,0.0122048,0.0108757,0.0136994,0,0,0,1,2000,10,10,744,744,0,0
n_channels,1,n_channels=1,recipe:olafsdottir_2017.trajectory,literature,burst,interval,median_onset_error,10,0.011116,0.00799637,0.0127389,0,0,0,1,2000,10,10,558,558,0,0
n_channels,1,n_channels=1,recipe:pfeiffer_2013,literature,burst,interval,median_onset_error,10,-0.00269756,-0.00399852,-8.80208e-05,0,0,0,1,2000,10,10,721,721,0,0
n_channels,1,n_channels=1,recipe:pfeiffer_2013_ripples,literature,ripple,interval,median_onset_error,10,-0.0162481,-0.0186525,-0.0135085,-0.000505088,-0.00231339,0.00159243,0.807,2000,10,10,705,743,0,0
n_channels,1,n_channels=1,recipe:pfeiffer_2015,literature,ripple,interval,median_onset_error,10,-0.0163593,-0.0187616,-0.0136144,-0.000616337,-0.00242672,0.00142092,0.751,2000,10,10,703,743,0,0
n_channels,1,n_channels=1,recipe:shin_2019,literature,ripple,interval,median_onset_error,10,0.00137306,0.000513991,0.00186731,0.00920931,0.00697261,0.0114746,0,2000,10,10,663,739,0,0
n_channels,1,n_channels=1,recipe:silva_2015,literature,burst,interval,median_onset_error,10,-0.0122142,-0.0153682,-0.0101496,0,0,0,1,2000,10,10,606,606,0,0
n_channels,1,n_channels=1,recipe:stella_2019,literature,ripple,interval,median_onset_error,10,0.0146937,0.0138191,0.015442,0.00385871,0.00285055,0.00478895,0,2000,10,10,542,680,0,0
n_channels,1,n_channels=1,recipe:tang_2017,literature,ripple,interval,median_onset_error,10,0.00137306,0.000513991,0.00186731,0.00920931,0.00697261,0.0114746,0,2000,10,10,663,739,0,0
n_channels,1,n_channels=1,recipe:tirole_2022,literature,network,interval,median_onset_error,10,-0.01437,-0.0171421,-0.0127904,0,-0.000318059,0.000388926,1,2000,10,10,559,557,0,0
n_channels,1,n_channels=1,recipe:widloski_2025,literature,ripple,interval,median_onset_error,10,-0.17327,-0.186701,-0.161823,-0.00504342,-0.0149418,0.00834177,0.567,2000,10,10,489,518,0,0
n_channels,1,n_channels=1,recipe:widloski_2025_bursts,literature,burst,interval,median_onset_error,10,-0.168573,-0.174543,-0.15673,0,0,0,1,2000,10,10,518,518,0,0
n_channels,1,n_channels=1,recipe:wikenheiser_2013,literature,ripple,interval,median_onset_error,10,-0.279266,-0.312047,-0.242157,-0.132872,-0.159406,-0.10386,0,2000,10,10,805,849,0,0
n_channels,1,n_channels=1,recipe:wu_2014,literature,burst,interval,median_onset_error,10,-0.0163562,-0.018528,-0.014373,0,0,0,1,2000,10,10,844,844,0,0
n_channels,1,n_channels=1,recipe:wu_2017,literature,burst,interval,median_onset_error,10,0.0117571,0.00916774,0.0144137,0,0,0,1,2000,10,10,523,523,0,0
n_channels,1,n_channels=1,recipe:xu_2019,literature,burst,interval,median_onset_error,10,-0.00774106,-0.0101589,-0.00488211,0,0,0,1,2000,10,10,731,731,0,0
n_channels,1,n_channels=1,recipe:yamamoto_2017,literature,network,interval,median_onset_error,10,0.0294767,0.0275625,0.0314484,0,-0.000245116,0.000197265,1,2000,10,10,614,612,0,0
n_channels,1,n_channels=1,recipe:yang_2024,literature,network,interval,median_onset_error,10,-0.0140483,-0.018409,-0.0119283,-0.000212937,-0.000611518,0,0.571,2000,10,10,456,454,0,0
n_channels,reference,reference,Carey_candidate_detector,default,network,interval,median_onset_error,10,0.0023104,0.00123107,0.00399637,0,0,0,1,2000,10,10,891,891,0,0
n_channels,reference,reference,Karlsson_ripple_detector,default,ripple,interval,median_onset_error,10,-0.00783625,-0.0099954,-0.00540774,0,0,0,1,2000,10,10,739,739,0,0
n_channels,reference,reference,Kay_ripple_detector,default,ripple,interval,median_onset_error,10,0.000728616,-0.000438561,0.00163915,0,0,0,1,2000,10,10,844,844,0,0
n_channels,reference,reference,Long_sharp_wave_ripple_detector,default,ripple,interval,median_onset_error,10,0.0121998,0.010706,0.0136956,0,0,0,1,2000,10,10,704,704,0,0
n_channels,reference,reference,Roumis_ripple_detector,default,ripple,interval,median_onset_error,10,0.000534876,-0.000645838,0.00161769,0,0,0,1,2000,10,10,845,845,0,0
n_channels,reference,reference,Shvartsman_ripple_detector,default,ripple,interval,median_onset_error,0,,,,,,,,0,0,0,0,0,10,0
n_channels,reference,reference,Yu_ripple_detector,default,ripple,interval,median_onset_error,10,0.00170934,0.000880944,0.00241474,0,0,0,1,2000,10,10,865,865,0,0
n_channels,reference,reference,Zugaro_ripple_detector,default,ripple,interval,median_onset_error,10,0.0139065,0.0128742,0.0155587,0,0,0,1,2000,10,10,689,689,0,0
n_channels,reference,reference,multiunit_HSE_detector,default,burst,interval,median_onset_error,10,-0.0215494,-0.0233774,-0.0202821,0,0,0,1,2000,10,10,911,911,0,0
n_channels,reference,reference,recipe:ambrose_2016,literature,ripple,interval,median_onset_error,10,-0.015743,-0.0177555,-0.0142967,0,0,0,1,2000,10,10,743,743,0,0
n_channels,reference,reference,recipe:bendor_2012,literature,burst,interval,median_onset_error,10,0.011512,0.0104613,0.0123958,0,0,0,1,2000,10,10,655,655,0,0
n_channels,reference,reference,recipe:berners_lee_2021,literature,ripple,interval,median_onset_error,0,,,,,,,,0,0,0,0,0,10,0
n_channels,reference,reference,recipe:berners_lee_2022,literature,burst,interval,median_onset_error,10,-0.0130479,-0.0159764,-0.0103579,0,0,0,1,2000,10,10,668,668,0,0
n_channels,reference,reference,recipe:bhattarai_2020,literature,network,interval,median_onset_error,0,,,,,,,,0,0,0,0,0,10,0
n_channels,reference,reference,recipe:bhattarai_2020_ripples,literature,ripple,interval,median_onset_error,0,,,,,,,,0,0,0,0,0,10,0
n_channels,reference,reference,recipe:bush_2022,literature,burst,interval,median_onset_error,10,0.000963743,-0.000634348,0.00233178,0,0,0,1,2000,10,10,617,617,0,0
n_channels,reference,reference,recipe:carey_2019,literature,network,interval,median_onset_error,10,0.0127066,0.0112533,0.0135894,0,0,0,1,2000,10,10,900,900,0,0
n_channels,reference,reference,recipe:carr_2012,literature,ripple,interval,median_onset_error,10,-0.00783625,-0.0099954,-0.00540774,0,0,0,1,2000,10,10,739,739,0,0
n_channels,reference,reference,recipe:chenani_2019,literature,burst,interval,median_onset_error,10,-0.0188819,-0.021828,-0.0175617,0,0,0,1,2000,10,10,671,671,0,0
n_channels,reference,reference,recipe:davidson_2009,literature,burst,interval,median_onset_error,10,-0.0208446,-0.0222665,-0.0193016,0,0,0,1,2000,10,10,784,784,0,0
n_channels,reference,reference,recipe:denovellis_2021,literature,ripple,interval,median_onset_error,10,0.00103708,7.44804e-05,0.00199106,0,0,0,1,2000,10,10,845,845,0,0
n_channels,reference,reference,recipe:denovellis_2021_mua,literature,burst,interval,median_onset_error,10,-0.0216321,-0.0237751,-0.0199833,0,0,0,1,2000,10,10,910,910,0,0
n_channels,reference,reference,recipe:diba_2007,literature,burst,interval,median_onset_error,10,-0.0727517,-0.099299,-0.0577457,0,0,0,1,2000,10,10,251,251,0,0
n_channels,reference,reference,recipe:drieu_2018,literature,burst,interval,median_onset_error,10,-0.00404978,-0.00568393,-0.00285607,0,0,0,1,2000,10,10,769,769,0,0
n_channels,reference,reference,recipe:farooq_2019_neuron,literature,burst,interval,median_onset_error,10,0.0114778,0.00791052,0.0138605,0,0,0,1,2000,10,10,274,274,0,0
n_channels,reference,reference,recipe:farooq_2019_science,literature,burst,interval,median_onset_error,10,0.0114778,0.0079113,0.0138605,0,0,0,1,2000,10,10,272,272,0,0
n_channels,reference,reference,recipe:farooq_2019_science_awake,literature,burst,interval,median_onset_error,10,0.0114778,0.0079113,0.0138605,0,0,0,1,2000,10,10,272,272,0,0
n_channels,reference,reference,recipe:foster_2006,literature,burst,interval,median_onset_error,10,-0.00603709,-0.0101548,0.00259616,0,0,0,1,2000,10,10,145,145,0,0
n_channels,reference,reference,recipe:foster_2006_ripples,literature,ripple,interval,median_onset_error,10,0.0337426,0.0309958,0.0347633,0,0,0,1,2000,10,10,76,76,0,0
n_channels,reference,reference,recipe:gillespie_2021,literature,ripple,interval,median_onset_error,10,0.000728616,-0.000438561,0.00163915,0,0,0,1,2000,10,10,844,844,0,0
n_channels,reference,reference,recipe:gillespie_2021_mua,literature,burst,interval,median_onset_error,10,-0.0208446,-0.0224039,-0.0192365,0,0,0,1,2000,10,10,804,804,0,0
n_channels,reference,reference,recipe:gridchyn_2020,literature,burst,interval,median_onset_error,10,0.0114932,0.00973624,0.0128004,0,0,0,1,2000,10,10,872,872,0,0
n_channels,reference,reference,recipe:grosmark_2016,literature,network,interval,median_onset_error,10,-0.0138354,-0.0183971,-0.0119283,0,0,0,1,2000,10,10,454,454,0,0
n_channels,reference,reference,recipe:gupta_2010,literature,ripple,interval,median_onset_error,10,0.000649468,-0.000516766,0.00149165,0,0,0,1,2000,10,10,816,816,0,0
n_channels,reference,reference,recipe:harvey_2023_code,literature,ripple,interval,median_onset_error,10,0.0134081,0.0119995,0.0157787,0,0,0,1,2000,10,10,575,575,0,0
n_channels,reference,reference,recipe:harvey_2023_no_radiatum,literature,ripple,interval,median_onset_error,10,2.11699e-05,-0.00315594,0.00152412,0,0,0,1,2000,10,10,609,609,0,0
n_channels,reference,reference,recipe:harvey_2023_text,literature,ripple,interval,median_onset_error,10,0.0143671,0.0133529,0.0152102,0,0,0,1,2000,10,10,617,617,0,0
n_channels,reference,reference,recipe:huelin_gorriz_2023,literature,network,interval,median_onset_error,10,-0.01437,-0.0172593,-0.0127015,0,0,0,1,2000,10,10,557,557,0,0
n_channels,reference,reference,recipe:igata_2021,literature,burst,interval,median_onset_error,10,-0.0208446,-0.0230458,-0.0189872,0,0,0,1,2000,10,10,912,912,0,0
n_channels,reference,reference,recipe:igata_2021_ripples,literature,ripple,interval,median_onset_error,10,0.00117637,0.000836552,0.00170338,0,0,0,1,2000,10,10,890,890,0,0
n_channels,reference,reference,recipe:jadhav_2016,literature,ripple,interval,median_onset_error,10,-0.00782947,-0.0101123,-0.00525858,0,0,0,1,2000,10,10,598,598,0,0
n_channels,reference,reference,recipe:ji_2007,literature,burst,interval,median_onset_error,10,0.0177528,0.0144042,0.0203139,0,0,0,1,2000,10,10,685,685,0,0
n_channels,reference,reference,recipe:ji_2007_ripples,literature,ripple,interval,median_onset_error,10,-0.0533866,-0.183374,0.00947258,0,0,0,1,1989,4,4,5,5,0,0
n_channels,reference,reference,recipe:kaefer_2020,literature,ripple,interval,median_onset_error,10,-0.14672,-0.177766,-0.0950664,0,0,0,1,2000,7,7,11,11,0,0
n_channels,reference,reference,recipe:karlsson_2009,literature,ripple,interval,median_onset_error,10,-0.00783625,-0.0099954,-0.00540774,0,0,0,1,2000,10,10,739,739,0,0
n_channels,reference,reference,recipe:krause_2022,literature,network,interval,median_onset_error,10,0.0144293,0.0122692,0.0163226,0,0,0,1,2000,10,10,676,676,0,0
n_channels,reference,reference,recipe:krause_2022_hse,literature,burst,interval,median_onset_error,10,-0.0323931,-0.0346551,-0.0290887,0,0,0,1,2000,10,10,801,801,0,0
n_channels,reference,reference,recipe:kudrimoti_1999,literature,ripple,interval,median_onset_error,10,0.0318674,0.029584,0.0353648,0,0,0,1,2000,10,10,25,25,0,0
n_channels,reference,reference,recipe:lee_2002,literature,burst,interval,median_onset_error,10,-0.0383037,-0.0457685,-0.0332465,0,0,0,1,2000,10,10,929,929,0,0
n_channels,reference,reference,recipe:lee_2002_ripples,literature,ripple,interval,median_onset_error,10,0.0337426,0.0309958,0.0347633,0,0,0,1,2000,10,10,76,76,0,0
n_channels,reference,reference,recipe:liu_2019,literature,burst,interval,median_onset_error,10,-0.147592,-0.157828,-0.132624,0,0,0,1,2000,10,10,825,825,0,0
n_channels,reference,reference,recipe:liu_2019_awake,literature,burst,interval,median_onset_error,10,-0.147592,-0.157828,-0.132624,0,0,0,1,2000,10,10,825,825,0,0
n_channels,reference,reference,recipe:liu_2023,literature,network,interval,median_onset_error,10,-0.00718578,-0.010088,-0.00536157,0,0,0,1,2000,10,10,470,470,0,0
n_channels,reference,reference,recipe:maboudi_2018,literature,burst,interval,median_onset_error,10,-0.0325385,-0.0350644,-0.0294038,0,0,0,1,2000,10,10,775,775,0,0
n_channels,reference,reference,recipe:maboudi_2018_open_field,literature,burst,interval,median_onset_error,10,-0.00269756,-0.00399852,-8.80208e-05,0,0,0,1,2000,10,10,721,721,0,0
n_channels,reference,reference,recipe:mallory_2025,literature,burst,interval,median_onset_error,10,-0.0155739,-0.0176664,-0.0144297,0,0,0,1,2000,10,10,743,743,0,0
n_channels,reference,reference,recipe:mallory_2025_ripples,literature,ripple,interval,median_onset_error,10,-0.0170396,-0.0193004,-0.0142674,0,0,0,1,2000,10,10,704,704,0,0
n_channels,reference,reference,recipe:michon_2019,literature,network,interval,median_onset_error,10,-0.00165431,-0.00362832,0.000536935,0,0,0,1,2000,10,10,273,273,0,0
n_channels,reference,reference,recipe:michon_2021,literature,network,interval,median_onset_error,10,-0.00165431,-0.00362832,0.000536935,0,0,0,1,2000,10,10,273,273,0,0
n_channels,reference,reference,recipe:mou_2022,literature,burst,interval,median_onset_error,10,-0.0462975,-0.0555394,-0.0401892,0,0,0,1,2000,10,10,838,838,0,0
n_channels,reference,reference,recipe:muessig_2019,literature,network,interval,median_onset_error,10,0.0262498,0.0215342,0.0309892,0,0,0,1,2000,10,10,116,116,0,0
n_channels,reference,reference,recipe:muessig_2019_ripples,literature,ripple,interval,median_onset_error,10,-0.00850545,-0.0108126,-0.00392214,0,0,0,1,2000,10,10,893,893,0,0
n_channels,reference,reference,recipe:nadasdy_1999,literature,ripple,interval,median_onset_error,10,0.00489948,0.00428016,0.00549517,0,0,0,1,2000,10,10,471,471,0,0
n_channels,reference,reference,recipe:olafsdottir_2015,literature,burst,interval,median_onset_error,10,0.00534263,0.00360919,0.00774539,0,0,0,1,2000,10,10,662,662,0,0
n_channels,reference,reference,recipe:olafsdottir_2015.bayesian_candidates,literature,burst,interval,median_onset_error,10,0.004886,0.00284124,0.00630589,0,0,0,1,2000,10,10,599,599,0,0
n_channels,reference,reference,recipe:olafsdottir_2016,literature,burst,interval,median_onset_error,10,0.011116,0.00799637,0.0127389,0,0,0,1,2000,10,10,558,558,0,0
n_channels,reference,reference,recipe:olafsdottir_2017,literature,burst,interval,median_onset_error,10,0.0122048,0.0108757,0.0136994,0,0,0,1,2000,10,10,744,744,0,0
n_channels,reference,reference,recipe:olafsdottir_2017.trajectory,literature,burst,interval,median_onset_error,10,0.011116,0.00799637,0.0127389,0,0,0,1,2000,10,10,558,558,0,0
n_channels,reference,reference,recipe:pfeiffer_2013,literature,burst,interval,median_onset_error,10,-0.00269756,-0.00399852,-8.80208e-05,0,0,0,1,2000,10,10,721,721,0,0
n_channels,reference,reference,recipe:pfeiffer_2013_ripples,literature,ripple,interval,median_onset_error,10,-0.015743,-0.0177555,-0.0142967,0,0,0,1,2000,10,10,743,743,0,0
n_channels,reference,reference,recipe:pfeiffer_2015,literature,ripple,interval,median_onset_error,10,-0.015743,-0.0177555,-0.0142967,0,0,0,1,2000,10,10,743,743,0,0
n_channels,reference,reference,recipe:shin_2019,literature,ripple,interval,median_onset_error,10,-0.00783625,-0.0099954,-0.00540774,0,0,0,1,2000,10,10,739,739,0,0
n_channels,reference,reference,recipe:silva_2015,literature,burst,interval,median_onset_error,10,-0.0122142,-0.0153682,-0.0101496,0,0,0,1,2000,10,10,606,606,0,0
n_channels,reference,reference,recipe:stella_2019,literature,ripple,interval,median_onset_error,10,0.010835,0.0100663,0.0120394,0,0,0,1,2000,10,10,680,680,0,0
n_channels,reference,reference,recipe:tang_2017,literature,ripple,interval,median_onset_error,10,-0.00783625,-0.0099954,-0.00540774,0,0,0,1,2000,10,10,739,739,0,0
n_channels,reference,reference,recipe:tirole_2022,literature,network,interval,median_onset_error,10,-0.01437,-0.0172593,-0.0127015,0,0,0,1,2000,10,10,557,557,0,0
n_channels,reference,reference,recipe:widloski_2025,literature,ripple,interval,median_onset_error,10,-0.168227,-0.180008,-0.160493,0,0,0,1,2000,10,10,518,518,0,0
n_channels,reference,reference,recipe:widloski_2025_bursts,literature,burst,interval,median_onset_error,10,-0.168573,-0.174543,-0.15673,0,0,0,1,2000,10,10,518,518,0,0
n_channels,reference,reference,recipe:wikenheiser_2013,literature,ripple,interval,median_onset_error,10,-0.146394,-0.172799,-0.130138,0,0,0,1,2000,10,10,849,849,0,0
n_channels,reference,reference,recipe:wu_2014,literature,burst,interval,median_onset_error,10,-0.0163562,-0.018528,-0.014373,0,0,0,1,2000,10,10,844,844,0,0
n_channels,reference,reference,recipe:wu_2017,literature,burst,interval,median_onset_error,10,0.0117571,0.00916774,0.0144137,0,0,0,1,2000,10,10,523,523,0,0
n_channels,reference,reference,recipe:xu_2019,literature,burst,interval,median_onset_error,10,-0.00774106,-0.0101589,-0.00488211,0,0,0,1,2000,10,10,731,731,0,0
n_channels,reference,reference,recipe:yamamoto_2017,literature,network,interval,median_onset_error,10,0.0294767,0.0276603,0.0314484,0,0,0,1,2000,10,10,612,612,0,0
n_channels,reference,reference,recipe:yang_2024,literature,network,interval,median_onset_error,10,-0.0138354,-0.0183971,-0.0119283,0,0,0,1,2000,10,10,454,454,0,0
n_channels,16,n_channels=16,Carey_candidate_detector,default,network,interval,median_onset_error,10,0.00229529,0.00121479,0.00391632,-1.51156e-05,-0.000386386,0.000250756,0.969,2000,10,10,893,891,0,0
n_channels,16,n_channels=16,Karlsson_ripple_detector,default,ripple,interval,median_onset_error,10,-0.0211205,-0.0240911,-0.0194111,-0.0132842,-0.0160266,-0.0112426,0,2000,10,10,772,739,0,0
n_channels,16,n_channels=16,Kay_ripple_detector,default,ripple,interval,median_onset_error,10,4.25763e-05,-0.00103727,0.000915201,-0.000686039,-0.00140331,-0.000109603,0.022,2000,10,10,861,844,0,0
n_channels,16,n_channels=16,Long_sharp_wave_ripple_detector,default,ripple,interval,median_onset_error,10,0.0124948,0.0111314,0.0143102,0.000295017,-0.000553429,0.000818952,0.598,2000,10,10,703,704,0,0
n_channels,16,n_channels=16,Roumis_ripple_detector,default,ripple,interval,median_onset_error,10,-0.000340357,-0.00139362,0.000713534,-0.000875233,-0.00125613,-0.000430931,0.001,2000,10,10,863,845,0,0
n_channels,16,n_channels=16,Shvartsman_ripple_detector,default,ripple,interval,median_onset_error,0,,,,,,,,0,0,0,0,0,10,0
n_channels,16,n_channels=16,Yu_ripple_detector,default,ripple,interval,median_onset_error,10,0.00130376,0.000174743,0.00230142,-0.000405588,-0.000987454,0.00015707,0.192,2000,10,10,910,865,0,0
n_channels,16,n_channels=16,Zugaro_ripple_detector,default,ripple,interval,median_onset_error,10,0.0138863,0.0127245,0.01547,-2.01574e-05,-0.000968237,0.000733027,0.957,2000,10,10,692,689,0,0
n_channels,16,n_channels=16,multiunit_HSE_detector,default,burst,interval,median_onset_error,10,-0.0215494,-0.0233774,-0.0202821,0,0,0,1,2000,10,10,911,911,0,0
n_channels,16,n_channels=16,recipe:ambrose_2016,literature,ripple,interval,median_onset_error,10,-0.0167088,-0.0191815,-0.0151546,-0.000965866,-0.00213426,0.000504497,0.153,2000,10,10,742,743,0,0
n_channels,16,n_channels=16,recipe:bendor_2012,literature,burst,interval,median_onset_error,10,0.011512,0.0104613,0.0123958,0,0,0,1,2000,10,10,655,655,0,0
n_channels,16,n_channels=16,recipe:berners_lee_2021,literature,ripple,interval,median_onset_error,0,,,,,,,,0,0,0,0,0,10,0
n_channels,16,n_channels=16,recipe:berners_lee_2022,literature,burst,interval,median_onset_error,10,-0.0130479,-0.0159764,-0.0103579,0,0,0,1,2000,10,10,668,668,0,0
n_channels,16,n_channels=16,recipe:bhattarai_2020,literature,network,interval,median_onset_error,0,,,,,,,,0,0,0,0,0,10,0
n_channels,16,n_channels=16,recipe:bhattarai_2020_ripples,literature,ripple,interval,median_onset_error,0,,,,,,,,0,0,0,0,0,10,0
n_channels,16,n_channels=16,recipe:bush_2022,literature,burst,interval,median_onset_error,10,0.000963743,-0.000634348,0.00233178,0,0,0,1,2000,10,10,617,617,0,0
n_channels,16,n_channels=16,recipe:carey_2019,literature,network,interval,median_onset_error,10,0.0125428,0.0112053,0.0135136,-0.000163762,-0.000362448,0.000120716,0.513,2000,10,10,900,900,0,0
n_channels,16,n_channels=16,recipe:carr_2012,literature,ripple,interval,median_onset_error,10,-0.0211205,-0.0240911,-0.0194111,-0.0132842,-0.0160266,-0.0112426,0,2000,10,10,772,739,0,0
n_channels,16,n_channels=16,recipe:chenani_2019,literature,burst,interval,median_onset_error,10,-0.0188819,-0.021828,-0.0175617,0,0,0,1,2000,10,10,671,671,0,0
n_channels,16,n_channels=16,recipe:davidson_2009,literature,burst,interval,median_onset_error,10,-0.0208446,-0.0222665,-0.0193016,0,0,0,1,2000,10,10,784,784,0,0
n_channels,16,n_channels=16,recipe:denovellis_2021,literature,ripple,interval,median_onset_error,10,0.000340833,-0.00110503,0.00155362,-0.000696249,-0.00139538,-6.19565e-05,0.031,2000,10,10,860,845,0,0
n_channels,16,n_channels=16,recipe:denovellis_2021_mua,literature,burst,interval,median_onset_error,10,-0.0216321,-0.0237751,-0.0199833,0,0,0,1,2000,10,10,910,910,0,0
n_channels,16,n_channels=16,recipe:diba_2007,literature,burst,interval,median_onset_error,10,-0.0727517,-0.099299,-0.0577457,0,0,0,1,2000,10,10,251,251,0,0
n_channels,16,n_channels=16,recipe:drieu_2018,literature,burst,interval,median_onset_error,10,-0.00404978,-0.00568393,-0.00285607,0,0,0,1,2000,10,10,769,769,0,0
n_channels,16,n_channels=16,recipe:farooq_2019_neuron,literature,burst,interval,median_onset_error,10,0.0114778,0.00791052,0.0138605,0,0,0,1,2000,10,10,274,274,0,0
n_channels,16,n_channels=16,recipe:farooq_2019_science,literature,burst,interval,median_onset_error,10,0.0114778,0.0079113,0.0138605,0,0,0,1,2000,10,10,272,272,0,0
n_channels,16,n_channels=16,recipe:farooq_2019_science_awake,literature,burst,interval,median_onset_error,10,0.0114778,0.0079113,0.0138605,0,0,0,1,2000,10,10,272,272,0,0
n_channels,16,n_channels=16,recipe:foster_2006,literature,burst,interval,median_onset_error,10,-0.00603709,-0.0101548,0.00259616,0,0,0,1,2000,10,10,145,145,0,0
n_channels,16,n_channels=16,recipe:foster_2006_ripples,literature,ripple,interval,median_onset_error,10,0.0337426,0.0309958,0.0347633,0,0,0,1,2000,10,10,76,76,0,0
n_channels,16,n_channels=16,recipe:gillespie_2021,literature,ripple,interval,median_onset_error,10,4.25763e-05,-0.00103727,0.000915201,-0.000686039,-0.00140331,-0.000109603,0.022,2000,10,10,861,844,0,0
n_channels,16,n_channels=16,recipe:gillespie_2021_mua,literature,burst,interval,median_onset_error,10,-0.0208446,-0.0224039,-0.0192365,0,0,0,1,2000,10,10,804,804,0,0
n_channels,16,n_channels=16,recipe:gridchyn_2020,literature,burst,interval,median_onset_error,10,0.0114932,0.00973624,0.0128004,0,0,0,1,2000,10,10,872,872,0,0
n_channels,16,n_channels=16,recipe:grosmark_2016,literature,network,interval,median_onset_error,10,-0.0140406,-0.0183971,-0.0119283,-0.000205231,-0.00042603,0,1,2000,10,10,455,454,0,0
n_channels,16,n_channels=16,recipe:gupta_2010,literature,ripple,interval,median_onset_error,10,8.16838e-05,-0.00057239,0.00106767,-0.000567784,-0.00122713,0.000512094,0.222,2000,10,10,867,816,0,0
n_channels,16,n_channels=16,recipe:harvey_2023_code,literature,ripple,interval,median_onset_error,10,0.013425,0.0121374,0.0151452,1.69124e-05,-0.000903473,0.000666667,0.851,2000,10,10,574,575,0,0
n_channels,16,n_channels=16,recipe:harvey_2023_no_radiatum,literature,ripple,interval,median_onset_error,10,2.11699e-05,-0.00315594,0.00142457,0,0,0,1,2000,10,10,609,609,0,0
n_channels,16,n_channels=16,recipe:harvey_2023_text,literature,ripple,interval,median_onset_error,10,0.0143671,0.0131729,0.0154515,0,-0.000328055,0.000356753,1,2000,10,10,615,617,0,0
n_channels,16,n_channels=16,recipe:huelin_gorriz_2023,literature,network,interval,median_onset_error,10,-0.01437,-0.0172593,-0.0127015,0,0,0,1,2000,10,10,557,557,0,0
n_channels,16,n_channels=16,recipe:igata_2021,literature,burst,interval,median_onset_error,10,-0.0208446,-0.0230458,-0.0189872,0,0,0,1,2000,10,10,912,912,0,0
n_channels,16,n_channels=16,recipe:igata_2021_ripples,literature,ripple,interval,median_onset_error,10,0.000556934,0.000216448,0.000864208,-0.000619438,-0.0013162,-0.000298242,0,2000,10,10,955,890,0,0
n_channels,16,n_channels=16,recipe:jadhav_2016,literature,ripple,interval,median_onset_error,10,-0.021283,-0.0240518,-0.0194111,-0.0134536,-0.0158238,-0.0115947,0,2000,10,10,631,598,0,0
n_channels,16,n_channels=16,recipe:ji_2007,literature,burst,interval,median_onset_error,10,0.0177528,0.0144042,0.0203139,0,0,0,1,2000,10,10,685,685,0,0
n_channels,16,n_channels=16,recipe:ji_2007_ripples,literature,ripple,interval,median_onset_error,10,-0.0533866,-0.183374,0.00947258,0,0,0,1,1989,4,4,5,5,0,0
n_channels,16,n_channels=16,recipe:kaefer_2020,literature,ripple,interval,median_onset_error,10,-0.134506,-0.192139,-0.075025,0.0122139,-0.032578,0.0692774,0.791,2000,8,7,11,11,0,0
n_channels,16,n_channels=16,recipe:karlsson_2009,literature,ripple,interval,median_onset_error,10,-0.0211205,-0.0240911,-0.0194111,-0.0132842,-0.0160266,-0.0112426,0,2000,10,10,772,739,0,0
n_channels,16,n_channels=16,recipe:krause_2022,literature,network,interval,median_onset_error,10,0.013998,0.0122651,0.0160862,-0.000431232,-0.00159602,0.000397081,0.321,2000,10,10,684,676,0,0
n_channels,16,n_channels=16,recipe:krause_2022_hse,literature,burst,interval,median_onset_error,10,-0.0323931,-0.0346551,-0.0290887,0,0,0,1,2000,10,10,801,801,0,0
n_channels,16,n_channels=16,recipe:kudrimoti_1999,literature,ripple,interval,median_onset_error,10,0.0318674,0.029584,0.0353648,0,0,0,1,2000,10,10,25,25,0,0
n_channels,16,n_channels=16,recipe:lee_2002,literature,burst,interval,median_onset_error,10,-0.0383037,-0.0457685,-0.0332465,0,0,0,1,2000,10,10,929,929,0,0
n_channels,16,n_channels=16,recipe:lee_2002_ripples,literature,ripple,interval,median_onset_error,10,0.0337426,0.0309958,0.0347633,0,0,0,1,2000,10,10,76,76,0,0
n_channels,16,n_channels=16,recipe:liu_2019,literature,burst,interval,median_onset_error,10,-0.147592,-0.157828,-0.132624,0,0,0,1,2000,10,10,825,825,0,0
n_channels,16,n_channels=16,recipe:liu_2019_awake,literature,burst,interval,median_onset_error,10,-0.147592,-0.157828,-0.132624,0,0,0,1,2000,10,10,825,825,0,0
n_channels,16,n_channels=16,recipe:liu_2023,literature,network,interval,median_onset_error,10,-0.00718578,-0.0111959,-0.00536157,0,-0.00100154,0.000648905,1,2000,10,10,470,470,0,0
n_channels,16,n_channels=16,recipe:maboudi_2018,literature,burst,interval,median_onset_error,10,-0.0325385,-0.0350644,-0.0294038,0,0,0,1,2000,10,10,775,775,0,0
n_channels,16,n_channels=16,recipe:maboudi_2018_open_field,literature,burst,interval,median_onset_error,10,-0.00269756,-0.00399852,-8.80208e-05,0,0,0,1,2000,10,10,721,721,0,0
n_channels,16,n_channels=16,recipe:mallory_2025,literature,burst,interval,median_onset_error,10,-0.0155739,-0.0176664,-0.0144297,0,0,0,1,2000,10,10,743,743,0,0
n_channels,16,n_channels=16,recipe:mallory_2025_ripples,literature,ripple,interval,median_onset_error,10,-0.0170396,-0.0193004,-0.0142811,0,-8.41047e-05,0,1,2000,10,10,704,704,0,0
n_channels,16,n_channels=16,recipe:michon_2019,literature,network,interval,median_onset_error,10,-0.00167669,-0.00388227,0.0003286,-2.23801e-05,-0.000410519,0,1,2000,10,10,274,273,0,0
n_channels,16,n_channels=16,recipe:michon_2021,literature,network,interval,median_onset_error,10,-0.00167669,-0.00388227,0.0003286,-2.23801e-05,-0.000410519,0,1,2000,10,10,274,273,0,0
n_channels,16,n_channels=16,recipe:mou_2022,literature,burst,interval,median_onset_error,10,-0.0462975,-0.0555394,-0.0401892,0,0,0,1,2000,10,10,838,838,0,0
n_channels,16,n_channels=16,recipe:muessig_2019,literature,network,interval,median_onset_error,10,0.0264196,0.021705,0.0309892,0.000169851,-0.000987641,0.00195192,1,2000,10,10,116,116,0,0
n_channels,16,n_channels=16,recipe:muessig_2019_ripples,literature,ripple,interval,median_onset_error,10,-0.00809446,-0.0104659,-0.00473133,0.00041099,-0.00183074,0.00161335,0.828,2000,10,10,898,893,0,0
n_channels,16,n_channels=16,recipe:nadasdy_1999,literature,ripple,interval,median_onset_error,10,0.00412926,0.00338977,0.00495363,-0.000770225,-0.00136621,-0.000260015,0.028,2000,10,10,554,471,0,0
n_channels,16,n_channels=16,recipe:olafsdottir_2015,literature,burst,interval,median_onset_error,10,0.00534263,0.00360919,0.00774539,0,0,0,1,2000,10,10,662,662,0,0
n_channels,16,n_channels=16,recipe:olafsdottir_2015.bayesian_candidates,literature,burst,interval,median_onset_error,10,0.004886,0.00284124,0.00630589,0,0,0,1,2000,10,10,599,599,0,0
n_channels,16,n_channels=16,recipe:olafsdottir_2016,literature,burst,interval,median_onset_error,10,0.011116,0.00799637,0.0127389,0,0,0,1,2000,10,10,558,558,0,0
n_channels,16,n_channels=16,recipe:olafsdottir_2017,literature,burst,interval,median_onset_error,10,0.0122048,0.0108757,0.0136994,0,0,0,1,2000,10,10,744,744,0,0
n_channels,16,n_channels=16,recipe:olafsdottir_2017.trajectory,literature,burst,interval,median_onset_error,10,0.011116,0.00799637,0.0127389,0,0,0,1,2000,10,10,558,558,0,0
n_channels,16,n_channels=16,recipe:pfeiffer_2013,literature,burst,interval,median_onset_error,10,-0.00269756,-0.00399852,-8.80208e-05,0,0,0,1,2000,10,10,721,721,0,0
n_channels,16,n_channels=16,recipe:pfeiffer_2013_ripples,literature,ripple,interval,median_onset_error,10,-0.0167088,-0.0191815,-0.0151546,-0.000965866,-0.00213426,0.000504497,0.153,2000,10,10,742,743,0,0
n_channels,16,n_channels=16,recipe:pfeiffer_2015,literature,ripple,interval,median_onset_error,10,-0.0167088,-0.0191815,-0.0151546,-0.000965866,-0.00213426,0.000504497,0.153,2000,10,10,742,743,0,0
n_channels,16,n_channels=16,recipe:shin_2019,literature,ripple,interval,median_onset_error,10,-0.0211205,-0.0240911,-0.0194111,-0.0132842,-0.0160266,-0.0112426,0,2000,10,10,772,739,0,0
n_channels,16,n_channels=16,recipe:silva_2015,literature,burst,interval,median_onset_error,10,-0.0122142,-0.0153682,-0.0101496,0,0,0,1,2000,10,10,606,606,0,0
n_channels,16,n_channels=16,recipe:stella_2019,literature,ripple,interval,median_onset_error,10,0.00841861,0.00708949,0.00934203,-0.00241634,-0.0033135,-0.00172271,0,2000,10,10,761,680,0,0
n_channels,16,n_channels=16,recipe:tang_2017,literature,ripple,interval,median_onset_error,10,-0.0211205,-0.0240911,-0.0194111,-0.0132842,-0.0160266,-0.0112426,0,2000,10,10,772,739,0,0
n_channels,16,n_channels=16,recipe:tirole_2022,literature,network,interval,median_onset_error,10,-0.01437,-0.0172593,-0.0127015,0,0,0,1,2000,10,10,557,557,0,0
n_channels,16,n_channels=16,recipe:widloski_2025,literature,ripple,interval,median_onset_error,10,-0.174051,-0.190614,-0.164811,-0.00582375,-0.0175015,0.00333195,0.159,2000,10,10,528,518,0,0
n_channels,16,n_channels=16,recipe:widloski_2025_bursts,literature,burst,interval,median_onset_error,10,-0.168573,-0.174543,-0.15673,0,0,0,1,2000,10,10,518,518,0,0
n_channels,16,n_channels=16,recipe:wikenheiser_2013,literature,ripple,interval,median_onset_error,10,-0.101373,-0.133337,-0.0779252,0.0450206,0.0266473,0.0628209,0,2000,10,10,849,849,0,0
n_channels,16,n_channels=16,recipe:wu_2014,literature,burst,interval,median_onset_error,10,-0.0163562,-0.018528,-0.014373,0,0,0,1,2000,10,10,844,844,0,0
n_channels,16,n_channels=16,recipe:wu_2017,literature,burst,interval,median_onset_error,10,0.0117571,0.00916774,0.0144137,0,0,0,1,2000,10,10,523,523,0,0
n_channels,16,n_channels=16,recipe:xu_2019,literature,burst,interval,median_onset_error,10,-0.00774106,-0.0101589,-0.00488211,0,0,0,1,2000,10,10,731,731,0,0
n_channels,16,n_channels=16,recipe:yamamoto_2017,literature,network,interval,median_onset_error,10,0.0294767,0.0276603,0.0314484,0,0,0,1,2000,10,10,612,612,0,0
n_channels,16,n_channels=16,recipe:yang_2024,literature,network,interval,median_onset_error,10,-0.0140406,-0.0183971,-0.0119283,-0.000205231,-0.00042603,0,1,2000,10,10,455,454,0,0
shared_noise_fraction,0.2,shared_noise_fraction=0.2,Carey_candidate_detector,default,network,interval,median_onset_error,10,0.00235174,0.00130992,0.0042014,4.13407e-05,-0.000304913,0.000370462,0.687,2000,10,10,891,891,0,0
shared_noise_fraction,0.2,shared_noise_fraction=0.2,Karlsson_ripple_detector,default,ripple,interval,median_onset_error,10,-0.00987703,-0.0120248,-0.00880236,-0.00204078,-0.00391946,-0.000733394,0,2000,10,10,746,739,0,0
shared_noise_fraction,0.2,shared_noise_fraction=0.2,Kay_ripple_detector,default,ripple,interval,median_onset_error,10,-0.000691473,-0.00130878,1.3839e-06,-0.00142009,-0.00181544,-0.000668082,0,2000,10,10,839,844,0,0
shared_noise_fraction,0.2,shared_noise_fraction=0.2,Long_sharp_wave_ripple_detector,default,ripple,interval,median_onset_error,10,0.0121676,0.0107442,0.0140859,-3.22351e-05,-0.000936059,0.000902969,0.978,2000,10,10,610,704,0,0
shared_noise_fraction,0.2,shared_noise_fraction=0.2,Roumis_ripple_detector,default,ripple,interval,median_onset_error,10,-0.00102827,-0.00143389,-0.000145184,-0.00156315,-0.00220625,-0.000555986,0.002,2000,10,10,840,845,0,0
shared_noise_fraction,0.2,shared_noise_fraction=0.2,Shvartsman_ripple_detector,default,ripple,interval,median_onset_error,10,-0.0114328,-0.0134174,-0.00980268,-0.0018075,-0.00343644,-0.000822846,0,2000,10,10,676,677,0,0
shared_noise_fraction,0.2,shared_noise_fraction=0.2,Yu_ripple_detector,default,ripple,interval,median_onset_error,10,0.000413173,-5.89635e-05,0.00114447,-0.00129617,-0.00173711,-0.00070305,0,2000,10,10,838,865,0,0
shared_noise_fraction,0.2,shared_noise_fraction=0.2,Zugaro_ripple_detector,default,ripple,interval,median_onset_error,10,0.0141774,0.0128848,0.0153593,0.000270922,-0.000666711,0.00076746,0.729,2000,10,10,697,689,0,0
shared_noise_fraction,0.2,shared_noise_fraction=0.2,multiunit_HSE_detector,default,burst,interval,median_onset_error,10,-0.0215494,-0.0233774,-0.0202821,0,0,0,1,2000,10,10,911,911,0,0
shared_noise_fraction,0.2,shared_noise_fraction=0.2,recipe:ambrose_2016,literature,ripple,interval,median_onset_error,10,-0.0174032,-0.0195801,-0.0153936,-0.00166021,-0.00286029,-7.58466e-05,0.042,2000,10,10,747,743,0,0
shared_noise_fraction,0.2,shared_noise_fraction=0.2,recipe:bendor_2012,literature,burst,interval,median_onset_error,10,0.011512,0.0104613,0.0123958,0,0,0,1,2000,10,10,655,655,0,0
shared_noise_fraction,0.2,shared_noise_fraction=0.2,recipe:berners_lee_2021,literature,ripple,interval,median_onset_error,10,-0.0170505,-0.0194907,-0.0147445,-0.00149167,-0.00288669,-0.000230024,0.025,2000,10,10,795,806,0,0
shared_noise_fraction,0.2,shared_noise_fraction=0.2,recipe:berners_lee_2022,literature,burst,interval,median_onset_error,10,-0.0130479,-0.0159764,-0.0103579,0,0,0,1,2000,10,10,668,668,0,0
shared_noise_fraction,0.2,shared_noise_fraction=0.2,recipe:bhattarai_2020,literature,network,interval,median_onset_error,10,-0.0823024,-0.0962636,-0.0713135,0.000826395,-0.00293136,0.00749867,0.606,2000,10,10,421,418,0,0
shared_noise_fraction,0.2,shared_noise_fraction=0.2,recipe:bhattarai_2020_ripples,literature,ripple,interval,median_onset_error,10,0.000803371,-0.000256542,0.00181819,-0.000702365,-0.00166091,0.000119443,0.085,2000,10,10,475,474,0,0
shared_noise_fraction,0.2,shared_noise_fraction=0.2,recipe:bush_2022,literature,burst,interval,median_onset_error,10,0.000963743,-0.000634348,0.00233178,0,0,0,1,2000,10,10,617,617,0,0
shared_noise_fraction,0.2,shared_noise_fraction=0.2,recipe:carey_2019,literature,network,interval,median_onset_error,10,0.0126887,0.0114171,0.0134585,-1.78478e-05,-0.000315718,0.000351806,1,2000,10,10,900,900,0,0
shared_noise_fraction,0.2,shared_noise_fraction=0.2,recipe:carr_2012,literature,ripple,interval,median_onset_error,10,-0.00987703,-0.0120248,-0.00880236,-0.00204078,-0.00391946,-0.000733394,0,2000,10,10,746,739,0,0
shared_noise_fraction,0.2,shared_noise_fraction=0.2,recipe:chenani_2019,literature,burst,interval,median_onset_error,10,-0.0188819,-0.021828,-0.0175617,0,0,0,1,2000,10,10,671,671,0,0
shared_noise_fraction,0.2,shared_noise_fraction=0.2,recipe:davidson_2009,literature,burst,interval,median_onset_error,10,-0.0208446,-0.0222665,-0.0193016,0,0,0,1,2000,10,10,784,784,0,0
shared_noise_fraction,0.2,shared_noise_fraction=0.2,recipe:denovellis_2021,literature,ripple,interval,median_onset_error,10,-0.00029234,-0.000742656,0.000209727,-0.00132942,-0.00201046,-0.00066701,0,2000,10,10,841,845,0,0
shared_noise_fraction,0.2,shared_noise_fraction=0.2,recipe:denovellis_2021_mua,literature,burst,interval,median_onset_error,10,-0.0216321,-0.0237751,-0.0199833,0,0,0,1,2000,10,10,910,910,0,0
shared_noise_fraction,0.2,shared_noise_fraction=0.2,recipe:diba_2007,literature,burst,interval,median_onset_error,10,-0.0727517,-0.099299,-0.0577457,0,0,0,1,2000,10,10,251,251,0,0
shared_noise_fraction,0.2,shared_noise_fraction=0.2,recipe:drieu_2018,literature,burst,interval,median_onset_error,10,-0.00404978,-0.00568393,-0.00285607,0,0,0,1,2000,10,10,769,769,0,0
shared_noise_fraction,0.2,shared_noise_fraction=0.2,recipe:farooq_2019_neuron,literature,burst,interval,median_onset_error,10,0.0114778,0.00791052,0.0138605,0,0,0,1,2000,10,10,274,274,0,0
shared_noise_fraction,0.2,shared_noise_fraction=0.2,recipe:farooq_2019_science,literature,burst,interval,median_onset_error,10,0.0114778,0.0079113,0.0138605,0,0,0,1,2000,10,10,272,272,0,0
shared_noise_fraction,0.2,shared_noise_fraction=0.2,recipe:farooq_2019_science_awake,literature,burst,interval,median_onset_error,10,0.0114778,0.0079113,0.0138605,0,0,0,1,2000,10,10,272,272,0,0
shared_noise_fraction,0.2,shared_noise_fraction=0.2,recipe:foster_2006,literature,burst,interval,median_onset_error,10,-0.00603709,-0.0101548,0.00259616,0,0,0,1,2000,10,10,145,145,0,0
shared_noise_fraction,0.2,shared_noise_fraction=0.2,recipe:foster_2006_ripples,literature,ripple,interval,median_onset_error,10,0.0338541,0.0301296,0.0357275,0.000111478,-0.00206488,0.00226349,0.847,2000,10,10,75,76,0,0
shared_noise_fraction,0.2,shared_noise_fraction=0.2,recipe:gillespie_2021,literature,ripple,interval,median_onset_error,10,-0.000691473,-0.00130878,1.3839e-06,-0.00142009,-0.00181544,-0.000668082,0,2000,10,10,839,844,0,0
shared_noise_fraction,0.2,shared_noise_fraction=0.2,recipe:gillespie_2021_mua,literature,burst,interval,median_onset_error,10,-0.0208446,-0.0224039,-0.0192365,0,0,0,1,2000,10,10,804,804,0,0
shared_noise_fraction,0.2,shared_noise_fraction=0.2,recipe:gridchyn_2020,literature,burst,interval,median_onset_error,10,0.0114932,0.00973624,0.0128004,0,0,0,1,2000,10,10,872,872,0,0
shared_noise_fraction,0.2,shared_noise_fraction=0.2,recipe:grosmark_2016,literature,network,interval,median_onset_error,10,-0.0140406,-0.0173297,-0.0118337,-0.000205231,-0.000840462,0.000944045,1,2000,10,10,451,454,0,0
shared_noise_fraction,0.2,shared_noise_fraction=0.2,recipe:gupta_2010,literature,ripple,interval,median_onset_error,10,-0.00206471,-0.00305479,-0.00115691,-0.00271418,-0.00342075,-0.00208245,0,2000,10,10,815,816,0,0
shared_noise_fraction,0.2,shared_noise_fraction=0.2,recipe:harvey_2023_code,literature,ripple,interval,median_onset_error,10,0.0135062,0.0119503,0.0157769,9.81483e-05,-0.000988734,0.0010228,0.845,2000,10,10,503,575,0,0
shared_noise_fraction,0.2,shared_noise_fraction=0.2,recipe:harvey_2023_no_radiatum,literature,ripple,interval,median_onset_error,10,5.73518e-05,-0.0050018,0.00315885,3.6182e-05,-0.00363257,0.0028787,0.989,2000,10,10,613,609,0,0
shared_noise_fraction,0.2,shared_noise_fraction=0.2,recipe:harvey_2023_text,literature,ripple,interval,median_onset_error,10,0.0142961,0.0133375,0.0153419,-7.10613e-05,-0.000633369,0.000532195,0.94,2000,10,10,619,617,0,0
shared_noise_fraction,0.2,shared_noise_fraction=0.2,recipe:huelin_gorriz_2023,literature,network,interval,median_onset_error,10,-0.0143391,-0.0180677,-0.0127015,3.08924e-05,-0.00122777,0.000342074,0.896,2000,10,10,554,557,0,0
shared_noise_fraction,0.2,shared_noise_fraction=0.2,recipe:igata_2021,literature,burst,interval,median_onset_error,10,-0.0208446,-0.0230458,-0.0189872,0,0,0,1,2000,10,10,912,912,0,0
shared_noise_fraction,0.2,shared_noise_fraction=0.2,recipe:igata_2021_ripples,literature,ripple,interval,median_onset_error,10,0.00090081,0.000344011,0.00156176,-0.000275562,-0.000941367,0.000307528,0.252,2000,10,10,901,890,0,0
shared_noise_fraction,0.2,shared_noise_fraction=0.2,recipe:jadhav_2016,literature,ripple,interval,median_onset_error,10,-0.00978238,-0.0116973,-0.00830497,-0.00195291,-0.00361662,-0.00058288,0.001,2000,10,10,605,598,0,0
shared_noise_fraction,0.2,shared_noise_fraction=0.2,recipe:ji_2007,literature,burst,interval,median_onset_error,10,0.0177528,0.0144042,0.0203139,0,0,0,1,2000,10,10,685,685,0,0
shared_noise_fraction,0.2,shared_noise_fraction=0.2,recipe:ji_2007_ripples,literature,ripple,interval,median_onset_error,10,-0.128432,-0.183374,-0.0433866,-0.0750458,-0.160954,0.01,0.519859,1989,4,4,5,5,0,0
shared_noise_fraction,0.2,shared_noise_fraction=0.2,recipe:kaefer_2020,literature,ripple,interval,median_onset_error,10,-0.140613,-0.177766,-0.0793619,0.00610696,-0.0336989,0.0568921,1,2000,7,7,10,11,0,0
shared_noise_fraction,0.2,shared_noise_fraction=0.2,recipe:karlsson_2009,literature,ripple,interval,median_onset_error,10,-0.00987703,-0.0120248,-0.00880236,-0.00204078,-0.00391946,-0.000733394,0,2000,10,10,746,739,0,0
shared_noise_fraction,0.2,shared_noise_fraction=0.2,recipe:krause_2022,literature,network,interval,median_onset_error,10,0.0136571,0.0113859,0.0159259,-0.00077218,-0.00233882,0.000842374,0.354,2000,10,10,683,676,0,0
shared_noise_fraction,0.2,shared_noise_fraction=0.2,recipe:krause_2022_hse,literature,burst,interval,median_onset_error,10,-0.0323931,-0.0346551,-0.0290887,0,0,0,1,2000,10,10,801,801,0,0
shared_noise_fraction,0.2,shared_noise_fraction=0.2,recipe:kudrimoti_1999,literature,ripple,interval,median_onset_error,10,0.030385,0.0276874,0.0331689,-0.00148242,-0.00575578,0.000801038,0.212,2000,9,10,23,25,0,0
shared_noise_fraction,0.2,shared_noise_fraction=0.2,recipe:lee_2002,literature,burst,interval,median_onset_error,10,-0.0383037,-0.0457685,-0.0332465,0,0,0,1,2000,10,10,929,929,0,0
shared_noise_fraction,0.2,shared_noise_fraction=0.2,recipe:lee_2002_ripples,literature,ripple,interval,median_onset_error,10,0.0338541,0.0301296,0.0357275,0.000111478,-0.00206488,0.00226349,0.847,2000,10,10,75,76,0,0
shared_noise_fraction,0.2,shared_noise_fraction=0.2,recipe:liu_2019,literature,burst,interval,median_onset_error,10,-0.147592,-0.157828,-0.132624,0,0,0,1,2000,10,10,825,825,0,0
shared_noise_fraction,0.2,shared_noise_fraction=0.2,recipe:liu_2019_awake,literature,burst,interval,median_onset_error,10,-0.147592,-0.157828,-0.132624,0,0,0,1,2000,10,10,825,825,0,0
shared_noise_fraction,0.2,shared_noise_fraction=0.2,recipe:liu_2023,literature,network,interval,median_onset_error,10,-0.00753809,-0.0105022,-0.00534779,-0.000352309,-0.00177744,0.00101179,0.972,2000,10,10,420,470,0,0
shared_noise_fraction,0.2,shared_noise_fraction=0.2,recipe:maboudi_2018,literature,burst,interval,median_onset_error,10,-0.0325385,-0.0350644,-0.0294038,0,0,0,1,2000,10,10,775,775,0,0
shared_noise_fraction,0.2,shared_noise_fraction=0.2,recipe:maboudi_2018_open_field,literature,burst,interval,median_onset_error,10,-0.00269756,-0.00399852,-8.80208e-05,0,0,0,1,2000,10,10,721,721,0,0
shared_noise_fraction,0.2,shared_noise_fraction=0.2,recipe:mallory_2025,literature,burst,interval,median_onset_error,10,-0.0155739,-0.0176664,-0.0144297,0,0,0,1,2000,10,10,743,743,0,0
shared_noise_fraction,0.2,shared_noise_fraction=0.2,recipe:mallory_2025_ripples,literature,ripple,interval,median_onset_error,10,-0.017402,-0.0205231,-0.0148268,-0.00036247,-0.0022714,0.000722146,0.364,2000,10,10,698,704,0,0
shared_noise_fraction,0.2,shared_noise_fraction=0.2,recipe:michon_2019,literature,network,interval,median_onset_error,10,-0.00165431,-0.00334827,0.000266837,0,-0.000604971,0.000704272,1,2000,10,10,293,273,0,0
shared_noise_fraction,0.2,shared_noise_fraction=0.2,recipe:michon_2021,literature,network,interval,median_onset_error,10,-0.00165431,-0.00334827,0.000266837,0,-0.000604971,0.000704272,1,2000,10,10,293,273,0,0
shared_noise_fraction,0.2,shared_noise_fraction=0.2,recipe:mou_2022,literature,burst,interval,median_onset_error,10,-0.0462975,-0.0555394,-0.0401892,0,0,0,1,2000,10,10,838,838,0,0
shared_noise_fraction,0.2,shared_noise_fraction=0.2,recipe:muessig_2019,literature,network,interval,median_onset_error,10,0.0262498,0.0215342,0.0312876,0,-0.00149511,0.00184498,1,2000,10,10,116,116,0,0
shared_noise_fraction,0.2,shared_noise_fraction=0.2,recipe:muessig_2019_ripples,literature,ripple,interval,median_onset_error,10,-0.00857925,-0.0108204,-0.00468687,-7.37978e-05,-0.00204967,0.000964324,0.591,2000,10,10,902,893,0,0
shared_noise_fraction,0.2,shared_noise_fraction=0.2,recipe:nadasdy_1999,literature,ripple,interval,median_onset_error,10,0.00255291,0.00208161,0.00302844,-0.00234657,-0.00275419,-0.00194898,0,2000,10,10,532,471,0,0
shared_noise_fraction,0.2,shared_noise_fraction=0.2,recipe:olafsdottir_2015,literature,burst,interval,median_onset_error,10,0.00534263,0.00360919,0.00774539,0,0,0,1,2000,10,10,662,662,0,0
shared_noise_fraction,0.2,shared_noise_fraction=0.2,recipe:olafsdottir_2015.bayesian_candidates,literature,burst,interval,median_onset_error,10,0.004886,0.00284124,0.00630589,0,0,0,1,2000,10,10,599,599,0,0
shared_noise_fraction,0.2,shared_noise_fraction=0.2,recipe:olafsdottir_2016,literature,burst,interval,median_onset_error,10,0.011116,0.00799637,0.0127389,0,0,0,1,2000,10,10,558,558,0,0
shared_noise_fraction,0.2,shared_noise_fraction=0.2,recipe:olafsdottir_2017,literature,burst,interval,median_onset_error,10,0.0122048,0.0108757,0.0136994,0,0,0,1,2000,10,10,744,744,0,0
shared_noise_fraction,0.2,shared_noise_fraction=0.2,recipe:olafsdottir_2017.trajectory,literature,burst,interval,median_onset_error,10,0.011116,0.00799637,0.0127389,0,0,0,1,2000,10,10,558,558,0,0
shared_noise_fraction,0.2,shared_noise_fraction=0.2,recipe:pfeiffer_2013,literature,burst,interval,median_onset_error,10,-0.00269756,-0.00399852,-8.80208e-05,0,0,0,1,2000,10,10,721,721,0,0
shared_noise_fraction,0.2,shared_noise_fraction=0.2,recipe:pfeiffer_2013_ripples,literature,ripple,interval,median_onset_error,10,-0.0174032,-0.0195801,-0.0153936,-0.00166021,-0.00286029,-7.58466e-05,0.042,2000,10,10,747,743,0,0
shared_noise_fraction,0.2,shared_noise_fraction=0.2,recipe:pfeiffer_2015,literature,ripple,interval,median_onset_error,10,-0.0174032,-0.0195801,-0.0153936,-0.00166021,-0.00286029,-7.58466e-05,0.042,2000,10,10,747,743,0,0
shared_noise_fraction,0.2,shared_noise_fraction=0.2,recipe:shin_2019,literature,ripple,interval,median_onset_error,10,-0.00987703,-0.0120248,-0.00880236,-0.00204078,-0.00391946,-0.000733394,0,2000,10,10,746,739,0,0
shared_noise_fraction,0.2,shared_noise_fraction=0.2,recipe:silva_2015,literature,burst,interval,median_onset_error,10,-0.0122142,-0.0153682,-0.0101496,0,0,0,1,2000,10,10,606,606,0,0
shared_noise_fraction,0.2,shared_noise_fraction=0.2,recipe:stella_2019,literature,ripple,interval,median_onset_error,10,0.00975495,0.00867031,0.0108099,-0.00108001,-0.00166747,-0.000742752,0,2000,10,10,692,680,0,0
shared_noise_fraction,0.2,shared_noise_fraction=0.2,recipe:tang_2017,literature,ripple,interval,median_onset_error,10,-0.00987703,-0.0120248,-0.00880236,-0.00204078,-0.00391946,-0.000733394,0,2000,10,10,746,739,0,0
shared_noise_fraction,0.2,shared_noise_fraction=0.2,recipe:tirole_2022,literature,network,interval,median_onset_error,10,-0.0143391,-0.0180677,-0.0127015,3.08924e-05,-0.00122777,0.000342074,0.896,2000,10,10,554,557,0,0
shared_noise_fraction,0.2,shared_noise_fraction=0.2,recipe:widloski_2025,literature,ripple,interval,median_onset_error,10,-0.175863,-0.182797,-0.163762,-0.00763652,-0.0149359,0.00462439,0.227,2000,10,10,537,518,0,0
shared_noise_fraction,0.2,shared_noise_fraction=0.2,recipe:widloski_2025_bursts,literature,burst,interval,median_onset_error,10,-0.168573,-0.174543,-0.15673,0,0,0,1,2000,10,10,518,518,0,0
shared_noise_fraction,0.2,shared_noise_fraction=0.2,recipe:wikenheiser_2013,literature,ripple,interval,median_onset_error,10,-0.0749567,-0.10134,-0.0706083,0.0714372,0.0592242,0.0862695,0,2000,10,10,856,849,0,0
shared_noise_fraction,0.2,shared_noise_fraction=0.2,recipe:wu_2014,literature,burst,interval,median_onset_error,10,-0.0163562,-0.018528,-0.014373,0,0,0,1,2000,10,10,844,844,0,0
shared_noise_fraction,0.2,shared_noise_fraction=0.2,recipe:wu_2017,literature,burst,interval,median_onset_error,10,0.0117571,0.00916774,0.0144137,0,0,0,1,2000,10,10,523,523,0,0
shared_noise_fraction,0.2,shared_noise_fraction=0.2,recipe:xu_2019,literature,burst,interval,median_onset_error,10,-0.00774106,-0.0101589,-0.00488211,0,0,0,1,2000,10,10,731,731,0,0
shared_noise_fraction,0.2,shared_noise_fraction=0.2,recipe:yamamoto_2017,literature,network,interval,median_onset_error,10,0.0294767,0.0278824,0.0312491,0,-0.000734082,0.000807838,0.993,2000,10,10,606,612,0,0
shared_noise_fraction,0.2,shared_noise_fraction=0.2,recipe:yang_2024,literature,network,interval,median_onset_error,10,-0.0140406,-0.0173297,-0.0118337,-0.000205231,-0.000840462,0.000944045,1,2000,10,10,451,454,0,0
shared_noise_fraction,reference,reference,Carey_candidate_detector,default,network,interval,median_onset_error,10,0.0023104,0.00123107,0.00399637,0,0,0,1,2000,10,10,891,891,0,0
shared_noise_fraction,reference,reference,Karlsson_ripple_detector,default,ripple,interval,median_onset_error,10,-0.00783625,-0.0099954,-0.00540774,0,0,0,1,2000,10,10,739,739,0,0
shared_noise_fraction,reference,reference,Kay_ripple_detector,default,ripple,interval,median_onset_error,10,0.000728616,-0.000438561,0.00163915,0,0,0,1,2000,10,10,844,844,0,0
shared_noise_fraction,reference,reference,Long_sharp_wave_ripple_detector,default,ripple,interval,median_onset_error,10,0.0121998,0.010706,0.0136956,0,0,0,1,2000,10,10,704,704,0,0
shared_noise_fraction,reference,reference,Roumis_ripple_detector,default,ripple,interval,median_onset_error,10,0.000534876,-0.000645838,0.00161769,0,0,0,1,2000,10,10,845,845,0,0
shared_noise_fraction,reference,reference,Shvartsman_ripple_detector,default,ripple,interval,median_onset_error,10,-0.00962531,-0.0115123,-0.00686953,0,0,0,1,2000,10,10,677,677,0,0
shared_noise_fraction,reference,reference,Yu_ripple_detector,default,ripple,interval,median_onset_error,10,0.00170934,0.000880944,0.00241474,0,0,0,1,2000,10,10,865,865,0,0
shared_noise_fraction,reference,reference,Zugaro_ripple_detector,default,ripple,interval,median_onset_error,10,0.0139065,0.0128742,0.0155587,0,0,0,1,2000,10,10,689,689,0,0
shared_noise_fraction,reference,reference,multiunit_HSE_detector,default,burst,interval,median_onset_error,10,-0.0215494,-0.0233774,-0.0202821,0,0,0,1,2000,10,10,911,911,0,0
shared_noise_fraction,reference,reference,recipe:ambrose_2016,literature,ripple,interval,median_onset_error,10,-0.015743,-0.0177555,-0.0142967,0,0,0,1,2000,10,10,743,743,0,0
shared_noise_fraction,reference,reference,recipe:bendor_2012,literature,burst,interval,median_onset_error,10,0.011512,0.0104613,0.0123958,0,0,0,1,2000,10,10,655,655,0,0
shared_noise_fraction,reference,reference,recipe:berners_lee_2021,literature,ripple,interval,median_onset_error,10,-0.0155589,-0.0173479,-0.0133744,0,0,0,1,2000,10,10,806,806,0,0
shared_noise_fraction,reference,reference,recipe:berners_lee_2022,literature,burst,interval,median_onset_error,10,-0.0130479,-0.0159764,-0.0103579,0,0,0,1,2000,10,10,668,668,0,0
shared_noise_fraction,reference,reference,recipe:bhattarai_2020,literature,network,interval,median_onset_error,10,-0.0831288,-0.0969635,-0.0720238,0,0,0,1,2000,10,10,418,418,0,0
shared_noise_fraction,reference,reference,recipe:bhattarai_2020_ripples,literature,ripple,interval,median_onset_error,10,0.00150574,0.00025049,0.00309676,0,0,0,1,2000,10,10,474,474,0,0
shared_noise_fraction,reference,reference,recipe:bush_2022,literature,burst,interval,median_onset_error,10,0.000963743,-0.000634348,0.00233178,0,0,0,1,2000,10,10,617,617,0,0
shared_noise_fraction,reference,reference,recipe:carey_2019,literature,network,interval,median_onset_error,10,0.0127066,0.0112533,0.0135894,0,0,0,1,2000,10,10,900,900,0,0
shared_noise_fraction,reference,reference,recipe:carr_2012,literature,ripple,interval,median_onset_error,10,-0.00783625,-0.0099954,-0.00540774,0,0,0,1,2000,10,10,739,739,0,0
shared_noise_fraction,reference,reference,recipe:chenani_2019,literature,burst,interval,median_onset_error,10,-0.0188819,-0.021828,-0.0175617,0,0,0,1,2000,10,10,671,671,0,0
shared_noise_fraction,reference,reference,recipe:davidson_2009,literature,burst,interval,median_onset_error,10,-0.0208446,-0.0222665,-0.0193016,0,0,0,1,2000,10,10,784,784,0,0
shared_noise_fraction,reference,reference,recipe:denovellis_2021,literature,ripple,interval,median_onset_error,10,0.00103708,7.44804e-05,0.00199106,0,0,0,1,2000,10,10,845,845,0,0
shared_noise_fraction,reference,reference,recipe:denovellis_2021_mua,literature,burst,interval,median_onset_error,10,-0.0216321,-0.0237751,-0.0199833,0,0,0,1,2000,10,10,910,910,0,0
shared_noise_fraction,reference,reference,recipe:diba_2007,literature,burst,interval,median_onset_error,10,-0.0727517,-0.099299,-0.0577457,0,0,0,1,2000,10,10,251,251,0,0
shared_noise_fraction,reference,reference,recipe:drieu_2018,literature,burst,interval,median_onset_error,10,-0.00404978,-0.00568393,-0.00285607,0,0,0,1,2000,10,10,769,769,0,0
shared_noise_fraction,reference,reference,recipe:farooq_2019_neuron,literature,burst,interval,median_onset_error,10,0.0114778,0.00791052,0.0138605,0,0,0,1,2000,10,10,274,274,0,0
shared_noise_fraction,reference,reference,recipe:farooq_2019_science,literature,burst,interval,median_onset_error,10,0.0114778,0.0079113,0.0138605,0,0,0,1,2000,10,10,272,272,0,0
shared_noise_fraction,reference,reference,recipe:farooq_2019_science_awake,literature,burst,interval,median_onset_error,10,0.0114778,0.0079113,0.0138605,0,0,0,1,2000,10,10,272,272,0,0
shared_noise_fraction,reference,reference,recipe:foster_2006,literature,burst,interval,median_onset_error,10,-0.00603709,-0.0101548,0.00259616,0,0,0,1,2000,10,10,145,145,0,0
shared_noise_fraction,reference,reference,recipe:foster_2006_ripples,literature,ripple,interval,median_onset_error,10,0.0337426,0.0309958,0.0347633,0,0,0,1,2000,10,10,76,76,0,0
shared_noise_fraction,reference,reference,recipe:gillespie_2021,literature,ripple,interval,median_onset_error,10,0.000728616,-0.000438561,0.00163915,0,0,0,1,2000,10,10,844,844,0,0
shared_noise_fraction,reference,reference,recipe:gillespie_2021_mua,literature,burst,interval,median_onset_error,10,-0.0208446,-0.0224039,-0.0192365,0,0,0,1,2000,10,10,804,804,0,0
shared_noise_fraction,reference,reference,recipe:gridchyn_2020,literature,burst,interval,median_onset_error,10,0.0114932,0.00973624,0.0128004,0,0,0,1,2000,10,10,872,872,0,0
shared_noise_fraction,reference,reference,recipe:grosmark_2016,literature,network,interval,median_onset_error,10,-0.0138354,-0.0183971,-0.0119283,0,0,0,1,2000,10,10,454,454,0,0
shared_noise_fraction,reference,reference,recipe:gupta_2010,literature,ripple,interval,median_onset_error,10,0.000649468,-0.000516766,0.00149165,0,0,0,1,2000,10,10,816,816,0,0
shared_noise_fraction,reference,reference,recipe:harvey_2023_code,literature,ripple,interval,median_onset_error,10,0.0134081,0.0119995,0.0157787,0,0,0,1,2000,10,10,575,575,0,0
shared_noise_fraction,reference,reference,recipe:harvey_2023_no_radiatum,literature,ripple,interval,median_onset_error,10,2.11699e-05,-0.00315594,0.00152412,0,0,0,1,2000,10,10,609,609,0,0
shared_noise_fraction,reference,reference,recipe:harvey_2023_text,literature,ripple,interval,median_onset_error,10,0.0143671,0.0133529,0.0152102,0,0,0,1,2000,10,10,617,617,0,0
shared_noise_fraction,reference,reference,recipe:huelin_gorriz_2023,literature,network,interval,median_onset_error,10,-0.01437,-0.0172593,-0.0127015,0,0,0,1,2000,10,10,557,557,0,0
shared_noise_fraction,reference,reference,recipe:igata_2021,literature,burst,interval,median_onset_error,10,-0.0208446,-0.0230458,-0.0189872,0,0,0,1,2000,10,10,912,912,0,0
shared_noise_fraction,reference,reference,recipe:igata_2021_ripples,literature,ripple,interval,median_onset_error,10,0.00117637,0.000836552,0.00170338,0,0,0,1,2000,10,10,890,890,0,0
shared_noise_fraction,reference,reference,recipe:jadhav_2016,literature,ripple,interval,median_onset_error,10,-0.00782947,-0.0101123,-0.00525858,0,0,0,1,2000,10,10,598,598,0,0
shared_noise_fraction,reference,reference,recipe:ji_2007,literature,burst,interval,median_onset_error,10,0.0177528,0.0144042,0.0203139,0,0,0,1,2000,10,10,685,685,0,0
shared_noise_fraction,reference,reference,recipe:ji_2007_ripples,literature,ripple,interval,median_onset_error,10,-0.0533866,-0.183374,0.00947258,0,0,0,1,1989,4,4,5,5,0,0
shared_noise_fraction,reference,reference,recipe:kaefer_2020,literature,ripple,interval,median_onset_error,10,-0.14672,-0.177766,-0.0950664,0,0,0,1,2000,7,7,11,11,0,0
shared_noise_fraction,reference,reference,recipe:karlsson_2009,literature,ripple,interval,median_onset_error,10,-0.00783625,-0.0099954,-0.00540774,0,0,0,1,2000,10,10,739,739,0,0
shared_noise_fraction,reference,reference,recipe:krause_2022,literature,network,interval,median_onset_error,10,0.0144293,0.0122692,0.0163226,0,0,0,1,2000,10,10,676,676,0,0
shared_noise_fraction,reference,reference,recipe:krause_2022_hse,literature,burst,interval,median_onset_error,10,-0.0323931,-0.0346551,-0.0290887,0,0,0,1,2000,10,10,801,801,0,0
shared_noise_fraction,reference,reference,recipe:kudrimoti_1999,literature,ripple,interval,median_onset_error,10,0.0318674,0.029584,0.0353648,0,0,0,1,2000,10,10,25,25,0,0
shared_noise_fraction,reference,reference,recipe:lee_2002,literature,burst,interval,median_onset_error,10,-0.0383037,-0.0457685,-0.0332465,0,0,0,1,2000,10,10,929,929,0,0
shared_noise_fraction,reference,reference,recipe:lee_2002_ripples,literature,ripple,interval,median_onset_error,10,0.0337426,0.0309958,0.0347633,0,0,0,1,2000,10,10,76,76,0,0
shared_noise_fraction,reference,reference,recipe:liu_2019,literature,burst,interval,median_onset_error,10,-0.147592,-0.157828,-0.132624,0,0,0,1,2000,10,10,825,825,0,0
shared_noise_fraction,reference,reference,recipe:liu_2019_awake,literature,burst,interval,median_onset_error,10,-0.147592,-0.157828,-0.132624,0,0,0,1,2000,10,10,825,825,0,0
shared_noise_fraction,reference,reference,recipe:liu_2023,literature,network,interval,median_onset_error,10,-0.00718578,-0.010088,-0.00536157,0,0,0,1,2000,10,10,470,470,0,0
shared_noise_fraction,reference,reference,recipe:maboudi_2018,literature,burst,interval,median_onset_error,10,-0.0325385,-0.0350644,-0.0294038,0,0,0,1,2000,10,10,775,775,0,0
shared_noise_fraction,reference,reference,recipe:maboudi_2018_open_field,literature,burst,interval,median_onset_error,10,-0.00269756,-0.00399852,-8.80208e-05,0,0,0,1,2000,10,10,721,721,0,0
shared_noise_fraction,reference,reference,recipe:mallory_2025,literature,burst,interval,median_onset_error,10,-0.0155739,-0.0176664,-0.0144297,0,0,0,1,2000,10,10,743,743,0,0
shared_noise_fraction,reference,reference,recipe:mallory_2025_ripples,literature,ripple,interval,median_onset_error,10,-0.0170396,-0.0193004,-0.0142674,0,0,0,1,2000,10,10,704,704,0,0
shared_noise_fraction,reference,reference,recipe:michon_2019,literature,network,interval,median_onset_error,10,-0.00165431,-0.00362832,0.000536935,0,0,0,1,2000,10,10,273,273,0,0
shared_noise_fraction,reference,reference,recipe:michon_2021,literature,network,interval,median_onset_error,10,-0.00165431,-0.00362832,0.000536935,0,0,0,1,2000,10,10,273,273,0,0
shared_noise_fraction,reference,reference,recipe:mou_2022,literature,burst,interval,median_onset_error,10,-0.0462975,-0.0555394,-0.0401892,0,0,0,1,2000,10,10,838,838,0,0
shared_noise_fraction,reference,reference,recipe:muessig_2019,literature,network,interval,median_onset_error,10,0.0262498,0.0215342,0.0309892,0,0,0,1,2000,10,10,116,116,0,0
shared_noise_fraction,reference,reference,recipe:muessig_2019_ripples,literature,ripple,interval,median_onset_error,10,-0.00850545,-0.0108126,-0.00392214,0,0,0,1,2000,10,10,893,893,0,0
shared_noise_fraction,reference,reference,recipe:nadasdy_1999,literature,ripple,interval,median_onset_error,10,0.00489948,0.00428016,0.00549517,0,0,0,1,2000,10,10,471,471,0,0
shared_noise_fraction,reference,reference,recipe:olafsdottir_2015,literature,burst,interval,median_onset_error,10,0.00534263,0.00360919,0.00774539,0,0,0,1,2000,10,10,662,662,0,0
shared_noise_fraction,reference,reference,recipe:olafsdottir_2015.bayesian_candidates,literature,burst,interval,median_onset_error,10,0.004886,0.00284124,0.00630589,0,0,0,1,2000,10,10,599,599,0,0
shared_noise_fraction,reference,reference,recipe:olafsdottir_2016,literature,burst,interval,median_onset_error,10,0.011116,0.00799637,0.0127389,0,0,0,1,2000,10,10,558,558,0,0
shared_noise_fraction,reference,reference,recipe:olafsdottir_2017,literature,burst,interval,median_onset_error,10,0.0122048,0.0108757,0.0136994,0,0,0,1,2000,10,10,744,744,0,0
shared_noise_fraction,reference,reference,recipe:olafsdottir_2017.trajectory,literature,burst,interval,median_onset_error,10,0.011116,0.00799637,0.0127389,0,0,0,1,2000,10,10,558,558,0,0
shared_noise_fraction,reference,reference,recipe:pfeiffer_2013,literature,burst,interval,median_onset_error,10,-0.00269756,-0.00399852,-8.80208e-05,0,0,0,1,2000,10,10,721,721,0,0
shared_noise_fraction,reference,reference,recipe:pfeiffer_2013_ripples,literature,ripple,interval,median_onset_error,10,-0.015743,-0.0177555,-0.0142967,0,0,0,1,2000,10,10,743,743,0,0
shared_noise_fraction,reference,reference,recipe:pfeiffer_2015,literature,ripple,interval,median_onset_error,10,-0.015743,-0.0177555,-0.0142967,0,0,0,1,2000,10,10,743,743,0,0
shared_noise_fraction,reference,reference,recipe:shin_2019,literature,ripple,interval,median_onset_error,10,-0.00783625,-0.0099954,-0.00540774,0,0,0,1,2000,10,10,739,739,0,0
shared_noise_fraction,reference,reference,recipe:silva_2015,literature,burst,interval,median_onset_error,10,-0.0122142,-0.0153682,-0.0101496,0,0,0,1,2000,10,10,606,606,0,0
shared_noise_fraction,reference,reference,recipe:stella_2019,literature,ripple,interval,median_onset_error,10,0.010835,0.0100663,0.0120394,0,0,0,1,2000,10,10,680,680,0,0
shared_noise_fraction,reference,reference,recipe:tang_2017,literature,ripple,interval,median_onset_error,10,-0.00783625,-0.0099954,-0.00540774,0,0,0,1,2000,10,10,739,739,0,0
shared_noise_fraction,reference,reference,recipe:tirole_2022,literature,network,interval,median_onset_error,10,-0.01437,-0.0172593,-0.0127015,0,0,0,1,2000,10,10,557,557,0,0
shared_noise_fraction,reference,reference,recipe:widloski_2025,literature,ripple,interval,median_onset_error,10,-0.168227,-0.180008,-0.160493,0,0,0,1,2000,10,10,518,518,0,0
shared_noise_fraction,reference,reference,recipe:widloski_2025_bursts,literature,burst,interval,median_onset_error,10,-0.168573,-0.174543,-0.15673,0,0,0,1,2000,10,10,518,518,0,0
shared_noise_fraction,reference,reference,recipe:wikenheiser_2013,literature,ripple,interval,median_onset_error,10,-0.146394,-0.172799,-0.130138,0,0,0,1,2000,10,10,849,849,0,0
shared_noise_fraction,reference,reference,recipe:wu_2014,literature,burst,interval,median_onset_error,10,-0.0163562,-0.018528,-0.014373,0,0,0,1,2000,10,10,844,844,0,0
shared_noise_fraction,reference,reference,recipe:wu_2017,literature,burst,interval,median_onset_error,10,0.0117571,0.00916774,0.0144137,0,0,0,1,2000,10,10,523,523,0,0
shared_noise_fraction,reference,reference,recipe:xu_2019,literature,burst,interval,median_onset_error,10,-0.00774106,-0.0101589,-0.00488211,0,0,0,1,2000,10,10,731,731,0,0
shared_noise_fraction,reference,reference,recipe:yamamoto_2017,literature,network,interval,median_onset_error,10,0.0294767,0.0276603,0.0314484,0,0,0,1,2000,10,10,612,612,0,0
shared_noise_fraction,reference,reference,recipe:yang_2024,literature,network,interval,median_onset_error,10,-0.0138354,-0.0183971,-0.0119283,0,0,0,1,2000,10,10,454,454,0,0
shared_noise_fraction,0.8,shared_noise_fraction=0.8,Carey_candidate_detector,default,network,interval,median_onset_error,10,0.00248041,0.00122029,0.00384514,0.00017001,-0.000381974,0.000399253,0.84,2000,10,10,894,891,0,0
shared_noise_fraction,0.8,shared_noise_fraction=0.8,Karlsson_ripple_detector,default,ripple,interval,median_onset_error,10,-0.0044675,-0.00562737,-0.00242095,0.00336875,0.00186278,0.00532499,0,2000,10,10,713,739,0,0
shared_noise_fraction,0.8,shared_noise_fraction=0.8,Kay_ripple_detector,default,ripple,interval,median_onset_error,10,0.00190938,0.000660332,0.00284244,0.00118077,0.000661504,0.00162511,0,2000,10,10,827,844,0,0
shared_noise_fraction,0.8,shared_noise_fraction=0.8,Long_sharp_wave_ripple_detector,default,ripple,interval,median_onset_error,10,0.0117745,0.00986264,0.0130895,-0.000425263,-0.00103514,-0.000124323,0.014,2000,10,10,783,704,0,0
shared_noise_fraction,0.8,shared_noise_fraction=0.8,Roumis_ripple_detector,default,ripple,interval,median_onset_error,10,0.00178018,0.000385529,0.00295929,0.0012453,0.000487373,0.00180122,0.002,2000,10,10,827,845,0,0
shared_noise_fraction,0.8,shared_noise_fraction=0.8,Shvartsman_ripple_detector,default,ripple,interval,median_onset_error,10,-0.00479704,-0.00641894,-0.00324625,0.00482827,0.00290168,0.00617836,0,2000,10,10,678,677,0,0
shared_noise_fraction,0.8,shared_noise_fraction=0.8,Yu_ripple_detector,default,ripple,interval,median_onset_error,10,0.00291322,0.00164435,0.00413433,0.00120388,0.000622102,0.00196677,0,2000,10,10,882,865,0,0
shared_noise_fraction,0.8,shared_noise_fraction=0.8,Zugaro_ripple_detector,default,ripple,interval,median_onset_error,10,0.0145358,0.0130129,0.0159701,0.000629369,-0.000241162,0.00112436,0.25,2000,10,10,680,689,0,0
shared_noise_fraction,0.8,shared_noise_fraction=0.8,multiunit_HSE_detector,default,burst,interval,median_onset_error,10,-0.0215494,-0.0233774,-0.0202821,0,0,0,1,2000,10,10,911,911,0,0
shared_noise_fraction,0.8,shared_noise_fraction=0.8,recipe:ambrose_2016,literature,ripple,interval,median_onset_error,10,-0.0151333,-0.0173331,-0.0132087,0.000609669,-0.000920822,0.00197741,0.393,2000,10,10,730,743,0,0
shared_noise_fraction,0.8,shared_noise_fraction=0.8,recipe:bendor_2012,literature,burst,interval,median_onset_error,10,0.011512,0.0104613,0.0123958,0,0,0,1,2000,10,10,655,655,0,0
shared_noise_fraction,0.8,shared_noise_fraction=0.8,recipe:berners_lee_2021,literature,ripple,interval,median_onset_error,10,-0.014337,-0.0168069,-0.0121745,0.00122186,-0.00026283,0.00259782,0.105,2000,10,10,810,806,0,0
shared_noise_fraction,0.8,shared_noise_fraction=0.8,recipe:berners_lee_2022,literature,burst,interval,median_onset_error,10,-0.0130479,-0.0159764,-0.0103579,0,0,0,1,2000,10,10,668,668,0,0
shared_noise_fraction,0.8,shared_noise_fraction=0.8,recipe:bhattarai_2020,literature,network,interval,median_onset_error,10,-0.0778837,-0.0935841,-0.0712355,0.00524515,0.0001522,0.00945202,0.03,2000,10,10,406,418,0,0
shared_noise_fraction,0.8,shared_noise_fraction=0.8,recipe:bhattarai_2020_ripples,literature,ripple,interval,median_onset_error,10,0.00186702,0.000205691,0.00291729,0.000361284,-0.000643157,0.00105484,0.694,2000,10,10,463,474,0,0
shared_noise_fraction,0.8,shared_noise_fraction=0.8,recipe:bush_2022,literature,burst,interval,median_onset_error,10,0.000963743,-0.000634348,0.00233178,0,0,0,1,2000,10,10,617,617,0,0
shared_noise_fraction,0.8,shared_noise_fraction=0.8,recipe:carey_2019,literature,network,interval,median_onset_error,10,0.0125233,0.0111597,0.0135894,-0.000183281,-0.000455603,0.000284183,0.558,2000,10,10,900,900,0,0
shared_noise_fraction,0.8,shared_noise_fraction=0.8,recipe:carr_2012,literature,ripple,interval,median_onset_error,10,-0.0044675,-0.00562737,-0.00242095,0.00336875,0.00186278,0.00532499,0,2000,10,10,713,739,0,0
shared_noise_fraction,0.8,shared_noise_fraction=0.8,recipe:chenani_2019,literature,burst,interval,median_onset_error,10,-0.0188819,-0.021828,-0.0175617,0,0,0,1,2000,10,10,671,671,0,0
shared_noise_fraction,0.8,shared_noise_fraction=0.8,recipe:davidson_2009,literature,burst,interval,median_onset_error,10,-0.0208446,-0.0222665,-0.0193016,0,0,0,1,2000,10,10,784,784,0,0
shared_noise_fraction,0.8,shared_noise_fraction=0.8,recipe:denovellis_2021,literature,ripple,interval,median_onset_error,10,0.0021376,0.000604703,0.00322274,0.00110052,0.000378481,0.00153978,0.001,2000,10,10,822,845,0,0
shared_noise_fraction,0.8,shared_noise_fraction=0.8,recipe:denovellis_2021_mua,literature,burst,interval,median_onset_error,10,-0.0216321,-0.0237751,-0.0199833,0,0,0,1,2000,10,10,910,910,0,0
shared_noise_fraction,0.8,shared_noise_fraction=0.8,recipe:diba_2007,literature,burst,interval,median_onset_error,10,-0.0727517,-0.099299,-0.0577457,0,0,0,1,2000,10,10,251,251,0,0
shared_noise_fraction,0.8,shared_noise_fraction=0.8,recipe:drieu_2018,literature,burst,interval,median_onset_error,10,-0.00404978,-0.00568393,-0.00285607,0,0,0,1,2000,10,10,769,769,0,0
shared_noise_fraction,0.8,shared_noise_fraction=0.8,recipe:farooq_2019_neuron,literature,burst,interval,median_onset_error,10,0.0114778,0.00791052,0.0138605,0,0,0,1,2000,10,10,274,274,0,0
shared_noise_fraction,0.8,shared_noise_fraction=0.8,recipe:farooq_2019_science,literature,burst,interval,median_onset_error,10,0.0114778,0.0079113,0.0138605,0,0,0,1,2000,10,10,272,272,0,0
shared_noise_fraction,0.8,shared_noise_fraction=0.8,recipe:farooq_2019_science_awake,literature,burst,interval,median_onset_error,10,0.0114778,0.0079113,0.0138605,0,0,0,1,2000,10,10,272,272,0,0
shared_noise_fraction,0.8,shared_noise_fraction=0.8,recipe:foster_2006,literature,burst,interval,median_onset_error,10,-0.00603709,-0.0101548,0.00259616,0,0,0,1,2000,10,10,145,145,0,0
shared_noise_fraction,0.8,shared_noise_fraction=0.8,recipe:foster_2006_ripples,literature,ripple,interval,median_onset_error,10,0.0342887,0.0319119,0.0357275,0.000546068,-0.00154589,0.00364374,0.77,2000,10,10,79,76,0,0
shared_noise_fraction,0.8,shared_noise_fraction=0.8,recipe:gillespie_2021,literature,ripple,interval,median_onset_error,10,0.00190938,0.000660332,0.00284244,0.00118077,0.000661504,0.00162511,0,2000,10,10,827,844,0,0
shared_noise_fraction,0.8,shared_noise_fraction=0.8,recipe:gillespie_2021_mua,literature,burst,interval,median_onset_error,10,-0.0208446,-0.0224039,-0.0192365,0,0,0,1,2000,10,10,804,804,0,0
shared_noise_fraction,0.8,shared_noise_fraction=0.8,recipe:gridchyn_2020,literature,burst,interval,median_onset_error,10,0.0114932,0.00973624,0.0128004,0,0,0,1,2000,10,10,872,872,0,0
shared_noise_fraction,0.8,shared_noise_fraction=0.8,recipe:grosmark_2016,literature,network,interval,median_onset_error,10,-0.0140406,-0.0170756,-0.0125348,-0.000205231,-0.000890645,0.000989261,1,2000,10,10,455,454,0,0
shared_noise_fraction,0.8,shared_noise_fraction=0.8,recipe:gupta_2010,literature,ripple,interval,median_onset_error,10,0.00141511,0.000222721,0.00228704,0.000765645,-0.000192019,0.00146748,0.124,2000,10,10,768,816,0,0
shared_noise_fraction,0.8,shared_noise_fraction=0.8,recipe:harvey_2023_code,literature,ripple,interval,median_onset_error,10,0.0128291,0.0114707,0.0143959,-0.000578969,-0.00164792,-4.52474e-06,0.049,2000,10,10,638,575,0,0
shared_noise_fraction,0.8,shared_noise_fraction=0.8,recipe:harvey_2023_no_radiatum,literature,ripple,interval,median_onset_error,10,0.00227632,0.000148895,0.00350323,0.00225515,0.000577373,0.00543856,0.01,2000,10,10,632,609,0,0
shared_noise_fraction,0.8,shared_noise_fraction=0.8,recipe:harvey_2023_text,literature,ripple,interval,median_onset_error,10,0.014207,0.0132683,0.0151917,-0.000160128,-0.000519037,0.000269655,0.41,2000,10,10,605,617,0,0
shared_noise_fraction,0.8,shared_noise_fraction=0.8,recipe:huelin_gorriz_2023,literature,network,interval,median_onset_error,10,-0.01437,-0.0173396,-0.0127389,0,-0.00111775,0.000777852,1,2000,10,10,549,557,0,0
shared_noise_fraction,0.8,shared_noise_fraction=0.8,recipe:igata_2021,literature,burst,interval,median_onset_error,10,-0.0208446,-0.0230458,-0.0189872,0,0,0,1,2000,10,10,912,912,0,0
shared_noise_fraction,0.8,shared_noise_fraction=0.8,recipe:igata_2021_ripples,literature,ripple,interval,median_onset_error,10,0.00126406,0.000644258,0.00200415,8.76877e-05,-0.00036616,0.000537575,0.84,2000,10,10,846,890,0,0
shared_noise_fraction,0.8,shared_noise_fraction=0.8,recipe:jadhav_2016,literature,ripple,interval,median_onset_error,10,-0.00462482,-0.0068133,-0.0023841,0.00320464,0.00171894,0.00458308,0,2000,10,10,575,598,0,0
shared_noise_fraction,0.8,shared_noise_fraction=0.8,recipe:ji_2007,literature,burst,interval,median_onset_error,10,0.0177528,0.0144042,0.0203139,0,0,0,1,2000,10,10,685,685,0,0
shared_noise_fraction,0.8,shared_noise_fraction=0.8,recipe:ji_2007_ripples,literature,ripple,interval,median_onset_error,10,-0.0680533,-0.153374,0.00947258,-0.0146667,-0.0146667,0.03,0.647562,1989,4,4,5,5,0,0
shared_noise_fraction,0.8,shared_noise_fraction=0.8,recipe:kaefer_2020,literature,ripple,interval,median_onset_error,10,-0.162634,-0.249772,-0.100807,-0.0159138,-0.0651086,0,0.536,2000,7,7,10,11,0,0
shared_noise_fraction,0.8,shared_noise_fraction=0.8,recipe:karlsson_2009,literature,ripple,interval,median_onset_error,10,-0.0044675,-0.00562737,-0.00242095,0.00336875,0.00186278,0.00532499,0,2000,10,10,713,739,0,0
shared_noise_fraction,0.8,shared_noise_fraction=0.8,recipe:krause_2022,literature,network,interval,median_onset_error,10,0.0148706,0.0120723,0.0168686,0.000441308,-0.000858132,0.00126126,0.643,2000,10,10,659,676,0,0
shared_noise_fraction,0.8,shared_noise_fraction=0.8,recipe:krause_2022_hse,literature,burst,interval,median_onset_error,10,-0.0323931,-0.0346551,-0.0290887,0,0,0,1,2000,10,10,801,801,0,0
shared_noise_fraction,0.8,shared_noise_fraction=0.8,recipe:kudrimoti_1999,literature,ripple,interval,median_onset_error,10,0.0332985,0.0284976,0.0401955,0.00143107,-0.00242411,0.00547699,0.467,2000,9,10,26,25,0,0
shared_noise_fraction,0.8,shared_noise_fraction=0.8,recipe:lee_2002,literature,burst,interval,median_onset_error,10,-0.0383037,-0.0457685,-0.0332465,0,0,0,1,2000,10,10,929,929,0,0
shared_noise_fraction,0.8,shared_noise_fraction=0.8,recipe:lee_2002_ripples,literature,ripple,interval,median_onset_error,10,0.0342887,0.0319119,0.0357275,0.000546068,-0.00154589,0.00364374,0.77,2000,10,10,79,76,0,0
shared_noise_fraction,0.8,shared_noise_fraction=0.8,recipe:liu_2019,literature,burst,interval,median_onset_error,10,-0.147592,-0.157828,-0.132624,0,0,0,1,2000,10,10,825,825,0,0
shared_noise_fraction,0.8,shared_noise_fraction=0.8,recipe:liu_2019_awake,literature,burst,interval,median_onset_error,10,-0.147592,-0.157828,-0.132624,0,0,0,1,2000,10,10,825,825,0,0
shared_noise_fraction,0.8,shared_noise_fraction=0.8,recipe:liu_2023,literature,network,interval,median_onset_error,10,-0.00820034,-0.0116493,-0.00550137,-0.00101456,-0.00191034,8.21483e-05,0.151,2000,10,10,507,470,0,0
shared_noise_fraction,0.8,shared_noise_fraction=0.8,recipe:maboudi_2018,literature,burst,interval,median_onset_error,10,-0.0325385,-0.0350644,-0.0294038,0,0,0,1,2000,10,10,775,775,0,0
shared_noise_fraction,0.8,shared_noise_fraction=0.8,recipe:maboudi_2018_open_field,literature,burst,interval,median_onset_error,10,-0.00269756,-0.00399852,-8.80208e-05,0,0,0,1,2000,10,10,721,721,0,0
shared_noise_fraction,0.8,shared_noise_fraction=0.8,recipe:mallory_2025,literature,burst,interval,median_onset_error,10,-0.0155739,-0.0176664,-0.0144297,0,0,0,1,2000,10,10,743,743,0,0
shared_noise_fraction,0.8,shared_noise_fraction=0.8,recipe:mallory_2025_ripples,literature,ripple,interval,median_onset_error,10,-0.0170063,-0.0189696,-0.0138543,3.32296e-05,-0.00128981,0.00172536,0.779,2000,10,10,696,704,0,0
shared_noise_fraction,0.8,shared_noise_fraction=0.8,recipe:michon_2019,literature,network,interval,median_onset_error,10,-0.00122338,-0.00332217,0.000976947,0.000430928,-0.00069634,0.0012452,0.73,2000,10,10,228,273,0,0
shared_noise_fraction,0.8,shared_noise_fraction=0.8,recipe:michon_2021,literature,network,interval,median_onset_error,10,-0.00122338,-0.00332217,0.000976947,0.000430928,-0.00069634,0.0012452,0.73,2000,10,10,228,273,0,0
shared_noise_fraction,0.8,shared_noise_fraction=0.8,recipe:mou_2022,literature,burst,interval,median_onset_error,10,-0.0462975,-0.0555394,-0.0401892,0,0,0,1,2000,10,10,838,838,0,0
shared_noise_fraction,0.8,shared_noise_fraction=0.8,recipe:muessig_2019,literature,network,interval,median_onset_error,10,0.0263457,0.021248,0.031394,9.5928e-05,-0.000985902,0.00209578,1,2000,10,10,119,116,0,0
shared_noise_fraction,0.8,shared_noise_fraction=0.8,recipe:muessig_2019_ripples,literature,ripple,interval,median_onset_error,10,-0.00838471,-0.0105767,-0.00441788,0.000120741,-0.00150802,0.00120844,1,2000,10,10,903,893,0,0
shared_noise_fraction,0.8,shared_noise_fraction=0.8,recipe:nadasdy_1999,literature,ripple,interval,median_onset_error,10,0.00558808,0.00424441,0.00637837,0.000688602,-0.000219181,0.00138203,0.121,2000,10,10,350,471,0,0
shared_noise_fraction,0.8,shared_noise_fraction=0.8,recipe:olafsdottir_2015,literature,burst,interval,median_onset_error,10,0.00534263,0.00360919,0.00774539,0,0,0,1,2000,10,10,662,662,0,0
shared_noise_fraction,0.8,shared_noise_fraction=0.8,recipe:olafsdottir_2015.bayesian_candidates,literature,burst,interval,median_onset_error,10,0.004886,0.00284124,0.00630589,0,0,0,1,2000,10,10,599,599,0,0
shared_noise_fraction,0.8,shared_noise_fraction=0.8,recipe:olafsdottir_2016,literature,burst,interval,median_onset_error,10,0.011116,0.00799637,0.0127389,0,0,0,1,2000,10,10,558,558,0,0
shared_noise_fraction,0.8,shared_noise_fraction=0.8,recipe:olafsdottir_2017,literature,burst,interval,median_onset_error,10,0.0122048,0.0108757,0.0136994,0,0,0,1,2000,10,10,744,744,0,0
shared_noise_fraction,0.8,shared_noise_fraction=0.8,recipe:olafsdottir_2017.trajectory,literature,burst,interval,median_onset_error,10,0.011116,0.00799637,0.0127389,0,0,0,1,2000,10,10,558,558,0,0
shared_noise_fraction,0.8,shared_noise_fraction=0.8,recipe:pfeiffer_2013,literature,burst,interval,median_onset_error,10,-0.00269756,-0.00399852,-8.80208e-05,0,0,0,1,2000,10,10,721,721,0,0
shared_noise_fraction,0.8,shared_noise_fraction=0.8,recipe:pfeiffer_2013_ripples,literature,ripple,interval,median_onset_error,10,-0.0151333,-0.0173331,-0.0132087,0.000609669,-0.000920822,0.00197741,0.393,2000,10,10,730,743,0,0
shared_noise_fraction,0.8,shared_noise_fraction=0.8,recipe:pfeiffer_2015,literature,ripple,interval,median_onset_error,10,-0.0151333,-0.0173331,-0.0132087,0.000609669,-0.000920822,0.00197741,0.393,2000,10,10,730,743,0,0
shared_noise_fraction,0.8,shared_noise_fraction=0.8,recipe:shin_2019,literature,ripple,interval,median_onset_error,10,-0.0044675,-0.00562737,-0.00242095,0.00336875,0.00186278,0.00532499,0,2000,10,10,713,739,0,0
shared_noise_fraction,0.8,shared_noise_fraction=0.8,recipe:silva_2015,literature,burst,interval,median_onset_error,10,-0.0122142,-0.0153682,-0.0101496,0,0,0,1,2000,10,10,606,606,0,0
shared_noise_fraction,0.8,shared_noise_fraction=0.8,recipe:stella_2019,literature,ripple,interval,median_onset_error,10,0.0125798,0.0113998,0.0136571,0.00174483,0.0008986,0.00239199,0,2000,10,10,637,680,0,0
shared_noise_fraction,0.8,shared_noise_fraction=0.8,recipe:tang_2017,literature,ripple,interval,median_onset_error,10,-0.0044675,-0.00562737,-0.00242095,0.00336875,0.00186278,0.00532499,0,2000,10,10,713,739,0,0
shared_noise_fraction,0.8,shared_noise_fraction=0.8,recipe:tirole_2022,literature,network,interval,median_onset_error,10,-0.01437,-0.0173396,-0.0127389,0,-0.00111775,0.000777852,1,2000,10,10,549,557,0,0
shared_noise_fraction,0.8,shared_noise_fraction=0.8,recipe:widloski_2025,literature,ripple,interval,median_onset_error,10,-0.167484,-0.180629,-0.159033,0.000742941,-0.00521694,0.0101395,0.605,2000,10,10,499,518,0,0
shared_noise_fraction,0.8,shared_noise_fraction=0.8,recipe:widloski_2025_bursts,literature,burst,interval,median_onset_error,10,-0.168573,-0.174543,-0.15673,0,0,0,1,2000,10,10,518,518,0,0
shared_noise_fraction,0.8,shared_noise_fraction=0.8,recipe:wikenheiser_2013,literature,ripple,interval,median_onset_error,10,-0.222517,-0.252757,-0.200795,-0.0761234,-0.0815088,-0.0648243,0,2000,10,10,819,849,0,0
shared_noise_fraction,0.8,shared_noise_fraction=0.8,recipe:wu_2014,literature,burst,interval,median_onset_error,10,-0.0163562,-0.018528,-0.014373,0,0,0,1,2000,10,10,844,844,0,0
shared_noise_fraction,0.8,shared_noise_fraction=0.8,recipe:wu_2017,literature,burst,interval,median_onset_error,10,0.0117571,0.00916774,0.0144137,0,0,0,1,2000,10,10,523,523,0,0
shared_noise_fraction,0.8,shared_noise_fraction=0.8,recipe:xu_2019,literature,burst,interval,median_onset_error,10,-0.00774106,-0.0101589,-0.00488211,0,0,0,1,2000,10,10,731,731,0,0
shared_noise_fraction,0.8,shared_noise_fraction=0.8,recipe:yamamoto_2017,literature,network,interval,median_onset_error,10,0.0294441,0.0273793,0.0314484,-3.2572e-05,-0.00109814,0.00103769,0.942,2000,10,10,617,612,0,0
shared_noise_fraction,0.8,shared_noise_fraction=0.8,recipe:yang_2024,literature,network,interval,median_onset_error,10,-0.0140406,-0.0170756,-0.0125348,-0.000205231,-0.000890645,0.000989261,1,2000,10,10,455,454,0,0
noise_type,reference,reference,Carey_candidate_detector,default,network,interval,median_onset_error,10,0.0023104,0.00123107,0.00399637,0,0,0,1,2000,10,10,891,891,0,0
noise_type,reference,reference,Karlsson_ripple_detector,default,ripple,interval,median_onset_error,10,-0.00783625,-0.0099954,-0.00540774,0,0,0,1,2000,10,10,739,739,0,0
noise_type,reference,reference,Kay_ripple_detector,default,ripple,interval,median_onset_error,10,0.000728616,-0.000438561,0.00163915,0,0,0,1,2000,10,10,844,844,0,0
noise_type,reference,reference,Long_sharp_wave_ripple_detector,default,ripple,interval,median_onset_error,10,0.0121998,0.010706,0.0136956,0,0,0,1,2000,10,10,704,704,0,0
noise_type,reference,reference,Roumis_ripple_detector,default,ripple,interval,median_onset_error,10,0.000534876,-0.000645838,0.00161769,0,0,0,1,2000,10,10,845,845,0,0
noise_type,reference,reference,Shvartsman_ripple_detector,default,ripple,interval,median_onset_error,10,-0.00962531,-0.0115123,-0.00686953,0,0,0,1,2000,10,10,677,677,0,0
noise_type,reference,reference,Yu_ripple_detector,default,ripple,interval,median_onset_error,10,0.00170934,0.000880944,0.00241474,0,0,0,1,2000,10,10,865,865,0,0
noise_type,reference,reference,Zugaro_ripple_detector,default,ripple,interval,median_onset_error,10,0.0139065,0.0128742,0.0155587,0,0,0,1,2000,10,10,689,689,0,0
noise_type,reference,reference,multiunit_HSE_detector,default,burst,interval,median_onset_error,10,-0.0215494,-0.0233774,-0.0202821,0,0,0,1,2000,10,10,911,911,0,0
noise_type,reference,reference,recipe:ambrose_2016,literature,ripple,interval,median_onset_error,10,-0.015743,-0.0177555,-0.0142967,0,0,0,1,2000,10,10,743,743,0,0
noise_type,reference,reference,recipe:bendor_2012,literature,burst,interval,median_onset_error,10,0.011512,0.0104613,0.0123958,0,0,0,1,2000,10,10,655,655,0,0
noise_type,reference,reference,recipe:berners_lee_2021,literature,ripple,interval,median_onset_error,10,-0.0155589,-0.0173479,-0.0133744,0,0,0,1,2000,10,10,806,806,0,0
noise_type,reference,reference,recipe:berners_lee_2022,literature,burst,interval,median_onset_error,10,-0.0130479,-0.0159764,-0.0103579,0,0,0,1,2000,10,10,668,668,0,0
noise_type,reference,reference,recipe:bhattarai_2020,literature,network,interval,median_onset_error,10,-0.0831288,-0.0969635,-0.0720238,0,0,0,1,2000,10,10,418,418,0,0
noise_type,reference,reference,recipe:bhattarai_2020_ripples,literature,ripple,interval,median_onset_error,10,0.00150574,0.00025049,0.00309676,0,0,0,1,2000,10,10,474,474,0,0
noise_type,reference,reference,recipe:bush_2022,literature,burst,interval,median_onset_error,10,0.000963743,-0.000634348,0.00233178,0,0,0,1,2000,10,10,617,617,0,0
noise_type,reference,reference,recipe:carey_2019,literature,network,interval,median_onset_error,10,0.0127066,0.0112533,0.0135894,0,0,0,1,2000,10,10,900,900,0,0
noise_type,reference,reference,recipe:carr_2012,literature,ripple,interval,median_onset_error,10,-0.00783625,-0.0099954,-0.00540774,0,0,0,1,2000,10,10,739,739,0,0
noise_type,reference,reference,recipe:chenani_2019,literature,burst,interval,median_onset_error,10,-0.0188819,-0.021828,-0.0175617,0,0,0,1,2000,10,10,671,671,0,0
noise_type,reference,reference,recipe:davidson_2009,literature,burst,interval,median_onset_error,10,-0.0208446,-0.0222665,-0.0193016,0,0,0,1,2000,10,10,784,784,0,0
noise_type,reference,reference,recipe:denovellis_2021,literature,ripple,interval,median_onset_error,10,0.00103708,7.44804e-05,0.00199106,0,0,0,1,2000,10,10,845,845,0,0
noise_type,reference,reference,recipe:denovellis_2021_mua,literature,burst,interval,median_onset_error,10,-0.0216321,-0.0237751,-0.0199833,0,0,0,1,2000,10,10,910,910,0,0
noise_type,reference,reference,recipe:diba_2007,literature,burst,interval,median_onset_error,10,-0.0727517,-0.099299,-0.0577457,0,0,0,1,2000,10,10,251,251,0,0
noise_type,reference,reference,recipe:drieu_2018,literature,burst,interval,median_onset_error,10,-0.00404978,-0.00568393,-0.00285607,0,0,0,1,2000,10,10,769,769,0,0
noise_type,reference,reference,recipe:farooq_2019_neuron,literature,burst,interval,median_onset_error,10,0.0114778,0.00791052,0.0138605,0,0,0,1,2000,10,10,274,274,0,0
noise_type,reference,reference,recipe:farooq_2019_science,literature,burst,interval,median_onset_error,10,0.0114778,0.0079113,0.0138605,0,0,0,1,2000,10,10,272,272,0,0
noise_type,reference,reference,recipe:farooq_2019_science_awake,literature,burst,interval,median_onset_error,10,0.0114778,0.0079113,0.0138605,0,0,0,1,2000,10,10,272,272,0,0
noise_type,reference,reference,recipe:foster_2006,literature,burst,interval,median_onset_error,10,-0.00603709,-0.0101548,0.00259616,0,0,0,1,2000,10,10,145,145,0,0
noise_type,reference,reference,recipe:foster_2006_ripples,literature,ripple,interval,median_onset_error,10,0.0337426,0.0309958,0.0347633,0,0,0,1,2000,10,10,76,76,0,0
noise_type,reference,reference,recipe:gillespie_2021,literature,ripple,interval,median_onset_error,10,0.000728616,-0.000438561,0.00163915,0,0,0,1,2000,10,10,844,844,0,0
noise_type,reference,reference,recipe:gillespie_2021_mua,literature,burst,interval,median_onset_error,10,-0.0208446,-0.0224039,-0.0192365,0,0,0,1,2000,10,10,804,804,0,0
noise_type,reference,reference,recipe:gridchyn_2020,literature,burst,interval,median_onset_error,10,0.0114932,0.00973624,0.0128004,0,0,0,1,2000,10,10,872,872,0,0
noise_type,reference,reference,recipe:grosmark_2016,literature,network,interval,median_onset_error,10,-0.0138354,-0.0183971,-0.0119283,0,0,0,1,2000,10,10,454,454,0,0
noise_type,reference,reference,recipe:gupta_2010,literature,ripple,interval,median_onset_error,10,0.000649468,-0.000516766,0.00149165,0,0,0,1,2000,10,10,816,816,0,0
noise_type,reference,reference,recipe:harvey_2023_code,literature,ripple,interval,median_onset_error,10,0.0134081,0.0119995,0.0157787,0,0,0,1,2000,10,10,575,575,0,0
noise_type,reference,reference,recipe:harvey_2023_no_radiatum,literature,ripple,interval,median_onset_error,10,2.11699e-05,-0.00315594,0.00152412,0,0,0,1,2000,10,10,609,609,0,0
noise_type,reference,reference,recipe:harvey_2023_text,literature,ripple,interval,median_onset_error,10,0.0143671,0.0133529,0.0152102,0,0,0,1,2000,10,10,617,617,0,0
noise_type,reference,reference,recipe:huelin_gorriz_2023,literature,network,interval,median_onset_error,10,-0.01437,-0.0172593,-0.0127015,0,0,0,1,2000,10,10,557,557,0,0
noise_type,reference,reference,recipe:igata_2021,literature,burst,interval,median_onset_error,10,-0.0208446,-0.0230458,-0.0189872,0,0,0,1,2000,10,10,912,912,0,0
noise_type,reference,reference,recipe:igata_2021_ripples,literature,ripple,interval,median_onset_error,10,0.00117637,0.000836552,0.00170338,0,0,0,1,2000,10,10,890,890,0,0
noise_type,reference,reference,recipe:jadhav_2016,literature,ripple,interval,median_onset_error,10,-0.00782947,-0.0101123,-0.00525858,0,0,0,1,2000,10,10,598,598,0,0
noise_type,reference,reference,recipe:ji_2007,literature,burst,interval,median_onset_error,10,0.0177528,0.0144042,0.0203139,0,0,0,1,2000,10,10,685,685,0,0
noise_type,reference,reference,recipe:ji_2007_ripples,literature,ripple,interval,median_onset_error,10,-0.0533866,-0.183374,0.00947258,0,0,0,1,1989,4,4,5,5,0,0
noise_type,reference,reference,recipe:kaefer_2020,literature,ripple,interval,median_onset_error,10,-0.14672,-0.177766,-0.0950664,0,0,0,1,2000,7,7,11,11,0,0
noise_type,reference,reference,recipe:karlsson_2009,literature,ripple,interval,median_onset_error,10,-0.00783625,-0.0099954,-0.00540774,0,0,0,1,2000,10,10,739,739,0,0
noise_type,reference,reference,recipe:krause_2022,literature,network,interval,median_onset_error,10,0.0144293,0.0122692,0.0163226,0,0,0,1,2000,10,10,676,676,0,0
noise_type,reference,reference,recipe:krause_2022_hse,literature,burst,interval,median_onset_error,10,-0.0323931,-0.0346551,-0.0290887,0,0,0,1,2000,10,10,801,801,0,0
noise_type,reference,reference,recipe:kudrimoti_1999,literature,ripple,interval,median_onset_error,10,0.0318674,0.029584,0.0353648,0,0,0,1,2000,10,10,25,25,0,0
noise_type,reference,reference,recipe:lee_2002,literature,burst,interval,median_onset_error,10,-0.0383037,-0.0457685,-0.0332465,0,0,0,1,2000,10,10,929,929,0,0
noise_type,reference,reference,recipe:lee_2002_ripples,literature,ripple,interval,median_onset_error,10,0.0337426,0.0309958,0.0347633,0,0,0,1,2000,10,10,76,76,0,0
noise_type,reference,reference,recipe:liu_2019,literature,burst,interval,median_onset_error,10,-0.147592,-0.157828,-0.132624,0,0,0,1,2000,10,10,825,825,0,0
noise_type,reference,reference,recipe:liu_2019_awake,literature,burst,interval,median_onset_error,10,-0.147592,-0.157828,-0.132624,0,0,0,1,2000,10,10,825,825,0,0
noise_type,reference,reference,recipe:liu_2023,literature,network,interval,median_onset_error,10,-0.00718578,-0.010088,-0.00536157,0,0,0,1,2000,10,10,470,470,0,0
noise_type,reference,reference,recipe:maboudi_2018,literature,burst,interval,median_onset_error,10,-0.0325385,-0.0350644,-0.0294038,0,0,0,1,2000,10,10,775,775,0,0
noise_type,reference,reference,recipe:maboudi_2018_open_field,literature,burst,interval,median_onset_error,10,-0.00269756,-0.00399852,-8.80208e-05,0,0,0,1,2000,10,10,721,721,0,0
noise_type,reference,reference,recipe:mallory_2025,literature,burst,interval,median_onset_error,10,-0.0155739,-0.0176664,-0.0144297,0,0,0,1,2000,10,10,743,743,0,0
noise_type,reference,reference,recipe:mallory_2025_ripples,literature,ripple,interval,median_onset_error,10,-0.0170396,-0.0193004,-0.0142674,0,0,0,1,2000,10,10,704,704,0,0
noise_type,reference,reference,recipe:michon_2019,literature,network,interval,median_onset_error,10,-0.00165431,-0.00362832,0.000536935,0,0,0,1,2000,10,10,273,273,0,0
noise_type,reference,reference,recipe:michon_2021,literature,network,interval,median_onset_error,10,-0.00165431,-0.00362832,0.000536935,0,0,0,1,2000,10,10,273,273,0,0
noise_type,reference,reference,recipe:mou_2022,literature,burst,interval,median_onset_error,10,-0.0462975,-0.0555394,-0.0401892,0,0,0,1,2000,10,10,838,838,0,0
noise_type,reference,reference,recipe:muessig_2019,literature,network,interval,median_onset_error,10,0.0262498,0.0215342,0.0309892,0,0,0,1,2000,10,10,116,116,0,0
noise_type,reference,reference,recipe:muessig_2019_ripples,literature,ripple,interval,median_onset_error,10,-0.00850545,-0.0108126,-0.00392214,0,0,0,1,2000,10,10,893,893,0,0
noise_type,reference,reference,recipe:nadasdy_1999,literature,ripple,interval,median_onset_error,10,0.00489948,0.00428016,0.00549517,0,0,0,1,2000,10,10,471,471,0,0
noise_type,reference,reference,recipe:olafsdottir_2015,literature,burst,interval,median_onset_error,10,0.00534263,0.00360919,0.00774539,0,0,0,1,2000,10,10,662,662,0,0
noise_type,reference,reference,recipe:olafsdottir_2015.bayesian_candidates,literature,burst,interval,median_onset_error,10,0.004886,0.00284124,0.00630589,0,0,0,1,2000,10,10,599,599,0,0
noise_type,reference,reference,recipe:olafsdottir_2016,literature,burst,interval,median_onset_error,10,0.011116,0.00799637,0.0127389,0,0,0,1,2000,10,10,558,558,0,0
noise_type,reference,reference,recipe:olafsdottir_2017,literature,burst,interval,median_onset_error,10,0.0122048,0.0108757,0.0136994,0,0,0,1,2000,10,10,744,744,0,0
noise_type,reference,reference,recipe:olafsdottir_2017.trajectory,literature,burst,interval,median_onset_error,10,0.011116,0.00799637,0.0127389,0,0,0,1,2000,10,10,558,558,0,0
noise_type,reference,reference,recipe:pfeiffer_2013,literature,burst,interval,median_onset_error,10,-0.00269756,-0.00399852,-8.80208e-05,0,0,0,1,2000,10,10,721,721,0,0
noise_type,reference,reference,recipe:pfeiffer_2013_ripples,literature,ripple,interval,median_onset_error,10,-0.015743,-0.0177555,-0.0142967,0,0,0,1,2000,10,10,743,743,0,0
noise_type,reference,reference,recipe:pfeiffer_2015,literature,ripple,interval,median_onset_error,10,-0.015743,-0.0177555,-0.0142967,0,0,0,1,2000,10,10,743,743,0,0
noise_type,reference,reference,recipe:shin_2019,literature,ripple,interval,median_onset_error,10,-0.00783625,-0.0099954,-0.00540774,0,0,0,1,2000,10,10,739,739,0,0
noise_type,reference,reference,recipe:silva_2015,literature,burst,interval,median_onset_error,10,-0.0122142,-0.0153682,-0.0101496,0,0,0,1,2000,10,10,606,606,0,0
noise_type,reference,reference,recipe:stella_2019,literature,ripple,interval,median_onset_error,10,0.010835,0.0100663,0.0120394,0,0,0,1,2000,10,10,680,680,0,0
noise_type,reference,reference,recipe:tang_2017,literature,ripple,interval,median_onset_error,10,-0.00783625,-0.0099954,-0.00540774,0,0,0,1,2000,10,10,739,739,0,0
noise_type,reference,reference,recipe:tirole_2022,literature,network,interval,median_onset_error,10,-0.01437,-0.0172593,-0.0127015,0,0,0,1,2000,10,10,557,557,0,0
noise_type,reference,reference,recipe:widloski_2025,literature,ripple,interval,median_onset_error,10,-0.168227,-0.180008,-0.160493,0,0,0,1,2000,10,10,518,518,0,0
noise_type,reference,reference,recipe:widloski_2025_bursts,literature,burst,interval,median_onset_error,10,-0.168573,-0.174543,-0.15673,0,0,0,1,2000,10,10,518,518,0,0
noise_type,reference,reference,recipe:wikenheiser_2013,literature,ripple,interval,median_onset_error,10,-0.146394,-0.172799,-0.130138,0,0,0,1,2000,10,10,849,849,0,0
noise_type,reference,reference,recipe:wu_2014,literature,burst,interval,median_onset_error,10,-0.0163562,-0.018528,-0.014373,0,0,0,1,2000,10,10,844,844,0,0
noise_type,reference,reference,recipe:wu_2017,literature,burst,interval,median_onset_error,10,0.0117571,0.00916774,0.0144137,0,0,0,1,2000,10,10,523,523,0,0
noise_type,reference,reference,recipe:xu_2019,literature,burst,interval,median_onset_error,10,-0.00774106,-0.0101589,-0.00488211,0,0,0,1,2000,10,10,731,731,0,0
noise_type,reference,reference,recipe:yamamoto_2017,literature,network,interval,median_onset_error,10,0.0294767,0.0276603,0.0314484,0,0,0,1,2000,10,10,612,612,0,0
noise_type,reference,reference,recipe:yang_2024,literature,network,interval,median_onset_error,10,-0.0138354,-0.0183971,-0.0119283,0,0,0,1,2000,10,10,454,454,0,0
noise_type,brown,noise_type=brown,Carey_candidate_detector,default,network,interval,median_onset_error,10,0.00383335,0.0025028,0.0053517,0.00152295,0.000523805,0.00205537,0.004,2000,10,10,819,891,0,0
noise_type,brown,noise_type=brown,Karlsson_ripple_detector,default,ripple,interval,median_onset_error,10,-0.0578828,-0.209387,0.0194684,-0.0500465,-0.202079,0.0252777,0.238,2000,10,10,13,739,0,0
noise_type,brown,noise_type=brown,Kay_ripple_detector,default,ripple,interval,median_onset_error,10,-0.105877,-0.226432,0.0120569,-0.106606,-0.227165,0.0102891,0.087,2000,9,10,11,844,0,0
noise_type,brown,noise_type=brown,Long_sharp_wave_ripple_detector,default,ripple,interval,median_onset_error,10,0.0115367,0.00956014,0.0131034,-0.000663073,-0.00133888,-0.000233098,0.001,2000,10,10,810,704,0,0
noise_type,brown,noise_type=brown,Roumis_ripple_detector,default,ripple,interval,median_onset_error,10,-0.0712773,-0.226432,0.0120569,-0.0718122,-0.227001,0.0105066,0.372,2000,9,10,10,845,0,0
noise_type,brown,noise_type=brown,Shvartsman_ripple_detector,default,ripple,interval,median_onset_error,10,-0.225766,-0.321772,-0.134005,-0.21614,-0.313548,-0.124344,0,1995,5,10,5,677,0,0
noise_type,brown,noise_type=brown,Yu_ripple_detector,default,ripple,interval,median_onset_error,10,0.0118117,0.00900971,0.0147848,0.0101024,0.00757289,0.0128902,0,2000,10,10,700,865,0,0
noise_type,brown,noise_type=brown,Zugaro_ripple_detector,default,ripple,interval,median_onset_error,10,0.031959,-0.0147199,0.0495676,0.0180525,-0.0285872,0.0361861,0.622748,1943,3,10,3,689,0,0
noise_type,brown,noise_type=brown,multiunit_HSE_detector,default,burst,interval,median_onset_error,10,-0.0215494,-0.0233774,-0.0202821,0,0,0,1,2000,10,10,911,911,0,0
noise_type,brown,noise_type=brown,recipe:ambrose_2016,literature,ripple,interval,median_onset_error,10,-0.163696,-0.27157,-0.0189129,-0.147953,-0.256338,-0.00368229,0.037,2000,7,10,8,743,0,0
noise_type,brown,noise_type=brown,recipe:bendor_2012,literature,burst,interval,median_onset_error,10,0.011512,0.0104613,0.0123958,0,0,0,1,2000,10,10,655,655,0,0
noise_type,brown,noise_type=brown,recipe:berners_lee_2021,literature,ripple,interval,median_onset_error,10,-0.0816107,-0.235766,0.00939027,-0.0660518,-0.219874,0.0241196,0.372,2000,9,10,10,806,0,0
noise_type,brown,noise_type=brown,recipe:berners_lee_2022,literature,burst,interval,median_onset_error,10,-0.0130479,-0.0159764,-0.0103579,0,0,0,1,2000,10,10,668,668,0,0
noise_type,brown,noise_type=brown,recipe:bhattarai_2020,literature,network,interval,median_onset_error,10,-0.00638601,-0.171436,0.00446579,0.0767428,-0.0936803,0.0973072,0.584663,1943,3,10,3,418,0,0
noise_type,brown,noise_type=brown,recipe:bhattarai_2020_ripples,literature,ripple,interval,median_onset_error,10,-0.150432,-0.202041,-0.0940533,-0.151938,-0.20441,-0.0946759,0,1943,3,10,3,474,0,0
noise_type,brown,noise_type=brown,recipe:bush_2022,literature,burst,interval,median_onset_error,10,0.000963743,-0.000634348,0.00233178,0,0,0,1,2000,10,10,617,617,0,0
noise_type,brown,noise_type=brown,recipe:carey_2019,literature,network,interval,median_onset_error,10,0.0161896,0.0157774,0.0172259,0.00348298,0.00290002,0.00466673,0,2000,10,10,849,900,0,0
noise_type,brown,noise_type=brown,recipe:carr_2012,literature,ripple,interval,median_onset_error,10,-0.0578828,-0.209387,0.0194684,-0.0500465,-0.202079,0.0252777,0.238,2000,10,10,13,739,0,0
noise_type,brown,noise_type=brown,recipe:chenani_2019,literature,burst,interval,median_onset_error,10,-0.0188819,-0.021828,-0.0175617,0,0,0,1,2000,10,10,671,671,0,0
noise_type,brown,noise_type=brown,recipe:davidson_2009,literature,burst,interval,median_onset_error,10,-0.0208446,-0.0222665,-0.0193016,0,0,0,1,2000,10,10,784,784,0,0
noise_type,brown,noise_type=brown,recipe:denovellis_2021,literature,ripple,interval,median_onset_error,10,-0.0846719,-0.259246,0.0092211,-0.085709,-0.260521,0.00893432,0.216,2000,7,10,9,845,0,0
noise_type,brown,noise_type=brown,recipe:denovellis_2021_mua,literature,burst,interval,median_onset_error,10,-0.0216321,-0.0237751,-0.0199833,0,0,0,1,2000,10,10,910,910,0,0
noise_type,brown,noise_type=brown,recipe:diba_2007,literature,burst,interval,median_onset_error,10,-0.0727517,-0.099299,-0.0577457,0,0,0,1,2000,10,10,251,251,0,0
noise_type,brown,noise_type=brown,recipe:drieu_2018,literature,burst,interval,median_onset_error,10,-0.00404978,-0.00568393,-0.00285607,0,0,0,1,2000,10,10,769,769,0,0
noise_type,brown,noise_type=brown,recipe:farooq_2019_neuron,literature,burst,interval,median_onset_error,10,0.0114778,0.00791052,0.0138605,0,0,0,1,2000,10,10,274,274,0,0
noise_type,brown,noise_type=brown,recipe:farooq_2019_science,literature,burst,interval,median_onset_error,10,0.0114778,0.0079113,0.0138605,0,0,0,1,2000,10,10,272,272,0,0
noise_type,brown,noise_type=brown,recipe:farooq_2019_science_awake,literature,burst,interval,median_onset_error,10,0.0114778,0.0079113,0.0138605,0,0,0,1,2000,10,10,272,272,0,0
noise_type,brown,noise_type=brown,recipe:foster_2006,literature,burst,interval,median_onset_error,10,-0.00603709,-0.0101548,0.00259616,0,0,0,1,2000,10,10,145,145,0,0
noise_type,brown,noise_type=brown,recipe:foster_2006_ripples,literature,ripple,interval,median_onset_error,10,-0.187237,-0.243772,-0.128053,-0.220979,-0.277626,-0.161254,0,1989,4,10,4,76,0,0
noise_type,brown,noise_type=brown,recipe:gillespie_2021,literature,ripple,interval,median_onset_error,10,-0.105877,-0.226432,0.0120569,-0.106606,-0.227165,0.0102891,0.087,2000,9,10,11,844,0,0
noise_type,brown,noise_type=brown,recipe:gillespie_2021_mua,literature,burst,interval,median_onset_error,10,-0.0208446,-0.0224039,-0.0192365,0,0,0,1,2000,10,10,804,804,0,0
noise_type,brown,noise_type=brown,recipe:gridchyn_2020,literature,burst,interval,median_onset_error,10,0.0114932,0.00973624,0.0128004,0,0,0,1,2000,10,10,872,872,0,0
noise_type,brown,noise_type=brown,recipe:grosmark_2016,literature,network,interval,median_onset_error,10,-0.0401517,-0.0495342,-0.0307693,-0.0263163,-0.0375042,-0.0134395,0,1793,2,10,2,454,0,0
noise_type,brown,noise_type=brown,recipe:gupta_2010,literature,ripple,interval,median_onset_error,10,-0.000401489,-0.00134924,0.000858291,-0.00105096,-0.00217578,0.000102816,0.078,2000,10,10,684,816,0,0
noise_type,brown,noise_type=brown,recipe:harvey_2023_code,literature,ripple,interval,median_onset_error,10,0.0126387,0.0109869,0.0147623,-0.000769436,-0.00130414,3.37216e-05,0.064,2000,10,10,656,575,0,0
noise_type,brown,noise_type=brown,recipe:harvey_2023_no_radiatum,literature,ripple,interval,median_onset_error,10,-0.111576,-0.139099,-0.0840533,-0.111597,-0.140383,-0.0817613,0,1793,2,10,2,609,0,0
noise_type,brown,noise_type=brown,recipe:harvey_2023_text,literature,ripple,interval,median_onset_error,10,0.0124321,0.010238,0.0152737,-0.00193501,-0.0040296,0.000950596,0.155,2000,10,10,401,617,0,0
noise_type,brown,noise_type=brown,recipe:huelin_gorriz_2023,literature,network,interval,median_onset_error,10,-0.0506039,-0.212699,-0.0175342,-0.0362339,-0.198879,-0.00324061,0.00100553,1989,4,10,4,557,0,0
noise_type,brown,noise_type=brown,recipe:igata_2021,literature,burst,interval,median_onset_error,10,-0.0208446,-0.0230458,-0.0189872,0,0,0,1,2000,10,10,912,912,0,0
noise_type,brown,noise_type=brown,recipe:igata_2021_ripples,literature,ripple,interval,median_onset_error,10,-0.0321122,-0.128653,0.0174684,-0.0332886,-0.129939,0.0163095,0.602,2000,10,10,13,890,0,0
noise_type,brown,noise_type=brown,recipe:jadhav_2016,literature,ripple,interval,median_onset_error,10,-0.095944,-0.225766,0.0133903,-0.0881145,-0.216833,0.0191969,0.092,2000,9,10,12,598,0,0
noise_type,brown,noise_type=brown,recipe:ji_2007,literature,burst,interval,median_onset_error,10,0.0177528,0.0144042,0.0203139,0,0,0,1,2000,10,10,685,685,0,0
noise_type,brown,noise_type=brown,recipe:ji_2007_ripples,literature,ripple,interval,median_onset_error,10,-0.20257,-0.247105,-0.135387,-0.149183,-0.256578,-0.0406667,0,1989,4,4,4,5,0,0
noise_type,brown,noise_type=brown,recipe:kaefer_2020,literature,ripple,interval,median_onset_error,10,-0.213769,-0.250708,-0.12672,-0.0670488,-0.148965,0.013893,0.12368,1989,4,7,4,11,0,0
noise_type,brown,noise_type=brown,recipe:karlsson_2009,literature,ripple,interval,median_onset_error,10,-0.0578828,-0.209387,0.0194684,-0.0500465,-0.202079,0.0252777,0.238,2000,10,10,13,739,0,0
noise_type,brown,noise_type=brown,recipe:krause_2022,literature,network,interval,median_onset_error,10,-0.101729,-0.220485,0.00341269,-0.116158,-0.236502,-0.0112708,0.037,2000,7,10,8,676,0,0
noise_type,brown,noise_type=brown,recipe:krause_2022_hse,literature,burst,interval,median_onset_error,10,-0.0323931,-0.0346551,-0.0290887,0,0,0,1,2000,10,10,801,801,0,0
noise_type,brown,noise_type=brown,recipe:kudrimoti_1999,literature,ripple,interval,median_onset_error,10,-0.0300533,-0.0517657,0.0052923,-0.0619207,-0.0864842,-0.0246095,0,1943,3,10,3,25,0,0
noise_type,brown,noise_type=brown,recipe:lee_2002,literature,burst,interval,median_onset_error,10,-0.0383037,-0.0457685,-0.0332465,0,0,0,1,2000,10,10,929,929,0,0
noise_type,brown,noise_type=brown,recipe:lee_2002_ripples,literature,ripple,interval,median_onset_error,10,-0.187237,-0.243772,-0.128053,-0.220979,-0.277626,-0.161254,0,1989,4,10,4,76,0,0
noise_type,brown,noise_type=brown,recipe:liu_2019,literature,burst,interval,median_onset_error,10,-0.147592,-0.157828,-0.132624,0,0,0,1,2000,10,10,825,825,0,0
noise_type,brown,noise_type=brown,recipe:liu_2019_awake,literature,burst,interval,median_onset_error,10,-0.147592,-0.157828,-0.132624,0,0,0,1,2000,10,10,825,825,0,0
noise_type,brown,noise_type=brown,recipe:liu_2023,literature,network,interval,median_onset_error,10,-0.00844724,-0.0120232,-0.00594698,-0.00126146,-0.00202124,0,0.1,2000,10,10,522,470,0,0
noise_type,brown,noise_type=brown,recipe:maboudi_2018,literature,burst,interval,median_onset_error,10,-0.0325385,-0.0350644,-0.0294038,0,0,0,1,2000,10,10,775,775,0,0
noise_type,brown,noise_type=brown,recipe:maboudi_2018_open_field,literature,burst,interval,median_onset_error,10,-0.00269756,-0.00399852,-8.80208e-05,0,0,0,1,2000,10,10,721,721,0,0
noise_type,brown,noise_type=brown,recipe:mallory_2025,literature,burst,interval,median_onset_error,10,-0.0155739,-0.0176664,-0.0144297,0,0,0,1,2000,10,10,743,743,0,0
noise_type,brown,noise_type=brown,recipe:mallory_2025_ripples,literature,ripple,interval,median_onset_error,10,-0.250438,-0.325772,-0.216053,-0.233399,-0.309764,-0.197807,0,1999,5,10,5,704,0,0
noise_type,brown,noise_type=brown,recipe:michon_2019,literature,network,interval,median_onset_error,10,-0.0144384,-0.0334359,-0.0122009,-0.0127841,-0.0327458,-0.00950386,0,1941,3,10,3,273,0,0
noise_type,brown,noise_type=brown,recipe:michon_2021,literature,network,interval,median_onset_error,10,-0.0144384,-0.0334359,-0.0122009,-0.0127841,-0.0327458,-0.00950386,0,1941,3,10,3,273,0,0
noise_type,brown,noise_type=brown,recipe:mou_2022,literature,burst,interval,median_onset_error,10,-0.0462975,-0.0555394,-0.0401892,0,0,0,1,2000,10,10,838,838,0,0
noise_type,brown,noise_type=brown,recipe:muessig_2019,literature,network,interval,median_onset_error,10,0.0264196,0.0224493,0.031194,0.000169851,-0.00108625,0.00320107,0.821,2000,10,10,114,116,0,0
noise_type,brown,noise_type=brown,recipe:muessig_2019_ripples,literature,ripple,interval,median_onset_error,10,-0.00730523,-0.0109661,-0.00312091,0.00120022,-0.00113124,0.00244662,0.657,2000,10,10,781,893,0,0
noise_type,brown,noise_type=brown,recipe:nadasdy_1999,literature,ripple,interval,median_onset_error,10,-0.258903,-0.313105,-0.21272,-0.263803,-0.318064,-0.217159,0,1989,4,10,4,471,0,0
noise_type,brown,noise_type=brown,recipe:olafsdottir_2015,literature,burst,interval,median_onset_error,10,0.00534263,0.00360919,0.00774539,0,0,0,1,2000,10,10,662,662,0,0
noise_type,brown,noise_type=brown,recipe:olafsdottir_2015.bayesian_candidates,literature,burst,interval,median_onset_error,10,0.004886,0.00284124,0.00630589,0,0,0,1,2000,10,10,599,599,0,0
noise_type,brown,noise_type=brown,recipe:olafsdottir_2016,literature,burst,interval,median_onset_error,10,0.011116,0.00799637,0.0127389,0,0,0,1,2000,10,10,558,558,0,0
noise_type,brown,noise_type=brown,recipe:olafsdottir_2017,literature,burst,interval,median_onset_error,10,0.0122048,0.0108757,0.0136994,0,0,0,1,2000,10,10,744,744,0,0
noise_type,brown,noise_type=brown,recipe:olafsdottir_2017.trajectory,literature,burst,interval,median_onset_error,10,0.011116,0.00799637,0.0127389,0,0,0,1,2000,10,10,558,558,0,0
noise_type,brown,noise_type=brown,recipe:pfeiffer_2013,literature,burst,interval,median_onset_error,10,-0.00269756,-0.00399852,-8.80208e-05,0,0,0,1,2000,10,10,721,721,0,0
noise_type,brown,noise_type=brown,recipe:pfeiffer_2013_ripples,literature,ripple,interval,median_onset_error,10,-0.163696,-0.27157,-0.0189129,-0.147953,-0.256338,-0.00368229,0.037,2000,7,10,8,743,0,0
noise_type,brown,noise_type=brown,recipe:pfeiffer_2015,literature,ripple,interval,median_onset_error,10,-0.163696,-0.27157,-0.0189129,-0.147953,-0.256338,-0.00368229,0.037,2000,7,10,8,743,0,0
noise_type,brown,noise_type=brown,recipe:shin_2019,literature,ripple,interval,median_onset_error,10,-0.0578828,-0.209387,0.0194684,-0.0500465,-0.202079,0.0252777,0.238,2000,10,10,13,739,0,0
noise_type,brown,noise_type=brown,recipe:silva_2015,literature,burst,interval,median_onset_error,10,-0.0122142,-0.0153682,-0.0101496,0,0,0,1,2000,10,10,606,606,0,0
noise_type,brown,noise_type=brown,recipe:stella_2019,literature,ripple,interval,median_onset_error,10,-0.0833626,-0.220041,0.0443358,-0.0941975,-0.231717,0.033206,0.297,2000,7,10,8,680,0,0
noise_type,brown,noise_type=brown,recipe:tang_2017,literature,ripple,interval,median_onset_error,10,-0.0578828,-0.209387,0.0194684,-0.0500465,-0.202079,0.0252777,0.238,2000,10,10,13,739,0,0
noise_type,brown,noise_type=brown,recipe:tirole_2022,literature,network,interval,median_onset_error,10,-0.0506039,-0.212699,-0.0175342,-0.0362339,-0.198879,-0.00324061,0.00100553,1989,4,10,4,557,0,0
noise_type,brown,noise_type=brown,recipe:widloski_2025,literature,ripple,interval,median_onset_error,10,-0.389903,-0.574556,-0.330053,-0.221677,-0.399028,-0.15271,0,1995,5,10,6,518,0,0
noise_type,brown,noise_type=brown,recipe:widloski_2025_bursts,literature,burst,interval,median_onset_error,10,-0.168573,-0.174543,-0.15673,0,0,0,1,2000,10,10,518,518,0,0
noise_type,brown,noise_type=brown,recipe:wikenheiser_2013,literature,ripple,interval,median_onset_error,10,-0.218099,-0.290772,-0.0870052,-0.0717052,-0.146135,0.0706389,0.163409,1995,5,10,5,849,0,0
noise_type,brown,noise_type=brown,recipe:wu_2014,literature,burst,interval,median_onset_error,10,-0.0163562,-0.018528,-0.014373,0,0,0,1,2000,10,10,844,844,0,0
noise_type,brown,noise_type=brown,recipe:wu_2017,literature,burst,interval,median_onset_error,10,0.0117571,0.00916774,0.0144137,0,0,0,1,2000,10,10,523,523,0,0
noise_type,brown,noise_type=brown,recipe:xu_2019,literature,burst,interval,median_onset_error,10,-0.00774106,-0.0101589,-0.00488211,0,0,0,1,2000,10,10,731,731,0,0
noise_type,brown,noise_type=brown,recipe:yamamoto_2017,literature,network,interval,median_onset_error,10,0.0512307,0.0142807,0.0524658,0.021754,-0.0162064,0.0241884,0.384972,1943,3,10,3,612,0,0
noise_type,brown,noise_type=brown,recipe:yang_2024,literature,network,interval,median_onset_error,10,-0.0401517,-0.0495342,-0.0307693,-0.0263163,-0.0375042,-0.0134395,0,1793,2,10,2,454,0,0
event_rate,0.15,event_rate=0.15,Carey_candidate_detector,default,network,interval,median_onset_error,10,0.00178618,0.000258112,0.00331963,-0.000524226,-0.00268889,0.00103049,0.461,2000,10,10,464,891,0,0
event_rate,0.15,event_rate=0.15,Karlsson_ripple_detector,default,ripple,interval,median_onset_error,10,-0.0106974,-0.0132801,-0.00896191,-0.00286112,-0.00592267,-0.000411587,0.016,2000,10,10,373,739,0,0
event_rate,0.15,event_rate=0.15,Kay_ripple_detector,default,ripple,interval,median_onset_error,10,-0.00076583,-0.00161865,6.89158e-05,-0.00149445,-0.00229971,-0.000571327,0,2000,10,10,431,844,0,0
event_rate,0.15,event_rate=0.15,Long_sharp_wave_ripple_detector,default,ripple,interval,median_onset_error,10,0.0105584,0.00951759,0.0134419,-0.0016414,-0.00397011,0.00249435,0.406,2000,10,10,358,704,0,0
event_rate,0.15,event_rate=0.15,Roumis_ripple_detector,default,ripple,interval,median_onset_error,10,-0.000868439,-0.00175937,-9.87685e-05,-0.00140332,-0.00245601,-0.000384456,0.004,2000,10,10,434,845,0,0
event_rate,0.15,event_rate=0.15,Shvartsman_ripple_detector,default,ripple,interval,median_onset_error,10,-0.0116144,-0.0144549,-0.010009,-0.00198907,-0.00521724,-0.000164547,0.033,2000,10,10,339,677,0,0
event_rate,0.15,event_rate=0.15,Yu_ripple_detector,default,ripple,interval,median_onset_error,10,0.000787775,-0.000456878,0.0015108,-0.000921569,-0.00219977,0.000182394,0.114,2000,10,10,439,865,0,0
event_rate,0.15,event_rate=0.15,Zugaro_ripple_detector,default,ripple,interval,median_onset_error,10,0.0132897,0.012252,0.0142285,-0.00061674,-0.00262196,0.00105426,0.426,2000,10,10,370,689,0,0
event_rate,0.15,event_rate=0.15,multiunit_HSE_detector,default,burst,interval,median_onset_error,10,-0.0215178,-0.0242024,-0.0178749,3.16447e-05,-0.00260846,0.00303276,0.864,2000,10,10,469,911,0,0
event_rate,0.15,event_rate=0.15,recipe:ambrose_2016,literature,ripple,interval,median_onset_error,10,-0.0167452,-0.0199165,-0.0137961,-0.00100223,-0.00276903,0.00120559,0.456,2000,10,10,387,743,0,0
event_rate,0.15,event_rate=0.15,recipe:bendor_2012,literature,burst,interval,median_onset_error,10,0.0101222,0.00817482,0.0125645,-0.00138986,-0.003793,0.00176669,0.434,2000,10,10,357,655,0,0
event_rate,0.15,event_rate=0.15,recipe:berners_lee_2021,literature,ripple,interval,median_onset_error,10,-0.0176377,-0.0224032,-0.0151216,-0.00207887,-0.00587722,2.62128e-05,0.055,2000,10,10,404,806,0,0
event_rate,0.15,event_rate=0.15,recipe:berners_lee_2022,literature,burst,interval,median_onset_error,10,-0.0149023,-0.0185516,-0.0123672,-0.00185435,-0.00590272,0.00161097,0.303,2000,10,10,330,668,0,0
event_rate,0.15,event_rate=0.15,recipe:bhattarai_2020,literature,network,interval,median_onset_error,10,-0.0734473,-0.0889356,-0.045892,0.00968151,-0.00704478,0.0391279,0.268,2000,10,10,212,418,0,0
event_rate,0.15,event_rate=0.15,recipe:bhattarai_2020_ripples,literature,ripple,interval,median_onset_error,10,0.00136323,-0.00178115,0.00329,-0.000142506,-0.00400657,0.00269336,0.879,2000,10,10,244,474,0,0
event_rate,0.15,event_rate=0.15,recipe:bush_2022,literature,burst,interval,median_onset_error,10,0.000604133,-0.00112612,0.00418677,-0.00035961,-0.0029251,0.00305075,0.997,2000,10,10,319,617,0,0
event_rate,0.15,event_rate=0.15,recipe:carey_2019,literature,network,interval,median_onset_error,10,0.0115393,0.00996743,0.0131098,-0.00116727,-0.0028383,0.00108089,0.314,2000,10,10,468,900,0,0
event_rate,0.15,event_rate=0.15,recipe:carr_2012,literature,ripple,interval,median_onset_error,10,-0.0106974,-0.0132801,-0.00896191,-0.00286112,-0.00592267,-0.000411587,0.016,2000,10,10,373,739,0,0
event_rate,0.15,event_rate=0.15,recipe:chenani_2019,literature,burst,interval,median_onset_error,10,-0.0217559,-0.0235829,-0.0194679,-0.00287403,-0.00532637,0.00143756,0.181,2000,10,10,355,671,0,0
event_rate,0.15,event_rate=0.15,recipe:davidson_2009,literature,burst,interval,median_onset_error,10,-0.0212662,-0.0242245,-0.0177712,-0.000421589,-0.00337168,0.00278419,0.885,2000,10,10,427,784,0,0
event_rate,0.15,event_rate=0.15,recipe:denovellis_2021,literature,ripple,interval,median_onset_error,10,0.000263729,-0.00076583,0.00102419,-0.000773353,-0.00190448,0.000235439,0.132,2000,10,10,434,845,0,0
event_rate,0.15,event_rate=0.15,recipe:denovellis_2021_mua,literature,burst,interval,median_onset_error,10,-0.0212662,-0.0243092,-0.017235,0.000365963,-0.00246559,0.00388579,0.705,2000,10,10,469,910,0,0
event_rate,0.15,event_rate=0.15,recipe:diba_2007,literature,burst,interval,median_onset_error,10,-0.0739963,-0.0831126,-0.0386295,-0.0012446,-0.0209682,0.0441115,0.741,2000,10,10,115,251,0,0
event_rate,0.15,event_rate=0.15,recipe:drieu_2018,literature,burst,interval,median_onset_error,10,-0.00532385,-0.00753611,-0.00339538,-0.00127407,-0.00373379,0.0015474,0.372,2000,10,10,394,769,0,0
event_rate,0.15,event_rate=0.15,recipe:farooq_2019_neuron,literature,burst,interval,median_onset_error,10,0.00972143,0.00686894,0.0143787,-0.00175633,-0.00553,0.00307856,0.6,2000,10,10,158,274,0,0
event_rate,0.15,event_rate=0.15,recipe:farooq_2019_science,literature,burst,interval,median_onset_error,10,0.00899374,0.00657795,0.0143787,-0.00248403,-0.00604223,0.00306477,0.554,2000,10,10,154,272,0,0
event_rate,0.15,event_rate=0.15,recipe:farooq_2019_science_awake,literature,burst,interval,median_onset_error,10,0.00899374,0.00657795,0.0143787,-0.00248403,-0.00604223,0.00306477,0.554,2000,10,10,154,272,0,0
event_rate,0.15,event_rate=0.15,recipe:foster_2006,literature,burst,interval,median_onset_error,10,-0.000271527,-0.0119728,0.00445318,0.00576556,-0.0100977,0.012449,0.429,2000,10,10,73,145,0,0
event_rate,0.15,event_rate=0.15,recipe:foster_2006_ripples,literature,ripple,interval,median_onset_error,10,0.0344825,0.0311054,0.038579,0.000739881,-0.00343232,0.0052363,0.766,2000,10,10,50,76,0,0
event_rate,0.15,event_rate=0.15,recipe:gillespie_2021,literature,ripple,interval,median_onset_error,10,-0.00076583,-0.00161865,6.89158e-05,-0.00149445,-0.00229971,-0.000571327,0,2000,10,10,431,844,0,0
event_rate,0.15,event_rate=0.15,recipe:gillespie_2021_mua,literature,burst,interval,median_onset_error,10,-0.0218218,-0.0243577,-0.0178749,-0.000977223,-0.00350575,0.00239449,0.751,2000,10,10,436,804,0,0
event_rate,0.15,event_rate=0.15,recipe:gridchyn_2020,literature,burst,interval,median_onset_error,10,0.0113949,0.00900258,0.01304,-9.82534e-05,-0.00289361,0.00251801,1,2000,10,10,446,872,0,0
event_rate,0.15,event_rate=0.15,recipe:grosmark_2016,literature,network,interval,median_onset_error,10,-0.01545,-0.0220565,-0.0139789,-0.00161461,-0.00564761,0.00096119,0.161,2000,10,10,256,454,0,0
event_rate,0.15,event_rate=0.15,recipe:gupta_2010,literature,ripple,interval,median_onset_error,10,-0.00148917,-0.00238036,-0.000708969,-0.00213864,-0.00302897,-0.000936052,0.001,2000,10,10,413,816,0,0
event_rate,0.15,event_rate=0.15,recipe:harvey_2023_code,literature,ripple,interval,median_onset_error,10,0.0111711,0.00953815,0.0142752,-0.00223699,-0.00544713,0.00221885,0.431,2000,10,10,310,575,0,0
event_rate,0.15,event_rate=0.15,recipe:harvey_2023_no_radiatum,literature,ripple,interval,median_onset_error,10,-0.00311448,-0.0105966,0.00325502,-0.00313565,-0.00980539,0.00330828,0.485,2000,10,10,325,609,0,0
event_rate,0.15,event_rate=0.15,recipe:harvey_2023_text,literature,ripple,interval,median_onset_error,10,0.0135337,0.0122571,0.0144677,-0.000833474,-0.00219165,0.000637657,0.271,2000,10,10,324,617,0,0
event_rate,0.15,event_rate=0.15,recipe:huelin_gorriz_2023,literature,network,interval,median_onset_error,10,-0.014699,-0.018313,-0.0107578,-0.000329077,-0.00310733,0.00358218,0.914,2000,10,10,284,557,0,0
event_rate,0.15,event_rate=0.15,recipe:igata_2021,literature,burst,interval,median_onset_error,10,-0.0208313,-0.0240022,-0.0176675,1.33099e-05,-0.00315643,0.00289047,0.906,2000,10,10,471,912,0,0
event_rate,0.15,event_rate=0.15,recipe:igata_2021_ripples,literature,ripple,interval,median_onset_error,10,0.000468879,-0.000244678,0.00165005,-0.000707492,-0.001453,0.000492931,0.334,2000,10,10,457,890,0,0
event_rate,0.15,event_rate=0.15,recipe:jadhav_2016,literature,ripple,interval,median_onset_error,10,-0.0113485,-0.0146838,-0.00902677,-0.00351898,-0.00786023,-0.000450181,0.017,2000,10,10,314,598,0,0
event_rate,0.15,event_rate=0.15,recipe:ji_2007,literature,burst,interval,median_onset_error,10,0.0149019,0.0115694,0.0188087,-0.00285089,-0.00722277,0.00279407,0.377,2000,10,10,363,685,0,0
event_rate,0.15,event_rate=0.15,recipe:ji_2007_ripples,literature,ripple,interval,median_onset_error,10,-0.13501,-0.13501,-0.13501,-0.0816231,-0.144482,0.0483647,0.205011,1317,1,4,1,5,0,0
event_rate,0.15,event_rate=0.15,recipe:kaefer_2020,literature,ripple,interval,median_onset_error,10,-0.0783054,-0.184343,-0.0448763,0.0684146,-0.0376231,0.105329,0.413793,1943,3,7,3,11,0,0
event_rate,0.15,event_rate=0.15,recipe:karlsson_2009,literature,ripple,interval,median_onset_error,10,-0.0106974,-0.0132801,-0.00896191,-0.00286112,-0.00592267,-0.000411587,0.016,2000,10,10,373,739,0,0
event_rate,0.15,event_rate=0.15,recipe:krause_2022,literature,network,interval,median_onset_error,10,0.0144873,0.0119651,0.017817,5.80916e-05,-0.00268051,0.00332197,0.886,2000,10,10,347,676,0,0
event_rate,0.15,event_rate=0.15,recipe:krause_2022_hse,literature,burst,interval,median_onset_error,10,-0.0361126,-0.0405512,-0.0302567,-0.00371952,-0.00987195,0.00255127,0.361,2000,10,10,430,801,0,0
event_rate,0.15,event_rate=0.15,recipe:kudrimoti_1999,literature,ripple,interval,median_onset_error,10,0.0296602,0.027015,0.0473162,-0.00220718,-0.00562655,0.0157081,0.538229,1988,4,10,8,25,0,0
event_rate,0.15,event_rate=0.15,recipe:lee_2002,literature,burst,interval,median_onset_error,10,-0.0441897,-0.0530137,-0.0312576,-0.00588598,-0.0146282,0.00749035,0.495,2000,10,10,477,929,0,0
event_rate,0.15,event_rate=0.15,recipe:lee_2002_ripples,literature,ripple,interval,median_onset_error,10,0.0344825,0.0311054,0.038579,0.000739881,-0.00343232,0.0052363,0.766,2000,10,10,50,76,0,0
event_rate,0.15,event_rate=0.15,recipe:liu_2019,literature,burst,interval,median_onset_error,10,-0.160194,-0.174558,-0.136937,-0.0126014,-0.0380591,0.0180097,0.373,2000,10,10,442,825,0,0
event_rate,0.15,event_rate=0.15,recipe:liu_2019_awake,literature,burst,interval,median_onset_error,10,-0.160194,-0.174558,-0.136937,-0.0126014,-0.0380591,0.0180097,0.373,2000,10,10,442,825,0,0
event_rate,0.15,event_rate=0.15,recipe:liu_2023,literature,network,interval,median_onset_error,10,-0.00824954,-0.0115757,-0.00588311,-0.00106377,-0.00456804,0.00252975,0.619,2000,10,10,233,470,0,0
event_rate,0.15,event_rate=0.15,recipe:maboudi_2018,literature,burst,interval,median_onset_error,10,-0.0362322,-0.0405313,-0.0310653,-0.00369374,-0.00963409,0.00210386,0.318,2000,10,10,415,775,0,0
event_rate,0.15,event_rate=0.15,recipe:maboudi_2018_open_field,literature,burst,interval,median_onset_error,10,-0.000587848,-0.0014451,0.000787178,0.00210972,0.00012725,0.00341354,0.031,2000,10,10,378,721,0,0
event_rate,0.15,event_rate=0.15,recipe:mallory_2025,literature,burst,interval,median_onset_error,10,-0.0142761,-0.0174763,-0.0120921,0.00129778,-0.00280714,0.00424935,0.555,2000,10,10,404,743,0,0
event_rate,0.15,event_rate=0.15,recipe:mallory_2025_ripples,literature,ripple,interval,median_onset_error,10,-0.018386,-0.0206992,-0.0151441,-0.0013464,-0.00464132,0.00185864,0.371,2000,10,10,370,704,0,0
event_rate,0.15,event_rate=0.15,recipe:michon_2019,literature,network,interval,median_onset_error,10,-0.00192506,-0.00377041,0.00289278,-0.000270749,-0.00272669,0.00498623,0.959,2000,10,10,181,273,0,0
event_rate,0.15,event_rate=0.15,recipe:michon_2021,literature,network,interval,median_onset_error,10,-0.00192506,-0.00377041,0.00289278,-0.000270749,-0.00272669,0.00498623,0.959,2000,10,10,181,273,0,0
event_rate,0.15,event_rate=0.15,recipe:mou_2022,literature,burst,interval,median_onset_error,10,-0.0604131,-0.0691464,-0.0527702,-0.0141156,-0.0186635,-0.00924741,0,2000,10,10,441,838,0,0
event_rate,0.15,event_rate=0.15,recipe:muessig_2019,literature,network,interval,median_onset_error,10,0.0291253,0.0227858,0.0417196,0.0028755,-0.00443735,0.0183587,0.491,2000,10,10,66,116,0,0
event_rate,0.15,event_rate=0.15,recipe:muessig_2019_ripples,literature,ripple,interval,median_onset_error,10,-0.00601434,-0.0102819,-0.00206715,0.00249112,-0.00430489,0.00805669,0.538,2000,10,10,459,893,0,0
event_rate,0.15,event_rate=0.15,recipe:nadasdy_1999,literature,ripple,interval,median_onset_error,10,0.00467548,0.00357818,0.00625496,-0.000223998,-0.00118169,0.00132383,0.899,2000,10,10,282,471,0,0
event_rate,0.15,event_rate=0.15,recipe:olafsdottir_2015,literature,burst,interval,median_onset_error,10,0.00553982,0.00394129,0.00945549,0.000197192,-0.00289945,0.00479825,0.877,2000,10,10,341,662,0,0
event_rate,0.15,event_rate=0.15,recipe:olafsdottir_2015.bayesian_candidates,literature,burst,interval,median_onset_error,10,0.00528006,0.00388504,0.00945841,0.000394053,-0.00216235,0.00614844,0.702,2000,10,10,307,599,0,0
event_rate,0.15,event_rate=0.15,recipe:olafsdottir_2016,literature,burst,interval,median_onset_error,10,0.00927265,0.0046028,0.0135145,-0.00184338,-0.00690677,0.00297836,0.458,2000,10,10,275,558,0,0
event_rate,0.15,event_rate=0.15,recipe:olafsdottir_2017,literature,burst,interval,median_onset_error,10,0.00994232,0.0056065,0.0140903,-0.00226247,-0.00691249,0.00221946,0.267,2000,10,10,359,744,0,0
event_rate,0.15,event_rate=0.15,recipe:olafsdottir_2017.trajectory,literature,burst,interval,median_onset_error,10,0.00927265,0.0046028,0.0135145,-0.00184338,-0.00690677,0.00297836,0.458,2000,10,10,275,558,0,0
event_rate,0.15,event_rate=0.15,recipe:pfeiffer_2013,literature,burst,interval,median_onset_error,10,-0.000587848,-0.0014451,0.000787178,0.00210972,0.00012725,0.00341354,0.031,2000,10,10,378,721,0,0
event_rate,0.15,event_rate=0.15,recipe:pfeiffer_2013_ripples,literature,ripple,interval,median_onset_error,10,-0.0167452,-0.0199165,-0.0137961,-0.00100223,-0.00276903,0.00120559,0.456,2000,10,10,387,743,0,0
event_rate,0.15,event_rate=0.15,recipe:pfeiffer_2015,literature,ripple,interval,median_onset_error,10,-0.0168136,-0.0202931,-0.0137965,-0.00107059,-0.00292094,0.00120157,0.419,2000,10,10,388,743,0,0
event_rate,0.15,event_rate=0.15,recipe:shin_2019,literature,ripple,interval,median_onset_error,10,-0.0106974,-0.0132801,-0.00896191,-0.00286112,-0.00592267,-0.000411587,0.016,2000,10,10,373,739,0,0
event_rate,0.15,event_rate=0.15,recipe:silva_2015,literature,burst,interval,median_onset_error,10,-0.0113837,-0.0151872,-0.00809451,0.000830484,-0.00350832,0.00453502,0.682,2000,10,10,314,606,0,0
event_rate,0.15,event_rate=0.15,recipe:stella_2019,literature,ripple,interval,median_onset_error,10,0.0109298,0.0101946,0.0124429,9.48294e-05,-0.00166072,0.0021133,0.799,2000,10,10,356,680,0,0
event_rate,0.15,event_rate=0.15,recipe:tang_2017,literature,ripple,interval,median_onset_error,10,-0.0106974,-0.0132801,-0.00896191,-0.00286112,-0.00592267,-0.000411587,0.016,2000,10,10,373,739,0,0
event_rate,0.15,event_rate=0.15,recipe:tirole_2022,literature,network,interval,median_onset_error,10,-0.014699,-0.018313,-0.0107578,-0.000329077,-0.00310733,0.00358218,0.914,2000,10,10,284,557,0,0
event_rate,0.15,event_rate=0.15,recipe:widloski_2025,literature,ripple,interval,median_onset_error,10,-0.165073,-0.178412,-0.154119,0.00315395,-0.00889617,0.0191511,0.634,2000,10,10,282,518,0,0
event_rate,0.15,event_rate=0.15,recipe:widloski_2025_bursts,literature,burst,interval,median_onset_error,10,-0.169391,-0.200081,-0.151311,-0.000817676,-0.0347892,0.016809,0.978,2000,10,10,294,518,0,0
event_rate,0.15,event_rate=0.15,recipe:wikenheiser_2013,literature,ripple,interval,median_onset_error,10,-0.180865,-0.201775,-0.161607,-0.0344708,-0.0517733,-0.00837413,0.019,2000,10,10,432,849,0,0
event_rate,0.15,event_rate=0.15,recipe:wu_2014,literature,burst,interval,median_onset_error,10,-0.0151345,-0.0172287,-0.0132079,0.00122172,-0.0020741,0.00435195,0.487,2000,10,10,428,844,0,0
event_rate,0.15,event_rate=0.15,recipe:wu_2017,literature,burst,interval,median_onset_error,10,0.0130329,0.0108184,0.0154503,0.00127578,-0.00302082,0.00571,0.613,2000,10,10,271,523,0,0
event_rate,0.15,event_rate=0.15,recipe:xu_2019,literature,burst,interval,median_onset_error,10,-0.009342,-0.0158003,-0.00252948,-0.00160093,-0.00726443,0.00576725,0.531,2000,10,10,389,731,0,0
event_rate,0.15,event_rate=0.15,recipe:yamamoto_2017,literature,network,interval,median_onset_error,10,0.0288753,0.0263822,0.0328509,-0.000601425,-0.00313436,0.00286531,0.845,2000,10,10,322,612,0,0
event_rate,0.15,event_rate=0.15,recipe:yang_2024,literature,network,interval,median_onset_error,10,-0.01545,-0.0220565,-0.0139789,-0.00161461,-0.00564761,0.00096119,0.161,2000,10,10,256,454,0,0
event_rate,reference,reference,Carey_candidate_detector,default,network,interval,median_onset_error,10,0.0023104,0.00123107,0.00399637,0,0,0,1,2000,10,10,891,891,0,0
event_rate,reference,reference,Karlsson_ripple_detector,default,ripple,interval,median_onset_error,10,-0.00783625,-0.0099954,-0.00540774,0,0,0,1,2000,10,10,739,739,0,0
event_rate,reference,reference,Kay_ripple_detector,default,ripple,interval,median_onset_error,10,0.000728616,-0.000438561,0.00163915,0,0,0,1,2000,10,10,844,844,0,0
event_rate,reference,reference,Long_sharp_wave_ripple_detector,default,ripple,interval,median_onset_error,10,0.0121998,0.010706,0.0136956,0,0,0,1,2000,10,10,704,704,0,0
event_rate,reference,reference,Roumis_ripple_detector,default,ripple,interval,median_onset_error,10,0.000534876,-0.000645838,0.00161769,0,0,0,1,2000,10,10,845,845,0,0
event_rate,reference,reference,Shvartsman_ripple_detector,default,ripple,interval,median_onset_error,10,-0.00962531,-0.0115123,-0.00686953,0,0,0,1,2000,10,10,677,677,0,0
event_rate,reference,reference,Yu_ripple_detector,default,ripple,interval,median_onset_error,10,0.00170934,0.000880944,0.00241474,0,0,0,1,2000,10,10,865,865,0,0
event_rate,reference,reference,Zugaro_ripple_detector,default,ripple,interval,median_onset_error,10,0.0139065,0.0128742,0.0155587,0,0,0,1,2000,10,10,689,689,0,0
event_rate,reference,reference,multiunit_HSE_detector,default,burst,interval,median_onset_error,10,-0.0215494,-0.0233774,-0.0202821,0,0,0,1,2000,10,10,911,911,0,0
event_rate,reference,reference,recipe:ambrose_2016,literature,ripple,interval,median_onset_error,10,-0.015743,-0.0177555,-0.0142967,0,0,0,1,2000,10,10,743,743,0,0
event_rate,reference,reference,recipe:bendor_2012,literature,burst,interval,median_onset_error,10,0.011512,0.0104613,0.0123958,0,0,0,1,2000,10,10,655,655,0,0
event_rate,reference,reference,recipe:berners_lee_2021,literature,ripple,interval,median_onset_error,10,-0.0155589,-0.0173479,-0.0133744,0,0,0,1,2000,10,10,806,806,0,0
event_rate,reference,reference,recipe:berners_lee_2022,literature,burst,interval,median_onset_error,10,-0.0130479,-0.0159764,-0.0103579,0,0,0,1,2000,10,10,668,668,0,0
event_rate,reference,reference,recipe:bhattarai_2020,literature,network,interval,median_onset_error,10,-0.0831288,-0.0969635,-0.0720238,0,0,0,1,2000,10,10,418,418,0,0
event_rate,reference,reference,recipe:bhattarai_2020_ripples,literature,ripple,interval,median_onset_error,10,0.00150574,0.00025049,0.00309676,0,0,0,1,2000,10,10,474,474,0,0
event_rate,reference,reference,recipe:bush_2022,literature,burst,interval,median_onset_error,10,0.000963743,-0.000634348,0.00233178,0,0,0,1,2000,10,10,617,617,0,0
event_rate,reference,reference,recipe:carey_2019,literature,network,interval,median_onset_error,10,0.0127066,0.0112533,0.0135894,0,0,0,1,2000,10,10,900,900,0,0
event_rate,reference,reference,recipe:carr_2012,literature,ripple,interval,median_onset_error,10,-0.00783625,-0.0099954,-0.00540774,0,0,0,1,2000,10,10,739,739,0,0
event_rate,reference,reference,recipe:chenani_2019,literature,burst,interval,median_onset_error,10,-0.0188819,-0.021828,-0.0175617,0,0,0,1,2000,10,10,671,671,0,0
event_rate,reference,reference,recipe:davidson_2009,literature,burst,interval,median_onset_error,10,-0.0208446,-0.0222665,-0.0193016,0,0,0,1,2000,10,10,784,784,0,0
event_rate,reference,reference,recipe:denovellis_2021,literature,ripple,interval,median_onset_error,10,0.00103708,7.44804e-05,0.00199106,0,0,0,1,2000,10,10,845,845,0,0
event_rate,reference,reference,recipe:denovellis_2021_mua,literature,burst,interval,median_onset_error,10,-0.0216321,-0.0237751,-0.0199833,0,0,0,1,2000,10,10,910,910,0,0
event_rate,reference,reference,recipe:diba_2007,literature,burst,interval,median_onset_error,10,-0.0727517,-0.099299,-0.0577457,0,0,0,1,2000,10,10,251,251,0,0
event_rate,reference,reference,recipe:drieu_2018,literature,burst,interval,median_onset_error,10,-0.00404978,-0.00568393,-0.00285607,0,0,0,1,2000,10,10,769,769,0,0
event_rate,reference,reference,recipe:farooq_2019_neuron,literature,burst,interval,median_onset_error,10,0.0114778,0.00791052,0.0138605,0,0,0,1,2000,10,10,274,274,0,0
event_rate,reference,reference,recipe:farooq_2019_science,literature,burst,interval,median_onset_error,10,0.0114778,0.0079113,0.0138605,0,0,0,1,2000,10,10,272,272,0,0
event_rate,reference,reference,recipe:farooq_2019_science_awake,literature,burst,interval,median_onset_error,10,0.0114778,0.0079113,0.0138605,0,0,0,1,2000,10,10,272,272,0,0
event_rate,reference,reference,recipe:foster_2006,literature,burst,interval,median_onset_error,10,-0.00603709,-0.0101548,0.00259616,0,0,0,1,2000,10,10,145,145,0,0
event_rate,reference,reference,recipe:foster_2006_ripples,literature,ripple,interval,median_onset_error,10,0.0337426,0.0309958,0.0347633,0,0,0,1,2000,10,10,76,76,0,0
event_rate,reference,reference,recipe:gillespie_2021,literature,ripple,interval,median_onset_error,10,0.000728616,-0.000438561,0.00163915,0,0,0,1,2000,10,10,844,844,0,0
event_rate,reference,reference,recipe:gillespie_2021_mua,literature,burst,interval,median_onset_error,10,-0.0208446,-0.0224039,-0.0192365,0,0,0,1,2000,10,10,804,804,0,0
event_rate,reference,reference,recipe:gridchyn_2020,literature,burst,interval,median_onset_error,10,0.0114932,0.00973624,0.0128004,0,0,0,1,2000,10,10,872,872,0,0
event_rate,reference,reference,recipe:grosmark_2016,literature,network,interval,median_onset_error,10,-0.0138354,-0.0183971,-0.0119283,0,0,0,1,2000,10,10,454,454,0,0
event_rate,reference,reference,recipe:gupta_2010,literature,ripple,interval,median_onset_error,10,0.000649468,-0.000516766,0.00149165,0,0,0,1,2000,10,10,816,816,0,0
event_rate,reference,reference,recipe:harvey_2023_code,literature,ripple,interval,median_onset_error,10,0.0134081,0.0119995,0.0157787,0,0,0,1,2000,10,10,575,575,0,0
event_rate,reference,reference,recipe:harvey_2023_no_radiatum,literature,ripple,interval,median_onset_error,10,2.11699e-05,-0.00315594,0.00152412,0,0,0,1,2000,10,10,609,609,0,0
event_rate,reference,reference,recipe:harvey_2023_text,literature,ripple,interval,median_onset_error,10,0.0143671,0.0133529,0.0152102,0,0,0,1,2000,10,10,617,617,0,0
event_rate,reference,reference,recipe:huelin_gorriz_2023,literature,network,interval,median_onset_error,10,-0.01437,-0.0172593,-0.0127015,0,0,0,1,2000,10,10,557,557,0,0
event_rate,reference,reference,recipe:igata_2021,literature,burst,interval,median_onset_error,10,-0.0208446,-0.0230458,-0.0189872,0,0,0,1,2000,10,10,912,912,0,0
event_rate,reference,reference,recipe:igata_2021_ripples,literature,ripple,interval,median_onset_error,10,0.00117637,0.000836552,0.00170338,0,0,0,1,2000,10,10,890,890,0,0
event_rate,reference,reference,recipe:jadhav_2016,literature,ripple,interval,median_onset_error,10,-0.00782947,-0.0101123,-0.00525858,0,0,0,1,2000,10,10,598,598,0,0
event_rate,reference,reference,recipe:ji_2007,literature,burst,interval,median_onset_error,10,0.0177528,0.0144042,0.0203139,0,0,0,1,2000,10,10,685,685,0,0
event_rate,reference,reference,recipe:ji_2007_ripples,literature,ripple,interval,median_onset_error,10,-0.0533866,-0.183374,0.00947258,0,0,0,1,1989,4,4,5,5,0,0
event_rate,reference,reference,recipe:kaefer_2020,literature,ripple,interval,median_onset_error,10,-0.14672,-0.177766,-0.0950664,0,0,0,1,2000,7,7,11,11,0,0
event_rate,reference,reference,recipe:karlsson_2009,literature,ripple,interval,median_onset_error,10,-0.00783625,-0.0099954,-0.00540774,0,0,0,1,2000,10,10,739,739,0,0
event_rate,reference,reference,recipe:krause_2022,literature,network,interval,median_onset_error,10,0.0144293,0.0122692,0.0163226,0,0,0,1,2000,10,10,676,676,0,0
event_rate,reference,reference,recipe:krause_2022_hse,literature,burst,interval,median_onset_error,10,-0.0323931,-0.0346551,-0.0290887,0,0,0,1,2000,10,10,801,801,0,0
event_rate,reference,reference,recipe:kudrimoti_1999,literature,ripple,interval,median_onset_error,10,0.0318674,0.029584,0.0353648,0,0,0,1,2000,10,10,25,25,0,0
event_rate,reference,reference,recipe:lee_2002,literature,burst,interval,median_onset_error,10,-0.0383037,-0.0457685,-0.0332465,0,0,0,1,2000,10,10,929,929,0,0
event_rate,reference,reference,recipe:lee_2002_ripples,literature,ripple,interval,median_onset_error,10,0.0337426,0.0309958,0.0347633,0,0,0,1,2000,10,10,76,76,0,0
event_rate,reference,reference,recipe:liu_2019,literature,burst,interval,median_onset_error,10,-0.147592,-0.157828,-0.132624,0,0,0,1,2000,10,10,825,825,0,0
event_rate,reference,reference,recipe:liu_2019_awake,literature,burst,interval,median_onset_error,10,-0.147592,-0.157828,-0.132624,0,0,0,1,2000,10,10,825,825,0,0
event_rate,reference,reference,recipe:liu_2023,literature,network,interval,median_onset_error,10,-0.00718578,-0.010088,-0.00536157,0,0,0,1,2000,10,10,470,470,0,0
event_rate,reference,reference,recipe:maboudi_2018,literature,burst,interval,median_onset_error,10,-0.0325385,-0.0350644,-0.0294038,0,0,0,1,2000,10,10,775,775,0,0
event_rate,reference,reference,recipe:maboudi_2018_open_field,literature,burst,interval,median_onset_error,10,-0.00269756,-0.00399852,-8.80208e-05,0,0,0,1,2000,10,10,721,721,0,0
event_rate,reference,reference,recipe:mallory_2025,literature,burst,interval,median_onset_error,10,-0.0155739,-0.0176664,-0.0144297,0,0,0,1,2000,10,10,743,743,0,0
event_rate,reference,reference,recipe:mallory_2025_ripples,literature,ripple,interval,median_onset_error,10,-0.0170396,-0.0193004,-0.0142674,0,0,0,1,2000,10,10,704,704,0,0
event_rate,reference,reference,recipe:michon_2019,literature,network,interval,median_onset_error,10,-0.00165431,-0.00362832,0.000536935,0,0,0,1,2000,10,10,273,273,0,0
event_rate,reference,reference,recipe:michon_2021,literature,network,interval,median_onset_error,10,-0.00165431,-0.00362832,0.000536935,0,0,0,1,2000,10,10,273,273,0,0
event_rate,reference,reference,recipe:mou_2022,literature,burst,interval,median_onset_error,10,-0.0462975,-0.0555394,-0.0401892,0,0,0,1,2000,10,10,838,838,0,0
event_rate,reference,reference,recipe:muessig_2019,literature,network,interval,median_onset_error,10,0.0262498,0.0215342,0.0309892,0,0,0,1,2000,10,10,116,116,0,0
event_rate,reference,reference,recipe:muessig_2019_ripples,literature,ripple,interval,median_onset_error,10,-0.00850545,-0.0108126,-0.00392214,0,0,0,1,2000,10,10,893,893,0,0
event_rate,reference,reference,recipe:nadasdy_1999,literature,ripple,interval,median_onset_error,10,0.00489948,0.00428016,0.00549517,0,0,0,1,2000,10,10,471,471,0,0
event_rate,reference,reference,recipe:olafsdottir_2015,literature,burst,interval,median_onset_error,10,0.00534263,0.00360919,0.00774539,0,0,0,1,2000,10,10,662,662,0,0
event_rate,reference,reference,recipe:olafsdottir_2015.bayesian_candidates,literature,burst,interval,median_onset_error,10,0.004886,0.00284124,0.00630589,0,0,0,1,2000,10,10,599,599,0,0
event_rate,reference,reference,recipe:olafsdottir_2016,literature,burst,interval,median_onset_error,10,0.011116,0.00799637,0.0127389,0,0,0,1,2000,10,10,558,558,0,0
event_rate,reference,reference,recipe:olafsdottir_2017,literature,burst,interval,median_onset_error,10,0.0122048,0.0108757,0.0136994,0,0,0,1,2000,10,10,744,744,0,0
event_rate,reference,reference,recipe:olafsdottir_2017.trajectory,literature,burst,interval,median_onset_error,10,0.011116,0.00799637,0.0127389,0,0,0,1,2000,10,10,558,558,0,0
event_rate,reference,reference,recipe:pfeiffer_2013,literature,burst,interval,median_onset_error,10,-0.00269756,-0.00399852,-8.80208e-05,0,0,0,1,2000,10,10,721,721,0,0
event_rate,reference,reference,recipe:pfeiffer_2013_ripples,literature,ripple,interval,median_onset_error,10,-0.015743,-0.0177555,-0.0142967,0,0,0,1,2000,10,10,743,743,0,0
event_rate,reference,reference,recipe:pfeiffer_2015,literature,ripple,interval,median_onset_error,10,-0.015743,-0.0177555,-0.0142967,0,0,0,1,2000,10,10,743,743,0,0
event_rate,reference,reference,recipe:shin_2019,literature,ripple,interval,median_onset_error,10,-0.00783625,-0.0099954,-0.00540774,0,0,0,1,2000,10,10,739,739,0,0
event_rate,reference,reference,recipe:silva_2015,literature,burst,interval,median_onset_error,10,-0.0122142,-0.0153682,-0.0101496,0,0,0,1,2000,10,10,606,606,0,0
event_rate,reference,reference,recipe:stella_2019,literature,ripple,interval,median_onset_error,10,0.010835,0.0100663,0.0120394,0,0,0,1,2000,10,10,680,680,0,0
event_rate,reference,reference,recipe:tang_2017,literature,ripple,interval,median_onset_error,10,-0.00783625,-0.0099954,-0.00540774,0,0,0,1,2000,10,10,739,739,0,0
event_rate,reference,reference,recipe:tirole_2022,literature,network,interval,median_onset_error,10,-0.01437,-0.0172593,-0.0127015,0,0,0,1,2000,10,10,557,557,0,0
event_rate,reference,reference,recipe:widloski_2025,literature,ripple,interval,median_onset_error,10,-0.168227,-0.180008,-0.160493,0,0,0,1,2000,10,10,518,518,0,0
event_rate,reference,reference,recipe:widloski_2025_bursts,literature,burst,interval,median_onset_error,10,-0.168573,-0.174543,-0.15673,0,0,0,1,2000,10,10,518,518,0,0
event_rate,reference,reference,recipe:wikenheiser_2013,literature,ripple,interval,median_onset_error,10,-0.146394,-0.172799,-0.130138,0,0,0,1,2000,10,10,849,849,0,0
event_rate,reference,reference,recipe:wu_2014,literature,burst,interval,median_onset_error,10,-0.0163562,-0.018528,-0.014373,0,0,0,1,2000,10,10,844,844,0,0
event_rate,reference,reference,recipe:wu_2017,literature,burst,interval,median_onset_error,10,0.0117571,0.00916774,0.0144137,0,0,0,1,2000,10,10,523,523,0,0
event_rate,reference,reference,recipe:xu_2019,literature,burst,interval,median_onset_error,10,-0.00774106,-0.0101589,-0.00488211,0,0,0,1,2000,10,10,731,731,0,0
event_rate,reference,reference,recipe:yamamoto_2017,literature,network,interval,median_onset_error,10,0.0294767,0.0276603,0.0314484,0,0,0,1,2000,10,10,612,612,0,0
event_rate,reference,reference,recipe:yang_2024,literature,network,interval,median_onset_error,10,-0.0138354,-0.0183971,-0.0119283,0,0,0,1,2000,10,10,454,454,0,0
event_rate,0.6,event_rate=0.6,Carey_candidate_detector,default,network,interval,median_onset_error,10,0.00454964,0.00377122,0.00522518,0.00223924,0.000692848,0.00325915,0.001,2000,10,10,1580,891,0,0
event_rate,0.6,event_rate=0.6,Karlsson_ripple_detector,default,ripple,interval,median_onset_error,10,-0.00665824,-0.00748853,-0.00561553,0.00117801,-0.000686519,0.00305227,0.38,2000,10,10,1339,739,0,0
event_rate,0.6,event_rate=0.6,Kay_ripple_detector,default,ripple,interval,median_onset_error,10,0.000441712,8.91078e-05,0.0012383,-0.000286904,-0.000962491,0.000672769,0.673,2000,10,10,1535,844,0,0
event_rate,0.6,event_rate=0.6,Long_sharp_wave_ripple_detector,default,ripple,interval,median_onset_error,10,0.0123063,0.011108,0.0135848,0.000106543,-0.00187102,0.00183855,0.91,2000,10,10,1313,704,0,0
event_rate,0.6,event_rate=0.6,Roumis_ripple_detector,default,ripple,interval,median_onset_error,10,0.000288116,-0.00024869,0.00111029,-0.00024676,-0.00124268,0.000703511,0.591,2000,10,10,1538,845,0,0
event_rate,0.6,event_rate=0.6,Shvartsman_ripple_detector,default,ripple,interval,median_onset_error,10,-0.00767853,-0.00871783,-0.00646851,0.00194678,-0.000499633,0.00343034,0.132,2000,10,10,1213,677,0,0
event_rate,0.6,event_rate=0.6,Yu_ripple_detector,default,ripple,interval,median_onset_error,10,0.00249329,0.00183236,0.00308288,0.000783948,-0.000179286,0.00161612,0.085,2000,10,10,1651,865,0,0
event_rate,0.6,event_rate=0.6,Zugaro_ripple_detector,default,ripple,interval,median_onset_error,10,0.0157167,0.0142995,0.0167673,0.0018102,-9.04221e-05,0.00291207,0.069,2000,10,10,1219,689,0,0
event_rate,0.6,event_rate=0.6,multiunit_HSE_detector,default,burst,interval,median_onset_error,10,-0.019364,-0.0208266,-0.0178646,0.00218541,1.74788e-06,0.00498481,0.05,2000,10,10,1693,911,0,0
event_rate,0.6,event_rate=0.6,recipe:ambrose_2016,literature,ripple,interval,median_onset_error,10,-0.0147637,-0.015976,-0.0135708,0.000979293,-0.000615552,0.00305786,0.28,2000,10,10,1281,743,0,0
event_rate,0.6,event_rate=0.6,recipe:bendor_2012,literature,burst,interval,median_onset_error,10,0.0138057,0.0117684,0.0152512,0.00229372,0.000663263,0.00361776,0.006,2000,10,10,1080,655,0,0
event_rate,0.6,event_rate=0.6,recipe:berners_lee_2021,literature,ripple,interval,median_onset_error,10,-0.0137838,-0.0146454,-0.0128757,0.00177506,-0.000476992,0.00370848,0.104,2000,10,10,1465,806,0,0
event_rate,0.6,event_rate=0.6,recipe:berners_lee_2022,literature,burst,interval,median_onset_error,10,-0.0137671,-0.0150048,-0.0122112,-0.000719209,-0.00403335,0.00270695,0.814,2000,10,10,1167,668,0,0
event_rate,0.6,event_rate=0.6,recipe:bhattarai_2020,literature,network,interval,median_onset_error,10,-0.0733324,-0.0871644,-0.0625326,0.00979646,-0.00545485,0.0262986,0.3,2000,10,10,703,418,0,0
event_rate,0.6,event_rate=0.6,recipe:bhattarai_2020_ripples,literature,ripple,interval,median_onset_error,10,0.00305883,0.00179704,0.00397531,0.00155309,-0.000829318,0.00329898,0.215,2000,10,10,775,474,0,0
event_rate,0.6,event_rate=0.6,recipe:bush_2022,literature,burst,interval,median_onset_error,10,0.00433073,0.00288016,0.00619704,0.00336699,0.00155183,0.00552593,0.001,2000,10,10,1133,617,0,0
event_rate,0.6,event_rate=0.6,recipe:carey_2019,literature,network,interval,median_onset_error,10,0.0171244,0.0157102,0.0182185,0.00441785,0.00295753,0.0057404,0,2000,10,10,1625,900,0,0
event_rate,0.6,event_rate=0.6,recipe:carr_2012,literature,ripple,interval,median_onset_error,10,-0.00665824,-0.00748853,-0.00561553,0.00117801,-0.000686519,0.00305227,0.38,2000,10,10,1339,739,0,0
event_rate,0.6,event_rate=0.6,recipe:chenani_2019,literature,burst,interval,median_onset_error,10,-0.0137792,-0.0146845,-0.0125173,0.00510268,0.00321464,0.0083314,0,2000,10,10,1150,671,0,0
event_rate,0.6,event_rate=0.6,recipe:davidson_2009,literature,burst,interval,median_onset_error,10,-0.0191021,-0.020973,-0.0172879,0.00174247,0.000103024,0.00358976,0.037,2000,10,10,1376,784,0,0
event_rate,0.6,event_rate=0.6,recipe:denovellis_2021,literature,ripple,interval,median_onset_error,10,0.000672735,0.000254962,0.00108044,-0.000364347,-0.00127003,0.00039706,0.412,2000,10,10,1535,845,0,0
event_rate,0.6,event_rate=0.6,recipe:denovellis_2021_mua,literature,burst,interval,median_onset_error,10,-0.0190187,-0.0205876,-0.01761,0.00261347,0.000190848,0.00541483,0.033,2000,10,10,1692,910,0,0
event_rate,0.6,event_rate=0.6,recipe:diba_2007,literature,burst,interval,median_onset_error,10,-0.0666051,-0.0736077,-0.0599402,0.00614654,-0.00939762,0.0318117,0.334,2000,10,10,500,251,0,0
event_rate,0.6,event_rate=0.6,recipe:drieu_2018,literature,burst,interval,median_onset_error,10,-0.00367601,-0.00527454,-0.00293755,0.000373777,-0.00138277,0.00187735,0.664,2000,10,10,1336,769,0,0
event_rate,0.6,event_rate=0.6,recipe:farooq_2019_neuron,literature,burst,interval,median_onset_error,10,0.0177448,0.0158217,0.0190119,0.00626701,0.00217456,0.0101635,0.003,2000,10,10,423,274,0,0
event_rate,0.6,event_rate=0.6,recipe:farooq_2019_science,literature,burst,interval,median_onset_error,10,0.0177448,0.0158217,0.0190119,0.00626701,0.00217447,0.0102342,0.003,2000,10,10,423,272,0,0
event_rate,0.6,event_rate=0.6,recipe:farooq_2019_science_awake,literature,burst,interval,median_onset_error,10,0.0177448,0.0158217,0.0190119,0.00626701,0.00217447,0.0102342,0.003,2000,10,10,423,272,0,0
event_rate,0.6,event_rate=0.6,recipe:foster_2006,literature,burst,interval,median_onset_error,10,-0.00162467,-0.00832132,0.00154274,0.00441242,-0.00666117,0.0108639,0.394,2000,10,10,306,145,0,0
event_rate,0.6,event_rate=0.6,recipe:foster_2006_ripples,literature,ripple,interval,median_onset_error,10,0.0356127,0.0322816,0.0396343,0.00187015,-0.00166495,0.00634809,0.248,2000,10,10,138,76,0,0
event_rate,0.6,event_rate=0.6,recipe:gillespie_2021,literature,ripple,interval,median_onset_error,10,0.000441712,8.91078e-05,0.0012383,-0.000286904,-0.000962491,0.000672769,0.673,2000,10,10,1535,844,0,0
event_rate,0.6,event_rate=0.6,recipe:gillespie_2021_mua,literature,burst,interval,median_onset_error,10,-0.0189279,-0.0206103,-0.0172063,0.00191668,-4.5005e-05,0.00402998,0.057,2000,10,10,1405,804,0,0
event_rate,0.6,event_rate=0.6,recipe:gridchyn_2020,literature,burst,interval,median_onset_error,10,0.0129017,0.0105592,0.0152464,0.00140851,-0.00117258,0.00394481,0.266,2000,10,10,1650,872,0,0
event_rate,0.6,event_rate=0.6,recipe:grosmark_2016,literature,network,interval,median_onset_error,10,-0.00972333,-0.0123167,-0.0084175,0.00411206,0.00259339,0.00703452,0,2000,10,10,751,454,0,0
event_rate,0.6,event_rate=0.6,recipe:gupta_2010,literature,ripple,interval,median_onset_error,10,-0.00041408,-0.0012546,0.000280277,-0.00106355,-0.00209431,0.000310321,0.124,2000,10,10,1543,816,0,0
event_rate,0.6,event_rate=0.6,recipe:harvey_2023_code,literature,ripple,interval,median_onset_error,10,0.0143774,0.0127268,0.0156859,0.000969283,-0.00165175,0.00294338,0.369,2000,10,10,1072,575,0,0
event_rate,0.6,event_rate=0.6,recipe:harvey_2023_no_radiatum,literature,ripple,interval,median_onset_error,10,0.0036771,0.0022861,0.00513406,0.00365593,0.00103279,0.00753391,0.017,2000,10,10,1125,609,0,0
event_rate,0.6,event_rate=0.6,recipe:harvey_2023_text,literature,ripple,interval,median_onset_error,10,0.0156184,0.0145753,0.016524,0.00125123,0.00022932,0.00214029,0.01,2000,10,10,1039,617,0,0
event_rate,0.6,event_rate=0.6,recipe:huelin_gorriz_2023,literature,network,interval,median_onset_error,10,-0.0140317,-0.01622,-0.011099,0.000338313,-0.00249747,0.00482219,0.633,2000,10,10,964,557,0,0
event_rate,0.6,event_rate=0.6,recipe:igata_2021,literature,burst,interval,median_onset_error,10,-0.0181467,-0.019693,-0.0168763,0.00269785,0.000370224,0.00544824,0.025,2000,10,10,1687,912,0,0
event_rate,0.6,event_rate=0.6,recipe:igata_2021_ripples,literature,ripple,interval,median_onset_error,10,0.00134914,0.000981367,0.00157259,0.000172769,-0.000420117,0.000440048,0.6,2000,10,10,1621,890,0,0
event_rate,0.6,event_rate=0.6,recipe:jadhav_2016,literature,ripple,interval,median_onset_error,10,-0.00665824,-0.00812228,-0.00510165,0.00117123,-0.000678327,0.00284027,0.301,2000,10,10,983,598,0,0
event_rate,0.6,event_rate=0.6,recipe:ji_2007,literature,burst,interval,median_onset_error,10,0.0141391,0.0109016,0.0174326,-0.00361369,-0.00742231,0.000838815,0.107,2000,10,10,1350,685,0,0
event_rate,0.6,event_rate=0.6,recipe:ji_2007_ripples,literature,ripple,interval,median_onset_error,10,-0.0163443,-0.0163443,-0.0163443,0.0370423,-0.0253531,0.112088,0.348087,1333,1,4,2,5,0,0
event_rate,0.6,event_rate=0.6,recipe:kaefer_2020,literature,ripple,interval,median_onset_error,10,-0.148391,-0.173949,-0.0476055,-0.00167138,-0.0611926,0.111756,0.84004,1988,4,7,7,11,0,0
event_rate,0.6,event_rate=0.6,recipe:karlsson_2009,literature,ripple,interval,median_onset_error,10,-0.00665824,-0.00748853,-0.00561553,0.00117801,-0.000686519,0.00305227,0.38,2000,10,10,1339,739,0,0
event_rate,0.6,event_rate=0.6,recipe:krause_2022,literature,network,interval,median_onset_error,10,0.0156129,0.0145799,0.0166373,0.00118366,-0.00044574,0.00289893,0.212,2000,10,10,1177,676,0,0
event_rate,0.6,event_rate=0.6,recipe:krause_2022_hse,literature,burst,interval,median_onset_error,10,-0.0297173,-0.0321483,-0.0269233,0.00267576,-0.002537,0.00701534,0.329,2000,10,10,1410,801,0,0
event_rate,0.6,event_rate=0.6,recipe:kudrimoti_1999,literature,ripple,interval,median_onset_error,10,0.028319,0.0219053,0.0359062,-0.0035484,-0.0110712,0.0031906,0.341,2000,10,10,28,25,0,0
event_rate,0.6,event_rate=0.6,recipe:lee_2002,literature,burst,interval,median_onset_error,10,-0.0308645,-0.034554,-0.0253771,0.00743917,0.00277454,0.0133409,0,2000,10,10,1768,929,0,0
event_rate,0.6,event_rate=0.6,recipe:lee_2002_ripples,literature,ripple,interval,median_onset_error,10,0.0356127,0.0322816,0.0396343,0.00187015,-0.00166495,0.00634809,0.248,2000,10,10,138,76,0,0
event_rate,0.6,event_rate=0.6,recipe:liu_2019,literature,burst,interval,median_onset_error,10,-0.130586,-0.144434,-0.116372,0.017006,-0.00854417,0.0359561,0.229,2000,10,10,1500,825,0,0
event_rate,0.6,event_rate=0.6,recipe:liu_2019_awake,literature,burst,interval,median_onset_error,10,-0.130586,-0.144434,-0.116372,0.017006,-0.00854417,0.0359561,0.229,2000,10,10,1500,825,0,0
event_rate,0.6,event_rate=0.6,recipe:liu_2023,literature,network,interval,median_onset_error,10,-0.00367623,-0.00567641,-0.00240279,0.00350955,0.00128399,0.00637769,0.004,2000,10,10,839,470,0,0
event_rate,0.6,event_rate=0.6,recipe:maboudi_2018,literature,burst,interval,median_onset_error,10,-0.030147,-0.0325027,-0.0270263,0.00239147,-0.00267555,0.00717498,0.356,2000,10,10,1376,775,0,0
event_rate,0.6,event_rate=0.6,recipe:maboudi_2018_open_field,literature,burst,interval,median_onset_error,10,-0.000476205,-0.00188408,0.000583401,0.00222136,-0.000480227,0.00352056,0.116,2000,10,10,1300,721,0,0
event_rate,0.6,event_rate=0.6,recipe:mallory_2025,literature,burst,interval,median_onset_error,10,-0.0135352,-0.015693,-0.0114062,0.00203867,-0.000392572,0.00466616,0.117,2000,10,10,1311,743,0,0
event_rate,0.6,event_rate=0.6,recipe:mallory_2025_ripples,literature,ripple,interval,median_onset_error,10,-0.0152688,-0.0170918,-0.013794,0.00177082,-0.00167305,0.00407366,0.331,2000,10,10,1237,704,0,0
event_rate,0.6,event_rate=0.6,recipe:michon_2019,literature,network,interval,median_onset_error,10,0.000579917,-0.00421489,0.00384967,0.00223423,-0.00335365,0.00650487,0.405,2000,10,10,349,273,0,0
event_rate,0.6,event_rate=0.6,recipe:michon_2021,literature,network,interval,median_onset_error,10,0.000579917,-0.00421489,0.00384967,0.00223423,-0.00335365,0.00650487,0.405,2000,10,10,349,273,0,0
event_rate,0.6,event_rate=0.6,recipe:mou_2022,literature,burst,interval,median_onset_error,10,-0.0395671,-0.0439975,-0.034271,0.00673043,-0.000277369,0.0167508,0.058,2000,10,10,1523,838,0,0
event_rate,0.6,event_rate=0.6,recipe:muessig_2019,literature,network,interval,median_onset_error,10,0.0314561,0.0252037,0.0368279,0.00520635,-0.00341391,0.0140461,0.199,2000,10,10,140,116,0,0
event_rate,0.6,event_rate=0.6,recipe:muessig_2019_ripples,literature,ripple,interval,median_onset_error,10,-0.00729384,-0.00996014,-0.00489526,0.00121161,-0.00305057,0.00412202,0.674,2000,10,10,1620,893,0,0
event_rate,0.6,event_rate=0.6,recipe:nadasdy_1999,literature,ripple,interval,median_onset_error,10,0.00457838,0.00393914,0.00509005,-0.000321097,-0.00109133,0.000464713,0.443,2000,10,10,717,471,0,0
event_rate,0.6,event_rate=0.6,recipe:olafsdottir_2015,literature,burst,interval,median_onset_error,10,0.00532659,0.0042198,0.0062798,-1.60367e-05,-0.00192861,0.00140172,0.853,2000,10,10,1262,662,0,0
event_rate,0.6,event_rate=0.6,recipe:olafsdottir_2015.bayesian_candidates,literature,burst,interval,median_onset_error,10,0.00497736,0.00339429,0.00612734,9.13522e-05,-0.00163055,0.00202105,0.853,2000,10,10,1129,599,0,0
event_rate,0.6,event_rate=0.6,recipe:olafsdottir_2016,literature,burst,interval,median_onset_error,10,0.0106436,0.00967626,0.0127205,-0.000472418,-0.00189683,0.00257701,0.855,2000,10,10,1043,558,0,0
event_rate,0.6,event_rate=0.6,recipe:olafsdottir_2017,literature,burst,interval,median_onset_error,10,0.0117178,0.0103611,0.0132288,-0.000487032,-0.00217087,0.000999035,0.506,2000,10,10,1351,744,0,0
event_rate,0.6,event_rate=0.6,recipe:olafsdottir_2017.trajectory,literature,burst,interval,median_onset_error,10,0.0106436,0.00967626,0.0127205,-0.000472418,-0.00189683,0.00257701,0.855,2000,10,10,1043,558,0,0
event_rate,0.6,event_rate=0.6,recipe:pfeiffer_2013,literature,burst,interval,median_onset_error,10,-0.000476205,-0.00188408,0.000583401,0.00222136,-0.000480227,0.00352056,0.116,2000,10,10,1300,721,0,0
event_rate,0.6,event_rate=0.6,recipe:pfeiffer_2013_ripples,literature,ripple,interval,median_onset_error,10,-0.0147637,-0.015976,-0.0135708,0.000979293,-0.000615552,0.00305786,0.28,2000,10,10,1281,743,0,0
event_rate,0.6,event_rate=0.6,recipe:pfeiffer_2015,literature,ripple,interval,median_onset_error,10,-0.0147637,-0.015976,-0.0135708,0.000979293,-0.000615552,0.00305786,0.28,2000,10,10,1281,743,0,0
event_rate,0.6,event_rate=0.6,recipe:shin_2019,literature,ripple,interval,median_onset_error,10,-0.00665824,-0.00748853,-0.00561553,0.00117801,-0.000686519,0.00305227,0.38,2000,10,10,1339,739,0,0
event_rate,0.6,event_rate=0.6,recipe:silva_2015,literature,burst,interval,median_onset_error,10,-0.00841173,-0.010608,-0.00691366,0.00380248,0.000988514,0.00631135,0.004,2000,10,10,1065,606,0,0
event_rate,0.6,event_rate=0.6,recipe:stella_2019,literature,ripple,interval,median_onset_error,10,0.0121584,0.0113169,0.0131446,0.00132349,0.0003669,0.00236198,0.011,2000,10,10,1150,680,0,0
event_rate,0.6,event_rate=0.6,recipe:tang_2017,literature,ripple,interval,median_onset_error,10,-0.00665824,-0.00748853,-0.00561553,0.00117801,-0.000686519,0.00305227,0.38,2000,10,10,1339,739,0,0
event_rate,0.6,event_rate=0.6,recipe:tirole_2022,literature,network,interval,median_onset_error,10,-0.0140317,-0.01622,-0.011099,0.000338313,-0.00249747,0.00482219,0.633,2000,10,10,964,557,0,0
event_rate,0.6,event_rate=0.6,recipe:widloski_2025,literature,ripple,interval,median_onset_error,10,-0.157597,-0.165362,-0.151424,0.01063,0.00014715,0.0257683,0.044,2000,10,10,837,518,0,0
event_rate,0.6,event_rate=0.6,recipe:widloski_2025_bursts,literature,burst,interval,median_onset_error,10,-0.137752,-0.141465,-0.133007,0.0308208,0.016712,0.0405653,0,2000,10,10,711,518,0,0
event_rate,0.6,event_rate=0.6,recipe:wikenheiser_2013,literature,ripple,interval,median_onset_error,10,-0.0955437,-0.111826,-0.076342,0.0508502,0.0395305,0.0685887,0,2000,10,10,1582,849,0,0
event_rate,0.6,event_rate=0.6,recipe:wu_2014,literature,burst,interval,median_onset_error,10,-0.0149739,-0.0157424,-0.0136683,0.00138232,-0.000716948,0.00396949,0.177,2000,10,10,1528,844,0,0
event_rate,0.6,event_rate=0.6,recipe:wu_2017,literature,burst,interval,median_onset_error,10,0.0115259,0.00978004,0.0134656,-0.000231198,-0.00314287,0.00179078,0.843,2000,10,10,1026,523,0,0
event_rate,0.6,event_rate=0.6,recipe:xu_2019,literature,burst,interval,median_onset_error,10,-0.0033434,-0.00680633,-0.000836544,0.00439766,0.000902487,0.00757618,0.016,2000,10,10,1307,731,0,0
event_rate,0.6,event_rate=0.6,recipe:yamamoto_2017,literature,network,interval,median_onset_error,10,0.0292997,0.0275561,0.0305322,-0.00017699,-0.00224958,0.00174658,0.768,2000,10,10,1062,612,0,0
event_rate,0.6,event_rate=0.6,recipe:yang_2024,literature,network,interval,median_onset_error,10,-0.00972333,-0.0123167,-0.0084175,0.00411206,0.00259339,0.00703452,0,2000,10,10,751,454,0,0
type_mix,reference,reference,Carey_candidate_detector,default,network,interval,median_onset_error,10,0.0023104,0.00123107,0.00399637,0,0,0,1,2000,10,10,891,891,0,0
type_mix,reference,reference,Karlsson_ripple_detector,default,ripple,interval,median_onset_error,10,-0.00783625,-0.0099954,-0.00540774,0,0,0,1,2000,10,10,739,739,0,0
type_mix,reference,reference,Kay_ripple_detector,default,ripple,interval,median_onset_error,10,0.000728616,-0.000438561,0.00163915,0,0,0,1,2000,10,10,844,844,0,0
type_mix,reference,reference,Long_sharp_wave_ripple_detector,default,ripple,interval,median_onset_error,10,0.0121998,0.010706,0.0136956,0,0,0,1,2000,10,10,704,704,0,0
type_mix,reference,reference,Roumis_ripple_detector,default,ripple,interval,median_onset_error,10,0.000534876,-0.000645838,0.00161769,0,0,0,1,2000,10,10,845,845,0,0
type_mix,reference,reference,Shvartsman_ripple_detector,default,ripple,interval,median_onset_error,10,-0.00962531,-0.0115123,-0.00686953,0,0,0,1,2000,10,10,677,677,0,0
type_mix,reference,reference,Yu_ripple_detector,default,ripple,interval,median_onset_error,10,0.00170934,0.000880944,0.00241474,0,0,0,1,2000,10,10,865,865,0,0
type_mix,reference,reference,Zugaro_ripple_detector,default,ripple,interval,median_onset_error,10,0.0139065,0.0128742,0.0155587,0,0,0,1,2000,10,10,689,689,0,0
type_mix,reference,reference,multiunit_HSE_detector,default,burst,interval,median_onset_error,10,-0.0215494,-0.0233774,-0.0202821,0,0,0,1,2000,10,10,911,911,0,0
type_mix,reference,reference,recipe:ambrose_2016,literature,ripple,interval,median_onset_error,10,-0.015743,-0.0177555,-0.0142967,0,0,0,1,2000,10,10,743,743,0,0
type_mix,reference,reference,recipe:bendor_2012,literature,burst,interval,median_onset_error,10,0.011512,0.0104613,0.0123958,0,0,0,1,2000,10,10,655,655,0,0
type_mix,reference,reference,recipe:berners_lee_2021,literature,ripple,interval,median_onset_error,10,-0.0155589,-0.0173479,-0.0133744,0,0,0,1,2000,10,10,806,806,0,0
type_mix,reference,reference,recipe:berners_lee_2022,literature,burst,interval,median_onset_error,10,-0.0130479,-0.0159764,-0.0103579,0,0,0,1,2000,10,10,668,668,0,0
type_mix,reference,reference,recipe:bhattarai_2020,literature,network,interval,median_onset_error,10,-0.0831288,-0.0969635,-0.0720238,0,0,0,1,2000,10,10,418,418,0,0
type_mix,reference,reference,recipe:bhattarai_2020_ripples,literature,ripple,interval,median_onset_error,10,0.00150574,0.00025049,0.00309676,0,0,0,1,2000,10,10,474,474,0,0
type_mix,reference,reference,recipe:bush_2022,literature,burst,interval,median_onset_error,10,0.000963743,-0.000634348,0.00233178,0,0,0,1,2000,10,10,617,617,0,0
type_mix,reference,reference,recipe:carey_2019,literature,network,interval,median_onset_error,10,0.0127066,0.0112533,0.0135894,0,0,0,1,2000,10,10,900,900,0,0
type_mix,reference,reference,recipe:carr_2012,literature,ripple,interval,median_onset_error,10,-0.00783625,-0.0099954,-0.00540774,0,0,0,1,2000,10,10,739,739,0,0
type_mix,reference,reference,recipe:chenani_2019,literature,burst,interval,median_onset_error,10,-0.0188819,-0.021828,-0.0175617,0,0,0,1,2000,10,10,671,671,0,0
type_mix,reference,reference,recipe:davidson_2009,literature,burst,interval,median_onset_error,10,-0.0208446,-0.0222665,-0.0193016,0,0,0,1,2000,10,10,784,784,0,0
type_mix,reference,reference,recipe:denovellis_2021,literature,ripple,interval,median_onset_error,10,0.00103708,7.44804e-05,0.00199106,0,0,0,1,2000,10,10,845,845,0,0
type_mix,reference,reference,recipe:denovellis_2021_mua,literature,burst,interval,median_onset_error,10,-0.0216321,-0.0237751,-0.0199833,0,0,0,1,2000,10,10,910,910,0,0
type_mix,reference,reference,recipe:diba_2007,literature,burst,interval,median_onset_error,10,-0.0727517,-0.099299,-0.0577457,0,0,0,1,2000,10,10,251,251,0,0
type_mix,reference,reference,recipe:drieu_2018,literature,burst,interval,median_onset_error,10,-0.00404978,-0.00568393,-0.00285607,0,0,0,1,2000,10,10,769,769,0,0
type_mix,reference,reference,recipe:farooq_2019_neuron,literature,burst,interval,median_onset_error,10,0.0114778,0.00791052,0.0138605,0,0,0,1,2000,10,10,274,274,0,0
type_mix,reference,reference,recipe:farooq_2019_science,literature,burst,interval,median_onset_error,10,0.0114778,0.0079113,0.0138605,0,0,0,1,2000,10,10,272,272,0,0
type_mix,reference,reference,recipe:farooq_2019_science_awake,literature,burst,interval,median_onset_error,10,0.0114778,0.0079113,0.0138605,0,0,0,1,2000,10,10,272,272,0,0
type_mix,reference,reference,recipe:foster_2006,literature,burst,interval,median_onset_error,10,-0.00603709,-0.0101548,0.00259616,0,0,0,1,2000,10,10,145,145,0,0
type_mix,reference,reference,recipe:foster_2006_ripples,literature,ripple,interval,median_onset_error,10,0.0337426,0.0309958,0.0347633,0,0,0,1,2000,10,10,76,76,0,0
type_mix,reference,reference,recipe:gillespie_2021,literature,ripple,interval,median_onset_error,10,0.000728616,-0.000438561,0.00163915,0,0,0,1,2000,10,10,844,844,0,0
type_mix,reference,reference,recipe:gillespie_2021_mua,literature,burst,interval,median_onset_error,10,-0.0208446,-0.0224039,-0.0192365,0,0,0,1,2000,10,10,804,804,0,0
type_mix,reference,reference,recipe:gridchyn_2020,literature,burst,interval,median_onset_error,10,0.0114932,0.00973624,0.0128004,0,0,0,1,2000,10,10,872,872,0,0
type_mix,reference,reference,recipe:grosmark_2016,literature,network,interval,median_onset_error,10,-0.0138354,-0.0183971,-0.0119283,0,0,0,1,2000,10,10,454,454,0,0
type_mix,reference,reference,recipe:gupta_2010,literature,ripple,interval,median_onset_error,10,0.000649468,-0.000516766,0.00149165,0,0,0,1,2000,10,10,816,816,0,0
type_mix,reference,reference,recipe:harvey_2023_code,literature,ripple,interval,median_onset_error,10,0.0134081,0.0119995,0.0157787,0,0,0,1,2000,10,10,575,575,0,0
type_mix,reference,reference,recipe:harvey_2023_no_radiatum,literature,ripple,interval,median_onset_error,10,2.11699e-05,-0.00315594,0.00152412,0,0,0,1,2000,10,10,609,609,0,0
type_mix,reference,reference,recipe:harvey_2023_text,literature,ripple,interval,median_onset_error,10,0.0143671,0.0133529,0.0152102,0,0,0,1,2000,10,10,617,617,0,0
type_mix,reference,reference,recipe:huelin_gorriz_2023,literature,network,interval,median_onset_error,10,-0.01437,-0.0172593,-0.0127015,0,0,0,1,2000,10,10,557,557,0,0
type_mix,reference,reference,recipe:igata_2021,literature,burst,interval,median_onset_error,10,-0.0208446,-0.0230458,-0.0189872,0,0,0,1,2000,10,10,912,912,0,0
type_mix,reference,reference,recipe:igata_2021_ripples,literature,ripple,interval,median_onset_error,10,0.00117637,0.000836552,0.00170338,0,0,0,1,2000,10,10,890,890,0,0
type_mix,reference,reference,recipe:jadhav_2016,literature,ripple,interval,median_onset_error,10,-0.00782947,-0.0101123,-0.00525858,0,0,0,1,2000,10,10,598,598,0,0
type_mix,reference,reference,recipe:ji_2007,literature,burst,interval,median_onset_error,10,0.0177528,0.0144042,0.0203139,0,0,0,1,2000,10,10,685,685,0,0
type_mix,reference,reference,recipe:ji_2007_ripples,literature,ripple,interval,median_onset_error,10,-0.0533866,-0.183374,0.00947258,0,0,0,1,1989,4,4,5,5,0,0
type_mix,reference,reference,recipe:kaefer_2020,literature,ripple,interval,median_onset_error,10,-0.14672,-0.177766,-0.0950664,0,0,0,1,2000,7,7,11,11,0,0
type_mix,reference,reference,recipe:karlsson_2009,literature,ripple,interval,median_onset_error,10,-0.00783625,-0.0099954,-0.00540774,0,0,0,1,2000,10,10,739,739,0,0
type_mix,reference,reference,recipe:krause_2022,literature,network,interval,median_onset_error,10,0.0144293,0.0122692,0.0163226,0,0,0,1,2000,10,10,676,676,0,0
type_mix,reference,reference,recipe:krause_2022_hse,literature,burst,interval,median_onset_error,10,-0.0323931,-0.0346551,-0.0290887,0,0,0,1,2000,10,10,801,801,0,0
type_mix,reference,reference,recipe:kudrimoti_1999,literature,ripple,interval,median_onset_error,10,0.0318674,0.029584,0.0353648,0,0,0,1,2000,10,10,25,25,0,0
type_mix,reference,reference,recipe:lee_2002,literature,burst,interval,median_onset_error,10,-0.0383037,-0.0457685,-0.0332465,0,0,0,1,2000,10,10,929,929,0,0
type_mix,reference,reference,recipe:lee_2002_ripples,literature,ripple,interval,median_onset_error,10,0.0337426,0.0309958,0.0347633,0,0,0,1,2000,10,10,76,76,0,0
type_mix,reference,reference,recipe:liu_2019,literature,burst,interval,median_onset_error,10,-0.147592,-0.157828,-0.132624,0,0,0,1,2000,10,10,825,825,0,0
type_mix,reference,reference,recipe:liu_2019_awake,literature,burst,interval,median_onset_error,10,-0.147592,-0.157828,-0.132624,0,0,0,1,2000,10,10,825,825,0,0
type_mix,reference,reference,recipe:liu_2023,literature,network,interval,median_onset_error,10,-0.00718578,-0.010088,-0.00536157,0,0,0,1,2000,10,10,470,470,0,0
type_mix,reference,reference,recipe:maboudi_2018,literature,burst,interval,median_onset_error,10,-0.0325385,-0.0350644,-0.0294038,0,0,0,1,2000,10,10,775,775,0,0
type_mix,reference,reference,recipe:maboudi_2018_open_field,literature,burst,interval,median_onset_error,10,-0.00269756,-0.00399852,-8.80208e-05,0,0,0,1,2000,10,10,721,721,0,0
type_mix,reference,reference,recipe:mallory_2025,literature,burst,interval,median_onset_error,10,-0.0155739,-0.0176664,-0.0144297,0,0,0,1,2000,10,10,743,743,0,0
type_mix,reference,reference,recipe:mallory_2025_ripples,literature,ripple,interval,median_onset_error,10,-0.0170396,-0.0193004,-0.0142674,0,0,0,1,2000,10,10,704,704,0,0
type_mix,reference,reference,recipe:michon_2019,literature,network,interval,median_onset_error,10,-0.00165431,-0.00362832,0.000536935,0,0,0,1,2000,10,10,273,273,0,0
type_mix,reference,reference,recipe:michon_2021,literature,network,interval,median_onset_error,10,-0.00165431,-0.00362832,0.000536935,0,0,0,1,2000,10,10,273,273,0,0
type_mix,reference,reference,recipe:mou_2022,literature,burst,interval,median_onset_error,10,-0.0462975,-0.0555394,-0.0401892,0,0,0,1,2000,10,10,838,838,0,0
type_mix,reference,reference,recipe:muessig_2019,literature,network,interval,median_onset_error,10,0.0262498,0.0215342,0.0309892,0,0,0,1,2000,10,10,116,116,0,0
type_mix,reference,reference,recipe:muessig_2019_ripples,literature,ripple,interval,median_onset_error,10,-0.00850545,-0.0108126,-0.00392214,0,0,0,1,2000,10,10,893,893,0,0
type_mix,reference,reference,recipe:nadasdy_1999,literature,ripple,interval,median_onset_error,10,0.00489948,0.00428016,0.00549517,0,0,0,1,2000,10,10,471,471,0,0
type_mix,reference,reference,recipe:olafsdottir_2015,literature,burst,interval,median_onset_error,10,0.00534263,0.00360919,0.00774539,0,0,0,1,2000,10,10,662,662,0,0
type_mix,reference,reference,recipe:olafsdottir_2015.bayesian_candidates,literature,burst,interval,median_onset_error,10,0.004886,0.00284124,0.00630589,0,0,0,1,2000,10,10,599,599,0,0
type_mix,reference,reference,recipe:olafsdottir_2016,literature,burst,interval,median_onset_error,10,0.011116,0.00799637,0.0127389,0,0,0,1,2000,10,10,558,558,0,0
type_mix,reference,reference,recipe:olafsdottir_2017,literature,burst,interval,median_onset_error,10,0.0122048,0.0108757,0.0136994,0,0,0,1,2000,10,10,744,744,0,0
type_mix,reference,reference,recipe:olafsdottir_2017.trajectory,literature,burst,interval,median_onset_error,10,0.011116,0.00799637,0.0127389,0,0,0,1,2000,10,10,558,558,0,0
type_mix,reference,reference,recipe:pfeiffer_2013,literature,burst,interval,median_onset_error,10,-0.00269756,-0.00399852,-8.80208e-05,0,0,0,1,2000,10,10,721,721,0,0
type_mix,reference,reference,recipe:pfeiffer_2013_ripples,literature,ripple,interval,median_onset_error,10,-0.015743,-0.0177555,-0.0142967,0,0,0,1,2000,10,10,743,743,0,0
type_mix,reference,reference,recipe:pfeiffer_2015,literature,ripple,interval,median_onset_error,10,-0.015743,-0.0177555,-0.0142967,0,0,0,1,2000,10,10,743,743,0,0
type_mix,reference,reference,recipe:shin_2019,literature,ripple,interval,median_onset_error,10,-0.00783625,-0.0099954,-0.00540774,0,0,0,1,2000,10,10,739,739,0,0
type_mix,reference,reference,recipe:silva_2015,literature,burst,interval,median_onset_error,10,-0.0122142,-0.0153682,-0.0101496,0,0,0,1,2000,10,10,606,606,0,0
type_mix,reference,reference,recipe:stella_2019,literature,ripple,interval,median_onset_error,10,0.010835,0.0100663,0.0120394,0,0,0,1,2000,10,10,680,680,0,0
type_mix,reference,reference,recipe:tang_2017,literature,ripple,interval,median_onset_error,10,-0.00783625,-0.0099954,-0.00540774,0,0,0,1,2000,10,10,739,739,0,0
type_mix,reference,reference,recipe:tirole_2022,literature,network,interval,median_onset_error,10,-0.01437,-0.0172593,-0.0127015,0,0,0,1,2000,10,10,557,557,0,0
type_mix,reference,reference,recipe:widloski_2025,literature,ripple,interval,median_onset_error,10,-0.168227,-0.180008,-0.160493,0,0,0,1,2000,10,10,518,518,0,0
type_mix,reference,reference,recipe:widloski_2025_bursts,literature,burst,interval,median_onset_error,10,-0.168573,-0.174543,-0.15673,0,0,0,1,2000,10,10,518,518,0,0
type_mix,reference,reference,recipe:wikenheiser_2013,literature,ripple,interval,median_onset_error,10,-0.146394,-0.172799,-0.130138,0,0,0,1,2000,10,10,849,849,0,0
type_mix,reference,reference,recipe:wu_2014,literature,burst,interval,median_onset_error,10,-0.0163562,-0.018528,-0.014373,0,0,0,1,2000,10,10,844,844,0,0
type_mix,reference,reference,recipe:wu_2017,literature,burst,interval,median_onset_error,10,0.0117571,0.00916774,0.0144137,0,0,0,1,2000,10,10,523,523,0,0
type_mix,reference,reference,recipe:xu_2019,literature,burst,interval,median_onset_error,10,-0.00774106,-0.0101589,-0.00488211,0,0,0,1,2000,10,10,731,731,0,0
type_mix,reference,reference,recipe:yamamoto_2017,literature,network,interval,median_onset_error,10,0.0294767,0.0276603,0.0314484,0,0,0,1,2000,10,10,612,612,0,0
type_mix,reference,reference,recipe:yang_2024,literature,network,interval,median_onset_error,10,-0.0138354,-0.0183971,-0.0119283,0,0,0,1,2000,10,10,454,454,0,0
type_mix,swr_only,type_mix=swr_only,Carey_candidate_detector,default,network,interval,median_onset_error,10,0.000628606,-0.000568488,0.00228724,-0.0016818,-0.00282735,-0.000173469,0.031,2000,10,10,1064,891,0,0
type_mix,swr_only,type_mix=swr_only,Karlsson_ripple_detector,default,ripple,interval,median_onset_error,10,-0.00801304,-0.00968976,-0.00679563,-0.000176792,-0.00255582,0.00187769,0.839,2000,10,10,992,739,0,0
type_mix,swr_only,type_mix=swr_only,Kay_ripple_detector,default,ripple,interval,median_onset_error,10,-6.69299e-05,-0.000669468,0.00063147,-0.000795545,-0.0011936,2.56901e-05,0.058,2000,10,10,1063,844,0,0
type_mix,swr_only,type_mix=swr_only,Long_sharp_wave_ripple_detector,default,ripple,interval,median_onset_error,10,0.0115692,0.0105302,0.0120594,-0.000630635,-0.00197925,0.000399083,0.175,2000,10,10,834,704,0,0
type_mix,swr_only,type_mix=swr_only,Roumis_ripple_detector,default,ripple,interval,median_onset_error,10,-0.000210244,-0.00106633,0.000588152,-0.000745119,-0.00125654,-5.16894e-05,0.04,2000,10,10,1068,845,0,0
type_mix,swr_only,type_mix=swr_only,Shvartsman_ripple_detector,default,ripple,interval,median_onset_error,10,-0.00891552,-0.0107129,-0.00711522,0.000709785,-0.00158064,0.00244525,0.589,2000,10,10,920,677,0,0
type_mix,swr_only,type_mix=swr_only,Yu_ripple_detector,default,ripple,interval,median_onset_error,10,0.000955421,0.000297571,0.00151061,-0.000753923,-0.00131267,-7.71728e-05,0.031,2000,10,10,1071,865,0,0
type_mix,swr_only,type_mix=swr_only,Zugaro_ripple_detector,default,ripple,interval,median_onset_error,10,0.0144614,0.013603,0.0154515,0.000554935,-0.00109017,0.00138644,0.472,2000,10,10,864,689,0,0
type_mix,swr_only,type_mix=swr_only,multiunit_HSE_detector,default,burst,interval,median_onset_error,10,-0.0198375,-0.0214923,-0.0186946,0.00171193,-0.000294135,0.00378177,0.08,2000,10,10,1053,911,0,0
type_mix,swr_only,type_mix=swr_only,recipe:ambrose_2016,literature,ripple,interval,median_onset_error,10,-0.0157167,-0.0174689,-0.0143728,2.62236e-05,-0.00060134,0.000835424,0.948,2000,10,10,1028,743,0,0
type_mix,swr_only,type_mix=swr_only,recipe:bendor_2012,literature,burst,interval,median_onset_error,10,0.011129,0.00968074,0.0117853,-0.000383007,-0.00169779,0.000561906,0.352,2000,10,10,790,655,0,0
type_mix,swr_only,type_mix=swr_only,recipe:berners_lee_2021,literature,ripple,interval,median_onset_error,10,-0.0161679,-0.0173052,-0.0143405,-0.000608981,-0.00135827,0.000348705,0.291,2000,10,10,1067,806,0,0
type_mix,swr_only,type_mix=swr_only,recipe:berners_lee_2022,literature,burst,interval,median_onset_error,10,-0.0111467,-0.0127945,-0.010138,0.0019012,-0.00181232,0.00496611,0.329,2000,10,10,759,668,0,0
type_mix,swr_only,type_mix=swr_only,recipe:bhattarai_2020,literature,network,interval,median_onset_error,10,-0.0837112,-0.104822,-0.0757071,-0.000582436,-0.0255206,0.0160049,0.862,2000,10,10,567,418,0,0
type_mix,swr_only,type_mix=swr_only,recipe:bhattarai_2020_ripples,literature,ripple,interval,median_onset_error,10,0.00309983,0.00214419,0.00429307,0.00159409,2.73412e-05,0.00305299,0.047,2000,10,10,640,474,0,0
type_mix,swr_only,type_mix=swr_only,recipe:bush_2022,literature,burst,interval,median_onset_error,10,0.000978015,-0.000750023,0.00196447,1.42724e-05,-0.00150743,0.00116272,0.808,2000,10,10,774,617,0,0
type_mix,swr_only,type_mix=swr_only,recipe:carey_2019,literature,network,interval,median_onset_error,10,0.0101529,0.00928952,0.0110792,-0.00255364,-0.00337771,-0.00151283,0,2000,10,10,1056,900,0,0
type_mix,swr_only,type_mix=swr_only,recipe:carr_2012,literature,ripple,interval,median_onset_error,10,-0.00801304,-0.00968976,-0.00679563,-0.000176792,-0.00255582,0.00187769,0.839,2000,10,10,992,739,0,0
type_mix,swr_only,type_mix=swr_only,recipe:chenani_2019,literature,burst,interval,median_onset_error,10,-0.0194912,-0.0214453,-0.0175733,-0.000609363,-0.00299339,0.00244617,0.781,2000,10,10,837,671,0,0
type_mix,swr_only,type_mix=swr_only,recipe:davidson_2009,literature,burst,interval,median_onset_error,10,-0.01875,-0.0206211,-0.0170964,0.00209455,6.95408e-05,0.00451637,0.045,2000,10,10,957,784,0,0
type_mix,swr_only,type_mix=swr_only,recipe:denovellis_2021,literature,ripple,interval,median_onset_error,10,0.000187707,-0.000614792,0.00103954,-0.000849375,-0.00134797,-0.000399853,0,2000,10,10,1059,845,0,0
type_mix,swr_only,type_mix=swr_only,recipe:denovellis_2021_mua,literature,burst,interval,median_onset_error,10,-0.0199354,-0.0214565,-0.0185156,0.00169672,-0.000137444,0.00419823,0.078,2000,10,10,1052,910,0,0
type_mix,swr_only,type_mix=swr_only,recipe:diba_2007,literature,burst,interval,median_onset_error,10,-0.0711867,-0.0859305,-0.0423689,0.00156497,-0.0112049,0.0236191,0.558,2000,10,10,302,251,0,0
type_mix,swr_only,type_mix=swr_only,recipe:drieu_2018,literature,burst,interval,median_onset_error,10,-0.00521587,-0.00610457,-0.0041547,-0.00116609,-0.00263568,0.000749356,0.247,2000,10,10,949,769,0,0
type_mix,swr_only,type_mix=swr_only,recipe:farooq_2019_neuron,literature,burst,interval,median_onset_error,10,0.00907666,0.00740679,0.0118102,-0.00240111,-0.00382779,-7.96006e-05,0.046,2000,10,10,289,274,0,0
type_mix,swr_only,type_mix=swr_only,recipe:farooq_2019_science,literature,burst,interval,median_onset_error,10,0.00905106,0.00735386,0.0115879,-0.00242671,-0.00404862,-0.000188032,0.04,2000,10,10,287,272,0,0
type_mix,swr_only,type_mix=swr_only,recipe:farooq_2019_science_awake,literature,burst,interval,median_onset_error,10,0.00905106,0.00735386,0.0115879,-0.00242671,-0.00404862,-0.000188032,0.04,2000,10,10,287,272,0,0
type_mix,swr_only,type_mix=swr_only,recipe:foster_2006,literature,burst,interval,median_onset_error,10,-0.0113884,-0.0153634,-0.00540497,-0.00535134,-0.0136148,0.0026552,0.231,2000,10,10,157,145,0,0
type_mix,swr_only,type_mix=swr_only,recipe:foster_2006_ripples,literature,ripple,interval,median_onset_error,10,0.0332687,0.0319925,0.0373166,-0.000473906,-0.00222239,0.00469863,0.883,2000,10,10,100,76,0,0
type_mix,swr_only,type_mix=swr_only,recipe:gillespie_2021,literature,ripple,interval,median_onset_error,10,-6.69299e-05,-0.000669468,0.00063147,-0.000795545,-0.0011936,2.56901e-05,0.058,2000,10,10,1063,844,0,0
type_mix,swr_only,type_mix=swr_only,recipe:gillespie_2021_mua,literature,burst,interval,median_onset_error,10,-0.0187189,-0.0206211,-0.0171823,0.00212565,-0.000237486,0.00434404,0.078,2000,10,10,979,804,0,0
type_mix,swr_only,type_mix=swr_only,recipe:gridchyn_2020,literature,burst,interval,median_onset_error,10,0.0118132,0.00958939,0.013416,0.000320078,-0.00201135,0.00271413,0.893,2000,10,10,1032,872,0,0
type_mix,swr_only,type_mix=swr_only,recipe:grosmark_2016,literature,network,interval,median_onset_error,10,-0.0187909,-0.0220628,-0.016107,-0.0049555,-0.0084417,-0.00132134,0.006,2000,10,10,639,454,0,0
type_mix,swr_only,type_mix=swr_only,recipe:gupta_2010,literature,ripple,interval,median_onset_error,10,-0.00135814,-0.00202865,-0.000590372,-0.00200761,-0.00245675,-0.00110414,0,2000,10,10,957,816,0,0
type_mix,swr_only,type_mix=swr_only,recipe:harvey_2023_code,literature,ripple,interval,median_onset_error,10,0.0119289,0.0109904,0.0126783,-0.00147916,-0.00356027,-0.000127129,0.035,2000,10,10,741,575,0,0
type_mix,swr_only,type_mix=swr_only,recipe:harvey_2023_no_radiatum,literature,ripple,interval,median_onset_error,10,0.00284488,-0.000672622,0.00415532,0.00282371,5.64943e-05,0.00559878,0.049,2000,10,10,892,609,0,0
type_mix,swr_only,type_mix=swr_only,recipe:harvey_2023_text,literature,ripple,interval,median_onset_error,10,0.0144262,0.0139821,0.015383,5.9075e-05,-0.000797995,0.00117168,0.692,2000,10,10,764,617,0,0
type_mix,swr_only,type_mix=swr_only,recipe:huelin_gorriz_2023,literature,network,interval,median_onset_error,10,-0.0160969,-0.019918,-0.0139278,-0.00172692,-0.00553924,0.00179152,0.391,2000,10,10,738,557,0,0
type_mix,swr_only,type_mix=swr_only,recipe:igata_2021,literature,burst,interval,median_onset_error,10,-0.0191823,-0.0208256,-0.0176786,0.00166231,-0.000216153,0.00390918,0.081,2000,10,10,1055,912,0,0
type_mix,swr_only,type_mix=swr_only,recipe:igata_2021_ripples,literature,ripple,interval,median_onset_error,10,0.000518417,0.00019943,0.00112092,-0.000657954,-0.00131556,0,0.051,2000,10,10,1024,890,0,0
type_mix,swr_only,type_mix=swr_only,recipe:jadhav_2016,literature,ripple,interval,median_onset_error,10,-0.00756788,-0.00929123,-0.00650891,0.000261584,-0.00190092,0.0018877,0.997,2000,10,10,819,598,0,0
type_mix,swr_only,type_mix=swr_only,recipe:ji_2007,literature,burst,interval,median_onset_error,10,0.012737,0.0108545,0.0149522,-0.00501582,-0.00878142,-0.000853908,0.011,2000,10,10,872,685,0,0
type_mix,swr_only,type_mix=swr_only,recipe:ji_2007_ripples,literature,ripple,interval,median_onset_error,10,-0.0533866,-0.200438,0.0114347,0,-0.209911,0.194809,1,1982,4,4,5,5,0,0
type_mix,swr_only,type_mix=swr_only,recipe:kaefer_2020,literature,ripple,interval,median_onset_error,10,-0.213769,-0.250708,-0.14672,-0.0670488,-0.148965,-0.00093592,0.0462544,1989,4,7,4,11,0,0
type_mix,swr_only,type_mix=swr_only,recipe:karlsson_2009,literature,ripple,interval,median_onset_error,10,-0.00801304,-0.00968976,-0.00679563,-0.000176792,-0.00255582,0.00187769,0.839,2000,10,10,992,739,0,0
type_mix,swr_only,type_mix=swr_only,recipe:krause_2022,literature,network,interval,median_onset_error,10,0.0131392,0.0114227,0.0154012,-0.00129002,-0.00339265,0.000911512,0.322,2000,10,10,963,676,0,0
type_mix,swr_only,type_mix=swr_only,recipe:krause_2022_hse,literature,burst,interval,median_onset_error,10,-0.0294912,-0.0316238,-0.0272659,0.00290182,-0.000918219,0.00659658,0.158,2000,10,10,969,801,0,0
type_mix,swr_only,type_mix=swr_only,recipe:kudrimoti_1999,literature,ripple,interval,median_onset_error,10,0.0375392,0.0318674,0.0422456,0.00567178,-0.00132297,0.00954083,0.109,2000,10,10,29,25,0,0
type_mix,swr_only,type_mix=swr_only,recipe:lee_2002,literature,burst,interval,median_onset_error,10,-0.0296606,-0.0329421,-0.025659,0.00864313,0.00453303,0.0146877,0,2000,10,10,1061,929,0,0
type_mix,swr_only,type_mix=swr_only,recipe:lee_2002_ripples,literature,ripple,interval,median_onset_error,10,0.0332687,0.0319925,0.0373166,-0.000473906,-0.00222239,0.00469863,0.883,2000,10,10,100,76,0,0
type_mix,swr_only,type_mix=swr_only,recipe:liu_2019,literature,burst,interval,median_onset_error,10,-0.138575,-0.160432,-0.122241,0.0090173,-0.0142581,0.0240363,0.565,2000,10,10,938,825,0,0
type_mix,swr_only,type_mix=swr_only,recipe:liu_2019_awake,literature,burst,interval,median_onset_error,10,-0.138575,-0.160432,-0.122241,0.0090173,-0.0142581,0.0240363,0.565,2000,10,10,938,825,0,0
type_mix,swr_only,type_mix=swr_only,recipe:liu_2023,literature,network,interval,median_onset_error,10,-0.00950072,-0.0122913,-0.00806,-0.00231494,-0.00594846,0.000920344,0.232,2000,10,10,585,470,0,0
type_mix,swr_only,type_mix=swr_only,recipe:maboudi_2018,literature,burst,interval,median_onset_error,10,-0.0294254,-0.0310151,-0.0272694,0.00311306,-0.0005393,0.00714222,0.11,2000,10,10,958,775,0,0
type_mix,swr_only,type_mix=swr_only,recipe:maboudi_2018_open_field,literature,burst,interval,median_onset_error,10,-0.00275092,-0.00334097,-0.00155708,-5.33559e-05,-0.00259658,0.00173222,0.909,2000,10,10,895,721,0,0
type_mix,swr_only,type_mix=swr_only,recipe:mallory_2025,literature,burst,interval,median_onset_error,10,-0.0160412,-0.0182075,-0.0147595,-0.000467298,-0.00198701,0.00091656,0.488,2000,10,10,929,743,0,0
type_mix,swr_only,type_mix=swr_only,recipe:mallory_2025_ripples,literature,ripple,interval,median_onset_error,10,-0.0169401,-0.0181189,-0.0140211,9.94254e-05,-0.00180333,0.00212469,0.688,2000,10,10,962,704,0,0
type_mix,swr_only,type_mix=swr_only,recipe:michon_2019,literature,network,interval,median_onset_error,10,-0.001806,-0.00399196,-0.000175339,-0.000151691,-0.00306995,0.00293744,0.999,2000,10,10,321,273,0,0
type_mix,swr_only,type_mix=swr_only,recipe:michon_2021,literature,network,interval,median_onset_error,10,-0.001806,-0.00399196,-0.000175339,-0.000151691,-0.00306995,0.00293744,0.999,2000,10,10,321,273,0,0
type_mix,swr_only,type_mix=swr_only,recipe:mou_2022,literature,burst,interval,median_onset_error,10,-0.0507143,-0.0585335,-0.0403046,-0.00441681,-0.0145231,0.00629802,0.505,2000,10,10,1000,838,0,0
type_mix,swr_only,type_mix=swr_only,recipe:muessig_2019,literature,network,interval,median_onset_error,10,0.0170723,0.015624,0.0195258,-0.00917748,-0.0134841,-0.00410933,0.001,2000,10,10,101,116,0,0
type_mix,swr_only,type_mix=swr_only,recipe:muessig_2019_ripples,literature,ripple,interval,median_onset_error,10,-0.00762087,-0.0105424,-0.0043456,0.000884586,-0.00270919,0.00313241,0.635,2000,10,10,1014,893,0,0
type_mix,swr_only,type_mix=swr_only,recipe:nadasdy_1999,literature,ripple,interval,median_onset_error,10,0.00425716,0.00356962,0.00487525,-0.000642319,-0.00154486,0.00017747,0.121,2000,10,10,594,471,0,0
type_mix,swr_only,type_mix=swr_only,recipe:olafsdottir_2015,literature,burst,interval,median_onset_error,10,0.00291109,0.00144412,0.00519993,-0.00243154,-0.005103,-0.000177011,0.032,2000,10,10,849,662,0,0
type_mix,swr_only,type_mix=swr_only,recipe:olafsdottir_2015.bayesian_candidates,literature,burst,interval,median_onset_error,10,0.00174967,0.000473787,0.00337809,-0.00313634,-0.00529365,-0.00060439,0.015,2000,10,10,755,599,0,0
type_mix,swr_only,type_mix=swr_only,recipe:olafsdottir_2016,literature,burst,interval,median_onset_error,10,0.00770211,0.00689816,0.00890111,-0.00341391,-0.00510713,-0.000199912,0.044,2000,10,10,695,558,0,0
type_mix,swr_only,type_mix=swr_only,recipe:olafsdottir_2017,literature,burst,interval,median_onset_error,10,0.00836006,0.00740679,0.00969939,-0.00384473,-0.0055316,-0.00218049,0.003,2000,10,10,906,744,0,0
type_mix,swr_only,type_mix=swr_only,recipe:olafsdottir_2017.trajectory,literature,burst,interval,median_onset_error,10,0.00770211,0.00689816,0.00890111,-0.00341391,-0.00510713,-0.000199912,0.044,2000,10,10,695,558,0,0
type_mix,swr_only,type_mix=swr_only,recipe:pfeiffer_2013,literature,burst,interval,median_onset_error,10,-0.00275092,-0.00334097,-0.00155708,-5.33559e-05,-0.00259658,0.00173222,0.909,2000,10,10,895,721,0,0
type_mix,swr_only,type_mix=swr_only,recipe:pfeiffer_2013_ripples,literature,ripple,interval,median_onset_error,10,-0.0157167,-0.0174689,-0.0143728,2.62236e-05,-0.00060134,0.000835424,0.948,2000,10,10,1028,743,0,0
type_mix,swr_only,type_mix=swr_only,recipe:pfeiffer_2015,literature,ripple,interval,median_onset_error,10,-0.0157295,-0.0175035,-0.0143728,1.34162e-05,-0.000619902,0.00079239,0.999,2000,10,10,1027,743,0,0
type_mix,swr_only,type_mix=swr_only,recipe:shin_2019,literature,ripple,interval,median_onset_error,10,-0.00801304,-0.00968976,-0.00679563,-0.000176792,-0.00255582,0.00187769,0.839,2000,10,10,992,739,0,0
type_mix,swr_only,type_mix=swr_only,recipe:silva_2015,literature,burst,interval,median_onset_error,10,-0.011747,-0.013859,-0.0101648,0.000467206,-0.00145412,0.00238339,0.598,2000,10,10,712,606,0,0
type_mix,swr_only,type_mix=swr_only,recipe:stella_2019,literature,ripple,interval,median_onset_error,10,0.01166,0.0106884,0.0123801,0.000825012,-0.000203864,0.001486,0.083,2000,10,10,836,680,0,0
type_mix,swr_only,type_mix=swr_only,recipe:tang_2017,literature,ripple,interval,median_onset_error,10,-0.00801304,-0.00968976,-0.00679563,-0.000176792,-0.00255582,0.00187769,0.839,2000,10,10,992,739,0,0
type_mix,swr_only,type_mix=swr_only,recipe:tirole_2022,literature,network,interval,median_onset_error,10,-0.0161022,-0.0200878,-0.0139278,-0.00173223,-0.00562244,0.00176538,0.374,2000,10,10,739,557,0,0
type_mix,swr_only,type_mix=swr_only,recipe:widloski_2025,literature,ripple,interval,median_onset_error,10,-0.156587,-0.164689,-0.145759,0.0116403,0.00474132,0.0244178,0,2000,10,10,727,518,0,0
type_mix,swr_only,type_mix=swr_only,recipe:widloski_2025_bursts,literature,burst,interval,median_onset_error,10,-0.162231,-0.17249,-0.154518,0.00634248,-0.00372497,0.0157408,0.243,2000,10,10,595,518,0,0
type_mix,swr_only,type_mix=swr_only,recipe:wikenheiser_2013,literature,ripple,interval,median_onset_error,10,-0.135031,-0.156131,-0.113931,0.0113629,0.00712341,0.0242115,0.003,2000,10,10,1047,849,0,0
type_mix,swr_only,type_mix=swr_only,recipe:wu_2014,literature,burst,interval,median_onset_error,10,-0.0180865,-0.0197655,-0.0165045,-0.00173036,-0.00502498,0.00134625,0.408,2000,10,10,1018,844,0,0
type_mix,swr_only,type_mix=swr_only,recipe:wu_2017,literature,burst,interval,median_onset_error,10,0.00914551,0.00745788,0.0104264,-0.00261158,-0.00502114,-0.000595242,0.015,2000,10,10,685,523,0,0
type_mix,swr_only,type_mix=swr_only,recipe:xu_2019,literature,burst,interval,median_onset_error,10,-0.0084573,-0.0106759,-0.00663543,-0.000716239,-0.0033132,0.00148454,0.478,2000,10,10,906,731,0,0
type_mix,swr_only,type_mix=swr_only,recipe:yamamoto_2017,literature,network,interval,median_onset_error,10,0.0241325,0.0227039,0.0259122,-0.00534414,-0.0066136,-0.00347416,0,2000,10,10,819,612,0,0
type_mix,swr_only,type_mix=swr_only,recipe:yang_2024,literature,network,interval,median_onset_error,10,-0.0187909,-0.0220628,-0.016107,-0.0049555,-0.0084417,-0.00132134,0.006,2000,10,10,639,454,0,0
type_mix,hard,type_mix=hard,Carey_candidate_detector,default,network,interval,median_onset_error,10,0.00596415,0.00336879,0.00803412,0.00365375,0.000700502,0.00551405,0.022,2000,10,10,807,891,0,0
type_mix,hard,type_mix=hard,Karlsson_ripple_detector,default,ripple,interval,median_onset_error,10,-0.00851405,-0.0111898,-0.00615906,-0.000677796,-0.00347581,0.00143907,0.522,2000,10,10,516,739,0,0
type_mix,hard,type_mix=hard,Kay_ripple_detector,default,ripple,interval,median_onset_error,10,0.000759384,8.16099e-05,0.00149022,3.07681e-05,-0.000620963,0.00101833,0.721,2000,10,10,650,844,0,0
type_mix,hard,type_mix=hard,Long_sharp_wave_ripple_detector,default,ripple,interval,median_onset_error,10,0.0126689,0.0108902,0.0144025,0.00046915,-0.00113837,0.00230234,0.66,2000,10,10,559,704,0,0
type_mix,hard,type_mix=hard,Roumis_ripple_detector,default,ripple,interval,median_onset_error,10,0.000713357,-0.000218446,0.00143065,0.000178481,-0.000861586,0.00123304,0.754,2000,10,10,644,845,0,0
type_mix,hard,type_mix=hard,Shvartsman_ripple_detector,default,ripple,interval,median_onset_error,10,-0.010937,-0.0136214,-0.00851405,-0.00131166,-0.00419727,0.000568515,0.191,2000,10,10,457,677,0,0
type_mix,hard,type_mix=hard,Yu_ripple_detector,default,ripple,interval,median_onset_error,10,0.00221714,0.00123293,0.00301449,0.000507793,2.66932e-05,0.00111565,0.039,2000,10,10,680,865,0,0
type_mix,hard,type_mix=hard,Zugaro_ripple_detector,default,ripple,interval,median_onset_error,10,0.0144625,0.0132925,0.0155372,0.000556026,-0.00116502,0.00180027,0.506,2000,10,10,508,689,0,0
type_mix,hard,type_mix=hard,multiunit_HSE_detector,default,burst,interval,median_onset_error,10,-0.019801,-0.0237502,-0.0173167,0.0017484,-0.00120903,0.00378063,0.143,2000,10,10,838,911,0,0
type_mix,hard,type_mix=hard,recipe:ambrose_2016,literature,ripple,interval,median_onset_error,10,-0.0207632,-0.0230781,-0.0158564,-0.00502022,-0.00671263,-0.00117689,0.004,2000,10,10,528,743,0,0
type_mix,hard,type_mix=hard,recipe:bendor_2012,literature,burst,interval,median_onset_error,10,0.0117763,0.00889973,0.0153095,0.000264252,-0.00248309,0.00370355,0.784,2000,10,10,534,655,0,0
type_mix,hard,type_mix=hard,recipe:berners_lee_2021,literature,ripple,interval,median_onset_error,10,-0.0166664,-0.0209303,-0.0140497,-0.00110756,-0.00387175,0.000355445,0.127,2000,10,10,613,806,0,0
type_mix,hard,type_mix=hard,recipe:berners_lee_2022,literature,burst,interval,median_onset_error,10,-0.015564,-0.0207237,-0.0123541,-0.00251603,-0.00734339,0.00126047,0.197,2000,10,10,574,668,0,0
type_mix,hard,type_mix=hard,recipe:bhattarai_2020,literature,network,interval,median_onset_error,10,-0.091461,-0.121731,-0.0673344,-0.0083322,-0.0379474,0.0188594,0.525,2000,10,10,272,418,0,0
type_mix,hard,type_mix=hard,recipe:bhattarai_2020_ripples,literature,ripple,interval,median_onset_error,10,0.000555343,-0.00161616,0.00200415,-0.000950394,-0.00349726,0.00134787,0.464,2000,10,10,300,474,0,0
type_mix,hard,type_mix=hard,recipe:bush_2022,literature,burst,interval,median_onset_error,10,0.00268413,0.00124975,0.0043752,0.00172039,1.70957e-05,0.00419934,0.048,2000,10,10,469,617,0,0
type_mix,hard,type_mix=hard,recipe:carey_2019,literature,network,interval,median_onset_error,10,0.0169812,0.0143457,0.0196994,0.00427458,0.00192775,0.0065667,0,2000,10,10,823,900,0,0
type_mix,hard,type_mix=hard,recipe:carr_2012,literature,ripple,interval,median_onset_error,10,-0.00851405,-0.0111898,-0.00615906,-0.000677796,-0.00347581,0.00143907,0.522,2000,10,10,516,739,0,0
type_mix,hard,type_mix=hard,recipe:chenani_2019,literature,burst,interval,median_onset_error,10,-0.0180581,-0.02058,-0.0152772,0.000823772,-0.00165579,0.00372286,0.515,2000,10,10,520,671,0,0
type_mix,hard,type_mix=hard,recipe:davidson_2009,literature,burst,interval,median_onset_error,10,-0.0200199,-0.0239477,-0.0176494,0.000824706,-0.00292362,0.00348766,0.584,2000,10,10,691,784,0,0
type_mix,hard,type_mix=hard,recipe:denovellis_2021,literature,ripple,interval,median_onset_error,10,0.000748277,4.32148e-05,0.00174257,-0.000288805,-0.00130144,0.000970386,0.67,2000,10,10,643,845,0,0
type_mix,hard,type_mix=hard,recipe:denovellis_2021_mua,literature,burst,interval,median_onset_error,10,-0.0194443,-0.0236339,-0.0172543,0.00218782,-0.000974144,0.00414679,0.162,2000,10,10,837,910,0,0
type_mix,hard,type_mix=hard,recipe:diba_2007,literature,burst,interval,median_onset_error,10,-0.0650964,-0.100917,-0.0414176,0.00765527,-0.0159379,0.0284977,0.311,2000,10,10,177,251,0,0
type_mix,hard,type_mix=hard,recipe:drieu_2018,literature,burst,interval,median_onset_error,10,-0.00272273,-0.0045156,-0.000510168,0.00132705,-0.00110531,0.00375987,0.272,2000,10,10,614,769,0,0
type_mix,hard,type_mix=hard,recipe:farooq_2019_neuron,literature,burst,interval,median_onset_error,10,0.0119427,0.0105959,0.0135261,0.000464982,-0.002189,0.00413209,0.689,2000,10,10,251,274,0,0
type_mix,hard,type_mix=hard,recipe:farooq_2019_science,literature,burst,interval,median_onset_error,10,0.0120521,0.0107993,0.013624,0.000574366,-0.00223202,0.00419624,0.66,2000,10,10,250,272,0,0
type_mix,hard,type_mix=hard,recipe:farooq_2019_science_awake,literature,burst,interval,median_onset_error,10,0.0120521,0.0107993,0.013624,0.000574366,-0.00223202,0.00419624,0.66,2000,10,10,250,272,0,0
type_mix,hard,type_mix=hard,recipe:foster_2006,literature,burst,interval,median_onset_error,10,-0.00447644,-0.0134176,-0.00303224,0.00156065,-0.00605584,0.00442489,0.541,2000,10,10,107,145,0,0
type_mix,hard,type_mix=hard,recipe:foster_2006_ripples,literature,ripple,interval,median_onset_error,10,0.0319841,0.0297215,0.0332007,-0.00175851,-0.00368095,0.000979531,0.161,2000,10,10,77,76,0,0
type_mix,hard,type_mix=hard,recipe:gillespie_2021,literature,ripple,interval,median_onset_error,10,0.000759384,8.16099e-05,0.00149022,3.07681e-05,-0.000620963,0.00101833,0.721,2000,10,10,650,844,0,0
type_mix,hard,type_mix=hard,recipe:gillespie_2021_mua,literature,burst,interval,median_onset_error,10,-0.020111,-0.0243656,-0.0177631,0.000733601,-0.00293179,0.00321655,0.69,2000,10,10,707,804,0,0
type_mix,hard,type_mix=hard,recipe:gridchyn_2020,literature,burst,interval,median_onset_error,10,0.0144936,0.0116498,0.0178905,0.00300047,9.6688e-05,0.00668501,0.041,2000,10,10,809,872,0,0
type_mix,hard,type_mix=hard,recipe:grosmark_2016,literature,network,interval,median_onset_error,10,-0.0127116,-0.017447,-0.0103159,0.00112381,-0.00251053,0.00358021,0.49,2000,10,10,325,454,0,0
type_mix,hard,type_mix=hard,recipe:gupta_2010,literature,ripple,interval,median_onset_error,10,0.00109012,0.000522521,0.00209915,0.000440648,-0.000337283,0.00204731,0.358,2000,10,10,728,816,0,0
type_mix,hard,type_mix=hard,recipe:harvey_2023_code,literature,ripple,interval,median_onset_error,10,0.0146046,0.0129627,0.0173277,0.00119649,-0.00135637,0.00385298,0.36,2000,10,10,427,575,0,0
type_mix,hard,type_mix=hard,recipe:harvey_2023_no_radiatum,literature,ripple,interval,median_onset_error,10,-0.0067025,-0.0125874,0.000671269,-0.00672367,-0.0104682,-0.000581927,0.008,2000,10,10,404,609,0,0
type_mix,hard,type_mix=hard,recipe:harvey_2023_text,literature,ripple,interval,median_onset_error,10,0.0145161,0.0134149,0.0155515,0.000148924,-0.00116241,0.00117822,0.808,2000,10,10,440,617,0,0
type_mix,hard,type_mix=hard,recipe:huelin_gorriz_2023,literature,network,interval,median_onset_error,10,-0.0121591,-0.0164225,-0.00928677,0.00221084,-0.00185573,0.0053183,0.294,2000,10,10,358,557,0,0
type_mix,hard,type_mix=hard,recipe:igata_2021,literature,burst,interval,median_onset_error,10,-0.0191028,-0.0228297,-0.0159826,0.00174182,-0.000280659,0.00412739,0.075,2000,10,10,842,912,0,0
type_mix,hard,type_mix=hard,recipe:igata_2021_ripples,literature,ripple,interval,median_onset_error,10,0.000632391,0.00025062,0.00110897,-0.000543981,-0.0011168,-3.18258e-06,0.048,2000,10,10,745,890,0,0
type_mix,hard,type_mix=hard,recipe:jadhav_2016,literature,ripple,interval,median_onset_error,10,-0.00964376,-0.0133127,-0.00654911,-0.00181429,-0.00534268,0.000326544,0.096,2000,10,10,410,598,0,0
type_mix,hard,type_mix=hard,recipe:ji_2007,literature,burst,interval,median_onset_error,10,0.0190972,0.0154717,0.0222598,0.00134441,-0.00421847,0.00622021,0.64,2000,10,10,578,685,0,0
type_mix,hard,type_mix=hard,recipe:ji_2007_ripples,literature,ripple,interval,median_onset_error,10,-0.0651984,-0.128432,-0.0224208,-0.0118118,-0.0864827,0.106364,1,1936,3,4,4,5,0,0
type_mix,hard,type_mix=hard,recipe:kaefer_2020,literature,ripple,interval,median_onset_error,10,-0.127322,-0.177766,-0.0708426,0.0193983,-0.0413642,0.0739543,0.582,2000,8,7,10,11,0,0
type_mix,hard,type_mix=hard,recipe:karlsson_2009,literature,ripple,interval,median_onset_error,10,-0.00851405,-0.0111898,-0.00615906,-0.000677796,-0.00347581,0.00143907,0.522,2000,10,10,516,739,0,0
type_mix,hard,type_mix=hard,recipe:krause_2022,literature,network,interval,median_onset_error,10,0.0138552,0.0117498,0.0149893,-0.000574076,-0.00197235,0.0010331,0.491,2000,10,10,454,676,0,0
type_mix,hard,type_mix=hard,recipe:krause_2022_hse,literature,burst,interval,median_onset_error,10,-0.0317294,-0.0361078,-0.0293715,0.000663676,-0.00511928,0.00392303,0.995,2000,10,10,716,801,0,0
type_mix,hard,type_mix=hard,recipe:kudrimoti_1999,literature,ripple,interval,median_onset_error,10,0.0292025,0.00865127,0.0385478,-0.0026649,-0.0230962,0.00832816,0.655,2000,7,10,10,25,0,0
type_mix,hard,type_mix=hard,recipe:lee_2002,literature,burst,interval,median_onset_error,10,-0.0299049,-0.0338511,-0.026535,0.00839883,0.00119963,0.0166236,0.026,2000,10,10,841,929,0,0
type_mix,hard,type_mix=hard,recipe:lee_2002_ripples,literature,ripple,interval,median_onset_error,10,0.0319841,0.0297215,0.0332007,-0.00175851,-0.00368095,0.000979531,0.161,2000,10,10,77,76,0,0
type_mix,hard,type_mix=hard,recipe:liu_2019,literature,burst,interval,median_onset_error,10,-0.132433,-0.142621,-0.122019,0.0151597,-0.00865441,0.0286059,0.231,2000,10,10,770,825,0,0
type_mix,hard,type_mix=hard,recipe:liu_2019_awake,literature,burst,interval,median_onset_error,10,-0.132433,-0.142621,-0.122019,0.0151597,-0.00865441,0.0286059,0.231,2000,10,10,770,825,0,0
type_mix,hard,type_mix=hard,recipe:liu_2023,literature,network,interval,median_onset_error,10,-0.00223455,-0.00654776,-0.000359067,0.00495123,0.00210252,0.00800157,0.001,2000,10,10,325,470,0,0
type_mix,hard,type_mix=hard,recipe:maboudi_2018,literature,burst,interval,median_onset_error,10,-0.0341093,-0.0392443,-0.0305179,-0.00157079,-0.00727906,0.00273759,0.495,2000,10,10,666,775,0,0
type_mix,hard,type_mix=hard,recipe:maboudi_2018_open_field,literature,burst,interval,median_onset_error,10,-0.000505151,-0.00331613,0.000799784,0.00219241,-0.000108942,0.00313076,0.065,2000,10,10,567,721,0,0
type_mix,hard,type_mix=hard,recipe:mallory_2025,literature,burst,interval,median_onset_error,10,-0.0154831,-0.0176817,-0.0135724,9.07564e-05,-0.00221813,0.00300496,0.829,2000,10,10,599,743,0,0
type_mix,hard,type_mix=hard,recipe:mallory_2025_ripples,literature,ripple,interval,median_onset_error,10,-0.0187565,-0.020855,-0.0162887,-0.00171696,-0.00394358,-6.6073e-05,0.042,2000,10,10,504,704,0,0
type_mix,hard,type_mix=hard,recipe:michon_2019,literature,network,interval,median_onset_error,10,0.0015092,-0.0027525,0.00427653,0.00316351,-0.00254238,0.00627593,0.289,2000,10,10,225,273,0,0
type_mix,hard,type_mix=hard,recipe:michon_2021,literature,network,interval,median_onset_error,10,0.0015092,-0.0027525,0.00427653,0.00316351,-0.00254238,0.00627593,0.289,2000,10,10,225,273,0,0
type_mix,hard,type_mix=hard,recipe:mou_2022,literature,burst,interval,median_onset_error,10,-0.0613138,-0.0681226,-0.0566008,-0.0150163,-0.022135,-0.00439222,0.012,2000,10,10,773,838,0,0
type_mix,hard,type_mix=hard,recipe:muessig_2019,literature,network,interval,median_onset_error,10,0.0358748,0.0277549,0.0424288,0.00962504,0.00336133,0.016883,0.006,2000,10,10,88,116,0,0
type_mix,hard,type_mix=hard,recipe:muessig_2019_ripples,literature,ripple,interval,median_onset_error,10,-0.00778468,-0.00962399,-0.00481732,0.000720775,-0.00387151,0.00428144,0.796,2000,10,10,779,893,0,0
type_mix,hard,type_mix=hard,recipe:nadasdy_1999,literature,ripple,interval,median_onset_error,10,0.00415671,0.00294227,0.00549469,-0.000742768,-0.00197335,0.000635468,0.361,2000,10,10,365,471,0,0
type_mix,hard,type_mix=hard,recipe:olafsdottir_2015,literature,burst,interval,median_onset_error,10,0.00436213,0.00247798,0.00727197,-0.000980503,-0.00285796,0.00206196,0.481,2000,10,10,510,662,0,0
type_mix,hard,type_mix=hard,recipe:olafsdottir_2015.bayesian_candidates,literature,burst,interval,median_onset_error,10,0.00396252,0.00172088,0.00677989,-0.000923482,-0.00266878,0.00208923,0.565,2000,10,10,447,599,0,0
type_mix,hard,type_mix=hard,recipe:olafsdottir_2016,literature,burst,interval,median_onset_error,10,0.0130609,0.00996447,0.0165824,0.00194492,-0.00107517,0.00657702,0.163,2000,10,10,418,558,0,0
type_mix,hard,type_mix=hard,recipe:olafsdottir_2017,literature,burst,interval,median_onset_error,10,0.0143521,0.01176,0.0174703,0.0021473,-0.000746283,0.00582479,0.158,2000,10,10,570,744,0,0
type_mix,hard,type_mix=hard,recipe:olafsdottir_2017.trajectory,literature,burst,interval,median_onset_error,10,0.0130609,0.00996447,0.0165824,0.00194492,-0.00107517,0.00657702,0.163,2000,10,10,418,558,0,0
type_mix,hard,type_mix=hard,recipe:pfeiffer_2013,literature,burst,interval,median_onset_error,10,-0.000505151,-0.00331613,0.000799784,0.00219241,-0.000108942,0.00313076,0.065,2000,10,10,567,721,0,0
type_mix,hard,type_mix=hard,recipe:pfeiffer_2013_ripples,literature,ripple,interval,median_onset_error,10,-0.0207632,-0.0230781,-0.0158564,-0.00502022,-0.00671263,-0.00117689,0.004,2000,10,10,528,743,0,0
type_mix,hard,type_mix=hard,recipe:pfeiffer_2015,literature,ripple,interval,median_onset_error,10,-0.0207819,-0.023132,-0.0158564,-0.00503897,-0.0068159,-0.00118794,0.003,2000,10,10,527,743,0,0
type_mix,hard,type_mix=hard,recipe:shin_2019,literature,ripple,interval,median_onset_error,10,-0.00851405,-0.0111898,-0.00615906,-0.000677796,-0.00347581,0.00143907,0.522,2000,10,10,516,739,0,0
type_mix,hard,type_mix=hard,recipe:silva_2015,literature,burst,interval,median_onset_error,10,-0.0113669,-0.0154619,-0.00934916,0.000847291,-0.00228723,0.00275207,0.573,2000,10,10,484,606,0,0
type_mix,hard,type_mix=hard,recipe:stella_2019,literature,ripple,interval,median_onset_error,10,0.0116037,0.0108041,0.0127661,0.000768738,-0.000370616,0.00184898,0.18,2000,10,10,513,680,0,0
type_mix,hard,type_mix=hard,recipe:tang_2017,literature,ripple,interval,median_onset_error,10,-0.00851405,-0.0111898,-0.00615906,-0.000677796,-0.00347581,0.00143907,0.522,2000,10,10,516,739,0,0
type_mix,hard,type_mix=hard,recipe:tirole_2022,literature,network,interval,median_onset_error,10,-0.0121591,-0.0164225,-0.00928677,0.00221084,-0.00185573,0.0053183,0.294,2000,10,10,358,557,0,0
type_mix,hard,type_mix=hard,recipe:widloski_2025,literature,ripple,interval,median_onset_error,10,-0.185723,-0.205911,-0.172343,-0.0174967,-0.0341966,-0.00766342,0,2000,10,10,351,518,0,0
type_mix,hard,type_mix=hard,recipe:widloski_2025_bursts,literature,burst,interval,median_onset_error,10,-0.17424,-0.177593,-0.16704,-0.00566716,-0.0148474,0.00262187,0.147,2000,10,10,420,518,0,0
type_mix,hard,type_mix=hard,recipe:wikenheiser_2013,literature,ripple,interval,median_onset_error,10,-0.170794,-0.188367,-0.145269,-0.0244007,-0.0373073,-0.00721737,0,2000,10,10,745,849,0,0
type_mix,hard,type_mix=hard,recipe:wu_2014,literature,burst,interval,median_onset_error,10,-0.0167736,-0.0203979,-0.0143318,-0.000417428,-0.00278469,0.00189068,0.837,2000,10,10,704,844,0,0
type_mix,hard,type_mix=hard,recipe:wu_2017,literature,burst,interval,median_onset_error,10,0.0149166,0.0109081,0.0185379,0.00315946,-0.00161305,0.00676713,0.195,2000,10,10,399,523,0,0
type_mix,hard,type_mix=hard,recipe:xu_2019,literature,burst,interval,median_onset_error,10,-0.0068321,-0.0126908,-0.00468091,0.00090896,-0.00482745,0.00390788,0.979,2000,10,10,581,731,0,0
type_mix,hard,type_mix=hard,recipe:yamamoto_2017,literature,network,interval,median_onset_error,10,0.0362334,0.03285,0.0410628,0.00675669,0.00321346,0.0123903,0,2000,10,10,446,612,0,0
type_mix,hard,type_mix=hard,recipe:yang_2024,literature,network,interval,median_onset_error,10,-0.0127116,-0.017447,-0.0103159,0.00112381,-0.00251053,0.00358021,0.49,2000,10,10,325,454,0,0
burst_lag,0.0,burst_lag=0.0,Carey_candidate_detector,default,network,interval,median_onset_error,10,0.00218956,0.000804304,0.00343439,-0.000120846,-0.00145811,0.00120127,0.703,2000,10,10,883,891,0,0
burst_lag,0.0,burst_lag=0.0,Karlsson_ripple_detector,default,ripple,interval,median_onset_error,10,-0.00815545,-0.00993618,-0.0057671,-0.000319196,-0.00124334,0.000541198,0.542,2000,10,10,738,739,0,0
burst_lag,0.0,burst_lag=0.0,Kay_ripple_detector,default,ripple,interval,median_onset_error,10,0.000697482,-0.000438172,0.00134259,-3.11336e-05,-0.000424513,0.000244643,0.784,2000,10,10,841,844,0,0
burst_lag,0.0,burst_lag=0.0,Long_sharp_wave_ripple_detector,default,ripple,interval,median_onset_error,10,0.0122062,0.0107442,0.0137033,6.37584e-06,-0.000293614,0.000379736,0.996,2000,10,10,703,704,0,0
burst_lag,0.0,burst_lag=0.0,Roumis_ripple_detector,default,ripple,interval,median_onset_error,10,0.00037601,-0.000645838,0.00100849,-0.000158865,-0.00086866,0.00030165,0.505,2000,10,10,841,845,0,0
burst_lag,0.0,burst_lag=0.0,Shvartsman_ripple_detector,default,ripple,interval,median_onset_error,10,-0.00966927,-0.0115465,-0.00785178,-4.3961e-05,-0.00140033,0.000370239,0.577,2000,10,10,671,677,0,0
burst_lag,0.0,burst_lag=0.0,Yu_ripple_detector,default,ripple,interval,median_onset_error,10,0.00145627,0.000543585,0.00210486,-0.000253076,-0.000605023,0,0.177,2000,10,10,869,865,0,0
burst_lag,0.0,burst_lag=0.0,Zugaro_ripple_detector,default,ripple,interval,median_onset_error,10,0.0137958,0.0126237,0.0154698,-0.000110641,-0.000765737,0.000377945,0.692,2000,10,10,686,689,0,0
burst_lag,0.0,burst_lag=0.0,multiunit_HSE_detector,default,burst,interval,median_onset_error,10,-0.0194357,-0.0222738,-0.0168652,0.00211371,0.000145527,0.0044433,0.031,2000,10,10,908,911,0,0
burst_lag,0.0,burst_lag=0.0,recipe:ambrose_2016,literature,ripple,interval,median_onset_error,10,-0.015793,-0.0177862,-0.0144537,-5.00355e-05,-0.000497811,0.000260689,0.643,2000,10,10,737,743,0,0
burst_lag,0.0,burst_lag=0.0,recipe:bendor_2012,literature,burst,interval,median_onset_error,10,0.011671,0.0101166,0.0132187,0.000159009,-0.00121846,0.0017359,0.872,2000,10,10,664,655,0,0
burst_lag,0.0,burst_lag=0.0,recipe:berners_lee_2021,literature,ripple,interval,median_onset_error,10,-0.015966,-0.0176106,-0.0136779,-0.000407155,-0.00091216,0,0.215,2000,10,10,805,806,0,0
burst_lag,0.0,burst_lag=0.0,recipe:berners_lee_2022,literature,burst,interval,median_onset_error,10,-0.0113434,-0.0140605,-0.00858099,0.0017045,-0.00152963,0.00597522,0.346,2000,10,10,657,668,0,0
burst_lag,0.0,burst_lag=0.0,recipe:bhattarai_2020,literature,network,interval,median_onset_error,10,-0.0884935,-0.0989391,-0.0694614,-0.00536474,-0.0200346,0.0140744,0.549,2000,10,10,429,418,0,0
burst_lag,0.0,burst_lag=0.0,recipe:bhattarai_2020_ripples,literature,ripple,interval,median_onset_error,10,0.00147004,0.00022809,0.00256898,-3.56987e-05,-0.000921571,0.00080242,0.836,2000,10,10,481,474,0,0
burst_lag,0.0,burst_lag=0.0,recipe:bush_2022,literature,burst,interval,median_onset_error,10,0.00213507,0.000227347,0.00376407,0.00117132,0.000288189,0.00224964,0.017,2000,10,10,604,617,0,0
burst_lag,0.0,burst_lag=0.0,recipe:carey_2019,literature,network,interval,median_onset_error,10,0.0116815,0.0110704,0.0125642,-0.00102505,-0.00193403,0.0003358,0.166,2000,10,10,893,900,0,0
burst_lag,0.0,burst_lag=0.0,recipe:carr_2012,literature,ripple,interval,median_onset_error,10,-0.00815545,-0.00993618,-0.0057671,-0.000319196,-0.00124334,0.000541198,0.542,2000,10,10,738,739,0,0
burst_lag,0.0,burst_lag=0.0,recipe:chenani_2019,literature,burst,interval,median_onset_error,10,-0.0196192,-0.0215309,-0.0171635,-0.000737288,-0.00201254,0.0014169,0.67,2000,10,10,672,671,0,0
burst_lag,0.0,burst_lag=0.0,recipe:davidson_2009,literature,burst,interval,median_onset_error,10,-0.0189614,-0.0206954,-0.0163984,0.00188323,-0.000446355,0.00485718,0.107,2000,10,10,798,784,0,0
burst_lag,0.0,burst_lag=0.0,recipe:denovellis_2021,literature,ripple,interval,median_onset_error,10,0.00084141,-6.18738e-05,0.0016159,-0.000195672,-0.000683337,0.000258573,0.516,2000,10,10,843,845,0,0
burst_lag,0.0,burst_lag=0.0,recipe:denovellis_2021_mua,literature,burst,interval,median_onset_error,10,-0.0196058,-0.0223468,-0.0169911,0.00202631,-0.000219254,0.00428568,0.084,2000,10,10,906,910,0,0
burst_lag,0.0,burst_lag=0.0,recipe:diba_2007,literature,burst,interval,median_onset_error,10,-0.0749969,-0.0984787,-0.0525289,-0.00224519,-0.0195129,0.0150738,0.846,2000,10,10,254,251,0,0
burst_lag,0.0,burst_lag=0.0,recipe:drieu_2018,literature,burst,interval,median_onset_error,10,-0.00443753,-0.00642119,-0.00246982,-0.000387752,-0.00256467,0.00168385,0.799,2000,10,10,764,769,0,0
burst_lag,0.0,burst_lag=0.0,recipe:farooq_2019_neuron,literature,burst,interval,median_onset_error,10,0.0107354,0.00890372,0.0123429,-0.000742416,-0.00240206,0.00120051,0.535,2000,10,10,272,274,0,0
burst_lag,0.0,burst_lag=0.0,recipe:farooq_2019_science,literature,burst,interval,median_onset_error,10,0.0106621,0.00889924,0.012255,-0.00081564,-0.00249023,0.00111362,0.478,2000,10,10,271,272,0,0
burst_lag,0.0,burst_lag=0.0,recipe:farooq_2019_science_awake,literature,burst,interval,median_onset_error,10,0.0106621,0.00889924,0.012255,-0.00081564,-0.00249023,0.00111362,0.478,2000,10,10,271,272,0,0
burst_lag,0.0,burst_lag=0.0,recipe:foster_2006,literature,burst,interval,median_onset_error,10,-0.00744259,-0.0106132,-0.00442173,-0.0014055,-0.00781558,0.00356696,0.656,2000,10,10,142,145,0,0
burst_lag,0.0,burst_lag=0.0,recipe:foster_2006_ripples,literature,ripple,interval,median_onset_error,10,0.0334286,0.0302051,0.0347633,-0.000314043,-0.00173285,0.00122176,0.712,2000,10,10,79,76,0,0
burst_lag,0.0,burst_lag=0.0,recipe:gillespie_2021,literature,ripple,interval,median_onset_error,10,0.000697482,-0.000438172,0.00134259,-3.11336e-05,-0.000424513,0.000244643,0.784,2000,10,10,841,844,0,0
burst_lag,0.0,burst_lag=0.0,recipe:gillespie_2021_mua,literature,burst,interval,median_onset_error,10,-0.0185984,-0.0209872,-0.016266,0.0022462,-1.4691e-05,0.00462532,0.053,2000,10,10,819,804,0,0
burst_lag,0.0,burst_lag=0.0,recipe:gridchyn_2020,literature,burst,interval,median_onset_error,10,0.0133947,0.0118186,0.0148227,0.00190156,0.000634781,0.00310106,0.005,2000,10,10,880,872,0,0
burst_lag,0.0,burst_lag=0.0,recipe:grosmark_2016,literature,network,interval,median_onset_error,10,-0.0138596,-0.0170171,-0.00988446,-2.41894e-05,-0.00176901,0.00322726,0.749,2000,10,10,456,454,0,0
burst_lag,0.0,burst_lag=0.0,recipe:gupta_2010,literature,ripple,interval,median_onset_error,10,0.000436575,-0.00105317,0.00142437,-0.000212893,-0.0011512,3.57248e-05,0.261,2000,10,10,812,816,0,0
burst_lag,0.0,burst_lag=0.0,recipe:harvey_2023_code,literature,ripple,interval,median_onset_error,10,0.0124482,0.0115067,0.014556,-0.000959877,-0.00157287,-0.000220833,0.002,2000,10,10,593,575,0,0
burst_lag,0.0,burst_lag=0.0,recipe:harvey_2023_no_radiatum,literature,ripple,interval,median_onset_error,10,6.60169e-05,-0.00356818,0.00201281,4.4847e-05,-0.00189014,0.00205915,0.88,2000,10,10,628,609,0,0
burst_lag,0.0,burst_lag=0.0,recipe:harvey_2023_text,literature,ripple,interval,median_onset_error,10,0.0140518,0.0131242,0.0149143,-0.000315282,-0.000863901,0.000148841,0.304,2000,10,10,619,617,0,0
burst_lag,0.0,burst_lag=0.0,recipe:huelin_gorriz_2023,literature,network,interval,median_onset_error,10,-0.0153668,-0.0202971,-0.0125236,-0.000996876,-0.00504012,0.00278089,0.603,2000,10,10,550,557,0,0
burst_lag,0.0,burst_lag=0.0,recipe:igata_2021,literature,burst,interval,median_onset_error,10,-0.0184509,-0.0216761,-0.0160844,0.00239373,0.000178818,0.00482756,0.036,2000,10,10,909,912,0,0
burst_lag,0.0,burst_lag=0.0,recipe:igata_2021_ripples,literature,ripple,interval,median_onset_error,10,0.000945783,0.000693822,0.00127731,-0.000230588,-0.00081661,0,0.064,2000,10,10,888,890,0,0
burst_lag,0.0,burst_lag=0.0,recipe:jadhav_2016,literature,ripple,interval,median_onset_error,10,-0.00822333,-0.0101789,-0.00549067,-0.000393867,-0.00115961,0,0.174,2000,10,10,597,598,0,0
burst_lag,0.0,burst_lag=0.0,recipe:ji_2007,literature,burst,interval,median_onset_error,10,0.0151902,0.0139818,0.017013,-0.00256263,-0.0050558,0.00136138,0.239,2000,10,10,704,685,0,0
burst_lag,0.0,burst_lag=0.0,recipe:ji_2007_ripples,literature,ripple,interval,median_onset_error,10,0.00854499,-0.128432,0.0102256,0.0619316,0,0.166671,0.503771,1989,6,4,7,5,0,0
burst_lag,0.0,burst_lag=0.0,recipe:kaefer_2020,literature,ripple,interval,median_onset_error,10,-0.14672,-0.192139,-0.0950664,0,-0.02,0,1,2000,7,7,11,11,0,0
burst_lag,0.0,burst_lag=0.0,recipe:karlsson_2009,literature,ripple,interval,median_onset_error,10,-0.00815545,-0.00993618,-0.0057671,-0.000319196,-0.00124334,0.000541198,0.542,2000,10,10,738,739,0,0
burst_lag,0.0,burst_lag=0.0,recipe:krause_2022,literature,network,interval,median_onset_error,10,0.0124247,0.0107724,0.0146613,-0.00200458,-0.00334983,-0.000201144,0.031,2000,10,10,684,676,0,0
burst_lag,0.0,burst_lag=0.0,recipe:krause_2022_hse,literature,burst,interval,median_onset_error,10,-0.030399,-0.0325076,-0.0279039,0.00199402,-8.74577e-05,0.00377183,0.059,2000,10,10,814,801,0,0
burst_lag,0.0,burst_lag=0.0,recipe:kudrimoti_1999,literature,ripple,interval,median_onset_error,10,0.0318674,0.0290931,0.0342443,0,-0.00461784,0.00230292,1,2000,10,10,25,25,0,0
burst_lag,0.0,burst_lag=0.0,recipe:lee_2002,literature,burst,interval,median_onset_error,10,-0.0391681,-0.0426629,-0.0333348,-0.000864419,-0.00431495,0.00451753,0.765,2000,10,10,922,929,0,0
burst_lag,0.0,burst_lag=0.0,recipe:lee_2002_ripples,literature,ripple,interval,median_onset_error,10,0.0334286,0.0302051,0.0347633,-0.000314043,-0.00173285,0.00122176,0.712,2000,10,10,79,76,0,0
burst_lag,0.0,burst_lag=0.0,recipe:liu_2019,literature,burst,interval,median_onset_error,10,-0.145527,-0.165459,-0.134562,0.00206499,-0.0126569,0.00932066,0.975,2000,10,10,832,825,0,0
burst_lag,0.0,burst_lag=0.0,recipe:liu_2019_awake,literature,burst,interval,median_onset_error,10,-0.145527,-0.165459,-0.134562,0.00206499,-0.0126569,0.00932066,0.975,2000,10,10,832,825,0,0
burst_lag,0.0,burst_lag=0.0,recipe:liu_2023,literature,network,interval,median_onset_error,10,-0.00535907,-0.00801422,-0.00401002,0.0018267,-0.00197307,0.00487966,0.301,2000,10,10,463,470,0,0
burst_lag,0.0,burst_lag=0.0,recipe:maboudi_2018,literature,burst,interval,median_onset_error,10,-0.0311106,-0.0333317,-0.0284839,0.00142791,-0.000464943,0.00396706,0.114,2000,10,10,795,775,0,0
burst_lag,0.0,burst_lag=0.0,recipe:maboudi_2018_open_field,literature,burst,interval,median_onset_error,10,-0.00125167,-0.0031012,0.000936548,0.00144589,-0.000261619,0.00290234,0.097,2000,10,10,726,721,0,0
burst_lag,0.0,burst_lag=0.0,recipe:mallory_2025,literature,burst,interval,median_onset_error,10,-0.0139881,-0.0166177,-0.0128885,0.00158579,-0.00134569,0.00403712,0.29,2000,10,10,744,743,0,0
burst_lag,0.0,burst_lag=0.0,recipe:mallory_2025_ripples,literature,ripple,interval,median_onset_error,10,-0.0178158,-0.0201844,-0.0142864,-0.000776196,-0.00205683,0.000402951,0.439,2000,10,10,705,704,0,0
burst_lag,0.0,burst_lag=0.0,recipe:michon_2019,literature,network,interval,median_onset_error,10,-0.00141977,-0.00371997,0.000195895,0.000234539,-0.00192729,0.0016903,0.887,2000,10,10,271,273,0,0
burst_lag,0.0,burst_lag=0.0,recipe:michon_2021,literature,network,interval,median_onset_error,10,-0.00141977,-0.00371997,0.000195895,0.000234539,-0.00192729,0.0016903,0.887,2000,10,10,271,273,0,0
burst_lag,0.0,burst_lag=0.0,recipe:mou_2022,literature,burst,interval,median_onset_error,10,-0.0405698,-0.0496981,-0.0346676,0.00572776,-0.00215923,0.0155424,0.192,2000,10,10,839,838,0,0
burst_lag,0.0,burst_lag=0.0,recipe:muessig_2019,literature,network,interval,median_onset_error,10,0.0241212,0.0203947,0.0303087,-0.00212861,-0.00593477,0.00349511,0.381,2000,10,10,113,116,0,0
burst_lag,0.0,burst_lag=0.0,recipe:muessig_2019_ripples,literature,ripple,interval,median_onset_error,10,-0.0087397,-0.0108284,-0.00451118,-0.000234253,-0.00199547,0.00024087,0.322,2000,10,10,892,893,0,0
burst_lag,0.0,burst_lag=0.0,recipe:nadasdy_1999,literature,ripple,interval,median_onset_error,10,0.00443879,0.00324769,0.0049313,-0.000460696,-0.0014915,0,0.081,2000,10,10,473,471,0,0
burst_lag,0.0,burst_lag=0.0,recipe:olafsdottir_2015,literature,burst,interval,median_onset_error,10,0.00612396,0.00289764,0.00855416,0.000781331,-0.00136127,0.00238998,0.683,2000,10,10,663,662,0,0
burst_lag,0.0,burst_lag=0.0,recipe:olafsdottir_2015.bayesian_candidates,literature,burst,interval,median_onset_error,10,0.004886,0.00209769,0.00821864,5.91044e-10,-0.00149836,0.0023195,0.874,2000,10,10,598,599,0,0
burst_lag,0.0,burst_lag=0.0,recipe:olafsdottir_2016,literature,burst,interval,median_onset_error,10,0.00950927,0.00767943,0.0115765,-0.00160676,-0.00320112,0.000914811,0.194,2000,10,10,556,558,0,0
burst_lag,0.0,burst_lag=0.0,recipe:olafsdottir_2017,literature,burst,interval,median_onset_error,10,0.0108496,0.00873942,0.013438,-0.00135516,-0.00281795,0.00061715,0.162,2000,10,10,735,744,0,0
burst_lag,0.0,burst_lag=0.0,recipe:olafsdottir_2017.trajectory,literature,burst,interval,median_onset_error,10,0.00950927,0.00767943,0.0115765,-0.00160676,-0.00320112,0.000914811,0.194,2000,10,10,556,558,0,0
burst_lag,0.0,burst_lag=0.0,recipe:pfeiffer_2013,literature,burst,interval,median_onset_error,10,-0.00125167,-0.0031012,0.000936548,0.00144589,-0.000261619,0.00290234,0.097,2000,10,10,726,721,0,0
burst_lag,0.0,burst_lag=0.0,recipe:pfeiffer_2013_ripples,literature,ripple,interval,median_onset_error,10,-0.015793,-0.0177862,-0.0144537,-5.00355e-05,-0.000497811,0.000260689,0.643,2000,10,10,737,743,0,0
burst_lag,0.0,burst_lag=0.0,recipe:pfeiffer_2015,literature,ripple,interval,median_onset_error,10,-0.015793,-0.0177862,-0.0144537,-5.00355e-05,-0.000497811,0.000260689,0.643,2000,10,10,737,743,0,0
burst_lag,0.0,burst_lag=0.0,recipe:shin_2019,literature,ripple,interval,median_onset_error,10,-0.00815545,-0.00993618,-0.0057671,-0.000319196,-0.00124334,0.000541198,0.542,2000,10,10,738,739,0,0
burst_lag,0.0,burst_lag=0.0,recipe:silva_2015,literature,burst,interval,median_onset_error,10,-0.0100694,-0.0123212,-0.00785503,0.00214479,-0.000131064,0.00450841,0.071,2000,10,10,602,606,0,0
burst_lag,0.0,burst_lag=0.0,recipe:stella_2019,literature,ripple,interval,median_onset_error,10,0.0106602,0.00993623,0.0117057,-0.000174761,-0.000706845,5.90376e-05,0.444,2000,10,10,682,680,0,0
burst_lag,0.0,burst_lag=0.0,recipe:tang_2017,literature,ripple,interval,median_onset_error,10,-0.00815545,-0.00993618,-0.0057671,-0.000319196,-0.00124334,0.000541198,0.542,2000,10,10,738,739,0,0
burst_lag,0.0,burst_lag=0.0,recipe:tirole_2022,literature,network,interval,median_onset_error,10,-0.0153668,-0.0202971,-0.0125236,-0.000996876,-0.00504012,0.00278089,0.603,2000,10,10,550,557,0,0
burst_lag,0.0,burst_lag=0.0,recipe:widloski_2025,literature,ripple,interval,median_onset_error,10,-0.168695,-0.182152,-0.160894,-0.000468306,-0.00401603,0.00257413,0.804,2000,10,10,518,518,0,0
burst_lag,0.0,burst_lag=0.0,recipe:widloski_2025_bursts,literature,burst,interval,median_onset_error,10,-0.166841,-0.180436,-0.156283,0.00173238,-0.00784295,0.00888291,0.702,2000,10,10,523,518,0,0
burst_lag,0.0,burst_lag=0.0,recipe:wikenheiser_2013,literature,ripple,interval,median_onset_error,10,-0.146512,-0.17413,-0.130134,-0.000117876,-0.0044881,0.00261435,0.978,2000,10,10,850,849,0,0
burst_lag,0.0,burst_lag=0.0,recipe:wu_2014,literature,burst,interval,median_onset_error,10,-0.0152683,-0.0169805,-0.0134899,0.00108788,-0.000882019,0.00318335,0.25,2000,10,10,847,844,0,0
burst_lag,0.0,burst_lag=0.0,recipe:wu_2017,literature,burst,interval,median_onset_error,10,0.0121355,0.0104457,0.0136537,0.000378454,-0.00244151,0.00263888,0.83,2000,10,10,541,523,0,0
burst_lag,0.0,burst_lag=0.0,recipe:xu_2019,literature,burst,interval,median_onset_error,10,-0.00452314,-0.0089981,-0.00186445,0.00321792,-0.000654347,0.00692672,0.135,2000,10,10,742,731,0,0
burst_lag,0.0,burst_lag=0.0,recipe:yamamoto_2017,literature,network,interval,median_onset_error,10,0.0254461,0.0241181,0.0267878,-0.00403062,-0.00542842,-0.00209685,0,2000,10,10,630,612,0,0
burst_lag,0.0,burst_lag=0.0,recipe:yang_2024,literature,network,interval,median_onset_error,10,-0.0138596,-0.0170171,-0.00988446,-2.41894e-05,-0.00176901,0.00322726,0.749,2000,10,10,456,454,0,0
burst_lag,reference,reference,Carey_candidate_detector,default,network,interval,median_onset_error,10,0.0023104,0.00123107,0.00399637,0,0,0,1,2000,10,10,891,891,0,0
burst_lag,reference,reference,Karlsson_ripple_detector,default,ripple,interval,median_onset_error,10,-0.00783625,-0.0099954,-0.00540774,0,0,0,1,2000,10,10,739,739,0,0
burst_lag,reference,reference,Kay_ripple_detector,default,ripple,interval,median_onset_error,10,0.000728616,-0.000438561,0.00163915,0,0,0,1,2000,10,10,844,844,0,0
burst_lag,reference,reference,Long_sharp_wave_ripple_detector,default,ripple,interval,median_onset_error,10,0.0121998,0.010706,0.0136956,0,0,0,1,2000,10,10,704,704,0,0
burst_lag,reference,reference,Roumis_ripple_detector,default,ripple,interval,median_onset_error,10,0.000534876,-0.000645838,0.00161769,0,0,0,1,2000,10,10,845,845,0,0
burst_lag,reference,reference,Shvartsman_ripple_detector,default,ripple,interval,median_onset_error,10,-0.00962531,-0.0115123,-0.00686953,0,0,0,1,2000,10,10,677,677,0,0
burst_lag,reference,reference,Yu_ripple_detector,default,ripple,interval,median_onset_error,10,0.00170934,0.000880944,0.00241474,0,0,0,1,2000,10,10,865,865,0,0
burst_lag,reference,reference,Zugaro_ripple_detector,default,ripple,interval,median_onset_error,10,0.0139065,0.0128742,0.0155587,0,0,0,1,2000,10,10,689,689,0,0
burst_lag,reference,reference,multiunit_HSE_detector,default,burst,interval,median_onset_error,10,-0.0215494,-0.0233774,-0.0202821,0,0,0,1,2000,10,10,911,911,0,0
burst_lag,reference,reference,recipe:ambrose_2016,literature,ripple,interval,median_onset_error,10,-0.015743,-0.0177555,-0.0142967,0,0,0,1,2000,10,10,743,743,0,0
burst_lag,reference,reference,recipe:bendor_2012,literature,burst,interval,median_onset_error,10,0.011512,0.0104613,0.0123958,0,0,0,1,2000,10,10,655,655,0,0
burst_lag,reference,reference,recipe:berners_lee_2021,literature,ripple,interval,median_onset_error,10,-0.0155589,-0.0173479,-0.0133744,0,0,0,1,2000,10,10,806,806,0,0
burst_lag,reference,reference,recipe:berners_lee_2022,literature,burst,interval,median_onset_error,10,-0.0130479,-0.0159764,-0.0103579,0,0,0,1,2000,10,10,668,668,0,0
burst_lag,reference,reference,recipe:bhattarai_2020,literature,network,interval,median_onset_error,10,-0.0831288,-0.0969635,-0.0720238,0,0,0,1,2000,10,10,418,418,0,0
burst_lag,reference,reference,recipe:bhattarai_2020_ripples,literature,ripple,interval,median_onset_error,10,0.00150574,0.00025049,0.00309676,0,0,0,1,2000,10,10,474,474,0,0
burst_lag,reference,reference,recipe:bush_2022,literature,burst,interval,median_onset_error,10,0.000963743,-0.000634348,0.00233178,0,0,0,1,2000,10,10,617,617,0,0
burst_lag,reference,reference,recipe:carey_2019,literature,network,interval,median_onset_error,10,0.0127066,0.0112533,0.0135894,0,0,0,1,2000,10,10,900,900,0,0
burst_lag,reference,reference,recipe:carr_2012,literature,ripple,interval,median_onset_error,10,-0.00783625,-0.0099954,-0.00540774,0,0,0,1,2000,10,10,739,739,0,0
burst_lag,reference,reference,recipe:chenani_2019,literature,burst,interval,median_onset_error,10,-0.0188819,-0.021828,-0.0175617,0,0,0,1,2000,10,10,671,671,0,0
burst_lag,reference,reference,recipe:davidson_2009,literature,burst,interval,median_onset_error,10,-0.0208446,-0.0222665,-0.0193016,0,0,0,1,2000,10,10,784,784,0,0
burst_lag,reference,reference,recipe:denovellis_2021,literature,ripple,interval,median_onset_error,10,0.00103708,7.44804e-05,0.00199106,0,0,0,1,2000,10,10,845,845,0,0
burst_lag,reference,reference,recipe:denovellis_2021_mua,literature,burst,interval,median_onset_error,10,-0.0216321,-0.0237751,-0.0199833,0,0,0,1,2000,10,10,910,910,0,0
burst_lag,reference,reference,recipe:diba_2007,literature,burst,interval,median_onset_error,10,-0.0727517,-0.099299,-0.0577457,0,0,0,1,2000,10,10,251,251,0,0
burst_lag,reference,reference,recipe:drieu_2018,literature,burst,interval,median_onset_error,10,-0.00404978,-0.00568393,-0.00285607,0,0,0,1,2000,10,10,769,769,0,0
burst_lag,reference,reference,recipe:farooq_2019_neuron,literature,burst,interval,median_onset_error,10,0.0114778,0.00791052,0.0138605,0,0,0,1,2000,10,10,274,274,0,0
burst_lag,reference,reference,recipe:farooq_2019_science,literature,burst,interval,median_onset_error,10,0.0114778,0.0079113,0.0138605,0,0,0,1,2000,10,10,272,272,0,0
burst_lag,reference,reference,recipe:farooq_2019_science_awake,literature,burst,interval,median_onset_error,10,0.0114778,0.0079113,0.0138605,0,0,0,1,2000,10,10,272,272,0,0
burst_lag,reference,reference,recipe:foster_2006,literature,burst,interval,median_onset_error,10,-0.00603709,-0.0101548,0.00259616,0,0,0,1,2000,10,10,145,145,0,0
burst_lag,reference,reference,recipe:foster_2006_ripples,literature,ripple,interval,median_onset_error,10,0.0337426,0.0309958,0.0347633,0,0,0,1,2000,10,10,76,76,0,0
burst_lag,reference,reference,recipe:gillespie_2021,literature,ripple,interval,median_onset_error,10,0.000728616,-0.000438561,0.00163915,0,0,0,1,2000,10,10,844,844,0,0
burst_lag,reference,reference,recipe:gillespie_2021_mua,literature,burst,interval,median_onset_error,10,-0.0208446,-0.0224039,-0.0192365,0,0,0,1,2000,10,10,804,804,0,0
burst_lag,reference,reference,recipe:gridchyn_2020,literature,burst,interval,median_onset_error,10,0.0114932,0.00973624,0.0128004,0,0,0,1,2000,10,10,872,872,0,0
burst_lag,reference,reference,recipe:grosmark_2016,literature,network,interval,median_onset_error,10,-0.0138354,-0.0183971,-0.0119283,0,0,0,1,2000,10,10,454,454,0,0
burst_lag,reference,reference,recipe:gupta_2010,literature,ripple,interval,median_onset_error,10,0.000649468,-0.000516766,0.00149165,0,0,0,1,2000,10,10,816,816,0,0
burst_lag,reference,reference,recipe:harvey_2023_code,literature,ripple,interval,median_onset_error,10,0.0134081,0.0119995,0.0157787,0,0,0,1,2000,10,10,575,575,0,0
burst_lag,reference,reference,recipe:harvey_2023_no_radiatum,literature,ripple,interval,median_onset_error,10,2.11699e-05,-0.00315594,0.00152412,0,0,0,1,2000,10,10,609,609,0,0
burst_lag,reference,reference,recipe:harvey_2023_text,literature,ripple,interval,median_onset_error,10,0.0143671,0.0133529,0.0152102,0,0,0,1,2000,10,10,617,617,0,0
burst_lag,reference,reference,recipe:huelin_gorriz_2023,literature,network,interval,median_onset_error,10,-0.01437,-0.0172593,-0.0127015,0,0,0,1,2000,10,10,557,557,0,0
burst_lag,reference,reference,recipe:igata_2021,literature,burst,interval,median_onset_error,10,-0.0208446,-0.0230458,-0.0189872,0,0,0,1,2000,10,10,912,912,0,0
burst_lag,reference,reference,recipe:igata_2021_ripples,literature,ripple,interval,median_onset_error,10,0.00117637,0.000836552,0.00170338,0,0,0,1,2000,10,10,890,890,0,0
burst_lag,reference,reference,recipe:jadhav_2016,literature,ripple,interval,median_onset_error,10,-0.00782947,-0.0101123,-0.00525858,0,0,0,1,2000,10,10,598,598,0,0
burst_lag,reference,reference,recipe:ji_2007,literature,burst,interval,median_onset_error,10,0.0177528,0.0144042,0.0203139,0,0,0,1,2000,10,10,685,685,0,0
burst_lag,reference,reference,recipe:ji_2007_ripples,literature,ripple,interval,median_onset_error,10,-0.0533866,-0.183374,0.00947258,0,0,0,1,1989,4,4,5,5,0,0
burst_lag,reference,reference,recipe:kaefer_2020,literature,ripple,interval,median_onset_error,10,-0.14672,-0.177766,-0.0950664,0,0,0,1,2000,7,7,11,11,0,0
burst_lag,reference,reference,recipe:karlsson_2009,literature,ripple,interval,median_onset_error,10,-0.00783625,-0.0099954,-0.00540774,0,0,0,1,2000,10,10,739,739,0,0
burst_lag,reference,reference,recipe:krause_2022,literature,network,interval,median_onset_error,10,0.0144293,0.0122692,0.0163226,0,0,0,1,2000,10,10,676,676,0,0
burst_lag,reference,reference,recipe:krause_2022_hse,literature,burst,interval,median_onset_error,10,-0.0323931,-0.0346551,-0.0290887,0,0,0,1,2000,10,10,801,801,0,0
burst_lag,reference,reference,recipe:kudrimoti_1999,literature,ripple,interval,median_onset_error,10,0.0318674,0.029584,0.0353648,0,0,0,1,2000,10,10,25,25,0,0
burst_lag,reference,reference,recipe:lee_2002,literature,burst,interval,median_onset_error,10,-0.0383037,-0.0457685,-0.0332465,0,0,0,1,2000,10,10,929,929,0,0
burst_lag,reference,reference,recipe:lee_2002_ripples,literature,ripple,interval,median_onset_error,10,0.0337426,0.0309958,0.0347633,0,0,0,1,2000,10,10,76,76,0,0
burst_lag,reference,reference,recipe:liu_2019,literature,burst,interval,median_onset_error,10,-0.147592,-0.157828,-0.132624,0,0,0,1,2000,10,10,825,825,0,0
burst_lag,reference,reference,recipe:liu_2019_awake,literature,burst,interval,median_onset_error,10,-0.147592,-0.157828,-0.132624,0,0,0,1,2000,10,10,825,825,0,0
burst_lag,reference,reference,recipe:liu_2023,literature,network,interval,median_onset_error,10,-0.00718578,-0.010088,-0.00536157,0,0,0,1,2000,10,10,470,470,0,0
burst_lag,reference,reference,recipe:maboudi_2018,literature,burst,interval,median_onset_error,10,-0.0325385,-0.0350644,-0.0294038,0,0,0,1,2000,10,10,775,775,0,0
burst_lag,reference,reference,recipe:maboudi_2018_open_field,literature,burst,interval,median_onset_error,10,-0.00269756,-0.00399852,-8.80208e-05,0,0,0,1,2000,10,10,721,721,0,0
burst_lag,reference,reference,recipe:mallory_2025,literature,burst,interval,median_onset_error,10,-0.0155739,-0.0176664,-0.0144297,0,0,0,1,2000,10,10,743,743,0,0
burst_lag,reference,reference,recipe:mallory_2025_ripples,literature,ripple,interval,median_onset_error,10,-0.0170396,-0.0193004,-0.0142674,0,0,0,1,2000,10,10,704,704,0,0
burst_lag,reference,reference,recipe:michon_2019,literature,network,interval,median_onset_error,10,-0.00165431,-0.00362832,0.000536935,0,0,0,1,2000,10,10,273,273,0,0
burst_lag,reference,reference,recipe:michon_2021,literature,network,interval,median_onset_error,10,-0.00165431,-0.00362832,0.000536935,0,0,0,1,2000,10,10,273,273,0,0
burst_lag,reference,reference,recipe:mou_2022,literature,burst,interval,median_onset_error,10,-0.0462975,-0.0555394,-0.0401892,0,0,0,1,2000,10,10,838,838,0,0
burst_lag,reference,reference,recipe:muessig_2019,literature,network,interval,median_onset_error,10,0.0262498,0.0215342,0.0309892,0,0,0,1,2000,10,10,116,116,0,0
burst_lag,reference,reference,recipe:muessig_2019_ripples,literature,ripple,interval,median_onset_error,10,-0.00850545,-0.0108126,-0.00392214,0,0,0,1,2000,10,10,893,893,0,0
burst_lag,reference,reference,recipe:nadasdy_1999,literature,ripple,interval,median_onset_error,10,0.00489948,0.00428016,0.00549517,0,0,0,1,2000,10,10,471,471,0,0
burst_lag,reference,reference,recipe:olafsdottir_2015,literature,burst,interval,median_onset_error,10,0.00534263,0.00360919,0.00774539,0,0,0,1,2000,10,10,662,662,0,0
burst_lag,reference,reference,recipe:olafsdottir_2015.bayesian_candidates,literature,burst,interval,median_onset_error,10,0.004886,0.00284124,0.00630589,0,0,0,1,2000,10,10,599,599,0,0
burst_lag,reference,reference,recipe:olafsdottir_2016,literature,burst,interval,median_onset_error,10,0.011116,0.00799637,0.0127389,0,0,0,1,2000,10,10,558,558,0,0
burst_lag,reference,reference,recipe:olafsdottir_2017,literature,burst,interval,median_onset_error,10,0.0122048,0.0108757,0.0136994,0,0,0,1,2000,10,10,744,744,0,0
burst_lag,reference,reference,recipe:olafsdottir_2017.trajectory,literature,burst,interval,median_onset_error,10,0.011116,0.00799637,0.0127389,0,0,0,1,2000,10,10,558,558,0,0
burst_lag,reference,reference,recipe:pfeiffer_2013,literature,burst,interval,median_onset_error,10,-0.00269756,-0.00399852,-8.80208e-05,0,0,0,1,2000,10,10,721,721,0,0
burst_lag,reference,reference,recipe:pfeiffer_2013_ripples,literature,ripple,interval,median_onset_error,10,-0.015743,-0.0177555,-0.0142967,0,0,0,1,2000,10,10,743,743,0,0
burst_lag,reference,reference,recipe:pfeiffer_2015,literature,ripple,interval,median_onset_error,10,-0.015743,-0.0177555,-0.0142967,0,0,0,1,2000,10,10,743,743,0,0
burst_lag,reference,reference,recipe:shin_2019,literature,ripple,interval,median_onset_error,10,-0.00783625,-0.0099954,-0.00540774,0,0,0,1,2000,10,10,739,739,0,0
burst_lag,reference,reference,recipe:silva_2015,literature,burst,interval,median_onset_error,10,-0.0122142,-0.0153682,-0.0101496,0,0,0,1,2000,10,10,606,606,0,0
burst_lag,reference,reference,recipe:stella_2019,literature,ripple,interval,median_onset_error,10,0.010835,0.0100663,0.0120394,0,0,0,1,2000,10,10,680,680,0,0
burst_lag,reference,reference,recipe:tang_2017,literature,ripple,interval,median_onset_error,10,-0.00783625,-0.0099954,-0.00540774,0,0,0,1,2000,10,10,739,739,0,0
burst_lag,reference,reference,recipe:tirole_2022,literature,network,interval,median_onset_error,10,-0.01437,-0.0172593,-0.0127015,0,0,0,1,2000,10,10,557,557,0,0
burst_lag,reference,reference,recipe:widloski_2025,literature,ripple,interval,median_onset_error,10,-0.168227,-0.180008,-0.160493,0,0,0,1,2000,10,10,518,518,0,0
burst_lag,reference,reference,recipe:widloski_2025_bursts,literature,burst,interval,median_onset_error,10,-0.168573,-0.174543,-0.15673,0,0,0,1,2000,10,10,518,518,0,0
burst_lag,reference,reference,recipe:wikenheiser_2013,literature,ripple,interval,median_onset_error,10,-0.146394,-0.172799,-0.130138,0,0,0,1,2000,10,10,849,849,0,0
burst_lag,reference,reference,recipe:wu_2014,literature,burst,interval,median_onset_error,10,-0.0163562,-0.018528,-0.014373,0,0,0,1,2000,10,10,844,844,0,0
burst_lag,reference,reference,recipe:wu_2017,literature,burst,interval,median_onset_error,10,0.0117571,0.00916774,0.0144137,0,0,0,1,2000,10,10,523,523,0,0
burst_lag,reference,reference,recipe:xu_2019,literature,burst,interval,median_onset_error,10,-0.00774106,-0.0101589,-0.00488211,0,0,0,1,2000,10,10,731,731,0,0
burst_lag,reference,reference,recipe:yamamoto_2017,literature,network,interval,median_onset_error,10,0.0294767,0.0276603,0.0314484,0,0,0,1,2000,10,10,612,612,0,0
burst_lag,reference,reference,recipe:yang_2024,literature,network,interval,median_onset_error,10,-0.0138354,-0.0183971,-0.0119283,0,0,0,1,2000,10,10,454,454,0,0
burst_lag,0.03,burst_lag=0.03,Carey_candidate_detector,default,network,interval,median_onset_error,10,0.00406258,0.00318824,0.0054615,0.00175218,6.23351e-05,0.00311455,0.039,2000,10,10,880,891,0,0
burst_lag,0.03,burst_lag=0.03,Karlsson_ripple_detector,default,ripple,interval,median_onset_error,10,-0.00764987,-0.00945612,-0.00549067,0.00018638,-0.000638329,0.00113298,0.62,2000,10,10,739,739,0,0
burst_lag,0.03,burst_lag=0.03,Kay_ripple_detector,default,ripple,interval,median_onset_error,10,0.000712613,-0.000638634,0.00166263,-1.60027e-05,-0.000596423,0.000297968,0.933,2000,10,10,844,844,0,0
burst_lag,0.03,burst_lag=0.03,Long_sharp_wave_ripple_detector,default,ripple,interval,median_onset_error,10,0.0122928,0.0110097,0.0137238,9.30006e-05,-0.00018171,0.000554512,0.706,2000,10,10,701,704,0,0
burst_lag,0.03,burst_lag=0.03,Roumis_ripple_detector,default,ripple,interval,median_onset_error,10,0.000477618,-0.00110343,0.00162934,-5.72578e-05,-0.000797544,0.000377718,0.749,2000,10,10,843,845,0,0
burst_lag,0.03,burst_lag=0.03,Shvartsman_ripple_detector,default,ripple,interval,median_onset_error,10,-0.0091261,-0.0107961,-0.00708936,0.000499214,-0.000372057,0.000884779,0.392,2000,10,10,672,677,0,0
burst_lag,0.03,burst_lag=0.03,Yu_ripple_detector,default,ripple,interval,median_onset_error,10,0.00165496,0.000473408,0.00252117,-5.43837e-05,-0.000488867,0.000261838,0.903,2000,10,10,867,865,0,0
burst_lag,0.03,burst_lag=0.03,Zugaro_ripple_detector,default,ripple,interval,median_onset_error,10,0.0138499,0.0129691,0.0155512,-5.65829e-05,-0.000392907,0.000288853,0.737,2000,10,10,682,689,0,0
burst_lag,0.03,burst_lag=0.03,multiunit_HSE_detector,default,burst,interval,median_onset_error,10,-0.0240927,-0.0262822,-0.0213826,-0.00254328,-0.00448694,-0.000119949,0.038,2000,10,10,908,911,0,0
burst_lag,0.03,burst_lag=0.03,recipe:ambrose_2016,literature,ripple,interval,median_onset_error,10,-0.015768,-0.0178949,-0.0143446,-2.50178e-05,-0.000513948,0.000451911,0.99,2000,10,10,744,743,0,0
burst_lag,0.03,burst_lag=0.03,recipe:bendor_2012,literature,burst,interval,median_onset_error,10,0.00861696,0.00730743,0.0112805,-0.00289506,-0.00404345,-0.000749146,0.012,2000,10,10,638,655,0,0
burst_lag,0.03,burst_lag=0.03,recipe:berners_lee_2021,literature,ripple,interval,median_onset_error,10,-0.0156195,-0.0177734,-0.0136777,-6.06128e-05,-0.000944309,0.000305687,0.7,2000,10,10,801,806,0,0
burst_lag,0.03,burst_lag=0.03,recipe:berners_lee_2022,literature,burst,interval,median_onset_error,10,-0.0162202,-0.0189882,-0.0133593,-0.00317224,-0.00594088,0.00139297,0.175,2000,10,10,690,668,0,0
burst_lag,0.03,burst_lag=0.03,recipe:bhattarai_2020,literature,network,interval,median_onset_error,10,-0.0812288,-0.104903,-0.0653581,0.00189997,-0.0149814,0.0189811,0.985,2000,10,10,353,418,0,0
burst_lag,0.03,burst_lag=0.03,recipe:bhattarai_2020_ripples,literature,ripple,interval,median_onset_error,10,0.00254776,0.00121281,0.00332788,0.00104202,-0.000111665,0.001929,0.081,2000,10,10,419,474,0,0
burst_lag,0.03,burst_lag=0.03,recipe:bush_2022,literature,burst,interval,median_onset_error,10,0.00180692,7.61111e-05,0.00277073,0.000843181,-0.000666441,0.00238118,0.42,2000,10,10,639,617,0,0
burst_lag,0.03,burst_lag=0.03,recipe:carey_2019,literature,network,interval,median_onset_error,10,0.0150307,0.0141094,0.017046,0.00232417,0.00139102,0.00421294,0,2000,10,10,897,900,0,0
burst_lag,0.03,burst_lag=0.03,recipe:carr_2012,literature,ripple,interval,median_onset_error,10,-0.00764987,-0.00945612,-0.00549067,0.00018638,-0.000638329,0.00113298,0.62,2000,10,10,739,739,0,0
burst_lag,0.03,burst_lag=0.03,recipe:chenani_2019,literature,burst,interval,median_onset_error,10,-0.0194378,-0.0211809,-0.0181895,-0.00055593,-0.00158098,0.0014168,0.685,2000,10,10,676,671,0,0
burst_lag,0.03,burst_lag=0.03,recipe:davidson_2009,literature,burst,interval,median_onset_error,10,-0.0240244,-0.0264697,-0.021763,-0.00317985,-0.00547574,-0.000834323,0.015,2000,10,10,779,784,0,0
burst_lag,0.03,burst_lag=0.03,recipe:denovellis_2021,literature,ripple,interval,median_onset_error,10,0.00104984,2.17301e-05,0.00193971,1.27531e-05,-0.000275828,0.000254974,0.987,2000,10,10,845,845,0,0
burst_lag,0.03,burst_lag=0.03,recipe:denovellis_2021_mua,literature,burst,interval,median_onset_error,10,-0.0239588,-0.0263913,-0.0219448,-0.00232665,-0.00503984,-8.92648e-05,0.041,2000,10,10,907,910,0,0
burst_lag,0.03,burst_lag=0.03,recipe:diba_2007,literature,burst,interval,median_onset_error,10,-0.0709946,-0.0901537,-0.047305,0.00175707,-0.0144471,0.0255788,0.776,2000,10,10,243,251,0,0
burst_lag,0.03,burst_lag=0.03,recipe:drieu_2018,literature,burst,interval,median_onset_error,10,-0.00481491,-0.00643375,-0.00319502,-0.000765123,-0.00244141,0.000741089,0.301,2000,10,10,771,769,0,0
burst_lag,0.03,burst_lag=0.03,recipe:farooq_2019_neuron,literature,burst,interval,median_onset_error,10,0.0114506,0.008974,0.0137191,-2.71449e-05,-0.00194415,0.00189765,0.92,2000,10,10,277,274,0,0
burst_lag,0.03,burst_lag=0.03,recipe:farooq_2019_science,literature,burst,interval,median_onset_error,10,0.0114506,0.008974,0.0137191,-2.71449e-05,-0.00193406,0.00192329,0.916,2000,10,10,275,272,0,0
burst_lag,0.03,burst_lag=0.03,recipe:farooq_2019_science_awake,literature,burst,interval,median_onset_error,10,0.0114506,0.008974,0.0137191,-2.71449e-05,-0.00193406,0.00192329,0.916,2000,10,10,275,272,0,0
burst_lag,0.03,burst_lag=0.03,recipe:foster_2006,literature,burst,interval,median_onset_error,10,-0.00918371,-0.0139588,0.000161516,-0.00314662,-0.00864389,0.00548622,0.492,2000,10,10,145,145,0,0
burst_lag,0.03,burst_lag=0.03,recipe:foster_2006_ripples,literature,ripple,interval,median_onset_error,10,0.0336311,0.030617,0.0347633,-0.000111478,-0.00142766,0.000605056,0.729,2000,10,10,77,76,0,0
burst_lag,0.03,burst_lag=0.03,recipe:gillespie_2021,literature,ripple,interval,median_onset_error,10,0.000712613,-0.000638634,0.00166263,-1.60027e-05,-0.000596423,0.000297968,0.933,2000,10,10,844,844,0,0
burst_lag,0.03,burst_lag=0.03,recipe:gillespie_2021_mua,literature,burst,interval,median_onset_error,10,-0.0240167,-0.0264343,-0.021503,-0.00317213,-0.00532418,-0.000834054,0.012,2000,10,10,801,804,0,0
burst_lag,0.03,burst_lag=0.03,recipe:gridchyn_2020,literature,burst,interval,median_onset_error,10,0.00851408,0.00672738,0.0108631,-0.00297909,-0.00443813,-0.00113723,0,2000,10,10,866,872,0,0
burst_lag,0.03,burst_lag=0.03,recipe:grosmark_2016,literature,network,interval,median_onset_error,10,-0.0112569,-0.0142533,-0.00796066,0.00257852,-0.000527858,0.00655289,0.084,2000,10,10,448,454,0,0
burst_lag,0.03,burst_lag=0.03,recipe:gupta_2010,literature,ripple,interval,median_onset_error,10,0.000481965,-0.000660344,0.00141502,-0.000167503,-0.000825828,0.000106077,0.328,2000,10,10,804,816,0,0
burst_lag,0.03,burst_lag=0.03,recipe:harvey_2023_code,literature,ripple,interval,median_onset_error,10,0.0150521,0.0129627,0.0171648,0.001644,0.000499048,0.00272854,0,2000,10,10,495,575,0,0
burst_lag,0.03,burst_lag=0.03,recipe:harvey_2023_no_radiatum,literature,ripple,interval,median_onset_error,10,0.00130876,-0.0030018,0.00327078,0.00128759,-0.000582643,0.00277854,0.23,2000,10,10,528,609,0,0
burst_lag,0.03,burst_lag=0.03,recipe:harvey_2023_text,literature,ripple,interval,median_onset_error,10,0.0146224,0.0134353,0.0154882,0.00025526,-3.88656e-05,0.000553125,0.224,2000,10,10,620,617,0,0
burst_lag,0.03,burst_lag=0.03,recipe:huelin_gorriz_2023,literature,network,interval,median_onset_error,10,-0.0137897,-0.0159624,-0.0114613,0.000580259,-0.00206841,0.00415376,0.661,2000,10,10,561,557,0,0
burst_lag,0.03,burst_lag=0.03,recipe:igata_2021,literature,burst,interval,median_onset_error,10,-0.0235038,-0.0259465,-0.0207945,-0.00265921,-0.00467745,-0.000293831,0.023,2000,10,10,912,912,0,0
burst_lag,0.03,burst_lag=0.03,recipe:igata_2021_ripples,literature,ripple,interval,median_onset_error,10,0.00105733,0.000768782,0.00160378,-0.000119039,-0.000432074,0,0.066,2000,10,10,889,890,0,0
burst_lag,0.03,burst_lag=0.03,recipe:jadhav_2016,literature,ripple,interval,median_onset_error,10,-0.00736761,-0.00952732,-0.00516994,0.000461861,-5.42832e-05,0.00124436,0.185,2000,10,10,599,598,0,0
burst_lag,0.03,burst_lag=0.03,recipe:ji_2007,literature,burst,interval,median_onset_error,10,0.0134308,0.0114008,0.0169908,-0.00432207,-0.00747173,0.000563136,0.087,2000,10,10,701,685,0,0
burst_lag,0.03,burst_lag=0.03,recipe:ji_2007_ripples,literature,ripple,interval,median_onset_error,10,-0.0224208,-0.183374,0.00947258,0.0309658,0,0.106012,0.901961,1989,4,4,6,5,0,0
burst_lag,0.03,burst_lag=0.03,recipe:kaefer_2020,literature,ripple,interval,median_onset_error,10,-0.153041,-0.198714,-0.133356,-0.00632098,-0.0629577,0,1,2000,6,7,10,11,0,0
burst_lag,0.03,burst_lag=0.03,recipe:karlsson_2009,literature,ripple,interval,median_onset_error,10,-0.00764987,-0.00945612,-0.00549067,0.00018638,-0.000638329,0.00113298,0.62,2000,10,10,739,739,0,0
burst_lag,0.03,burst_lag=0.03,recipe:krause_2022,literature,network,interval,median_onset_error,10,0.0192749,0.015905,0.0213213,0.00484568,0.00288107,0.00646456,0,2000,10,10,653,676,0,0
burst_lag,0.03,burst_lag=0.03,recipe:krause_2022_hse,literature,burst,interval,median_onset_error,10,-0.0350554,-0.0373823,-0.0319166,-0.00266231,-0.00633499,0.000158789,0.073,2000,10,10,801,801,0,0
burst_lag,0.03,burst_lag=0.03,recipe:kudrimoti_1999,literature,ripple,interval,median_onset_error,10,0.0330559,0.029584,0.0347185,0.00118846,-0.000474009,0.002377,0.996,2000,10,10,24,25,0,0
burst_lag,0.03,burst_lag=0.03,recipe:lee_2002,literature,burst,interval,median_onset_error,10,-0.038371,-0.0429571,-0.0345323,-6.73025e-05,-0.0034813,0.00393723,0.975,2000,10,10,927,929,0,0
burst_lag,0.03,burst_lag=0.03,recipe:lee_2002_ripples,literature,ripple,interval,median_onset_error,10,0.0336311,0.030617,0.0347633,-0.000111478,-0.00142766,0.000605056,0.729,2000,10,10,77,76,0,0
burst_lag,0.03,burst_lag=0.03,recipe:liu_2019,literature,burst,interval,median_onset_error,10,-0.142434,-0.154366,-0.12844,0.00515828,-0.0106897,0.0140724,0.57,2000,10,10,818,825,0,0
burst_lag,0.03,burst_lag=0.03,recipe:liu_2019_awake,literature,burst,interval,median_onset_error,10,-0.142434,-0.154366,-0.12844,0.00515828,-0.0106897,0.0140724,0.57,2000,10,10,818,825,0,0
burst_lag,0.03,burst_lag=0.03,recipe:liu_2023,literature,network,interval,median_onset_error,10,-0.00499747,-0.00668811,-0.00204214,0.0021883,0.000383493,0.00642274,0.028,2000,10,10,453,470,0,0
burst_lag,0.03,burst_lag=0.03,recipe:maboudi_2018,literature,burst,interval,median_onset_error,10,-0.0354937,-0.0383043,-0.0322315,-0.00295519,-0.00610256,-1.32045e-05,0.05,2000,10,10,774,775,0,0
burst_lag,0.03,burst_lag=0.03,recipe:maboudi_2018_open_field,literature,burst,interval,median_onset_error,10,-0.0017147,-0.00269411,-0.000151801,0.000982861,-0.00146288,0.00301982,0.39,2000,10,10,739,721,0,0
burst_lag,0.03,burst_lag=0.03,recipe:mallory_2025,literature,burst,interval,median_onset_error,10,-0.0149444,-0.0163948,-0.0133273,0.000629458,-0.00140327,0.00349066,0.556,2000,10,10,768,743,0,0
burst_lag,0.03,burst_lag=0.03,recipe:mallory_2025_ripples,literature,ripple,interval,median_onset_error,10,-0.0169656,-0.0195877,-0.014292,7.39279e-05,-0.000724754,0.000341419,0.744,2000,10,10,702,704,0,0
burst_lag,0.03,burst_lag=0.03,recipe:michon_2019,literature,network,interval,median_onset_error,10,-0.000838588,-0.0025859,0.000741524,0.00081572,-0.00130933,0.00279697,0.426,2000,10,10,270,273,0,0
burst_lag,0.03,burst_lag=0.03,recipe:michon_2021,literature,network,interval,median_onset_error,10,-0.000838588,-0.0025859,0.000741524,0.00081572,-0.00130933,0.00279697,0.426,2000,10,10,270,273,0,0
burst_lag,0.03,burst_lag=0.03,recipe:mou_2022,literature,burst,interval,median_onset_error,10,-0.0492754,-0.059338,-0.0408471,-0.00297789,-0.00852193,0.0024849,0.29,2000,10,10,838,838,0,0
burst_lag,0.03,burst_lag=0.03,recipe:muessig_2019,literature,network,interval,median_onset_error,10,0.0271949,0.0235172,0.0327293,0.000945134,-0.00209091,0.00592019,0.367,2000,10,10,104,116,0,0
burst_lag,0.03,burst_lag=0.03,recipe:muessig_2019_ripples,literature,ripple,interval,median_onset_error,10,-0.0082546,-0.0108431,-0.00387465,0.000250855,-0.000559555,0.00066416,1,2000,10,10,892,893,0,0
burst_lag,0.03,burst_lag=0.03,recipe:nadasdy_1999,literature,ripple,interval,median_onset_error,10,0.00457485,0.00355294,0.00527872,-0.000324636,-0.000971584,0,0.074,2000,10,10,469,471,0,0
burst_lag,0.03,burst_lag=0.03,recipe:olafsdottir_2015,literature,burst,interval,median_onset_error,10,0.00460961,0.00170576,0.00765571,-0.000733022,-0.00322058,0.000678676,0.341,2000,10,10,660,662,0,0
burst_lag,0.03,burst_lag=0.03,recipe:olafsdottir_2015.bayesian_candidates,literature,burst,interval,median_onset_error,10,0.00367081,0.00156998,0.00546124,-0.00121519,-0.00294712,0.000536719,0.202,2000,10,10,603,599,0,0
burst_lag,0.03,burst_lag=0.03,recipe:olafsdottir_2016,literature,burst,interval,median_onset_error,10,0.00839478,0.00674578,0.0100473,-0.00272125,-0.00497,0.000398587,0.08,2000,10,10,571,558,0,0
burst_lag,0.03,burst_lag=0.03,recipe:olafsdottir_2017,literature,burst,interval,median_onset_error,10,0.0100258,0.0087293,0.011085,-0.00217904,-0.00410713,-0.000587724,0.019,2000,10,10,739,744,0,0
burst_lag,0.03,burst_lag=0.03,recipe:olafsdottir_2017.trajectory,literature,burst,interval,median_onset_error,10,0.00839478,0.00674578,0.0100473,-0.00272125,-0.00497,0.000398587,0.08,2000,10,10,571,558,0,0
burst_lag,0.03,burst_lag=0.03,recipe:pfeiffer_2013,literature,burst,interval,median_onset_error,10,-0.0017147,-0.00269411,-0.000151801,0.000982861,-0.00146288,0.00301982,0.39,2000,10,10,739,721,0,0
burst_lag,0.03,burst_lag=0.03,recipe:pfeiffer_2013_ripples,literature,ripple,interval,median_onset_error,10,-0.015768,-0.0178949,-0.0143446,-2.50178e-05,-0.000513948,0.000451911,0.99,2000,10,10,744,743,0,0
burst_lag,0.03,burst_lag=0.03,recipe:pfeiffer_2015,literature,ripple,interval,median_onset_error,10,-0.015768,-0.0178949,-0.0143446,-2.50178e-05,-0.000513948,0.000451911,0.99,2000,10,10,744,743,0,0
burst_lag,0.03,burst_lag=0.03,recipe:shin_2019,literature,ripple,interval,median_onset_error,10,-0.00764987,-0.00945612,-0.00549067,0.00018638,-0.000638329,0.00113298,0.62,2000,10,10,739,739,0,0
burst_lag,0.03,burst_lag=0.03,recipe:silva_2015,literature,burst,interval,median_onset_error,10,-0.0103971,-0.0128823,-0.00875576,0.00181712,-0.00172073,0.00512142,0.353,2000,10,10,606,606,0,0
burst_lag,0.03,burst_lag=0.03,recipe:stella_2019,literature,ripple,interval,median_onset_error,10,0.0108785,0.0101375,0.0121421,4.35684e-05,-0.000128568,0.000742024,0.488,2000,10,10,673,680,0,0
burst_lag,0.03,burst_lag=0.03,recipe:tang_2017,literature,ripple,interval,median_onset_error,10,-0.00764987,-0.00945612,-0.00549067,0.00018638,-0.000638329,0.00113298,0.62,2000,10,10,739,739,0,0
burst_lag,0.03,burst_lag=0.03,recipe:tirole_2022,literature,network,interval,median_onset_error,10,-0.0137897,-0.0159624,-0.0114613,0.000580259,-0.00206841,0.00415376,0.661,2000,10,10,561,557,0,0
burst_lag,0.03,burst_lag=0.03,recipe:widloski_2025,literature,ripple,interval,median_onset_error,10,-0.167899,-0.180327,-0.15992,0.000328161,-0.000666667,0.00398841,0.422,2000,10,10,519,518,0,0
burst_lag,0.03,burst_lag=0.03,recipe:widloski_2025_bursts,literature,burst,interval,median_onset_error,10,-0.171026,-0.179105,-0.157385,-0.00245294,-0.00942403,0.00455031,0.487,2000,10,10,517,518,0,0
burst_lag,0.03,burst_lag=0.03,recipe:wikenheiser_2013,literature,ripple,interval,median_onset_error,10,-0.146831,-0.173806,-0.132323,-0.000437082,-0.00548398,0.000795873,0.351,2000,10,10,846,849,0,0
burst_lag,0.03,burst_lag=0.03,recipe:wu_2014,literature,burst,interval,median_onset_error,10,-0.0166846,-0.0188391,-0.0152526,-0.000328431,-0.00187648,0.00118991,0.53,2000,10,10,840,844,0,0
burst_lag,0.03,burst_lag=0.03,recipe:wu_2017,literature,burst,interval,median_onset_error,10,0.0118812,0.00994887,0.0148571,0.000124142,-0.00258459,0.00291247,0.821,2000,10,10,491,523,0,0
burst_lag,0.03,burst_lag=0.03,recipe:xu_2019,literature,burst,interval,median_onset_error,10,-0.00409803,-0.00557524,-0.00114338,0.00364303,0.000864146,0.00607825,0.006,2000,10,10,748,731,0,0
burst_lag,0.03,burst_lag=0.03,recipe:yamamoto_2017,literature,network,interval,median_onset_error,10,0.0351864,0.0322125,0.0379699,0.00570975,0.00301659,0.00878801,0,2000,10,10,575,612,0,0
burst_lag,0.03,burst_lag=0.03,recipe:yang_2024,literature,network,interval,median_onset_error,10,-0.0112569,-0.0142533,-0.00796066,0.00257852,-0.000527858,0.00655289,0.084,2000,10,10,448,454,0,0
ripple_chirp,none,ripple_chirp=none,Carey_candidate_detector,default,network,interval,median_onset_error,10,0.00233107,0.00123113,0.0040706,2.06704e-05,-0.000179819,0.000513505,0.694,2000,10,10,888,891,0,0
ripple_chirp,none,ripple_chirp=none,Karlsson_ripple_detector,default,ripple,interval,median_onset_error,10,-0.00683562,-0.00858481,-0.00580768,0.00100063,-0.000594216,0.00200367,0.337,2000,10,10,746,739,0,0
ripple_chirp,none,ripple_chirp=none,Kay_ripple_detector,default,ripple,interval,median_onset_error,10,0.000687065,-0.000438239,0.00145234,-4.15504e-05,-0.000692869,0.000426319,0.733,2000,10,10,842,844,0,0
ripple_chirp,none,ripple_chirp=none,Long_sharp_wave_ripple_detector,default,ripple,interval,median_onset_error,10,0.0124482,0.0114707,0.0138264,0.000248429,-0.000116032,0.000989864,0.211,2000,10,10,693,704,0,0
ripple_chirp,none,ripple_chirp=none,Roumis_ripple_detector,default,ripple,interval,median_onset_error,10,0.000534876,-0.000645838,0.00139356,0,-0.000737685,0.000556557,0.765,2000,10,10,841,845,0,0
ripple_chirp,none,ripple_chirp=none,Shvartsman_ripple_detector,default,ripple,interval,median_onset_error,10,-0.00834762,-0.0105384,-0.00679563,0.00127769,-0.000469441,0.00211849,0.132,2000,10,10,668,677,0,0
ripple_chirp,none,ripple_chirp=none,Yu_ripple_detector,default,ripple,interval,median_onset_error,10,0.00179382,0.000844132,0.00252636,8.44772e-05,-0.000597985,0.00077565,0.838,2000,10,10,871,865,0,0
ripple_chirp,none,ripple_chirp=none,Zugaro_ripple_detector,default,ripple,interval,median_onset_error,10,0.0143461,0.0134266,0.0156267,0.000439655,-0.000664923,0.0012683,0.396,2000,10,10,685,689,0,0
ripple_chirp,none,ripple_chirp=none,multiunit_HSE_detector,default,burst,interval,median_onset_error,10,-0.0215494,-0.0233774,-0.0202821,0,0,0,1,2000,10,10,911,911,0,0
ripple_chirp,none,ripple_chirp=none,recipe:ambrose_2016,literature,ripple,interval,median_onset_error,10,-0.0146245,-0.0175992,-0.012988,0.00111843,-0.000425155,0.00201304,0.123,2000,10,10,750,743,0,0
ripple_chirp,none,ripple_chirp=none,recipe:bendor_2012,literature,burst,interval,median_onset_error,10,0.011512,0.0104613,0.0123958,0,0,0,1,2000,10,10,655,655,0,0
ripple_chirp,none,ripple_chirp=none,recipe:berners_lee_2021,literature,ripple,interval,median_onset_error,10,-0.0149121,-0.0170114,-0.0125276,0.000646815,-0.000189724,0.00169944,0.11,2000,10,10,805,806,0,0
ripple_chirp,none,ripple_chirp=none,recipe:berners_lee_2022,literature,burst,interval,median_onset_error,10,-0.0130479,-0.0159764,-0.0103579,0,0,0,1,2000,10,10,668,668,0,0
ripple_chirp,none,ripple_chirp=none,recipe:bhattarai_2020,literature,network,interval,median_onset_error,10,-0.0866906,-0.099707,-0.0727517,-0.0035618,-0.0127353,0.00324618,0.394,2000,10,10,406,418,0,0
ripple_chirp,none,ripple_chirp=none,recipe:bhattarai_2020_ripples,literature,ripple,interval,median_onset_error,10,0.00115071,0.00027433,0.00251745,-0.000355027,-0.00120052,0.000529271,0.547,2000,10,10,460,474,0,0
ripple_chirp,none,ripple_chirp=none,recipe:bush_2022,literature,burst,interval,median_onset_error,10,0.000963743,-0.000634348,0.00233178,0,0,0,1,2000,10,10,617,617,0,0
ripple_chirp,none,ripple_chirp=none,recipe:carey_2019,literature,network,interval,median_onset_error,10,0.0126602,0.0115382,0.0135894,-4.6394e-05,-0.000332944,0.000285221,0.813,2000,10,10,900,900,0,0
ripple_chirp,none,ripple_chirp=none,recipe:carr_2012,literature,ripple,interval,median_onset_error,10,-0.00683562,-0.00858481,-0.00580768,0.00100063,-0.000594216,0.00200367,0.337,2000,10,10,746,739,0,0
ripple_chirp,none,ripple_chirp=none,recipe:chenani_2019,literature,burst,interval,median_onset_error,10,-0.0188819,-0.021828,-0.0175617,0,0,0,1,2000,10,10,671,671,0,0
ripple_chirp,none,ripple_chirp=none,recipe:davidson_2009,literature,burst,interval,median_onset_error,10,-0.0208446,-0.0222665,-0.0193016,0,0,0,1,2000,10,10,784,784,0,0
ripple_chirp,none,ripple_chirp=none,recipe:denovellis_2021,literature,ripple,interval,median_onset_error,10,0.000813728,-0.000379699,0.00187127,-0.000223354,-0.000859369,0.000400884,0.436,2000,10,10,842,845,0,0
ripple_chirp,none,ripple_chirp=none,recipe:denovellis_2021_mua,literature,burst,interval,median_onset_error,10,-0.0216321,-0.0237751,-0.0199833,0,0,0,1,2000,10,10,910,910,0,0
ripple_chirp,none,ripple_chirp=none,recipe:diba_2007,literature,burst,interval,median_onset_error,10,-0.0727517,-0.099299,-0.0577457,0,0,0,1,2000,10,10,251,251,0,0
ripple_chirp,none,ripple_chirp=none,recipe:drieu_2018,literature,burst,interval,median_onset_error,10,-0.00404978,-0.00568393,-0.00285607,0,0,0,1,2000,10,10,769,769,0,0
ripple_chirp,none,ripple_chirp=none,recipe:farooq_2019_neuron,literature,burst,interval,median_onset_error,10,0.0114778,0.00791052,0.0138605,0,0,0,1,2000,10,10,274,274,0,0
ripple_chirp,none,ripple_chirp=none,recipe:farooq_2019_science,literature,burst,interval,median_onset_error,10,0.0114778,0.0079113,0.0138605,0,0,0,1,2000,10,10,272,272,0,0
ripple_chirp,none,ripple_chirp=none,recipe:farooq_2019_science_awake,literature,burst,interval,median_onset_error,10,0.0114778,0.0079113,0.0138605,0,0,0,1,2000,10,10,272,272,0,0
ripple_chirp,none,ripple_chirp=none,recipe:foster_2006,literature,burst,interval,median_onset_error,10,-0.00603709,-0.0101548,0.00259616,0,0,0,1,2000,10,10,145,145,0,0
ripple_chirp,none,ripple_chirp=none,recipe:foster_2006_ripples,literature,ripple,interval,median_onset_error,10,0.0340714,0.0310289,0.03738,0.000328773,-0.00183563,0.00389938,0.732,2000,10,10,78,76,0,0
ripple_chirp,none,ripple_chirp=none,recipe:gillespie_2021,literature,ripple,interval,median_onset_error,10,0.000687065,-0.000438239,0.00145234,-4.15504e-05,-0.000692869,0.000426319,0.733,2000,10,10,842,844,0,0
ripple_chirp,none,ripple_chirp=none,recipe:gillespie_2021_mua,literature,burst,interval,median_onset_error,10,-0.0208446,-0.0224039,-0.0192365,0,0,0,1,2000,10,10,804,804,0,0
ripple_chirp,none,ripple_chirp=none,recipe:gridchyn_2020,literature,burst,interval,median_onset_error,10,0.0114932,0.00973624,0.0128004,0,0,0,1,2000,10,10,872,872,0,0
ripple_chirp,none,ripple_chirp=none,recipe:grosmark_2016,literature,network,interval,median_onset_error,10,-0.0131436,-0.0172533,-0.0109035,0.000691788,-0.000311519,0.00157374,0.212,2000,10,10,417,454,0,0
ripple_chirp,none,ripple_chirp=none,recipe:gupta_2010,literature,ripple,interval,median_onset_error,10,-8.55576e-05,-0.000826534,0.000597183,-0.000735026,-0.00171915,0.000654073,0.25,2000,10,10,873,816,0,0
ripple_chirp,none,ripple_chirp=none,recipe:harvey_2023_code,literature,ripple,interval,median_onset_error,10,0.0135519,0.012328,0.0158804,0.000143757,-0.000264631,0.000950026,0.234,2000,10,10,566,575,0,0
ripple_chirp,none,ripple_chirp=none,recipe:harvey_2023_no_radiatum,literature,ripple,interval,median_onset_error,10,0.00128368,-0.00141144,0.00329748,0.00126251,-0.000687933,0.00431115,0.194,2000,10,10,617,609,0,0
ripple_chirp,none,ripple_chirp=none,recipe:harvey_2023_text,literature,ripple,interval,median_onset_error,10,0.0147346,0.0141045,0.0149197,0.000367523,-0.000481323,0.000964727,0.441,2000,10,10,606,617,0,0
ripple_chirp,none,ripple_chirp=none,recipe:huelin_gorriz_2023,literature,network,interval,median_onset_error,10,-0.01437,-0.0178118,-0.0125665,0,-0.00129633,0.000715475,1,2000,10,10,555,557,0,0
ripple_chirp,none,ripple_chirp=none,recipe:igata_2021,literature,burst,interval,median_onset_error,10,-0.0208446,-0.0230458,-0.0189872,0,0,0,1,2000,10,10,912,912,0,0
ripple_chirp,none,ripple_chirp=none,recipe:igata_2021_ripples,literature,ripple,interval,median_onset_error,10,0.00124997,0.000722119,0.00158504,7.35974e-05,-0.000617377,0.000480156,0.987,2000,10,10,883,890,0,0
ripple_chirp,none,ripple_chirp=none,recipe:jadhav_2016,literature,ripple,interval,median_onset_error,10,-0.00647288,-0.00840963,-0.00577233,0.00135658,-0.000497629,0.00213472,0.242,2000,10,10,600,598,0,0
ripple_chirp,none,ripple_chirp=none,recipe:ji_2007,literature,burst,interval,median_onset_error,10,0.0177528,0.0144042,0.0203139,0,0,0,1,2000,10,10,685,685,0,0
ripple_chirp,none,ripple_chirp=none,recipe:ji_2007_ripples,literature,ripple,interval,median_onset_error,10,-0.0533866,-0.183374,0.00947258,0,0,0,1,1989,4,4,5,5,0,0
ripple_chirp,none,ripple_chirp=none,recipe:kaefer_2020,literature,ripple,interval,median_onset_error,10,-0.162243,-0.249772,-0.134506,-0.0155229,-0.115266,0.00610696,0.515,2000,6,7,8,11,0,0
ripple_chirp,none,ripple_chirp=none,recipe:karlsson_2009,literature,ripple,interval,median_onset_error,10,-0.00683562,-0.00858481,-0.00580768,0.00100063,-0.000594216,0.00200367,0.337,2000,10,10,746,739,0,0
ripple_chirp,none,ripple_chirp=none,recipe:krause_2022,literature,network,interval,median_onset_error,10,0.0152799,0.0122794,0.0175459,0.000850675,-0.00057349,0.00196302,0.434,2000,10,10,678,676,0,0
ripple_chirp,none,ripple_chirp=none,recipe:krause_2022_hse,literature,burst,interval,median_onset_error,10,-0.0323931,-0.0346551,-0.0290887,0,0,0,1,2000,10,10,801,801,0,0
ripple_chirp,none,ripple_chirp=none,recipe:kudrimoti_1999,literature,ripple,interval,median_onset_error,10,0.0346669,0.0308863,0.0425262,0.00279948,0.000422566,0.0106467,0.035,2000,10,10,15,25,0,0
ripple_chirp,none,ripple_chirp=none,recipe:lee_2002,literature,burst,interval,median_onset_error,10,-0.0383037,-0.0457685,-0.0332465,0,0,0,1,2000,10,10,929,929,0,0
ripple_chirp,none,ripple_chirp=none,recipe:lee_2002_ripples,literature,ripple,interval,median_onset_error,10,0.0340714,0.0310289,0.03738,0.000328773,-0.00183563,0.00389938,0.732,2000,10,10,78,76,0,0
ripple_chirp,none,ripple_chirp=none,recipe:liu_2019,literature,burst,interval,median_onset_error,10,-0.147592,-0.157828,-0.132624,0,0,0,1,2000,10,10,825,825,0,0
ripple_chirp,none,ripple_chirp=none,recipe:liu_2019_awake,literature,burst,interval,median_onset_error,10,-0.147592,-0.157828,-0.132624,0,0,0,1,2000,10,10,825,825,0,0
ripple_chirp,none,ripple_chirp=none,recipe:liu_2023,literature,network,interval,median_onset_error,10,-0.00786669,-0.0112014,-0.00542491,-0.000680912,-0.00133196,8.28291e-05,0.38,2000,10,10,464,470,0,0
ripple_chirp,none,ripple_chirp=none,recipe:maboudi_2018,literature,burst,interval,median_onset_error,10,-0.0325385,-0.0350644,-0.0294038,0,0,0,1,2000,10,10,775,775,0,0
ripple_chirp,none,ripple_chirp=none,recipe:maboudi_2018_open_field,literature,burst,interval,median_onset_error,10,-0.00269756,-0.00399852,-8.80208e-05,0,0,0,1,2000,10,10,721,721,0,0
ripple_chirp,none,ripple_chirp=none,recipe:mallory_2025,literature,burst,interval,median_onset_error,10,-0.0155739,-0.0176664,-0.0144297,0,0,0,1,2000,10,10,743,743,0,0
ripple_chirp,none,ripple_chirp=none,recipe:mallory_2025_ripples,literature,ripple,interval,median_onset_error,10,-0.0170532,-0.0187602,-0.0137483,-1.36018e-05,-0.00160614,0.00161523,0.876,2000,10,10,707,704,0,0
ripple_chirp,none,ripple_chirp=none,recipe:michon_2019,literature,network,interval,median_onset_error,10,-0.00175859,-0.00368583,0.000205073,-0.000104279,-0.00118697,0.000704088,0.602,2000,10,10,270,273,0,0
ripple_chirp,none,ripple_chirp=none,recipe:michon_2021,literature,network,interval,median_onset_error,10,-0.00175859,-0.00368583,0.000205073,-0.000104279,-0.00118697,0.000704088,0.602,2000,10,10,270,273,0,0
ripple_chirp,none,ripple_chirp=none,recipe:mou_2022,literature,burst,interval,median_onset_error,10,-0.0462975,-0.0555394,-0.0401892,0,0,0,1,2000,10,10,838,838,0,0
ripple_chirp,none,ripple_chirp=none,recipe:muessig_2019,literature,network,interval,median_onset_error,10,0.0265104,0.0222774,0.031394,0.000260686,0,0.00290815,0.555,2000,10,10,114,116,0,0
ripple_chirp,none,ripple_chirp=none,recipe:muessig_2019_ripples,literature,ripple,interval,median_onset_error,10,-0.00845373,-0.0116784,-0.00398575,5.17226e-05,-0.00153705,0.00181043,0.829,2000,10,10,887,893,0,0
ripple_chirp,none,ripple_chirp=none,recipe:nadasdy_1999,literature,ripple,interval,median_onset_error,10,0.00469442,0.00364437,0.00556014,-0.000205058,-0.00149022,0.000732356,0.824,2000,10,10,472,471,0,0
ripple_chirp,none,ripple_chirp=none,recipe:olafsdottir_2015,literature,burst,interval,median_onset_error,10,0.00534263,0.00360919,0.00774539,0,0,0,1,2000,10,10,662,662,0,0
ripple_chirp,none,ripple_chirp=none,recipe:olafsdottir_2015.bayesian_candidates,literature,burst,interval,median_onset_error,10,0.004886,0.00284124,0.00630589,0,0,0,1,2000,10,10,599,599,0,0
ripple_chirp,none,ripple_chirp=none,recipe:olafsdottir_2016,literature,burst,interval,median_onset_error,10,0.011116,0.00799637,0.0127389,0,0,0,1,2000,10,10,558,558,0,0
ripple_chirp,none,ripple_chirp=none,recipe:olafsdottir_2017,literature,burst,interval,median_onset_error,10,0.0122048,0.0108757,0.0136994,0,0,0,1,2000,10,10,744,744,0,0
ripple_chirp,none,ripple_chirp=none,recipe:olafsdottir_2017.trajectory,literature,burst,interval,median_onset_error,10,0.011116,0.00799637,0.0127389,0,0,0,1,2000,10,10,558,558,0,0
ripple_chirp,none,ripple_chirp=none,recipe:pfeiffer_2013,literature,burst,interval,median_onset_error,10,-0.00269756,-0.00399852,-8.80208e-05,0,0,0,1,2000,10,10,721,721,0,0
ripple_chirp,none,ripple_chirp=none,recipe:pfeiffer_2013_ripples,literature,ripple,interval,median_onset_error,10,-0.0146245,-0.0175992,-0.012988,0.00111843,-0.000425155,0.00201304,0.123,2000,10,10,750,743,0,0
ripple_chirp,none,ripple_chirp=none,recipe:pfeiffer_2015,literature,ripple,interval,median_onset_error,10,-0.0146245,-0.0175992,-0.012988,0.00111843,-0.000425155,0.00201304,0.123,2000,10,10,750,743,0,0
ripple_chirp,none,ripple_chirp=none,recipe:shin_2019,literature,ripple,interval,median_onset_error,10,-0.00683562,-0.00858481,-0.00580768,0.00100063,-0.000594216,0.00200367,0.337,2000,10,10,746,739,0,0
ripple_chirp,none,ripple_chirp=none,recipe:silva_2015,literature,burst,interval,median_onset_error,10,-0.0122142,-0.0153682,-0.0101496,0,0,0,1,2000,10,10,606,606,0,0
ripple_chirp,none,ripple_chirp=none,recipe:stella_2019,literature,ripple,interval,median_onset_error,10,0.0113034,0.0105678,0.0122085,0.000468462,-0.00011278,0.000955207,0.117,2000,10,10,685,680,0,0
ripple_chirp,none,ripple_chirp=none,recipe:tang_2017,literature,ripple,interval,median_onset_error,10,-0.00683562,-0.00858481,-0.00580768,0.00100063,-0.000594216,0.00200367,0.337,2000,10,10,746,739,0,0
ripple_chirp,none,ripple_chirp=none,recipe:tirole_2022,literature,network,interval,median_onset_error,10,-0.01437,-0.0178118,-0.0125665,0,-0.00129633,0.000715475,1,2000,10,10,555,557,0,0
ripple_chirp,none,ripple_chirp=none,recipe:widloski_2025,literature,ripple,interval,median_onset_error,10,-0.172129,-0.193508,-0.162497,-0.00390219,-0.0129544,-9.13303e-05,0.047,2000,10,10,507,518,0,0
ripple_chirp,none,ripple_chirp=none,recipe:widloski_2025_bursts,literature,burst,interval,median_onset_error,10,-0.168573,-0.174543,-0.15673,0,0,0,1,2000,10,10,518,518,0,0
ripple_chirp,none,ripple_chirp=none,recipe:wikenheiser_2013,literature,ripple,interval,median_onset_error,10,-0.159695,-0.180011,-0.137418,-0.0133012,-0.0196835,-0.00241353,0.001,2000,10,10,845,849,0,0
ripple_chirp,none,ripple_chirp=none,recipe:wu_2014,literature,burst,interval,median_onset_error,10,-0.0163562,-0.018528,-0.014373,0,0,0,1,2000,10,10,844,844,0,0
ripple_chirp,none,ripple_chirp=none,recipe:wu_2017,literature,burst,interval,median_onset_error,10,0.0117571,0.00916774,0.0144137,0,0,0,1,2000,10,10,523,523,0,0
ripple_chirp,none,ripple_chirp=none,recipe:xu_2019,literature,burst,interval,median_onset_error,10,-0.00774106,-0.0101589,-0.00488211,0,0,0,1,2000,10,10,731,731,0,0
ripple_chirp,none,ripple_chirp=none,recipe:yamamoto_2017,literature,network,interval,median_onset_error,10,0.0294373,0.0266116,0.0315092,-3.93872e-05,-0.00131462,0.000714776,0.856,2000,10,10,572,612,0,0
ripple_chirp,none,ripple_chirp=none,recipe:yang_2024,literature,network,interval,median_onset_error,10,-0.0131436,-0.0172533,-0.0109035,0.000691788,-0.000311519,0.00157374,0.212,2000,10,10,417,454,0,0
ripple_chirp,reference,reference,Carey_candidate_detector,default,network,interval,median_onset_error,10,0.0023104,0.00123107,0.00399637,0,0,0,1,2000,10,10,891,891,0,0
ripple_chirp,reference,reference,Karlsson_ripple_detector,default,ripple,interval,median_onset_error,10,-0.00783625,-0.0099954,-0.00540774,0,0,0,1,2000,10,10,739,739,0,0
ripple_chirp,reference,reference,Kay_ripple_detector,default,ripple,interval,median_onset_error,10,0.000728616,-0.000438561,0.00163915,0,0,0,1,2000,10,10,844,844,0,0
ripple_chirp,reference,reference,Long_sharp_wave_ripple_detector,default,ripple,interval,median_onset_error,10,0.0121998,0.010706,0.0136956,0,0,0,1,2000,10,10,704,704,0,0
ripple_chirp,reference,reference,Roumis_ripple_detector,default,ripple,interval,median_onset_error,10,0.000534876,-0.000645838,0.00161769,0,0,0,1,2000,10,10,845,845,0,0
ripple_chirp,reference,reference,Shvartsman_ripple_detector,default,ripple,interval,median_onset_error,10,-0.00962531,-0.0115123,-0.00686953,0,0,0,1,2000,10,10,677,677,0,0
ripple_chirp,reference,reference,Yu_ripple_detector,default,ripple,interval,median_onset_error,10,0.00170934,0.000880944,0.00241474,0,0,0,1,2000,10,10,865,865,0,0
ripple_chirp,reference,reference,Zugaro_ripple_detector,default,ripple,interval,median_onset_error,10,0.0139065,0.0128742,0.0155587,0,0,0,1,2000,10,10,689,689,0,0
ripple_chirp,reference,reference,multiunit_HSE_detector,default,burst,interval,median_onset_error,10,-0.0215494,-0.0233774,-0.0202821,0,0,0,1,2000,10,10,911,911,0,0
ripple_chirp,reference,reference,recipe:ambrose_2016,literature,ripple,interval,median_onset_error,10,-0.015743,-0.0177555,-0.0142967,0,0,0,1,2000,10,10,743,743,0,0
ripple_chirp,reference,reference,recipe:bendor_2012,literature,burst,interval,median_onset_error,10,0.011512,0.0104613,0.0123958,0,0,0,1,2000,10,10,655,655,0,0
ripple_chirp,reference,reference,recipe:berners_lee_2021,literature,ripple,interval,median_onset_error,10,-0.0155589,-0.0173479,-0.0133744,0,0,0,1,2000,10,10,806,806,0,0
ripple_chirp,reference,reference,recipe:berners_lee_2022,literature,burst,interval,median_onset_error,10,-0.0130479,-0.0159764,-0.0103579,0,0,0,1,2000,10,10,668,668,0,0
ripple_chirp,reference,reference,recipe:bhattarai_2020,literature,network,interval,median_onset_error,10,-0.0831288,-0.0969635,-0.0720238,0,0,0,1,2000,10,10,418,418,0,0
ripple_chirp,reference,reference,recipe:bhattarai_2020_ripples,literature,ripple,interval,median_onset_error,10,0.00150574,0.00025049,0.00309676,0,0,0,1,2000,10,10,474,474,0,0
ripple_chirp,reference,reference,recipe:bush_2022,literature,burst,interval,median_onset_error,10,0.000963743,-0.000634348,0.00233178,0,0,0,1,2000,10,10,617,617,0,0
ripple_chirp,reference,reference,recipe:carey_2019,literature,network,interval,median_onset_error,10,0.0127066,0.0112533,0.0135894,0,0,0,1,2000,10,10,900,900,0,0
ripple_chirp,reference,reference,recipe:carr_2012,literature,ripple,interval,median_onset_error,10,-0.00783625,-0.0099954,-0.00540774,0,0,0,1,2000,10,10,739,739,0,0
ripple_chirp,reference,reference,recipe:chenani_2019,literature,burst,interval,median_onset_error,10,-0.0188819,-0.021828,-0.0175617,0,0,0,1,2000,10,10,671,671,0,0
ripple_chirp,reference,reference,recipe:davidson_2009,literature,burst,interval,median_onset_error,10,-0.0208446,-0.0222665,-0.0193016,0,0,0,1,2000,10,10,784,784,0,0
ripple_chirp,reference,reference,recipe:denovellis_2021,literature,ripple,interval,median_onset_error,10,0.00103708,7.44804e-05,0.00199106,0,0,0,1,2000,10,10,845,845,0,0
ripple_chirp,reference,reference,recipe:denovellis_2021_mua,literature,burst,interval,median_onset_error,10,-0.0216321,-0.0237751,-0.0199833,0,0,0,1,2000,10,10,910,910,0,0
ripple_chirp,reference,reference,recipe:diba_2007,literature,burst,interval,median_onset_error,10,-0.0727517,-0.099299,-0.0577457,0,0,0,1,2000,10,10,251,251,0,0
ripple_chirp,reference,reference,recipe:drieu_2018,literature,burst,interval,median_onset_error,10,-0.00404978,-0.00568393,-0.00285607,0,0,0,1,2000,10,10,769,769,0,0
ripple_chirp,reference,reference,recipe:farooq_2019_neuron,literature,burst,interval,median_onset_error,10,0.0114778,0.00791052,0.0138605,0,0,0,1,2000,10,10,274,274,0,0
ripple_chirp,reference,reference,recipe:farooq_2019_science,literature,burst,interval,median_onset_error,10,0.0114778,0.0079113,0.0138605,0,0,0,1,2000,10,10,272,272,0,0
ripple_chirp,reference,reference,recipe:farooq_2019_science_awake,literature,burst,interval,median_onset_error,10,0.0114778,0.0079113,0.0138605,0,0,0,1,2000,10,10,272,272,0,0
ripple_chirp,reference,reference,recipe:foster_2006,literature,burst,interval,median_onset_error,10,-0.00603709,-0.0101548,0.00259616,0,0,0,1,2000,10,10,145,145,0,0
ripple_chirp,reference,reference,recipe:foster_2006_ripples,literature,ripple,interval,median_onset_error,10,0.0337426,0.0309958,0.0347633,0,0,0,1,2000,10,10,76,76,0,0
ripple_chirp,reference,reference,recipe:gillespie_2021,literature,ripple,interval,median_onset_error,10,0.000728616,-0.000438561,0.00163915,0,0,0,1,2000,10,10,844,844,0,0
ripple_chirp,reference,reference,recipe:gillespie_2021_mua,literature,burst,interval,median_onset_error,10,-0.0208446,-0.0224039,-0.0192365,0,0,0,1,2000,10,10,804,804,0,0
ripple_chirp,reference,reference,recipe:gridchyn_2020,literature,burst,interval,median_onset_error,10,0.0114932,0.00973624,0.0128004,0,0,0,1,2000,10,10,872,872,0,0
ripple_chirp,reference,reference,recipe:grosmark_2016,literature,network,interval,median_onset_error,10,-0.0138354,-0.0183971,-0.0119283,0,0,0,1,2000,10,10,454,454,0,0
ripple_chirp,reference,reference,recipe:gupta_2010,literature,ripple,interval,median_onset_error,10,0.000649468,-0.000516766,0.00149165,0,0,0,1,2000,10,10,816,816,0,0
ripple_chirp,reference,reference,recipe:harvey_2023_code,literature,ripple,interval,median_onset_error,10,0.0134081,0.0119995,0.0157787,0,0,0,1,2000,10,10,575,575,0,0
ripple_chirp,reference,reference,recipe:harvey_2023_no_radiatum,literature,ripple,interval,median_onset_error,10,2.11699e-05,-0.00315594,0.00152412,0,0,0,1,2000,10,10,609,609,0,0
ripple_chirp,reference,reference,recipe:harvey_2023_text,literature,ripple,interval,median_onset_error,10,0.0143671,0.0133529,0.0152102,0,0,0,1,2000,10,10,617,617,0,0
ripple_chirp,reference,reference,recipe:huelin_gorriz_2023,literature,network,interval,median_onset_error,10,-0.01437,-0.0172593,-0.0127015,0,0,0,1,2000,10,10,557,557,0,0
ripple_chirp,reference,reference,recipe:igata_2021,literature,burst,interval,median_onset_error,10,-0.0208446,-0.0230458,-0.0189872,0,0,0,1,2000,10,10,912,912,0,0
ripple_chirp,reference,reference,recipe:igata_2021_ripples,literature,ripple,interval,median_onset_error,10,0.00117637,0.000836552,0.00170338,0,0,0,1,2000,10,10,890,890,0,0
ripple_chirp,reference,reference,recipe:jadhav_2016,literature,ripple,interval,median_onset_error,10,-0.00782947,-0.0101123,-0.00525858,0,0,0,1,2000,10,10,598,598,0,0
ripple_chirp,reference,reference,recipe:ji_2007,literature,burst,interval,median_onset_error,10,0.0177528,0.0144042,0.0203139,0,0,0,1,2000,10,10,685,685,0,0
ripple_chirp,reference,reference,recipe:ji_2007_ripples,literature,ripple,interval,median_onset_error,10,-0.0533866,-0.183374,0.00947258,0,0,0,1,1989,4,4,5,5,0,0
ripple_chirp,reference,reference,recipe:kaefer_2020,literature,ripple,interval,median_onset_error,10,-0.14672,-0.177766,-0.0950664,0,0,0,1,2000,7,7,11,11,0,0
ripple_chirp,reference,reference,recipe:karlsson_2009,literature,ripple,interval,median_onset_error,10,-0.00783625,-0.0099954,-0.00540774,0,0,0,1,2000,10,10,739,739,0,0
ripple_chirp,reference,reference,recipe:krause_2022,literature,network,interval,median_onset_error,10,0.0144293,0.0122692,0.0163226,0,0,0,1,2000,10,10,676,676,0,0
ripple_chirp,reference,reference,recipe:krause_2022_hse,literature,burst,interval,median_onset_error,10,-0.0323931,-0.0346551,-0.0290887,0,0,0,1,2000,10,10,801,801,0,0
ripple_chirp,reference,reference,recipe:kudrimoti_1999,literature,ripple,interval,median_onset_error,10,0.0318674,0.029584,0.0353648,0,0,0,1,2000,10,10,25,25,0,0
ripple_chirp,reference,reference,recipe:lee_2002,literature,burst,interval,median_onset_error,10,-0.0383037,-0.0457685,-0.0332465,0,0,0,1,2000,10,10,929,929,0,0
ripple_chirp,reference,reference,recipe:lee_2002_ripples,literature,ripple,interval,median_onset_error,10,0.0337426,0.0309958,0.0347633,0,0,0,1,2000,10,10,76,76,0,0
ripple_chirp,reference,reference,recipe:liu_2019,literature,burst,interval,median_onset_error,10,-0.147592,-0.157828,-0.132624,0,0,0,1,2000,10,10,825,825,0,0
ripple_chirp,reference,reference,recipe:liu_2019_awake,literature,burst,interval,median_onset_error,10,-0.147592,-0.157828,-0.132624,0,0,0,1,2000,10,10,825,825,0,0
ripple_chirp,reference,reference,recipe:liu_2023,literature,network,interval,median_onset_error,10,-0.00718578,-0.010088,-0.00536157,0,0,0,1,2000,10,10,470,470,0,0
ripple_chirp,reference,reference,recipe:maboudi_2018,literature,burst,interval,median_onset_error,10,-0.0325385,-0.0350644,-0.0294038,0,0,0,1,2000,10,10,775,775,0,0
ripple_chirp,reference,reference,recipe:maboudi_2018_open_field,literature,burst,interval,median_onset_error,10,-0.00269756,-0.00399852,-8.80208e-05,0,0,0,1,2000,10,10,721,721,0,0
ripple_chirp,reference,reference,recipe:mallory_2025,literature,burst,interval,median_onset_error,10,-0.0155739,-0.0176664,-0.0144297,0,0,0,1,2000,10,10,743,743,0,0
ripple_chirp,reference,reference,recipe:mallory_2025_ripples,literature,ripple,interval,median_onset_error,10,-0.0170396,-0.0193004,-0.0142674,0,0,0,1,2000,10,10,704,704,0,0
ripple_chirp,reference,reference,recipe:michon_2019,literature,network,interval,median_onset_error,10,-0.00165431,-0.00362832,0.000536935,0,0,0,1,2000,10,10,273,273,0,0
ripple_chirp,reference,reference,recipe:michon_2021,literature,network,interval,median_onset_error,10,-0.00165431,-0.00362832,0.000536935,0,0,0,1,2000,10,10,273,273,0,0
ripple_chirp,reference,reference,recipe:mou_2022,literature,burst,interval,median_onset_error,10,-0.0462975,-0.0555394,-0.0401892,0,0,0,1,2000,10,10,838,838,0,0
ripple_chirp,reference,reference,recipe:muessig_2019,literature,network,interval,median_onset_error,10,0.0262498,0.0215342,0.0309892,0,0,0,1,2000,10,10,116,116,0,0
ripple_chirp,reference,reference,recipe:muessig_2019_ripples,literature,ripple,interval,median_onset_error,10,-0.00850545,-0.0108126,-0.00392214,0,0,0,1,2000,10,10,893,893,0,0
ripple_chirp,reference,reference,recipe:nadasdy_1999,literature,ripple,interval,median_onset_error,10,0.00489948,0.00428016,0.00549517,0,0,0,1,2000,10,10,471,471,0,0
ripple_chirp,reference,reference,recipe:olafsdottir_2015,literature,burst,interval,median_onset_error,10,0.00534263,0.00360919,0.00774539,0,0,0,1,2000,10,10,662,662,0,0
ripple_chirp,reference,reference,recipe:olafsdottir_2015.bayesian_candidates,literature,burst,interval,median_onset_error,10,0.004886,0.00284124,0.00630589,0,0,0,1,2000,10,10,599,599,0,0
ripple_chirp,reference,reference,recipe:olafsdottir_2016,literature,burst,interval,median_onset_error,10,0.011116,0.00799637,0.0127389,0,0,0,1,2000,10,10,558,558,0,0
ripple_chirp,reference,reference,recipe:olafsdottir_2017,literature,burst,interval,median_onset_error,10,0.0122048,0.0108757,0.0136994,0,0,0,1,2000,10,10,744,744,0,0
ripple_chirp,reference,reference,recipe:olafsdottir_2017.trajectory,literature,burst,interval,median_onset_error,10,0.011116,0.00799637,0.0127389,0,0,0,1,2000,10,10,558,558,0,0
ripple_chirp,reference,reference,recipe:pfeiffer_2013,literature,burst,interval,median_onset_error,10,-0.00269756,-0.00399852,-8.80208e-05,0,0,0,1,2000,10,10,721,721,0,0
ripple_chirp,reference,reference,recipe:pfeiffer_2013_ripples,literature,ripple,interval,median_onset_error,10,-0.015743,-0.0177555,-0.0142967,0,0,0,1,2000,10,10,743,743,0,0
ripple_chirp,reference,reference,recipe:pfeiffer_2015,literature,ripple,interval,median_onset_error,10,-0.015743,-0.0177555,-0.0142967,0,0,0,1,2000,10,10,743,743,0,0
ripple_chirp,reference,reference,recipe:shin_2019,literature,ripple,interval,median_onset_error,10,-0.00783625,-0.0099954,-0.00540774,0,0,0,1,2000,10,10,739,739,0,0
ripple_chirp,reference,reference,recipe:silva_2015,literature,burst,interval,median_onset_error,10,-0.0122142,-0.0153682,-0.0101496,0,0,0,1,2000,10,10,606,606,0,0
ripple_chirp,reference,reference,recipe:stella_2019,literature,ripple,interval,median_onset_error,10,0.010835,0.0100663,0.0120394,0,0,0,1,2000,10,10,680,680,0,0
ripple_chirp,reference,reference,recipe:tang_2017,literature,ripple,interval,median_onset_error,10,-0.00783625,-0.0099954,-0.00540774,0,0,0,1,2000,10,10,739,739,0,0
ripple_chirp,reference,reference,recipe:tirole_2022,literature,network,interval,median_onset_error,10,-0.01437,-0.0172593,-0.0127015,0,0,0,1,2000,10,10,557,557,0,0
ripple_chirp,reference,reference,recipe:widloski_2025,literature,ripple,interval,median_onset_error,10,-0.168227,-0.180008,-0.160493,0,0,0,1,2000,10,10,518,518,0,0
ripple_chirp,reference,reference,recipe:widloski_2025_bursts,literature,burst,interval,median_onset_error,10,-0.168573,-0.174543,-0.15673,0,0,0,1,2000,10,10,518,518,0,0
ripple_chirp,reference,reference,recipe:wikenheiser_2013,literature,ripple,interval,median_onset_error,10,-0.146394,-0.172799,-0.130138,0,0,0,1,2000,10,10,849,849,0,0
ripple_chirp,reference,reference,recipe:wu_2014,literature,burst,interval,median_onset_error,10,-0.0163562,-0.018528,-0.014373,0,0,0,1,2000,10,10,844,844,0,0
ripple_chirp,reference,reference,recipe:wu_2017,literature,burst,interval,median_onset_error,10,0.0117571,0.00916774,0.0144137,0,0,0,1,2000,10,10,523,523,0,0
ripple_chirp,reference,reference,recipe:xu_2019,literature,burst,interval,median_onset_error,10,-0.00774106,-0.0101589,-0.00488211,0,0,0,1,2000,10,10,731,731,0,0
ripple_chirp,reference,reference,recipe:yamamoto_2017,literature,network,interval,median_onset_error,10,0.0294767,0.0276603,0.0314484,0,0,0,1,2000,10,10,612,612,0,0
ripple_chirp,reference,reference,recipe:yang_2024,literature,network,interval,median_onset_error,10,-0.0138354,-0.0183971,-0.0119283,0,0,0,1,2000,10,10,454,454,0,0
spike_leakage_rate,0,spike_leakage_rate=0,Carey_candidate_detector,default,network,interval,median_onset_error,10,0.00245297,0.00176274,0.00358778,0.000142568,-0.000761797,0.000759641,0.803,2000,10,10,882,891,0,0
spike_leakage_rate,0,spike_leakage_rate=0,Karlsson_ripple_detector,default,ripple,interval,median_onset_error,10,-0.00785217,-0.0099954,-0.00532439,-1.59235e-05,-0.000275414,0.000153108,1,2000,10,10,736,739,0,0
spike_leakage_rate,0,spike_leakage_rate=0,Kay_ripple_detector,default,ripple,interval,median_onset_error,10,0.000744712,-0.000418938,0.00161775,1.60963e-05,-3.7105e-05,0.000134811,0.898,2000,10,10,844,844,0,0
spike_leakage_rate,0,spike_leakage_rate=0,Long_sharp_wave_ripple_detector,default,ripple,interval,median_onset_error,10,0.0121934,0.0106615,0.0136955,-6.37584e-06,-0.000186413,0,1,2000,10,10,705,704,0,0
spike_leakage_rate,0,spike_leakage_rate=0,Roumis_ripple_detector,default,ripple,interval,median_onset_error,10,0.000534876,-0.00067282,0.00155112,0,-0.000166405,0.000120364,1,2000,10,10,845,845,0,0
spike_leakage_rate,0,spike_leakage_rate=0,Shvartsman_ripple_detector,default,ripple,interval,median_onset_error,10,-0.00960335,-0.0115078,-0.00683562,2.19616e-05,0,0.000233994,1,2000,10,10,676,677,0,0
spike_leakage_rate,0,spike_leakage_rate=0,Yu_ripple_detector,default,ripple,interval,median_onset_error,10,0.00164303,0.000831845,0.00238269,-6.6318e-05,-0.000161086,0,0.412,2000,10,10,864,865,0,0
spike_leakage_rate,0,spike_leakage_rate=0,Zugaro_ripple_detector,default,ripple,interval,median_onset_error,10,0.0140013,0.013176,0.0156229,9.48045e-05,-4.36299e-05,0.000610974,0.281,2000,10,10,687,689,0,0
spike_leakage_rate,0,spike_leakage_rate=0,multiunit_HSE_detector,default,burst,interval,median_onset_error,10,-0.0205771,-0.0237947,-0.0189375,0.000972369,-0.00086041,0.00194479,0.433,2000,10,10,905,911,0,0
spike_leakage_rate,0,spike_leakage_rate=0,recipe:ambrose_2016,literature,ripple,interval,median_onset_error,10,-0.0157456,-0.0177859,-0.0143216,-2.66467e-06,-0.000408313,0.000238825,0.905,2000,10,10,742,743,0,0
spike_leakage_rate,0,spike_leakage_rate=0,recipe:bendor_2012,literature,burst,interval,median_onset_error,10,0.0112453,0.00964726,0.0123133,-0.000266685,-0.00169801,0.000796719,0.63,2000,10,10,669,655,0,0
spike_leakage_rate,0,spike_leakage_rate=0,recipe:berners_lee_2021,literature,ripple,interval,median_onset_error,10,-0.0155589,-0.0174538,-0.0133744,0,-0.000262346,0.000262321,1,2000,10,10,806,806,0,0
spike_leakage_rate,0,spike_leakage_rate=0,recipe:berners_lee_2022,literature,burst,interval,median_onset_error,10,-0.0128357,-0.0146643,-0.010321,0.00021221,-0.00176491,0.00278211,0.916,2000,10,10,676,668,0,0
spike_leakage_rate,0,spike_leakage_rate=0,recipe:bhattarai_2020,literature,network,interval,median_onset_error,10,-0.0829691,-0.0997334,-0.0728431,0.000159729,-0.00925992,0.0121913,0.82,2000,10,10,413,418,0,0
spike_leakage_rate,0,spike_leakage_rate=0,recipe:bhattarai_2020_ripples,literature,ripple,interval,median_onset_error,10,0.00186886,0.000864383,0.00314163,0.000363127,-6.9243e-05,0.00102838,0.195,2000,10,10,466,474,0,0
spike_leakage_rate,0,spike_leakage_rate=0,recipe:bush_2022,literature,burst,interval,median_onset_error,10,0.00159539,-0.000563448,0.00366525,0.000631642,-0.000744118,0.00180226,0.434,2000,10,10,621,617,0,0
spike_leakage_rate,0,spike_leakage_rate=0,recipe:carey_2019,literature,network,interval,median_onset_error,10,0.0125215,0.0118455,0.013459,-0.000185119,-0.0010025,0.000959812,0.942,2000,10,10,896,900,0,0
spike_leakage_rate,0,spike_leakage_rate=0,recipe:carr_2012,literature,ripple,interval,median_onset_error,10,-0.00785217,-0.0099954,-0.00532439,-1.59235e-05,-0.000275414,0.000153108,1,2000,10,10,736,739,0,0
spike_leakage_rate,0,spike_leakage_rate=0,recipe:chenani_2019,literature,burst,interval,median_onset_error,10,-0.0196215,-0.0216016,-0.0184891,-0.000739599,-0.00171754,0.000872944,0.413,2000,10,10,679,671,0,0
spike_leakage_rate,0,spike_leakage_rate=0,recipe:davidson_2009,literature,burst,interval,median_onset_error,10,-0.0199781,-0.0234372,-0.0181129,0.000866469,-0.00204833,0.00230889,0.473,2000,10,10,787,784,0,0
spike_leakage_rate,0,spike_leakage_rate=0,recipe:denovellis_2021,literature,ripple,interval,median_onset_error,10,0.00110545,0.000231422,0.00200127,6.83704e-05,0,0.000175206,0.815,2000,10,10,845,845,0,0
spike_leakage_rate,0,spike_leakage_rate=0,recipe:denovellis_2021_mua,literature,burst,interval,median_onset_error,10,-0.0209488,-0.0240132,-0.0186027,0.000683362,-0.000842257,0.00187045,0.342,2000,10,10,905,910,0,0
spike_leakage_rate,0,spike_leakage_rate=0,recipe:diba_2007,literature,burst,interval,median_onset_error,10,-0.0817866,-0.10429,-0.0591825,-0.00903493,-0.015889,0.00195212,0.115,2000,10,10,250,251,0,0
spike_leakage_rate,0,spike_leakage_rate=0,recipe:drieu_2018,literature,burst,interval,median_onset_error,10,-0.00443164,-0.00543044,-0.00314092,-0.000381854,-0.00124024,0.000834411,0.731,2000,10,10,786,769,0,0
spike_leakage_rate,0,spike_leakage_rate=0,recipe:farooq_2019_neuron,literature,burst,interval,median_onset_error,10,0.0116994,0.00832362,0.0138974,0.000221629,-0.00194165,0.00215607,0.971,2000,10,10,289,274,0,0
spike_leakage_rate,0,spike_leakage_rate=0,recipe:farooq_2019_science,literature,burst,interval,median_onset_error,10,0.0116994,0.00832362,0.0141322,0.000221629,-0.00186021,0.00220568,0.99,2000,10,10,285,272,0,0
spike_leakage_rate,0,spike_leakage_rate=0,recipe:farooq_2019_science_awake,literature,burst,interval,median_onset_error,10,0.0116994,0.00832362,0.0141322,0.000221629,-0.00186021,0.00220568,0.99,2000,10,10,285,272,0,0
spike_leakage_rate,0,spike_leakage_rate=0,recipe:foster_2006,literature,burst,interval,median_onset_error,10,-0.00601542,-0.0103893,0.00277984,2.16665e-05,-0.00681118,0.00700495,0.688,2000,10,10,140,145,0,0
spike_leakage_rate,0,spike_leakage_rate=0,recipe:foster_2006_ripples,literature,ripple,interval,median_onset_error,10,0.0336311,0.0302051,0.0347633,-0.000111478,-0.00116141,0,1,2000,10,10,77,76,0,0
spike_leakage_rate,0,spike_leakage_rate=0,recipe:gillespie_2021,literature,ripple,interval,median_onset_error,10,0.000744712,-0.000418938,0.00161775,1.60963e-05,-3.7105e-05,0.000134811,0.898,2000,10,10,844,844,0,0
spike_leakage_rate,0,spike_leakage_rate=0,recipe:gillespie_2021_mua,literature,burst,interval,median_onset_error,10,-0.0199104,-0.0237966,-0.0180176,0.000934188,-0.00208152,0.00202599,0.554,2000,10,10,807,804,0,0
spike_leakage_rate,0,spike_leakage_rate=0,recipe:gridchyn_2020,literature,burst,interval,median_onset_error,10,0.0115418,0.0102405,0.0132723,4.86154e-05,-0.000974187,0.0014038,0.757,2000,10,10,876,872,0,0
spike_leakage_rate,0,spike_leakage_rate=0,recipe:grosmark_2016,literature,network,interval,median_onset_error,10,-0.0138955,-0.0168212,-0.0112616,-6.0114e-05,-0.000959654,0.00171779,0.779,2000,10,10,463,454,0,0
spike_leakage_rate,0,spike_leakage_rate=0,recipe:gupta_2010,literature,ripple,interval,median_onset_error,10,0.00074836,-0.000509595,0.00150315,9.88917e-05,0,0.000233792,0.849,2000,10,10,816,816,0,0
spike_leakage_rate,0,spike_leakage_rate=0,recipe:harvey_2023_code,literature,ripple,interval,median_onset_error,10,0.0134134,0.0119565,0.0157769,5.33221e-06,-0.000479895,0.000347432,1,2000,10,10,578,575,0,0
spike_leakage_rate,0,spike_leakage_rate=0,recipe:harvey_2023_no_radiatum,literature,ripple,interval,median_onset_error,10,6.63192e-05,-0.00315594,0.00186849,4.51493e-05,-0.00134405,0.00175216,0.944,2000,10,10,617,609,0,0
spike_leakage_rate,0,spike_leakage_rate=0,recipe:harvey_2023_text,literature,ripple,interval,median_onset_error,10,0.0143671,0.0133529,0.0152102,0,0,0,1,2000,10,10,617,617,0,0
spike_leakage_rate,0,spike_leakage_rate=0,recipe:huelin_gorriz_2023,literature,network,interval,median_onset_error,10,-0.01431,-0.0166443,-0.0124568,6.00194e-05,-0.00146691,0.00257652,0.836,2000,10,10,566,557,0,0
spike_leakage_rate,0,spike_leakage_rate=0,recipe:igata_2021,literature,burst,interval,median_onset_error,10,-0.0196434,-0.0230215,-0.0178254,0.00120116,-0.000489802,0.00225808,0.161,2000,10,10,910,912,0,0
spike_leakage_rate,0,spike_leakage_rate=0,recipe:igata_2021_ripples,literature,ripple,interval,median_onset_error,10,0.00117427,0.000791783,0.00169965,-2.09846e-06,-5.59914e-05,0,1,2000,10,10,889,890,0,0
spike_leakage_rate,0,spike_leakage_rate=0,recipe:jadhav_2016,literature,ripple,interval,median_onset_error,10,-0.00785217,-0.0103657,-0.00520384,-2.27067e-05,-0.00057471,0.000266726,0.719,2000,10,10,600,598,0,0
spike_leakage_rate,0,spike_leakage_rate=0,recipe:ji_2007,literature,burst,interval,median_onset_error,10,0.014444,0.0134776,0.0164065,-0.0033088,-0.00578419,-0.000155101,0.035,2000,10,10,721,685,0,0
spike_leakage_rate,0,spike_leakage_rate=0,recipe:ji_2007_ripples,literature,ripple,interval,median_onset_error,10,-0.0560533,-0.166041,0.00947258,-0.00266667,-0.00266667,0.0173333,1,1989,4,4,5,5,0,0
spike_leakage_rate,0,spike_leakage_rate=0,recipe:kaefer_2020,literature,ripple,interval,median_onset_error,10,-0.14672,-0.177766,-0.0950664,0,0,0,1,2000,7,7,11,11,0,0
spike_leakage_rate,0,spike_leakage_rate=0,recipe:karlsson_2009,literature,ripple,interval,median_onset_error,10,-0.00785217,-0.0099954,-0.00532439,-1.59235e-05,-0.000275414,0.000153108,1,2000,10,10,736,739,0,0
spike_leakage_rate,0,spike_leakage_rate=0,recipe:krause_2022,literature,network,interval,median_onset_error,10,0.0146597,0.0118527,0.0166114,0.000230477,-0.00107047,0.00103306,0.929,2000,10,10,670,676,0,0
spike_leakage_rate,0,spike_leakage_rate=0,recipe:krause_2022_hse,literature,burst,interval,median_onset_error,10,-0.0321403,-0.0349895,-0.0290887,0.000252745,-0.00132731,0.00165279,0.974,2000,10,10,803,801,0,0
spike_leakage_rate,0,spike_leakage_rate=0,recipe:kudrimoti_1999,literature,ripple,interval,median_onset_error,10,0.0318674,0.029584,0.0353648,0,0,0,1,2000,10,10,25,25,0,0
spike_leakage_rate,0,spike_leakage_rate=0,recipe:lee_2002,literature,burst,interval,median_onset_error,10,-0.0420699,-0.0490941,-0.0360921,-0.0037662,-0.00771881,-0.000225426,0.027,2000,10,10,932,929,0,0
spike_leakage_rate,0,spike_leakage_rate=0,recipe:lee_2002_ripples,literature,ripple,interval,median_onset_error,10,0.0336311,0.0302051,0.0347633,-0.000111478,-0.00116141,0,1,2000,10,10,77,76,0,0
spike_leakage_rate,0,spike_leakage_rate=0,recipe:liu_2019,literature,burst,interval,median_onset_error,10,-0.149616,-0.156005,-0.140834,-0.00202359,-0.0149333,0.00595712,0.616,2000,10,10,825,825,0,0
spike_leakage_rate,0,spike_leakage_rate=0,recipe:liu_2019_awake,literature,burst,interval,median_onset_error,10,-0.149616,-0.156005,-0.140834,-0.00202359,-0.0149333,0.00595712,0.616,2000,10,10,825,825,0,0
spike_leakage_rate,0,spike_leakage_rate=0,recipe:liu_2023,literature,network,interval,median_onset_error,10,-0.00629491,-0.00873437,-0.00469756,0.000890871,-0.000554324,0.00334978,0.229,2000,10,10,476,470,0,0
spike_leakage_rate,0,spike_leakage_rate=0,recipe:maboudi_2018,literature,burst,interval,median_onset_error,10,-0.0326131,-0.0350644,-0.0295678,-7.46802e-05,-0.00143042,0.00126414,0.687,2000,10,10,780,775,0,0
spike_leakage_rate,0,spike_leakage_rate=0,recipe:maboudi_2018_open_field,literature,burst,interval,median_onset_error,10,-0.00197641,-0.00314249,-0.00042005,0.00072115,-0.000832747,0.00189925,0.344,2000,10,10,727,721,0,0
spike_leakage_rate,0,spike_leakage_rate=0,recipe:mallory_2025,literature,burst,interval,median_onset_error,10,-0.0167976,-0.0185399,-0.0155006,-0.00122369,-0.00255216,0.000232185,0.104,2000,10,10,758,743,0,0
spike_leakage_rate,0,spike_leakage_rate=0,recipe:mallory_2025_ripples,literature,ripple,interval,median_onset_error,10,-0.0170816,-0.0195671,-0.0145446,-4.20568e-05,-0.000622896,0,0.481,2000,10,10,703,704,0,0
spike_leakage_rate,0,spike_leakage_rate=0,recipe:michon_2019,literature,network,interval,median_onset_error,10,-0.000690117,-0.00276135,0.000976947,0.000964192,-0.000284786,0.00194932,0.185,2000,10,10,269,273,0,0
spike_leakage_rate,0,spike_leakage_rate=0,recipe:michon_2021,literature,network,interval,median_onset_error,10,-0.000690117,-0.00276135,0.000976947,0.000964192,-0.000284786,0.00194932,0.185,2000,10,10,269,273,0,0
spike_leakage_rate,0,spike_leakage_rate=0,recipe:mou_2022,literature,burst,interval,median_onset_error,10,-0.0468451,-0.0566454,-0.0404386,-0.000547546,-0.00635308,0.00351268,0.801,2000,10,10,834,838,0,0
spike_leakage_rate,0,spike_leakage_rate=0,recipe:muessig_2019,literature,network,interval,median_onset_error,10,0.023254,0.0198872,0.0311391,-0.00299578,-0.00611838,0.00365677,0.628,2000,10,10,122,116,0,0
spike_leakage_rate,0,spike_leakage_rate=0,recipe:muessig_2019_ripples,literature,ripple,interval,median_onset_error,10,-0.00853406,-0.0108278,-0.00413229,-2.86111e-05,-0.000621702,0.000289313,0.871,2000,10,10,894,893,0,0
spike_leakage_rate,0,spike_leakage_rate=0,recipe:nadasdy_1999,literature,ripple,interval,median_onset_error,10,0.00489948,0.00428016,0.00553885,0,-9.69715e-05,9.00877e-05,1,2000,10,10,469,471,0,0
spike_leakage_rate,0,spike_leakage_rate=0,recipe:olafsdottir_2015,literature,burst,interval,median_onset_error,10,0.00569255,0.00322087,0.00798412,0.000349923,-0.000903456,0.00127444,0.888,2000,10,10,668,662,0,0
spike_leakage_rate,0,spike_leakage_rate=0,recipe:olafsdottir_2015.bayesian_candidates,literature,burst,interval,median_onset_error,10,0.00461012,0.00251251,0.00578391,-0.000275881,-0.00153276,0.000611771,0.425,2000,10,10,602,599,0,0
spike_leakage_rate,0,spike_leakage_rate=0,recipe:olafsdottir_2016,literature,burst,interval,median_onset_error,10,0.0101806,0.00766042,0.0119856,-0.000935383,-0.00210371,0.000436389,0.213,2000,10,10,561,558,0,0
spike_leakage_rate,0,spike_leakage_rate=0,recipe:olafsdottir_2017,literature,burst,interval,median_onset_error,10,0.0118039,0.00995937,0.0132978,-0.000400876,-0.00209004,0.000585518,0.37,2000,10,10,736,744,0,0
spike_leakage_rate,0,spike_leakage_rate=0,recipe:olafsdottir_2017.trajectory,literature,burst,interval,median_onset_error,10,0.0101806,0.00766042,0.0119856,-0.000935383,-0.00210371,0.000436389,0.213,2000,10,10,561,558,0,0
spike_leakage_rate,0,spike_leakage_rate=0,recipe:pfeiffer_2013,literature,burst,interval,median_onset_error,10,-0.00197641,-0.00314249,-0.00042005,0.00072115,-0.000832747,0.00189925,0.344,2000,10,10,727,721,0,0
spike_leakage_rate,0,spike_leakage_rate=0,recipe:pfeiffer_2013_ripples,literature,ripple,interval,median_onset_error,10,-0.0157456,-0.0177859,-0.0143216,-2.66467e-06,-0.000408313,0.000238825,0.905,2000,10,10,742,743,0,0
spike_leakage_rate,0,spike_leakage_rate=0,recipe:pfeiffer_2015,literature,ripple,interval,median_onset_error,10,-0.0157456,-0.0177859,-0.0143216,-2.66467e-06,-0.000408313,0.000238825,0.905,2000,10,10,742,743,0,0
spike_leakage_rate,0,spike_leakage_rate=0,recipe:shin_2019,literature,ripple,interval,median_onset_error,10,-0.00785217,-0.0099954,-0.00532439,-1.59235e-05,-0.000275414,0.000153108,1,2000,10,10,736,739,0,0
spike_leakage_rate,0,spike_leakage_rate=0,recipe:silva_2015,literature,burst,interval,median_onset_error,10,-0.0120578,-0.0148648,-0.0104579,0.000156463,-0.00220525,0.00201958,0.915,2000,10,10,612,606,0,0
spike_leakage_rate,0,spike_leakage_rate=0,recipe:stella_2019,literature,ripple,interval,median_onset_error,10,0.010835,0.00993623,0.01204,0,-0.000242812,0.00021595,1,2000,10,10,680,680,0,0
spike_leakage_rate,0,spike_leakage_rate=0,recipe:tang_2017,literature,ripple,interval,median_onset_error,10,-0.00785217,-0.0099954,-0.00532439,-1.59235e-05,-0.000275414,0.000153108,1,2000,10,10,736,739,0,0
spike_leakage_rate,0,spike_leakage_rate=0,recipe:tirole_2022,literature,network,interval,median_onset_error,10,-0.01431,-0.0166443,-0.0124568,6.00194e-05,-0.00146691,0.00257652,0.836,2000,10,10,566,557,0,0
spike_leakage_rate,0,spike_leakage_rate=0,recipe:widloski_2025,literature,ripple,interval,median_onset_error,10,-0.168355,-0.181727,-0.160894,-0.000127964,-0.00246767,0.00105908,0.644,2000,10,10,516,518,0,0
spike_leakage_rate,0,spike_leakage_rate=0,recipe:widloski_2025_bursts,literature,burst,interval,median_onset_error,10,-0.168345,-0.178084,-0.157292,0.000227926,-0.00710955,0.00479228,0.702,2000,10,10,524,518,0,0
spike_leakage_rate,0,spike_leakage_rate=0,recipe:wikenheiser_2013,literature,ripple,interval,median_onset_error,10,-0.142438,-0.172091,-0.1243,0.00395616,-0.000700308,0.00989623,0.175,2000,10,10,848,849,0,0
spike_leakage_rate,0,spike_leakage_rate=0,recipe:wu_2014,literature,burst,interval,median_onset_error,10,-0.0165593,-0.0195739,-0.014315,-0.00020311,-0.00192211,0.000871777,0.651,2000,10,10,852,844,0,0
spike_leakage_rate,0,spike_leakage_rate=0,recipe:wu_2017,literature,burst,interval,median_onset_error,10,0.0116113,0.00919946,0.0154436,-0.000145828,-0.0022912,0.00281245,1,2000,10,10,527,523,0,0
spike_leakage_rate,0,spike_leakage_rate=0,recipe:xu_2019,literature,burst,interval,median_onset_error,10,-0.00783481,-0.0133739,-0.00410382,-9.37489e-05,-0.00434117,0.00199247,0.811,2000,10,10,747,731,0,0
spike_leakage_rate,0,spike_leakage_rate=0,recipe:yamamoto_2017,literature,network,interval,median_onset_error,10,0.0283457,0.0269398,0.0294149,-0.001131,-0.00290606,0.000648473,0.296,2000,10,10,597,612,0,0
spike_leakage_rate,0,spike_leakage_rate=0,recipe:yang_2024,literature,network,interval,median_onset_error,10,-0.0138955,-0.0168212,-0.0112616,-6.0114e-05,-0.000959654,0.00171779,0.779,2000,10,10,463,454,0,0
spike_leakage_rate,reference,reference,Carey_candidate_detector,default,network,interval,median_onset_error,10,0.0023104,0.00123107,0.00399637,0,0,0,1,2000,10,10,891,891,0,0
spike_leakage_rate,reference,reference,Karlsson_ripple_detector,default,ripple,interval,median_onset_error,10,-0.00783625,-0.0099954,-0.00540774,0,0,0,1,2000,10,10,739,739,0,0
spike_leakage_rate,reference,reference,Kay_ripple_detector,default,ripple,interval,median_onset_error,10,0.000728616,-0.000438561,0.00163915,0,0,0,1,2000,10,10,844,844,0,0
spike_leakage_rate,reference,reference,Long_sharp_wave_ripple_detector,default,ripple,interval,median_onset_error,10,0.0121998,0.010706,0.0136956,0,0,0,1,2000,10,10,704,704,0,0
spike_leakage_rate,reference,reference,Roumis_ripple_detector,default,ripple,interval,median_onset_error,10,0.000534876,-0.000645838,0.00161769,0,0,0,1,2000,10,10,845,845,0,0
spike_leakage_rate,reference,reference,Shvartsman_ripple_detector,default,ripple,interval,median_onset_error,10,-0.00962531,-0.0115123,-0.00686953,0,0,0,1,2000,10,10,677,677,0,0
spike_leakage_rate,reference,reference,Yu_ripple_detector,default,ripple,interval,median_onset_error,10,0.00170934,0.000880944,0.00241474,0,0,0,1,2000,10,10,865,865,0,0
spike_leakage_rate,reference,reference,Zugaro_ripple_detector,default,ripple,interval,median_onset_error,10,0.0139065,0.0128742,0.0155587,0,0,0,1,2000,10,10,689,689,0,0
spike_leakage_rate,reference,reference,multiunit_HSE_detector,default,burst,interval,median_onset_error,10,-0.0215494,-0.0233774,-0.0202821,0,0,0,1,2000,10,10,911,911,0,0
spike_leakage_rate,reference,reference,recipe:ambrose_2016,literature,ripple,interval,median_onset_error,10,-0.015743,-0.0177555,-0.0142967,0,0,0,1,2000,10,10,743,743,0,0
spike_leakage_rate,reference,reference,recipe:bendor_2012,literature,burst,interval,median_onset_error,10,0.011512,0.0104613,0.0123958,0,0,0,1,2000,10,10,655,655,0,0
spike_leakage_rate,reference,reference,recipe:berners_lee_2021,literature,ripple,interval,median_onset_error,10,-0.0155589,-0.0173479,-0.0133744,0,0,0,1,2000,10,10,806,806,0,0
spike_leakage_rate,reference,reference,recipe:berners_lee_2022,literature,burst,interval,median_onset_error,10,-0.0130479,-0.0159764,-0.0103579,0,0,0,1,2000,10,10,668,668,0,0
spike_leakage_rate,reference,reference,recipe:bhattarai_2020,literature,network,interval,median_onset_error,10,-0.0831288,-0.0969635,-0.0720238,0,0,0,1,2000,10,10,418,418,0,0
spike_leakage_rate,reference,reference,recipe:bhattarai_2020_ripples,literature,ripple,interval,median_onset_error,10,0.00150574,0.00025049,0.00309676,0,0,0,1,2000,10,10,474,474,0,0
spike_leakage_rate,reference,reference,recipe:bush_2022,literature,burst,interval,median_onset_error,10,0.000963743,-0.000634348,0.00233178,0,0,0,1,2000,10,10,617,617,0,0
spike_leakage_rate,reference,reference,recipe:carey_2019,literature,network,interval,median_onset_error,10,0.0127066,0.0112533,0.0135894,0,0,0,1,2000,10,10,900,900,0,0
spike_leakage_rate,reference,reference,recipe:carr_2012,literature,ripple,interval,median_onset_error,10,-0.00783625,-0.0099954,-0.00540774,0,0,0,1,2000,10,10,739,739,0,0
spike_leakage_rate,reference,reference,recipe:chenani_2019,literature,burst,interval,median_onset_error,10,-0.0188819,-0.021828,-0.0175617,0,0,0,1,2000,10,10,671,671,0,0
spike_leakage_rate,reference,reference,recipe:davidson_2009,literature,burst,interval,median_onset_error,10,-0.0208446,-0.0222665,-0.0193016,0,0,0,1,2000,10,10,784,784,0,0
spike_leakage_rate,reference,reference,recipe:denovellis_2021,literature,ripple,interval,median_onset_error,10,0.00103708,7.44804e-05,0.00199106,0,0,0,1,2000,10,10,845,845,0,0
spike_leakage_rate,reference,reference,recipe:denovellis_2021_mua,literature,burst,interval,median_onset_error,10,-0.0216321,-0.0237751,-0.0199833,0,0,0,1,2000,10,10,910,910,0,0
spike_leakage_rate,reference,reference,recipe:diba_2007,literature,burst,interval,median_onset_error,10,-0.0727517,-0.099299,-0.0577457,0,0,0,1,2000,10,10,251,251,0,0
spike_leakage_rate,reference,reference,recipe:drieu_2018,literature,burst,interval,median_onset_error,10,-0.00404978,-0.00568393,-0.00285607,0,0,0,1,2000,10,10,769,769,0,0
spike_leakage_rate,reference,reference,recipe:farooq_2019_neuron,literature,burst,interval,median_onset_error,10,0.0114778,0.00791052,0.0138605,0,0,0,1,2000,10,10,274,274,0,0
spike_leakage_rate,reference,reference,recipe:farooq_2019_science,literature,burst,interval,median_onset_error,10,0.0114778,0.0079113,0.0138605,0,0,0,1,2000,10,10,272,272,0,0
spike_leakage_rate,reference,reference,recipe:farooq_2019_science_awake,literature,burst,interval,median_onset_error,10,0.0114778,0.0079113,0.0138605,0,0,0,1,2000,10,10,272,272,0,0
spike_leakage_rate,reference,reference,recipe:foster_2006,literature,burst,interval,median_onset_error,10,-0.00603709,-0.0101548,0.00259616,0,0,0,1,2000,10,10,145,145,0,0
spike_leakage_rate,reference,reference,recipe:foster_2006_ripples,literature,ripple,interval,median_onset_error,10,0.0337426,0.0309958,0.0347633,0,0,0,1,2000,10,10,76,76,0,0
spike_leakage_rate,reference,reference,recipe:gillespie_2021,literature,ripple,interval,median_onset_error,10,0.000728616,-0.000438561,0.00163915,0,0,0,1,2000,10,10,844,844,0,0
spike_leakage_rate,reference,reference,recipe:gillespie_2021_mua,literature,burst,interval,median_onset_error,10,-0.0208446,-0.0224039,-0.0192365,0,0,0,1,2000,10,10,804,804,0,0
spike_leakage_rate,reference,reference,recipe:gridchyn_2020,literature,burst,interval,median_onset_error,10,0.0114932,0.00973624,0.0128004,0,0,0,1,2000,10,10,872,872,0,0
spike_leakage_rate,reference,reference,recipe:grosmark_2016,literature,network,interval,median_onset_error,10,-0.0138354,-0.0183971,-0.0119283,0,0,0,1,2000,10,10,454,454,0,0
spike_leakage_rate,reference,reference,recipe:gupta_2010,literature,ripple,interval,median_onset_error,10,0.000649468,-0.000516766,0.00149165,0,0,0,1,2000,10,10,816,816,0,0
spike_leakage_rate,reference,reference,recipe:harvey_2023_code,literature,ripple,interval,median_onset_error,10,0.0134081,0.0119995,0.0157787,0,0,0,1,2000,10,10,575,575,0,0
spike_leakage_rate,reference,reference,recipe:harvey_2023_no_radiatum,literature,ripple,interval,median_onset_error,10,2.11699e-05,-0.00315594,0.00152412,0,0,0,1,2000,10,10,609,609,0,0
spike_leakage_rate,reference,reference,recipe:harvey_2023_text,literature,ripple,interval,median_onset_error,10,0.0143671,0.0133529,0.0152102,0,0,0,1,2000,10,10,617,617,0,0
spike_leakage_rate,reference,reference,recipe:huelin_gorriz_2023,literature,network,interval,median_onset_error,10,-0.01437,-0.0172593,-0.0127015,0,0,0,1,2000,10,10,557,557,0,0
spike_leakage_rate,reference,reference,recipe:igata_2021,literature,burst,interval,median_onset_error,10,-0.0208446,-0.0230458,-0.0189872,0,0,0,1,2000,10,10,912,912,0,0
spike_leakage_rate,reference,reference,recipe:igata_2021_ripples,literature,ripple,interval,median_onset_error,10,0.00117637,0.000836552,0.00170338,0,0,0,1,2000,10,10,890,890,0,0
spike_leakage_rate,reference,reference,recipe:jadhav_2016,literature,ripple,interval,median_onset_error,10,-0.00782947,-0.0101123,-0.00525858,0,0,0,1,2000,10,10,598,598,0,0
spike_leakage_rate,reference,reference,recipe:ji_2007,literature,burst,interval,median_onset_error,10,0.0177528,0.0144042,0.0203139,0,0,0,1,2000,10,10,685,685,0,0
spike_leakage_rate,reference,reference,recipe:ji_2007_ripples,literature,ripple,interval,median_onset_error,10,-0.0533866,-0.183374,0.00947258,0,0,0,1,1989,4,4,5,5,0,0
spike_leakage_rate,reference,reference,recipe:kaefer_2020,literature,ripple,interval,median_onset_error,10,-0.14672,-0.177766,-0.0950664,0,0,0,1,2000,7,7,11,11,0,0
spike_leakage_rate,reference,reference,recipe:karlsson_2009,literature,ripple,interval,median_onset_error,10,-0.00783625,-0.0099954,-0.00540774,0,0,0,1,2000,10,10,739,739,0,0
spike_leakage_rate,reference,reference,recipe:krause_2022,literature,network,interval,median_onset_error,10,0.0144293,0.0122692,0.0163226,0,0,0,1,2000,10,10,676,676,0,0
spike_leakage_rate,reference,reference,recipe:krause_2022_hse,literature,burst,interval,median_onset_error,10,-0.0323931,-0.0346551,-0.0290887,0,0,0,1,2000,10,10,801,801,0,0
spike_leakage_rate,reference,reference,recipe:kudrimoti_1999,literature,ripple,interval,median_onset_error,10,0.0318674,0.029584,0.0353648,0,0,0,1,2000,10,10,25,25,0,0
spike_leakage_rate,reference,reference,recipe:lee_2002,literature,burst,interval,median_onset_error,10,-0.0383037,-0.0457685,-0.0332465,0,0,0,1,2000,10,10,929,929,0,0
spike_leakage_rate,reference,reference,recipe:lee_2002_ripples,literature,ripple,interval,median_onset_error,10,0.0337426,0.0309958,0.0347633,0,0,0,1,2000,10,10,76,76,0,0
spike_leakage_rate,reference,reference,recipe:liu_2019,literature,burst,interval,median_onset_error,10,-0.147592,-0.157828,-0.132624,0,0,0,1,2000,10,10,825,825,0,0
spike_leakage_rate,reference,reference,recipe:liu_2019_awake,literature,burst,interval,median_onset_error,10,-0.147592,-0.157828,-0.132624,0,0,0,1,2000,10,10,825,825,0,0
spike_leakage_rate,reference,reference,recipe:liu_2023,literature,network,interval,median_onset_error,10,-0.00718578,-0.010088,-0.00536157,0,0,0,1,2000,10,10,470,470,0,0
spike_leakage_rate,reference,reference,recipe:maboudi_2018,literature,burst,interval,median_onset_error,10,-0.0325385,-0.0350644,-0.0294038,0,0,0,1,2000,10,10,775,775,0,0
spike_leakage_rate,reference,reference,recipe:maboudi_2018_open_field,literature,burst,interval,median_onset_error,10,-0.00269756,-0.00399852,-8.80208e-05,0,0,0,1,2000,10,10,721,721,0,0
spike_leakage_rate,reference,reference,recipe:mallory_2025,literature,burst,interval,median_onset_error,10,-0.0155739,-0.0176664,-0.0144297,0,0,0,1,2000,10,10,743,743,0,0
spike_leakage_rate,reference,reference,recipe:mallory_2025_ripples,literature,ripple,interval,median_onset_error,10,-0.0170396,-0.0193004,-0.0142674,0,0,0,1,2000,10,10,704,704,0,0
spike_leakage_rate,reference,reference,recipe:michon_2019,literature,network,interval,median_onset_error,10,-0.00165431,-0.00362832,0.000536935,0,0,0,1,2000,10,10,273,273,0,0
spike_leakage_rate,reference,reference,recipe:michon_2021,literature,network,interval,median_onset_error,10,-0.00165431,-0.00362832,0.000536935,0,0,0,1,2000,10,10,273,273,0,0
spike_leakage_rate,reference,reference,recipe:mou_2022,literature,burst,interval,median_onset_error,10,-0.0462975,-0.0555394,-0.0401892,0,0,0,1,2000,10,10,838,838,0,0
spike_leakage_rate,reference,reference,recipe:muessig_2019,literature,network,interval,median_onset_error,10,0.0262498,0.0215342,0.0309892,0,0,0,1,2000,10,10,116,116,0,0
spike_leakage_rate,reference,reference,recipe:muessig_2019_ripples,literature,ripple,interval,median_onset_error,10,-0.00850545,-0.0108126,-0.00392214,0,0,0,1,2000,10,10,893,893,0,0
spike_leakage_rate,reference,reference,recipe:nadasdy_1999,literature,ripple,interval,median_onset_error,10,0.00489948,0.00428016,0.00549517,0,0,0,1,2000,10,10,471,471,0,0
spike_leakage_rate,reference,reference,recipe:olafsdottir_2015,literature,burst,interval,median_onset_error,10,0.00534263,0.00360919,0.00774539,0,0,0,1,2000,10,10,662,662,0,0
spike_leakage_rate,reference,reference,recipe:olafsdottir_2015.bayesian_candidates,literature,burst,interval,median_onset_error,10,0.004886,0.00284124,0.00630589,0,0,0,1,2000,10,10,599,599,0,0
spike_leakage_rate,reference,reference,recipe:olafsdottir_2016,literature,burst,interval,median_onset_error,10,0.011116,0.00799637,0.0127389,0,0,0,1,2000,10,10,558,558,0,0
spike_leakage_rate,reference,reference,recipe:olafsdottir_2017,literature,burst,interval,median_onset_error,10,0.0122048,0.0108757,0.0136994,0,0,0,1,2000,10,10,744,744,0,0
spike_leakage_rate,reference,reference,recipe:olafsdottir_2017.trajectory,literature,burst,interval,median_onset_error,10,0.011116,0.00799637,0.0127389,0,0,0,1,2000,10,10,558,558,0,0
spike_leakage_rate,reference,reference,recipe:pfeiffer_2013,literature,burst,interval,median_onset_error,10,-0.00269756,-0.00399852,-8.80208e-05,0,0,0,1,2000,10,10,721,721,0,0
spike_leakage_rate,reference,reference,recipe:pfeiffer_2013_ripples,literature,ripple,interval,median_onset_error,10,-0.015743,-0.0177555,-0.0142967,0,0,0,1,2000,10,10,743,743,0,0
spike_leakage_rate,reference,reference,recipe:pfeiffer_2015,literature,ripple,interval,median_onset_error,10,-0.015743,-0.0177555,-0.0142967,0,0,0,1,2000,10,10,743,743,0,0
spike_leakage_rate,reference,reference,recipe:shin_2019,literature,ripple,interval,median_onset_error,10,-0.00783625,-0.0099954,-0.00540774,0,0,0,1,2000,10,10,739,739,0,0
spike_leakage_rate,reference,reference,recipe:silva_2015,literature,burst,interval,median_onset_error,10,-0.0122142,-0.0153682,-0.0101496,0,0,0,1,2000,10,10,606,606,0,0
spike_leakage_rate,reference,reference,recipe:stella_2019,literature,ripple,interval,median_onset_error,10,0.010835,0.0100663,0.0120394,0,0,0,1,2000,10,10,680,680,0,0
spike_leakage_rate,reference,reference,recipe:tang_2017,literature,ripple,interval,median_onset_error,10,-0.00783625,-0.0099954,-0.00540774,0,0,0,1,2000,10,10,739,739,0,0
spike_leakage_rate,reference,reference,recipe:tirole_2022,literature,network,interval,median_onset_error,10,-0.01437,-0.0172593,-0.0127015,0,0,0,1,2000,10,10,557,557,0,0
spike_leakage_rate,reference,reference,recipe:widloski_2025,literature,ripple,interval,median_onset_error,10,-0.168227,-0.180008,-0.160493,0,0,0,1,2000,10,10,518,518,0,0
spike_leakage_rate,reference,reference,recipe:widloski_2025_bursts,literature,burst,interval,median_onset_error,10,-0.168573,-0.174543,-0.15673,0,0,0,1,2000,10,10,518,518,0,0
spike_leakage_rate,reference,reference,recipe:wikenheiser_2013,literature,ripple,interval,median_onset_error,10,-0.146394,-0.172799,-0.130138,0,0,0,1,2000,10,10,849,849,0,0
spike_leakage_rate,reference,reference,recipe:wu_2014,literature,burst,interval,median_onset_error,10,-0.0163562,-0.018528,-0.014373,0,0,0,1,2000,10,10,844,844,0,0
spike_leakage_rate,reference,reference,recipe:wu_2017,literature,burst,interval,median_onset_error,10,0.0117571,0.00916774,0.0144137,0,0,0,1,2000,10,10,523,523,0,0
spike_leakage_rate,reference,reference,recipe:xu_2019,literature,burst,interval,median_onset_error,10,-0.00774106,-0.0101589,-0.00488211,0,0,0,1,2000,10,10,731,731,0,0
spike_leakage_rate,reference,reference,recipe:yamamoto_2017,literature,network,interval,median_onset_error,10,0.0294767,0.0276603,0.0314484,0,0,0,1,2000,10,10,612,612,0,0
spike_leakage_rate,reference,reference,recipe:yang_2024,literature,network,interval,median_onset_error,10,-0.0138354,-0.0183971,-0.0119283,0,0,0,1,2000,10,10,454,454,0,0
spike_leakage_rate,6,spike_leakage_rate=6,Carey_candidate_detector,default,network,interval,median_onset_error,10,0.00246642,0.00129747,0.00391678,0.000156018,-0.000321207,0.000681798,0.473,2000,10,10,887,891,0,0
spike_leakage_rate,6,spike_leakage_rate=6,Karlsson_ripple_detector,default,ripple,interval,median_onset_error,10,-0.00795027,-0.0101445,-0.00548948,-0.000114016,-0.000572641,8.29285e-05,0.41,2000,10,10,738,739,0,0
spike_leakage_rate,6,spike_leakage_rate=6,Kay_ripple_detector,default,ripple,interval,median_onset_error,10,0.000744712,-0.000262682,0.00166263,1.60963e-05,-8.34843e-05,0.000294404,0.899,2000,10,10,844,844,0,0
spike_leakage_rate,6,spike_leakage_rate=6,Long_sharp_wave_ripple_detector,default,ripple,interval,median_onset_error,10,0.0122495,0.0107254,0.0137245,4.96882e-05,0,0.000262161,0.554,2000,10,10,702,704,0,0
spike_leakage_rate,6,spike_leakage_rate=6,Roumis_ripple_detector,default,ripple,interval,median_onset_error,10,0.000534876,-0.000645838,0.00161769,0,-0.000141361,0.000122296,1,2000,10,10,845,845,0,0
spike_leakage_rate,6,spike_leakage_rate=6,Shvartsman_ripple_detector,default,ripple,interval,median_onset_error,10,-0.00966043,-0.0115167,-0.0069599,-3.51249e-05,-0.000639903,0,0.312,2000,10,10,675,677,0,0
spike_leakage_rate,6,spike_leakage_rate=6,Yu_ripple_detector,default,ripple,interval,median_onset_error,10,0.00170934,0.000880944,0.00241474,0,0,0,1,2000,10,10,865,865,0,0
spike_leakage_rate,6,spike_leakage_rate=6,Zugaro_ripple_detector,default,ripple,interval,median_onset_error,10,0.0137388,0.0127849,0.0155233,-0.000167711,-0.000498966,0.000145057,0.388,2000,10,10,694,689,0,0
spike_leakage_rate,6,spike_leakage_rate=6,multiunit_HSE_detector,default,burst,interval,median_onset_error,10,-0.0206682,-0.0230915,-0.0183205,0.000881194,-0.000428595,0.002281,0.252,2000,10,10,904,911,0,0
spike_leakage_rate,6,spike_leakage_rate=6,recipe:ambrose_2016,literature,ripple,interval,median_onset_error,10,-0.015793,-0.0178097,-0.0141502,-5.00355e-05,-0.000517023,0.000177918,0.653,2000,10,10,743,743,0,0
spike_leakage_rate,6,spike_leakage_rate=6,recipe:bendor_2012,literature,burst,interval,median_onset_error,10,0.0112381,0.0100615,0.0128885,-0.000273895,-0.0013515,0.00112562,0.864,2000,10,10,646,655,0,0
spike_leakage_rate,6,spike_leakage_rate=6,recipe:berners_lee_2021,literature,ripple,interval,median_onset_error,10,-0.0155589,-0.0173479,-0.013435,0,-0.000262321,0.000201968,1,2000,10,10,806,806,0,0
spike_leakage_rate,6,spike_leakage_rate=6,recipe:berners_lee_2022,literature,burst,interval,median_onset_error,10,-0.0128353,-0.0152923,-0.0104086,0.000212647,-0.00144732,0.00228555,0.89,2000,10,10,670,668,0,0
spike_leakage_rate,6,spike_leakage_rate=6,recipe:bhattarai_2020,literature,network,interval,median_onset_error,10,-0.086163,-0.103371,-0.073215,-0.00303418,-0.0164769,0.0106665,0.606,2000,10,10,414,418,0,0
spike_leakage_rate,6,spike_leakage_rate=6,recipe:bhattarai_2020_ripples,literature,ripple,interval,median_onset_error,10,0.00186886,0.000749964,0.0031806,0.000363127,-0.000236128,0.000827458,0.411,2000,10,10,472,474,0,0
spike_leakage_rate,6,spike_leakage_rate=6,recipe:bush_2022,literature,burst,interval,median_onset_error,10,0.00147294,-0.000744652,0.00387196,0.0005092,-0.0010558,0.00253584,0.588,2000,10,10,598,617,0,0
spike_leakage_rate,6,spike_leakage_rate=6,recipe:carey_2019,literature,network,interval,median_onset_error,10,0.0126691,0.011847,0.0138469,-3.74551e-05,-0.000445196,0.00074645,0.628,2000,10,10,896,900,0,0
spike_leakage_rate,6,spike_leakage_rate=6,recipe:carr_2012,literature,ripple,interval,median_onset_error,10,-0.00795027,-0.0101445,-0.00548948,-0.000114016,-0.000572641,8.29285e-05,0.41,2000,10,10,738,739,0,0
spike_leakage_rate,6,spike_leakage_rate=6,recipe:chenani_2019,literature,burst,interval,median_onset_error,10,-0.0181241,-0.0198851,-0.0161062,0.000757809,0.000196938,0.0025044,0.007,2000,10,10,657,671,0,0
spike_leakage_rate,6,spike_leakage_rate=6,recipe:davidson_2009,literature,burst,interval,median_onset_error,10,-0.0204297,-0.022529,-0.0188378,0.000414906,-0.00156012,0.00159064,0.721,2000,10,10,783,784,0,0
spike_leakage_rate,6,spike_leakage_rate=6,recipe:denovellis_2021,literature,ripple,interval,median_onset_error,10,0.00103708,0.000236228,0.00200127,0,-0.000128993,0.000151328,1,2000,10,10,845,845,0,0
spike_leakage_rate,6,spike_leakage_rate=6,recipe:denovellis_2021_mua,literature,burst,interval,median_onset_error,10,-0.0211098,-0.0238623,-0.0189432,0.000522347,-0.000744648,0.00199619,0.383,2000,10,10,903,910,0,0
spike_leakage_rate,6,spike_leakage_rate=6,recipe:diba_2007,literature,burst,interval,median_onset_error,10,-0.073215,-0.0959657,-0.0575693,-0.000463381,-0.00917838,0.0083309,0.921,2000,10,10,256,251,0,0
spike_leakage_rate,6,spike_leakage_rate=6,recipe:drieu_2018,literature,burst,interval,median_onset_error,10,-0.00451716,-0.00545303,-0.00353632,-0.000467373,-0.00144886,0.000596216,0.375,2000,10,10,758,769,0,0
spike_leakage_rate,6,spike_leakage_rate=6,recipe:farooq_2019_neuron,literature,burst,interval,median_onset_error,10,0.0143935,0.0111281,0.0175161,0.00291571,0.000552123,0.00477309,0.027,2000,10,10,265,274,0,0
spike_leakage_rate,6,spike_leakage_rate=6,recipe:farooq_2019_science,literature,burst,interval,median_onset_error,10,0.0144452,0.0112053,0.0175161,0.00296748,0.000736083,0.00480995,0.019,2000,10,10,262,272,0,0
spike_leakage_rate,6,spike_leakage_rate=6,recipe:farooq_2019_science_awake,literature,burst,interval,median_onset_error,10,0.0144452,0.0112053,0.0175161,0.00296748,0.000736083,0.00480995,0.019,2000,10,10,262,272,0,0
spike_leakage_rate,6,spike_leakage_rate=6,recipe:foster_2006,literature,burst,interval,median_onset_error,10,-0.00531896,-0.0111052,0.00408078,0.000718132,-0.00892413,0.0114668,0.67,2000,10,10,145,145,0,0
spike_leakage_rate,6,spike_leakage_rate=6,recipe:foster_2006_ripples,literature,ripple,interval,median_onset_error,10,0.0338541,0.0310289,0.0349893,0.000111478,0,0.000892407,1,2000,10,10,77,76,0,0
spike_leakage_rate,6,spike_leakage_rate=6,recipe:gillespie_2021,literature,ripple,interval,median_onset_error,10,0.000744712,-0.000262682,0.00166263,1.60963e-05,-8.34843e-05,0.000294404,0.899,2000,10,10,844,844,0,0
spike_leakage_rate,6,spike_leakage_rate=6,recipe:gillespie_2021_mua,literature,burst,interval,median_onset_error,10,-0.0204297,-0.0229784,-0.0182948,0.000414906,-0.00142793,0.00151883,0.806,2000,10,10,805,804,0,0
spike_leakage_rate,6,spike_leakage_rate=6,recipe:gridchyn_2020,literature,burst,interval,median_onset_error,10,0.0134247,0.0113745,0.015412,0.00193158,0,0.00444187,0.051,2000,10,10,879,872,0,0
spike_leakage_rate,6,spike_leakage_rate=6,recipe:grosmark_2016,literature,network,interval,median_onset_error,10,-0.0128866,-0.0142152,-0.0110147,0.000948828,-3.43828e-05,0.00369279,0.07,2000,10,10,444,454,0,0
spike_leakage_rate,6,spike_leakage_rate=6,recipe:gupta_2010,literature,ripple,interval,median_onset_error,10,0.000605527,-0.000535932,0.00142446,-4.39409e-05,-0.000388535,0.000182891,0.865,2000,10,10,816,816,0,0
spike_leakage_rate,6,spike_leakage_rate=6,recipe:harvey_2023_code,literature,ripple,interval,median_onset_error,10,0.0134477,0.0120574,0.0159222,3.965e-05,-0.000259257,0.000690934,0.553,2000,10,10,572,575,0,0
spike_leakage_rate,6,spike_leakage_rate=6,recipe:harvey_2023_no_radiatum,literature,ripple,interval,median_onset_error,10,-0.000834877,-0.00468513,0.00165756,-0.000856047,-0.00276395,0.000777252,0.406,2000,10,10,610,609,0,0
spike_leakage_rate,6,spike_leakage_rate=6,recipe:harvey_2023_text,literature,ripple,interval,median_onset_error,10,0.0145227,0.0134629,0.0151648,0.000155526,-0.000225232,0.000259267,0.94,2000,10,10,617,617,0,0
spike_leakage_rate,6,spike_leakage_rate=6,recipe:huelin_gorriz_2023,literature,network,interval,median_onset_error,10,-0.0149872,-0.0168957,-0.0127779,-0.000617211,-0.0018612,0.00174184,0.702,2000,10,10,557,557,0,0
spike_leakage_rate,6,spike_leakage_rate=6,recipe:igata_2021,literature,burst,interval,median_onset_error,10,-0.0202665,-0.0226095,-0.0180677,0.000578079,-0.000531121,0.00217634,0.3,2000,10,10,905,912,0,0
spike_leakage_rate,6,spike_leakage_rate=6,recipe:igata_2021_ripples,literature,ripple,interval,median_onset_error,10,0.00114428,0.000784996,0.00163973,-3.20864e-05,-0.000213644,5.1585e-05,0.611,2000,10,10,889,890,0,0
spike_leakage_rate,6,spike_leakage_rate=6,recipe:jadhav_2016,literature,ripple,interval,median_onset_error,10,-0.00808756,-0.0107961,-0.00529149,-0.000258091,-0.00118937,7.53819e-05,0.193,2000,10,10,585,598,0,0
spike_leakage_rate,6,spike_leakage_rate=6,recipe:ji_2007,literature,burst,interval,median_onset_error,10,0.0149729,0.0134897,0.017524,-0.00277994,-0.00597335,0.000769995,0.146,2000,10,10,714,685,0,0
spike_leakage_rate,6,spike_leakage_rate=6,recipe:ji_2007_ripples,literature,ripple,interval,median_onset_error,10,-0.0433866,-0.167374,0.00947258,0.01,0,0.016,0.775264,1989,4,4,5,5,0,0
spike_leakage_rate,6,spike_leakage_rate=6,recipe:kaefer_2020,literature,ripple,interval,median_onset_error,10,-0.14672,-0.177766,-0.0950664,0,0,0,1,2000,7,7,11,11,0,0
spike_leakage_rate,6,spike_leakage_rate=6,recipe:karlsson_2009,literature,ripple,interval,median_onset_error,10,-0.00795027,-0.0101445,-0.00548948,-0.000114016,-0.000572641,8.29285e-05,0.41,2000,10,10,738,739,0,0
spike_leakage_rate,6,spike_leakage_rate=6,recipe:krause_2022,literature,network,interval,median_onset_error,10,0.0153696,0.0125472,0.0167262,0.000940312,-0.000177742,0.00163872,0.093,2000,10,10,678,676,0,0
spike_leakage_rate,6,spike_leakage_rate=6,recipe:krause_2022_hse,literature,burst,interval,median_onset_error,10,-0.0325259,-0.0347268,-0.0292088,-0.00013287,-0.00144885,0.00126585,0.927,2000,10,10,805,801,0,0
spike_leakage_rate,6,spike_leakage_rate=6,recipe:kudrimoti_1999,literature,ripple,interval,median_onset_error,10,0.0318674,0.029584,0.0353648,0,0,0.000666667,1,2000,10,10,25,25,0,0
spike_leakage_rate,6,spike_leakage_rate=6,recipe:lee_2002,literature,burst,interval,median_onset_error,10,-0.0426572,-0.0499838,-0.0356671,-0.00435356,-0.00667462,-0.000933339,0.01,2000,10,10,934,929,0,0
spike_leakage_rate,6,spike_leakage_rate=6,recipe:lee_2002_ripples,literature,ripple,interval,median_onset_error,10,0.0338541,0.0310289,0.0349893,0.000111478,0,0.000892407,1,2000,10,10,77,76,0,0
spike_leakage_rate,6,spike_leakage_rate=6,recipe:liu_2019,literature,burst,interval,median_onset_error,10,-0.143315,-0.156187,-0.131837,0.00427697,-0.00654377,0.0090798,0.693,2000,10,10,820,825,0,0
spike_leakage_rate,6,spike_leakage_rate=6,recipe:liu_2019_awake,literature,burst,interval,median_onset_error,10,-0.143315,-0.156187,-0.131837,0.00427697,-0.00654377,0.0090798,0.693,2000,10,10,820,825,0,0
spike_leakage_rate,6,spike_leakage_rate=6,recipe:liu_2023,literature,network,interval,median_onset_error,10,-0.00611295,-0.00780175,-0.00544458,0.00107283,-0.000687217,0.00383354,0.281,2000,10,10,469,470,0,0
spike_leakage_rate,6,spike_leakage_rate=6,recipe:maboudi_2018,literature,burst,interval,median_onset_error,10,-0.0329278,-0.0357182,-0.0294021,-0.000389377,-0.00154643,0.00114323,0.76,2000,10,10,781,775,0,0
spike_leakage_rate,6,spike_leakage_rate=6,recipe:maboudi_2018_open_field,literature,burst,interval,median_onset_error,10,-0.0022415,-0.00325073,-0.000441412,0.000456067,-0.00128596,0.00182747,0.549,2000,10,10,708,721,0,0
spike_leakage_rate,6,spike_leakage_rate=6,recipe:mallory_2025,literature,burst,interval,median_onset_error,10,-0.0159047,-0.017942,-0.0145708,-0.000330753,-0.00178077,0.00107777,0.74,2000,10,10,724,743,0,0
spike_leakage_rate,6,spike_leakage_rate=6,recipe:mallory_2025_ripples,literature,ripple,interval,median_onset_error,10,-0.0170674,-0.0195668,-0.0142918,-2.78293e-05,-0.00062095,0.000277968,0.934,2000,10,10,704,704,0,0
spike_leakage_rate,6,spike_leakage_rate=6,recipe:michon_2019,literature,network,interval,median_onset_error,10,-0.00144431,-0.00319592,0.000976947,0.000209999,-0.000584722,0.00126264,0.467,2000,10,10,275,273,0,0
spike_leakage_rate,6,spike_leakage_rate=6,recipe:michon_2021,literature,network,interval,median_onset_error,10,-0.00144431,-0.00319592,0.000976947,0.000209999,-0.000584722,0.00126264,0.467,2000,10,10,275,273,0,0
spike_leakage_rate,6,spike_leakage_rate=6,recipe:mou_2022,literature,burst,interval,median_onset_error,10,-0.0493049,-0.0592979,-0.0435277,-0.00300741,-0.00855342,0.00154086,0.222,2000,10,10,842,838,0,0
spike_leakage_rate,6,spike_leakage_rate=6,recipe:muessig_2019,literature,network,interval,median_onset_error,10,0.0236174,0.0168569,0.0324724,-0.00263238,-0.00831802,0.00561549,0.563,2000,10,10,98,116,0,0
spike_leakage_rate,6,spike_leakage_rate=6,recipe:muessig_2019_ripples,literature,ripple,interval,median_onset_error,10,-0.00828895,-0.0107469,-0.00388576,0.000216499,-0.000514799,0.0010038,0.889,2000,10,10,894,893,0,0
spike_leakage_rate,6,spike_leakage_rate=6,recipe:nadasdy_1999,literature,ripple,interval,median_onset_error,10,0.00489729,0.00424763,0.00549627,-2.19355e-06,-0.000146517,7.43405e-05,1,2000,10,10,472,471,0,0
spike_leakage_rate,6,spike_leakage_rate=6,recipe:olafsdottir_2015,literature,burst,interval,median_onset_error,10,0.00561762,0.00366197,0.00720357,0.000274988,-0.000851815,0.00106334,0.773,2000,10,10,669,662,0,0
spike_leakage_rate,6,spike_leakage_rate=6,recipe:olafsdottir_2015.bayesian_candidates,literature,burst,interval,median_onset_error,10,0.00515771,0.00280027,0.00635893,0.000271704,-0.00153304,0.00149662,0.844,2000,10,10,598,599,0,0
spike_leakage_rate,6,spike_leakage_rate=6,recipe:olafsdottir_2016,literature,burst,interval,median_onset_error,10,0.00986328,0.00758322,0.0122907,-0.00125275,-0.00290805,0.00113605,0.364,2000,10,10,554,558,0,0
spike_leakage_rate,6,spike_leakage_rate=6,recipe:olafsdottir_2017,literature,burst,interval,median_onset_error,10,0.0115919,0.0100868,0.0127486,-0.000612885,-0.00197218,0.000360416,0.256,2000,10,10,738,744,0,0
spike_leakage_rate,6,spike_leakage_rate=6,recipe:olafsdottir_2017.trajectory,literature,burst,interval,median_onset_error,10,0.00986328,0.00758322,0.0122907,-0.00125275,-0.00290805,0.00113605,0.364,2000,10,10,554,558,0,0
spike_leakage_rate,6,spike_leakage_rate=6,recipe:pfeiffer_2013,literature,burst,interval,median_onset_error,10,-0.0022415,-0.00325073,-0.000441412,0.000456067,-0.00128596,0.00182747,0.549,2000,10,10,708,721,0,0
spike_leakage_rate,6,spike_leakage_rate=6,recipe:pfeiffer_2013_ripples,literature,ripple,interval,median_onset_error,10,-0.015793,-0.0178097,-0.0141502,-5.00355e-05,-0.000517023,0.000177918,0.653,2000,10,10,743,743,0,0
spike_leakage_rate,6,spike_leakage_rate=6,recipe:pfeiffer_2015,literature,ripple,interval,median_onset_error,10,-0.015793,-0.0178097,-0.0141502,-5.00355e-05,-0.000517023,0.000177918,0.653,2000,10,10,743,743,0,0
spike_leakage_rate,6,spike_leakage_rate=6,recipe:shin_2019,literature,ripple,interval,median_onset_error,10,-0.00795027,-0.0101445,-0.00548948,-0.000114016,-0.000572641,8.29285e-05,0.41,2000,10,10,738,739,0,0
spike_leakage_rate,6,spike_leakage_rate=6,recipe:silva_2015,literature,burst,interval,median_onset_error,10,-0.0115806,-0.0130963,-0.00943803,0.000633663,-0.00125171,0.00361074,0.607,2000,10,10,595,606,0,0
spike_leakage_rate,6,spike_leakage_rate=6,recipe:stella_2019,literature,ripple,interval,median_onset_error,10,0.0109909,0.010143,0.0121213,0.000155954,0,0.000561308,0.103,2000,10,10,678,680,0,0
spike_leakage_rate,6,spike_leakage_rate=6,recipe:tang_2017,literature,ripple,interval,median_onset_error,10,-0.00795027,-0.0101445,-0.00548948,-0.000114016,-0.000572641,8.29285e-05,0.41,2000,10,10,738,739,0,0
spike_leakage_rate,6,spike_leakage_rate=6,recipe:tirole_2022,literature,network,interval,median_onset_error,10,-0.0149872,-0.0168957,-0.0127779,-0.000617211,-0.0018612,0.00174184,0.702,2000,10,10,557,557,0,0
spike_leakage_rate,6,spike_leakage_rate=6,recipe:widloski_2025,literature,ripple,interval,median_onset_error,10,-0.168121,-0.17959,-0.160378,0.000105528,-0.00197948,0.00333333,1,2000,10,10,523,518,0,0
spike_leakage_rate,6,spike_leakage_rate=6,recipe:widloski_2025_bursts,literature,burst,interval,median_onset_error,10,-0.165997,-0.178229,-0.154024,0.00257588,-0.00563592,0.00654332,0.673,2000,10,10,508,518,0,0
spike_leakage_rate,6,spike_leakage_rate=6,recipe:wikenheiser_2013,literature,ripple,interval,median_onset_error,10,-0.15115,-0.177042,-0.134496,-0.00475633,-0.0128357,0.00243486,0.268,2000,10,10,849,849,0,0
spike_leakage_rate,6,spike_leakage_rate=6,recipe:wu_2014,literature,burst,interval,median_onset_error,10,-0.0161034,-0.0192202,-0.0140454,0.000252742,-0.00113231,0.00122891,0.601,2000,10,10,838,844,0,0
spike_leakage_rate,6,spike_leakage_rate=6,recipe:wu_2017,literature,burst,interval,median_onset_error,10,0.0120086,0.00963003,0.0152981,0.000251491,-0.00197583,0.00212019,0.792,2000,10,10,523,523,0,0
spike_leakage_rate,6,spike_leakage_rate=6,recipe:xu_2019,literature,burst,interval,median_onset_error,10,-0.00735486,-0.0115798,-0.00330198,0.0003862,-0.00242396,0.00352264,0.705,2000,10,10,720,731,0,0
spike_leakage_rate,6,spike_leakage_rate=6,recipe:yamamoto_2017,literature,network,interval,median_onset_error,10,0.0298455,0.0283942,0.0320907,0.000368792,-0.000960901,0.00274841,0.471,2000,10,10,585,612,0,0
spike_leakage_rate,6,spike_leakage_rate=6,recipe:yang_2024,literature,network,interval,median_onset_error,10,-0.0128866,-0.0142152,-0.0110147,0.000948828,-3.43828e-05,0.00369279,0.07,2000,10,10,444,454,0,0
emg_rate,0,emg_rate=0,Carey_candidate_detector,default,network,interval,median_onset_error,10,0.00241033,0.00140747,0.00354807,9.99247e-05,-0.000754359,0.000711437,0.893,2000,10,10,881,891,0,0
emg_rate,0,emg_rate=0,Karlsson_ripple_detector,default,ripple,interval,median_onset_error,10,-0.00816218,-0.0101612,-0.00606196,-0.000325933,-0.00107213,3.97755e-05,0.123,2000,10,10,752,739,0,0
emg_rate,0,emg_rate=0,Kay_ripple_detector,default,ripple,interval,median_onset_error,10,0.000606352,-0.00027123,0.00134259,-0.000122264,-0.000432241,0.000312801,0.649,2000,10,10,861,844,0,0
emg_rate,0,emg_rate=0,Long_sharp_wave_ripple_detector,default,ripple,interval,median_onset_error,10,0.0121998,0.010706,0.0136956,0,0,0,1,2000,10,10,704,704,0,0
emg_rate,0,emg_rate=0,Roumis_ripple_detector,default,ripple,interval,median_onset_error,10,0.000297758,-0.000659329,0.00133461,-0.000237118,-0.000495187,0.000101227,0.183,2000,10,10,865,845,0,0
emg_rate,0,emg_rate=0,Shvartsman_ripple_detector,default,ripple,interval,median_onset_error,10,-0.00982535,-0.0116936,-0.00771082,-0.000200041,-0.00106995,0.000129892,0.179,2000,10,10,688,677,0,0
emg_rate,0,emg_rate=0,Yu_ripple_detector,default,ripple,interval,median_onset_error,10,0.00138275,0.000311135,0.00226309,-0.000326593,-0.000588053,-4.52781e-05,0.018,2000,10,10,863,865,0,0
emg_rate,0,emg_rate=0,Zugaro_ripple_detector,default,ripple,interval,median_onset_error,10,0.0124679,0.0114455,0.0133447,-0.00143856,-0.00316217,-0.000652207,0.003,2000,10,10,787,689,0,0
emg_rate,0,emg_rate=0,multiunit_HSE_detector,default,burst,interval,median_onset_error,10,-0.0199221,-0.0226332,-0.0181862,0.00162728,5.37826e-05,0.00306155,0.036,2000,10,10,903,911,0,0
emg_rate,0,emg_rate=0,recipe:ambrose_2016,literature,ripple,interval,median_onset_error,10,-0.0162391,-0.0185767,-0.0146266,-0.000496108,-0.00119479,1.12644e-05,0.076,2000,10,10,770,743,0,0
emg_rate,0,emg_rate=0,recipe:bendor_2012,literature,burst,interval,median_onset_error,10,0.0112453,0.00946439,0.0124013,-0.000266685,-0.00190343,0.000916189,0.709,2000,10,10,661,655,0,0
emg_rate,0,emg_rate=0,recipe:berners_lee_2021,literature,ripple,interval,median_onset_error,10,-0.016265,-0.0181356,-0.0147224,-0.000706141,-0.00134546,-8.95026e-05,0.019,2000,10,10,816,806,0,0
emg_rate,0,emg_rate=0,recipe:berners_lee_2022,literature,burst,interval,median_onset_error,10,-0.0129597,-0.0160691,-0.0113159,8.81852e-05,-0.00213012,0.00244983,0.866,2000,10,10,680,668,0,0
emg_rate,0,emg_rate=0,recipe:bhattarai_2020,literature,network,interval,median_onset_error,10,-0.0849039,-0.0992755,-0.0733135,-0.00177512,-0.0147281,0.0107994,0.461,2000,10,10,469,418,0,0
emg_rate,0,emg_rate=0,recipe:bhattarai_2020_ripples,literature,ripple,interval,median_onset_error,10,-0.00150007,-0.00283053,-0.00044855,-0.00300581,-0.00448263,-0.00171251,0,2000,10,10,528,474,0,0
emg_rate,0,emg_rate=0,recipe:bush_2022,literature,burst,interval,median_onset_error,10,0.00172394,-0.000124065,0.00396472,0.000760194,-0.000658316,0.00262733,0.236,2000,10,10,616,617,0,0
emg_rate,0,emg_rate=0,recipe:carey_2019,literature,network,interval,median_onset_error,10,0.011632,0.0110913,0.0121977,-0.00107461,-0.00194469,3.01279e-05,0.054,2000,10,10,891,900,0,0
emg_rate,0,emg_rate=0,recipe:carr_2012,literature,ripple,interval,median_onset_error,10,-0.00816218,-0.0101612,-0.00606196,-0.000325933,-0.00107213,3.97755e-05,0.123,2000,10,10,752,739,0,0
emg_rate,0,emg_rate=0,recipe:chenani_2019,literature,burst,interval,median_onset_error,10,-0.0191891,-0.0219671,-0.0177116,-0.000307186,-0.00135163,0.00101482,0.641,2000,10,10,678,671,0,0
emg_rate,0,emg_rate=0,recipe:davidson_2009,literature,burst,interval,median_onset_error,10,-0.0201999,-0.0224834,-0.0182009,0.000644693,-0.00154443,0.00287873,0.448,2000,10,10,783,784,0,0
emg_rate,0,emg_rate=0,recipe:denovellis_2021,literature,ripple,interval,median_onset_error,10,0.000978332,2.93235e-05,0.00200328,-5.87495e-05,-0.00035596,0.000360768,0.914,2000,10,10,858,845,0,0
emg_rate,0,emg_rate=0,recipe:denovellis_2021_mua,literature,burst,interval,median_onset_error,10,-0.0203268,-0.0230108,-0.0181971,0.00130529,-6.06428e-05,0.00295798,0.076,2000,10,10,903,910,0,0
emg_rate,0,emg_rate=0,recipe:diba_2007,literature,burst,interval,median_onset_error,10,-0.0728557,-0.0988712,-0.0539714,-0.000103996,-0.00866594,0.013012,0.684,2000,10,10,249,251,0,0
emg_rate,0,emg_rate=0,recipe:drieu_2018,literature,burst,interval,median_onset_error,10,-0.00447386,-0.00536548,-0.00287089,-0.00042408,-0.00131942,0.00100815,0.697,2000,10,10,778,769,0,0
emg_rate,0,emg_rate=0,recipe:farooq_2019_neuron,literature,burst,interval,median_onset_error,10,0.0129715,0.00934267,0.0148671,0.0014937,-0.000201501,0.00334975,0.097,2000,10,10,284,274,0,0
emg_rate,0,emg_rate=0,recipe:farooq_2019_science,literature,burst,interval,median_onset_error,10,0.0129715,0.00934267,0.0148837,0.0014937,-0.000123393,0.00334975,0.074,2000,10,10,280,272,0,0
emg_rate,0,emg_rate=0,recipe:farooq_2019_science_awake,literature,burst,interval,median_onset_error,10,0.0129715,0.00934267,0.0148837,0.0014937,-0.000123393,0.00334975,0.074,2000,10,10,280,272,0,0
emg_rate,0,emg_rate=0,recipe:foster_2006,literature,burst,interval,median_onset_error,10,-0.00629529,-0.00835163,0.00360737,-0.000258202,-0.00613224,0.00929035,0.707,2000,10,10,144,145,0,0
emg_rate,0,emg_rate=0,recipe:foster_2006_ripples,literature,ripple,interval,median_onset_error,10,0.0347269,0.0310289,0.035524,0.000984299,-0.000148236,0.00241855,0.223,2000,10,10,89,76,0,0
emg_rate,0,emg_rate=0,recipe:gillespie_2021,literature,ripple,interval,median_onset_error,10,0.000606352,-0.00027123,0.00134259,-0.000122264,-0.000432241,0.000312801,0.649,2000,10,10,861,844,0,0
emg_rate,0,emg_rate=0,recipe:gillespie_2021_mua,literature,burst,interval,median_onset_error,10,-0.0201914,-0.0227709,-0.0180677,0.000653135,-0.00151173,0.00251015,0.532,2000,10,10,804,804,0,0
emg_rate,0,emg_rate=0,recipe:gridchyn_2020,literature,burst,interval,median_onset_error,10,0.0117668,0.00984706,0.01358,0.000273592,-0.00101368,0.00166948,0.66,2000,10,10,877,872,0,0
emg_rate,0,emg_rate=0,recipe:grosmark_2016,literature,network,interval,median_onset_error,10,-0.0146172,-0.0167543,-0.0131108,-0.000781811,-0.00189153,0.00176423,0.541,2000,10,10,504,454,0,0
emg_rate,0,emg_rate=0,recipe:gupta_2010,literature,ripple,interval,median_onset_error,10,0.000585216,-0.000516766,0.0013091,-6.42521e-05,-0.000450487,0.000353322,0.565,2000,10,10,820,816,0,0
emg_rate,0,emg_rate=0,recipe:harvey_2023_code,literature,ripple,interval,median_onset_error,10,0.0132485,0.0119289,0.0158495,-0.000159645,-0.000510224,0.000130177,0.385,2000,10,10,575,575,0,0
emg_rate,0,emg_rate=0,recipe:harvey_2023_no_radiatum,literature,ripple,interval,median_onset_error,10,-0.00998785,-0.0157494,-0.00512883,-0.010009,-0.0142975,-0.00651251,0,2000,10,10,644,609,0,0
emg_rate,0,emg_rate=0,recipe:harvey_2023_text,literature,ripple,interval,median_onset_error,10,0.0143451,0.0133529,0.0154515,-2.19892e-05,-0.000373954,0.000344113,1,2000,10,10,634,617,0,0
emg_rate,0,emg_rate=0,recipe:huelin_gorriz_2023,literature,network,interval,median_onset_error,10,-0.014295,-0.0167405,-0.0122472,7.50131e-05,-0.00139975,0.00268907,0.694,2000,10,10,567,557,0,0
emg_rate,0,emg_rate=0,recipe:igata_2021,literature,burst,interval,median_onset_error,10,-0.0192805,-0.0220691,-0.0174626,0.00156404,-0.00011266,0.00299775,0.075,2000,10,10,905,912,0,0
emg_rate,0,emg_rate=0,recipe:igata_2021_ripples,literature,ripple,interval,median_onset_error,10,0.00106381,0.000687828,0.00154627,-0.000112566,-0.000456356,0,0.069,2000,10,10,899,890,0,0
emg_rate,0,emg_rate=0,recipe:jadhav_2016,literature,ripple,interval,median_onset_error,10,-0.00840963,-0.0107961,-0.00583661,-0.000580165,-0.00127743,-5.71072e-05,0.022,2000,10,10,607,598,0,0
emg_rate,0,emg_rate=0,recipe:ji_2007,literature,burst,interval,median_onset_error,10,0.0141642,0.0118451,0.0166315,-0.00358865,-0.00691991,-0.000347544,0.018,2000,10,10,727,685,0,0
emg_rate,0,emg_rate=0,recipe:ji_2007_ripples,literature,ripple,interval,median_onset_error,10,0.00900878,0.00854499,0.00947258,0.0623954,0,0.191919,0.202335,1799,2,4,2,5,0,0
emg_rate,0,emg_rate=0,recipe:kaefer_2020,literature,ripple,interval,median_onset_error,10,-0.100807,-0.149365,-0.0399901,0.0459128,0,0.113646,0.161,2000,7,7,9,11,0,0
emg_rate,0,emg_rate=0,recipe:karlsson_2009,literature,ripple,interval,median_onset_error,10,-0.00816218,-0.0101612,-0.00606196,-0.000325933,-0.00107213,3.97755e-05,0.123,2000,10,10,752,739,0,0
emg_rate,0,emg_rate=0,recipe:krause_2022,literature,network,interval,median_onset_error,10,0.0147648,0.0127407,0.0167528,0.000335507,-0.000895315,0.00121435,0.849,2000,10,10,695,676,0,0
emg_rate,0,emg_rate=0,recipe:krause_2022_hse,literature,burst,interval,median_onset_error,10,-0.0324944,-0.0349332,-0.0292088,-0.000101328,-0.00172411,0.00182551,0.832,2000,10,10,804,801,0,0
emg_rate,0,emg_rate=0,recipe:kudrimoti_1999,literature,ripple,interval,median_onset_error,10,0.0336528,0.0299018,0.0380281,0.0017854,-0.000666667,0.00468447,0.571,2000,10,10,28,25,0,0
emg_rate,0,emg_rate=0,recipe:lee_2002,literature,burst,interval,median_onset_error,10,-0.0422664,-0.0485189,-0.0336849,-0.00396267,-0.00686548,1.66913e-05,0.054,2000,10,10,927,929,0,0
emg_rate,0,emg_rate=0,recipe:lee_2002_ripples,literature,ripple,interval,median_onset_error,10,0.0347269,0.0310289,0.035524,0.000984299,-0.000148236,0.00241855,0.223,2000,10,10,89,76,0,0
emg_rate,0,emg_rate=0,recipe:liu_2019,literature,burst,interval,median_onset_error,10,-0.146068,-0.155218,-0.136201,0.00152412,-0.00839299,0.00632942,0.937,2000,10,10,823,825,0,0
emg_rate,0,emg_rate=0,recipe:liu_2019_awake,literature,burst,interval,median_onset_error,10,-0.146068,-0.155218,-0.136201,0.00152412,-0.00839299,0.00632942,0.937,2000,10,10,823,825,0,0
emg_rate,0,emg_rate=0,recipe:liu_2023,literature,network,interval,median_onset_error,10,-0.00656524,-0.00973663,-0.00445759,0.000620543,-0.00178314,0.00398852,0.6,2000,10,10,471,470,0,0
emg_rate,0,emg_rate=0,recipe:maboudi_2018,literature,burst,interval,median_onset_error,10,-0.0329675,-0.0357156,-0.0294038,-0.000428987,-0.00165738,0.00141137,0.769,2000,10,10,784,775,0,0
emg_rate,0,emg_rate=0,recipe:maboudi_2018_open_field,literature,burst,interval,median_onset_error,10,-0.00170292,-0.00296783,-5.07738e-05,0.000994639,-0.000688497,0.00208053,0.319,2000,10,10,727,721,0,0
emg_rate,0,emg_rate=0,recipe:mallory_2025,literature,burst,interval,median_onset_error,10,-0.0164431,-0.0181674,-0.0146523,-0.000869212,-0.00254994,0.000910008,0.404,2000,10,10,755,743,0,0
emg_rate,0,emg_rate=0,recipe:mallory_2025_ripples,literature,ripple,interval,median_onset_error,10,-0.0177011,-0.0199998,-0.0146098,-0.000661523,-0.00152693,0.000417134,0.436,2000,10,10,725,704,0,0
emg_rate,0,emg_rate=0,recipe:michon_2019,literature,network,interval,median_onset_error,10,-0.000792986,-0.00194199,0.000976996,0.000861322,-0.000349384,0.0026361,0.196,2000,10,10,328,273,0,0
emg_rate,0,emg_rate=0,recipe:michon_2021,literature,network,interval,median_onset_error,10,-0.000792986,-0.00194199,0.000976996,0.000861322,-0.000349384,0.0026361,0.196,2000,10,10,328,273,0,0
emg_rate,0,emg_rate=0,recipe:mou_2022,literature,burst,interval,median_onset_error,10,-0.0445066,-0.0545566,-0.0392202,0.00179096,-0.00279878,0.00856021,0.464,2000,10,10,832,838,0,0
emg_rate,0,emg_rate=0,recipe:muessig_2019,literature,network,interval,median_onset_error,10,0.0249849,0.0189495,0.0308423,-0.00126486,-0.00611512,0.00349478,0.482,2000,10,10,115,116,0,0
emg_rate,0,emg_rate=0,recipe:muessig_2019_ripples,literature,ripple,interval,median_onset_error,10,-0.00834206,-0.0106289,-0.00428457,0.000163394,-0.00102051,0.00071503,1,2000,10,10,904,893,0,0
emg_rate,0,emg_rate=0,recipe:nadasdy_1999,literature,ripple,interval,median_onset_error,10,0.00495646,0.0046834,0.0054515,5.69822e-05,-0.000139367,0.000460696,0.258,2000,10,10,532,471,0,0
emg_rate,0,emg_rate=0,recipe:olafsdottir_2015,literature,burst,interval,median_onset_error,10,0.00519691,0.00291655,0.00655882,-0.000145717,-0.00176515,0.000732617,0.465,2000,10,10,663,662,0,0
emg_rate,0,emg_rate=0,recipe:olafsdottir_2015.bayesian_candidates,literature,burst,interval,median_onset_error,10,0.00483083,0.00308611,0.00639901,-5.51718e-05,-0.00115851,0.00139545,0.787,2000,10,10,601,599,0,0
emg_rate,0,emg_rate=0,recipe:olafsdottir_2016,literature,burst,interval,median_onset_error,10,0.0103995,0.00758201,0.0122403,-0.000716516,-0.00194586,0.00133333,0.454,2000,10,10,550,558,0,0
emg_rate,0,emg_rate=0,recipe:olafsdottir_2017,literature,burst,interval,median_onset_error,10,0.0114748,0.00977172,0.0129011,-0.000729997,-0.00181236,0.000458513,0.16,2000,10,10,748,744,0,0
emg_rate,0,emg_rate=0,recipe:olafsdottir_2017.trajectory,literature,burst,interval,median_onset_error,10,0.0103995,0.00758201,0.0122403,-0.000716516,-0.00194586,0.00133333,0.454,2000,10,10,550,558,0,0
emg_rate,0,emg_rate=0,recipe:pfeiffer_2013,literature,burst,interval,median_onset_error,10,-0.00170292,-0.00296783,-5.07738e-05,0.000994639,-0.000688497,0.00208053,0.319,2000,10,10,727,721,0,0
emg_rate,0,emg_rate=0,recipe:pfeiffer_2013_ripples,literature,ripple,interval,median_onset_error,10,-0.0162391,-0.0185767,-0.0146266,-0.000496108,-0.00119479,1.12644e-05,0.076,2000,10,10,770,743,0,0
emg_rate,0,emg_rate=0,recipe:pfeiffer_2015,literature,ripple,interval,median_onset_error,10,-0.0162391,-0.0185767,-0.0146266,-0.000496108,-0.00119479,1.12644e-05,0.076,2000,10,10,770,743,0,0
emg_rate,0,emg_rate=0,recipe:shin_2019,literature,ripple,interval,median_onset_error,10,-0.00816218,-0.0101612,-0.00606196,-0.000325933,-0.00107213,3.97755e-05,0.123,2000,10,10,752,739,0,0
emg_rate,0,emg_rate=0,recipe:silva_2015,literature,burst,interval,median_onset_error,10,-0.0124416,-0.0143233,-0.0101832,-0.000227429,-0.00191688,0.0023757,0.74,2000,10,10,615,606,0,0
emg_rate,0,emg_rate=0,recipe:stella_2019,literature,ripple,interval,median_onset_error,10,0.0106443,0.00986742,0.0119222,-0.0001907,-0.000547233,0.000226245,0.397,2000,10,10,711,680,0,0
emg_rate,0,emg_rate=0,recipe:tang_2017,literature,ripple,interval,median_onset_error,10,-0.00816218,-0.0101612,-0.00606196,-0.000325933,-0.00107213,3.97755e-05,0.123,2000,10,10,752,739,0,0
emg_rate,0,emg_rate=0,recipe:tirole_2022,literature,network,interval,median_onset_error,10,-0.014295,-0.0167405,-0.0122472,7.50131e-05,-0.00139975,0.00268907,0.694,2000,10,10,567,557,0,0
emg_rate,0,emg_rate=0,recipe:widloski_2025,literature,ripple,interval,median_onset_error,10,-0.171669,-0.180084,-0.163711,-0.00344272,-0.00819006,0.00364747,0.281,2000,10,10,569,518,0,0
emg_rate,0,emg_rate=0,recipe:widloski_2025_bursts,literature,burst,interval,median_onset_error,10,-0.16618,-0.178084,-0.155959,0.0023928,-0.00591309,0.00584029,0.732,2000,10,10,522,518,0,0
emg_rate,0,emg_rate=0,recipe:wikenheiser_2013,literature,ripple,interval,median_onset_error,10,-0.255824,-0.286059,-0.229717,-0.10943,-0.13291,-0.0860446,0,2000,10,10,806,849,0,0
emg_rate,0,emg_rate=0,recipe:wu_2014,literature,burst,interval,median_onset_error,10,-0.0169609,-0.0200449,-0.0143738,-0.000604723,-0.00203947,0.000176917,0.144,2000,10,10,854,844,0,0
emg_rate,0,emg_rate=0,recipe:wu_2017,literature,burst,interval,median_onset_error,10,0.011603,0.00954241,0.0144575,-0.000154071,-0.00195056,0.00202936,1,2000,10,10,526,523,0,0
emg_rate,0,emg_rate=0,recipe:xu_2019,literature,burst,interval,median_onset_error,10,-0.00798895,-0.0149482,-0.00464119,-0.000247889,-0.00567149,0.00240682,1,2000,10,10,744,731,0,0
emg_rate,0,emg_rate=0,recipe:yamamoto_2017,literature,network,interval,median_onset_error,10,0.0283942,0.0268893,0.0293553,-0.00108253,-0.00278951,0.000431976,0.2,2000,10,10,625,612,0,0
emg_rate,0,emg_rate=0,recipe:yang_2024,literature,network,interval,median_onset_error,10,-0.0146172,-0.0167543,-0.0131108,-0.000781811,-0.00189153,0.00176423,0.541,2000,10,10,504,454,0,0
emg_rate,reference,reference,Carey_candidate_detector,default,network,interval,median_onset_error,10,0.0023104,0.00123107,0.00399637,0,0,0,1,2000,10,10,891,891,0,0
emg_rate,reference,reference,Karlsson_ripple_detector,default,ripple,interval,median_onset_error,10,-0.00783625,-0.0099954,-0.00540774,0,0,0,1,2000,10,10,739,739,0,0
emg_rate,reference,reference,Kay_ripple_detector,default,ripple,interval,median_onset_error,10,0.000728616,-0.000438561,0.00163915,0,0,0,1,2000,10,10,844,844,0,0
emg_rate,reference,reference,Long_sharp_wave_ripple_detector,default,ripple,interval,median_onset_error,10,0.0121998,0.010706,0.0136956,0,0,0,1,2000,10,10,704,704,0,0
emg_rate,reference,reference,Roumis_ripple_detector,default,ripple,interval,median_onset_error,10,0.000534876,-0.000645838,0.00161769,0,0,0,1,2000,10,10,845,845,0,0
emg_rate,reference,reference,Shvartsman_ripple_detector,default,ripple,interval,median_onset_error,10,-0.00962531,-0.0115123,-0.00686953,0,0,0,1,2000,10,10,677,677,0,0
emg_rate,reference,reference,Yu_ripple_detector,default,ripple,interval,median_onset_error,10,0.00170934,0.000880944,0.00241474,0,0,0,1,2000,10,10,865,865,0,0
emg_rate,reference,reference,Zugaro_ripple_detector,default,ripple,interval,median_onset_error,10,0.0139065,0.0128742,0.0155587,0,0,0,1,2000,10,10,689,689,0,0
emg_rate,reference,reference,multiunit_HSE_detector,default,burst,interval,median_onset_error,10,-0.0215494,-0.0233774,-0.0202821,0,0,0,1,2000,10,10,911,911,0,0
emg_rate,reference,reference,recipe:ambrose_2016,literature,ripple,interval,median_onset_error,10,-0.015743,-0.0177555,-0.0142967,0,0,0,1,2000,10,10,743,743,0,0
emg_rate,reference,reference,recipe:bendor_2012,literature,burst,interval,median_onset_error,10,0.011512,0.0104613,0.0123958,0,0,0,1,2000,10,10,655,655,0,0
emg_rate,reference,reference,recipe:berners_lee_2021,literature,ripple,interval,median_onset_error,10,-0.0155589,-0.0173479,-0.0133744,0,0,0,1,2000,10,10,806,806,0,0
emg_rate,reference,reference,recipe:berners_lee_2022,literature,burst,interval,median_onset_error,10,-0.0130479,-0.0159764,-0.0103579,0,0,0,1,2000,10,10,668,668,0,0
emg_rate,reference,reference,recipe:bhattarai_2020,literature,network,interval,median_onset_error,10,-0.0831288,-0.0969635,-0.0720238,0,0,0,1,2000,10,10,418,418,0,0
emg_rate,reference,reference,recipe:bhattarai_2020_ripples,literature,ripple,interval,median_onset_error,10,0.00150574,0.00025049,0.00309676,0,0,0,1,2000,10,10,474,474,0,0
emg_rate,reference,reference,recipe:bush_2022,literature,burst,interval,median_onset_error,10,0.000963743,-0.000634348,0.00233178,0,0,0,1,2000,10,10,617,617,0,0
emg_rate,reference,reference,recipe:carey_2019,literature,network,interval,median_onset_error,10,0.0127066,0.0112533,0.0135894,0,0,0,1,2000,10,10,900,900,0,0
emg_rate,reference,reference,recipe:carr_2012,literature,ripple,interval,median_onset_error,10,-0.00783625,-0.0099954,-0.00540774,0,0,0,1,2000,10,10,739,739,0,0
emg_rate,reference,reference,recipe:chenani_2019,literature,burst,interval,median_onset_error,10,-0.0188819,-0.021828,-0.0175617,0,0,0,1,2000,10,10,671,671,0,0
emg_rate,reference,reference,recipe:davidson_2009,literature,burst,interval,median_onset_error,10,-0.0208446,-0.0222665,-0.0193016,0,0,0,1,2000,10,10,784,784,0,0
emg_rate,reference,reference,recipe:denovellis_2021,literature,ripple,interval,median_onset_error,10,0.00103708,7.44804e-05,0.00199106,0,0,0,1,2000,10,10,845,845,0,0
emg_rate,reference,reference,recipe:denovellis_2021_mua,literature,burst,interval,median_onset_error,10,-0.0216321,-0.0237751,-0.0199833,0,0,0,1,2000,10,10,910,910,0,0
emg_rate,reference,reference,recipe:diba_2007,literature,burst,interval,median_onset_error,10,-0.0727517,-0.099299,-0.0577457,0,0,0,1,2000,10,10,251,251,0,0
emg_rate,reference,reference,recipe:drieu_2018,literature,burst,interval,median_onset_error,10,-0.00404978,-0.00568393,-0.00285607,0,0,0,1,2000,10,10,769,769,0,0
emg_rate,reference,reference,recipe:farooq_2019_neuron,literature,burst,interval,median_onset_error,10,0.0114778,0.00791052,0.0138605,0,0,0,1,2000,10,10,274,274,0,0
emg_rate,reference,reference,recipe:farooq_2019_science,literature,burst,interval,median_onset_error,10,0.0114778,0.0079113,0.0138605,0,0,0,1,2000,10,10,272,272,0,0
emg_rate,reference,reference,recipe:farooq_2019_science_awake,literature,burst,interval,median_onset_error,10,0.0114778,0.0079113,0.0138605,0,0,0,1,2000,10,10,272,272,0,0
emg_rate,reference,reference,recipe:foster_2006,literature,burst,interval,median_onset_error,10,-0.00603709,-0.0101548,0.00259616,0,0,0,1,2000,10,10,145,145,0,0
emg_rate,reference,reference,recipe:foster_2006_ripples,literature,ripple,interval,median_onset_error,10,0.0337426,0.0309958,0.0347633,0,0,0,1,2000,10,10,76,76,0,0
emg_rate,reference,reference,recipe:gillespie_2021,literature,ripple,interval,median_onset_error,10,0.000728616,-0.000438561,0.00163915,0,0,0,1,2000,10,10,844,844,0,0
emg_rate,reference,reference,recipe:gillespie_2021_mua,literature,burst,interval,median_onset_error,10,-0.0208446,-0.0224039,-0.0192365,0,0,0,1,2000,10,10,804,804,0,0
emg_rate,reference,reference,recipe:gridchyn_2020,literature,burst,interval,median_onset_error,10,0.0114932,0.00973624,0.0128004,0,0,0,1,2000,10,10,872,872,0,0
emg_rate,reference,reference,recipe:grosmark_2016,literature,network,interval,median_onset_error,10,-0.0138354,-0.0183971,-0.0119283,0,0,0,1,2000,10,10,454,454,0,0
emg_rate,reference,reference,recipe:gupta_2010,literature,ripple,interval,median_onset_error,10,0.000649468,-0.000516766,0.00149165,0,0,0,1,2000,10,10,816,816,0,0
emg_rate,reference,reference,recipe:harvey_2023_code,literature,ripple,interval,median_onset_error,10,0.0134081,0.0119995,0.0157787,0,0,0,1,2000,10,10,575,575,0,0
emg_rate,reference,reference,recipe:harvey_2023_no_radiatum,literature,ripple,interval,median_onset_error,10,2.11699e-05,-0.00315594,0.00152412,0,0,0,1,2000,10,10,609,609,0,0
emg_rate,reference,reference,recipe:harvey_2023_text,literature,ripple,interval,median_onset_error,10,0.0143671,0.0133529,0.0152102,0,0,0,1,2000,10,10,617,617,0,0
emg_rate,reference,reference,recipe:huelin_gorriz_2023,literature,network,interval,median_onset_error,10,-0.01437,-0.0172593,-0.0127015,0,0,0,1,2000,10,10,557,557,0,0
emg_rate,reference,reference,recipe:igata_2021,literature,burst,interval,median_onset_error,10,-0.0208446,-0.0230458,-0.0189872,0,0,0,1,2000,10,10,912,912,0,0
emg_rate,reference,reference,recipe:igata_2021_ripples,literature,ripple,interval,median_onset_error,10,0.00117637,0.000836552,0.00170338,0,0,0,1,2000,10,10,890,890,0,0
emg_rate,reference,reference,recipe:jadhav_2016,literature,ripple,interval,median_onset_error,10,-0.00782947,-0.0101123,-0.00525858,0,0,0,1,2000,10,10,598,598,0,0
emg_rate,reference,reference,recipe:ji_2007,literature,burst,interval,median_onset_error,10,0.0177528,0.0144042,0.0203139,0,0,0,1,2000,10,10,685,685,0,0
emg_rate,reference,reference,recipe:ji_2007_ripples,literature,ripple,interval,median_onset_error,10,-0.0533866,-0.183374,0.00947258,0,0,0,1,1989,4,4,5,5,0,0
emg_rate,reference,reference,recipe:kaefer_2020,literature,ripple,interval,median_onset_error,10,-0.14672,-0.177766,-0.0950664,0,0,0,1,2000,7,7,11,11,0,0
emg_rate,reference,reference,recipe:karlsson_2009,literature,ripple,interval,median_onset_error,10,-0.00783625,-0.0099954,-0.00540774,0,0,0,1,2000,10,10,739,739,0,0
emg_rate,reference,reference,recipe:krause_2022,literature,network,interval,median_onset_error,10,0.0144293,0.0122692,0.0163226,0,0,0,1,2000,10,10,676,676,0,0
emg_rate,reference,reference,recipe:krause_2022_hse,literature,burst,interval,median_onset_error,10,-0.0323931,-0.0346551,-0.0290887,0,0,0,1,2000,10,10,801,801,0,0
emg_rate,reference,reference,recipe:kudrimoti_1999,literature,ripple,interval,median_onset_error,10,0.0318674,0.029584,0.0353648,0,0,0,1,2000,10,10,25,25,0,0
emg_rate,reference,reference,recipe:lee_2002,literature,burst,interval,median_onset_error,10,-0.0383037,-0.0457685,-0.0332465,0,0,0,1,2000,10,10,929,929,0,0
emg_rate,reference,reference,recipe:lee_2002_ripples,literature,ripple,interval,median_onset_error,10,0.0337426,0.0309958,0.0347633,0,0,0,1,2000,10,10,76,76,0,0
emg_rate,reference,reference,recipe:liu_2019,literature,burst,interval,median_onset_error,10,-0.147592,-0.157828,-0.132624,0,0,0,1,2000,10,10,825,825,0,0
emg_rate,reference,reference,recipe:liu_2019_awake,literature,burst,interval,median_onset_error,10,-0.147592,-0.157828,-0.132624,0,0,0,1,2000,10,10,825,825,0,0
emg_rate,reference,reference,recipe:liu_2023,literature,network,interval,median_onset_error,10,-0.00718578,-0.010088,-0.00536157,0,0,0,1,2000,10,10,470,470,0,0
emg_rate,reference,reference,recipe:maboudi_2018,literature,burst,interval,median_onset_error,10,-0.0325385,-0.0350644,-0.0294038,0,0,0,1,2000,10,10,775,775,0,0
emg_rate,reference,reference,recipe:maboudi_2018_open_field,literature,burst,interval,median_onset_error,10,-0.00269756,-0.00399852,-8.80208e-05,0,0,0,1,2000,10,10,721,721,0,0
emg_rate,reference,reference,recipe:mallory_2025,literature,burst,interval,median_onset_error,10,-0.0155739,-0.0176664,-0.0144297,0,0,0,1,2000,10,10,743,743,0,0
emg_rate,reference,reference,recipe:mallory_2025_ripples,literature,ripple,interval,median_onset_error,10,-0.0170396,-0.0193004,-0.0142674,0,0,0,1,2000,10,10,704,704,0,0
emg_rate,reference,reference,recipe:michon_2019,literature,network,interval,median_onset_error,10,-0.00165431,-0.00362832,0.000536935,0,0,0,1,2000,10,10,273,273,0,0
emg_rate,reference,reference,recipe:michon_2021,literature,network,interval,median_onset_error,10,-0.00165431,-0.00362832,0.000536935,0,0,0,1,2000,10,10,273,273,0,0
emg_rate,reference,reference,recipe:mou_2022,literature,burst,interval,median_onset_error,10,-0.0462975,-0.0555394,-0.0401892,0,0,0,1,2000,10,10,838,838,0,0
emg_rate,reference,reference,recipe:muessig_2019,literature,network,interval,median_onset_error,10,0.0262498,0.0215342,0.0309892,0,0,0,1,2000,10,10,116,116,0,0
emg_rate,reference,reference,recipe:muessig_2019_ripples,literature,ripple,interval,median_onset_error,10,-0.00850545,-0.0108126,-0.00392214,0,0,0,1,2000,10,10,893,893,0,0
emg_rate,reference,reference,recipe:nadasdy_1999,literature,ripple,interval,median_onset_error,10,0.00489948,0.00428016,0.00549517,0,0,0,1,2000,10,10,471,471,0,0
emg_rate,reference,reference,recipe:olafsdottir_2015,literature,burst,interval,median_onset_error,10,0.00534263,0.00360919,0.00774539,0,0,0,1,2000,10,10,662,662,0,0
emg_rate,reference,reference,recipe:olafsdottir_2015.bayesian_candidates,literature,burst,interval,median_onset_error,10,0.004886,0.00284124,0.00630589,0,0,0,1,2000,10,10,599,599,0,0
emg_rate,reference,reference,recipe:olafsdottir_2016,literature,burst,interval,median_onset_error,10,0.011116,0.00799637,0.0127389,0,0,0,1,2000,10,10,558,558,0,0
emg_rate,reference,reference,recipe:olafsdottir_2017,literature,burst,interval,median_onset_error,10,0.0122048,0.0108757,0.0136994,0,0,0,1,2000,10,10,744,744,0,0
emg_rate,reference,reference,recipe:olafsdottir_2017.trajectory,literature,burst,interval,median_onset_error,10,0.011116,0.00799637,0.0127389,0,0,0,1,2000,10,10,558,558,0,0
emg_rate,reference,reference,recipe:pfeiffer_2013,literature,burst,interval,median_onset_error,10,-0.00269756,-0.00399852,-8.80208e-05,0,0,0,1,2000,10,10,721,721,0,0
emg_rate,reference,reference,recipe:pfeiffer_2013_ripples,literature,ripple,interval,median_onset_error,10,-0.015743,-0.0177555,-0.0142967,0,0,0,1,2000,10,10,743,743,0,0
emg_rate,reference,reference,recipe:pfeiffer_2015,literature,ripple,interval,median_onset_error,10,-0.015743,-0.0177555,-0.0142967,0,0,0,1,2000,10,10,743,743,0,0
emg_rate,reference,reference,recipe:shin_2019,literature,ripple,interval,median_onset_error,10,-0.00783625,-0.0099954,-0.00540774,0,0,0,1,2000,10,10,739,739,0,0
emg_rate,reference,reference,recipe:silva_2015,literature,burst,interval,median_onset_error,10,-0.0122142,-0.0153682,-0.0101496,0,0,0,1,2000,10,10,606,606,0,0
emg_rate,reference,reference,recipe:stella_2019,literature,ripple,interval,median_onset_error,10,0.010835,0.0100663,0.0120394,0,0,0,1,2000,10,10,680,680,0,0
emg_rate,reference,reference,recipe:tang_2017,literature,ripple,interval,median_onset_error,10,-0.00783625,-0.0099954,-0.00540774,0,0,0,1,2000,10,10,739,739,0,0
emg_rate,reference,reference,recipe:tirole_2022,literature,network,interval,median_onset_error,10,-0.01437,-0.0172593,-0.0127015,0,0,0,1,2000,10,10,557,557,0,0
emg_rate,reference,reference,recipe:widloski_2025,literature,ripple,interval,median_onset_error,10,-0.168227,-0.180008,-0.160493,0,0,0,1,2000,10,10,518,518,0,0
emg_rate,reference,reference,recipe:widloski_2025_bursts,literature,burst,interval,median_onset_error,10,-0.168573,-0.174543,-0.15673,0,0,0,1,2000,10,10,518,518,0,0
emg_rate,reference,reference,recipe:wikenheiser_2013,literature,ripple,interval,median_onset_error,10,-0.146394,-0.172799,-0.130138,0,0,0,1,2000,10,10,849,849,0,0
emg_rate,reference,reference,recipe:wu_2014,literature,burst,interval,median_onset_error,10,-0.0163562,-0.018528,-0.014373,0,0,0,1,2000,10,10,844,844,0,0
emg_rate,reference,reference,recipe:wu_2017,literature,burst,interval,median_onset_error,10,0.0117571,0.00916774,0.0144137,0,0,0,1,2000,10,10,523,523,0,0
emg_rate,reference,reference,recipe:xu_2019,literature,burst,interval,median_onset_error,10,-0.00774106,-0.0101589,-0.00488211,0,0,0,1,2000,10,10,731,731,0,0
emg_rate,reference,reference,recipe:yamamoto_2017,literature,network,interval,median_onset_error,10,0.0294767,0.0276603,0.0314484,0,0,0,1,2000,10,10,612,612,0,0
emg_rate,reference,reference,recipe:yang_2024,literature,network,interval,median_onset_error,10,-0.0138354,-0.0183971,-0.0119283,0,0,0,1,2000,10,10,454,454,0,0
emg_rate,3,emg_rate=3,Carey_candidate_detector,default,network,interval,median_onset_error,10,0.00241944,0.00112748,0.00337485,0.000109041,-0.000840415,0.000645047,0.836,2000,10,10,885,891,0,0
emg_rate,3,emg_rate=3,Karlsson_ripple_detector,default,ripple,interval,median_onset_error,10,-0.00639759,-0.0084493,-0.00494618,0.00143866,0.000119918,0.00263118,0.025,2000,10,10,700,739,0,0
emg_rate,3,emg_rate=3,Kay_ripple_detector,default,ripple,interval,median_onset_error,10,0.00075495,-0.000457406,0.00158382,2.63348e-05,-0.00054112,0.000361062,1,2000,10,10,806,844,0,0
emg_rate,3,emg_rate=3,Long_sharp_wave_ripple_detector,default,ripple,interval,median_onset_error,10,0.0121998,0.010706,0.0136956,0,0,0,1,2000,10,10,704,704,0,0
emg_rate,3,emg_rate=3,Roumis_ripple_detector,default,ripple,interval,median_onset_error,10,0.000728442,-0.000755039,0.00164042,0.000193566,-0.000377986,0.000626272,0.59,2000,10,10,810,845,0,0
emg_rate,3,emg_rate=3,Shvartsman_ripple_detector,default,ripple,interval,median_onset_error,10,-0.00808654,-0.0105424,-0.00574606,0.00153877,0.000382544,0.00261631,0.012,2000,10,10,639,677,0,0
emg_rate,3,emg_rate=3,Yu_ripple_detector,default,ripple,interval,median_onset_error,10,0.00191664,0.00114148,0.00284141,0.000207291,3.51003e-05,0.000565103,0.008,2000,10,10,867,865,0,0
emg_rate,3,emg_rate=3,Zugaro_ripple_detector,default,ripple,interval,median_onset_error,10,0.0166679,0.0153944,0.0175661,0.00276147,0.00159825,0.00330346,0,2000,10,10,549,689,0,0
emg_rate,3,emg_rate=3,multiunit_HSE_detector,default,burst,interval,median_onset_error,10,-0.0209895,-0.0237933,-0.0189375,0.000559941,-0.000998274,0.00156055,0.52,2000,10,10,908,911,0,0
emg_rate,3,emg_rate=3,recipe:ambrose_2016,literature,ripple,interval,median_onset_error,10,-0.0146976,-0.0164759,-0.0133565,0.00104537,0.000313156,0.00173599,0.001,2000,10,10,696,743,0,0
emg_rate,3,emg_rate=3,recipe:bendor_2012,literature,burst,interval,median_onset_error,10,0.011205,0.00963823,0.0123133,-0.00030706,-0.001531,0.000473907,0.541,2000,10,10,655,655,0,0
emg_rate,3,emg_rate=3,recipe:berners_lee_2021,literature,ripple,interval,median_onset_error,10,-0.0145758,-0.0162896,-0.0127009,0.000983092,0.000157741,0.00160595,0.028,2000,10,10,784,806,0,0
emg_rate,3,emg_rate=3,recipe:berners_lee_2022,literature,burst,interval,median_onset_error,10,-0.0133548,-0.0163124,-0.0113841,-0.000306909,-0.00186148,0.000976792,0.587,2000,10,10,669,668,0,0
emg_rate,3,emg_rate=3,recipe:bhattarai_2020,literature,network,interval,median_onset_error,10,-0.0843024,-0.099772,-0.0618038,-0.0011736,-0.00848283,0.014565,0.81,2000,10,10,313,418,0,0
emg_rate,3,emg_rate=3,recipe:bhattarai_2020_ripples,literature,ripple,interval,median_onset_error,10,0.00508077,0.00327731,0.00631113,0.00357504,0.00158979,0.00475387,0,2000,10,10,347,474,0,0
emg_rate,3,emg_rate=3,recipe:bush_2022,literature,burst,interval,median_onset_error,10,0.00167593,-7.22708e-05,0.00370524,0.000712189,-8.85039e-05,0.00157645,0.083,2000,10,10,614,617,0,0
emg_rate,3,emg_rate=3,recipe:carey_2019,literature,network,interval,median_onset_error,10,0.012492,0.0116974,0.013635,-0.000214617,-0.00101808,0.000750159,0.914,2000,10,10,896,900,0,0
emg_rate,3,emg_rate=3,recipe:carr_2012,literature,ripple,interval,median_onset_error,10,-0.00639759,-0.0084493,-0.00494618,0.00143866,0.000119918,0.00263118,0.025,2000,10,10,700,739,0,0
emg_rate,3,emg_rate=3,recipe:chenani_2019,literature,burst,interval,median_onset_error,10,-0.0193411,-0.0207693,-0.0179801,-0.000459243,-0.00104069,0.00114974,0.54,2000,10,10,672,671,0,0
emg_rate,3,emg_rate=3,recipe:davidson_2009,literature,burst,interval,median_onset_error,10,-0.0206591,-0.0237561,-0.0184755,0.000185502,-0.00247339,0.00182254,1,2000,10,10,785,784,0,0
emg_rate,3,emg_rate=3,recipe:denovellis_2021,literature,ripple,interval,median_onset_error,10,0.000960704,-6.44651e-05,0.00200127,-7.63781e-05,-0.000467632,0.000263583,0.53,2000,10,10,807,845,0,0
emg_rate,3,emg_rate=3,recipe:denovellis_2021_mua,literature,burst,interval,median_onset_error,10,-0.021341,-0.0237756,-0.0184755,0.000291157,-0.000809041,0.001672,0.618,2000,10,10,907,910,0,0
emg_rate,3,emg_rate=3,recipe:diba_2007,literature,burst,interval,median_onset_error,10,-0.0767517,-0.101056,-0.0546039,-0.004,-0.0108179,0.00521143,0.536,2000,10,10,255,251,0,0
emg_rate,3,emg_rate=3,recipe:drieu_2018,literature,burst,interval,median_onset_error,10,-0.00442967,-0.00562809,-0.00305534,-0.000379888,-0.000941209,0.000388554,0.342,2000,10,10,775,769,0,0
emg_rate,3,emg_rate=3,recipe:farooq_2019_neuron,literature,burst,interval,median_onset_error,10,0.0127664,0.0100448,0.0156651,0.00128861,-0.000301502,0.003554,0.107,2000,10,10,280,274,0,0
emg_rate,3,emg_rate=3,recipe:farooq_2019_science,literature,burst,interval,median_onset_error,10,0.0127486,0.0100314,0.0161615,0.00127086,-0.000475711,0.00352239,0.125,2000,10,10,275,272,0,0
emg_rate,3,emg_rate=3,recipe:farooq_2019_science_awake,literature,burst,interval,median_onset_error,10,0.0127486,0.0100314,0.0161615,0.00127086,-0.000475711,0.00352239,0.125,2000,10,10,275,272,0,0
emg_rate,3,emg_rate=3,recipe:foster_2006,literature,burst,interval,median_onset_error,10,-0.00322611,-0.00725138,0.0049407,0.00281098,-0.000234793,0.0114585,0.071,2000,10,10,138,145,0,0
emg_rate,3,emg_rate=3,recipe:foster_2006_ripples,literature,ripple,interval,median_onset_error,10,0.0344727,0.030617,0.0375006,0.000730084,-0.00217369,0.00321232,0.583,2000,10,10,59,76,0,0
emg_rate,3,emg_rate=3,recipe:gillespie_2021,literature,ripple,interval,median_onset_error,10,0.00075495,-0.000457406,0.00158382,2.63348e-05,-0.00054112,0.000361062,1,2000,10,10,806,844,0,0
emg_rate,3,emg_rate=3,recipe:gillespie_2021_mua,literature,burst,interval,median_onset_error,10,-0.0207544,-0.024035,-0.0184755,9.02062e-05,-0.00228072,0.00145477,0.974,2000,10,10,806,804,0,0
emg_rate,3,emg_rate=3,recipe:gridchyn_2020,literature,burst,interval,median_onset_error,10,0.0115595,0.0104613,0.0129953,6.63589e-05,-0.000435351,0.00114917,0.543,2000,10,10,879,872,0,0
emg_rate,3,emg_rate=3,recipe:grosmark_2016,literature,network,interval,median_onset_error,10,-0.0124769,-0.0174184,-0.00986745,0.0013585,0.00011464,0.00299161,0.041,2000,10,10,404,454,0,0
emg_rate,3,emg_rate=3,recipe:gupta_2010,literature,ripple,interval,median_onset_error,10,0.000826631,-0.000360848,0.00148015,0.000177163,-0.000211219,0.000635491,0.66,2000,10,10,804,816,0,0
emg_rate,3,emg_rate=3,recipe:harvey_2023_code,literature,ripple,interval,median_onset_error,10,0.0133966,0.0119289,0.0160052,-1.14601e-05,-0.000376149,0.000407016,0.916,2000,10,10,580,575,0,0
emg_rate,3,emg_rate=3,recipe:harvey_2023_no_radiatum,literature,ripple,interval,median_onset_error,10,0.0087411,0.00725521,0.0104171,0.00871993,0.00615756,0.0128708,0,2000,10,10,548,609,0,0
emg_rate,3,emg_rate=3,recipe:harvey_2023_text,literature,ripple,interval,median_onset_error,10,0.0143167,0.0135062,0.0152092,-5.04438e-05,-0.000557115,0.000422064,0.899,2000,10,10,574,617,0,0
emg_rate,3,emg_rate=3,recipe:huelin_gorriz_2023,literature,network,interval,median_onset_error,10,-0.0153479,-0.0177008,-0.0129792,-0.000977929,-0.002,0.00100833,0.38,2000,10,10,525,557,0,0
emg_rate,3,emg_rate=3,recipe:igata_2021,literature,burst,interval,median_onset_error,10,-0.0204129,-0.0235224,-0.0182948,0.000431717,-0.000930076,0.00183507,0.433,2000,10,10,910,912,0,0
emg_rate,3,emg_rate=3,recipe:igata_2021_ripples,literature,ripple,interval,median_onset_error,10,0.000993111,0.000378887,0.00150386,-0.00018326,-0.000693611,7.41609e-05,0.149,2000,10,10,862,890,0,0
emg_rate,3,emg_rate=3,recipe:jadhav_2016,literature,ripple,interval,median_onset_error,10,-0.00631964,-0.00857865,-0.00451818,0.00150983,1.29027e-05,0.00246505,0.049,2000,10,10,556,598,0,0
emg_rate,3,emg_rate=3,recipe:ji_2007,literature,burst,interval,median_onset_error,10,0.0158689,0.0136284,0.0185337,-0.00188389,-0.0054678,0.00163888,0.393,2000,10,10,715,685,0,0
emg_rate,3,emg_rate=3,recipe:ji_2007_ripples,literature,ripple,interval,median_onset_error,10,-0.0033866,-0.0584393,0.00947258,0.05,-0.0289814,0.189325,0.408245,1989,8,4,11,5,0,0
emg_rate,3,emg_rate=3,recipe:kaefer_2020,literature,ripple,interval,median_onset_error,10,-0.114506,-0.159362,-0.0884627,0.0322139,-0.0136989,0.0702056,0.216,2000,7,7,11,11,0,0
emg_rate,3,emg_rate=3,recipe:karlsson_2009,literature,ripple,interval,median_onset_error,10,-0.00639759,-0.0084493,-0.00494618,0.00143866,0.000119918,0.00263118,0.025,2000,10,10,700,739,0,0
emg_rate,3,emg_rate=3,recipe:krause_2022,literature,network,interval,median_onset_error,10,0.0153546,0.0127748,0.0174551,0.000925315,-0.000521337,0.0020365,0.209,2000,10,10,645,676,0,0
emg_rate,3,emg_rate=3,recipe:krause_2022_hse,literature,burst,interval,median_onset_error,10,-0.0332899,-0.0361898,-0.0299185,-0.000896868,-0.00210028,0.000384621,0.194,2000,10,10,804,801,0,0
emg_rate,3,emg_rate=3,recipe:kudrimoti_1999,literature,ripple,interval,median_onset_error,10,0.0339205,0.0283024,0.0438596,0.00205304,-0.00236334,0.011075,0.677,2000,9,10,15,25,0,0
emg_rate,3,emg_rate=3,recipe:lee_2002,literature,burst,interval,median_onset_error,10,-0.0405283,-0.0486447,-0.034979,-0.00222461,-0.00645113,0.000580584,0.13,2000,10,10,933,929,0,0
emg_rate,3,emg_rate=3,recipe:lee_2002_ripples,literature,ripple,interval,median_onset_error,10,0.0344727,0.030617,0.0375006,0.000730084,-0.00217369,0.00321232,0.583,2000,10,10,59,76,0,0
emg_rate,3,emg_rate=3,recipe:liu_2019,literature,burst,interval,median_onset_error,10,-0.148597,-0.160235,-0.136084,-0.00100456,-0.0131727,0.00480965,0.591,2000,10,10,815,825,0,0
emg_rate,3,emg_rate=3,recipe:liu_2019_awake,literature,burst,interval,median_onset_error,10,-0.148597,-0.160235,-0.136084,-0.00100456,-0.0131727,0.00480965,0.591,2000,10,10,815,825,0,0
emg_rate,3,emg_rate=3,recipe:liu_2023,literature,network,interval,median_onset_error,10,-0.00670452,-0.0104769,-0.00487823,0.000481258,-0.000709008,0.00235477,0.375,2000,10,10,471,470,0,0
emg_rate,3,emg_rate=3,recipe:maboudi_2018,literature,burst,interval,median_onset_error,10,-0.0337017,-0.0361943,-0.0298264,-0.00116325,-0.00213475,0.000219963,0.089,2000,10,10,784,775,0,0
emg_rate,3,emg_rate=3,recipe:maboudi_2018_open_field,literature,burst,interval,median_onset_error,10,-0.00259603,-0.00391886,-0.000613298,0.000101533,-0.00113356,0.00144417,0.908,2000,10,10,722,721,0,0
emg_rate,3,emg_rate=3,recipe:mallory_2025,literature,burst,interval,median_onset_error,10,-0.0170989,-0.019302,-0.0156502,-0.00152498,-0.00367101,2.47165e-05,0.064,2000,10,10,745,743,0,0
emg_rate,3,emg_rate=3,recipe:mallory_2025_ripples,literature,ripple,interval,median_onset_error,10,-0.0162459,-0.0195661,-0.0132977,0.000793648,-0.000589646,0.00152538,0.305,2000,10,10,667,704,0,0
emg_rate,3,emg_rate=3,recipe:michon_2019,literature,network,interval,median_onset_error,10,-0.00100052,-0.00476473,0.00314402,0.000653792,-0.00303321,0.00483782,0.698,2000,10,10,166,273,0,0
emg_rate,3,emg_rate=3,recipe:michon_2021,literature,network,interval,median_onset_error,10,-0.00100052,-0.00476473,0.00314402,0.000653792,-0.00303321,0.00483782,0.698,2000,10,10,166,273,0,0
emg_rate,3,emg_rate=3,recipe:mou_2022,literature,burst,interval,median_onset_error,10,-0.0455225,-0.0548397,-0.0406173,0.000775021,-0.00224775,0.00404253,0.685,2000,10,10,838,838,0,0
emg_rate,3,emg_rate=3,recipe:muessig_2019,literature,network,interval,median_onset_error,10,0.0258301,0.0215297,0.0342907,-0.000419709,-0.00462521,0.00601698,1,2000,10,10,110,116,0,0
emg_rate,3,emg_rate=3,recipe:muessig_2019_ripples,literature,ripple,interval,median_onset_error,10,-0.00853406,-0.0110694,-0.00426032,-2.86111e-05,-0.0016978,0.000848733,0.667,2000,10,10,856,893,0,0
emg_rate,3,emg_rate=3,recipe:nadasdy_1999,literature,ripple,interval,median_onset_error,10,0.00420074,0.00307899,0.00489509,-0.000698739,-0.0016562,-5.37143e-05,0.009,2000,10,10,375,471,0,0
emg_rate,3,emg_rate=3,recipe:olafsdottir_2015,literature,burst,interval,median_onset_error,10,0.00485639,0.00216416,0.00720228,-0.000486237,-0.00239868,0.000851786,0.382,2000,10,10,655,662,0,0
emg_rate,3,emg_rate=3,recipe:olafsdottir_2015.bayesian_candidates,literature,burst,interval,median_onset_error,10,0.00366033,0.00160287,0.00632362,-0.00122567,-0.00210429,0.000660334,0.271,2000,10,10,590,599,0,0
emg_rate,3,emg_rate=3,recipe:olafsdottir_2016,literature,burst,interval,median_onset_error,10,0.010685,0.00817926,0.012177,-0.00043103,-0.00173612,0.000953631,0.612,2000,10,10,560,558,0,0
emg_rate,3,emg_rate=3,recipe:olafsdottir_2017,literature,burst,interval,median_onset_error,10,0.0121051,0.010497,0.0130744,-9.9714e-05,-0.00178395,0.00108835,0.715,2000,10,10,742,744,0,0
emg_rate,3,emg_rate=3,recipe:olafsdottir_2017.trajectory,literature,burst,interval,median_onset_error,10,0.010685,0.00817926,0.012177,-0.00043103,-0.00173612,0.000953631,0.612,2000,10,10,560,558,0,0
emg_rate,3,emg_rate=3,recipe:pfeiffer_2013,literature,burst,interval,median_onset_error,10,-0.00259603,-0.00391886,-0.000613298,0.000101533,-0.00113356,0.00144417,0.908,2000,10,10,722,721,0,0
emg_rate,3,emg_rate=3,recipe:pfeiffer_2013_ripples,literature,ripple,interval,median_onset_error,10,-0.0146976,-0.0164759,-0.0133565,0.00104537,0.000313156,0.00173599,0.001,2000,10,10,696,743,0,0
emg_rate,3,emg_rate=3,recipe:pfeiffer_2015,literature,ripple,interval,median_onset_error,10,-0.0146976,-0.0164759,-0.0134169,0.00104537,0.000313156,0.00173599,0.001,2000,10,10,696,743,0,0
emg_rate,3,emg_rate=3,recipe:shin_2019,literature,ripple,interval,median_onset_error,10,-0.00639759,-0.0084493,-0.00494618,0.00143866,0.000119918,0.00263118,0.025,2000,10,10,700,739,0,0
emg_rate,3,emg_rate=3,recipe:silva_2015,literature,burst,interval,median_onset_error,10,-0.0126759,-0.0144322,-0.0113748,-0.000461713,-0.00193663,0.00104212,0.417,2000,10,10,601,606,0,0
emg_rate,3,emg_rate=3,recipe:stella_2019,literature,ripple,interval,median_onset_error,10,0.0116565,0.0108041,0.0132121,0.000821523,0.000394549,0.00171834,0,2000,10,10,611,680,0,0
emg_rate,3,emg_rate=3,recipe:tang_2017,literature,ripple,interval,median_onset_error,10,-0.00639759,-0.0084493,-0.00494618,0.00143866,0.000119918,0.00263118,0.025,2000,10,10,700,739,0,0
emg_rate,3,emg_rate=3,recipe:tirole_2022,literature,network,interval,median_onset_error,10,-0.0153479,-0.0177008,-0.0129792,-0.000977929,-0.002,0.00100833,0.38,2000,10,10,525,557,0,0
emg_rate,3,emg_rate=3,recipe:widloski_2025,literature,ripple,interval,median_onset_error,10,-0.163215,-0.172955,-0.157325,0.0050116,-0.000486506,0.0115541,0.076,2000,10,10,429,518,0,0
emg_rate,3,emg_rate=3,recipe:widloski_2025_bursts,literature,burst,interval,median_onset_error,10,-0.167001,-0.177947,-0.155296,0.00157253,-0.00473809,0.00613921,0.75,2000,10,10,517,518,0,0
emg_rate,3,emg_rate=3,recipe:wikenheiser_2013,literature,ripple,interval,median_onset_error,10,-0.0701504,-0.079824,-0.0675353,0.0762435,0.0608469,0.101334,0,2000,10,10,850,849,0,0
emg_rate,3,emg_rate=3,recipe:wu_2014,literature,burst,interval,median_onset_error,10,-0.0163977,-0.0199964,-0.0141311,-4.15095e-05,-0.00177963,0.000871416,0.844,2000,10,10,847,844,0,0
emg_rate,3,emg_rate=3,recipe:wu_2017,literature,burst,interval,median_onset_error,10,0.0107095,0.00883673,0.0136486,-0.00104759,-0.003514,0.00108106,0.37,2000,10,10,514,523,0,0
emg_rate,3,emg_rate=3,recipe:xu_2019,literature,burst,interval,median_onset_error,10,-0.00726932,-0.0132854,-0.00394241,0.000471742,-0.00389059,0.00232429,0.948,2000,10,10,741,731,0,0
emg_rate,3,emg_rate=3,recipe:yamamoto_2017,literature,network,interval,median_onset_error,10,0.0282272,0.0262755,0.0296045,-0.00124947,-0.00306645,0.000811954,0.255,2000,10,10,558,612,0,0
emg_rate,3,emg_rate=3,recipe:yang_2024,literature,network,interval,median_onset_error,10,-0.0124769,-0.0174184,-0.00986745,0.0013585,0.00011464,0.00299161,0.041,2000,10,10,404,454,0,0
fast_gamma_rate,0,fast_gamma_rate=0,Carey_candidate_detector,default,network,interval,median_onset_error,10,0.00235174,0.00112389,0.00354259,4.13407e-05,-0.000804969,0.000512242,0.902,2000,10,10,887,891,0,0
fast_gamma_rate,0,fast_gamma_rate=0,Karlsson_ripple_detector,default,ripple,interval,median_onset_error,10,-0.00785217,-0.0099954,-0.00530815,-1.59235e-05,-0.000232836,0,0.984,2000,10,10,738,739,0,0
fast_gamma_rate,0,fast_gamma_rate=0,Kay_ripple_detector,default,ripple,interval,median_onset_error,10,0.000716084,-0.000418938,0.00158382,-1.25315e-05,-0.000120626,2.69822e-05,1,2000,10,10,843,844,0,0
fast_gamma_rate,0,fast_gamma_rate=0,Long_sharp_wave_ripple_detector,default,ripple,interval,median_onset_error,10,0.0121998,0.010706,0.0136956,0,0,0,1,2000,10,10,704,704,0,0
fast_gamma_rate,0,fast_gamma_rate=0,Roumis_ripple_detector,default,ripple,interval,median_onset_error,10,0.000506623,-0.00067282,0.00155112,-2.82527e-05,-0.000192244,0,0.727,2000,10,10,845,845,0,0
fast_gamma_rate,0,fast_gamma_rate=0,Shvartsman_ripple_detector,default,ripple,interval,median_onset_error,10,-0.00962531,-0.0115123,-0.00686953,0,0,0,1,2000,10,10,677,677,0,0
fast_gamma_rate,0,fast_gamma_rate=0,Yu_ripple_detector,default,ripple,interval,median_onset_error,10,0.00165496,0.000832712,0.00238348,-5.43837e-05,-0.00013021,0,0.826,2000,10,10,865,865,0,0
fast_gamma_rate,0,fast_gamma_rate=0,Zugaro_ripple_detector,default,ripple,interval,median_onset_error,10,0.0140013,0.0131884,0.0156499,9.48045e-05,-3.5542e-05,0.000651075,0.209,2000,10,10,687,689,0,0
fast_gamma_rate,0,fast_gamma_rate=0,multiunit_HSE_detector,default,burst,interval,median_onset_error,10,-0.0203373,-0.0227358,-0.0188741,0.00121212,-0.0002796,0.00247139,0.129,2000,10,10,903,911,0,0
fast_gamma_rate,0,fast_gamma_rate=0,recipe:ambrose_2016,literature,ripple,interval,median_onset_error,10,-0.015793,-0.0178301,-0.0142493,-5.00355e-05,-0.000508792,3.8034e-05,0.38,2000,10,10,741,743,0,0
fast_gamma_rate,0,fast_gamma_rate=0,recipe:bendor_2012,literature,burst,interval,median_onset_error,10,0.0115943,0.00924395,0.0125035,8.23186e-05,-0.00188706,0.00113067,0.923,2000,10,10,652,655,0,0
fast_gamma_rate,0,fast_gamma_rate=0,recipe:berners_lee_2021,literature,ripple,interval,median_onset_error,10,-0.0156442,-0.0173487,-0.0134705,-8.53432e-05,-0.000345595,0,0.438,2000,10,10,805,806,0,0
fast_gamma_rate,0,fast_gamma_rate=0,recipe:berners_lee_2022,literature,burst,interval,median_onset_error,10,-0.013313,-0.0165534,-0.0107796,-0.000265078,-0.00246781,0.00209925,0.753,2000,10,10,671,668,0,0
fast_gamma_rate,0,fast_gamma_rate=0,recipe:bhattarai_2020,literature,network,interval,median_onset_error,10,-0.0828274,-0.097908,-0.0691994,0.000301424,-0.00959592,0.0107515,0.948,2000,10,10,404,418,0,0
fast_gamma_rate,0,fast_gamma_rate=0,recipe:bhattarai_2020_ripples,literature,ripple,interval,median_onset_error,10,0.00146484,-0.000115069,0.00295929,-4.08941e-05,-0.000704979,0.000360069,0.648,2000,10,10,465,474,0,0
fast_gamma_rate,0,fast_gamma_rate=0,recipe:bush_2022,literature,burst,interval,median_onset_error,10,0.00185565,0.000296595,0.00370895,0.000891908,-3.80276e-05,0.00196938,0.062,2000,10,10,612,617,0,0
fast_gamma_rate,0,fast_gamma_rate=0,recipe:carey_2019,literature,network,interval,median_onset_error,10,0.012239,0.011678,0.0129464,-0.000467606,-0.00139428,0.000720803,0.459,2000,10,10,891,900,0,0
fast_gamma_rate,0,fast_gamma_rate=0,recipe:carr_2012,literature,ripple,interval,median_onset_error,10,-0.00785217,-0.0099954,-0.00530815,-1.59235e-05,-0.000232836,0,0.984,2000,10,10,738,739,0,0
fast_gamma_rate,0,fast_gamma_rate=0,recipe:chenani_2019,literature,burst,interval,median_onset_error,10,-0.0195087,-0.0213875,-0.0178328,-0.000626799,-0.00137964,0.000850584,0.563,2000,10,10,675,671,0,0
fast_gamma_rate,0,fast_gamma_rate=0,recipe:davidson_2009,literature,burst,interval,median_onset_error,10,-0.0199472,-0.0222403,-0.0183653,0.000897372,-0.00102472,0.00236367,0.391,2000,10,10,783,784,0,0
fast_gamma_rate,0,fast_gamma_rate=0,recipe:denovellis_2021,literature,ripple,interval,median_onset_error,10,0.00103708,7.44804e-05,0.00199106,0,0,0,1,2000,10,10,845,845,0,0
fast_gamma_rate,0,fast_gamma_rate=0,recipe:denovellis_2021_mua,literature,burst,interval,median_onset_error,10,-0.0204769,-0.0226557,-0.0184755,0.00115519,-5.1965e-05,0.00264132,0.079,2000,10,10,903,910,0,0
fast_gamma_rate,0,fast_gamma_rate=0,recipe:diba_2007,literature,burst,interval,median_onset_error,10,-0.0728557,-0.0965692,-0.055823,-0.000103996,-0.00490036,0.0125613,0.615,2000,10,10,249,251,0,0
fast_gamma_rate,0,fast_gamma_rate=0,recipe:drieu_2018,literature,burst,interval,median_onset_error,10,-0.00480865,-0.00555962,-0.00317345,-0.00075887,-0.00165784,0.000575399,0.341,2000,10,10,775,769,0,0
fast_gamma_rate,0,fast_gamma_rate=0,recipe:farooq_2019_neuron,literature,burst,interval,median_onset_error,10,0.0125751,0.00867601,0.0150744,0.00109734,-0.000230072,0.00294864,0.11,2000,10,10,282,274,0,0
fast_gamma_rate,0,fast_gamma_rate=0,recipe:farooq_2019_science,literature,burst,interval,median_onset_error,10,0.0125751,0.00867601,0.0148026,0.00109734,-0.000215833,0.00303268,0.122,2000,10,10,278,272,0,0
fast_gamma_rate,0,fast_gamma_rate=0,recipe:farooq_2019_science_awake,literature,burst,interval,median_onset_error,10,0.0125751,0.00867601,0.0148026,0.00109734,-0.000215833,0.00303268,0.122,2000,10,10,278,272,0,0
fast_gamma_rate,0,fast_gamma_rate=0,recipe:foster_2006,literature,burst,interval,median_onset_error,10,-0.00791804,-0.0143783,0.00360737,-0.00188095,-0.00734653,0.00892847,0.878,2000,10,10,141,145,0,0
fast_gamma_rate,0,fast_gamma_rate=0,recipe:foster_2006_ripples,literature,ripple,interval,median_onset_error,10,0.0337426,0.0309958,0.0347633,0,0,0,1,2000,10,10,76,76,0,0
fast_gamma_rate,0,fast_gamma_rate=0,recipe:gillespie_2021,literature,ripple,interval,median_onset_error,10,0.000716084,-0.000418938,0.00158382,-1.25315e-05,-0.000120626,2.69822e-05,1,2000,10,10,843,844,0,0
fast_gamma_rate,0,fast_gamma_rate=0,recipe:gillespie_2021_mua,literature,burst,interval,median_onset_error,10,-0.0201114,-0.0227705,-0.0182075,0.000733226,-0.00125148,0.00214343,0.411,2000,10,10,804,804,0,0
fast_gamma_rate,0,fast_gamma_rate=0,recipe:gridchyn_2020,literature,burst,interval,median_onset_error,10,0.0114324,0.0101669,0.0127958,-6.07529e-05,-0.000800448,0.00106941,0.953,2000,10,10,876,872,0,0
fast_gamma_rate,0,fast_gamma_rate=0,recipe:grosmark_2016,literature,network,interval,median_onset_error,10,-0.0137732,-0.017087,-0.0112745,6.21754e-05,-0.00126901,0.00187915,0.713,2000,10,10,454,454,0,0
fast_gamma_rate,0,fast_gamma_rate=0,recipe:gupta_2010,literature,ripple,interval,median_onset_error,10,0.000605527,-0.000535932,0.00148015,-4.39409e-05,-0.000294779,0,0.831,2000,10,10,816,816,0,0
fast_gamma_rate,0,fast_gamma_rate=0,recipe:harvey_2023_code,literature,ripple,interval,median_onset_error,10,0.0131984,0.0118993,0.0157769,-0.000209724,-0.000668376,7.67341e-05,0.172,2000,10,10,580,575,0,0
fast_gamma_rate,0,fast_gamma_rate=0,recipe:harvey_2023_no_radiatum,literature,ripple,interval,median_onset_error,10,0.000179161,-0.00315594,0.00283657,0.000157991,-0.000724318,0.00203785,0.475,2000,10,10,612,609,0,0
fast_gamma_rate,0,fast_gamma_rate=0,recipe:harvey_2023_text,literature,ripple,interval,median_onset_error,10,0.0143451,0.0133529,0.0151648,-2.19892e-05,-0.000128046,0,1,2000,10,10,616,617,0,0
fast_gamma_rate,0,fast_gamma_rate=0,recipe:huelin_gorriz_2023,literature,network,interval,median_onset_error,10,-0.0147947,-0.0172862,-0.0134472,-0.000424682,-0.00190615,0.00132017,0.602,2000,10,10,561,557,0,0
fast_gamma_rate,0,fast_gamma_rate=0,recipe:igata_2021,literature,burst,interval,median_onset_error,10,-0.0192437,-0.0216543,-0.0178005,0.00160085,0,0.00276116,0.051,2000,10,10,907,912,0,0
fast_gamma_rate,0,fast_gamma_rate=0,recipe:igata_2021_ripples,literature,ripple,interval,median_onset_error,10,0.001197,0.000836552,0.00172096,2.06284e-05,0,0.000119524,1,2000,10,10,890,890,0,0
fast_gamma_rate,0,fast_gamma_rate=0,recipe:jadhav_2016,literature,ripple,interval,median_onset_error,10,-0.00782947,-0.0101766,-0.00516994,0,-0.000203576,0.000233091,1,2000,10,10,596,598,0,0
fast_gamma_rate,0,fast_gamma_rate=0,recipe:ji_2007,literature,burst,interval,median_onset_error,10,0.0161623,0.0130141,0.0195899,-0.00159053,-0.00553816,0.00231726,0.454,2000,10,10,700,685,0,0
fast_gamma_rate,0,fast_gamma_rate=0,recipe:ji_2007_ripples,literature,ripple,interval,median_onset_error,10,-0.0467199,-0.166041,0.00947258,0.00666667,0,0.0173333,0.775264,1989,4,4,5,5,0,0
fast_gamma_rate,0,fast_gamma_rate=0,recipe:kaefer_2020,literature,ripple,interval,median_onset_error,10,-0.159362,-0.177766,-0.0950664,-0.012642,-0.0191856,0,1,2000,7,7,11,11,0,0
fast_gamma_rate,0,fast_gamma_rate=0,recipe:karlsson_2009,literature,ripple,interval,median_onset_error,10,-0.00785217,-0.0099954,-0.00530815,-1.59235e-05,-0.000232836,0,0.984,2000,10,10,738,739,0,0
fast_gamma_rate,0,fast_gamma_rate=0,recipe:krause_2022,literature,network,interval,median_onset_error,10,0.0140137,0.0125222,0.0162237,-0.000415599,-0.0015919,0.00118822,0.735,2000,10,10,678,676,0,0
fast_gamma_rate,0,fast_gamma_rate=0,recipe:krause_2022_hse,literature,burst,interval,median_onset_error,10,-0.0332757,-0.0355595,-0.0302178,-0.000882682,-0.00223361,0.000540244,0.236,2000,10,10,801,801,0,0
fast_gamma_rate,0,fast_gamma_rate=0,recipe:kudrimoti_1999,literature,ripple,interval,median_onset_error,10,0.0318674,0.029584,0.0353648,0,0,0,1,2000,10,10,25,25,0,0
fast_gamma_rate,0,fast_gamma_rate=0,recipe:lee_2002,literature,burst,interval,median_onset_error,10,-0.0433791,-0.0485791,-0.0366052,-0.00507537,-0.00675012,-0.00191198,0,2000,10,10,930,929,0,0
fast_gamma_rate,0,fast_gamma_rate=0,recipe:lee_2002_ripples,literature,ripple,interval,median_onset_error,10,0.0337426,0.0309958,0.0347633,0,0,0,1,2000,10,10,76,76,0,0
fast_gamma_rate,0,fast_gamma_rate=0,recipe:liu_2019,literature,burst,interval,median_onset_error,10,-0.146379,-0.158751,-0.1349,0.00121365,-0.00721293,0.00465451,0.894,2000,10,10,820,825,0,0
fast_gamma_rate,0,fast_gamma_rate=0,recipe:liu_2019_awake,literature,burst,interval,median_onset_error,10,-0.146379,-0.158751,-0.1349,0.00121365,-0.00721293,0.00465451,0.894,2000,10,10,820,825,0,0
fast_gamma_rate,0,fast_gamma_rate=0,recipe:liu_2023,literature,network,interval,median_onset_error,10,-0.00694023,-0.0087545,-0.00431257,0.000245552,-0.000828526,0.00417885,0.538,2000,10,10,468,470,0,0
fast_gamma_rate,0,fast_gamma_rate=0,recipe:maboudi_2018,literature,burst,interval,median_onset_error,10,-0.0338643,-0.0363266,-0.030189,-0.00132586,-0.00233983,0.000747632,0.254,2000,10,10,783,775,0,0
fast_gamma_rate,0,fast_gamma_rate=0,recipe:maboudi_2018_open_field,literature,burst,interval,median_onset_error,10,-0.00168393,-0.00332574,-1.54792e-05,0.00101363,-0.000429821,0.001497,0.171,2000,10,10,719,721,0,0
fast_gamma_rate,0,fast_gamma_rate=0,recipe:mallory_2025,literature,burst,interval,median_onset_error,10,-0.0163449,-0.0188828,-0.0149872,-0.000771025,-0.00193862,0.000272311,0.166,2000,10,10,745,743,0,0
fast_gamma_rate,0,fast_gamma_rate=0,recipe:mallory_2025_ripples,literature,ripple,interval,median_onset_error,10,-0.0170816,-0.0195671,-0.014292,-4.20568e-05,-0.000622896,0,0.484,2000,10,10,703,704,0,0
fast_gamma_rate,0,fast_gamma_rate=0,recipe:michon_2019,literature,network,interval,median_onset_error,10,-0.000685176,-0.00304837,0.000894676,0.000969132,-0.000878955,0.00220893,0.381,2000,10,10,270,273,0,0
fast_gamma_rate,0,fast_gamma_rate=0,recipe:michon_2021,literature,network,interval,median_onset_error,10,-0.000685176,-0.00304837,0.000894676,0.000969132,-0.000878955,0.00220893,0.381,2000,10,10,270,273,0,0
fast_gamma_rate,0,fast_gamma_rate=0,recipe:mou_2022,literature,burst,interval,median_onset_error,10,-0.0428725,-0.0514803,-0.0387693,0.00342502,-0.000782182,0.00933035,0.18,2000,10,10,820,838,0,0
fast_gamma_rate,0,fast_gamma_rate=0,recipe:muessig_2019,literature,network,interval,median_onset_error,10,0.0249849,0.0184957,0.029624,-0.00126486,-0.00542417,0.00375905,0.684,2000,10,10,107,116,0,0
fast_gamma_rate,0,fast_gamma_rate=0,recipe:muessig_2019_ripples,literature,ripple,interval,median_onset_error,10,-0.00857878,-0.0108431,-0.00396762,-7.33271e-05,-0.000764039,0,0.764,2000,10,10,892,893,0,0
fast_gamma_rate,0,fast_gamma_rate=0,recipe:nadasdy_1999,literature,ripple,interval,median_onset_error,10,0.00490524,0.00428016,0.00553886,5.75577e-06,-6.803e-05,0.000147591,1,2000,10,10,470,471,0,0
fast_gamma_rate,0,fast_gamma_rate=0,recipe:olafsdottir_2015,literature,burst,interval,median_onset_error,10,0.0053792,0.00214074,0.00656289,3.65679e-05,-0.00170186,0.000603584,0.593,2000,10,10,664,662,0,0
fast_gamma_rate,0,fast_gamma_rate=0,recipe:olafsdottir_2015.bayesian_candidates,literature,burst,interval,median_onset_error,10,0.00517847,0.00213916,0.00631495,0.000292471,-0.00103895,0.00101407,0.906,2000,10,10,607,599,0,0
fast_gamma_rate,0,fast_gamma_rate=0,recipe:olafsdottir_2016,literature,burst,interval,median_onset_error,10,0.0107486,0.00815363,0.0122499,-0.000367404,-0.00136068,0.00121613,0.581,2000,10,10,555,558,0,0
fast_gamma_rate,0,fast_gamma_rate=0,recipe:olafsdottir_2017,literature,burst,interval,median_onset_error,10,0.0123994,0.0109294,0.0136107,0.00019459,-0.00118852,0.00141447,0.989,2000,10,10,739,744,0,0
fast_gamma_rate,0,fast_gamma_rate=0,recipe:olafsdottir_2017.trajectory,literature,burst,interval,median_onset_error,10,0.0107486,0.00815363,0.0122499,-0.000367404,-0.00136068,0.00121613,0.581,2000,10,10,555,558,0,0
fast_gamma_rate,0,fast_gamma_rate=0,recipe:pfeiffer_2013,literature,burst,interval,median_onset_error,10,-0.00168393,-0.00332574,-1.54792e-05,0.00101363,-0.000429821,0.001497,0.171,2000,10,10,719,721,0,0
fast_gamma_rate,0,fast_gamma_rate=0,recipe:pfeiffer_2013_ripples,literature,ripple,interval,median_onset_error,10,-0.015793,-0.0178301,-0.0142493,-5.00355e-05,-0.000508792,3.8034e-05,0.38,2000,10,10,741,743,0,0
fast_gamma_rate,0,fast_gamma_rate=0,recipe:pfeiffer_2015,literature,ripple,interval,median_onset_error,10,-0.015793,-0.0178301,-0.0142493,-5.00355e-05,-0.000508792,3.8034e-05,0.38,2000,10,10,741,743,0,0
fast_gamma_rate,0,fast_gamma_rate=0,recipe:shin_2019,literature,ripple,interval,median_onset_error,10,-0.00785217,-0.0099954,-0.00530815,-1.59235e-05,-0.000232836,0,0.984,2000,10,10,738,739,0,0
fast_gamma_rate,0,fast_gamma_rate=0,recipe:silva_2015,literature,burst,interval,median_onset_error,10,-0.0122753,-0.0141545,-0.0105715,-6.10622e-05,-0.00163914,0.0018807,0.831,2000,10,10,612,606,0,0
fast_gamma_rate,0,fast_gamma_rate=0,recipe:stella_2019,literature,ripple,interval,median_onset_error,10,0.0108724,0.0100663,0.012097,3.73998e-05,-0.000147952,0.000394473,0.783,2000,10,10,681,680,0,0
fast_gamma_rate,0,fast_gamma_rate=0,recipe:tang_2017,literature,ripple,interval,median_onset_error,10,-0.00785217,-0.0099954,-0.00530815,-1.59235e-05,-0.000232836,0,0.984,2000,10,10,738,739,0,0
fast_gamma_rate,0,fast_gamma_rate=0,recipe:tirole_2022,literature,network,interval,median_onset_error,10,-0.0147947,-0.0172862,-0.0134472,-0.000424682,-0.00190615,0.00132017,0.602,2000,10,10,561,557,0,0
fast_gamma_rate,0,fast_gamma_rate=0,recipe:widloski_2025,literature,ripple,interval,median_onset_error,10,-0.168182,-0.181935,-0.161045,4.44598e-05,-0.00242751,0.000992019,0.968,2000,10,10,517,518,0,0
fast_gamma_rate,0,fast_gamma_rate=0,recipe:widloski_2025_bursts,literature,burst,interval,median_onset_error,10,-0.167699,-0.17868,-0.156733,0.000874148,-0.00650096,0.00492617,0.978,2000,10,10,525,518,0,0
fast_gamma_rate,0,fast_gamma_rate=0,recipe:wikenheiser_2013,literature,ripple,interval,median_onset_error,10,-0.142581,-0.171416,-0.124707,0.00381249,-0.0028284,0.00932917,0.325,2000,10,10,847,849,0,0
fast_gamma_rate,0,fast_gamma_rate=0,recipe:wu_2014,literature,burst,interval,median_onset_error,10,-0.0171002,-0.0198329,-0.0143593,-0.000744056,-0.00193424,0.000306252,0.229,2000,10,10,850,844,0,0
fast_gamma_rate,0,fast_gamma_rate=0,recipe:wu_2017,literature,burst,interval,median_onset_error,10,0.012626,0.0103286,0.0159702,0.000868931,-0.00112313,0.0032137,0.381,2000,10,10,514,523,0,0
fast_gamma_rate,0,fast_gamma_rate=0,recipe:xu_2019,literature,burst,interval,median_onset_error,10,-0.00901351,-0.0139797,-0.00429683,-0.00127245,-0.004728,0.00077886,0.276,2000,10,10,735,731,0,0
fast_gamma_rate,0,fast_gamma_rate=0,recipe:yamamoto_2017,literature,network,interval,median_onset_error,10,0.0293473,0.0269144,0.031641,-0.000129396,-0.00231804,0.00218076,0.853,2000,10,10,598,612,0,0
fast_gamma_rate,0,fast_gamma_rate=0,recipe:yang_2024,literature,network,interval,median_onset_error,10,-0.0137732,-0.017087,-0.0112745,6.21754e-05,-0.00126901,0.00187915,0.713,2000,10,10,454,454,0,0
fast_gamma_rate,reference,reference,Carey_candidate_detector,default,network,interval,median_onset_error,10,0.0023104,0.00123107,0.00399637,0,0,0,1,2000,10,10,891,891,0,0
fast_gamma_rate,reference,reference,Karlsson_ripple_detector,default,ripple,interval,median_onset_error,10,-0.00783625,-0.0099954,-0.00540774,0,0,0,1,2000,10,10,739,739,0,0
fast_gamma_rate,reference,reference,Kay_ripple_detector,default,ripple,interval,median_onset_error,10,0.000728616,-0.000438561,0.00163915,0,0,0,1,2000,10,10,844,844,0,0
fast_gamma_rate,reference,reference,Long_sharp_wave_ripple_detector,default,ripple,interval,median_onset_error,10,0.0121998,0.010706,0.0136956,0,0,0,1,2000,10,10,704,704,0,0
fast_gamma_rate,reference,reference,Roumis_ripple_detector,default,ripple,interval,median_onset_error,10,0.000534876,-0.000645838,0.00161769,0,0,0,1,2000,10,10,845,845,0,0
fast_gamma_rate,reference,reference,Shvartsman_ripple_detector,default,ripple,interval,median_onset_error,10,-0.00962531,-0.0115123,-0.00686953,0,0,0,1,2000,10,10,677,677,0,0
fast_gamma_rate,reference,reference,Yu_ripple_detector,default,ripple,interval,median_onset_error,10,0.00170934,0.000880944,0.00241474,0,0,0,1,2000,10,10,865,865,0,0
fast_gamma_rate,reference,reference,Zugaro_ripple_detector,default,ripple,interval,median_onset_error,10,0.0139065,0.0128742,0.0155587,0,0,0,1,2000,10,10,689,689,0,0
fast_gamma_rate,reference,reference,multiunit_HSE_detector,default,burst,interval,median_onset_error,10,-0.0215494,-0.0233774,-0.0202821,0,0,0,1,2000,10,10,911,911,0,0
fast_gamma_rate,reference,reference,recipe:ambrose_2016,literature,ripple,interval,median_onset_error,10,-0.015743,-0.0177555,-0.0142967,0,0,0,1,2000,10,10,743,743,0,0
fast_gamma_rate,reference,reference,recipe:bendor_2012,literature,burst,interval,median_onset_error,10,0.011512,0.0104613,0.0123958,0,0,0,1,2000,10,10,655,655,0,0
fast_gamma_rate,reference,reference,recipe:berners_lee_2021,literature,ripple,interval,median_onset_error,10,-0.0155589,-0.0173479,-0.0133744,0,0,0,1,2000,10,10,806,806,0,0
fast_gamma_rate,reference,reference,recipe:berners_lee_2022,literature,burst,interval,median_onset_error,10,-0.0130479,-0.0159764,-0.0103579,0,0,0,1,2000,10,10,668,668,0,0
fast_gamma_rate,reference,reference,recipe:bhattarai_2020,literature,network,interval,median_onset_error,10,-0.0831288,-0.0969635,-0.0720238,0,0,0,1,2000,10,10,418,418,0,0
fast_gamma_rate,reference,reference,recipe:bhattarai_2020_ripples,literature,ripple,interval,median_onset_error,10,0.00150574,0.00025049,0.00309676,0,0,0,1,2000,10,10,474,474,0,0
fast_gamma_rate,reference,reference,recipe:bush_2022,literature,burst,interval,median_onset_error,10,0.000963743,-0.000634348,0.00233178,0,0,0,1,2000,10,10,617,617,0,0
fast_gamma_rate,reference,reference,recipe:carey_2019,literature,network,interval,median_onset_error,10,0.0127066,0.0112533,0.0135894,0,0,0,1,2000,10,10,900,900,0,0
fast_gamma_rate,reference,reference,recipe:carr_2012,literature,ripple,interval,median_onset_error,10,-0.00783625,-0.0099954,-0.00540774,0,0,0,1,2000,10,10,739,739,0,0
fast_gamma_rate,reference,reference,recipe:chenani_2019,literature,burst,interval,median_onset_error,10,-0.0188819,-0.021828,-0.0175617,0,0,0,1,2000,10,10,671,671,0,0
fast_gamma_rate,reference,reference,recipe:davidson_2009,literature,burst,interval,median_onset_error,10,-0.0208446,-0.0222665,-0.0193016,0,0,0,1,2000,10,10,784,784,0,0
fast_gamma_rate,reference,reference,recipe:denovellis_2021,literature,ripple,interval,median_onset_error,10,0.00103708,7.44804e-05,0.00199106,0,0,0,1,2000,10,10,845,845,0,0
fast_gamma_rate,reference,reference,recipe:denovellis_2021_mua,literature,burst,interval,median_onset_error,10,-0.0216321,-0.0237751,-0.0199833,0,0,0,1,2000,10,10,910,910,0,0
fast_gamma_rate,reference,reference,recipe:diba_2007,literature,burst,interval,median_onset_error,10,-0.0727517,-0.099299,-0.0577457,0,0,0,1,2000,10,10,251,251,0,0
fast_gamma_rate,reference,reference,recipe:drieu_2018,literature,burst,interval,median_onset_error,10,-0.00404978,-0.00568393,-0.00285607,0,0,0,1,2000,10,10,769,769,0,0
fast_gamma_rate,reference,reference,recipe:farooq_2019_neuron,literature,burst,interval,median_onset_error,10,0.0114778,0.00791052,0.0138605,0,0,0,1,2000,10,10,274,274,0,0
fast_gamma_rate,reference,reference,recipe:farooq_2019_science,literature,burst,interval,median_onset_error,10,0.0114778,0.0079113,0.0138605,0,0,0,1,2000,10,10,272,272,0,0
fast_gamma_rate,reference,reference,recipe:farooq_2019_science_awake,literature,burst,interval,median_onset_error,10,0.0114778,0.0079113,0.0138605,0,0,0,1,2000,10,10,272,272,0,0
fast_gamma_rate,reference,reference,recipe:foster_2006,literature,burst,interval,median_onset_error,10,-0.00603709,-0.0101548,0.00259616,0,0,0,1,2000,10,10,145,145,0,0
fast_gamma_rate,reference,reference,recipe:foster_2006_ripples,literature,ripple,interval,median_onset_error,10,0.0337426,0.0309958,0.0347633,0,0,0,1,2000,10,10,76,76,0,0
fast_gamma_rate,reference,reference,recipe:gillespie_2021,literature,ripple,interval,median_onset_error,10,0.000728616,-0.000438561,0.00163915,0,0,0,1,2000,10,10,844,844,0,0
fast_gamma_rate,reference,reference,recipe:gillespie_2021_mua,literature,burst,interval,median_onset_error,10,-0.0208446,-0.0224039,-0.0192365,0,0,0,1,2000,10,10,804,804,0,0
fast_gamma_rate,reference,reference,recipe:gridchyn_2020,literature,burst,interval,median_onset_error,10,0.0114932,0.00973624,0.0128004,0,0,0,1,2000,10,10,872,872,0,0
fast_gamma_rate,reference,reference,recipe:grosmark_2016,literature,network,interval,median_onset_error,10,-0.0138354,-0.0183971,-0.0119283,0,0,0,1,2000,10,10,454,454,0,0
fast_gamma_rate,reference,reference,recipe:gupta_2010,literature,ripple,interval,median_onset_error,10,0.000649468,-0.000516766,0.00149165,0,0,0,1,2000,10,10,816,816,0,0
fast_gamma_rate,reference,reference,recipe:harvey_2023_code,literature,ripple,interval,median_onset_error,10,0.0134081,0.0119995,0.0157787,0,0,0,1,2000,10,10,575,575,0,0
fast_gamma_rate,reference,reference,recipe:harvey_2023_no_radiatum,literature,ripple,interval,median_onset_error,10,2.11699e-05,-0.00315594,0.00152412,0,0,0,1,2000,10,10,609,609,0,0
fast_gamma_rate,reference,reference,recipe:harvey_2023_text,literature,ripple,interval,median_onset_error,10,0.0143671,0.0133529,0.0152102,0,0,0,1,2000,10,10,617,617,0,0
fast_gamma_rate,reference,reference,recipe:huelin_gorriz_2023,literature,network,interval,median_onset_error,10,-0.01437,-0.0172593,-0.0127015,0,0,0,1,2000,10,10,557,557,0,0
fast_gamma_rate,reference,reference,recipe:igata_2021,literature,burst,interval,median_onset_error,10,-0.0208446,-0.0230458,-0.0189872,0,0,0,1,2000,10,10,912,912,0,0
fast_gamma_rate,reference,reference,recipe:igata_2021_ripples,literature,ripple,interval,median_onset_error,10,0.00117637,0.000836552,0.00170338,0,0,0,1,2000,10,10,890,890,0,0
fast_gamma_rate,reference,reference,recipe:jadhav_2016,literature,ripple,interval,median_onset_error,10,-0.00782947,-0.0101123,-0.00525858,0,0,0,1,2000,10,10,598,598,0,0
fast_gamma_rate,reference,reference,recipe:ji_2007,literature,burst,interval,median_onset_error,10,0.0177528,0.0144042,0.0203139,0,0,0,1,2000,10,10,685,685,0,0
fast_gamma_rate,reference,reference,recipe:ji_2007_ripples,literature,ripple,interval,median_onset_error,10,-0.0533866,-0.183374,0.00947258,0,0,0,1,1989,4,4,5,5,0,0
fast_gamma_rate,reference,reference,recipe:kaefer_2020,literature,ripple,interval,median_onset_error,10,-0.14672,-0.177766,-0.0950664,0,0,0,1,2000,7,7,11,11,0,0
fast_gamma_rate,reference,reference,recipe:karlsson_2009,literature,ripple,interval,median_onset_error,10,-0.00783625,-0.0099954,-0.00540774,0,0,0,1,2000,10,10,739,739,0,0
fast_gamma_rate,reference,reference,recipe:krause_2022,literature,network,interval,median_onset_error,10,0.0144293,0.0122692,0.0163226,0,0,0,1,2000,10,10,676,676,0,0
fast_gamma_rate,reference,reference,recipe:krause_2022_hse,literature,burst,interval,median_onset_error,10,-0.0323931,-0.0346551,-0.0290887,0,0,0,1,2000,10,10,801,801,0,0
fast_gamma_rate,reference,reference,recipe:kudrimoti_1999,literature,ripple,interval,median_onset_error,10,0.0318674,0.029584,0.0353648,0,0,0,1,2000,10,10,25,25,0,0
fast_gamma_rate,reference,reference,recipe:lee_2002,literature,burst,interval,median_onset_error,10,-0.0383037,-0.0457685,-0.0332465,0,0,0,1,2000,10,10,929,929,0,0
fast_gamma_rate,reference,reference,recipe:lee_2002_ripples,literature,ripple,interval,median_onset_error,10,0.0337426,0.0309958,0.0347633,0,0,0,1,2000,10,10,76,76,0,0
fast_gamma_rate,reference,reference,recipe:liu_2019,literature,burst,interval,median_onset_error,10,-0.147592,-0.157828,-0.132624,0,0,0,1,2000,10,10,825,825,0,0
fast_gamma_rate,reference,reference,recipe:liu_2019_awake,literature,burst,interval,median_onset_error,10,-0.147592,-0.157828,-0.132624,0,0,0,1,2000,10,10,825,825,0,0
fast_gamma_rate,reference,reference,recipe:liu_2023,literature,network,interval,median_onset_error,10,-0.00718578,-0.010088,-0.00536157,0,0,0,1,2000,10,10,470,470,0,0
fast_gamma_rate,reference,reference,recipe:maboudi_2018,literature,burst,interval,median_onset_error,10,-0.0325385,-0.0350644,-0.0294038,0,0,0,1,2000,10,10,775,775,0,0
fast_gamma_rate,reference,reference,recipe:maboudi_2018_open_field,literature,burst,interval,median_onset_error,10,-0.00269756,-0.00399852,-8.80208e-05,0,0,0,1,2000,10,10,721,721,0,0
fast_gamma_rate,reference,reference,recipe:mallory_2025,literature,burst,interval,median_onset_error,10,-0.0155739,-0.0176664,-0.0144297,0,0,0,1,2000,10,10,743,743,0,0
fast_gamma_rate,reference,reference,recipe:mallory_2025_ripples,literature,ripple,interval,median_onset_error,10,-0.0170396,-0.0193004,-0.0142674,0,0,0,1,2000,10,10,704,704,0,0
fast_gamma_rate,reference,reference,recipe:michon_2019,literature,network,interval,median_onset_error,10,-0.00165431,-0.00362832,0.000536935,0,0,0,1,2000,10,10,273,273,0,0
fast_gamma_rate,reference,reference,recipe:michon_2021,literature,network,interval,median_onset_error,10,-0.00165431,-0.00362832,0.000536935,0,0,0,1,2000,10,10,273,273,0,0
fast_gamma_rate,reference,reference,recipe:mou_2022,literature,burst,interval,median_onset_error,10,-0.0462975,-0.0555394,-0.0401892,0,0,0,1,2000,10,10,838,838,0,0
fast_gamma_rate,reference,reference,recipe:muessig_2019,literature,network,interval,median_onset_error,10,0.0262498,0.0215342,0.0309892,0,0,0,1,2000,10,10,116,116,0,0
fast_gamma_rate,reference,reference,recipe:muessig_2019_ripples,literature,ripple,interval,median_onset_error,10,-0.00850545,-0.0108126,-0.00392214,0,0,0,1,2000,10,10,893,893,0,0
fast_gamma_rate,reference,reference,recipe:nadasdy_1999,literature,ripple,interval,median_onset_error,10,0.00489948,0.00428016,0.00549517,0,0,0,1,2000,10,10,471,471,0,0
fast_gamma_rate,reference,reference,recipe:olafsdottir_2015,literature,burst,interval,median_onset_error,10,0.00534263,0.00360919,0.00774539,0,0,0,1,2000,10,10,662,662,0,0
fast_gamma_rate,reference,reference,recipe:olafsdottir_2015.bayesian_candidates,literature,burst,interval,median_onset_error,10,0.004886,0.00284124,0.00630589,0,0,0,1,2000,10,10,599,599,0,0
fast_gamma_rate,reference,reference,recipe:olafsdottir_2016,literature,burst,interval,median_onset_error,10,0.011116,0.00799637,0.0127389,0,0,0,1,2000,10,10,558,558,0,0
fast_gamma_rate,reference,reference,recipe:olafsdottir_2017,literature,burst,interval,median_onset_error,10,0.0122048,0.0108757,0.0136994,0,0,0,1,2000,10,10,744,744,0,0
fast_gamma_rate,reference,reference,recipe:olafsdottir_2017.trajectory,literature,burst,interval,median_onset_error,10,0.011116,0.00799637,0.0127389,0,0,0,1,2000,10,10,558,558,0,0
fast_gamma_rate,reference,reference,recipe:pfeiffer_2013,literature,burst,interval,median_onset_error,10,-0.00269756,-0.00399852,-8.80208e-05,0,0,0,1,2000,10,10,721,721,0,0
fast_gamma_rate,reference,reference,recipe:pfeiffer_2013_ripples,literature,ripple,interval,median_onset_error,10,-0.015743,-0.0177555,-0.0142967,0,0,0,1,2000,10,10,743,743,0,0
fast_gamma_rate,reference,reference,recipe:pfeiffer_2015,literature,ripple,interval,median_onset_error,10,-0.015743,-0.0177555,-0.0142967,0,0,0,1,2000,10,10,743,743,0,0
fast_gamma_rate,reference,reference,recipe:shin_2019,literature,ripple,interval,median_onset_error,10,-0.00783625,-0.0099954,-0.00540774,0,0,0,1,2000,10,10,739,739,0,0
fast_gamma_rate,reference,reference,recipe:silva_2015,literature,burst,interval,median_onset_error,10,-0.0122142,-0.0153682,-0.0101496,0,0,0,1,2000,10,10,606,606,0,0
fast_gamma_rate,reference,reference,recipe:stella_2019,literature,ripple,interval,median_onset_error,10,0.010835,0.0100663,0.0120394,0,0,0,1,2000,10,10,680,680,0,0
fast_gamma_rate,reference,reference,recipe:tang_2017,literature,ripple,interval,median_onset_error,10,-0.00783625,-0.0099954,-0.00540774,0,0,0,1,2000,10,10,739,739,0,0
fast_gamma_rate,reference,reference,recipe:tirole_2022,literature,network,interval,median_onset_error,10,-0.01437,-0.0172593,-0.0127015,0,0,0,1,2000,10,10,557,557,0,0
fast_gamma_rate,reference,reference,recipe:widloski_2025,literature,ripple,interval,median_onset_error,10,-0.168227,-0.180008,-0.160493,0,0,0,1,2000,10,10,518,518,0,0
fast_gamma_rate,reference,reference,recipe:widloski_2025_bursts,literature,burst,interval,median_onset_error,10,-0.168573,-0.174543,-0.15673,0,0,0,1,2000,10,10,518,518,0,0
fast_gamma_rate,reference,reference,recipe:wikenheiser_2013,literature,ripple,interval,median_onset_error,10,-0.146394,-0.172799,-0.130138,0,0,0,1,2000,10,10,849,849,0,0
fast_gamma_rate,reference,reference,recipe:wu_2014,literature,burst,interval,median_onset_error,10,-0.0163562,-0.018528,-0.014373,0,0,0,1,2000,10,10,844,844,0,0
fast_gamma_rate,reference,reference,recipe:wu_2017,literature,burst,interval,median_onset_error,10,0.0117571,0.00916774,0.0144137,0,0,0,1,2000,10,10,523,523,0,0
fast_gamma_rate,reference,reference,recipe:xu_2019,literature,burst,interval,median_onset_error,10,-0.00774106,-0.0101589,-0.00488211,0,0,0,1,2000,10,10,731,731,0,0
fast_gamma_rate,reference,reference,recipe:yamamoto_2017,literature,network,interval,median_onset_error,10,0.0294767,0.0276603,0.0314484,0,0,0,1,2000,10,10,612,612,0,0
fast_gamma_rate,reference,reference,recipe:yang_2024,literature,network,interval,median_onset_error,10,-0.0138354,-0.0183971,-0.0119283,0,0,0,1,2000,10,10,454,454,0,0
fast_gamma_rate,6,fast_gamma_rate=6,Carey_candidate_detector,default,network,interval,median_onset_error,10,0.00224867,0.00143151,0.0036369,-6.17377e-05,-0.000889802,0.000626167,0.933,2000,10,10,886,891,0,0
fast_gamma_rate,6,fast_gamma_rate=6,Karlsson_ripple_detector,default,ripple,interval,median_onset_error,10,-0.00783625,-0.0099954,-0.00529149,0,0,9.16378e-09,1,2000,10,10,739,739,0,0
fast_gamma_rate,6,fast_gamma_rate=6,Kay_ripple_detector,default,ripple,interval,median_onset_error,10,0.000728616,-0.000438561,0.00158382,0,-7.0928e-05,0,1,2000,10,10,844,844,0,0
fast_gamma_rate,6,fast_gamma_rate=6,Long_sharp_wave_ripple_detector,default,ripple,interval,median_onset_error,10,0.0121998,0.010706,0.0136956,0,0,0,1,2000,10,10,704,704,0,0
fast_gamma_rate,6,fast_gamma_rate=6,Roumis_ripple_detector,default,ripple,interval,median_onset_error,10,0.000534876,-0.000645838,0.0015844,0,-8.94489e-05,0,1,2000,10,10,845,845,0,0
fast_gamma_rate,6,fast_gamma_rate=6,Shvartsman_ripple_detector,default,ripple,interval,median_onset_error,10,-0.00963181,-0.0115167,-0.00694517,-6.49704e-06,-0.000295977,0,1,2000,10,10,676,677,0,0
fast_gamma_rate,6,fast_gamma_rate=6,Yu_ripple_detector,default,ripple,interval,median_onset_error,10,0.00170934,0.000880944,0.00241474,0,0,0,1,2000,10,10,865,865,0,0
fast_gamma_rate,6,fast_gamma_rate=6,Zugaro_ripple_detector,default,ripple,interval,median_onset_error,10,0.0138869,0.0131346,0.015551,-1.95806e-05,-0.000314287,0.000385942,1,2000,10,10,686,689,0,0
fast_gamma_rate,6,fast_gamma_rate=6,multiunit_HSE_detector,default,burst,interval,median_onset_error,10,-0.0208662,-0.0243386,-0.0189659,0.000683213,-0.00122797,0.00208496,0.774,2000,10,10,906,911,0,0
fast_gamma_rate,6,fast_gamma_rate=6,recipe:ambrose_2016,literature,ripple,interval,median_onset_error,10,-0.015793,-0.0177964,-0.0143216,-5.00355e-05,-0.000386145,0,0.852,2000,10,10,743,743,0,0
fast_gamma_rate,6,fast_gamma_rate=6,recipe:bendor_2012,literature,burst,interval,median_onset_error,10,0.0117594,0.0102367,0.0125959,0.00024741,-0.00110258,0.00127437,0.551,2000,10,10,661,655,0,0
fast_gamma_rate,6,fast_gamma_rate=6,recipe:berners_lee_2021,literature,ripple,interval,median_onset_error,10,-0.0156968,-0.0175317,-0.0135822,-0.000137922,-0.0003553,0,0.631,2000,10,10,806,806,0,0
fast_gamma_rate,6,fast_gamma_rate=6,recipe:berners_lee_2022,literature,burst,interval,median_onset_error,10,-0.0132207,-0.0157512,-0.0104106,-0.000172735,-0.00155833,0.00149697,0.907,2000,10,10,670,668,0,0
fast_gamma_rate,6,fast_gamma_rate=6,recipe:bhattarai_2020,literature,network,interval,median_onset_error,10,-0.082145,-0.0961915,-0.0734619,0.000983806,-0.00725268,0.00869641,0.964,2000,10,10,405,418,0,0
fast_gamma_rate,6,fast_gamma_rate=6,recipe:bhattarai_2020_ripples,literature,ripple,interval,median_onset_error,10,0.00166312,0.00025049,0.00330409,0.000157378,-0.000184404,0.000753604,0.4,2000,10,10,466,474,0,0
fast_gamma_rate,6,fast_gamma_rate=6,recipe:bush_2022,literature,burst,interval,median_onset_error,10,0.00169613,0.000689528,0.00368904,0.000732388,-8.86648e-05,0.00253127,0.088,2000,10,10,617,617,0,0
fast_gamma_rate,6,fast_gamma_rate=6,recipe:carey_2019,literature,network,interval,median_onset_error,10,0.0126351,0.0117316,0.0136447,-7.15047e-05,-0.000512987,0.000665478,0.916,2000,10,10,899,900,0,0
fast_gamma_rate,6,fast_gamma_rate=6,recipe:carr_2012,literature,ripple,interval,median_onset_error,10,-0.00783625,-0.0099954,-0.00529149,0,0,9.16378e-09,1,2000,10,10,739,739,0,0
fast_gamma_rate,6,fast_gamma_rate=6,recipe:chenani_2019,literature,burst,interval,median_onset_error,10,-0.0189266,-0.0211948,-0.0172874,-4.47122e-05,-0.000910869,0.00147677,0.91,2000,10,10,679,671,0,0
fast_gamma_rate,6,fast_gamma_rate=6,recipe:davidson_2009,literature,burst,interval,median_onset_error,10,-0.020648,-0.0236065,-0.0189375,0.00019653,-0.00228396,0.00186427,0.857,2000,10,10,790,784,0,0
fast_gamma_rate,6,fast_gamma_rate=6,recipe:denovellis_2021,literature,ripple,interval,median_onset_error,10,0.00103708,7.44804e-05,0.00199106,0,0,0,1,2000,10,10,845,845,0,0
fast_gamma_rate,6,fast_gamma_rate=6,recipe:denovellis_2021_mua,literature,burst,interval,median_onset_error,10,-0.020895,-0.0243396,-0.018933,0.000737134,-0.00149406,0.00201918,0.721,2000,10,10,907,910,0,0
fast_gamma_rate,6,fast_gamma_rate=6,recipe:diba_2007,literature,burst,interval,median_onset_error,10,-0.0745417,-0.0932365,-0.0610798,-0.00179002,-0.00946758,0.00882628,0.786,2000,10,10,249,251,0,0
fast_gamma_rate,6,fast_gamma_rate=6,recipe:drieu_2018,literature,burst,interval,median_onset_error,10,-0.00420994,-0.00517637,-0.003334,-0.000160153,-0.00107361,0.0010449,0.848,2000,10,10,774,769,0,0
fast_gamma_rate,6,fast_gamma_rate=6,recipe:farooq_2019_neuron,literature,burst,interval,median_onset_error,10,0.0119073,0.00847722,0.0143823,0.00042957,-0.00162577,0.00299079,0.571,2000,10,10,292,274,0,0
fast_gamma_rate,6,fast_gamma_rate=6,recipe:farooq_2019_science,literature,burst,interval,median_onset_error,10,0.0115666,0.00847722,0.0141352,8.8838e-05,-0.00170818,0.00265059,0.767,2000,10,10,288,272,0,0
fast_gamma_rate,6,fast_gamma_rate=6,recipe:farooq_2019_science_awake,literature,burst,interval,median_onset_error,10,0.0115666,0.00847722,0.0141352,8.8838e-05,-0.00170818,0.00265059,0.767,2000,10,10,288,272,0,0
fast_gamma_rate,6,fast_gamma_rate=6,recipe:foster_2006,literature,burst,interval,median_onset_error,10,-0.00504837,-0.012061,0.00231747,0.000988722,-0.00348711,0.00425534,0.849,2000,10,10,145,145,0,0
fast_gamma_rate,6,fast_gamma_rate=6,recipe:foster_2006_ripples,literature,ripple,interval,median_onset_error,10,0.0336311,0.0302051,0.0347633,-0.000111478,-0.00116183,0,1,2000,10,10,77,76,0,0
fast_gamma_rate,6,fast_gamma_rate=6,recipe:gillespie_2021,literature,ripple,interval,median_onset_error,10,0.000728616,-0.000438561,0.00158382,0,-7.0928e-05,0,1,2000,10,10,844,844,0,0
fast_gamma_rate,6,fast_gamma_rate=6,recipe:gillespie_2021_mua,literature,burst,interval,median_onset_error,10,-0.020648,-0.0238868,-0.0182948,0.00019653,-0.00192681,0.00189758,0.903,2000,10,10,812,804,0,0
fast_gamma_rate,6,fast_gamma_rate=6,recipe:gridchyn_2020,literature,burst,interval,median_onset_error,10,0.0126084,0.0112957,0.0138547,0.00111521,0.00014765,0.00223883,0.029,2000,10,10,884,872,0,0
fast_gamma_rate,6,fast_gamma_rate=6,recipe:grosmark_2016,literature,network,interval,median_onset_error,10,-0.013652,-0.0161528,-0.0105652,0.000183412,-0.00118298,0.00313316,0.669,2000,10,10,454,454,0,0
fast_gamma_rate,6,fast_gamma_rate=6,recipe:gupta_2010,literature,ripple,interval,median_onset_error,10,0.000649468,-0.00052455,0.00149165,0,-0.000206148,0.000205541,1,2000,10,10,816,816,0,0
fast_gamma_rate,6,fast_gamma_rate=6,recipe:harvey_2023_code,literature,ripple,interval,median_onset_error,10,0.0133168,0.0118993,0.0160052,-9.12825e-05,-0.000528946,0.000481534,0.825,2000,10,10,580,575,0,0
fast_gamma_rate,6,fast_gamma_rate=6,recipe:harvey_2023_no_radiatum,literature,ripple,interval,median_onset_error,10,-0.000811237,-0.00502597,0.00158055,-0.000832407,-0.0029051,0.000536735,0.418,2000,10,10,625,609,0,0
fast_gamma_rate,6,fast_gamma_rate=6,recipe:harvey_2023_text,literature,ripple,interval,median_onset_error,10,0.0143671,0.0132972,0.015118,0,-0.000256092,0.000194129,0.985,2000,10,10,615,617,0,0
fast_gamma_rate,6,fast_gamma_rate=6,recipe:huelin_gorriz_2023,literature,network,interval,median_onset_error,10,-0.0147594,-0.0167808,-0.0125665,-0.000389381,-0.00174547,0.00189723,0.807,2000,10,10,558,557,0,0
fast_gamma_rate,6,fast_gamma_rate=6,recipe:igata_2021,literature,burst,interval,median_onset_error,10,-0.0202633,-0.0235266,-0.0185984,0.000581298,-0.00111766,0.00187813,0.719,2000,10,10,910,912,0,0
fast_gamma_rate,6,fast_gamma_rate=6,recipe:igata_2021_ripples,literature,ripple,interval,median_onset_error,10,0.00115928,0.00081756,0.00163973,-1.70924e-05,-0.000140586,0,0.851,2000,10,10,890,890,0,0
fast_gamma_rate,6,fast_gamma_rate=6,recipe:jadhav_2016,literature,ripple,interval,median_onset_error,10,-0.00782947,-0.0101123,-0.00520384,0,-0.000202084,0.000232836,1,2000,10,10,596,598,0,0
fast_gamma_rate,6,fast_gamma_rate=6,recipe:ji_2007,literature,burst,interval,median_onset_error,10,0.0156975,0.0135964,0.0183236,-0.00205537,-0.00444832,0.000555453,0.136,2000,10,10,709,685,0,0
fast_gamma_rate,6,fast_gamma_rate=6,recipe:ji_2007_ripples,literature,ripple,interval,median_onset_error,10,-0.0540533,-0.172708,0.00947258,-0.000666667,-0.000666667,0.0106667,1,1989,4,4,5,5,0,0
fast_gamma_rate,6,fast_gamma_rate=6,recipe:kaefer_2020,literature,ripple,interval,median_onset_error,10,-0.14672,-0.177766,-0.0950664,0,0,0,1,2000,7,7,11,11,0,0
fast_gamma_rate,6,fast_gamma_rate=6,recipe:karlsson_2009,literature,ripple,interval,median_onset_error,10,-0.00783625,-0.0099954,-0.00529149,0,0,9.16378e-09,1,2000,10,10,739,739,0,0
fast_gamma_rate,6,fast_gamma_rate=6,recipe:krause_2022,literature,network,interval,median_onset_error,10,0.0154543,0.0132269,0.0170091,0.00102504,-4.51846e-05,0.0019392,0.079,2000,10,10,675,676,0,0
fast_gamma_rate,6,fast_gamma_rate=6,recipe:krause_2022_hse,literature,burst,interval,median_onset_error,10,-0.0323931,-0.0350551,-0.0294038,0,-0.00148044,0.00157628,0.708,2000,10,10,811,801,0,0
fast_gamma_rate,6,fast_gamma_rate=6,recipe:kudrimoti_1999,literature,ripple,interval,median_onset_error,10,0.0318674,0.029584,0.035072,0,0,0,1,2000,10,10,25,25,0,0
fast_gamma_rate,6,fast_gamma_rate=6,recipe:lee_2002,literature,burst,interval,median_onset_error,10,-0.0413202,-0.0484408,-0.0350891,-0.00301647,-0.00680528,-0.000263825,0.033,2000,10,10,931,929,0,0
fast_gamma_rate,6,fast_gamma_rate=6,recipe:lee_2002_ripples,literature,ripple,interval,median_onset_error,10,0.0336311,0.0302051,0.0347633,-0.000111478,-0.00116183,0,1,2000,10,10,77,76,0,0
fast_gamma_rate,6,fast_gamma_rate=6,recipe:liu_2019,literature,burst,interval,median_onset_error,10,-0.150366,-0.162234,-0.136418,-0.0027733,-0.0121019,0.00532658,0.465,2000,10,10,827,825,0,0
fast_gamma_rate,6,fast_gamma_rate=6,recipe:liu_2019_awake,literature,burst,interval,median_onset_error,10,-0.150366,-0.162234,-0.136418,-0.0027733,-0.0121019,0.00532658,0.465,2000,10,10,827,825,0,0
fast_gamma_rate,6,fast_gamma_rate=6,recipe:liu_2023,literature,network,interval,median_onset_error,10,-0.00718648,-0.00931133,-0.00592524,-6.98173e-07,-0.002,0.00320422,0.932,2000,10,10,468,470,0,0
fast_gamma_rate,6,fast_gamma_rate=6,recipe:maboudi_2018,literature,burst,interval,median_onset_error,10,-0.0332245,-0.035087,-0.0296989,-0.000686063,-0.0014701,0.00115877,0.622,2000,10,10,784,775,0,0
fast_gamma_rate,6,fast_gamma_rate=6,recipe:maboudi_2018_open_field,literature,burst,interval,median_onset_error,10,-0.0017331,-0.0034574,0.000244594,0.000964459,-0.000481869,0.00213781,0.282,2000,10,10,722,721,0,0
fast_gamma_rate,6,fast_gamma_rate=6,recipe:mallory_2025,literature,burst,interval,median_onset_error,10,-0.0159787,-0.017918,-0.0152002,-0.000404789,-0.00207962,0.000943234,0.467,2000,10,10,740,743,0,0
fast_gamma_rate,6,fast_gamma_rate=6,recipe:mallory_2025_ripples,literature,ripple,interval,median_onset_error,10,-0.0170674,-0.0195565,-0.0142811,-2.78293e-05,-0.000482378,0,0.873,2000,10,10,704,704,0,0
fast_gamma_rate,6,fast_gamma_rate=6,recipe:michon_2019,literature,network,interval,median_onset_error,10,-0.00150694,-0.00388227,0.0001019,0.000147372,-0.00126224,0.0010567,1,2000,10,10,273,273,0,0
fast_gamma_rate,6,fast_gamma_rate=6,recipe:michon_2021,literature,network,interval,median_onset_error,10,-0.00150694,-0.00388227,0.0001019,0.000147372,-0.00126224,0.0010567,1,2000,10,10,273,273,0,0
fast_gamma_rate,6,fast_gamma_rate=6,recipe:mou_2022,literature,burst,interval,median_onset_error,10,-0.0455225,-0.0557414,-0.0400731,0.000775021,-0.00440019,0.00676282,0.975,2000,10,10,834,838,0,0
fast_gamma_rate,6,fast_gamma_rate=6,recipe:muessig_2019,literature,network,interval,median_onset_error,10,0.0271785,0.0198916,0.0329812,0.000928777,-0.00395743,0.00503568,0.679,2000,10,10,115,116,0,0
fast_gamma_rate,6,fast_gamma_rate=6,recipe:muessig_2019_ripples,literature,ripple,interval,median_onset_error,10,-0.00853406,-0.0108431,-0.00396853,-2.86111e-05,-0.000738037,0.000483619,0.713,2000,10,10,892,893,0,0
fast_gamma_rate,6,fast_gamma_rate=6,recipe:nadasdy_1999,literature,ripple,interval,median_onset_error,10,0.00489729,0.00421186,0.00549471,-2.19355e-06,-0.000210375,5.90571e-05,1,2000,10,10,472,471,0,0
fast_gamma_rate,6,fast_gamma_rate=6,recipe:olafsdottir_2015,literature,burst,interval,median_onset_error,10,0.00529509,0.0032452,0.00713299,-4.75426e-05,-0.00135094,0.000722004,0.743,2000,10,10,658,662,0,0
fast_gamma_rate,6,fast_gamma_rate=6,recipe:olafsdottir_2015.bayesian_candidates,literature,burst,interval,median_onset_error,10,0.00465023,0.00279563,0.00655377,-0.000235775,-0.0014317,0.000843057,0.81,2000,10,10,595,599,0,0
fast_gamma_rate,6,fast_gamma_rate=6,recipe:olafsdottir_2016,literature,burst,interval,median_onset_error,10,0.0108623,0.00853331,0.0128533,-0.000253735,-0.00164431,0.00170607,0.805,2000,10,10,557,558,0,0
fast_gamma_rate,6,fast_gamma_rate=6,recipe:olafsdottir_2017,literature,burst,interval,median_onset_error,10,0.0128533,0.0109351,0.0145333,0.000648511,-0.000998651,0.00176814,0.469,2000,10,10,739,744,0,0
fast_gamma_rate,6,fast_gamma_rate=6,recipe:olafsdottir_2017.trajectory,literature,burst,interval,median_onset_error,10,0.0108623,0.00853331,0.0128533,-0.000253735,-0.00164431,0.00170607,0.805,2000,10,10,557,558,0,0
fast_gamma_rate,6,fast_gamma_rate=6,recipe:pfeiffer_2013,literature,burst,interval,median_onset_error,10,-0.0017331,-0.0034574,0.000244594,0.000964459,-0.000481869,0.00213781,0.282,2000,10,10,722,721,0,0
fast_gamma_rate,6,fast_gamma_rate=6,recipe:pfeiffer_2013_ripples,literature,ripple,interval,median_onset_error,10,-0.015793,-0.0177964,-0.0143216,-5.00355e-05,-0.000386145,0,0.852,2000,10,10,743,743,0,0
fast_gamma_rate,6,fast_gamma_rate=6,recipe:pfeiffer_2015,literature,ripple,interval,median_onset_error,10,-0.015793,-0.0177964,-0.0143216,-5.00355e-05,-0.000386145,0,0.852,2000,10,10,743,743,0,0
fast_gamma_rate,6,fast_gamma_rate=6,recipe:shin_2019,literature,ripple,interval,median_onset_error,10,-0.00783625,-0.0099954,-0.00529149,0,0,9.16378e-09,1,2000,10,10,739,739,0,0
fast_gamma_rate,6,fast_gamma_rate=6,recipe:silva_2015,literature,burst,interval,median_onset_error,10,-0.012606,-0.0138718,-0.0109915,-0.000391799,-0.00245706,0.00292547,0.692,2000,10,10,601,606,0,0
fast_gamma_rate,6,fast_gamma_rate=6,recipe:stella_2019,literature,ripple,interval,median_onset_error,10,0.0109898,0.0101375,0.0121006,0.000154857,6.17944e-07,0.000455625,0.04,2000,10,10,681,680,0,0
fast_gamma_rate,6,fast_gamma_rate=6,recipe:tang_2017,literature,ripple,interval,median_onset_error,10,-0.00783625,-0.0099954,-0.00529149,0,0,9.16378e-09,1,2000,10,10,739,739,0,0
fast_gamma_rate,6,fast_gamma_rate=6,recipe:tirole_2022,literature,network,interval,median_onset_error,10,-0.0147594,-0.0167808,-0.0125665,-0.000389381,-0.00174547,0.00189723,0.807,2000,10,10,558,557,0,0
fast_gamma_rate,6,fast_gamma_rate=6,recipe:widloski_2025,literature,ripple,interval,median_onset_error,10,-0.16767,-0.179153,-0.159827,0.000556457,-0.00175272,0.00321943,0.5,2000,10,10,517,518,0,0
fast_gamma_rate,6,fast_gamma_rate=6,recipe:widloski_2025_bursts,literature,burst,interval,median_onset_error,10,-0.168112,-0.178733,-0.158089,0.00046059,-0.00948686,0.00521684,0.867,2000,10,10,525,518,0,0
fast_gamma_rate,6,fast_gamma_rate=6,recipe:wikenheiser_2013,literature,ripple,interval,median_onset_error,10,-0.149938,-0.175731,-0.131463,-0.00354435,-0.0101807,0.00508181,0.495,2000,10,10,848,849,0,0
fast_gamma_rate,6,fast_gamma_rate=6,recipe:wu_2014,literature,burst,interval,median_onset_error,10,-0.0158013,-0.0187547,-0.0135007,0.000554845,-0.000613101,0.00152297,0.279,2000,10,10,849,844,0,0
fast_gamma_rate,6,fast_gamma_rate=6,recipe:wu_2017,literature,burst,interval,median_onset_error,10,0.0120086,0.00948188,0.0159702,0.000251491,-0.00209677,0.00295064,0.801,2000,10,10,533,523,0,0
fast_gamma_rate,6,fast_gamma_rate=6,recipe:xu_2019,literature,burst,interval,median_onset_error,10,-0.00835929,-0.0130049,-0.00429683,-0.000618226,-0.00366052,0.00212644,0.719,2000,10,10,730,731,0,0
fast_gamma_rate,6,fast_gamma_rate=6,recipe:yamamoto_2017,literature,network,interval,median_onset_error,10,0.0298455,0.0284773,0.0319367,0.000368792,-0.00107059,0.00240342,0.409,2000,10,10,593,612,0,0
fast_gamma_rate,6,fast_gamma_rate=6,recipe:yang_2024,literature,network,interval,median_onset_error,10,-0.013652,-0.0161528,-0.0105652,0.000183412,-0.00118298,0.00313316,0.669,2000,10,10,454,454,0,0
theta_burst_rate,0,theta_burst_rate=0,Carey_candidate_detector,default,network,interval,median_onset_error,10,0.00270951,0.00193482,0.00331837,0.000399108,-0.000798403,0.000956927,0.604,2000,10,10,885,891,0,0
theta_burst_rate,0,theta_burst_rate=0,Karlsson_ripple_detector,default,ripple,interval,median_onset_error,10,-0.00795027,-0.0099954,-0.0054421,-0.000114016,-0.000400706,0,0.55,2000,10,10,738,739,0,0
theta_burst_rate,0,theta_burst_rate=0,Kay_ripple_detector,default,ripple,interval,median_onset_error,10,0.000712613,-0.000457406,0.0015787,-1.60027e-05,-0.000162606,0,0.754,2000,10,10,844,844,0,0
theta_burst_rate,0,theta_burst_rate=0,Long_sharp_wave_ripple_detector,default,ripple,interval,median_onset_error,10,0.0121998,0.010706,0.0136956,0,0,0,1,2000,10,10,704,704,0,0
theta_burst_rate,0,theta_burst_rate=0,Roumis_ripple_detector,default,ripple,interval,median_onset_error,10,0.000477618,-0.00067282,0.00153408,-5.72578e-05,-0.000265999,0,0.298,2000,10,10,845,845,0,0
theta_burst_rate,0,theta_burst_rate=0,Shvartsman_ripple_detector,default,ripple,interval,median_onset_error,10,-0.00960335,-0.0115078,-0.00683562,2.19616e-05,-0.000175546,0.000291202,1,2000,10,10,678,677,0,0
theta_burst_rate,0,theta_burst_rate=0,Yu_ripple_detector,default,ripple,interval,median_onset_error,10,0.00170934,0.000880944,0.00241474,0,0,0,1,2000,10,10,865,865,0,0
theta_burst_rate,0,theta_burst_rate=0,Zugaro_ripple_detector,default,ripple,interval,median_onset_error,10,0.0142376,0.0132499,0.0155068,0.000331151,-0.000302805,0.000774814,0.294,2000,10,10,696,689,0,0
theta_burst_rate,0,theta_burst_rate=0,multiunit_HSE_detector,default,burst,interval,median_onset_error,10,-0.0208936,-0.0228082,-0.0192599,0.000655854,-0.00108666,0.00233443,0.438,2000,10,10,899,911,0,0
theta_burst_rate,0,theta_burst_rate=0,recipe:ambrose_2016,literature,ripple,interval,median_onset_error,10,-0.015793,-0.0178307,-0.0143446,-5.00355e-05,-0.000511087,0,0.313,2000,10,10,743,743,0,0
theta_burst_rate,0,theta_burst_rate=0,recipe:bendor_2012,literature,burst,interval,median_onset_error,10,0.0116107,0.0100702,0.0129486,9.86741e-05,-0.0012372,0.00122791,0.875,2000,10,10,657,655,0,0
theta_burst_rate,0,theta_burst_rate=0,recipe:berners_lee_2021,literature,ripple,interval,median_onset_error,10,-0.0157494,-0.0173487,-0.0134705,-0.000190501,-0.000361674,0,0.362,2000,10,10,805,806,0,0
theta_burst_rate,0,theta_burst_rate=0,recipe:berners_lee_2022,literature,burst,interval,median_onset_error,10,-0.0138382,-0.0175045,-0.0109138,-0.000790245,-0.00588073,0.00380485,0.72,2000,10,10,664,668,0,0
theta_burst_rate,0,theta_burst_rate=0,recipe:bhattarai_2020,literature,network,interval,median_onset_error,10,-0.0834736,-0.0930432,-0.0737669,-0.000344826,-0.0110659,0.0103027,0.897,2000,10,10,415,418,0,0
theta_burst_rate,0,theta_burst_rate=0,recipe:bhattarai_2020_ripples,literature,ripple,interval,median_onset_error,10,0.00191345,0.00100971,0.00314148,0.000407709,-0.000473035,0.00133403,0.372,2000,10,10,469,474,0,0
theta_burst_rate,0,theta_burst_rate=0,recipe:bush_2022,literature,burst,interval,median_onset_error,10,0.0026606,0.000856394,0.00443427,0.00169686,-0.000342625,0.00341732,0.102,2000,10,10,612,617,0,0
theta_burst_rate,0,theta_burst_rate=0,recipe:carey_2019,literature,network,interval,median_onset_error,10,0.0126266,0.0114125,0.013385,-7.99871e-05,-0.000973309,0.000830187,0.743,2000,10,10,897,900,0,0
theta_burst_rate,0,theta_burst_rate=0,recipe:carr_2012,literature,ripple,interval,median_onset_error,10,-0.00795027,-0.0099954,-0.0054421,-0.000114016,-0.000400706,0,0.55,2000,10,10,738,739,0,0
theta_burst_rate,0,theta_burst_rate=0,recipe:chenani_2019,literature,burst,interval,median_onset_error,10,-0.0199042,-0.0214448,-0.0183954,-0.00102237,-0.0020823,0.00123874,0.33,2000,10,10,675,671,0,0
theta_burst_rate,0,theta_burst_rate=0,recipe:davidson_2009,literature,burst,interval,median_onset_error,10,-0.0208943,-0.0230593,-0.019338,-4.97061e-05,-0.00226887,0.00202136,0.907,2000,10,10,780,784,0,0
theta_burst_rate,0,theta_burst_rate=0,recipe:denovellis_2021,literature,ripple,interval,median_onset_error,10,0.00116733,0.000236318,0.00201216,0.000130246,0,0.000212887,0.285,2000,10,10,846,845,0,0
theta_burst_rate,0,theta_burst_rate=0,recipe:denovellis_2021_mua,literature,burst,interval,median_onset_error,10,-0.0206132,-0.0232202,-0.0195087,0.00101898,-0.000988304,0.00244371,0.378,2000,10,10,899,910,0,0
theta_burst_rate,0,theta_burst_rate=0,recipe:diba_2007,literature,burst,interval,median_onset_error,10,-0.0731172,-0.0939657,-0.0517631,-0.000365487,-0.0185918,0.0235655,0.911,2000,10,10,242,251,0,0
theta_burst_rate,0,theta_burst_rate=0,recipe:drieu_2018,literature,burst,interval,median_onset_error,10,-0.0043881,-0.00643857,-0.00273789,-0.000338318,-0.00241307,0.00114209,0.692,2000,10,10,766,769,0,0
theta_burst_rate,0,theta_burst_rate=0,recipe:farooq_2019_neuron,literature,burst,interval,median_onset_error,10,0.010791,0.0091362,0.012614,-0.000686775,-0.00276244,0.00174463,0.649,2000,10,10,289,274,0,0
theta_burst_rate,0,theta_burst_rate=0,recipe:farooq_2019_science,literature,burst,interval,median_onset_error,10,0.010791,0.0091362,0.012614,-0.000686775,-0.00273121,0.00177076,0.651,2000,10,10,287,272,0,0
theta_burst_rate,0,theta_burst_rate=0,recipe:farooq_2019_science_awake,literature,burst,interval,median_onset_error,10,0.010791,0.0091362,0.012614,-0.000686775,-0.00273121,0.00177076,0.651,2000,10,10,287,272,0,0
theta_burst_rate,0,theta_burst_rate=0,recipe:foster_2006,literature,burst,interval,median_onset_error,10,-0.00547395,-0.0124197,0.000617252,0.00056314,-0.00562205,0.00514254,0.871,2000,10,10,150,145,0,0
theta_burst_rate,0,theta_burst_rate=0,recipe:foster_2006_ripples,literature,ripple,interval,median_onset_error,10,0.0337426,0.0309958,0.0347633,0,0,0,1,2000,10,10,76,76,0,0
theta_burst_rate,0,theta_burst_rate=0,recipe:gillespie_2021,literature,ripple,interval,median_onset_error,10,0.000712613,-0.000457406,0.0015787,-1.60027e-05,-0.000162606,0,0.754,2000,10,10,844,844,0,0
theta_burst_rate,0,theta_burst_rate=0,recipe:gillespie_2021_mua,literature,burst,interval,median_onset_error,10,-0.0207971,-0.0233799,-0.0188446,4.74274e-05,-0.00208339,0.00215192,0.989,2000,10,10,800,804,0,0
theta_burst_rate,0,theta_burst_rate=0,recipe:gridchyn_2020,literature,burst,interval,median_onset_error,10,0.0114685,0.0102634,0.0128564,-2.4635e-05,-0.00114268,0.00145152,0.918,2000,10,10,869,872,0,0
theta_burst_rate,0,theta_burst_rate=0,recipe:grosmark_2016,literature,network,interval,median_onset_error,10,-0.0144908,-0.0169419,-0.0125264,-0.000655404,-0.00257785,0.00176245,0.61,2000,10,10,459,454,0,0
theta_burst_rate,0,theta_burst_rate=0,recipe:gupta_2010,literature,ripple,interval,median_onset_error,10,0.000605527,-0.000516766,0.00145226,-4.39409e-05,-0.000205541,0,0.866,2000,10,10,816,816,0,0
theta_burst_rate,0,theta_burst_rate=0,recipe:harvey_2023_code,literature,ripple,interval,median_onset_error,10,0.0136205,0.01209,0.0159233,0.000212409,-0.00045269,0.00104573,0.487,2000,10,10,566,575,0,0
theta_burst_rate,0,theta_burst_rate=0,recipe:harvey_2023_no_radiatum,literature,ripple,interval,median_onset_error,10,-0.000834877,-0.00502597,0.00142332,-0.000856047,-0.00304508,0.0007638,0.39,2000,10,10,606,609,0,0
theta_burst_rate,0,theta_burst_rate=0,recipe:harvey_2023_text,literature,ripple,interval,median_onset_error,10,0.0143231,0.0133529,0.015118,-4.39783e-05,-0.000201065,0,1,2000,10,10,617,617,0,0
theta_burst_rate,0,theta_burst_rate=0,recipe:huelin_gorriz_2023,literature,network,interval,median_onset_error,10,-0.0152515,-0.0193015,-0.0129138,-0.000881522,-0.00497202,0.00262979,0.568,2000,10,10,562,557,0,0
theta_burst_rate,0,theta_burst_rate=0,recipe:igata_2021,literature,burst,interval,median_onset_error,10,-0.0203205,-0.0219884,-0.0181301,0.000524035,-0.00109756,0.00249284,0.388,2000,10,10,903,912,0,0
theta_burst_rate,0,theta_burst_rate=0,recipe:igata_2021_ripples,literature,ripple,interval,median_onset_error,10,0.00115928,0.000798399,0.00168308,-1.70924e-05,-0.000138458,0,0.888,2000,10,10,890,890,0,0
theta_burst_rate,0,theta_burst_rate=0,recipe:jadhav_2016,literature,ripple,interval,median_onset_error,10,-0.00783625,-0.0101766,-0.00520384,-6.78316e-06,-0.000349643,0.000176086,1,2000,10,10,595,598,0,0
theta_burst_rate,0,theta_burst_rate=0,recipe:ji_2007,literature,burst,interval,median_onset_error,10,0.014475,0.0127509,0.0164368,-0.00327785,-0.00601783,0.000309844,0.081,2000,10,10,704,685,0,0
theta_burst_rate,0,theta_burst_rate=0,recipe:ji_2007_ripples,literature,ripple,interval,median_onset_error,10,-0.0467199,-0.162708,0.00947258,0.00666667,0,0.0206667,0.775264,1989,4,4,5,5,0,0
theta_burst_rate,0,theta_burst_rate=0,recipe:kaefer_2020,literature,ripple,interval,median_onset_error,10,-0.14672,-0.177766,-0.0950664,0,0,0,1,2000,7,7,11,11,0,0
theta_burst_rate,0,theta_burst_rate=0,recipe:karlsson_2009,literature,ripple,interval,median_onset_error,10,-0.00795027,-0.0099954,-0.0054421,-0.000114016,-0.000400706,0,0.55,2000,10,10,738,739,0,0
theta_burst_rate,0,theta_burst_rate=0,recipe:krause_2022,literature,network,interval,median_onset_error,10,0.0134858,0.0107563,0.0161736,-0.000943462,-0.00253275,0.00087549,0.294,2000,10,10,673,676,0,0
theta_burst_rate,0,theta_burst_rate=0,recipe:krause_2022_hse,literature,burst,interval,median_onset_error,10,-0.0323857,-0.0341277,-0.0291052,7.32292e-06,-0.00254826,0.00230941,0.913,2000,10,10,806,801,0,0
theta_burst_rate,0,theta_burst_rate=0,recipe:kudrimoti_1999,literature,ripple,interval,median_onset_error,10,0.0318674,0.029584,0.0353648,0,0,0,1,2000,10,10,25,25,0,0
theta_burst_rate,0,theta_burst_rate=0,recipe:lee_2002,literature,burst,interval,median_onset_error,10,-0.0407973,-0.0473441,-0.0364669,-0.00249362,-0.00790029,0.00205698,0.279,2000,10,10,925,929,0,0
theta_burst_rate,0,theta_burst_rate=0,recipe:lee_2002_ripples,literature,ripple,interval,median_onset_error,10,0.0337426,0.0309958,0.0347633,0,0,0,1,2000,10,10,76,76,0,0
theta_burst_rate,0,theta_burst_rate=0,recipe:liu_2019,literature,burst,interval,median_onset_error,10,-0.148407,-0.162759,-0.133751,-0.000814689,-0.0201579,0.0128905,0.945,2000,10,10,826,825,0,0
theta_burst_rate,0,theta_burst_rate=0,recipe:liu_2019_awake,literature,burst,interval,median_onset_error,10,-0.148407,-0.162759,-0.133751,-0.000814689,-0.0201579,0.0128905,0.945,2000,10,10,826,825,0,0
theta_burst_rate,0,theta_burst_rate=0,recipe:liu_2023,literature,network,interval,median_onset_error,10,-0.00792826,-0.0103716,-0.00503009,-0.000742482,-0.00307484,0.00310217,0.84,2000,10,10,469,470,0,0
theta_burst_rate,0,theta_burst_rate=0,recipe:maboudi_2018,literature,burst,interval,median_onset_error,10,-0.0331925,-0.035374,-0.0308363,-0.000654018,-0.0028594,0.00139587,0.645,2000,10,10,777,775,0,0
theta_burst_rate,0,theta_burst_rate=0,recipe:maboudi_2018_open_field,literature,burst,interval,median_onset_error,10,-0.000992528,-0.00271687,0.000138844,0.00170504,-0.000870697,0.00310888,0.233,2000,10,10,717,721,0,0
theta_burst_rate,0,theta_burst_rate=0,recipe:mallory_2025,literature,burst,interval,median_onset_error,10,-0.0161262,-0.0188723,-0.0146226,-0.000552315,-0.00404449,0.00185496,0.746,2000,10,10,749,743,0,0
theta_burst_rate,0,theta_burst_rate=0,recipe:mallory_2025_ripples,literature,ripple,interval,median_onset_error,10,-0.0170532,-0.0195565,-0.0142811,-1.36018e-05,-0.000421054,0.000188516,1,2000,10,10,705,704,0,0
theta_burst_rate,0,theta_burst_rate=0,recipe:michon_2019,literature,network,interval,median_onset_error,10,-0.00255838,-0.00498358,3.64424e-05,-0.000904074,-0.00263682,0.000964651,0.43,2000,10,10,276,273,0,0
theta_burst_rate,0,theta_burst_rate=0,recipe:michon_2021,literature,network,interval,median_onset_error,10,-0.00255838,-0.00498358,3.64424e-05,-0.000904074,-0.00263682,0.000964651,0.43,2000,10,10,276,273,0,0
theta_burst_rate,0,theta_burst_rate=0,recipe:mou_2022,literature,burst,interval,median_onset_error,10,-0.0507482,-0.0584077,-0.0442101,-0.00445065,-0.0106857,0.0027396,0.228,2000,10,10,841,838,0,0
theta_burst_rate,0,theta_burst_rate=0,recipe:muessig_2019,literature,network,interval,median_onset_error,10,0.0255236,0.0213427,0.0339813,-0.0007262,-0.004,0.00660722,0.922,2000,10,10,103,116,0,0
theta_burst_rate,0,theta_burst_rate=0,recipe:muessig_2019_ripples,literature,ripple,interval,median_onset_error,10,-0.00809326,-0.0106812,-0.00379381,0.000412195,0,0.00105793,0.381,2000,10,10,894,893,0,0
theta_burst_rate,0,theta_burst_rate=0,recipe:nadasdy_1999,literature,ripple,interval,median_onset_error,10,0.00492093,0.00437889,0.00557198,2.14533e-05,0,0.000214947,0.331,2000,10,10,470,471,0,0
theta_burst_rate,0,theta_burst_rate=0,recipe:olafsdottir_2015,literature,burst,interval,median_onset_error,10,0.00439159,0.00304202,0.00692449,-0.000951046,-0.00200707,0.000303163,0.152,2000,10,10,666,662,0,0
theta_burst_rate,0,theta_burst_rate=0,recipe:olafsdottir_2015.bayesian_candidates,literature,burst,interval,median_onset_error,10,0.00381321,0.00242199,0.0057707,-0.0010728,-0.00216595,0.000368266,0.14,2000,10,10,594,599,0,0
theta_burst_rate,0,theta_burst_rate=0,recipe:olafsdottir_2016,literature,burst,interval,median_onset_error,10,0.00978391,0.00677745,0.0118003,-0.00133212,-0.00391651,0.00106616,0.254,2000,10,10,565,558,0,0
theta_burst_rate,0,theta_burst_rate=0,recipe:olafsdottir_2017,literature,burst,interval,median_onset_error,10,0.0109395,0.00865903,0.0131804,-0.00126527,-0.00334354,0.000648875,0.218,2000,10,10,732,744,0,0
theta_burst_rate,0,theta_burst_rate=0,recipe:olafsdottir_2017.trajectory,literature,burst,interval,median_onset_error,10,0.00978391,0.00677745,0.0118003,-0.00133212,-0.00391651,0.00106616,0.254,2000,10,10,565,558,0,0
theta_burst_rate,0,theta_burst_rate=0,recipe:pfeiffer_2013,literature,burst,interval,median_onset_error,10,-0.000992528,-0.00271687,0.000138844,0.00170504,-0.000870697,0.00310888,0.233,2000,10,10,717,721,0,0
theta_burst_rate,0,theta_burst_rate=0,recipe:pfeiffer_2013_ripples,literature,ripple,interval,median_onset_error,10,-0.015793,-0.0178307,-0.0143446,-5.00355e-05,-0.000511087,0,0.313,2000,10,10,743,743,0,0
theta_burst_rate,0,theta_burst_rate=0,recipe:pfeiffer_2015,literature,ripple,interval,median_onset_error,10,-0.015793,-0.0178307,-0.0143446,-5.00355e-05,-0.000511087,0,0.313,2000,10,10,743,743,0,0
theta_burst_rate,0,theta_burst_rate=0,recipe:shin_2019,literature,ripple,interval,median_onset_error,10,-0.00795027,-0.0099954,-0.0054421,-0.000114016,-0.000400706,0,0.55,2000,10,10,738,739,0,0
theta_burst_rate,0,theta_burst_rate=0,recipe:silva_2015,literature,burst,interval,median_onset_error,10,-0.0102517,-0.0130262,-0.00914672,0.00196252,-0.00098833,0.00457904,0.191,2000,10,10,606,606,0,0
theta_burst_rate,0,theta_burst_rate=0,recipe:stella_2019,literature,ripple,interval,median_onset_error,10,0.0106393,0.00993623,0.0119222,-0.000195703,-0.000412851,0,0.1,2000,10,10,680,680,0,0
theta_burst_rate,0,theta_burst_rate=0,recipe:tang_2017,literature,ripple,interval,median_onset_error,10,-0.00795027,-0.0099954,-0.0054421,-0.000114016,-0.000400706,0,0.55,2000,10,10,738,739,0,0
theta_burst_rate,0,theta_burst_rate=0,recipe:tirole_2022,literature,network,interval,median_onset_error,10,-0.0152515,-0.0193015,-0.0129138,-0.000881522,-0.00497202,0.00262979,0.568,2000,10,10,562,557,0,0
theta_burst_rate,0,theta_burst_rate=0,recipe:widloski_2025,literature,ripple,interval,median_onset_error,10,-0.16801,-0.180674,-0.160493,0.000216844,-0.000882334,0.00294124,0.813,2000,10,10,518,518,0,0
theta_burst_rate,0,theta_burst_rate=0,recipe:widloski_2025_bursts,literature,burst,interval,median_onset_error,10,-0.170215,-0.179345,-0.164738,-0.00164215,-0.0113781,0.00319957,0.345,2000,10,10,523,518,0,0
theta_burst_rate,0,theta_burst_rate=0,recipe:wikenheiser_2013,literature,ripple,interval,median_onset_error,10,-0.154487,-0.179711,-0.135018,-0.008093,-0.0157321,0.00122565,0.151,2000,10,10,848,849,0,0
theta_burst_rate,0,theta_burst_rate=0,recipe:wu_2014,literature,burst,interval,median_onset_error,10,-0.0171962,-0.0194327,-0.0152334,-0.000840016,-0.00196494,0.000344586,0.186,2000,10,10,845,844,0,0
theta_burst_rate,0,theta_burst_rate=0,recipe:wu_2017,literature,burst,interval,median_onset_error,10,0.011174,0.00898273,0.0135504,-0.000583118,-0.00314882,0.00164277,0.596,2000,10,10,522,523,0,0
theta_burst_rate,0,theta_burst_rate=0,recipe:xu_2019,literature,burst,interval,median_onset_error,10,-0.00746307,-0.0100971,-0.003906,0.000277994,-0.00198081,0.00260428,0.935,2000,10,10,736,731,0,0
theta_burst_rate,0,theta_burst_rate=0,recipe:yamamoto_2017,literature,network,interval,median_onset_error,10,0.0295511,0.0265264,0.031995,7.44326e-05,-0.00173944,0.00238762,0.796,2000,10,10,597,612,0,0
theta_burst_rate,0,theta_burst_rate=0,recipe:yang_2024,literature,network,interval,median_onset_error,10,-0.0144908,-0.0169419,-0.0125264,-0.000655404,-0.00257785,0.00176245,0.61,2000,10,10,459,454,0,0
theta_burst_rate,reference,reference,Carey_candidate_detector,default,network,interval,median_onset_error,10,0.0023104,0.00123107,0.00399637,0,0,0,1,2000,10,10,891,891,0,0
theta_burst_rate,reference,reference,Karlsson_ripple_detector,default,ripple,interval,median_onset_error,10,-0.00783625,-0.0099954,-0.00540774,0,0,0,1,2000,10,10,739,739,0,0
theta_burst_rate,reference,reference,Kay_ripple_detector,default,ripple,interval,median_onset_error,10,0.000728616,-0.000438561,0.00163915,0,0,0,1,2000,10,10,844,844,0,0
theta_burst_rate,reference,reference,Long_sharp_wave_ripple_detector,default,ripple,interval,median_onset_error,10,0.0121998,0.010706,0.0136956,0,0,0,1,2000,10,10,704,704,0,0
theta_burst_rate,reference,reference,Roumis_ripple_detector,default,ripple,interval,median_onset_error,10,0.000534876,-0.000645838,0.00161769,0,0,0,1,2000,10,10,845,845,0,0
theta_burst_rate,reference,reference,Shvartsman_ripple_detector,default,ripple,interval,median_onset_error,10,-0.00962531,-0.0115123,-0.00686953,0,0,0,1,2000,10,10,677,677,0,0
theta_burst_rate,reference,reference,Yu_ripple_detector,default,ripple,interval,median_onset_error,10,0.00170934,0.000880944,0.00241474,0,0,0,1,2000,10,10,865,865,0,0
theta_burst_rate,reference,reference,Zugaro_ripple_detector,default,ripple,interval,median_onset_error,10,0.0139065,0.0128742,0.0155587,0,0,0,1,2000,10,10,689,689,0,0
theta_burst_rate,reference,reference,multiunit_HSE_detector,default,burst,interval,median_onset_error,10,-0.0215494,-0.0233774,-0.0202821,0,0,0,1,2000,10,10,911,911,0,0
theta_burst_rate,reference,reference,recipe:ambrose_2016,literature,ripple,interval,median_onset_error,10,-0.015743,-0.0177555,-0.0142967,0,0,0,1,2000,10,10,743,743,0,0
theta_burst_rate,reference,reference,recipe:bendor_2012,literature,burst,interval,median_onset_error,10,0.011512,0.0104613,0.0123958,0,0,0,1,2000,10,10,655,655,0,0
theta_burst_rate,reference,reference,recipe:berners_lee_2021,literature,ripple,interval,median_onset_error,10,-0.0155589,-0.0173479,-0.0133744,0,0,0,1,2000,10,10,806,806,0,0
theta_burst_rate,reference,reference,recipe:berners_lee_2022,literature,burst,interval,median_onset_error,10,-0.0130479,-0.0159764,-0.0103579,0,0,0,1,2000,10,10,668,668,0,0
theta_burst_rate,reference,reference,recipe:bhattarai_2020,literature,network,interval,median_onset_error,10,-0.0831288,-0.0969635,-0.0720238,0,0,0,1,2000,10,10,418,418,0,0
theta_burst_rate,reference,reference,recipe:bhattarai_2020_ripples,literature,ripple,interval,median_onset_error,10,0.00150574,0.00025049,0.00309676,0,0,0,1,2000,10,10,474,474,0,0
theta_burst_rate,reference,reference,recipe:bush_2022,literature,burst,interval,median_onset_error,10,0.000963743,-0.000634348,0.00233178,0,0,0,1,2000,10,10,617,617,0,0
theta_burst_rate,reference,reference,recipe:carey_2019,literature,network,interval,median_onset_error,10,0.0127066,0.0112533,0.0135894,0,0,0,1,2000,10,10,900,900,0,0
theta_burst_rate,reference,reference,recipe:carr_2012,literature,ripple,interval,median_onset_error,10,-0.00783625,-0.0099954,-0.00540774,0,0,0,1,2000,10,10,739,739,0,0
theta_burst_rate,reference,reference,recipe:chenani_2019,literature,burst,interval,median_onset_error,10,-0.0188819,-0.021828,-0.0175617,0,0,0,1,2000,10,10,671,671,0,0
theta_burst_rate,reference,reference,recipe:davidson_2009,literature,burst,interval,median_onset_error,10,-0.0208446,-0.0222665,-0.0193016,0,0,0,1,2000,10,10,784,784,0,0
theta_burst_rate,reference,reference,recipe:denovellis_2021,literature,ripple,interval,median_onset_error,10,0.00103708,7.44804e-05,0.00199106,0,0,0,1,2000,10,10,845,845,0,0
theta_burst_rate,reference,reference,recipe:denovellis_2021_mua,literature,burst,interval,median_onset_error,10,-0.0216321,-0.0237751,-0.0199833,0,0,0,1,2000,10,10,910,910,0,0
theta_burst_rate,reference,reference,recipe:diba_2007,literature,burst,interval,median_onset_error,10,-0.0727517,-0.099299,-0.0577457,0,0,0,1,2000,10,10,251,251,0,0
theta_burst_rate,reference,reference,recipe:drieu_2018,literature,burst,interval,median_onset_error,10,-0.00404978,-0.00568393,-0.00285607,0,0,0,1,2000,10,10,769,769,0,0
theta_burst_rate,reference,reference,recipe:farooq_2019_neuron,literature,burst,interval,median_onset_error,10,0.0114778,0.00791052,0.0138605,0,0,0,1,2000,10,10,274,274,0,0
theta_burst_rate,reference,reference,recipe:farooq_2019_science,literature,burst,interval,median_onset_error,10,0.0114778,0.0079113,0.0138605,0,0,0,1,2000,10,10,272,272,0,0
theta_burst_rate,reference,reference,recipe:farooq_2019_science_awake,literature,burst,interval,median_onset_error,10,0.0114778,0.0079113,0.0138605,0,0,0,1,2000,10,10,272,272,0,0
theta_burst_rate,reference,reference,recipe:foster_2006,literature,burst,interval,median_onset_error,10,-0.00603709,-0.0101548,0.00259616,0,0,0,1,2000,10,10,145,145,0,0
theta_burst_rate,reference,reference,recipe:foster_2006_ripples,literature,ripple,interval,median_onset_error,10,0.0337426,0.0309958,0.0347633,0,0,0,1,2000,10,10,76,76,0,0
theta_burst_rate,reference,reference,recipe:gillespie_2021,literature,ripple,interval,median_onset_error,10,0.000728616,-0.000438561,0.00163915,0,0,0,1,2000,10,10,844,844,0,0
theta_burst_rate,reference,reference,recipe:gillespie_2021_mua,literature,burst,interval,median_onset_error,10,-0.0208446,-0.0224039,-0.0192365,0,0,0,1,2000,10,10,804,804,0,0
theta_burst_rate,reference,reference,recipe:gridchyn_2020,literature,burst,interval,median_onset_error,10,0.0114932,0.00973624,0.0128004,0,0,0,1,2000,10,10,872,872,0,0
theta_burst_rate,reference,reference,recipe:grosmark_2016,literature,network,interval,median_onset_error,10,-0.0138354,-0.0183971,-0.0119283,0,0,0,1,2000,10,10,454,454,0,0
theta_burst_rate,reference,reference,recipe:gupta_2010,literature,ripple,interval,median_onset_error,10,0.000649468,-0.000516766,0.00149165,0,0,0,1,2000,10,10,816,816,0,0
theta_burst_rate,reference,reference,recipe:harvey_2023_code,literature,ripple,interval,median_onset_error,10,0.0134081,0.0119995,0.0157787,0,0,0,1,2000,10,10,575,575,0,0
theta_burst_rate,reference,reference,recipe:harvey_2023_no_radiatum,literature,ripple,interval,median_onset_error,10,2.11699e-05,-0.00315594,0.00152412,0,0,0,1,2000,10,10,609,609,0,0
theta_burst_rate,reference,reference,recipe:harvey_2023_text,literature,ripple,interval,median_onset_error,10,0.0143671,0.0133529,0.0152102,0,0,0,1,2000,10,10,617,617,0,0
theta_burst_rate,reference,reference,recipe:huelin_gorriz_2023,literature,network,interval,median_onset_error,10,-0.01437,-0.0172593,-0.0127015,0,0,0,1,2000,10,10,557,557,0,0
theta_burst_rate,reference,reference,recipe:igata_2021,literature,burst,interval,median_onset_error,10,-0.0208446,-0.0230458,-0.0189872,0,0,0,1,2000,10,10,912,912,0,0
theta_burst_rate,reference,reference,recipe:igata_2021_ripples,literature,ripple,interval,median_onset_error,10,0.00117637,0.000836552,0.00170338,0,0,0,1,2000,10,10,890,890,0,0
theta_burst_rate,reference,reference,recipe:jadhav_2016,literature,ripple,interval,median_onset_error,10,-0.00782947,-0.0101123,-0.00525858,0,0,0,1,2000,10,10,598,598,0,0
theta_burst_rate,reference,reference,recipe:ji_2007,literature,burst,interval,median_onset_error,10,0.0177528,0.0144042,0.0203139,0,0,0,1,2000,10,10,685,685,0,0
theta_burst_rate,reference,reference,recipe:ji_2007_ripples,literature,ripple,interval,median_onset_error,10,-0.0533866,-0.183374,0.00947258,0,0,0,1,1989,4,4,5,5,0,0
theta_burst_rate,reference,reference,recipe:kaefer_2020,literature,ripple,interval,median_onset_error,10,-0.14672,-0.177766,-0.0950664,0,0,0,1,2000,7,7,11,11,0,0
theta_burst_rate,reference,reference,recipe:karlsson_2009,literature,ripple,interval,median_onset_error,10,-0.00783625,-0.0099954,-0.00540774,0,0,0,1,2000,10,10,739,739,0,0
theta_burst_rate,reference,reference,recipe:krause_2022,literature,network,interval,median_onset_error,10,0.0144293,0.0122692,0.0163226,0,0,0,1,2000,10,10,676,676,0,0
theta_burst_rate,reference,reference,recipe:krause_2022_hse,literature,burst,interval,median_onset_error,10,-0.0323931,-0.0346551,-0.0290887,0,0,0,1,2000,10,10,801,801,0,0
theta_burst_rate,reference,reference,recipe:kudrimoti_1999,literature,ripple,interval,median_onset_error,10,0.0318674,0.029584,0.0353648,0,0,0,1,2000,10,10,25,25,0,0
theta_burst_rate,reference,reference,recipe:lee_2002,literature,burst,interval,median_onset_error,10,-0.0383037,-0.0457685,-0.0332465,0,0,0,1,2000,10,10,929,929,0,0
theta_burst_rate,reference,reference,recipe:lee_2002_ripples,literature,ripple,interval,median_onset_error,10,0.0337426,0.0309958,0.0347633,0,0,0,1,2000,10,10,76,76,0,0
theta_burst_rate,reference,reference,recipe:liu_2019,literature,burst,interval,median_onset_error,10,-0.147592,-0.157828,-0.132624,0,0,0,1,2000,10,10,825,825,0,0
theta_burst_rate,reference,reference,recipe:liu_2019_awake,literature,burst,interval,median_onset_error,10,-0.147592,-0.157828,-0.132624,0,0,0,1,2000,10,10,825,825,0,0
theta_burst_rate,reference,reference,recipe:liu_2023,literature,network,interval,median_onset_error,10,-0.00718578,-0.010088,-0.00536157,0,0,0,1,2000,10,10,470,470,0,0
theta_burst_rate,reference,reference,recipe:maboudi_2018,literature,burst,interval,median_onset_error,10,-0.0325385,-0.0350644,-0.0294038,0,0,0,1,2000,10,10,775,775,0,0
theta_burst_rate,reference,reference,recipe:maboudi_2018_open_field,literature,burst,interval,median_onset_error,10,-0.00269756,-0.00399852,-8.80208e-05,0,0,0,1,2000,10,10,721,721,0,0
theta_burst_rate,reference,reference,recipe:mallory_2025,literature,burst,interval,median_onset_error,10,-0.0155739,-0.0176664,-0.0144297,0,0,0,1,2000,10,10,743,743,0,0
theta_burst_rate,reference,reference,recipe:mallory_2025_ripples,literature,ripple,interval,median_onset_error,10,-0.0170396,-0.0193004,-0.0142674,0,0,0,1,2000,10,10,704,704,0,0
theta_burst_rate,reference,reference,recipe:michon_2019,literature,network,interval,median_onset_error,10,-0.00165431,-0.00362832,0.000536935,0,0,0,1,2000,10,10,273,273,0,0
theta_burst_rate,reference,reference,recipe:michon_2021,literature,network,interval,median_onset_error,10,-0.00165431,-0.00362832,0.000536935,0,0,0,1,2000,10,10,273,273,0,0
theta_burst_rate,reference,reference,recipe:mou_2022,literature,burst,interval,median_onset_error,10,-0.0462975,-0.0555394,-0.0401892,0,0,0,1,2000,10,10,838,838,0,0
theta_burst_rate,reference,reference,recipe:muessig_2019,literature,network,interval,median_onset_error,10,0.0262498,0.0215342,0.0309892,0,0,0,1,2000,10,10,116,116,0,0
theta_burst_rate,reference,reference,recipe:muessig_2019_ripples,literature,ripple,interval,median_onset_error,10,-0.00850545,-0.0108126,-0.00392214,0,0,0,1,2000,10,10,893,893,0,0
theta_burst_rate,reference,reference,recipe:nadasdy_1999,literature,ripple,interval,median_onset_error,10,0.00489948,0.00428016,0.00549517,0,0,0,1,2000,10,10,471,471,0,0
theta_burst_rate,reference,reference,recipe:olafsdottir_2015,literature,burst,interval,median_onset_error,10,0.00534263,0.00360919,0.00774539,0,0,0,1,2000,10,10,662,662,0,0
theta_burst_rate,reference,reference,recipe:olafsdottir_2015.bayesian_candidates,literature,burst,interval,median_onset_error,10,0.004886,0.00284124,0.00630589,0,0,0,1,2000,10,10,599,599,0,0
theta_burst_rate,reference,reference,recipe:olafsdottir_2016,literature,burst,interval,median_onset_error,10,0.011116,0.00799637,0.0127389,0,0,0,1,2000,10,10,558,558,0,0
theta_burst_rate,reference,reference,recipe:olafsdottir_2017,literature,burst,interval,median_onset_error,10,0.0122048,0.0108757,0.0136994,0,0,0,1,2000,10,10,744,744,0,0
theta_burst_rate,reference,reference,recipe:olafsdottir_2017.trajectory,literature,burst,interval,median_onset_error,10,0.011116,0.00799637,0.0127389,0,0,0,1,2000,10,10,558,558,0,0
theta_burst_rate,reference,reference,recipe:pfeiffer_2013,literature,burst,interval,median_onset_error,10,-0.00269756,-0.00399852,-8.80208e-05,0,0,0,1,2000,10,10,721,721,0,0
theta_burst_rate,reference,reference,recipe:pfeiffer_2013_ripples,literature,ripple,interval,median_onset_error,10,-0.015743,-0.0177555,-0.0142967,0,0,0,1,2000,10,10,743,743,0,0
theta_burst_rate,reference,reference,recipe:pfeiffer_2015,literature,ripple,interval,median_onset_error,10,-0.015743,-0.0177555,-0.0142967,0,0,0,1,2000,10,10,743,743,0,0
theta_burst_rate,reference,reference,recipe:shin_2019,literature,ripple,interval,median_onset_error,10,-0.00783625,-0.0099954,-0.00540774,0,0,0,1,2000,10,10,739,739,0,0
theta_burst_rate,reference,reference,recipe:silva_2015,literature,burst,interval,median_onset_error,10,-0.0122142,-0.0153682,-0.0101496,0,0,0,1,2000,10,10,606,606,0,0
theta_burst_rate,reference,reference,recipe:stella_2019,literature,ripple,interval,median_onset_error,10,0.010835,0.0100663,0.0120394,0,0,0,1,2000,10,10,680,680,0,0
theta_burst_rate,reference,reference,recipe:tang_2017,literature,ripple,interval,median_onset_error,10,-0.00783625,-0.0099954,-0.00540774,0,0,0,1,2000,10,10,739,739,0,0
theta_burst_rate,reference,reference,recipe:tirole_2022,literature,network,interval,median_onset_error,10,-0.01437,-0.0172593,-0.0127015,0,0,0,1,2000,10,10,557,557,0,0
theta_burst_rate,reference,reference,recipe:widloski_2025,literature,ripple,interval,median_onset_error,10,-0.168227,-0.180008,-0.160493,0,0,0,1,2000,10,10,518,518,0,0
theta_burst_rate,reference,reference,recipe:widloski_2025_bursts,literature,burst,interval,median_onset_error,10,-0.168573,-0.174543,-0.15673,0,0,0,1,2000,10,10,518,518,0,0
theta_burst_rate,reference,reference,recipe:wikenheiser_2013,literature,ripple,interval,median_onset_error,10,-0.146394,-0.172799,-0.130138,0,0,0,1,2000,10,10,849,849,0,0
theta_burst_rate,reference,reference,recipe:wu_2014,literature,burst,interval,median_onset_error,10,-0.0163562,-0.018528,-0.014373,0,0,0,1,2000,10,10,844,844,0,0
theta_burst_rate,reference,reference,recipe:wu_2017,literature,burst,interval,median_onset_error,10,0.0117571,0.00916774,0.0144137,0,0,0,1,2000,10,10,523,523,0,0
theta_burst_rate,reference,reference,recipe:xu_2019,literature,burst,interval,median_onset_error,10,-0.00774106,-0.0101589,-0.00488211,0,0,0,1,2000,10,10,731,731,0,0
theta_burst_rate,reference,reference,recipe:yamamoto_2017,literature,network,interval,median_onset_error,10,0.0294767,0.0276603,0.0314484,0,0,0,1,2000,10,10,612,612,0,0
theta_burst_rate,reference,reference,recipe:yang_2024,literature,network,interval,median_onset_error,10,-0.0138354,-0.0183971,-0.0119283,0,0,0,1,2000,10,10,454,454,0,0
theta_burst_rate,18,theta_burst_rate=18,Carey_candidate_detector,default,network,interval,median_onset_error,10,0.00191235,0.000533399,0.0032102,-0.000398055,-0.00249155,0.00134239,0.669,2000,10,10,891,891,0,0
theta_burst_rate,18,theta_burst_rate=18,Karlsson_ripple_detector,default,ripple,interval,median_onset_error,10,-0.00803244,-0.0101123,-0.00549067,-0.000196186,-0.000526513,0,0.236,2000,10,10,739,739,0,0
theta_burst_rate,18,theta_burst_rate=18,Kay_ripple_detector,default,ripple,interval,median_onset_error,10,0.000741147,-0.000453729,0.0016308,1.25315e-05,-0.000112872,0.000116221,1,2000,10,10,843,844,0,0
theta_burst_rate,18,theta_burst_rate=18,Long_sharp_wave_ripple_detector,default,ripple,interval,median_onset_error,10,0.0121998,0.010706,0.0136956,0,0,0,1,2000,10,10,704,704,0,0
theta_burst_rate,18,theta_burst_rate=18,Roumis_ripple_detector,default,ripple,interval,median_onset_error,10,0.000568521,-0.000624192,0.00161769,3.36452e-05,-8.34947e-05,0.00016184,1,2000,10,10,845,845,0,0
theta_burst_rate,18,theta_burst_rate=18,Shvartsman_ripple_detector,default,ripple,interval,median_onset_error,10,-0.00963181,-0.0115167,-0.00683562,-6.49704e-06,-0.000411608,0.000205804,1,2000,10,10,678,677,0,0
theta_burst_rate,18,theta_burst_rate=18,Yu_ripple_detector,default,ripple,interval,median_onset_error,10,0.00165496,0.000832712,0.00238348,-5.43837e-05,-0.00013021,0,0.826,2000,10,10,865,865,0,0
theta_burst_rate,18,theta_burst_rate=18,Zugaro_ripple_detector,default,ripple,interval,median_onset_error,10,0.0141343,0.0132007,0.0155443,0.000227821,-0.000102706,0.000619064,0.219,2000,10,10,692,689,0,0
theta_burst_rate,18,theta_burst_rate=18,multiunit_HSE_detector,default,burst,interval,median_onset_error,10,-0.02109,-0.0232798,-0.0193045,0.00045938,-0.00114892,0.00211465,0.579,2000,10,10,906,911,0,0
theta_burst_rate,18,theta_burst_rate=18,recipe:ambrose_2016,literature,ripple,interval,median_onset_error,10,-0.0157483,-0.0178301,-0.0143331,-5.32933e-06,-0.00054807,8.64119e-05,0.64,2000,10,10,741,743,0,0
theta_burst_rate,18,theta_burst_rate=18,recipe:bendor_2012,literature,burst,interval,median_onset_error,10,0.0114048,0.00992374,0.0132237,-0.000107247,-0.00137776,0.00188552,0.965,2000,10,10,646,655,0,0
theta_burst_rate,18,theta_burst_rate=18,recipe:berners_lee_2021,literature,ripple,interval,median_onset_error,10,-0.0156968,-0.017383,-0.0134342,-0.000137922,-0.000400663,0.000178813,0.866,2000,10,10,804,806,0,0
theta_burst_rate,18,theta_burst_rate=18,recipe:berners_lee_2022,literature,burst,interval,median_onset_error,10,-0.0152232,-0.0176622,-0.01258,-0.00217528,-0.00444887,0.000103907,0.062,2000,10,10,659,668,0,0
theta_burst_rate,18,theta_burst_rate=18,recipe:bhattarai_2020,literature,network,interval,median_onset_error,10,-0.0976105,-0.114422,-0.0759104,-0.0144817,-0.0394031,0.0196145,0.379,2000,10,10,402,418,0,0
theta_burst_rate,18,theta_burst_rate=18,recipe:bhattarai_2020_ripples,literature,ripple,interval,median_onset_error,10,0.00199861,0.000763695,0.00325948,0.000492872,-0.000640464,0.00153979,0.466,2000,10,10,460,474,0,0
theta_burst_rate,18,theta_burst_rate=18,recipe:bush_2022,literature,burst,interval,median_onset_error,10,0.00217267,0.00115235,0.00353808,0.00120893,-0.000280955,0.00296402,0.108,2000,10,10,614,617,0,0
theta_burst_rate,18,theta_burst_rate=18,recipe:carey_2019,literature,network,interval,median_onset_error,10,0.0120962,0.0106201,0.0141465,-0.000610342,-0.00217829,0.00127585,0.567,2000,10,10,888,900,0,0
theta_burst_rate,18,theta_burst_rate=18,recipe:carr_2012,literature,ripple,interval,median_onset_error,10,-0.00803244,-0.0101123,-0.00549067,-0.000196186,-0.000526513,0,0.236,2000,10,10,739,739,0,0
theta_burst_rate,18,theta_burst_rate=18,recipe:chenani_2019,literature,burst,interval,median_onset_error,10,-0.0180232,-0.0188561,-0.0167499,0.00085868,-0.000229002,0.00321658,0.108,2000,10,10,689,671,0,0
theta_burst_rate,18,theta_burst_rate=18,recipe:davidson_2009,literature,burst,interval,median_onset_error,10,-0.0207732,-0.024106,-0.0187368,7.13924e-05,-0.00292818,0.00241558,0.965,2000,10,10,790,784,0,0
theta_burst_rate,18,theta_burst_rate=18,recipe:denovellis_2021,literature,ripple,interval,median_onset_error,10,0.00116733,0.000180002,0.00202305,0.000130246,0,0.000214807,0.429,2000,10,10,846,845,0,0
theta_burst_rate,18,theta_burst_rate=18,recipe:denovellis_2021_mua,literature,burst,interval,median_onset_error,10,-0.0207656,-0.0234547,-0.0186181,0.000866502,-0.00126636,0.00260823,0.492,2000,10,10,908,910,0,0
theta_burst_rate,18,theta_burst_rate=18,recipe:diba_2007,literature,burst,interval,median_onset_error,10,-0.0735017,-0.102755,-0.0517753,-0.000750042,-0.0310844,0.0323636,0.976,2000,10,10,238,251,0,0
theta_burst_rate,18,theta_burst_rate=18,recipe:drieu_2018,literature,burst,interval,median_onset_error,10,-0.00460462,-0.00665507,-0.00308701,-0.000554838,-0.00206994,0.00071407,0.37,2000,10,10,780,769,0,0
theta_burst_rate,18,theta_burst_rate=18,recipe:farooq_2019_neuron,literature,burst,interval,median_onset_error,10,0.0119142,0.0099691,0.0148592,0.000436444,-0.00185983,0.00339811,0.695,2000,10,10,284,274,0,0
theta_burst_rate,18,theta_burst_rate=18,recipe:farooq_2019_science,literature,burst,interval,median_onset_error,10,0.0117796,0.0099691,0.0137947,0.000301863,-0.00202364,0.00319374,0.768,2000,10,10,282,272,0,0
theta_burst_rate,18,theta_burst_rate=18,recipe:farooq_2019_science_awake,literature,burst,interval,median_onset_error,10,0.0117796,0.0099691,0.0137947,0.000301863,-0.00202364,0.00319374,0.768,2000,10,10,282,272,0,0
theta_burst_rate,18,theta_burst_rate=18,recipe:foster_2006,literature,burst,interval,median_onset_error,10,-0.00597096,-0.0130322,0.000647736,6.61304e-05,-0.00535784,0.00573721,0.922,2000,10,10,146,145,0,0
theta_burst_rate,18,theta_burst_rate=18,recipe:foster_2006_ripples,literature,ripple,interval,median_onset_error,10,0.0340714,0.0309958,0.0352209,0.000328773,0,0.000841562,0.582,2000,10,10,76,76,0,0
theta_burst_rate,18,theta_burst_rate=18,recipe:gillespie_2021,literature,ripple,interval,median_onset_error,10,0.000741147,-0.000453729,0.0016308,1.25315e-05,-0.000112872,0.000116221,1,2000,10,10,843,844,0,0
theta_burst_rate,18,theta_burst_rate=18,recipe:gillespie_2021_mua,literature,burst,interval,median_onset_error,10,-0.0207186,-0.0240836,-0.0187517,0.000126021,-0.00233744,0.00184741,0.995,2000,10,10,811,804,0,0
theta_burst_rate,18,theta_burst_rate=18,recipe:gridchyn_2020,literature,burst,interval,median_onset_error,10,0.0119512,0.0100143,0.0149017,0.000458057,-0.0015681,0.00325166,0.756,2000,10,10,874,872,0,0
theta_burst_rate,18,theta_burst_rate=18,recipe:grosmark_2016,literature,network,interval,median_onset_error,10,-0.0131435,-0.0153203,-0.0113935,0.00069187,-0.002297,0.00452389,0.622,2000,10,10,459,454,0,0
theta_burst_rate,18,theta_burst_rate=18,recipe:gupta_2010,literature,ripple,interval,median_onset_error,10,0.000692585,-0.000516766,0.00150315,4.31163e-05,-0.000167855,0.000295841,1,2000,10,10,817,816,0,0
theta_burst_rate,18,theta_burst_rate=18,recipe:harvey_2023_code,literature,ripple,interval,median_onset_error,10,0.0127452,0.0118697,0.01412,-0.000662905,-0.00186599,5.04195e-05,0.108,2000,10,10,588,575,0,0
theta_burst_rate,18,theta_burst_rate=18,recipe:harvey_2023_no_radiatum,literature,ripple,interval,median_onset_error,10,8.38549e-05,-0.00315594,0.00162574,6.2685e-05,-0.000899116,0.00130306,0.888,2000,10,10,626,609,0,0
theta_burst_rate,18,theta_burst_rate=18,recipe:harvey_2023_text,literature,ripple,interval,median_onset_error,10,0.0143671,0.0133529,0.0152102,0,0,0,1,2000,10,10,617,617,0,0
theta_burst_rate,18,theta_burst_rate=18,recipe:huelin_gorriz_2023,literature,network,interval,median_onset_error,10,-0.0147072,-0.0162255,-0.0128672,-0.000337213,-0.00211249,0.00248476,0.798,2000,10,10,559,557,0,0
theta_burst_rate,18,theta_burst_rate=18,recipe:igata_2021,literature,burst,interval,median_onset_error,10,-0.0199781,-0.0226657,-0.0177595,0.00086645,-0.000893592,0.00259158,0.356,2000,10,10,911,912,0,0
theta_burst_rate,18,theta_burst_rate=18,recipe:igata_2021_ripples,literature,ripple,interval,median_onset_error,10,0.00122536,0.000897189,0.00172096,4.89875e-05,0,0.000138774,0.402,2000,10,10,890,890,0,0
theta_burst_rate,18,theta_burst_rate=18,recipe:jadhav_2016,literature,ripple,interval,median_onset_error,10,-0.0078681,-0.01025,-0.00529149,-3.86302e-05,-0.000521893,0,0.447,2000,10,10,597,598,0,0
theta_burst_rate,18,theta_burst_rate=18,recipe:ji_2007,literature,burst,interval,median_onset_error,10,0.0156407,0.0134202,0.01789,-0.00211217,-0.00646691,0.00275263,0.393,2000,10,10,713,685,0,0
theta_burst_rate,18,theta_burst_rate=18,recipe:ji_2007_ripples,literature,ripple,interval,median_onset_error,10,-0.0453866,-0.164041,0.00947258,0.008,0,0.0193333,0.775264,1989,4,4,5,5,0,0
theta_burst_rate,18,theta_burst_rate=18,recipe:kaefer_2020,literature,ripple,interval,median_onset_error,10,-0.14672,-0.177766,-0.0950664,0,0,0,1,2000,7,7,11,11,0,0
theta_burst_rate,18,theta_burst_rate=18,recipe:karlsson_2009,literature,ripple,interval,median_onset_error,10,-0.00803244,-0.0101123,-0.00549067,-0.000196186,-0.000526513,0,0.236,2000,10,10,739,739,0,0
theta_burst_rate,18,theta_burst_rate=18,recipe:krause_2022,literature,network,interval,median_onset_error,10,0.0145325,0.0123534,0.0170925,0.000103223,-0.00105442,0.00213399,0.714,2000,10,10,680,676,0,0
theta_burst_rate,18,theta_burst_rate=18,recipe:krause_2022_hse,literature,burst,interval,median_onset_error,10,-0.031026,-0.0343259,-0.029086,0.00136706,-0.00232948,0.00321688,0.601,2000,10,10,813,801,0,0
theta_burst_rate,18,theta_burst_rate=18,recipe:kudrimoti_1999,literature,ripple,interval,median_onset_error,10,0.0318674,0.029584,0.0353648,0,0,0,1,2000,10,10,25,25,0,0
theta_burst_rate,18,theta_burst_rate=18,recipe:lee_2002,literature,burst,interval,median_onset_error,10,-0.0332463,-0.0419957,-0.0225052,0.0050574,-0.00298144,0.0144027,0.185,2000,10,10,923,929,0,0
theta_burst_rate,18,theta_burst_rate=18,recipe:lee_2002_ripples,literature,ripple,interval,median_onset_error,10,0.0340714,0.0309958,0.0352209,0.000328773,0,0.000841562,0.582,2000,10,10,76,76,0,0
theta_burst_rate,18,theta_burst_rate=18,recipe:liu_2019,literature,burst,interval,median_onset_error,10,-0.145751,-0.161348,-0.124876,0.0018411,-0.0176196,0.0202699,0.936,2000,10,10,814,825,0,0
theta_burst_rate,18,theta_burst_rate=18,recipe:liu_2019_awake,literature,burst,interval,median_onset_error,10,-0.145751,-0.161348,-0.124876,0.0018411,-0.0176196,0.0202699,0.936,2000,10,10,814,825,0,0
theta_burst_rate,18,theta_burst_rate=18,recipe:liu_2023,literature,network,interval,median_onset_error,10,-0.00615125,-0.00788162,-0.00345991,0.00103453,-0.00100479,0.00444557,0.268,2000,10,10,467,470,0,0
theta_burst_rate,18,theta_burst_rate=18,recipe:maboudi_2018,literature,burst,interval,median_onset_error,10,-0.0323764,-0.0348215,-0.0295228,0.000162087,-0.00237656,0.00290147,0.774,2000,10,10,785,775,0,0
theta_burst_rate,18,theta_burst_rate=18,recipe:maboudi_2018_open_field,literature,burst,interval,median_onset_error,10,-0.000527804,-0.00165622,0.00107439,0.00216976,-0.000341798,0.0041711,0.104,2000,10,10,745,721,0,0
theta_burst_rate,18,theta_burst_rate=18,recipe:mallory_2025,literature,burst,interval,median_onset_error,10,-0.0139307,-0.014917,-0.012925,0.00164316,-0.000174564,0.00409029,0.077,2000,10,10,772,743,0,0
theta_burst_rate,18,theta_burst_rate=18,recipe:mallory_2025_ripples,literature,ripple,interval,median_onset_error,10,-0.0170674,-0.0195565,-0.0142811,-2.78293e-05,-0.000482378,0,0.891,2000,10,10,704,704,0,0
theta_burst_rate,18,theta_burst_rate=18,recipe:michon_2019,literature,network,interval,median_onset_error,10,7.34567e-05,-0.00259684,0.00232383,0.00172776,-0.000728245,0.00383509,0.232,2000,10,10,269,273,0,0
theta_burst_rate,18,theta_burst_rate=18,recipe:michon_2021,literature,network,interval,median_onset_error,10,7.34567e-05,-0.00259684,0.00232383,0.00172776,-0.000728245,0.00383509,0.232,2000,10,10,269,273,0,0
theta_burst_rate,18,theta_burst_rate=18,recipe:mou_2022,literature,burst,interval,median_onset_error,10,-0.0405337,-0.0487414,-0.0363926,0.00576385,-0.00384223,0.0152337,0.278,2000,10,10,829,838,0,0
theta_burst_rate,18,theta_burst_rate=18,recipe:muessig_2019,literature,network,interval,median_onset_error,10,0.0223161,0.0169818,0.0347021,-0.00393368,-0.00900361,0.00802969,0.502,2000,10,10,104,116,0,0
theta_burst_rate,18,theta_burst_rate=18,recipe:muessig_2019_ripples,literature,ripple,interval,median_onset_error,10,-0.00840243,-0.0107473,-0.00392214,0.000103023,0,0.000384297,1,2000,10,10,894,893,0,0
theta_burst_rate,18,theta_burst_rate=18,recipe:nadasdy_1999,literature,ripple,interval,median_onset_error,10,0.00493088,0.00432432,0.00558382,3.13951e-05,-3.25184e-05,0.000287407,0.38,2000,10,10,469,471,0,0
theta_burst_rate,18,theta_burst_rate=18,recipe:olafsdottir_2015,literature,burst,interval,median_onset_error,10,0.00489398,0.0028988,0.00726563,-0.00044865,-0.00305087,0.00139265,0.72,2000,10,10,676,662,0,0
theta_burst_rate,18,theta_burst_rate=18,recipe:olafsdottir_2015.bayesian_candidates,literature,burst,interval,median_onset_error,10,0.00439761,0.00111869,0.00720961,-0.000488394,-0.00324829,0.00167363,0.817,2000,10,10,598,599,0,0
theta_burst_rate,18,theta_burst_rate=18,recipe:olafsdottir_2016,literature,burst,interval,median_onset_error,10,0.00991566,0.0084322,0.0123457,-0.00120037,-0.00257188,0.00168409,0.535,2000,10,10,568,558,0,0
theta_burst_rate,18,theta_burst_rate=18,recipe:olafsdottir_2017,literature,burst,interval,median_onset_error,10,0.0111332,0.00991566,0.0123457,-0.00107157,-0.00267934,0.00048442,0.189,2000,10,10,763,744,0,0
theta_burst_rate,18,theta_burst_rate=18,recipe:olafsdottir_2017.trajectory,literature,burst,interval,median_onset_error,10,0.00991566,0.0084322,0.0123457,-0.00120037,-0.00257188,0.00168409,0.535,2000,10,10,568,558,0,0
theta_burst_rate,18,theta_burst_rate=18,recipe:pfeiffer_2013,literature,burst,interval,median_onset_error,10,-0.000527804,-0.00165622,0.00107439,0.00216976,-0.000341798,0.0041711,0.104,2000,10,10,745,721,0,0
theta_burst_rate,18,theta_burst_rate=18,recipe:pfeiffer_2013_ripples,literature,ripple,interval,median_onset_error,10,-0.0157483,-0.0178301,-0.0143331,-5.32933e-06,-0.00054807,8.64119e-05,0.64,2000,10,10,741,743,0,0
theta_burst_rate,18,theta_burst_rate=18,recipe:pfeiffer_2015,literature,ripple,interval,median_onset_error,10,-0.0157483,-0.0178301,-0.0143331,-5.32933e-06,-0.00054807,8.64119e-05,0.64,2000,10,10,741,743,0,0
theta_burst_rate,18,theta_burst_rate=18,recipe:shin_2019,literature,ripple,interval,median_onset_error,10,-0.00803244,-0.0101123,-0.00549067,-0.000196186,-0.000526513,0,0.236,2000,10,10,739,739,0,0
theta_burst_rate,18,theta_burst_rate=18,recipe:silva_2015,literature,burst,interval,median_onset_error,10,-0.00894843,-0.0109962,-0.00748658,0.00326579,0.00122857,0.00566914,0,2000,10,10,612,606,0,0
theta_burst_rate,18,theta_burst_rate=18,recipe:stella_2019,literature,ripple,interval,median_onset_error,10,0.0108717,0.0100979,0.0121006,3.67819e-05,-0.000137821,0.000363075,0.86,2000,10,10,677,680,0,0
theta_burst_rate,18,theta_burst_rate=18,recipe:tang_2017,literature,ripple,interval,median_onset_error,10,-0.00803244,-0.0101123,-0.00549067,-0.000196186,-0.000526513,0,0.236,2000,10,10,739,739,0,0
theta_burst_rate,18,theta_burst_rate=18,recipe:tirole_2022,literature,network,interval,median_onset_error,10,-0.0147072,-0.0162255,-0.0128672,-0.000337213,-0.00211249,0.00248476,0.798,2000,10,10,559,557,0,0
theta_burst_rate,18,theta_burst_rate=18,recipe:widloski_2025,literature,ripple,interval,median_onset_error,10,-0.168271,-0.179698,-0.16089,-4.44598e-05,-0.00102336,0.00228413,0.934,2000,10,10,519,518,0,0
theta_burst_rate,18,theta_burst_rate=18,recipe:widloski_2025_bursts,literature,burst,interval,median_onset_error,10,-0.160598,-0.166376,-0.152072,0.00797555,-0.000920248,0.0169472,0.072,2000,10,10,518,518,0,0
theta_burst_rate,18,theta_burst_rate=18,recipe:wikenheiser_2013,literature,ripple,interval,median_onset_error,10,-0.151553,-0.172013,-0.137159,-0.00515904,-0.00979201,0.000340595,0.107,2000,10,10,848,849,0,0
theta_burst_rate,18,theta_burst_rate=18,recipe:wu_2014,literature,burst,interval,median_onset_error,10,-0.0165523,-0.0184946,-0.0143268,-0.000196152,-0.0021138,0.00135254,0.876,2000,10,10,843,844,0,0
theta_burst_rate,18,theta_burst_rate=18,recipe:wu_2017,literature,burst,interval,median_onset_error,10,0.012223,0.00975358,0.0155258,0.000465945,-0.00296614,0.00346748,0.719,2000,10,10,523,523,0,0
theta_burst_rate,18,theta_burst_rate=18,recipe:xu_2019,literature,burst,interval,median_onset_error,10,-0.00390367,-0.00672176,-0.0012445,0.00383739,-9.3307e-05,0.00738896,0.061,2000,10,10,748,731,0,0
theta_burst_rate,18,theta_burst_rate=18,recipe:yamamoto_2017,literature,network,interval,median_onset_error,10,0.0285537,0.0252051,0.0319426,-0.000922972,-0.0047892,0.00313928,0.658,2000,10,10,587,612,0,0
theta_burst_rate,18,theta_burst_rate=18,recipe:yang_2024,literature,network,interval,median_onset_error,10,-0.0131435,-0.0153203,-0.0113935,0.00069187,-0.002297,0.00452389,0.622,2000,10,10,459,454,0,0
slow_amplitude,0,slow_amplitude=0,Carey_candidate_detector,default,network,interval,median_onset_error,10,0.0023104,0.00123107,0.00399637,0,0,0,1,2000,10,10,891,891,0,0
slow_amplitude,0,slow_amplitude=0,Karlsson_ripple_detector,default,ripple,interval,median_onset_error,10,-0.00783625,-0.0099954,-0.00540774,0,0,0,1,2000,10,10,739,739,0,0
slow_amplitude,0,slow_amplitude=0,Kay_ripple_detector,default,ripple,interval,median_onset_error,10,0.000728616,-0.000438561,0.00163915,0,0,0,1,2000,10,10,844,844,0,0
slow_amplitude,0,slow_amplitude=0,Long_sharp_wave_ripple_detector,default,ripple,interval,median_onset_error,10,0.0121998,0.010706,0.0136956,0,0,0,1,2000,10,10,704,704,0,0
slow_amplitude,0,slow_amplitude=0,Roumis_ripple_detector,default,ripple,interval,median_onset_error,10,0.000534876,-0.000645838,0.00161769,0,0,0,1,2000,10,10,845,845,0,0
slow_amplitude,0,slow_amplitude=0,Shvartsman_ripple_detector,default,ripple,interval,median_onset_error,10,-0.00962531,-0.0115123,-0.00686953,0,0,0,1,2000,10,10,677,677,0,0
slow_amplitude,0,slow_amplitude=0,Yu_ripple_detector,default,ripple,interval,median_onset_error,10,0.00170934,0.000880944,0.00241474,0,0,0,1,2000,10,10,865,865,0,0
slow_amplitude,0,slow_amplitude=0,Zugaro_ripple_detector,default,ripple,interval,median_onset_error,10,0.0139065,0.0128742,0.0155587,0,0,0,1,2000,10,10,689,689,0,0
slow_amplitude,0,slow_amplitude=0,multiunit_HSE_detector,default,burst,interval,median_onset_error,10,-0.0215494,-0.0233774,-0.0202821,0,0,0,1,2000,10,10,911,911,0,0
slow_amplitude,0,slow_amplitude=0,recipe:ambrose_2016,literature,ripple,interval,median_onset_error,10,-0.015743,-0.0177555,-0.0142967,0,0,0,1,2000,10,10,743,743,0,0
slow_amplitude,0,slow_amplitude=0,recipe:bendor_2012,literature,burst,interval,median_onset_error,10,0.011512,0.0104613,0.0123958,0,0,0,1,2000,10,10,655,655,0,0
slow_amplitude,0,slow_amplitude=0,recipe:berners_lee_2021,literature,ripple,interval,median_onset_error,10,-0.0155589,-0.0173479,-0.0133744,0,0,0,1,2000,10,10,806,806,0,0
slow_amplitude,0,slow_amplitude=0,recipe:berners_lee_2022,literature,burst,interval,median_onset_error,10,-0.0130479,-0.0159764,-0.0103579,0,0,0,1,2000,10,10,668,668,0,0
slow_amplitude,0,slow_amplitude=0,recipe:bhattarai_2020,literature,network,interval,median_onset_error,10,-0.0831288,-0.0969635,-0.0720238,0,0,0,1,2000,10,10,418,418,0,0
slow_amplitude,0,slow_amplitude=0,recipe:bhattarai_2020_ripples,literature,ripple,interval,median_onset_error,10,0.00150574,0.00025049,0.00309676,0,0,0,1,2000,10,10,474,474,0,0
slow_amplitude,0,slow_amplitude=0,recipe:bush_2022,literature,burst,interval,median_onset_error,10,0.000963743,-0.000634348,0.00233178,0,0,0,1,2000,10,10,617,617,0,0
slow_amplitude,0,slow_amplitude=0,recipe:carey_2019,literature,network,interval,median_onset_error,10,0.0143007,0.0127583,0.0162236,0.00159409,0.000923785,0.00295957,0,2000,10,10,413,900,0,0
slow_amplitude,0,slow_amplitude=0,recipe:carr_2012,literature,ripple,interval,median_onset_error,10,-0.00783625,-0.0099954,-0.00540774,0,0,0,1,2000,10,10,739,739,0,0
slow_amplitude,0,slow_amplitude=0,recipe:chenani_2019,literature,burst,interval,median_onset_error,10,-0.0188819,-0.021828,-0.0175617,0,0,0,1,2000,10,10,671,671,0,0
slow_amplitude,0,slow_amplitude=0,recipe:davidson_2009,literature,burst,interval,median_onset_error,10,-0.0208446,-0.0222665,-0.0193016,0,0,0,1,2000,10,10,784,784,0,0
slow_amplitude,0,slow_amplitude=0,recipe:denovellis_2021,literature,ripple,interval,median_onset_error,10,0.00103708,7.44804e-05,0.00199106,0,0,0,1,2000,10,10,845,845,0,0
slow_amplitude,0,slow_amplitude=0,recipe:denovellis_2021_mua,literature,burst,interval,median_onset_error,10,-0.0216321,-0.0237751,-0.0199833,0,0,0,1,2000,10,10,910,910,0,0
slow_amplitude,0,slow_amplitude=0,recipe:diba_2007,literature,burst,interval,median_onset_error,10,-0.0727517,-0.099299,-0.0577457,0,0,0,1,2000,10,10,251,251,0,0
slow_amplitude,0,slow_amplitude=0,recipe:drieu_2018,literature,burst,interval,median_onset_error,10,-0.00404978,-0.00568393,-0.00285607,0,0,0,1,2000,10,10,769,769,0,0
slow_amplitude,0,slow_amplitude=0,recipe:farooq_2019_neuron,literature,burst,interval,median_onset_error,10,0.0114778,0.00791052,0.0138605,0,0,0,1,2000,10,10,274,274,0,0
slow_amplitude,0,slow_amplitude=0,recipe:farooq_2019_science,literature,burst,interval,median_onset_error,10,0.0114778,0.0079113,0.0138605,0,0,0,1,2000,10,10,272,272,0,0
slow_amplitude,0,slow_amplitude=0,recipe:farooq_2019_science_awake,literature,burst,interval,median_onset_error,10,0.0114778,0.0079113,0.0138605,0,0,0,1,2000,10,10,272,272,0,0
slow_amplitude,0,slow_amplitude=0,recipe:foster_2006,literature,burst,interval,median_onset_error,10,-0.00603709,-0.0101548,0.00259616,0,0,0,1,2000,10,10,145,145,0,0
slow_amplitude,0,slow_amplitude=0,recipe:foster_2006_ripples,literature,ripple,interval,median_onset_error,10,0.0337426,0.0309958,0.0347633,0,0,0,1,2000,10,10,76,76,0,0
slow_amplitude,0,slow_amplitude=0,recipe:gillespie_2021,literature,ripple,interval,median_onset_error,10,0.000728616,-0.000438561,0.00163915,0,0,0,1,2000,10,10,844,844,0,0
slow_amplitude,0,slow_amplitude=0,recipe:gillespie_2021_mua,literature,burst,interval,median_onset_error,10,-0.0208446,-0.0224039,-0.0192365,0,0,0,1,2000,10,10,804,804,0,0
slow_amplitude,0,slow_amplitude=0,recipe:gridchyn_2020,literature,burst,interval,median_onset_error,10,0.0114932,0.00973624,0.0128004,0,0,0,1,2000,10,10,872,872,0,0
slow_amplitude,0,slow_amplitude=0,recipe:grosmark_2016,literature,network,interval,median_onset_error,10,-0.0138354,-0.0183971,-0.0119283,0,0,0,1,2000,10,10,454,454,0,0
slow_amplitude,0,slow_amplitude=0,recipe:gupta_2010,literature,ripple,interval,median_onset_error,10,0.000649468,-0.000516766,0.00149165,0,0,0,1,2000,10,10,816,816,0,0
slow_amplitude,0,slow_amplitude=0,recipe:harvey_2023_code,literature,ripple,interval,median_onset_error,10,0.0134081,0.0119995,0.0157787,0,0,0,1,2000,10,10,575,575,0,0
slow_amplitude,0,slow_amplitude=0,recipe:harvey_2023_no_radiatum,literature,ripple,interval,median_onset_error,10,2.11699e-05,-0.00315594,0.00152412,0,0,0,1,2000,10,10,609,609,0,0
slow_amplitude,0,slow_amplitude=0,recipe:harvey_2023_text,literature,ripple,interval,median_onset_error,10,0.0145613,0.0132007,0.0154957,0.000194129,-0.000262649,0.000492694,0.651,2000,10,10,652,617,0,0
slow_amplitude,0,slow_amplitude=0,recipe:huelin_gorriz_2023,literature,network,interval,median_onset_error,10,-0.01437,-0.0172593,-0.0127015,0,0,0,1,2000,10,10,557,557,0,0
slow_amplitude,0,slow_amplitude=0,recipe:igata_2021,literature,burst,interval,median_onset_error,10,-0.0208446,-0.0230458,-0.0189872,0,0,0,1,2000,10,10,912,912,0,0
slow_amplitude,0,slow_amplitude=0,recipe:igata_2021_ripples,literature,ripple,interval,median_onset_error,10,0.00117637,0.000836552,0.00170338,0,0,0,1,2000,10,10,890,890,0,0
slow_amplitude,0,slow_amplitude=0,recipe:jadhav_2016,literature,ripple,interval,median_onset_error,10,-0.00782947,-0.0101123,-0.00525858,0,0,0,1,2000,10,10,598,598,0,0
slow_amplitude,0,slow_amplitude=0,recipe:ji_2007,literature,burst,interval,median_onset_error,10,0.0177528,0.0144042,0.0203139,0,0,0,1,2000,10,10,685,685,0,0
slow_amplitude,0,slow_amplitude=0,recipe:ji_2007_ripples,literature,ripple,interval,median_onset_error,10,-0.0533866,-0.183374,0.00947258,0,0,0,1,1989,4,4,5,5,0,0
slow_amplitude,0,slow_amplitude=0,recipe:kaefer_2020,literature,ripple,interval,median_onset_error,10,-0.0746664,-0.0783359,-0.0720466,0.0720535,0.0204508,0.104268,0.025,2000,10,7,149,11,0,0
slow_amplitude,0,slow_amplitude=0,recipe:karlsson_2009,literature,ripple,interval,median_onset_error,10,-0.00783625,-0.0099954,-0.00540774,0,0,0,1,2000,10,10,739,739,0,0
slow_amplitude,0,slow_amplitude=0,recipe:krause_2022,literature,network,interval,median_onset_error,10,0.0144293,0.0122692,0.0163226,0,0,0,1,2000,10,10,676,676,0,0
slow_amplitude,0,slow_amplitude=0,recipe:krause_2022_hse,literature,burst,interval,median_onset_error,10,-0.0323931,-0.0346551,-0.0290887,0,0,0,1,2000,10,10,801,801,0,0
slow_amplitude,0,slow_amplitude=0,recipe:kudrimoti_1999,literature,ripple,interval,median_onset_error,10,0.0318674,0.029584,0.0353648,0,0,0,1,2000,10,10,25,25,0,0
slow_amplitude,0,slow_amplitude=0,recipe:lee_2002,literature,burst,interval,median_onset_error,10,-0.0383037,-0.0457685,-0.0332465,0,0,0,1,2000,10,10,929,929,0,0
slow_amplitude,0,slow_amplitude=0,recipe:lee_2002_ripples,literature,ripple,interval,median_onset_error,10,0.0337426,0.0309958,0.0347633,0,0,0,1,2000,10,10,76,76,0,0
slow_amplitude,0,slow_amplitude=0,recipe:liu_2019,literature,burst,interval,median_onset_error,10,-0.147592,-0.157828,-0.132624,0,0,0,1,2000,10,10,825,825,0,0
slow_amplitude,0,slow_amplitude=0,recipe:liu_2019_awake,literature,burst,interval,median_onset_error,10,-0.147592,-0.157828,-0.132624,0,0,0,1,2000,10,10,825,825,0,0
slow_amplitude,0,slow_amplitude=0,recipe:liu_2023,literature,network,interval,median_onset_error,10,-0.00718578,-0.010088,-0.00536157,0,0,0,1,2000,10,10,470,470,0,0
slow_amplitude,0,slow_amplitude=0,recipe:maboudi_2018,literature,burst,interval,median_onset_error,10,-0.0325385,-0.0350644,-0.0294038,0,0,0,1,2000,10,10,775,775,0,0
slow_amplitude,0,slow_amplitude=0,recipe:maboudi_2018_open_field,literature,burst,interval,median_onset_error,10,-0.00269756,-0.00399852,-8.80208e-05,0,0,0,1,2000,10,10,721,721,0,0
slow_amplitude,0,slow_amplitude=0,recipe:mallory_2025,literature,burst,interval,median_onset_error,10,-0.0155739,-0.0176664,-0.0144297,0,0,0,1,2000,10,10,743,743,0,0
slow_amplitude,0,slow_amplitude=0,recipe:mallory_2025_ripples,literature,ripple,interval,median_onset_error,10,-0.0170396,-0.0193004,-0.0142674,0,0,0,1,2000,10,10,704,704,0,0
slow_amplitude,0,slow_amplitude=0,recipe:michon_2019,literature,network,interval,median_onset_error,10,-0.00165431,-0.00362832,0.000536935,0,0,0,1,2000,10,10,273,273,0,0
slow_amplitude,0,slow_amplitude=0,recipe:michon_2021,literature,network,interval,median_onset_error,10,-0.00165431,-0.00362832,0.000536935,0,0,0,1,2000,10,10,273,273,0,0
slow_amplitude,0,slow_amplitude=0,recipe:mou_2022,literature,burst,interval,median_onset_error,10,-0.0462975,-0.0555394,-0.0401892,0,0,0,1,2000,10,10,838,838,0,0
slow_amplitude,0,slow_amplitude=0,recipe:muessig_2019,literature,network,interval,median_onset_error,10,0.0262498,0.0215342,0.0309892,0,0,0,1,2000,10,10,116,116,0,0
slow_amplitude,0,slow_amplitude=0,recipe:muessig_2019_ripples,literature,ripple,interval,median_onset_error,10,-0.00850545,-0.0108126,-0.00392214,0,0,0,1,2000,10,10,893,893,0,0
slow_amplitude,0,slow_amplitude=0,recipe:nadasdy_1999,literature,ripple,interval,median_onset_error,10,0.00489948,0.00428016,0.00549517,0,0,0,1,2000,10,10,471,471,0,0
slow_amplitude,0,slow_amplitude=0,recipe:olafsdottir_2015,literature,burst,interval,median_onset_error,10,0.00534263,0.00360919,0.00774539,0,0,0,1,2000,10,10,662,662,0,0
slow_amplitude,0,slow_amplitude=0,recipe:olafsdottir_2015.bayesian_candidates,literature,burst,interval,median_onset_error,10,0.004886,0.00284124,0.00630589,0,0,0,1,2000,10,10,599,599,0,0
slow_amplitude,0,slow_amplitude=0,recipe:olafsdottir_2016,literature,burst,interval,median_onset_error,10,0.011116,0.00799637,0.0127389,0,0,0,1,2000,10,10,558,558,0,0
slow_amplitude,0,slow_amplitude=0,recipe:olafsdottir_2017,literature,burst,interval,median_onset_error,10,0.0122048,0.0108757,0.0136994,0,0,0,1,2000,10,10,744,744,0,0
slow_amplitude,0,slow_amplitude=0,recipe:olafsdottir_2017.trajectory,literature,burst,interval,median_onset_error,10,0.011116,0.00799637,0.0127389,0,0,0,1,2000,10,10,558,558,0,0
slow_amplitude,0,slow_amplitude=0,recipe:pfeiffer_2013,literature,burst,interval,median_onset_error,10,-0.00269756,-0.00399852,-8.80208e-05,0,0,0,1,2000,10,10,721,721,0,0
slow_amplitude,0,slow_amplitude=0,recipe:pfeiffer_2013_ripples,literature,ripple,interval,median_onset_error,10,-0.015743,-0.0177555,-0.0142967,0,0,0,1,2000,10,10,743,743,0,0
slow_amplitude,0,slow_amplitude=0,recipe:pfeiffer_2015,literature,ripple,interval,median_onset_error,10,-0.015743,-0.0177555,-0.0142967,0,0,0,1,2000,10,10,743,743,0,0
slow_amplitude,0,slow_amplitude=0,recipe:shin_2019,literature,ripple,interval,median_onset_error,10,-0.00783625,-0.0099954,-0.00540774,0,0,0,1,2000,10,10,739,739,0,0
slow_amplitude,0,slow_amplitude=0,recipe:silva_2015,literature,burst,interval,median_onset_error,10,-0.0122142,-0.0153682,-0.0101496,0,0,0,1,2000,10,10,606,606,0,0
slow_amplitude,0,slow_amplitude=0,recipe:stella_2019,literature,ripple,interval,median_onset_error,10,0.0107577,0.00998217,0.0119348,-7.72669e-05,-0.000330258,5.37334e-05,0.578,2000,10,10,684,680,0,0
slow_amplitude,0,slow_amplitude=0,recipe:tang_2017,literature,ripple,interval,median_onset_error,10,-0.00783625,-0.0099954,-0.00540774,0,0,0,1,2000,10,10,739,739,0,0
slow_amplitude,0,slow_amplitude=0,recipe:tirole_2022,literature,network,interval,median_onset_error,10,-0.01437,-0.0172593,-0.0127015,0,0,0,1,2000,10,10,557,557,0,0
slow_amplitude,0,slow_amplitude=0,recipe:widloski_2025,literature,ripple,interval,median_onset_error,10,-0.168227,-0.180249,-0.160493,0,-0.000373026,0,1,2000,10,10,518,518,0,0
slow_amplitude,0,slow_amplitude=0,recipe:widloski_2025_bursts,literature,burst,interval,median_onset_error,10,-0.168573,-0.174543,-0.15673,0,0,0,1,2000,10,10,518,518,0,0
slow_amplitude,0,slow_amplitude=0,recipe:wikenheiser_2013,literature,ripple,interval,median_onset_error,10,-0.146394,-0.172799,-0.130138,0,0,0,1,2000,10,10,849,849,0,0
slow_amplitude,0,slow_amplitude=0,recipe:wu_2014,literature,burst,interval,median_onset_error,10,-0.0163562,-0.018528,-0.014373,0,0,0,1,2000,10,10,844,844,0,0
slow_amplitude,0,slow_amplitude=0,recipe:wu_2017,literature,burst,interval,median_onset_error,10,0.0117571,0.00916774,0.0144137,0,0,0,1,2000,10,10,523,523,0,0
slow_amplitude,0,slow_amplitude=0,recipe:xu_2019,literature,burst,interval,median_onset_error,10,-0.00774106,-0.0101589,-0.00488211,0,0,0,1,2000,10,10,731,731,0,0
slow_amplitude,0,slow_amplitude=0,recipe:yamamoto_2017,literature,network,interval,median_onset_error,10,0.0294767,0.0276603,0.0314484,0,0,0,1,2000,10,10,612,612,0,0
slow_amplitude,0,slow_amplitude=0,recipe:yang_2024,literature,network,interval,median_onset_error,10,-0.0138354,-0.0183971,-0.0119283,0,0,0,1,2000,10,10,454,454,0,0
slow_amplitude,reference,reference,Carey_candidate_detector,default,network,interval,median_onset_error,10,0.0023104,0.00123107,0.00399637,0,0,0,1,2000,10,10,891,891,0,0
slow_amplitude,reference,reference,Karlsson_ripple_detector,default,ripple,interval,median_onset_error,10,-0.00783625,-0.0099954,-0.00540774,0,0,0,1,2000,10,10,739,739,0,0
slow_amplitude,reference,reference,Kay_ripple_detector,default,ripple,interval,median_onset_error,10,0.000728616,-0.000438561,0.00163915,0,0,0,1,2000,10,10,844,844,0,0
slow_amplitude,reference,reference,Long_sharp_wave_ripple_detector,default,ripple,interval,median_onset_error,10,0.0121998,0.010706,0.0136956,0,0,0,1,2000,10,10,704,704,0,0
slow_amplitude,reference,reference,Roumis_ripple_detector,default,ripple,interval,median_onset_error,10,0.000534876,-0.000645838,0.00161769,0,0,0,1,2000,10,10,845,845,0,0
slow_amplitude,reference,reference,Shvartsman_ripple_detector,default,ripple,interval,median_onset_error,10,-0.00962531,-0.0115123,-0.00686953,0,0,0,1,2000,10,10,677,677,0,0
slow_amplitude,reference,reference,Yu_ripple_detector,default,ripple,interval,median_onset_error,10,0.00170934,0.000880944,0.00241474,0,0,0,1,2000,10,10,865,865,0,0
slow_amplitude,reference,reference,Zugaro_ripple_detector,default,ripple,interval,median_onset_error,10,0.0139065,0.0128742,0.0155587,0,0,0,1,2000,10,10,689,689,0,0
slow_amplitude,reference,reference,multiunit_HSE_detector,default,burst,interval,median_onset_error,10,-0.0215494,-0.0233774,-0.0202821,0,0,0,1,2000,10,10,911,911,0,0
slow_amplitude,reference,reference,recipe:ambrose_2016,literature,ripple,interval,median_onset_error,10,-0.015743,-0.0177555,-0.0142967,0,0,0,1,2000,10,10,743,743,0,0
slow_amplitude,reference,reference,recipe:bendor_2012,literature,burst,interval,median_onset_error,10,0.011512,0.0104613,0.0123958,0,0,0,1,2000,10,10,655,655,0,0
slow_amplitude,reference,reference,recipe:berners_lee_2021,literature,ripple,interval,median_onset_error,10,-0.0155589,-0.0173479,-0.0133744,0,0,0,1,2000,10,10,806,806,0,0
slow_amplitude,reference,reference,recipe:berners_lee_2022,literature,burst,interval,median_onset_error,10,-0.0130479,-0.0159764,-0.0103579,0,0,0,1,2000,10,10,668,668,0,0
slow_amplitude,reference,reference,recipe:bhattarai_2020,literature,network,interval,median_onset_error,10,-0.0831288,-0.0969635,-0.0720238,0,0,0,1,2000,10,10,418,418,0,0
slow_amplitude,reference,reference,recipe:bhattarai_2020_ripples,literature,ripple,interval,median_onset_error,10,0.00150574,0.00025049,0.00309676,0,0,0,1,2000,10,10,474,474,0,0
slow_amplitude,reference,reference,recipe:bush_2022,literature,burst,interval,median_onset_error,10,0.000963743,-0.000634348,0.00233178,0,0,0,1,2000,10,10,617,617,0,0
slow_amplitude,reference,reference,recipe:carey_2019,literature,network,interval,median_onset_error,10,0.0127066,0.0112533,0.0135894,0,0,0,1,2000,10,10,900,900,0,0
slow_amplitude,reference,reference,recipe:carr_2012,literature,ripple,interval,median_onset_error,10,-0.00783625,-0.0099954,-0.00540774,0,0,0,1,2000,10,10,739,739,0,0
slow_amplitude,reference,reference,recipe:chenani_2019,literature,burst,interval,median_onset_error,10,-0.0188819,-0.021828,-0.0175617,0,0,0,1,2000,10,10,671,671,0,0
slow_amplitude,reference,reference,recipe:davidson_2009,literature,burst,interval,median_onset_error,10,-0.0208446,-0.0222665,-0.0193016,0,0,0,1,2000,10,10,784,784,0,0
slow_amplitude,reference,reference,recipe:denovellis_2021,literature,ripple,interval,median_onset_error,10,0.00103708,7.44804e-05,0.00199106,0,0,0,1,2000,10,10,845,845,0,0
slow_amplitude,reference,reference,recipe:denovellis_2021_mua,literature,burst,interval,median_onset_error,10,-0.0216321,-0.0237751,-0.0199833,0,0,0,1,2000,10,10,910,910,0,0
slow_amplitude,reference,reference,recipe:diba_2007,literature,burst,interval,median_onset_error,10,-0.0727517,-0.099299,-0.0577457,0,0,0,1,2000,10,10,251,251,0,0
slow_amplitude,reference,reference,recipe:drieu_2018,literature,burst,interval,median_onset_error,10,-0.00404978,-0.00568393,-0.00285607,0,0,0,1,2000,10,10,769,769,0,0
slow_amplitude,reference,reference,recipe:farooq_2019_neuron,literature,burst,interval,median_onset_error,10,0.0114778,0.00791052,0.0138605,0,0,0,1,2000,10,10,274,274,0,0
slow_amplitude,reference,reference,recipe:farooq_2019_science,literature,burst,interval,median_onset_error,10,0.0114778,0.0079113,0.0138605,0,0,0,1,2000,10,10,272,272,0,0
slow_amplitude,reference,reference,recipe:farooq_2019_science_awake,literature,burst,interval,median_onset_error,10,0.0114778,0.0079113,0.0138605,0,0,0,1,2000,10,10,272,272,0,0
slow_amplitude,reference,reference,recipe:foster_2006,literature,burst,interval,median_onset_error,10,-0.00603709,-0.0101548,0.00259616,0,0,0,1,2000,10,10,145,145,0,0
slow_amplitude,reference,reference,recipe:foster_2006_ripples,literature,ripple,interval,median_onset_error,10,0.0337426,0.0309958,0.0347633,0,0,0,1,2000,10,10,76,76,0,0
slow_amplitude,reference,reference,recipe:gillespie_2021,literature,ripple,interval,median_onset_error,10,0.000728616,-0.000438561,0.00163915,0,0,0,1,2000,10,10,844,844,0,0
slow_amplitude,reference,reference,recipe:gillespie_2021_mua,literature,burst,interval,median_onset_error,10,-0.0208446,-0.0224039,-0.0192365,0,0,0,1,2000,10,10,804,804,0,0
slow_amplitude,reference,reference,recipe:gridchyn_2020,literature,burst,interval,median_onset_error,10,0.0114932,0.00973624,0.0128004,0,0,0,1,2000,10,10,872,872,0,0
slow_amplitude,reference,reference,recipe:grosmark_2016,literature,network,interval,median_onset_error,10,-0.0138354,-0.0183971,-0.0119283,0,0,0,1,2000,10,10,454,454,0,0
slow_amplitude,reference,reference,recipe:gupta_2010,literature,ripple,interval,median_onset_error,10,0.000649468,-0.000516766,0.00149165,0,0,0,1,2000,10,10,816,816,0,0
slow_amplitude,reference,reference,recipe:harvey_2023_code,literature,ripple,interval,median_onset_error,10,0.0134081,0.0119995,0.0157787,0,0,0,1,2000,10,10,575,575,0,0
slow_amplitude,reference,reference,recipe:harvey_2023_no_radiatum,literature,ripple,interval,median_onset_error,10,2.11699e-05,-0.00315594,0.00152412,0,0,0,1,2000,10,10,609,609,0,0
slow_amplitude,reference,reference,recipe:harvey_2023_text,literature,ripple,interval,median_onset_error,10,0.0143671,0.0133529,0.0152102,0,0,0,1,2000,10,10,617,617,0,0
slow_amplitude,reference,reference,recipe:huelin_gorriz_2023,literature,network,interval,median_onset_error,10,-0.01437,-0.0172593,-0.0127015,0,0,0,1,2000,10,10,557,557,0,0
slow_amplitude,reference,reference,recipe:igata_2021,literature,burst,interval,median_onset_error,10,-0.0208446,-0.0230458,-0.0189872,0,0,0,1,2000,10,10,912,912,0,0
slow_amplitude,reference,reference,recipe:igata_2021_ripples,literature,ripple,interval,median_onset_error,10,0.00117637,0.000836552,0.00170338,0,0,0,1,2000,10,10,890,890,0,0
slow_amplitude,reference,reference,recipe:jadhav_2016,literature,ripple,interval,median_onset_error,10,-0.00782947,-0.0101123,-0.00525858,0,0,0,1,2000,10,10,598,598,0,0
slow_amplitude,reference,reference,recipe:ji_2007,literature,burst,interval,median_onset_error,10,0.0177528,0.0144042,0.0203139,0,0,0,1,2000,10,10,685,685,0,0
slow_amplitude,reference,reference,recipe:ji_2007_ripples,literature,ripple,interval,median_onset_error,10,-0.0533866,-0.183374,0.00947258,0,0,0,1,1989,4,4,5,5,0,0
slow_amplitude,reference,reference,recipe:kaefer_2020,literature,ripple,interval,median_onset_error,10,-0.14672,-0.177766,-0.0950664,0,0,0,1,2000,7,7,11,11,0,0
slow_amplitude,reference,reference,recipe:karlsson_2009,literature,ripple,interval,median_onset_error,10,-0.00783625,-0.0099954,-0.00540774,0,0,0,1,2000,10,10,739,739,0,0
slow_amplitude,reference,reference,recipe:krause_2022,literature,network,interval,median_onset_error,10,0.0144293,0.0122692,0.0163226,0,0,0,1,2000,10,10,676,676,0,0
slow_amplitude,reference,reference,recipe:krause_2022_hse,literature,burst,interval,median_onset_error,10,-0.0323931,-0.0346551,-0.0290887,0,0,0,1,2000,10,10,801,801,0,0
slow_amplitude,reference,reference,recipe:kudrimoti_1999,literature,ripple,interval,median_onset_error,10,0.0318674,0.029584,0.0353648,0,0,0,1,2000,10,10,25,25,0,0
slow_amplitude,reference,reference,recipe:lee_2002,literature,burst,interval,median_onset_error,10,-0.0383037,-0.0457685,-0.0332465,0,0,0,1,2000,10,10,929,929,0,0
slow_amplitude,reference,reference,recipe:lee_2002_ripples,literature,ripple,interval,median_onset_error,10,0.0337426,0.0309958,0.0347633,0,0,0,1,2000,10,10,76,76,0,0
slow_amplitude,reference,reference,recipe:liu_2019,literature,burst,interval,median_onset_error,10,-0.147592,-0.157828,-0.132624,0,0,0,1,2000,10,10,825,825,0,0
slow_amplitude,reference,reference,recipe:liu_2019_awake,literature,burst,interval,median_onset_error,10,-0.147592,-0.157828,-0.132624,0,0,0,1,2000,10,10,825,825,0,0
slow_amplitude,reference,reference,recipe:liu_2023,literature,network,interval,median_onset_error,10,-0.00718578,-0.010088,-0.00536157,0,0,0,1,2000,10,10,470,470,0,0
slow_amplitude,reference,reference,recipe:maboudi_2018,literature,burst,interval,median_onset_error,10,-0.0325385,-0.0350644,-0.0294038,0,0,0,1,2000,10,10,775,775,0,0
slow_amplitude,reference,reference,recipe:maboudi_2018_open_field,literature,burst,interval,median_onset_error,10,-0.00269756,-0.00399852,-8.80208e-05,0,0,0,1,2000,10,10,721,721,0,0
slow_amplitude,reference,reference,recipe:mallory_2025,literature,burst,interval,median_onset_error,10,-0.0155739,-0.0176664,-0.0144297,0,0,0,1,2000,10,10,743,743,0,0
slow_amplitude,reference,reference,recipe:mallory_2025_ripples,literature,ripple,interval,median_onset_error,10,-0.0170396,-0.0193004,-0.0142674,0,0,0,1,2000,10,10,704,704,0,0
slow_amplitude,reference,reference,recipe:michon_2019,literature,network,interval,median_onset_error,10,-0.00165431,-0.00362832,0.000536935,0,0,0,1,2000,10,10,273,273,0,0
slow_amplitude,reference,reference,recipe:michon_2021,literature,network,interval,median_onset_error,10,-0.00165431,-0.00362832,0.000536935,0,0,0,1,2000,10,10,273,273,0,0
slow_amplitude,reference,reference,recipe:mou_2022,literature,burst,interval,median_onset_error,10,-0.0462975,-0.0555394,-0.0401892,0,0,0,1,2000,10,10,838,838,0,0
slow_amplitude,reference,reference,recipe:muessig_2019,literature,network,interval,median_onset_error,10,0.0262498,0.0215342,0.0309892,0,0,0,1,2000,10,10,116,116,0,0
slow_amplitude,reference,reference,recipe:muessig_2019_ripples,literature,ripple,interval,median_onset_error,10,-0.00850545,-0.0108126,-0.00392214,0,0,0,1,2000,10,10,893,893,0,0
slow_amplitude,reference,reference,recipe:nadasdy_1999,literature,ripple,interval,median_onset_error,10,0.00489948,0.00428016,0.00549517,0,0,0,1,2000,10,10,471,471,0,0
slow_amplitude,reference,reference,recipe:olafsdottir_2015,literature,burst,interval,median_onset_error,10,0.00534263,0.00360919,0.00774539,0,0,0,1,2000,10,10,662,662,0,0
slow_amplitude,reference,reference,recipe:olafsdottir_2015.bayesian_candidates,literature,burst,interval,median_onset_error,10,0.004886,0.00284124,0.00630589,0,0,0,1,2000,10,10,599,599,0,0
slow_amplitude,reference,reference,recipe:olafsdottir_2016,literature,burst,interval,median_onset_error,10,0.011116,0.00799637,0.0127389,0,0,0,1,2000,10,10,558,558,0,0
slow_amplitude,reference,reference,recipe:olafsdottir_2017,literature,burst,interval,median_onset_error,10,0.0122048,0.0108757,0.0136994,0,0,0,1,2000,10,10,744,744,0,0
slow_amplitude,reference,reference,recipe:olafsdottir_2017.trajectory,literature,burst,interval,median_onset_error,10,0.011116,0.00799637,0.0127389,0,0,0,1,2000,10,10,558,558,0,0
slow_amplitude,reference,reference,recipe:pfeiffer_2013,literature,burst,interval,median_onset_error,10,-0.00269756,-0.00399852,-8.80208e-05,0,0,0,1,2000,10,10,721,721,0,0
slow_amplitude,reference,reference,recipe:pfeiffer_2013_ripples,literature,ripple,interval,median_onset_error,10,-0.015743,-0.0177555,-0.0142967,0,0,0,1,2000,10,10,743,743,0,0
slow_amplitude,reference,reference,recipe:pfeiffer_2015,literature,ripple,interval,median_onset_error,10,-0.015743,-0.0177555,-0.0142967,0,0,0,1,2000,10,10,743,743,0,0
slow_amplitude,reference,reference,recipe:shin_2019,literature,ripple,interval,median_onset_error,10,-0.00783625,-0.0099954,-0.00540774,0,0,0,1,2000,10,10,739,739,0,0
slow_amplitude,reference,reference,recipe:silva_2015,literature,burst,interval,median_onset_error,10,-0.0122142,-0.0153682,-0.0101496,0,0,0,1,2000,10,10,606,606,0,0
slow_amplitude,reference,reference,recipe:stella_2019,literature,ripple,interval,median_onset_error,10,0.010835,0.0100663,0.0120394,0,0,0,1,2000,10,10,680,680,0,0
slow_amplitude,reference,reference,recipe:tang_2017,literature,ripple,interval,median_onset_error,10,-0.00783625,-0.0099954,-0.00540774,0,0,0,1,2000,10,10,739,739,0,0
slow_amplitude,reference,reference,recipe:tirole_2022,literature,network,interval,median_onset_error,10,-0.01437,-0.0172593,-0.0127015,0,0,0,1,2000,10,10,557,557,0,0
slow_amplitude,reference,reference,recipe:widloski_2025,literature,ripple,interval,median_onset_error,10,-0.168227,-0.180008,-0.160493,0,0,0,1,2000,10,10,518,518,0,0
slow_amplitude,reference,reference,recipe:widloski_2025_bursts,literature,burst,interval,median_onset_error,10,-0.168573,-0.174543,-0.15673,0,0,0,1,2000,10,10,518,518,0,0
slow_amplitude,reference,reference,recipe:wikenheiser_2013,literature,ripple,interval,median_onset_error,10,-0.146394,-0.172799,-0.130138,0,0,0,1,2000,10,10,849,849,0,0
slow_amplitude,reference,reference,recipe:wu_2014,literature,burst,interval,median_onset_error,10,-0.0163562,-0.018528,-0.014373,0,0,0,1,2000,10,10,844,844,0,0
slow_amplitude,reference,reference,recipe:wu_2017,literature,burst,interval,median_onset_error,10,0.0117571,0.00916774,0.0144137,0,0,0,1,2000,10,10,523,523,0,0
slow_amplitude,reference,reference,recipe:xu_2019,literature,burst,interval,median_onset_error,10,-0.00774106,-0.0101589,-0.00488211,0,0,0,1,2000,10,10,731,731,0,0
slow_amplitude,reference,reference,recipe:yamamoto_2017,literature,network,interval,median_onset_error,10,0.0294767,0.0276603,0.0314484,0,0,0,1,2000,10,10,612,612,0,0
slow_amplitude,reference,reference,recipe:yang_2024,literature,network,interval,median_onset_error,10,-0.0138354,-0.0183971,-0.0119283,0,0,0,1,2000,10,10,454,454,0,0
slow_amplitude,8,slow_amplitude=8,Carey_candidate_detector,default,network,interval,median_onset_error,10,0.0023104,0.00123107,0.00399637,0,0,0,1,2000,10,10,891,891,0,0
slow_amplitude,8,slow_amplitude=8,Karlsson_ripple_detector,default,ripple,interval,median_onset_error,10,-0.00783625,-0.0099954,-0.00529149,0,0,9.16378e-09,1,2000,10,10,739,739,0,0
slow_amplitude,8,slow_amplitude=8,Kay_ripple_detector,default,ripple,interval,median_onset_error,10,0.000728616,-0.000438561,0.00163915,0,0,0,1,2000,10,10,844,844,0,0
slow_amplitude,8,slow_amplitude=8,Long_sharp_wave_ripple_detector,default,ripple,interval,median_onset_error,10,0.0121998,0.010706,0.0136956,0,0,0,1,2000,10,10,704,704,0,0
slow_amplitude,8,slow_amplitude=8,Roumis_ripple_detector,default,ripple,interval,median_onset_error,10,0.000534876,-0.000645838,0.00161769,0,0,0,1,2000,10,10,845,845,0,0
slow_amplitude,8,slow_amplitude=8,Shvartsman_ripple_detector,default,ripple,interval,median_onset_error,10,-0.00962531,-0.0115123,-0.00686953,0,0,0,1,2000,10,10,677,677,0,0
slow_amplitude,8,slow_amplitude=8,Yu_ripple_detector,default,ripple,interval,median_onset_error,10,0.00170934,0.000880944,0.00241474,0,0,0,1,2000,10,10,865,865,0,0
slow_amplitude,8,slow_amplitude=8,Zugaro_ripple_detector,default,ripple,interval,median_onset_error,10,0.0139065,0.0128742,0.0155587,0,0,0,1,2000,10,10,689,689,0,0
slow_amplitude,8,slow_amplitude=8,multiunit_HSE_detector,default,burst,interval,median_onset_error,10,-0.0215494,-0.0233774,-0.0202821,0,0,0,1,2000,10,10,911,911,0,0
slow_amplitude,8,slow_amplitude=8,recipe:ambrose_2016,literature,ripple,interval,median_onset_error,10,-0.015743,-0.0177555,-0.0142967,0,0,0,1,2000,10,10,743,743,0,0
slow_amplitude,8,slow_amplitude=8,recipe:bendor_2012,literature,burst,interval,median_onset_error,10,0.011512,0.0104613,0.0123958,0,0,0,1,2000,10,10,655,655,0,0
slow_amplitude,8,slow_amplitude=8,recipe:berners_lee_2021,literature,ripple,interval,median_onset_error,10,-0.0155589,-0.0173479,-0.0133744,0,0,0,1,2000,10,10,806,806,0,0
slow_amplitude,8,slow_amplitude=8,recipe:berners_lee_2022,literature,burst,interval,median_onset_error,10,-0.0130479,-0.0159764,-0.0103579,0,0,0,1,2000,10,10,668,668,0,0
slow_amplitude,8,slow_amplitude=8,recipe:bhattarai_2020,literature,network,interval,median_onset_error,10,-0.0831288,-0.0969635,-0.0720238,0,0,0,1,2000,10,10,418,418,0,0
slow_amplitude,8,slow_amplitude=8,recipe:bhattarai_2020_ripples,literature,ripple,interval,median_onset_error,10,0.00150574,0.00025049,0.00309676,0,0,0,1,2000,10,10,474,474,0,0
slow_amplitude,8,slow_amplitude=8,recipe:bush_2022,literature,burst,interval,median_onset_error,10,0.000963743,-0.000634348,0.00233178,0,0,0,1,2000,10,10,617,617,0,0
slow_amplitude,8,slow_amplitude=8,recipe:carey_2019,literature,network,interval,median_onset_error,10,0.0126848,0.0112065,0.0134659,-2.1756e-05,-0.000346674,0.000153264,0.689,2000,10,10,900,900,0,0
slow_amplitude,8,slow_amplitude=8,recipe:carr_2012,literature,ripple,interval,median_onset_error,10,-0.00783625,-0.0099954,-0.00529149,0,0,9.16378e-09,1,2000,10,10,739,739,0,0
slow_amplitude,8,slow_amplitude=8,recipe:chenani_2019,literature,burst,interval,median_onset_error,10,-0.0188819,-0.021828,-0.0175617,0,0,0,1,2000,10,10,671,671,0,0
slow_amplitude,8,slow_amplitude=8,recipe:davidson_2009,literature,burst,interval,median_onset_error,10,-0.0208446,-0.0222665,-0.0193016,0,0,0,1,2000,10,10,784,784,0,0
slow_amplitude,8,slow_amplitude=8,recipe:denovellis_2021,literature,ripple,interval,median_onset_error,10,0.00103708,7.44804e-05,0.00199106,0,0,0,1,2000,10,10,845,845,0,0
slow_amplitude,8,slow_amplitude=8,recipe:denovellis_2021_mua,literature,burst,interval,median_onset_error,10,-0.0216321,-0.0237751,-0.0199833,0,0,0,1,2000,10,10,910,910,0,0
slow_amplitude,8,slow_amplitude=8,recipe:diba_2007,literature,burst,interval,median_onset_error,10,-0.0727517,-0.099299,-0.0577457,0,0,0,1,2000,10,10,251,251,0,0
slow_amplitude,8,slow_amplitude=8,recipe:drieu_2018,literature,burst,interval,median_onset_error,10,-0.00404978,-0.00568393,-0.00285607,0,0,0,1,2000,10,10,769,769,0,0
slow_amplitude,8,slow_amplitude=8,recipe:farooq_2019_neuron,literature,burst,interval,median_onset_error,10,0.0114778,0.00791052,0.0138605,0,0,0,1,2000,10,10,274,274,0,0
slow_amplitude,8,slow_amplitude=8,recipe:farooq_2019_science,literature,burst,interval,median_onset_error,10,0.0114778,0.0079113,0.0138605,0,0,0,1,2000,10,10,272,272,0,0
slow_amplitude,8,slow_amplitude=8,recipe:farooq_2019_science_awake,literature,burst,interval,median_onset_error,10,0.0114778,0.0079113,0.0138605,0,0,0,1,2000,10,10,272,272,0,0
slow_amplitude,8,slow_amplitude=8,recipe:foster_2006,literature,burst,interval,median_onset_error,10,-0.00603709,-0.0101548,0.00259616,0,0,0,1,2000,10,10,145,145,0,0
slow_amplitude,8,slow_amplitude=8,recipe:foster_2006_ripples,literature,ripple,interval,median_onset_error,10,0.0337426,0.0309958,0.0347633,0,0,0,1,2000,10,10,76,76,0,0
slow_amplitude,8,slow_amplitude=8,recipe:gillespie_2021,literature,ripple,interval,median_onset_error,10,0.000728616,-0.000438561,0.00163915,0,0,0,1,2000,10,10,844,844,0,0
slow_amplitude,8,slow_amplitude=8,recipe:gillespie_2021_mua,literature,burst,interval,median_onset_error,10,-0.0208446,-0.0224039,-0.0192365,0,0,0,1,2000,10,10,804,804,0,0
slow_amplitude,8,slow_amplitude=8,recipe:gridchyn_2020,literature,burst,interval,median_onset_error,10,0.0114932,0.00973624,0.0128004,0,0,0,1,2000,10,10,872,872,0,0
slow_amplitude,8,slow_amplitude=8,recipe:grosmark_2016,literature,network,interval,median_onset_error,10,-0.0138354,-0.0183971,-0.0119283,0,0,0,1,2000,10,10,454,454,0,0
slow_amplitude,8,slow_amplitude=8,recipe:gupta_2010,literature,ripple,interval,median_onset_error,10,0.000649468,-0.000516766,0.00148015,0,-5.90046e-05,0,1,2000,10,10,816,816,0,0
slow_amplitude,8,slow_amplitude=8,recipe:harvey_2023_code,literature,ripple,interval,median_onset_error,10,0.0134081,0.0119995,0.0157787,0,0,0,1,2000,10,10,575,575,0,0
slow_amplitude,8,slow_amplitude=8,recipe:harvey_2023_no_radiatum,literature,ripple,interval,median_onset_error,10,2.11699e-05,-0.00315594,0.00152412,0,0,0,1,2000,10,10,609,609,0,0
slow_amplitude,8,slow_amplitude=8,recipe:harvey_2023_text,literature,ripple,interval,median_onset_error,10,0.0142266,0.0129627,0.0152853,-0.000140533,-0.000729063,0.000324823,0.568,2000,10,10,500,617,0,0
slow_amplitude,8,slow_amplitude=8,recipe:huelin_gorriz_2023,literature,network,interval,median_onset_error,10,-0.01437,-0.0172593,-0.0127015,0,0,0,1,2000,10,10,557,557,0,0
slow_amplitude,8,slow_amplitude=8,recipe:igata_2021,literature,burst,interval,median_onset_error,10,-0.0208446,-0.0230458,-0.0189872,0,0,0,1,2000,10,10,912,912,0,0
slow_amplitude,8,slow_amplitude=8,recipe:igata_2021_ripples,literature,ripple,interval,median_onset_error,10,0.00117637,0.000836552,0.00170338,0,0,0,1,2000,10,10,890,890,0,0
slow_amplitude,8,slow_amplitude=8,recipe:jadhav_2016,literature,ripple,interval,median_onset_error,10,-0.00782947,-0.0101123,-0.00516994,0,0,7.1085e-06,1,2000,10,10,598,598,0,0
slow_amplitude,8,slow_amplitude=8,recipe:ji_2007,literature,burst,interval,median_onset_error,10,0.0177528,0.0144042,0.0203139,0,0,0,1,2000,10,10,685,685,0,0
slow_amplitude,8,slow_amplitude=8,recipe:ji_2007_ripples,literature,ripple,interval,median_onset_error,10,-0.0533866,-0.183374,0.00947258,0,0,0,1,1989,4,4,5,5,0,0
slow_amplitude,8,slow_amplitude=8,recipe:kaefer_2020,literature,ripple,interval,median_onset_error,10,,,,,,,,0,0,7,0,11,0,0
slow_amplitude,8,slow_amplitude=8,recipe:karlsson_2009,literature,ripple,interval,median_onset_error,10,-0.00783625,-0.0099954,-0.00529149,0,0,9.16378e-09,1,2000,10,10,739,739,0,0
slow_amplitude,8,slow_amplitude=8,recipe:krause_2022,literature,network,interval,median_onset_error,10,0.0144293,0.0122692,0.0163226,0,0,0,1,2000,10,10,676,676,0,0
slow_amplitude,8,slow_amplitude=8,recipe:krause_2022_hse,literature,burst,interval,median_onset_error,10,-0.0323931,-0.0346551,-0.0290887,0,0,0,1,2000,10,10,801,801,0,0
slow_amplitude,8,slow_amplitude=8,recipe:kudrimoti_1999,literature,ripple,interval,median_onset_error,10,0.0318674,0.029584,0.0353648,0,0,0,1,2000,10,10,25,25,0,0
slow_amplitude,8,slow_amplitude=8,recipe:lee_2002,literature,burst,interval,median_onset_error,10,-0.0383037,-0.0457685,-0.0332465,0,0,0,1,2000,10,10,929,929,0,0
slow_amplitude,8,slow_amplitude=8,recipe:lee_2002_ripples,literature,ripple,interval,median_onset_error,10,0.0337426,0.0309958,0.0347633,0,0,0,1,2000,10,10,76,76,0,0
slow_amplitude,8,slow_amplitude=8,recipe:liu_2019,literature,burst,interval,median_onset_error,10,-0.147592,-0.157828,-0.132624,0,0,0,1,2000,10,10,825,825,0,0
slow_amplitude,8,slow_amplitude=8,recipe:liu_2019_awake,literature,burst,interval,median_onset_error,10,-0.147592,-0.157828,-0.132624,0,0,0,1,2000,10,10,825,825,0,0
slow_amplitude,8,slow_amplitude=8,recipe:liu_2023,literature,network,interval,median_onset_error,10,-0.00718578,-0.010088,-0.00536157,0,0,0,1,2000,10,10,470,470,0,0
slow_amplitude,8,slow_amplitude=8,recipe:maboudi_2018,literature,burst,interval,median_onset_error,10,-0.0325385,-0.0350644,-0.0294038,0,0,0,1,2000,10,10,775,775,0,0
slow_amplitude,8,slow_amplitude=8,recipe:maboudi_2018_open_field,literature,burst,interval,median_onset_error,10,-0.00269756,-0.00399852,-8.80208e-05,0,0,0,1,2000,10,10,721,721,0,0
slow_amplitude,8,slow_amplitude=8,recipe:mallory_2025,literature,burst,interval,median_onset_error,10,-0.0155739,-0.0176664,-0.0144297,0,0,0,1,2000,10,10,743,743,0,0
slow_amplitude,8,slow_amplitude=8,recipe:mallory_2025_ripples,literature,ripple,interval,median_onset_error,10,-0.0170396,-0.0193004,-0.0142674,0,0,0,1,2000,10,10,704,704,0,0
slow_amplitude,8,slow_amplitude=8,recipe:michon_2019,literature,network,interval,median_onset_error,10,-0.00165431,-0.00362832,0.000536935,0,0,0,1,2000,10,10,273,273,0,0
slow_amplitude,8,slow_amplitude=8,recipe:michon_2021,literature,network,interval,median_onset_error,10,-0.00165431,-0.00362832,0.000536935,0,0,0,1,2000,10,10,273,273,0,0
slow_amplitude,8,slow_amplitude=8,recipe:mou_2022,literature,burst,interval,median_onset_error,10,-0.0462975,-0.0555394,-0.0401892,0,0,0,1,2000,10,10,838,838,0,0
slow_amplitude,8,slow_amplitude=8,recipe:muessig_2019,literature,network,interval,median_onset_error,10,0.0262498,0.0215342,0.0309892,0,0,0,1,2000,10,10,116,116,0,0
slow_amplitude,8,slow_amplitude=8,recipe:muessig_2019_ripples,literature,ripple,interval,median_onset_error,10,-0.00850545,-0.0108126,-0.00392214,0,0,0,1,2000,10,10,893,893,0,0
slow_amplitude,8,slow_amplitude=8,recipe:nadasdy_1999,literature,ripple,interval,median_onset_error,10,0.00489948,0.00428016,0.00549517,0,0,0,1,2000,10,10,471,471,0,0
slow_amplitude,8,slow_amplitude=8,recipe:olafsdottir_2015,literature,burst,interval,median_onset_error,10,0.00534263,0.00360919,0.00774539,0,0,0,1,2000,10,10,662,662,0,0
slow_amplitude,8,slow_amplitude=8,recipe:olafsdottir_2015.bayesian_candidates,literature,burst,interval,median_onset_error,10,0.004886,0.00284124,0.00630589,0,0,0,1,2000,10,10,599,599,0,0
slow_amplitude,8,slow_amplitude=8,recipe:olafsdottir_2016,literature,burst,interval,median_onset_error,10,0.011116,0.00799637,0.0127389,0,0,0,1,2000,10,10,558,558,0,0
slow_amplitude,8,slow_amplitude=8,recipe:olafsdottir_2017,literature,burst,interval,median_onset_error,10,0.0122048,0.0108757,0.0136994,0,0,0,1,2000,10,10,744,744,0,0
slow_amplitude,8,slow_amplitude=8,recipe:olafsdottir_2017.trajectory,literature,burst,interval,median_onset_error,10,0.011116,0.00799637,0.0127389,0,0,0,1,2000,10,10,558,558,0,0
slow_amplitude,8,slow_amplitude=8,recipe:pfeiffer_2013,literature,burst,interval,median_onset_error,10,-0.00269756,-0.00399852,-8.80208e-05,0,0,0,1,2000,10,10,721,721,0,0
slow_amplitude,8,slow_amplitude=8,recipe:pfeiffer_2013_ripples,literature,ripple,interval,median_onset_error,10,-0.015743,-0.0177555,-0.0142967,0,0,0,1,2000,10,10,743,743,0,0
slow_amplitude,8,slow_amplitude=8,recipe:pfeiffer_2015,literature,ripple,interval,median_onset_error,10,-0.015743,-0.0177555,-0.0142967,0,0,0,1,2000,10,10,743,743,0,0
slow_amplitude,8,slow_amplitude=8,recipe:shin_2019,literature,ripple,interval,median_onset_error,10,-0.00783625,-0.0099954,-0.00529149,0,0,9.16378e-09,1,2000,10,10,739,739,0,0
slow_amplitude,8,slow_amplitude=8,recipe:silva_2015,literature,burst,interval,median_onset_error,10,-0.0122142,-0.0153682,-0.0101496,0,0,0,1,2000,10,10,606,606,0,0
slow_amplitude,8,slow_amplitude=8,recipe:stella_2019,literature,ripple,interval,median_onset_error,10,0.0111195,0.0102284,0.0121476,0.000284503,-8.59297e-06,0.00066143,0.164,2000,10,10,671,680,0,0
slow_amplitude,8,slow_amplitude=8,recipe:tang_2017,literature,ripple,interval,median_onset_error,10,-0.00783625,-0.0099954,-0.00529149,0,0,9.16378e-09,1,2000,10,10,739,739,0,0
slow_amplitude,8,slow_amplitude=8,recipe:tirole_2022,literature,network,interval,median_onset_error,10,-0.01437,-0.0172593,-0.0127015,0,0,0,1,2000,10,10,557,557,0,0
slow_amplitude,8,slow_amplitude=8,recipe:widloski_2025,literature,ripple,interval,median_onset_error,10,-0.168227,-0.180008,-0.160493,0,0,0,1,2000,10,10,518,518,0,0
slow_amplitude,8,slow_amplitude=8,recipe:widloski_2025_bursts,literature,burst,interval,median_onset_error,10,-0.168573,-0.174543,-0.15673,0,0,0,1,2000,10,10,518,518,0,0
slow_amplitude,8,slow_amplitude=8,recipe:wikenheiser_2013,literature,ripple,interval,median_onset_error,10,-0.146394,-0.172799,-0.130138,0,0,0,1,2000,10,10,849,849,0,0
slow_amplitude,8,slow_amplitude=8,recipe:wu_2014,literature,burst,interval,median_onset_error,10,-0.0163562,-0.018528,-0.014373,0,0,0,1,2000,10,10,844,844,0,0
slow_amplitude,8,slow_amplitude=8,recipe:wu_2017,literature,burst,interval,median_onset_error,10,0.0117571,0.00916774,0.0144137,0,0,0,1,2000,10,10,523,523,0,0
slow_amplitude,8,slow_amplitude=8,recipe:xu_2019,literature,burst,interval,median_onset_error,10,-0.00774106,-0.0101589,-0.00488211,0,0,0,1,2000,10,10,731,731,0,0
slow_amplitude,8,slow_amplitude=8,recipe:yamamoto_2017,literature,network,interval,median_onset_error,10,0.0294767,0.0276603,0.0314484,0,0,0,1,2000,10,10,612,612,0,0
slow_amplitude,8,slow_amplitude=8,recipe:yang_2024,literature,network,interval,median_onset_error,10,-0.0138354,-0.0183971,-0.0119283,0,0,0,1,2000,10,10,454,454,0,0
strength_correlation,reference,reference,Carey_candidate_detector,default,network,interval,median_onset_error,10,0.0023104,0.00123107,0.00399637,0,0,0,1,2000,10,10,891,891,0,0
strength_correlation,reference,reference,Karlsson_ripple_detector,default,ripple,interval,median_onset_error,10,-0.00783625,-0.0099954,-0.00540774,0,0,0,1,2000,10,10,739,739,0,0
strength_correlation,reference,reference,Kay_ripple_detector,default,ripple,interval,median_onset_error,10,0.000728616,-0.000438561,0.00163915,0,0,0,1,2000,10,10,844,844,0,0
strength_correlation,reference,reference,Long_sharp_wave_ripple_detector,default,ripple,interval,median_onset_error,10,0.0121998,0.010706,0.0136956,0,0,0,1,2000,10,10,704,704,0,0
strength_correlation,reference,reference,Roumis_ripple_detector,default,ripple,interval,median_onset_error,10,0.000534876,-0.000645838,0.00161769,0,0,0,1,2000,10,10,845,845,0,0
strength_correlation,reference,reference,Shvartsman_ripple_detector,default,ripple,interval,median_onset_error,10,-0.00962531,-0.0115123,-0.00686953,0,0,0,1,2000,10,10,677,677,0,0
strength_correlation,reference,reference,Yu_ripple_detector,default,ripple,interval,median_onset_error,10,0.00170934,0.000880944,0.00241474,0,0,0,1,2000,10,10,865,865,0,0
strength_correlation,reference,reference,Zugaro_ripple_detector,default,ripple,interval,median_onset_error,10,0.0139065,0.0128742,0.0155587,0,0,0,1,2000,10,10,689,689,0,0
strength_correlation,reference,reference,multiunit_HSE_detector,default,burst,interval,median_onset_error,10,-0.0215494,-0.0233774,-0.0202821,0,0,0,1,2000,10,10,911,911,0,0
strength_correlation,reference,reference,recipe:ambrose_2016,literature,ripple,interval,median_onset_error,10,-0.015743,-0.0177555,-0.0142967,0,0,0,1,2000,10,10,743,743,0,0
strength_correlation,reference,reference,recipe:bendor_2012,literature,burst,interval,median_onset_error,10,0.011512,0.0104613,0.0123958,0,0,0,1,2000,10,10,655,655,0,0
strength_correlation,reference,reference,recipe:berners_lee_2021,literature,ripple,interval,median_onset_error,10,-0.0155589,-0.0173479,-0.0133744,0,0,0,1,2000,10,10,806,806,0,0
strength_correlation,reference,reference,recipe:berners_lee_2022,literature,burst,interval,median_onset_error,10,-0.0130479,-0.0159764,-0.0103579,0,0,0,1,2000,10,10,668,668,0,0
strength_correlation,reference,reference,recipe:bhattarai_2020,literature,network,interval,median_onset_error,10,-0.0831288,-0.0969635,-0.0720238,0,0,0,1,2000,10,10,418,418,0,0
strength_correlation,reference,reference,recipe:bhattarai_2020_ripples,literature,ripple,interval,median_onset_error,10,0.00150574,0.00025049,0.00309676,0,0,0,1,2000,10,10,474,474,0,0
strength_correlation,reference,reference,recipe:bush_2022,literature,burst,interval,median_onset_error,10,0.000963743,-0.000634348,0.00233178,0,0,0,1,2000,10,10,617,617,0,0
strength_correlation,reference,reference,recipe:carey_2019,literature,network,interval,median_onset_error,10,0.0127066,0.0112533,0.0135894,0,0,0,1,2000,10,10,900,900,0,0
strength_correlation,reference,reference,recipe:carr_2012,literature,ripple,interval,median_onset_error,10,-0.00783625,-0.0099954,-0.00540774,0,0,0,1,2000,10,10,739,739,0,0
strength_correlation,reference,reference,recipe:chenani_2019,literature,burst,interval,median_onset_error,10,-0.0188819,-0.021828,-0.0175617,0,0,0,1,2000,10,10,671,671,0,0
strength_correlation,reference,reference,recipe:davidson_2009,literature,burst,interval,median_onset_error,10,-0.0208446,-0.0222665,-0.0193016,0,0,0,1,2000,10,10,784,784,0,0
strength_correlation,reference,reference,recipe:denovellis_2021,literature,ripple,interval,median_onset_error,10,0.00103708,7.44804e-05,0.00199106,0,0,0,1,2000,10,10,845,845,0,0
strength_correlation,reference,reference,recipe:denovellis_2021_mua,literature,burst,interval,median_onset_error,10,-0.0216321,-0.0237751,-0.0199833,0,0,0,1,2000,10,10,910,910,0,0
strength_correlation,reference,reference,recipe:diba_2007,literature,burst,interval,median_onset_error,10,-0.0727517,-0.099299,-0.0577457,0,0,0,1,2000,10,10,251,251,0,0
strength_correlation,reference,reference,recipe:drieu_2018,literature,burst,interval,median_onset_error,10,-0.00404978,-0.00568393,-0.00285607,0,0,0,1,2000,10,10,769,769,0,0
strength_correlation,reference,reference,recipe:farooq_2019_neuron,literature,burst,interval,median_onset_error,10,0.0114778,0.00791052,0.0138605,0,0,0,1,2000,10,10,274,274,0,0
strength_correlation,reference,reference,recipe:farooq_2019_science,literature,burst,interval,median_onset_error,10,0.0114778,0.0079113,0.0138605,0,0,0,1,2000,10,10,272,272,0,0
strength_correlation,reference,reference,recipe:farooq_2019_science_awake,literature,burst,interval,median_onset_error,10,0.0114778,0.0079113,0.0138605,0,0,0,1,2000,10,10,272,272,0,0
strength_correlation,reference,reference,recipe:foster_2006,literature,burst,interval,median_onset_error,10,-0.00603709,-0.0101548,0.00259616,0,0,0,1,2000,10,10,145,145,0,0
strength_correlation,reference,reference,recipe:foster_2006_ripples,literature,ripple,interval,median_onset_error,10,0.0337426,0.0309958,0.0347633,0,0,0,1,2000,10,10,76,76,0,0
strength_correlation,reference,reference,recipe:gillespie_2021,literature,ripple,interval,median_onset_error,10,0.000728616,-0.000438561,0.00163915,0,0,0,1,2000,10,10,844,844,0,0
strength_correlation,reference,reference,recipe:gillespie_2021_mua,literature,burst,interval,median_onset_error,10,-0.0208446,-0.0224039,-0.0192365,0,0,0,1,2000,10,10,804,804,0,0
strength_correlation,reference,reference,recipe:gridchyn_2020,literature,burst,interval,median_onset_error,10,0.0114932,0.00973624,0.0128004,0,0,0,1,2000,10,10,872,872,0,0
strength_correlation,reference,reference,recipe:grosmark_2016,literature,network,interval,median_onset_error,10,-0.0138354,-0.0183971,-0.0119283,0,0,0,1,2000,10,10,454,454,0,0
strength_correlation,reference,reference,recipe:gupta_2010,literature,ripple,interval,median_onset_error,10,0.000649468,-0.000516766,0.00149165,0,0,0,1,2000,10,10,816,816,0,0
strength_correlation,reference,reference,recipe:harvey_2023_code,literature,ripple,interval,median_onset_error,10,0.0134081,0.0119995,0.0157787,0,0,0,1,2000,10,10,575,575,0,0
strength_correlation,reference,reference,recipe:harvey_2023_no_radiatum,literature,ripple,interval,median_onset_error,10,2.11699e-05,-0.00315594,0.00152412,0,0,0,1,2000,10,10,609,609,0,0
strength_correlation,reference,reference,recipe:harvey_2023_text,literature,ripple,interval,median_onset_error,10,0.0143671,0.0133529,0.0152102,0,0,0,1,2000,10,10,617,617,0,0
strength_correlation,reference,reference,recipe:huelin_gorriz_2023,literature,network,interval,median_onset_error,10,-0.01437,-0.0172593,-0.0127015,0,0,0,1,2000,10,10,557,557,0,0
strength_correlation,reference,reference,recipe:igata_2021,literature,burst,interval,median_onset_error,10,-0.0208446,-0.0230458,-0.0189872,0,0,0,1,2000,10,10,912,912,0,0
strength_correlation,reference,reference,recipe:igata_2021_ripples,literature,ripple,interval,median_onset_error,10,0.00117637,0.000836552,0.00170338,0,0,0,1,2000,10,10,890,890,0,0
strength_correlation,reference,reference,recipe:jadhav_2016,literature,ripple,interval,median_onset_error,10,-0.00782947,-0.0101123,-0.00525858,0,0,0,1,2000,10,10,598,598,0,0
strength_correlation,reference,reference,recipe:ji_2007,literature,burst,interval,median_onset_error,10,0.0177528,0.0144042,0.0203139,0,0,0,1,2000,10,10,685,685,0,0
strength_correlation,reference,reference,recipe:ji_2007_ripples,literature,ripple,interval,median_onset_error,10,-0.0533866,-0.183374,0.00947258,0,0,0,1,1989,4,4,5,5,0,0
strength_correlation,reference,reference,recipe:kaefer_2020,literature,ripple,interval,median_onset_error,10,-0.14672,-0.177766,-0.0950664,0,0,0,1,2000,7,7,11,11,0,0
strength_correlation,reference,reference,recipe:karlsson_2009,literature,ripple,interval,median_onset_error,10,-0.00783625,-0.0099954,-0.00540774,0,0,0,1,2000,10,10,739,739,0,0
strength_correlation,reference,reference,recipe:krause_2022,literature,network,interval,median_onset_error,10,0.0144293,0.0122692,0.0163226,0,0,0,1,2000,10,10,676,676,0,0
strength_correlation,reference,reference,recipe:krause_2022_hse,literature,burst,interval,median_onset_error,10,-0.0323931,-0.0346551,-0.0290887,0,0,0,1,2000,10,10,801,801,0,0
strength_correlation,reference,reference,recipe:kudrimoti_1999,literature,ripple,interval,median_onset_error,10,0.0318674,0.029584,0.0353648,0,0,0,1,2000,10,10,25,25,0,0
strength_correlation,reference,reference,recipe:lee_2002,literature,burst,interval,median_onset_error,10,-0.0383037,-0.0457685,-0.0332465,0,0,0,1,2000,10,10,929,929,0,0
strength_correlation,reference,reference,recipe:lee_2002_ripples,literature,ripple,interval,median_onset_error,10,0.0337426,0.0309958,0.0347633,0,0,0,1,2000,10,10,76,76,0,0
strength_correlation,reference,reference,recipe:liu_2019,literature,burst,interval,median_onset_error,10,-0.147592,-0.157828,-0.132624,0,0,0,1,2000,10,10,825,825,0,0
strength_correlation,reference,reference,recipe:liu_2019_awake,literature,burst,interval,median_onset_error,10,-0.147592,-0.157828,-0.132624,0,0,0,1,2000,10,10,825,825,0,0
strength_correlation,reference,reference,recipe:liu_2023,literature,network,interval,median_onset_error,10,-0.00718578,-0.010088,-0.00536157,0,0,0,1,2000,10,10,470,470,0,0
strength_correlation,reference,reference,recipe:maboudi_2018,literature,burst,interval,median_onset_error,10,-0.0325385,-0.0350644,-0.0294038,0,0,0,1,2000,10,10,775,775,0,0
strength_correlation,reference,reference,recipe:maboudi_2018_open_field,literature,burst,interval,median_onset_error,10,-0.00269756,-0.00399852,-8.80208e-05,0,0,0,1,2000,10,10,721,721,0,0
strength_correlation,reference,reference,recipe:mallory_2025,literature,burst,interval,median_onset_error,10,-0.0155739,-0.0176664,-0.0144297,0,0,0,1,2000,10,10,743,743,0,0
strength_correlation,reference,reference,recipe:mallory_2025_ripples,literature,ripple,interval,median_onset_error,10,-0.0170396,-0.0193004,-0.0142674,0,0,0,1,2000,10,10,704,704,0,0
strength_correlation,reference,reference,recipe:michon_2019,literature,network,interval,median_onset_error,10,-0.00165431,-0.00362832,0.000536935,0,0,0,1,2000,10,10,273,273,0,0
strength_correlation,reference,reference,recipe:michon_2021,literature,network,interval,median_onset_error,10,-0.00165431,-0.00362832,0.000536935,0,0,0,1,2000,10,10,273,273,0,0
strength_correlation,reference,reference,recipe:mou_2022,literature,burst,interval,median_onset_error,10,-0.0462975,-0.0555394,-0.0401892,0,0,0,1,2000,10,10,838,838,0,0
strength_correlation,reference,reference,recipe:muessig_2019,literature,network,interval,median_onset_error,10,0.0262498,0.0215342,0.0309892,0,0,0,1,2000,10,10,116,116,0,0
strength_correlation,reference,reference,recipe:muessig_2019_ripples,literature,ripple,interval,median_onset_error,10,-0.00850545,-0.0108126,-0.00392214,0,0,0,1,2000,10,10,893,893,0,0
strength_correlation,reference,reference,recipe:nadasdy_1999,literature,ripple,interval,median_onset_error,10,0.00489948,0.00428016,0.00549517,0,0,0,1,2000,10,10,471,471,0,0
strength_correlation,reference,reference,recipe:olafsdottir_2015,literature,burst,interval,median_onset_error,10,0.00534263,0.00360919,0.00774539,0,0,0,1,2000,10,10,662,662,0,0
strength_correlation,reference,reference,recipe:olafsdottir_2015.bayesian_candidates,literature,burst,interval,median_onset_error,10,0.004886,0.00284124,0.00630589,0,0,0,1,2000,10,10,599,599,0,0
strength_correlation,reference,reference,recipe:olafsdottir_2016,literature,burst,interval,median_onset_error,10,0.011116,0.00799637,0.0127389,0,0,0,1,2000,10,10,558,558,0,0
strength_correlation,reference,reference,recipe:olafsdottir_2017,literature,burst,interval,median_onset_error,10,0.0122048,0.0108757,0.0136994,0,0,0,1,2000,10,10,744,744,0,0
strength_correlation,reference,reference,recipe:olafsdottir_2017.trajectory,literature,burst,interval,median_onset_error,10,0.011116,0.00799637,0.0127389,0,0,0,1,2000,10,10,558,558,0,0
strength_correlation,reference,reference,recipe:pfeiffer_2013,literature,burst,interval,median_onset_error,10,-0.00269756,-0.00399852,-8.80208e-05,0,0,0,1,2000,10,10,721,721,0,0
strength_correlation,reference,reference,recipe:pfeiffer_2013_ripples,literature,ripple,interval,median_onset_error,10,-0.015743,-0.0177555,-0.0142967,0,0,0,1,2000,10,10,743,743,0,0
strength_correlation,reference,reference,recipe:pfeiffer_2015,literature,ripple,interval,median_onset_error,10,-0.015743,-0.0177555,-0.0142967,0,0,0,1,2000,10,10,743,743,0,0
strength_correlation,reference,reference,recipe:shin_2019,literature,ripple,interval,median_onset_error,10,-0.00783625,-0.0099954,-0.00540774,0,0,0,1,2000,10,10,739,739,0,0
strength_correlation,reference,reference,recipe:silva_2015,literature,burst,interval,median_onset_error,10,-0.0122142,-0.0153682,-0.0101496,0,0,0,1,2000,10,10,606,606,0,0
strength_correlation,reference,reference,recipe:stella_2019,literature,ripple,interval,median_onset_error,10,0.010835,0.0100663,0.0120394,0,0,0,1,2000,10,10,680,680,0,0
strength_correlation,reference,reference,recipe:tang_2017,literature,ripple,interval,median_onset_error,10,-0.00783625,-0.0099954,-0.00540774,0,0,0,1,2000,10,10,739,739,0,0
strength_correlation,reference,reference,recipe:tirole_2022,literature,network,interval,median_onset_error,10,-0.01437,-0.0172593,-0.0127015,0,0,0,1,2000,10,10,557,557,0,0
strength_correlation,reference,reference,recipe:widloski_2025,literature,ripple,interval,median_onset_error,10,-0.168227,-0.180008,-0.160493,0,0,0,1,2000,10,10,518,518,0,0
strength_correlation,reference,reference,recipe:widloski_2025_bursts,literature,burst,interval,median_onset_error,10,-0.168573,-0.174543,-0.15673,0,0,0,1,2000,10,10,518,518,0,0
strength_correlation,reference,reference,recipe:wikenheiser_2013,literature,ripple,interval,median_onset_error,10,-0.146394,-0.172799,-0.130138,0,0,0,1,2000,10,10,849,849,0,0
strength_correlation,reference,reference,recipe:wu_2014,literature,burst,interval,median_onset_error,10,-0.0163562,-0.018528,-0.014373,0,0,0,1,2000,10,10,844,844,0,0
strength_correlation,reference,reference,recipe:wu_2017,literature,burst,interval,median_onset_error,10,0.0117571,0.00916774,0.0144137,0,0,0,1,2000,10,10,523,523,0,0
strength_correlation,reference,reference,recipe:xu_2019,literature,burst,interval,median_onset_error,10,-0.00774106,-0.0101589,-0.00488211,0,0,0,1,2000,10,10,731,731,0,0
strength_correlation,reference,reference,recipe:yamamoto_2017,literature,network,interval,median_onset_error,10,0.0294767,0.0276603,0.0314484,0,0,0,1,2000,10,10,612,612,0,0
strength_correlation,reference,reference,recipe:yang_2024,literature,network,interval,median_onset_error,10,-0.0138354,-0.0183971,-0.0119283,0,0,0,1,2000,10,10,454,454,0,0
strength_correlation,coupled,strength_correlation=coupled,Carey_candidate_detector,default,network,interval,median_onset_error,10,0.002316,0.00096336,0.00319135,5.5963e-06,-0.00140359,0.000925238,0.936,2000,10,10,885,891,0,0
strength_correlation,coupled,strength_correlation=coupled,Karlsson_ripple_detector,default,ripple,interval,median_onset_error,10,-0.00689337,-0.00979448,-0.00491588,0.000942885,-0.00104774,0.00266923,0.493,2000,10,10,730,739,0,0
strength_correlation,coupled,strength_correlation=coupled,Kay_ripple_detector,default,ripple,interval,median_onset_error,10,0.000330729,-0.000532335,0.00154667,-0.000397887,-0.00110883,0.000515351,0.374,2000,10,10,825,844,0,0
strength_correlation,coupled,strength_correlation=coupled,Long_sharp_wave_ripple_detector,default,ripple,interval,median_onset_error,10,0.0124588,0.0109424,0.0139019,0.000259006,-0.00047362,0.000773665,0.679,2000,10,10,710,704,0,0
strength_correlation,coupled,strength_correlation=coupled,Roumis_ripple_detector,default,ripple,interval,median_onset_error,10,0.000105079,-0.00062409,0.000972485,-0.000429797,-0.00110412,0.000397672,0.354,2000,10,10,829,845,0,0
strength_correlation,coupled,strength_correlation=coupled,Shvartsman_ripple_detector,default,ripple,interval,median_onset_error,10,-0.00870101,-0.0113195,-0.00611946,0.000924297,-0.00103801,0.00281716,0.571,2000,10,10,662,677,0,0
strength_correlation,coupled,strength_correlation=coupled,Yu_ripple_detector,default,ripple,interval,median_onset_error,10,0.00156615,0.000698503,0.00243516,-0.000143196,-0.000978591,0.000632823,0.647,2000,10,10,861,865,0,0
strength_correlation,coupled,strength_correlation=coupled,Zugaro_ripple_detector,default,ripple,interval,median_onset_error,10,0.0137803,0.0130786,0.0150006,-0.000126161,-0.00130312,0.00074535,0.845,2000,10,10,679,689,0,0
strength_correlation,coupled,strength_correlation=coupled,multiunit_HSE_detector,default,burst,interval,median_onset_error,10,-0.0205508,-0.0223696,-0.0178849,0.000998605,-0.000608679,0.00346969,0.202,2000,10,10,908,911,0,0
strength_correlation,coupled,strength_correlation=coupled,recipe:ambrose_2016,literature,ripple,interval,median_onset_error,10,-0.0168487,-0.0195992,-0.0144513,-0.00110569,-0.00233367,0.000107452,0.063,2000,10,10,732,743,0,0
strength_correlation,coupled,strength_correlation=coupled,recipe:bendor_2012,literature,burst,interval,median_onset_error,10,0.0112045,0.00883777,0.0127832,-0.000307475,-0.00226075,0.00125223,0.662,2000,10,10,648,655,0,0
strength_correlation,coupled,strength_correlation=coupled,recipe:berners_lee_2021,literature,ripple,interval,median_onset_error,10,-0.0158616,-0.0178859,-0.0141285,-0.000302713,-0.00128519,0.000780456,0.629,2000,10,10,792,806,0,0
strength_correlation,coupled,strength_correlation=coupled,recipe:berners_lee_2022,literature,burst,interval,median_onset_error,10,-0.0123209,-0.0159754,-0.0107116,0.000727033,-0.00190856,0.00294717,0.821,2000,10,10,666,668,0,0
strength_correlation,coupled,strength_correlation=coupled,recipe:bhattarai_2020,literature,network,interval,median_onset_error,10,-0.0889951,-0.101259,-0.0760116,-0.00586633,-0.0172245,0.00677935,0.36,2000,10,10,427,418,0,0
strength_correlation,coupled,strength_correlation=coupled,recipe:bhattarai_2020_ripples,literature,ripple,interval,median_onset_error,10,0.0005028,-0.000264827,0.00166616,-0.00100294,-0.00228727,5.33895e-06,0.057,2000,10,10,473,474,0,0
strength_correlation,coupled,strength_correlation=coupled,recipe:bush_2022,literature,burst,interval,median_onset_error,10,0.00241876,3.55057e-05,0.00447619,0.00145502,-0.000491887,0.0034049,0.154,2000,10,10,621,617,0,0
strength_correlation,coupled,strength_correlation=coupled,recipe:carey_2019,literature,network,interval,median_onset_error,10,0.0125817,0.0112746,0.0138643,-0.000124881,-0.00101659,0.000910441,0.903,2000,10,10,904,900,0,0
strength_correlation,coupled,strength_correlation=coupled,recipe:carr_2012,literature,ripple,interval,median_onset_error,10,-0.00689337,-0.00979448,-0.00491588,0.000942885,-0.00104774,0.00266923,0.493,2000,10,10,730,739,0,0
strength_correlation,coupled,strength_correlation=coupled,recipe:chenani_2019,literature,burst,interval,median_onset_error,10,-0.0201125,-0.0219686,-0.0186411,-0.00123059,-0.00234353,0.000603551,0.136,2000,10,10,677,671,0,0
strength_correlation,coupled,strength_correlation=coupled,recipe:davidson_2009,literature,burst,interval,median_onset_error,10,-0.0199657,-0.0212042,-0.0178999,0.000878884,-0.000175813,0.00249476,0.089,2000,10,10,779,784,0,0
strength_correlation,coupled,strength_correlation=coupled,recipe:denovellis_2021,literature,ripple,interval,median_onset_error,10,0.000521419,-0.000586998,0.00133749,-0.000515663,-0.00137126,6.33675e-05,0.068,2000,10,10,827,845,0,0
strength_correlation,coupled,strength_correlation=coupled,recipe:denovellis_2021_mua,literature,burst,interval,median_onset_error,10,-0.0211205,-0.0225523,-0.0184755,0.000511663,-0.00108817,0.00305658,0.482,2000,10,10,907,910,0,0
strength_correlation,coupled,strength_correlation=coupled,recipe:diba_2007,literature,burst,interval,median_onset_error,10,-0.0746942,-0.0973482,-0.0621949,-0.00194258,-0.0214433,0.0149481,0.802,2000,10,10,271,251,0,0
strength_correlation,coupled,strength_correlation=coupled,recipe:drieu_2018,literature,burst,interval,median_onset_error,10,-0.00416823,-0.0067781,-0.00269008,-0.000118448,-0.00207499,0.00135925,0.819,2000,10,10,764,769,0,0
strength_correlation,coupled,strength_correlation=coupled,recipe:farooq_2019_neuron,literature,burst,interval,median_onset_error,10,0.0104662,0.0076627,0.0123161,-0.00101161,-0.00318584,0.00117469,0.398,2000,10,10,280,274,0,0
strength_correlation,coupled,strength_correlation=coupled,recipe:farooq_2019_science,literature,burst,interval,median_onset_error,10,0.0103953,0.0075919,0.0123161,-0.00108243,-0.00312092,0.000977513,0.363,2000,10,10,272,272,0,0
strength_correlation,coupled,strength_correlation=coupled,recipe:farooq_2019_science_awake,literature,burst,interval,median_onset_error,10,0.0103953,0.0075919,0.0123161,-0.00108243,-0.00312092,0.000977513,0.363,2000,10,10,272,272,0,0
strength_correlation,coupled,strength_correlation=coupled,recipe:foster_2006,literature,burst,interval,median_onset_error,10,-0.0112864,-0.015358,-0.00514672,-0.00524932,-0.0141491,0.00199314,0.162,2000,10,10,144,145,0,0
strength_correlation,coupled,strength_correlation=coupled,recipe:foster_2006_ripples,literature,ripple,interval,median_onset_error,10,0.0347305,0.0307067,0.0372538,0.000987896,-0.0019675,0.00395193,0.368,2000,10,10,77,76,0,0
strength_correlation,coupled,strength_correlation=coupled,recipe:gillespie_2021,literature,ripple,interval,median_onset_error,10,0.000330729,-0.000532335,0.00154667,-0.000397887,-0.00110883,0.000515351,0.374,2000,10,10,825,844,0,0
strength_correlation,coupled,strength_correlation=coupled,recipe:gillespie_2021_mua,literature,burst,interval,median_onset_error,10,-0.0199322,-0.0211858,-0.0176633,0.000912358,-0.000174631,0.00252395,0.097,2000,10,10,796,804,0,0
strength_correlation,coupled,strength_correlation=coupled,recipe:gridchyn_2020,literature,burst,interval,median_onset_error,10,0.0122062,0.0109124,0.0144973,0.000713056,-0.00044355,0.00257173,0.267,2000,10,10,870,872,0,0
strength_correlation,coupled,strength_correlation=coupled,recipe:grosmark_2016,literature,network,interval,median_onset_error,10,-0.0158301,-0.0180541,-0.0129542,-0.00199466,-0.00394893,0.00157017,0.338,2000,10,10,486,454,0,0
strength_correlation,coupled,strength_correlation=coupled,recipe:gupta_2010,literature,ripple,interval,median_onset_error,10,-0.000562637,-0.00113462,-2.8646e-05,-0.00121211,-0.00212849,5.915e-05,0.066,2000,10,10,786,816,0,0
strength_correlation,coupled,strength_correlation=coupled,recipe:harvey_2023_code,literature,ripple,interval,median_onset_error,10,0.0136553,0.0123444,0.015891,0.000247232,-0.000658497,0.00157891,0.452,2000,10,10,594,575,0,0
strength_correlation,coupled,strength_correlation=coupled,recipe:harvey_2023_no_radiatum,literature,ripple,interval,median_onset_error,10,0.00130205,-0.00118652,0.00298618,0.00128088,-0.000710826,0.00416698,0.212,2000,10,10,630,609,0,0
strength_correlation,coupled,strength_correlation=coupled,recipe:harvey_2023_text,literature,ripple,interval,median_onset_error,10,0.013543,0.0129644,0.0140605,-0.000824093,-0.00155835,-9.84769e-05,0.023,2000,10,10,615,617,0,0
strength_correlation,coupled,strength_correlation=coupled,recipe:huelin_gorriz_2023,literature,network,interval,median_onset_error,10,-0.0156304,-0.0192451,-0.0135342,-0.00126044,-0.00538194,0.00224967,0.561,2000,10,10,556,557,0,0
strength_correlation,coupled,strength_correlation=coupled,recipe:igata_2021,literature,burst,interval,median_onset_error,10,-0.0199221,-0.0212042,-0.0175553,0.000922435,-0.000665164,0.00334074,0.202,2000,10,10,913,912,0,0
strength_correlation,coupled,strength_correlation=coupled,recipe:igata_2021_ripples,literature,ripple,interval,median_onset_error,10,0.00080275,-2.24086e-05,0.00160969,-0.000373621,-0.00113764,0.000254655,0.316,2000,10,10,877,890,0,0
strength_correlation,coupled,strength_correlation=coupled,recipe:jadhav_2016,literature,ripple,interval,median_onset_error,10,-0.00718316,-0.0105085,-0.0050026,0.000646302,-0.00130205,0.0020623,0.717,2000,10,10,587,598,0,0
strength_correlation,coupled,strength_correlation=coupled,recipe:ji_2007,literature,burst,interval,median_onset_error,10,0.0147944,0.0127563,0.0182774,-0.00295847,-0.00672451,0.00185007,0.24,2000,10,10,684,685,0,0
strength_correlation,coupled,strength_correlation=coupled,recipe:ji_2007_ripples,literature,ripple,interval,median_onset_error,10,-0.155903,-0.200438,-0.0533866,-0.102517,-0.209911,0,0.457516,1989,4,4,4,5,0,0
strength_correlation,coupled,strength_correlation=coupled,recipe:kaefer_2020,literature,ripple,interval,median_onset_error,10,-0.148042,-0.168564,-0.0591224,-0.00132248,-0.0485578,0.0875975,1,2000,8,7,12,11,0,0
strength_correlation,coupled,strength_correlation=coupled,recipe:karlsson_2009,literature,ripple,interval,median_onset_error,10,-0.00689337,-0.00979448,-0.00491588,0.000942885,-0.00104774,0.00266923,0.493,2000,10,10,730,739,0,0
strength_correlation,coupled,strength_correlation=coupled,recipe:krause_2022,literature,network,interval,median_onset_error,10,0.0148577,0.0130253,0.0169343,0.000428493,-0.000929478,0.00194026,0.466,2000,10,10,668,676,0,0
strength_correlation,coupled,strength_correlation=coupled,recipe:krause_2022_hse,literature,burst,interval,median_onset_error,10,-0.0304963,-0.0333224,-0.0266187,0.00189672,-0.00166697,0.00502355,0.322,2000,10,10,796,801,0,0
strength_correlation,coupled,strength_correlation=coupled,recipe:kudrimoti_1999,literature,ripple,interval,median_onset_error,10,0.0365835,0.0339205,0.0448622,0.00471612,0.00138925,0.0117634,0.001,2000,9,10,16,25,0,0
strength_correlation,coupled,strength_correlation=coupled,recipe:lee_2002,literature,burst,interval,median_onset_error,10,-0.0411587,-0.0500592,-0.0322145,-0.00285506,-0.00885643,0.00348356,0.35,2000,10,10,926,929,0,0
strength_correlation,coupled,strength_correlation=coupled,recipe:lee_2002_ripples,literature,ripple,interval,median_onset_error,10,0.0347305,0.0307067,0.0372538,0.000987896,-0.0019675,0.00395193,0.368,2000,10,10,77,76,0,0
strength_correlation,coupled,strength_correlation=coupled,recipe:liu_2019,literature,burst,interval,median_onset_error,10,-0.141915,-0.157802,-0.129834,0.00567742,-0.00777592,0.0126174,0.491,2000,10,10,812,825,0,0
strength_correlation,coupled,strength_correlation=coupled,recipe:liu_2019_awake,literature,burst,interval,median_onset_error,10,-0.141915,-0.157802,-0.129834,0.00567742,-0.00777592,0.0126174,0.491,2000,10,10,812,825,0,0
strength_correlation,coupled,strength_correlation=coupled,recipe:liu_2023,literature,network,interval,median_onset_error,10,-0.00903604,-0.0111687,-0.0060309,-0.00185027,-0.00433874,0.00108509,0.297,2000,10,10,476,470,0,0
strength_correlation,coupled,strength_correlation=coupled,recipe:maboudi_2018,literature,burst,interval,median_onset_error,10,-0.0318779,-0.0348792,-0.0286235,0.000660558,-0.00302647,0.00429224,0.648,2000,10,10,769,775,0,0
strength_correlation,coupled,strength_correlation=coupled,recipe:maboudi_2018_open_field,literature,burst,interval,median_onset_error,10,-0.00126694,-0.0033584,0.00106605,0.00143062,-0.00110291,0.00356997,0.264,2000,10,10,732,721,0,0
strength_correlation,coupled,strength_correlation=coupled,recipe:mallory_2025,literature,burst,interval,median_onset_error,10,-0.0156543,-0.0177144,-0.0140943,-8.04047e-05,-0.00243911,0.00260778,0.993,2000,10,10,761,743,0,0
strength_correlation,coupled,strength_correlation=coupled,recipe:mallory_2025_ripples,literature,ripple,interval,median_onset_error,10,-0.0182556,-0.0199375,-0.0156306,-0.00121604,-0.0027565,9.74591e-05,0.068,2000,10,10,692,704,0,0
strength_correlation,coupled,strength_correlation=coupled,recipe:michon_2019,literature,network,interval,median_onset_error,10,-0.00319592,-0.00582126,-0.000433603,-0.00154162,-0.0054619,0.00266371,0.336,2000,10,10,277,273,0,0
strength_correlation,coupled,strength_correlation=coupled,recipe:michon_2021,literature,network,interval,median_onset_error,10,-0.00319592,-0.00582126,-0.000433603,-0.00154162,-0.0054619,0.00266371,0.336,2000,10,10,277,273,0,0
strength_correlation,coupled,strength_correlation=coupled,recipe:mou_2022,literature,burst,interval,median_onset_error,10,-0.0553032,-0.064062,-0.0439544,-0.00900568,-0.0208466,0.00536541,0.204,2000,10,10,842,838,0,0
strength_correlation,coupled,strength_correlation=coupled,recipe:muessig_2019,literature,network,interval,median_onset_error,10,0.0247271,0.018626,0.031349,-0.00152265,-0.00648006,0.00287281,0.357,2000,10,10,107,116,0,0
strength_correlation,coupled,strength_correlation=coupled,recipe:muessig_2019_ripples,literature,ripple,interval,median_onset_error,10,-0.00775122,-0.0116693,-0.0050391,0.000754235,-0.00203224,0.00155242,0.998,2000,10,10,893,893,0,0
strength_correlation,coupled,strength_correlation=coupled,recipe:nadasdy_1999,literature,ripple,interval,median_onset_error,10,0.00411036,0.0032956,0.00483648,-0.000789121,-0.00174395,3.41568e-05,0.077,2000,10,10,470,471,0,0
strength_correlation,coupled,strength_correlation=coupled,recipe:olafsdottir_2015,literature,burst,interval,median_onset_error,10,0.00441787,-0.000605202,0.008237,-0.000924763,-0.00434851,0.00127479,0.487,2000,10,10,660,662,0,0
strength_correlation,coupled,strength_correlation=coupled,recipe:olafsdottir_2015.bayesian_candidates,literature,burst,interval,median_onset_error,10,0.00389202,-0.000665535,0.00788743,-0.000993986,-0.00409027,0.0019701,0.567,2000,10,10,598,599,0,0
strength_correlation,coupled,strength_correlation=coupled,recipe:olafsdottir_2016,literature,burst,interval,median_onset_error,10,0.0102907,0.00702287,0.0123763,-0.00082533,-0.00202599,0.000832092,0.408,2000,10,10,561,558,0,0
strength_correlation,coupled,strength_correlation=coupled,recipe:olafsdottir_2017,literature,burst,interval,median_onset_error,10,0.0110465,0.00877745,0.0128205,-0.00115832,-0.0030377,0.000616171,0.195,2000,10,10,730,744,0,0
strength_correlation,coupled,strength_correlation=coupled,recipe:olafsdottir_2017.trajectory,literature,burst,interval,median_onset_error,10,0.0102907,0.00702287,0.0123763,-0.00082533,-0.00202599,0.000832092,0.408,2000,10,10,561,558,0,0
strength_correlation,coupled,strength_correlation=coupled,recipe:pfeiffer_2013,literature,burst,interval,median_onset_error,10,-0.00126694,-0.0033584,0.00106605,0.00143062,-0.00110291,0.00356997,0.264,2000,10,10,732,721,0,0
strength_correlation,coupled,strength_correlation=coupled,recipe:pfeiffer_2013_ripples,literature,ripple,interval,median_onset_error,10,-0.0168487,-0.0195992,-0.0144513,-0.00110569,-0.00233367,0.000107452,0.063,2000,10,10,732,743,0,0
strength_correlation,coupled,strength_correlation=coupled,recipe:pfeiffer_2015,literature,ripple,interval,median_onset_error,10,-0.0168487,-0.0195992,-0.0144513,-0.00110569,-0.00233367,0.000107452,0.063,2000,10,10,732,743,0,0
strength_correlation,coupled,strength_correlation=coupled,recipe:shin_2019,literature,ripple,interval,median_onset_error,10,-0.00689337,-0.00979448,-0.00491588,0.000942885,-0.00104774,0.00266923,0.493,2000,10,10,730,739,0,0
strength_correlation,coupled,strength_correlation=coupled,recipe:silva_2015,literature,burst,interval,median_onset_error,10,-0.0118718,-0.0143817,-0.0102266,0.000342405,-0.00308185,0.00393874,0.91,2000,10,10,616,606,0,0
strength_correlation,coupled,strength_correlation=coupled,recipe:stella_2019,literature,ripple,interval,median_onset_error,10,0.0108069,0.00988493,0.011626,-2.80719e-05,-0.000749065,0.000435284,0.666,2000,10,10,654,680,0,0
strength_correlation,coupled,strength_correlation=coupled,recipe:tang_2017,literature,ripple,interval,median_onset_error,10,-0.00689337,-0.00979448,-0.00491588,0.000942885,-0.00104774,0.00266923,0.493,2000,10,10,730,739,0,0
strength_correlation,coupled,strength_correlation=coupled,recipe:tirole_2022,literature,network,interval,median_onset_error,10,-0.0156304,-0.0192451,-0.0135342,-0.00126044,-0.00538194,0.00224967,0.561,2000,10,10,556,557,0,0
strength_correlation,coupled,strength_correlation=coupled,recipe:widloski_2025,literature,ripple,interval,median_onset_error,10,-0.174561,-0.192231,-0.165599,-0.00633448,-0.0141189,-0.000338664,0.044,2000,10,10,508,518,0,0
strength_correlation,coupled,strength_correlation=coupled,recipe:widloski_2025_bursts,literature,burst,interval,median_onset_error,10,-0.169144,-0.178229,-0.160175,-0.000570556,-0.00899238,0.00257874,0.396,2000,10,10,538,518,0,0
strength_correlation,coupled,strength_correlation=coupled,recipe:wikenheiser_2013,literature,ripple,interval,median_onset_error,10,-0.15668,-0.179737,-0.135535,-0.0102859,-0.0185065,-0.000687584,0.013,2000,10,10,843,849,0,0
strength_correlation,coupled,strength_correlation=coupled,recipe:wu_2014,literature,burst,interval,median_onset_error,10,-0.0170029,-0.0203931,-0.0143588,-0.000646663,-0.00239543,0.000979556,0.482,2000,10,10,836,844,0,0
strength_correlation,coupled,strength_correlation=coupled,recipe:wu_2017,literature,burst,interval,median_onset_error,10,0.0107742,0.00797036,0.0139448,-0.000982938,-0.00331553,0.00103442,0.328,2000,10,10,513,523,0,0
strength_correlation,coupled,strength_correlation=coupled,recipe:xu_2019,literature,burst,interval,median_onset_error,10,-0.00663574,-0.00951649,-0.00475002,0.00110533,-0.00124219,0.00250305,0.483,2000,10,10,746,731,0,0
strength_correlation,coupled,strength_correlation=coupled,recipe:yamamoto_2017,literature,network,interval,median_onset_error,10,0.0294027,0.0266256,0.0316286,-7.40227e-05,-0.00290989,0.00270401,0.959,2000,10,10,608,612,0,0
strength_correlation,coupled,strength_correlation=coupled,recipe:yang_2024,literature,network,interval,median_onset_error,10,-0.0158301,-0.0180541,-0.0129542,-0.00199466,-0.00394893,0.00157017,0.338,2000,10,10,486,454,0,0
spatial_profile,reference,reference,Carey_candidate_detector,default,network,interval,median_onset_error,10,0.0023104,0.00123107,0.00399637,0,0,0,1,2000,10,10,891,891,0,0
spatial_profile,reference,reference,Karlsson_ripple_detector,default,ripple,interval,median_onset_error,10,-0.00783625,-0.0099954,-0.00540774,0,0,0,1,2000,10,10,739,739,0,0
spatial_profile,reference,reference,Kay_ripple_detector,default,ripple,interval,median_onset_error,10,0.000728616,-0.000438561,0.00163915,0,0,0,1,2000,10,10,844,844,0,0
spatial_profile,reference,reference,Long_sharp_wave_ripple_detector,default,ripple,interval,median_onset_error,10,0.0121998,0.010706,0.0136956,0,0,0,1,2000,10,10,704,704,0,0
spatial_profile,reference,reference,Roumis_ripple_detector,default,ripple,interval,median_onset_error,10,0.000534876,-0.000645838,0.00161769,0,0,0,1,2000,10,10,845,845,0,0
spatial_profile,reference,reference,Shvartsman_ripple_detector,default,ripple,interval,median_onset_error,10,-0.00962531,-0.0115123,-0.00686953,0,0,0,1,2000,10,10,677,677,0,0
spatial_profile,reference,reference,Yu_ripple_detector,default,ripple,interval,median_onset_error,10,0.00170934,0.000880944,0.00241474,0,0,0,1,2000,10,10,865,865,0,0
spatial_profile,reference,reference,Zugaro_ripple_detector,default,ripple,interval,median_onset_error,10,0.0139065,0.0128742,0.0155587,0,0,0,1,2000,10,10,689,689,0,0
spatial_profile,reference,reference,multiunit_HSE_detector,default,burst,interval,median_onset_error,10,-0.0215494,-0.0233774,-0.0202821,0,0,0,1,2000,10,10,911,911,0,0
spatial_profile,reference,reference,recipe:ambrose_2016,literature,ripple,interval,median_onset_error,10,-0.015743,-0.0177555,-0.0142967,0,0,0,1,2000,10,10,743,743,0,0
spatial_profile,reference,reference,recipe:bendor_2012,literature,burst,interval,median_onset_error,10,0.011512,0.0104613,0.0123958,0,0,0,1,2000,10,10,655,655,0,0
spatial_profile,reference,reference,recipe:berners_lee_2021,literature,ripple,interval,median_onset_error,10,-0.0155589,-0.0173479,-0.0133744,0,0,0,1,2000,10,10,806,806,0,0
spatial_profile,reference,reference,recipe:berners_lee_2022,literature,burst,interval,median_onset_error,10,-0.0130479,-0.0159764,-0.0103579,0,0,0,1,2000,10,10,668,668,0,0
spatial_profile,reference,reference,recipe:bhattarai_2020,literature,network,interval,median_onset_error,10,-0.0831288,-0.0969635,-0.0720238,0,0,0,1,2000,10,10,418,418,0,0
spatial_profile,reference,reference,recipe:bhattarai_2020_ripples,literature,ripple,interval,median_onset_error,10,0.00150574,0.00025049,0.00309676,0,0,0,1,2000,10,10,474,474,0,0
spatial_profile,reference,reference,recipe:bush_2022,literature,burst,interval,median_onset_error,10,0.000963743,-0.000634348,0.00233178,0,0,0,1,2000,10,10,617,617,0,0
spatial_profile,reference,reference,recipe:carey_2019,literature,network,interval,median_onset_error,10,0.0127066,0.0112533,0.0135894,0,0,0,1,2000,10,10,900,900,0,0
spatial_profile,reference,reference,recipe:carr_2012,literature,ripple,interval,median_onset_error,10,-0.00783625,-0.0099954,-0.00540774,0,0,0,1,2000,10,10,739,739,0,0
spatial_profile,reference,reference,recipe:chenani_2019,literature,burst,interval,median_onset_error,10,-0.0188819,-0.021828,-0.0175617,0,0,0,1,2000,10,10,671,671,0,0
spatial_profile,reference,reference,recipe:davidson_2009,literature,burst,interval,median_onset_error,10,-0.0208446,-0.0222665,-0.0193016,0,0,0,1,2000,10,10,784,784,0,0
spatial_profile,reference,reference,recipe:denovellis_2021,literature,ripple,interval,median_onset_error,10,0.00103708,7.44804e-05,0.00199106,0,0,0,1,2000,10,10,845,845,0,0
spatial_profile,reference,reference,recipe:denovellis_2021_mua,literature,burst,interval,median_onset_error,10,-0.0216321,-0.0237751,-0.0199833,0,0,0,1,2000,10,10,910,910,0,0
spatial_profile,reference,reference,recipe:diba_2007,literature,burst,interval,median_onset_error,10,-0.0727517,-0.099299,-0.0577457,0,0,0,1,2000,10,10,251,251,0,0
spatial_profile,reference,reference,recipe:drieu_2018,literature,burst,interval,median_onset_error,10,-0.00404978,-0.00568393,-0.00285607,0,0,0,1,2000,10,10,769,769,0,0
spatial_profile,reference,reference,recipe:farooq_2019_neuron,literature,burst,interval,median_onset_error,10,0.0114778,0.00791052,0.0138605,0,0,0,1,2000,10,10,274,274,0,0
spatial_profile,reference,reference,recipe:farooq_2019_science,literature,burst,interval,median_onset_error,10,0.0114778,0.0079113,0.0138605,0,0,0,1,2000,10,10,272,272,0,0
spatial_profile,reference,reference,recipe:farooq_2019_science_awake,literature,burst,interval,median_onset_error,10,0.0114778,0.0079113,0.0138605,0,0,0,1,2000,10,10,272,272,0,0
spatial_profile,reference,reference,recipe:foster_2006,literature,burst,interval,median_onset_error,10,-0.00603709,-0.0101548,0.00259616,0,0,0,1,2000,10,10,145,145,0,0
spatial_profile,reference,reference,recipe:foster_2006_ripples,literature,ripple,interval,median_onset_error,10,0.0337426,0.0309958,0.0347633,0,0,0,1,2000,10,10,76,76,0,0
spatial_profile,reference,reference,recipe:gillespie_2021,literature,ripple,interval,median_onset_error,10,0.000728616,-0.000438561,0.00163915,0,0,0,1,2000,10,10,844,844,0,0
spatial_profile,reference,reference,recipe:gillespie_2021_mua,literature,burst,interval,median_onset_error,10,-0.0208446,-0.0224039,-0.0192365,0,0,0,1,2000,10,10,804,804,0,0
spatial_profile,reference,reference,recipe:gridchyn_2020,literature,burst,interval,median_onset_error,10,0.0114932,0.00973624,0.0128004,0,0,0,1,2000,10,10,872,872,0,0
spatial_profile,reference,reference,recipe:grosmark_2016,literature,network,interval,median_onset_error,10,-0.0138354,-0.0183971,-0.0119283,0,0,0,1,2000,10,10,454,454,0,0
spatial_profile,reference,reference,recipe:gupta_2010,literature,ripple,interval,median_onset_error,10,0.000649468,-0.000516766,0.00149165,0,0,0,1,2000,10,10,816,816,0,0
spatial_profile,reference,reference,recipe:harvey_2023_code,literature,ripple,interval,median_onset_error,10,0.0134081,0.0119995,0.0157787,0,0,0,1,2000,10,10,575,575,0,0
spatial_profile,reference,reference,recipe:harvey_2023_no_radiatum,literature,ripple,interval,median_onset_error,10,2.11699e-05,-0.00315594,0.00152412,0,0,0,1,2000,10,10,609,609,0,0
spatial_profile,reference,reference,recipe:harvey_2023_text,literature,ripple,interval,median_onset_error,10,0.0143671,0.0133529,0.0152102,0,0,0,1,2000,10,10,617,617,0,0
spatial_profile,reference,reference,recipe:huelin_gorriz_2023,literature,network,interval,median_onset_error,10,-0.01437,-0.0172593,-0.0127015,0,0,0,1,2000,10,10,557,557,0,0
spatial_profile,reference,reference,recipe:igata_2021,literature,burst,interval,median_onset_error,10,-0.0208446,-0.0230458,-0.0189872,0,0,0,1,2000,10,10,912,912,0,0
spatial_profile,reference,reference,recipe:igata_2021_ripples,literature,ripple,interval,median_onset_error,10,0.00117637,0.000836552,0.00170338,0,0,0,1,2000,10,10,890,890,0,0
spatial_profile,reference,reference,recipe:jadhav_2016,literature,ripple,interval,median_onset_error,10,-0.00782947,-0.0101123,-0.00525858,0,0,0,1,2000,10,10,598,598,0,0
spatial_profile,reference,reference,recipe:ji_2007,literature,burst,interval,median_onset_error,10,0.0177528,0.0144042,0.0203139,0,0,0,1,2000,10,10,685,685,0,0
spatial_profile,reference,reference,recipe:ji_2007_ripples,literature,ripple,interval,median_onset_error,10,-0.0533866,-0.183374,0.00947258,0,0,0,1,1989,4,4,5,5,0,0
spatial_profile,reference,reference,recipe:kaefer_2020,literature,ripple,interval,median_onset_error,10,-0.14672,-0.177766,-0.0950664,0,0,0,1,2000,7,7,11,11,0,0
spatial_profile,reference,reference,recipe:karlsson_2009,literature,ripple,interval,median_onset_error,10,-0.00783625,-0.0099954,-0.00540774,0,0,0,1,2000,10,10,739,739,0,0
spatial_profile,reference,reference,recipe:krause_2022,literature,network,interval,median_onset_error,10,0.0144293,0.0122692,0.0163226,0,0,0,1,2000,10,10,676,676,0,0
spatial_profile,reference,reference,recipe:krause_2022_hse,literature,burst,interval,median_onset_error,10,-0.0323931,-0.0346551,-0.0290887,0,0,0,1,2000,10,10,801,801,0,0
spatial_profile,reference,reference,recipe:kudrimoti_1999,literature,ripple,interval,median_onset_error,10,0.0318674,0.029584,0.0353648,0,0,0,1,2000,10,10,25,25,0,0
spatial_profile,reference,reference,recipe:lee_2002,literature,burst,interval,median_onset_error,10,-0.0383037,-0.0457685,-0.0332465,0,0,0,1,2000,10,10,929,929,0,0
spatial_profile,reference,reference,recipe:lee_2002_ripples,literature,ripple,interval,median_onset_error,10,0.0337426,0.0309958,0.0347633,0,0,0,1,2000,10,10,76,76,0,0
spatial_profile,reference,reference,recipe:liu_2019,literature,burst,interval,median_onset_error,10,-0.147592,-0.157828,-0.132624,0,0,0,1,2000,10,10,825,825,0,0
spatial_profile,reference,reference,recipe:liu_2019_awake,literature,burst,interval,median_onset_error,10,-0.147592,-0.157828,-0.132624,0,0,0,1,2000,10,10,825,825,0,0
spatial_profile,reference,reference,recipe:liu_2023,literature,network,interval,median_onset_error,10,-0.00718578,-0.010088,-0.00536157,0,0,0,1,2000,10,10,470,470,0,0
spatial_profile,reference,reference,recipe:maboudi_2018,literature,burst,interval,median_onset_error,10,-0.0325385,-0.0350644,-0.0294038,0,0,0,1,2000,10,10,775,775,0,0
spatial_profile,reference,reference,recipe:maboudi_2018_open_field,literature,burst,interval,median_onset_error,10,-0.00269756,-0.00399852,-8.80208e-05,0,0,0,1,2000,10,10,721,721,0,0
spatial_profile,reference,reference,recipe:mallory_2025,literature,burst,interval,median_onset_error,10,-0.0155739,-0.0176664,-0.0144297,0,0,0,1,2000,10,10,743,743,0,0
spatial_profile,reference,reference,recipe:mallory_2025_ripples,literature,ripple,interval,median_onset_error,10,-0.0170396,-0.0193004,-0.0142674,0,0,0,1,2000,10,10,704,704,0,0
spatial_profile,reference,reference,recipe:michon_2019,literature,network,interval,median_onset_error,10,-0.00165431,-0.00362832,0.000536935,0,0,0,1,2000,10,10,273,273,0,0
spatial_profile,reference,reference,recipe:michon_2021,literature,network,interval,median_onset_error,10,-0.00165431,-0.00362832,0.000536935,0,0,0,1,2000,10,10,273,273,0,0
spatial_profile,reference,reference,recipe:mou_2022,literature,burst,interval,median_onset_error,10,-0.0462975,-0.0555394,-0.0401892,0,0,0,1,2000,10,10,838,838,0,0
spatial_profile,reference,reference,recipe:muessig_2019,literature,network,interval,median_onset_error,10,0.0262498,0.0215342,0.0309892,0,0,0,1,2000,10,10,116,116,0,0
spatial_profile,reference,reference,recipe:muessig_2019_ripples,literature,ripple,interval,median_onset_error,10,-0.00850545,-0.0108126,-0.00392214,0,0,0,1,2000,10,10,893,893,0,0
spatial_profile,reference,reference,recipe:nadasdy_1999,literature,ripple,interval,median_onset_error,10,0.00489948,0.00428016,0.00549517,0,0,0,1,2000,10,10,471,471,0,0
spatial_profile,reference,reference,recipe:olafsdottir_2015,literature,burst,interval,median_onset_error,10,0.00534263,0.00360919,0.00774539,0,0,0,1,2000,10,10,662,662,0,0
spatial_profile,reference,reference,recipe:olafsdottir_2015.bayesian_candidates,literature,burst,interval,median_onset_error,10,0.004886,0.00284124,0.00630589,0,0,0,1,2000,10,10,599,599,0,0
spatial_profile,reference,reference,recipe:olafsdottir_2016,literature,burst,interval,median_onset_error,10,0.011116,0.00799637,0.0127389,0,0,0,1,2000,10,10,558,558,0,0
spatial_profile,reference,reference,recipe:olafsdottir_2017,literature,burst,interval,median_onset_error,10,0.0122048,0.0108757,0.0136994,0,0,0,1,2000,10,10,744,744,0,0
spatial_profile,reference,reference,recipe:olafsdottir_2017.trajectory,literature,burst,interval,median_onset_error,10,0.011116,0.00799637,0.0127389,0,0,0,1,2000,10,10,558,558,0,0
spatial_profile,reference,reference,recipe:pfeiffer_2013,literature,burst,interval,median_onset_error,10,-0.00269756,-0.00399852,-8.80208e-05,0,0,0,1,2000,10,10,721,721,0,0
spatial_profile,reference,reference,recipe:pfeiffer_2013_ripples,literature,ripple,interval,median_onset_error,10,-0.015743,-0.0177555,-0.0142967,0,0,0,1,2000,10,10,743,743,0,0
spatial_profile,reference,reference,recipe:pfeiffer_2015,literature,ripple,interval,median_onset_error,10,-0.015743,-0.0177555,-0.0142967,0,0,0,1,2000,10,10,743,743,0,0
spatial_profile,reference,reference,recipe:shin_2019,literature,ripple,interval,median_onset_error,10,-0.00783625,-0.0099954,-0.00540774,0,0,0,1,2000,10,10,739,739,0,0
spatial_profile,reference,reference,recipe:silva_2015,literature,burst,interval,median_onset_error,10,-0.0122142,-0.0153682,-0.0101496,0,0,0,1,2000,10,10,606,606,0,0
spatial_profile,reference,reference,recipe:stella_2019,literature,ripple,interval,median_onset_error,10,0.010835,0.0100663,0.0120394,0,0,0,1,2000,10,10,680,680,0,0
spatial_profile,reference,reference,recipe:tang_2017,literature,ripple,interval,median_onset_error,10,-0.00783625,-0.0099954,-0.00540774,0,0,0,1,2000,10,10,739,739,0,0
spatial_profile,reference,reference,recipe:tirole_2022,literature,network,interval,median_onset_error,10,-0.01437,-0.0172593,-0.0127015,0,0,0,1,2000,10,10,557,557,0,0
spatial_profile,reference,reference,recipe:widloski_2025,literature,ripple,interval,median_onset_error,10,-0.168227,-0.180008,-0.160493,0,0,0,1,2000,10,10,518,518,0,0
spatial_profile,reference,reference,recipe:widloski_2025_bursts,literature,burst,interval,median_onset_error,10,-0.168573,-0.174543,-0.15673,0,0,0,1,2000,10,10,518,518,0,0
spatial_profile,reference,reference,recipe:wikenheiser_2013,literature,ripple,interval,median_onset_error,10,-0.146394,-0.172799,-0.130138,0,0,0,1,2000,10,10,849,849,0,0
spatial_profile,reference,reference,recipe:wu_2014,literature,burst,interval,median_onset_error,10,-0.0163562,-0.018528,-0.014373,0,0,0,1,2000,10,10,844,844,0,0
spatial_profile,reference,reference,recipe:wu_2017,literature,burst,interval,median_onset_error,10,0.0117571,0.00916774,0.0144137,0,0,0,1,2000,10,10,523,523,0,0
spatial_profile,reference,reference,recipe:xu_2019,literature,burst,interval,median_onset_error,10,-0.00774106,-0.0101589,-0.00488211,0,0,0,1,2000,10,10,731,731,0,0
spatial_profile,reference,reference,recipe:yamamoto_2017,literature,network,interval,median_onset_error,10,0.0294767,0.0276603,0.0314484,0,0,0,1,2000,10,10,612,612,0,0
spatial_profile,reference,reference,recipe:yang_2024,literature,network,interval,median_onset_error,10,-0.0138354,-0.0183971,-0.0119283,0,0,0,1,2000,10,10,454,454,0,0
spatial_profile,local,spatial_profile=local,Carey_candidate_detector,default,network,interval,median_onset_error,10,0.00194461,0.000692167,0.00369962,-0.000365797,-0.000666667,-3.16983e-05,0.037,2000,10,10,899,891,0,0
spatial_profile,local,spatial_profile=local,Karlsson_ripple_detector,default,ripple,interval,median_onset_error,10,-0.000630283,-0.00214418,0.000616902,0.00720597,0.00558117,0.00866839,0,2000,10,10,712,739,0,0
spatial_profile,local,spatial_profile=local,Kay_ripple_detector,default,ripple,interval,median_onset_error,10,0.0030621,0.00196227,0.00384266,0.00233349,0.00154651,0.00321369,0,2000,10,10,711,844,0,0
spatial_profile,local,spatial_profile=local,Long_sharp_wave_ripple_detector,default,ripple,interval,median_onset_error,10,0.012828,0.0107447,0.0143936,0.000628165,-0.00014989,0.00117592,0.186,2000,10,10,527,704,0,0
spatial_profile,local,spatial_profile=local,Roumis_ripple_detector,default,ripple,interval,median_onset_error,10,0.00284279,0.00118066,0.00383996,0.00230792,0.00130168,0.00304499,0,2000,10,10,649,845,0,0
spatial_profile,local,spatial_profile=local,Shvartsman_ripple_detector,default,ripple,interval,median_onset_error,10,-0.00373422,-0.0054217,-0.00304344,0.00589109,0.00366287,0.00718675,0,2000,10,10,452,677,0,0
spatial_profile,local,spatial_profile=local,Yu_ripple_detector,default,ripple,interval,median_onset_error,10,0.00555485,0.00450732,0.00627168,0.0038455,0.00296096,0.00451374,0,2000,10,10,610,865,0,0
spatial_profile,local,spatial_profile=local,Zugaro_ripple_detector,default,ripple,interval,median_onset_error,10,0.0176163,0.0166067,0.0195335,0.00370988,0.00249934,0.00509535,0,2000,10,10,338,689,0,0
spatial_profile,local,spatial_profile=local,multiunit_HSE_detector,default,burst,interval,median_onset_error,10,-0.0215494,-0.0233774,-0.0202821,0,0,0,1,2000,10,10,911,911,0,0
spatial_profile,local,spatial_profile=local,recipe:ambrose_2016,literature,ripple,interval,median_onset_error,10,-0.0139812,-0.0159446,-0.0116426,0.00176177,0.000420679,0.00312167,0.009,2000,10,10,546,743,0,0
spatial_profile,local,spatial_profile=local,recipe:bendor_2012,literature,burst,interval,median_onset_error,10,0.011512,0.0104613,0.0123958,0,0,0,1,2000,10,10,655,655,0,0
spatial_profile,local,spatial_profile=local,recipe:berners_lee_2021,literature,ripple,interval,median_onset_error,10,-0.0127078,-0.0163126,-0.00898551,0.00285112,0.000804994,0.00516669,0.005,2000,10,10,681,806,0,0
spatial_profile,local,spatial_profile=local,recipe:berners_lee_2022,literature,burst,interval,median_onset_error,10,-0.0130479,-0.0159764,-0.0103579,0,0,0,1,2000,10,10,668,668,0,0
spatial_profile,local,spatial_profile=local,recipe:bhattarai_2020,literature,network,interval,median_onset_error,10,-0.0713135,-0.0915482,-0.0494314,0.0118153,0.000151595,0.0378191,0.047,2000,10,10,207,418,0,0
spatial_profile,local,spatial_profile=local,recipe:bhattarai_2020_ripples,literature,ripple,interval,median_onset_error,10,0.00502999,0.00257566,0.00695257,0.00352426,0.00128393,0.00505668,0.001,2000,10,10,229,474,0,0
spatial_profile,local,spatial_profile=local,recipe:bush_2022,literature,burst,interval,median_onset_error,10,0.000963743,-0.000634348,0.00233178,0,0,0,1,2000,10,10,617,617,0,0
spatial_profile,local,spatial_profile=local,recipe:carey_2019,literature,network,interval,median_onset_error,10,0.0132149,0.0121827,0.0140074,0.00050837,0.000106083,0.00118558,0.007,2000,10,10,897,900,0,0
spatial_profile,local,spatial_profile=local,recipe:carr_2012,literature,ripple,interval,median_onset_error,10,-0.000630283,-0.00214418,0.000616902,0.00720597,0.00558117,0.00866839,0,2000,10,10,712,739,0,0
spatial_profile,local,spatial_profile=local,recipe:chenani_2019,literature,burst,interval,median_onset_error,10,-0.0188819,-0.021828,-0.0175617,0,0,0,1,2000,10,10,671,671,0,0
spatial_profile,local,spatial_profile=local,recipe:davidson_2009,literature,burst,interval,median_onset_error,10,-0.0208446,-0.0222665,-0.0193016,0,0,0,1,2000,10,10,784,784,0,0
spatial_profile,local,spatial_profile=local,recipe:denovellis_2021,literature,ripple,interval,median_onset_error,10,0.0032729,0.00208226,0.00428679,0.00223582,0.00152915,0.00293373,0,2000,10,10,707,845,0,0
spatial_profile,local,spatial_profile=local,recipe:denovellis_2021_mua,literature,burst,interval,median_onset_error,10,-0.0216321,-0.0237751,-0.0199833,0,0,0,1,2000,10,10,910,910,0,0
spatial_profile,local,spatial_profile=local,recipe:diba_2007,literature,burst,interval,median_onset_error,10,-0.0727517,-0.099299,-0.0577457,0,0,0,1,2000,10,10,251,251,0,0
spatial_profile,local,spatial_profile=local,recipe:drieu_2018,literature,burst,interval,median_onset_error,10,-0.00404978,-0.00568393,-0.00285607,0,0,0,1,2000,10,10,769,769,0,0
spatial_profile,local,spatial_profile=local,recipe:farooq_2019_neuron,literature,burst,interval,median_onset_error,10,0.0114778,0.00791052,0.0138605,0,0,0,1,2000,10,10,274,274,0,0
spatial_profile,local,spatial_profile=local,recipe:farooq_2019_science,literature,burst,interval,median_onset_error,10,0.0114778,0.0079113,0.0138605,0,0,0,1,2000,10,10,272,272,0,0
spatial_profile,local,spatial_profile=local,recipe:farooq_2019_science_awake,literature,burst,interval,median_onset_error,10,0.0114778,0.0079113,0.0138605,0,0,0,1,2000,10,10,272,272,0,0
spatial_profile,local,spatial_profile=local,recipe:foster_2006,literature,burst,interval,median_onset_error,10,-0.00603709,-0.0101548,0.00259616,0,0,0,1,2000,10,10,145,145,0,0
spatial_profile,local,spatial_profile=local,recipe:foster_2006_ripples,literature,ripple,interval,median_onset_error,10,0.0339599,0.0281042,0.0350252,0.000217295,-0.00404627,0.00274804,0.903,2000,9,10,26,76,0,0
spatial_profile,local,spatial_profile=local,recipe:gillespie_2021,literature,ripple,interval,median_onset_error,10,0.0030621,0.00196227,0.00384266,0.00233349,0.00154651,0.00321369,0,2000,10,10,711,844,0,0
spatial_profile,local,spatial_profile=local,recipe:gillespie_2021_mua,literature,burst,interval,median_onset_error,10,-0.0208446,-0.0224039,-0.0192365,0,0,0,1,2000,10,10,804,804,0,0
spatial_profile,local,spatial_profile=local,recipe:gridchyn_2020,literature,burst,interval,median_onset_error,10,0.0114932,0.00973624,0.0128004,0,0,0,1,2000,10,10,872,872,0,0
spatial_profile,local,spatial_profile=local,recipe:grosmark_2016,literature,network,interval,median_onset_error,10,-0.012588,-0.0158968,-0.00992524,0.0012474,-0.000376837,0.00428453,0.156,2000,10,10,251,454,0,0
spatial_profile,local,spatial_profile=local,recipe:gupta_2010,literature,ripple,interval,median_onset_error,10,0.0022207,0.000940378,0.00317599,0.00157123,0.000789403,0.00243527,0,2000,10,10,674,816,0,0
spatial_profile,local,spatial_profile=local,recipe:harvey_2023_code,literature,ripple,interval,median_onset_error,10,0.0135975,0.0119995,0.0165068,0.000189365,-0.000299758,0.00147728,0.336,2000,10,10,427,575,0,0
spatial_profile,local,spatial_profile=local,recipe:harvey_2023_no_radiatum,literature,ripple,interval,median_onset_error,10,0.00173543,-0.00438215,0.00495907,0.00171426,-0.00242424,0.00454648,0.353,2000,10,10,338,609,0,0
spatial_profile,local,spatial_profile=local,recipe:harvey_2023_text,literature,ripple,interval,median_onset_error,10,0.0155182,0.0133721,0.0176872,0.00115103,-0.00039956,0.00297992,0.137,2000,10,10,272,617,0,0
spatial_profile,local,spatial_profile=local,recipe:huelin_gorriz_2023,literature,network,interval,median_onset_error,10,-0.0142463,-0.0193131,-0.0113002,0.000123665,-0.00356472,0.00277115,0.982,2000,10,10,334,557,0,0
spatial_profile,local,spatial_profile=local,recipe:igata_2021,literature,burst,interval,median_onset_error,10,-0.0208446,-0.0230458,-0.0189872,0,0,0,1,2000,10,10,912,912,0,0
spatial_profile,local,spatial_profile=local,recipe:igata_2021_ripples,literature,ripple,interval,median_onset_error,10,0.00226559,0.00130571,0.00341999,0.00108922,-4.79773e-05,0.00217809,0.068,2000,10,10,828,890,0,0
spatial_profile,local,spatial_profile=local,recipe:jadhav_2016,literature,ripple,interval,median_onset_error,10,-0.000895455,-0.00270516,0.000872183,0.00693401,0.00550082,0.00812199,0,2000,10,10,561,598,0,0
spatial_profile,local,spatial_profile=local,recipe:ji_2007,literature,burst,interval,median_onset_error,10,0.0177528,0.0144042,0.0203139,0,0,0,1,2000,10,10,685,685,0,0
spatial_profile,local,spatial_profile=local,recipe:ji_2007_ripples,literature,ripple,interval,median_onset_error,10,-0.0533866,-0.128432,-0.0224208,0,-0.107516,0.0959597,1,1793,2,4,3,5,0,0
spatial_profile,local,spatial_profile=local,recipe:kaefer_2020,literature,ripple,interval,median_onset_error,10,-0.213769,-0.250708,-0.16672,-0.0670488,-0.148965,-0.0184038,0.00502765,1989,4,7,4,11,0,0
spatial_profile,local,spatial_profile=local,recipe:karlsson_2009,literature,ripple,interval,median_onset_error,10,-0.000630283,-0.00214418,0.000616902,0.00720597,0.00558117,0.00866839,0,2000,10,10,712,739,0,0
spatial_profile,local,spatial_profile=local,recipe:krause_2022,literature,network,interval,median_onset_error,10,0.0169471,0.0142169,0.0185571,0.00251782,0.00070387,0.00374432,0.002,2000,10,10,500,676,0,0
spatial_profile,local,spatial_profile=local,recipe:krause_2022_hse,literature,burst,interval,median_onset_error,10,-0.0323931,-0.0346551,-0.0290887,0,0,0,1,2000,10,10,801,801,0,0
spatial_profile,local,spatial_profile=local,recipe:kudrimoti_1999,literature,ripple,interval,median_onset_error,10,0.0325006,0.029584,0.0381996,0.000633199,-0.00228346,0.00570252,1,2000,9,10,12,25,0,0
spatial_profile,local,spatial_profile=local,recipe:lee_2002,literature,burst,interval,median_onset_error,10,-0.0383037,-0.0457685,-0.0332465,0,0,0,1,2000,10,10,929,929,0,0
spatial_profile,local,spatial_profile=local,recipe:lee_2002_ripples,literature,ripple,interval,median_onset_error,10,0.0339599,0.0281042,0.0350252,0.000217295,-0.00404627,0.00274804,0.903,2000,9,10,26,76,0,0
spatial_profile,local,spatial_profile=local,recipe:liu_2019,literature,burst,interval,median_onset_error,10,-0.147592,-0.157828,-0.132624,0,0,0,1,2000,10,10,825,825,0,0
spatial_profile,local,spatial_profile=local,recipe:liu_2019_awake,literature,burst,interval,median_onset_error,10,-0.147592,-0.157828,-0.132624,0,0,0,1,2000,10,10,825,825,0,0
spatial_profile,local,spatial_profile=local,recipe:liu_2023,literature,network,interval,median_onset_error,10,-0.00753809,-0.00973663,-0.00544628,-0.000352309,-0.00145995,0.00200103,0.966,2000,10,10,362,470,0,0
spatial_profile,local,spatial_profile=local,recipe:maboudi_2018,literature,burst,interval,median_onset_error,10,-0.0325385,-0.0350644,-0.0294038,0,0,0,1,2000,10,10,775,775,0,0
spatial_profile,local,spatial_profile=local,recipe:maboudi_2018_open_field,literature,burst,interval,median_onset_error,10,-0.00269756,-0.00399852,-8.80208e-05,0,0,0,1,2000,10,10,721,721,0,0
spatial_profile,local,spatial_profile=local,recipe:mallory_2025,literature,burst,interval,median_onset_error,10,-0.0155739,-0.0176664,-0.0144297,0,0,0,1,2000,10,10,743,743,0,0
spatial_profile,local,spatial_profile=local,recipe:mallory_2025_ripples,literature,ripple,interval,median_onset_error,10,-0.0162233,-0.0198714,-0.0121591,0.000816237,-0.00298125,0.00356195,0.699,2000,10,10,369,704,0,0
spatial_profile,local,spatial_profile=local,recipe:michon_2019,literature,network,interval,median_onset_error,10,-0.000724617,-0.00476473,0.00569174,0.000929691,-0.0036104,0.00790948,0.845,2000,10,10,48,273,0,0
spatial_profile,local,spatial_profile=local,recipe:michon_2021,literature,network,interval,median_onset_error,10,-0.000724617,-0.00476473,0.00569174,0.000929691,-0.0036104,0.00790948,0.845,2000,10,10,48,273,0,0
spatial_profile,local,spatial_profile=local,recipe:mou_2022,literature,burst,interval,median_onset_error,10,-0.0462975,-0.0555394,-0.0401892,0,0,0,1,2000,10,10,838,838,0,0
spatial_profile,local,spatial_profile=local,recipe:muessig_2019,literature,network,interval,median_onset_error,10,0.0279244,0.020791,0.0344658,0.00167459,-0.00166335,0.0070468,0.255,2000,10,10,88,116,0,0
spatial_profile,local,spatial_profile=local,recipe:muessig_2019_ripples,literature,ripple,interval,median_onset_error,10,-0.00863241,-0.0123555,-0.00254241,-0.000126954,-0.0031156,0.00401753,0.893,2000,10,10,618,893,0,0
spatial_profile,local,spatial_profile=local,recipe:nadasdy_1999,literature,ripple,interval,median_onset_error,10,-0.000157658,-0.0101268,0.00592401,-0.00505714,-0.0155858,0.000992924,0.194,2000,9,10,22,471,0,0
spatial_profile,local,spatial_profile=local,recipe:olafsdottir_2015,literature,burst,interval,median_onset_error,10,0.00534263,0.00360919,0.00774539,0,0,0,1,2000,10,10,662,662,0,0
spatial_profile,local,spatial_profile=local,recipe:olafsdottir_2015.bayesian_candidates,literature,burst,interval,median_onset_error,10,0.004886,0.00284124,0.00630589,0,0,0,1,2000,10,10,599,599,0,0
spatial_profile,local,spatial_profile=local,recipe:olafsdottir_2016,literature,burst,interval,median_onset_error,10,0.011116,0.00799637,0.0127389,0,0,0,1,2000,10,10,558,558,0,0
spatial_profile,local,spatial_profile=local,recipe:olafsdottir_2017,literature,burst,interval,median_onset_error,10,0.0122048,0.0108757,0.0136994,0,0,0,1,2000,10,10,744,744,0,0
spatial_profile,local,spatial_profile=local,recipe:olafsdottir_2017.trajectory,literature,burst,interval,median_onset_error,10,0.011116,0.00799637,0.0127389,0,0,0,1,2000,10,10,558,558,0,0
spatial_profile,local,spatial_profile=local,recipe:pfeiffer_2013,literature,burst,interval,median_onset_error,10,-0.00269756,-0.00399852,-8.80208e-05,0,0,0,1,2000,10,10,721,721,0,0
spatial_profile,local,spatial_profile=local,recipe:pfeiffer_2013_ripples,literature,ripple,interval,median_onset_error,10,-0.0139812,-0.0159446,-0.0116426,0.00176177,0.000420679,0.00312167,0.009,2000,10,10,546,743,0,0
spatial_profile,local,spatial_profile=local,recipe:pfeiffer_2015,literature,ripple,interval,median_onset_error,10,-0.0139964,-0.0159497,-0.0116459,0.00174661,0.000402617,0.00310514,0.01,2000,10,10,545,743,0,0
spatial_profile,local,spatial_profile=local,recipe:shin_2019,literature,ripple,interval,median_onset_error,10,-0.000630283,-0.00214418,0.000616902,0.00720597,0.00558117,0.00866839,0,2000,10,10,712,739,0,0
spatial_profile,local,spatial_profile=local,recipe:silva_2015,literature,burst,interval,median_onset_error,10,-0.0122142,-0.0153682,-0.0101496,0,0,0,1,2000,10,10,606,606,0,0
spatial_profile,local,spatial_profile=local,recipe:stella_2019,literature,ripple,interval,median_onset_error,10,0.0133501,0.0127269,0.0138361,0.00251511,0.00149638,0.0033334,0,2000,10,10,623,680,0,0
spatial_profile,local,spatial_profile=local,recipe:tang_2017,literature,ripple,interval,median_onset_error,10,-0.000630283,-0.00214418,0.000616902,0.00720597,0.00558117,0.00866839,0,2000,10,10,712,739,0,0
spatial_profile,local,spatial_profile=local,recipe:tirole_2022,literature,network,interval,median_onset_error,10,-0.0142463,-0.0193131,-0.0113002,0.000123665,-0.00356472,0.00277115,0.982,2000,10,10,334,557,0,0
spatial_profile,local,spatial_profile=local,recipe:widloski_2025,literature,ripple,interval,median_onset_error,10,-0.182831,-0.212241,-0.155709,-0.0146038,-0.0375556,0.0109379,0.48,2000,10,10,299,518,0,0
spatial_profile,local,spatial_profile=local,recipe:widloski_2025_bursts,literature,burst,interval,median_onset_error,10,-0.168573,-0.174543,-0.15673,0,0,0,1,2000,10,10,518,518,0,0
spatial_profile,local,spatial_profile=local,recipe:wikenheiser_2013,literature,ripple,interval,median_onset_error,10,-0.223423,-0.266655,-0.194024,-0.0770289,-0.10311,-0.0560314,0,2000,10,10,807,849,0,0
spatial_profile,local,spatial_profile=local,recipe:wu_2014,literature,burst,interval,median_onset_error,10,-0.0163562,-0.018528,-0.014373,0,0,0,1,2000,10,10,844,844,0,0
spatial_profile,local,spatial_profile=local,recipe:wu_2017,literature,burst,interval,median_onset_error,10,0.0117571,0.00916774,0.0144137,0,0,0,1,2000,10,10,523,523,0,0
spatial_profile,local,spatial_profile=local,recipe:xu_2019,literature,burst,interval,median_onset_error,10,-0.00774106,-0.0101589,-0.00488211,0,0,0,1,2000,10,10,731,731,0,0
spatial_profile,local,spatial_profile=local,recipe:yamamoto_2017,literature,network,interval,median_onset_error,10,0.0296318,0.0273788,0.0327199,0.000155069,-0.00140527,0.00221836,0.666,2000,10,10,349,612,0,0
spatial_profile,local,spatial_profile=local,recipe:yang_2024,literature,network,interval,median_onset_error,10,-0.012588,-0.0158968,-0.00992524,0.0012474,-0.000376837,0.00428453,0.156,2000,10,10,251,454,0,0
noise_modulation,reference,reference,Carey_candidate_detector,default,network,interval,median_onset_error,10,0.0023104,0.00123107,0.00399637,0,0,0,1,2000,10,10,891,891,0,0
noise_modulation,reference,reference,Karlsson_ripple_detector,default,ripple,interval,median_onset_error,10,-0.00783625,-0.0099954,-0.00540774,0,0,0,1,2000,10,10,739,739,0,0
noise_modulation,reference,reference,Kay_ripple_detector,default,ripple,interval,median_onset_error,10,0.000728616,-0.000438561,0.00163915,0,0,0,1,2000,10,10,844,844,0,0
noise_modulation,reference,reference,Long_sharp_wave_ripple_detector,default,ripple,interval,median_onset_error,10,0.0121998,0.010706,0.0136956,0,0,0,1,2000,10,10,704,704,0,0
noise_modulation,reference,reference,Roumis_ripple_detector,default,ripple,interval,median_onset_error,10,0.000534876,-0.000645838,0.00161769,0,0,0,1,2000,10,10,845,845,0,0
noise_modulation,reference,reference,Shvartsman_ripple_detector,default,ripple,interval,median_onset_error,10,-0.00962531,-0.0115123,-0.00686953,0,0,0,1,2000,10,10,677,677,0,0
noise_modulation,reference,reference,Yu_ripple_detector,default,ripple,interval,median_onset_error,10,0.00170934,0.000880944,0.00241474,0,0,0,1,2000,10,10,865,865,0,0
noise_modulation,reference,reference,Zugaro_ripple_detector,default,ripple,interval,median_onset_error,10,0.0139065,0.0128742,0.0155587,0,0,0,1,2000,10,10,689,689,0,0
noise_modulation,reference,reference,multiunit_HSE_detector,default,burst,interval,median_onset_error,10,-0.0215494,-0.0233774,-0.0202821,0,0,0,1,2000,10,10,911,911,0,0
noise_modulation,reference,reference,recipe:ambrose_2016,literature,ripple,interval,median_onset_error,10,-0.015743,-0.0177555,-0.0142967,0,0,0,1,2000,10,10,743,743,0,0
noise_modulation,reference,reference,recipe:bendor_2012,literature,burst,interval,median_onset_error,10,0.011512,0.0104613,0.0123958,0,0,0,1,2000,10,10,655,655,0,0
noise_modulation,reference,reference,recipe:berners_lee_2021,literature,ripple,interval,median_onset_error,10,-0.0155589,-0.0173479,-0.0133744,0,0,0,1,2000,10,10,806,806,0,0
noise_modulation,reference,reference,recipe:berners_lee_2022,literature,burst,interval,median_onset_error,10,-0.0130479,-0.0159764,-0.0103579,0,0,0,1,2000,10,10,668,668,0,0
noise_modulation,reference,reference,recipe:bhattarai_2020,literature,network,interval,median_onset_error,10,-0.0831288,-0.0969635,-0.0720238,0,0,0,1,2000,10,10,418,418,0,0
noise_modulation,reference,reference,recipe:bhattarai_2020_ripples,literature,ripple,interval,median_onset_error,10,0.00150574,0.00025049,0.00309676,0,0,0,1,2000,10,10,474,474,0,0
noise_modulation,reference,reference,recipe:bush_2022,literature,burst,interval,median_onset_error,10,0.000963743,-0.000634348,0.00233178,0,0,0,1,2000,10,10,617,617,0,0
noise_modulation,reference,reference,recipe:carey_2019,literature,network,interval,median_onset_error,10,0.0127066,0.0112533,0.0135894,0,0,0,1,2000,10,10,900,900,0,0
noise_modulation,reference,reference,recipe:carr_2012,literature,ripple,interval,median_onset_error,10,-0.00783625,-0.0099954,-0.00540774,0,0,0,1,2000,10,10,739,739,0,0
noise_modulation,reference,reference,recipe:chenani_2019,literature,burst,interval,median_onset_error,10,-0.0188819,-0.021828,-0.0175617,0,0,0,1,2000,10,10,671,671,0,0
noise_modulation,reference,reference,recipe:davidson_2009,literature,burst,interval,median_onset_error,10,-0.0208446,-0.0222665,-0.0193016,0,0,0,1,2000,10,10,784,784,0,0
noise_modulation,reference,reference,recipe:denovellis_2021,literature,ripple,interval,median_onset_error,10,0.00103708,7.44804e-05,0.00199106,0,0,0,1,2000,10,10,845,845,0,0
noise_modulation,reference,reference,recipe:denovellis_2021_mua,literature,burst,interval,median_onset_error,10,-0.0216321,-0.0237751,-0.0199833,0,0,0,1,2000,10,10,910,910,0,0
noise_modulation,reference,reference,recipe:diba_2007,literature,burst,interval,median_onset_error,10,-0.0727517,-0.099299,-0.0577457,0,0,0,1,2000,10,10,251,251,0,0
noise_modulation,reference,reference,recipe:drieu_2018,literature,burst,interval,median_onset_error,10,-0.00404978,-0.00568393,-0.00285607,0,0,0,1,2000,10,10,769,769,0,0
noise_modulation,reference,reference,recipe:farooq_2019_neuron,literature,burst,interval,median_onset_error,10,0.0114778,0.00791052,0.0138605,0,0,0,1,2000,10,10,274,274,0,0
noise_modulation,reference,reference,recipe:farooq_2019_science,literature,burst,interval,median_onset_error,10,0.0114778,0.0079113,0.0138605,0,0,0,1,2000,10,10,272,272,0,0
noise_modulation,reference,reference,recipe:farooq_2019_science_awake,literature,burst,interval,median_onset_error,10,0.0114778,0.0079113,0.0138605,0,0,0,1,2000,10,10,272,272,0,0
noise_modulation,reference,reference,recipe:foster_2006,literature,burst,interval,median_onset_error,10,-0.00603709,-0.0101548,0.00259616,0,0,0,1,2000,10,10,145,145,0,0
noise_modulation,reference,reference,recipe:foster_2006_ripples,literature,ripple,interval,median_onset_error,10,0.0337426,0.0309958,0.0347633,0,0,0,1,2000,10,10,76,76,0,0
noise_modulation,reference,reference,recipe:gillespie_2021,literature,ripple,interval,median_onset_error,10,0.000728616,-0.000438561,0.00163915,0,0,0,1,2000,10,10,844,844,0,0
noise_modulation,reference,reference,recipe:gillespie_2021_mua,literature,burst,interval,median_onset_error,10,-0.0208446,-0.0224039,-0.0192365,0,0,0,1,2000,10,10,804,804,0,0
noise_modulation,reference,reference,recipe:gridchyn_2020,literature,burst,interval,median_onset_error,10,0.0114932,0.00973624,0.0128004,0,0,0,1,2000,10,10,872,872,0,0
noise_modulation,reference,reference,recipe:grosmark_2016,literature,network,interval,median_onset_error,10,-0.0138354,-0.0183971,-0.0119283,0,0,0,1,2000,10,10,454,454,0,0
noise_modulation,reference,reference,recipe:gupta_2010,literature,ripple,interval,median_onset_error,10,0.000649468,-0.000516766,0.00149165,0,0,0,1,2000,10,10,816,816,0,0
noise_modulation,reference,reference,recipe:harvey_2023_code,literature,ripple,interval,median_onset_error,10,0.0134081,0.0119995,0.0157787,0,0,0,1,2000,10,10,575,575,0,0
noise_modulation,reference,reference,recipe:harvey_2023_no_radiatum,literature,ripple,interval,median_onset_error,10,2.11699e-05,-0.00315594,0.00152412,0,0,0,1,2000,10,10,609,609,0,0
noise_modulation,reference,reference,recipe:harvey_2023_text,literature,ripple,interval,median_onset_error,10,0.0143671,0.0133529,0.0152102,0,0,0,1,2000,10,10,617,617,0,0
noise_modulation,reference,reference,recipe:huelin_gorriz_2023,literature,network,interval,median_onset_error,10,-0.01437,-0.0172593,-0.0127015,0,0,0,1,2000,10,10,557,557,0,0
noise_modulation,reference,reference,recipe:igata_2021,literature,burst,interval,median_onset_error,10,-0.0208446,-0.0230458,-0.0189872,0,0,0,1,2000,10,10,912,912,0,0
noise_modulation,reference,reference,recipe:igata_2021_ripples,literature,ripple,interval,median_onset_error,10,0.00117637,0.000836552,0.00170338,0,0,0,1,2000,10,10,890,890,0,0
noise_modulation,reference,reference,recipe:jadhav_2016,literature,ripple,interval,median_onset_error,10,-0.00782947,-0.0101123,-0.00525858,0,0,0,1,2000,10,10,598,598,0,0
noise_modulation,reference,reference,recipe:ji_2007,literature,burst,interval,median_onset_error,10,0.0177528,0.0144042,0.0203139,0,0,0,1,2000,10,10,685,685,0,0
noise_modulation,reference,reference,recipe:ji_2007_ripples,literature,ripple,interval,median_onset_error,10,-0.0533866,-0.183374,0.00947258,0,0,0,1,1989,4,4,5,5,0,0
noise_modulation,reference,reference,recipe:kaefer_2020,literature,ripple,interval,median_onset_error,10,-0.14672,-0.177766,-0.0950664,0,0,0,1,2000,7,7,11,11,0,0
noise_modulation,reference,reference,recipe:karlsson_2009,literature,ripple,interval,median_onset_error,10,-0.00783625,-0.0099954,-0.00540774,0,0,0,1,2000,10,10,739,739,0,0
noise_modulation,reference,reference,recipe:krause_2022,literature,network,interval,median_onset_error,10,0.0144293,0.0122692,0.0163226,0,0,0,1,2000,10,10,676,676,0,0
noise_modulation,reference,reference,recipe:krause_2022_hse,literature,burst,interval,median_onset_error,10,-0.0323931,-0.0346551,-0.0290887,0,0,0,1,2000,10,10,801,801,0,0
noise_modulation,reference,reference,recipe:kudrimoti_1999,literature,ripple,interval,median_onset_error,10,0.0318674,0.029584,0.0353648,0,0,0,1,2000,10,10,25,25,0,0
noise_modulation,reference,reference,recipe:lee_2002,literature,burst,interval,median_onset_error,10,-0.0383037,-0.0457685,-0.0332465,0,0,0,1,2000,10,10,929,929,0,0
noise_modulation,reference,reference,recipe:lee_2002_ripples,literature,ripple,interval,median_onset_error,10,0.0337426,0.0309958,0.0347633,0,0,0,1,2000,10,10,76,76,0,0
noise_modulation,reference,reference,recipe:liu_2019,literature,burst,interval,median_onset_error,10,-0.147592,-0.157828,-0.132624,0,0,0,1,2000,10,10,825,825,0,0
noise_modulation,reference,reference,recipe:liu_2019_awake,literature,burst,interval,median_onset_error,10,-0.147592,-0.157828,-0.132624,0,0,0,1,2000,10,10,825,825,0,0
noise_modulation,reference,reference,recipe:liu_2023,literature,network,interval,median_onset_error,10,-0.00718578,-0.010088,-0.00536157,0,0,0,1,2000,10,10,470,470,0,0
noise_modulation,reference,reference,recipe:maboudi_2018,literature,burst,interval,median_onset_error,10,-0.0325385,-0.0350644,-0.0294038,0,0,0,1,2000,10,10,775,775,0,0
noise_modulation,reference,reference,recipe:maboudi_2018_open_field,literature,burst,interval,median_onset_error,10,-0.00269756,-0.00399852,-8.80208e-05,0,0,0,1,2000,10,10,721,721,0,0
noise_modulation,reference,reference,recipe:mallory_2025,literature,burst,interval,median_onset_error,10,-0.0155739,-0.0176664,-0.0144297,0,0,0,1,2000,10,10,743,743,0,0
noise_modulation,reference,reference,recipe:mallory_2025_ripples,literature,ripple,interval,median_onset_error,10,-0.0170396,-0.0193004,-0.0142674,0,0,0,1,2000,10,10,704,704,0,0
noise_modulation,reference,reference,recipe:michon_2019,literature,network,interval,median_onset_error,10,-0.00165431,-0.00362832,0.000536935,0,0,0,1,2000,10,10,273,273,0,0
noise_modulation,reference,reference,recipe:michon_2021,literature,network,interval,median_onset_error,10,-0.00165431,-0.00362832,0.000536935,0,0,0,1,2000,10,10,273,273,0,0
noise_modulation,reference,reference,recipe:mou_2022,literature,burst,interval,median_onset_error,10,-0.0462975,-0.0555394,-0.0401892,0,0,0,1,2000,10,10,838,838,0,0
noise_modulation,reference,reference,recipe:muessig_2019,literature,network,interval,median_onset_error,10,0.0262498,0.0215342,0.0309892,0,0,0,1,2000,10,10,116,116,0,0
noise_modulation,reference,reference,recipe:muessig_2019_ripples,literature,ripple,interval,median_onset_error,10,-0.00850545,-0.0108126,-0.00392214,0,0,0,1,2000,10,10,893,893,0,0
noise_modulation,reference,reference,recipe:nadasdy_1999,literature,ripple,interval,median_onset_error,10,0.00489948,0.00428016,0.00549517,0,0,0,1,2000,10,10,471,471,0,0
noise_modulation,reference,reference,recipe:olafsdottir_2015,literature,burst,interval,median_onset_error,10,0.00534263,0.00360919,0.00774539,0,0,0,1,2000,10,10,662,662,0,0
noise_modulation,reference,reference,recipe:olafsdottir_2015.bayesian_candidates,literature,burst,interval,median_onset_error,10,0.004886,0.00284124,0.00630589,0,0,0,1,2000,10,10,599,599,0,0
noise_modulation,reference,reference,recipe:olafsdottir_2016,literature,burst,interval,median_onset_error,10,0.011116,0.00799637,0.0127389,0,0,0,1,2000,10,10,558,558,0,0
noise_modulation,reference,reference,recipe:olafsdottir_2017,literature,burst,interval,median_onset_error,10,0.0122048,0.0108757,0.0136994,0,0,0,1,2000,10,10,744,744,0,0
noise_modulation,reference,reference,recipe:olafsdottir_2017.trajectory,literature,burst,interval,median_onset_error,10,0.011116,0.00799637,0.0127389,0,0,0,1,2000,10,10,558,558,0,0
noise_modulation,reference,reference,recipe:pfeiffer_2013,literature,burst,interval,median_onset_error,10,-0.00269756,-0.00399852,-8.80208e-05,0,0,0,1,2000,10,10,721,721,0,0
noise_modulation,reference,reference,recipe:pfeiffer_2013_ripples,literature,ripple,interval,median_onset_error,10,-0.015743,-0.0177555,-0.0142967,0,0,0,1,2000,10,10,743,743,0,0
noise_modulation,reference,reference,recipe:pfeiffer_2015,literature,ripple,interval,median_onset_error,10,-0.015743,-0.0177555,-0.0142967,0,0,0,1,2000,10,10,743,743,0,0
noise_modulation,reference,reference,recipe:shin_2019,literature,ripple,interval,median_onset_error,10,-0.00783625,-0.0099954,-0.00540774,0,0,0,1,2000,10,10,739,739,0,0
noise_modulation,reference,reference,recipe:silva_2015,literature,burst,interval,median_onset_error,10,-0.0122142,-0.0153682,-0.0101496,0,0,0,1,2000,10,10,606,606,0,0
noise_modulation,reference,reference,recipe:stella_2019,literature,ripple,interval,median_onset_error,10,0.010835,0.0100663,0.0120394,0,0,0,1,2000,10,10,680,680,0,0
noise_modulation,reference,reference,recipe:tang_2017,literature,ripple,interval,median_onset_error,10,-0.00783625,-0.0099954,-0.00540774,0,0,0,1,2000,10,10,739,739,0,0
noise_modulation,reference,reference,recipe:tirole_2022,literature,network,interval,median_onset_error,10,-0.01437,-0.0172593,-0.0127015,0,0,0,1,2000,10,10,557,557,0,0
noise_modulation,reference,reference,recipe:widloski_2025,literature,ripple,interval,median_onset_error,10,-0.168227,-0.180008,-0.160493,0,0,0,1,2000,10,10,518,518,0,0
noise_modulation,reference,reference,recipe:widloski_2025_bursts,literature,burst,interval,median_onset_error,10,-0.168573,-0.174543,-0.15673,0,0,0,1,2000,10,10,518,518,0,0
noise_modulation,reference,reference,recipe:wikenheiser_2013,literature,ripple,interval,median_onset_error,10,-0.146394,-0.172799,-0.130138,0,0,0,1,2000,10,10,849,849,0,0
noise_modulation,reference,reference,recipe:wu_2014,literature,burst,interval,median_onset_error,10,-0.0163562,-0.018528,-0.014373,0,0,0,1,2000,10,10,844,844,0,0
noise_modulation,reference,reference,recipe:wu_2017,literature,burst,interval,median_onset_error,10,0.0117571,0.00916774,0.0144137,0,0,0,1,2000,10,10,523,523,0,0
noise_modulation,reference,reference,recipe:xu_2019,literature,burst,interval,median_onset_error,10,-0.00774106,-0.0101589,-0.00488211,0,0,0,1,2000,10,10,731,731,0,0
noise_modulation,reference,reference,recipe:yamamoto_2017,literature,network,interval,median_onset_error,10,0.0294767,0.0276603,0.0314484,0,0,0,1,2000,10,10,612,612,0,0
noise_modulation,reference,reference,recipe:yang_2024,literature,network,interval,median_onset_error,10,-0.0138354,-0.0183971,-0.0119283,0,0,0,1,2000,10,10,454,454,0,0
noise_modulation,varying,noise_modulation=varying,Carey_candidate_detector,default,network,interval,median_onset_error,10,0.00267087,0.00179414,0.00384616,0.000360466,-0.000202596,0.000794231,0.334,2000,10,10,884,891,0,0
noise_modulation,varying,noise_modulation=varying,Karlsson_ripple_detector,default,ripple,interval,median_onset_error,10,-0.00569264,-0.00782435,-0.00439096,0.00214361,-0.000978972,0.00435299,0.168,2000,10,10,695,739,0,0
noise_modulation,varying,noise_modulation=varying,Kay_ripple_detector,default,ripple,interval,median_onset_error,10,0.000129497,-0.00102591,0.0013673,-0.000599118,-0.00151385,0.000479389,0.364,2000,10,10,803,844,0,0
noise_modulation,varying,noise_modulation=varying,Long_sharp_wave_ripple_detector,default,ripple,interval,median_onset_error,10,0.0121934,0.0105402,0.01412,-6.37584e-06,-0.000532068,0.000341838,0.989,2000,10,10,697,704,0,0
noise_modulation,varying,noise_modulation=varying,Roumis_ripple_detector,default,ripple,interval,median_onset_error,10,6.32262e-06,-0.00101455,0.00102735,-0.000528553,-0.00140617,0.000343647,0.21,2000,10,10,807,845,0,0
noise_modulation,varying,noise_modulation=varying,Shvartsman_ripple_detector,default,ripple,interval,median_onset_error,10,-0.00702694,-0.00989788,-0.00516034,0.00259837,-0.000848318,0.00486916,0.124,2000,10,10,633,677,0,0
noise_modulation,varying,noise_modulation=varying,Yu_ripple_detector,default,ripple,interval,median_onset_error,10,0.00173999,0.000687495,0.00260008,3.06488e-05,-0.000755438,0.000702041,0.937,2000,10,10,916,865,0,0
noise_modulation,varying,noise_modulation=varying,Zugaro_ripple_detector,default,ripple,interval,median_onset_error,10,0.0144588,0.0133944,0.0159589,0.000552291,-0.000193602,0.0012625,0.166,2000,10,10,671,689,0,0
noise_modulation,varying,noise_modulation=varying,multiunit_HSE_detector,default,burst,interval,median_onset_error,10,-0.0215494,-0.0233774,-0.0202821,0,0,0,1,2000,10,10,911,911,0,0
noise_modulation,varying,noise_modulation=varying,recipe:ambrose_2016,literature,ripple,interval,median_onset_error,10,-0.0121877,-0.0201854,-0.010183,0.00355522,-0.0038886,0.00551564,0.231,2000,10,10,676,743,0,0
noise_modulation,varying,noise_modulation=varying,recipe:bendor_2012,literature,burst,interval,median_onset_error,10,0.011512,0.0104613,0.0123958,0,0,0,1,2000,10,10,655,655,0,0
noise_modulation,varying,noise_modulation=varying,recipe:berners_lee_2021,literature,ripple,interval,median_onset_error,10,-0.0121691,-0.0176981,-0.00975906,0.00338979,-0.00153679,0.00535743,0.183,2000,10,10,769,806,0,0
noise_modulation,varying,noise_modulation=varying,recipe:berners_lee_2022,literature,burst,interval,median_onset_error,10,-0.0130479,-0.0159764,-0.0103579,0,0,0,1,2000,10,10,668,668,0,0
noise_modulation,varying,noise_modulation=varying,recipe:bhattarai_2020,literature,network,interval,median_onset_error,10,-0.0760187,-0.0940498,-0.0603887,0.00711006,-0.00167524,0.0191225,0.218,2000,10,10,368,418,0,0
noise_modulation,varying,noise_modulation=varying,recipe:bhattarai_2020_ripples,literature,ripple,interval,median_onset_error,10,0.00272712,0.000463981,0.00360325,0.00122138,-0.000712326,0.00217645,0.244,2000,10,10,409,474,0,0
noise_modulation,varying,noise_modulation=varying,recipe:bush_2022,literature,burst,interval,median_onset_error,10,0.000963743,-0.000634348,0.00233178,0,0,0,1,2000,10,10,617,617,0,0
noise_modulation,varying,noise_modulation=varying,recipe:carey_2019,literature,network,interval,median_onset_error,10,0.0128733,0.0117262,0.0143007,0.00016669,-0.000198221,0.000943018,0.227,2000,10,10,900,900,0,0
noise_modulation,varying,noise_modulation=varying,recipe:carr_2012,literature,ripple,interval,median_onset_error,10,-0.00569264,-0.00782435,-0.00439096,0.00214361,-0.000978972,0.00435299,0.168,2000,10,10,695,739,0,0
noise_modulation,varying,noise_modulation=varying,recipe:chenani_2019,literature,burst,interval,median_onset_error,10,-0.0188819,-0.021828,-0.0175617,0,0,0,1,2000,10,10,671,671,0,0
noise_modulation,varying,noise_modulation=varying,recipe:davidson_2009,literature,burst,interval,median_onset_error,10,-0.0208446,-0.0222665,-0.0193016,0,0,0,1,2000,10,10,784,784,0,0
noise_modulation,varying,noise_modulation=varying,recipe:denovellis_2021,literature,ripple,interval,median_onset_error,10,0.000417454,-0.00045333,0.00125734,-0.000619628,-0.00171288,0.000190541,0.169,2000,10,10,797,845,0,0
noise_modulation,varying,noise_modulation=varying,recipe:denovellis_2021_mua,literature,burst,interval,median_onset_error,10,-0.0216321,-0.0237751,-0.0199833,0,0,0,1,2000,10,10,910,910,0,0
noise_modulation,varying,noise_modulation=varying,recipe:diba_2007,literature,burst,interval,median_onset_error,10,-0.0727517,-0.099299,-0.0577457,0,0,0,1,2000,10,10,251,251,0,0
noise_modulation,varying,noise_modulation=varying,recipe:drieu_2018,literature,burst,interval,median_onset_error,10,-0.00404978,-0.00568393,-0.00285607,0,0,0,1,2000,10,10,769,769,0,0
noise_modulation,varying,noise_modulation=varying,recipe:farooq_2019_neuron,literature,burst,interval,median_onset_error,10,0.0114778,0.00791052,0.0138605,0,0,0,1,2000,10,10,274,274,0,0
noise_modulation,varying,noise_modulation=varying,recipe:farooq_2019_science,literature,burst,interval,median_onset_error,10,0.0114778,0.0079113,0.0138605,0,0,0,1,2000,10,10,272,272,0,0
noise_modulation,varying,noise_modulation=varying,recipe:farooq_2019_science_awake,literature,burst,interval,median_onset_error,10,0.0114778,0.0079113,0.0138605,0,0,0,1,2000,10,10,272,272,0,0
noise_modulation,varying,noise_modulation=varying,recipe:foster_2006,literature,burst,interval,median_onset_error,10,-0.00603709,-0.0101548,0.00259616,0,0,0,1,2000,10,10,145,145,0,0
noise_modulation,varying,noise_modulation=varying,recipe:foster_2006_ripples,literature,ripple,interval,median_onset_error,10,0.0340714,0.0296579,0.0366765,0.000328773,-0.00455953,0.00449362,0.951,2000,10,10,64,76,0,0
noise_modulation,varying,noise_modulation=varying,recipe:gillespie_2021,literature,ripple,interval,median_onset_error,10,0.000129497,-0.00102591,0.0013673,-0.000599118,-0.00151385,0.000479389,0.364,2000,10,10,803,844,0,0
noise_modulation,varying,noise_modulation=varying,recipe:gillespie_2021_mua,literature,burst,interval,median_onset_error,10,-0.0208446,-0.0224039,-0.0192365,0,0,0,1,2000,10,10,804,804,0,0
noise_modulation,varying,noise_modulation=varying,recipe:gridchyn_2020,literature,burst,interval,median_onset_error,10,0.0114932,0.00973624,0.0128004,0,0,0,1,2000,10,10,872,872,0,0
noise_modulation,varying,noise_modulation=varying,recipe:grosmark_2016,literature,network,interval,median_onset_error,10,-0.0136302,-0.018297,-0.0117904,0.000205231,-0.000950561,0.00106243,0.962,2000,10,10,437,454,0,0
noise_modulation,varying,noise_modulation=varying,recipe:gupta_2010,literature,ripple,interval,median_onset_error,10,-0.00136633,-0.00226678,-0.000581543,-0.0020158,-0.00266667,-0.00153784,0,2000,10,10,776,816,0,0
noise_modulation,varying,noise_modulation=varying,recipe:harvey_2023_code,literature,ripple,interval,median_onset_error,10,0.0134168,0.0120022,0.0155773,8.71891e-06,-0.000565228,0.000564745,0.938,2000,10,10,570,575,0,0
noise_modulation,varying,noise_modulation=varying,recipe:harvey_2023_no_radiatum,literature,ripple,interval,median_onset_error,10,0.00808195,0.00640085,0.00956625,0.00806078,0.00524208,0.012293,0,2000,10,10,581,609,0,0
noise_modulation,varying,noise_modulation=varying,recipe:harvey_2023_text,literature,ripple,interval,median_onset_error,10,0.0140469,0.0132332,0.0151893,-0.000320259,-0.00129881,0.00069887,0.588,2000,10,10,505,617,0,0
noise_modulation,varying,noise_modulation=varying,recipe:huelin_gorriz_2023,literature,network,interval,median_onset_error,10,-0.01424,-0.0175394,-0.0123958,0.000129996,-0.00163646,0.00143052,0.932,2000,10,10,523,557,0,0
noise_modulation,varying,noise_modulation=varying,recipe:igata_2021,literature,burst,interval,median_onset_error,10,-0.0208446,-0.0230458,-0.0189872,0,0,0,1,2000,10,10,912,912,0,0
noise_modulation,varying,noise_modulation=varying,recipe:igata_2021_ripples,literature,ripple,interval,median_onset_error,10,0.00120969,0.000730489,0.00165496,3.33154e-05,-0.000697127,0.000514726,0.935,2000,10,10,845,890,0,0
noise_modulation,varying,noise_modulation=varying,recipe:jadhav_2016,literature,ripple,interval,median_onset_error,10,-0.00589849,-0.00791292,-0.00415183,0.00193098,-0.000291812,0.00375876,0.093,2000,10,10,540,598,0,0
noise_modulation,varying,noise_modulation=varying,recipe:ji_2007,literature,burst,interval,median_onset_error,10,0.0177528,0.0144042,0.0203139,0,0,0,1,2000,10,10,685,685,0,0
noise_modulation,varying,noise_modulation=varying,recipe:ji_2007_ripples,literature,ripple,interval,median_onset_error,10,-0.127766,-0.238438,0.0150522,-0.0743791,-0.247911,0.0995466,0.572147,1989,5,4,5,5,0,0
noise_modulation,varying,noise_modulation=varying,recipe:kaefer_2020,literature,ripple,interval,median_onset_error,10,-0.173041,-0.269772,-0.114506,-0.026321,-0.152115,0.02,0.489489,1998,5,7,6,11,0,0
noise_modulation,varying,noise_modulation=varying,recipe:karlsson_2009,literature,ripple,interval,median_onset_error,10,-0.00569264,-0.00782435,-0.00439096,0.00214361,-0.000978972,0.00435299,0.168,2000,10,10,695,739,0,0
noise_modulation,varying,noise_modulation=varying,recipe:krause_2022,literature,network,interval,median_onset_error,10,0.0110345,0.00704313,0.0159467,-0.00339475,-0.00620048,-3.45446e-05,0.045,2000,10,10,620,676,0,0
noise_modulation,varying,noise_modulation=varying,recipe:krause_2022_hse,literature,burst,interval,median_onset_error,10,-0.0323931,-0.0346551,-0.0290887,0,0,0,1,2000,10,10,801,801,0,0
noise_modulation,varying,noise_modulation=varying,recipe:kudrimoti_1999,literature,ripple,interval,median_onset_error,10,0.0335606,0.0270208,0.0424727,0.00169319,-0.00340754,0.00847439,0.481,2000,8,10,16,25,0,0
noise_modulation,varying,noise_modulation=varying,recipe:lee_2002,literature,burst,interval,median_onset_error,10,-0.0383037,-0.0457685,-0.0332465,0,0,0,1,2000,10,10,929,929,0,0
noise_modulation,varying,noise_modulation=varying,recipe:lee_2002_ripples,literature,ripple,interval,median_onset_error,10,0.0340714,0.0296579,0.0366765,0.000328773,-0.00455953,0.00449362,0.951,2000,10,10,64,76,0,0
noise_modulation,varying,noise_modulation=varying,recipe:liu_2019,literature,burst,interval,median_onset_error,10,-0.147592,-0.157828,-0.132624,0,0,0,1,2000,10,10,825,825,0,0
noise_modulation,varying,noise_modulation=varying,recipe:liu_2019_awake,literature,burst,interval,median_onset_error,10,-0.147592,-0.157828,-0.132624,0,0,0,1,2000,10,10,825,825,0,0
noise_modulation,varying,noise_modulation=varying,recipe:liu_2023,literature,network,interval,median_onset_error,10,-0.00786669,-0.0101545,-0.00540366,-0.000680912,-0.00124504,0.000420944,0.68,2000,10,10,464,470,0,0
noise_modulation,varying,noise_modulation=varying,recipe:maboudi_2018,literature,burst,interval,median_onset_error,10,-0.0325385,-0.0350644,-0.0294038,0,0,0,1,2000,10,10,775,775,0,0
noise_modulation,varying,noise_modulation=varying,recipe:maboudi_2018_open_field,literature,burst,interval,median_onset_error,10,-0.00269756,-0.00399852,-8.80208e-05,0,0,0,1,2000,10,10,721,721,0,0
noise_modulation,varying,noise_modulation=varying,recipe:mallory_2025,literature,burst,interval,median_onset_error,10,-0.0155739,-0.0176664,-0.0144297,0,0,0,1,2000,10,10,743,743,0,0
noise_modulation,varying,noise_modulation=varying,recipe:mallory_2025_ripples,literature,ripple,interval,median_onset_error,10,-0.0150702,-0.0190056,-0.0123994,0.00196933,-0.00245021,0.00412371,0.358,2000,10,10,649,704,0,0
noise_modulation,varying,noise_modulation=varying,recipe:michon_2019,literature,network,interval,median_onset_error,10,-0.00167669,-0.00348939,0.000266837,-2.23801e-05,-0.000603502,0.000548977,1,2000,10,10,276,273,0,0
noise_modulation,varying,noise_modulation=varying,recipe:michon_2021,literature,network,interval,median_onset_error,10,-0.00167669,-0.00348939,0.000266837,-2.23801e-05,-0.000603502,0.000548977,1,2000,10,10,276,273,0,0
noise_modulation,varying,noise_modulation=varying,recipe:mou_2022,literature,burst,interval,median_onset_error,10,-0.0462975,-0.0555394,-0.0401892,0,0,0,1,2000,10,10,838,838,0,0
noise_modulation,varying,noise_modulation=varying,recipe:muessig_2019,literature,network,interval,median_onset_error,10,0.0265104,0.0222774,0.0311895,0.000260686,-0.000934241,0.00358417,0.756,2000,10,10,108,116,0,0
noise_modulation,varying,noise_modulation=varying,recipe:muessig_2019_ripples,literature,ripple,interval,median_onset_error,10,-0.00917695,-0.0116693,-0.00459115,-0.000671496,-0.00290534,0.00145883,0.511,2000,10,10,798,893,0,0
noise_modulation,varying,noise_modulation=varying,recipe:nadasdy_1999,literature,ripple,interval,median_onset_error,10,0.00372365,0.00193454,0.00457485,-0.00117583,-0.00245562,-0.000559749,0,2000,10,10,357,471,0,0
noise_modulation,varying,noise_modulation=varying,recipe:olafsdottir_2015,literature,burst,interval,median_onset_error,10,0.00534263,0.00360919,0.00774539,0,0,0,1,2000,10,10,662,662,0,0
noise_modulation,varying,noise_modulation=varying,recipe:olafsdottir_2015.bayesian_candidates,literature,burst,interval,median_onset_error,10,0.004886,0.00284124,0.00630589,0,0,0,1,2000,10,10,599,599,0,0
noise_modulation,varying,noise_modulation=varying,recipe:olafsdottir_2016,literature,burst,interval,median_onset_error,10,0.011116,0.00799637,0.0127389,0,0,0,1,2000,10,10,558,558,0,0
noise_modulation,varying,noise_modulation=varying,recipe:olafsdottir_2017,literature,burst,interval,median_onset_error,10,0.0122048,0.0108757,0.0136994,0,0,0,1,2000,10,10,744,744,0,0
noise_modulation,varying,noise_modulation=varying,recipe:olafsdottir_2017.trajectory,literature,burst,interval,median_onset_error,10,0.011116,0.00799637,0.0127389,0,0,0,1,2000,10,10,558,558,0,0
noise_modulation,varying,noise_modulation=varying,recipe:pfeiffer_2013,literature,burst,interval,median_onset_error,10,-0.00269756,-0.00399852,-8.80208e-05,0,0,0,1,2000,10,10,721,721,0,0
noise_modulation,varying,noise_modulation=varying,recipe:pfeiffer_2013_ripples,literature,ripple,interval,median_onset_error,10,-0.0121877,-0.0201854,-0.010183,0.00355522,-0.0038886,0.00551564,0.231,2000,10,10,676,743,0,0
noise_modulation,varying,noise_modulation=varying,recipe:pfeiffer_2015,literature,ripple,interval,median_onset_error,10,-0.0118454,-0.0189506,-0.01005,0.00389752,-0.0023862,0.00567531,0.125,2000,10,10,663,743,0,0
noise_modulation,varying,noise_modulation=varying,recipe:shin_2019,literature,ripple,interval,median_onset_error,10,-0.00569264,-0.00782435,-0.00439096,0.00214361,-0.000978972,0.00435299,0.168,2000,10,10,695,739,0,0
noise_modulation,varying,noise_modulation=varying,recipe:silva_2015,literature,burst,interval,median_onset_error,10,-0.0122142,-0.0153682,-0.0101496,0,0,0,1,2000,10,10,606,606,0,0
noise_modulation,varying,noise_modulation=varying,recipe:stella_2019,literature,ripple,interval,median_onset_error,10,0.0116081,0.010706,0.012899,0.000773118,-8.59521e-05,0.00188036,0.094,2000,10,10,572,680,0,0
noise_modulation,varying,noise_modulation=varying,recipe:tang_2017,literature,ripple,interval,median_onset_error,10,-0.00569264,-0.00782435,-0.00439096,0.00214361,-0.000978972,0.00435299,0.168,2000,10,10,695,739,0,0
noise_modulation,varying,noise_modulation=varying,recipe:tirole_2022,literature,network,interval,median_onset_error,10,-0.01424,-0.0175394,-0.0123958,0.000129996,-0.00163646,0.00143052,0.932,2000,10,10,523,557,0,0
noise_modulation,varying,noise_modulation=varying,recipe:widloski_2025,literature,ripple,interval,median_onset_error,10,-1.12442,-3.96177,-0.384132,-0.956192,-3.78243,-0.223238,0,2000,10,10,164,518,0,0
noise_modulation,varying,noise_modulation=varying,recipe:widloski_2025_bursts,literature,burst,interval,median_onset_error,10,-0.168573,-0.174543,-0.15673,0,0,0,1,2000,10,10,518,518,0,0
noise_modulation,varying,noise_modulation=varying,recipe:wikenheiser_2013,literature,ripple,interval,median_onset_error,10,-0.0715431,-0.077157,-0.069364,0.0748508,0.0588001,0.0994883,0,2000,10,10,736,849,0,0
noise_modulation,varying,noise_modulation=varying,recipe:wu_2014,literature,burst,interval,median_onset_error,10,-0.0163562,-0.018528,-0.014373,0,0,0,1,2000,10,10,844,844,0,0
noise_modulation,varying,noise_modulation=varying,recipe:wu_2017,literature,burst,interval,median_onset_error,10,0.0117571,0.00916774,0.0144137,0,0,0,1,2000,10,10,523,523,0,0
noise_modulation,varying,noise_modulation=varying,recipe:xu_2019,literature,burst,interval,median_onset_error,10,-0.00774106,-0.0101589,-0.00488211,0,0,0,1,2000,10,10,731,731,0,0
noise_modulation,varying,noise_modulation=varying,recipe:yamamoto_2017,literature,network,interval,median_onset_error,10,0.0294699,0.0270953,0.0315449,-6.8152e-06,-0.000957322,0.000774232,0.936,2000,10,10,588,612,0,0
noise_modulation,varying,noise_modulation=varying,recipe:yang_2024,literature,network,interval,median_onset_error,10,-0.0136302,-0.018297,-0.0117904,0.000205231,-0.000950561,0.00106243,0.962,2000,10,10,437,454,0,0
fast_gamma_band,reference,reference,Carey_candidate_detector,default,network,interval,median_onset_error,10,0.0023104,0.00123107,0.00399637,0,0,0,1,2000,10,10,891,891,0,0
fast_gamma_band,reference,reference,Karlsson_ripple_detector,default,ripple,interval,median_onset_error,10,-0.00783625,-0.0099954,-0.00540774,0,0,0,1,2000,10,10,739,739,0,0
fast_gamma_band,reference,reference,Kay_ripple_detector,default,ripple,interval,median_onset_error,10,0.000728616,-0.000438561,0.00163915,0,0,0,1,2000,10,10,844,844,0,0
fast_gamma_band,reference,reference,Long_sharp_wave_ripple_detector,default,ripple,interval,median_onset_error,10,0.0121998,0.010706,0.0136956,0,0,0,1,2000,10,10,704,704,0,0
fast_gamma_band,reference,reference,Roumis_ripple_detector,default,ripple,interval,median_onset_error,10,0.000534876,-0.000645838,0.00161769,0,0,0,1,2000,10,10,845,845,0,0
fast_gamma_band,reference,reference,Shvartsman_ripple_detector,default,ripple,interval,median_onset_error,10,-0.00962531,-0.0115123,-0.00686953,0,0,0,1,2000,10,10,677,677,0,0
fast_gamma_band,reference,reference,Yu_ripple_detector,default,ripple,interval,median_onset_error,10,0.00170934,0.000880944,0.00241474,0,0,0,1,2000,10,10,865,865,0,0
fast_gamma_band,reference,reference,Zugaro_ripple_detector,default,ripple,interval,median_onset_error,10,0.0139065,0.0128742,0.0155587,0,0,0,1,2000,10,10,689,689,0,0
fast_gamma_band,reference,reference,multiunit_HSE_detector,default,burst,interval,median_onset_error,10,-0.0215494,-0.0233774,-0.0202821,0,0,0,1,2000,10,10,911,911,0,0
fast_gamma_band,reference,reference,recipe:ambrose_2016,literature,ripple,interval,median_onset_error,10,-0.015743,-0.0177555,-0.0142967,0,0,0,1,2000,10,10,743,743,0,0
fast_gamma_band,reference,reference,recipe:bendor_2012,literature,burst,interval,median_onset_error,10,0.011512,0.0104613,0.0123958,0,0,0,1,2000,10,10,655,655,0,0
fast_gamma_band,reference,reference,recipe:berners_lee_2021,literature,ripple,interval,median_onset_error,10,-0.0155589,-0.0173479,-0.0133744,0,0,0,1,2000,10,10,806,806,0,0
fast_gamma_band,reference,reference,recipe:berners_lee_2022,literature,burst,interval,median_onset_error,10,-0.0130479,-0.0159764,-0.0103579,0,0,0,1,2000,10,10,668,668,0,0
fast_gamma_band,reference,reference,recipe:bhattarai_2020,literature,network,interval,median_onset_error,10,-0.0831288,-0.0969635,-0.0720238,0,0,0,1,2000,10,10,418,418,0,0
fast_gamma_band,reference,reference,recipe:bhattarai_2020_ripples,literature,ripple,interval,median_onset_error,10,0.00150574,0.00025049,0.00309676,0,0,0,1,2000,10,10,474,474,0,0
fast_gamma_band,reference,reference,recipe:bush_2022,literature,burst,interval,median_onset_error,10,0.000963743,-0.000634348,0.00233178,0,0,0,1,2000,10,10,617,617,0,0
fast_gamma_band,reference,reference,recipe:carey_2019,literature,network,interval,median_onset_error,10,0.0127066,0.0112533,0.0135894,0,0,0,1,2000,10,10,900,900,0,0
fast_gamma_band,reference,reference,recipe:carr_2012,literature,ripple,interval,median_onset_error,10,-0.00783625,-0.0099954,-0.00540774,0,0,0,1,2000,10,10,739,739,0,0
fast_gamma_band,reference,reference,recipe:chenani_2019,literature,burst,interval,median_onset_error,10,-0.0188819,-0.021828,-0.0175617,0,0,0,1,2000,10,10,671,671,0,0
fast_gamma_band,reference,reference,recipe:davidson_2009,literature,burst,interval,median_onset_error,10,-0.0208446,-0.0222665,-0.0193016,0,0,0,1,2000,10,10,784,784,0,0
fast_gamma_band,reference,reference,recipe:denovellis_2021,literature,ripple,interval,median_onset_error,10,0.00103708,7.44804e-05,0.00199106,0,0,0,1,2000,10,10,845,845,0,0
fast_gamma_band,reference,reference,recipe:denovellis_2021_mua,literature,burst,interval,median_onset_error,10,-0.0216321,-0.0237751,-0.0199833,0,0,0,1,2000,10,10,910,910,0,0
fast_gamma_band,reference,reference,recipe:diba_2007,literature,burst,interval,median_onset_error,10,-0.0727517,-0.099299,-0.0577457,0,0,0,1,2000,10,10,251,251,0,0
fast_gamma_band,reference,reference,recipe:drieu_2018,literature,burst,interval,median_onset_error,10,-0.00404978,-0.00568393,-0.00285607,0,0,0,1,2000,10,10,769,769,0,0
fast_gamma_band,reference,reference,recipe:farooq_2019_neuron,literature,burst,interval,median_onset_error,10,0.0114778,0.00791052,0.0138605,0,0,0,1,2000,10,10,274,274,0,0
fast_gamma_band,reference,reference,recipe:farooq_2019_science,literature,burst,interval,median_onset_error,10,0.0114778,0.0079113,0.0138605,0,0,0,1,2000,10,10,272,272,0,0
fast_gamma_band,reference,reference,recipe:farooq_2019_science_awake,literature,burst,interval,median_onset_error,10,0.0114778,0.0079113,0.0138605,0,0,0,1,2000,10,10,272,272,0,0
fast_gamma_band,reference,reference,recipe:foster_2006,literature,burst,interval,median_onset_error,10,-0.00603709,-0.0101548,0.00259616,0,0,0,1,2000,10,10,145,145,0,0
fast_gamma_band,reference,reference,recipe:foster_2006_ripples,literature,ripple,interval,median_onset_error,10,0.0337426,0.0309958,0.0347633,0,0,0,1,2000,10,10,76,76,0,0
fast_gamma_band,reference,reference,recipe:gillespie_2021,literature,ripple,interval,median_onset_error,10,0.000728616,-0.000438561,0.00163915,0,0,0,1,2000,10,10,844,844,0,0
fast_gamma_band,reference,reference,recipe:gillespie_2021_mua,literature,burst,interval,median_onset_error,10,-0.0208446,-0.0224039,-0.0192365,0,0,0,1,2000,10,10,804,804,0,0
fast_gamma_band,reference,reference,recipe:gridchyn_2020,literature,burst,interval,median_onset_error,10,0.0114932,0.00973624,0.0128004,0,0,0,1,2000,10,10,872,872,0,0
fast_gamma_band,reference,reference,recipe:grosmark_2016,literature,network,interval,median_onset_error,10,-0.0138354,-0.0183971,-0.0119283,0,0,0,1,2000,10,10,454,454,0,0
fast_gamma_band,reference,reference,recipe:gupta_2010,literature,ripple,interval,median_onset_error,10,0.000649468,-0.000516766,0.00149165,0,0,0,1,2000,10,10,816,816,0,0
fast_gamma_band,reference,reference,recipe:harvey_2023_code,literature,ripple,interval,median_onset_error,10,0.0134081,0.0119995,0.0157787,0,0,0,1,2000,10,10,575,575,0,0
fast_gamma_band,reference,reference,recipe:harvey_2023_no_radiatum,literature,ripple,interval,median_onset_error,10,2.11699e-05,-0.00315594,0.00152412,0,0,0,1,2000,10,10,609,609,0,0
fast_gamma_band,reference,reference,recipe:harvey_2023_text,literature,ripple,interval,median_onset_error,10,0.0143671,0.0133529,0.0152102,0,0,0,1,2000,10,10,617,617,0,0
fast_gamma_band,reference,reference,recipe:huelin_gorriz_2023,literature,network,interval,median_onset_error,10,-0.01437,-0.0172593,-0.0127015,0,0,0,1,2000,10,10,557,557,0,0
fast_gamma_band,reference,reference,recipe:igata_2021,literature,burst,interval,median_onset_error,10,-0.0208446,-0.0230458,-0.0189872,0,0,0,1,2000,10,10,912,912,0,0
fast_gamma_band,reference,reference,recipe:igata_2021_ripples,literature,ripple,interval,median_onset_error,10,0.00117637,0.000836552,0.00170338,0,0,0,1,2000,10,10,890,890,0,0
fast_gamma_band,reference,reference,recipe:jadhav_2016,literature,ripple,interval,median_onset_error,10,-0.00782947,-0.0101123,-0.00525858,0,0,0,1,2000,10,10,598,598,0,0
fast_gamma_band,reference,reference,recipe:ji_2007,literature,burst,interval,median_onset_error,10,0.0177528,0.0144042,0.0203139,0,0,0,1,2000,10,10,685,685,0,0
fast_gamma_band,reference,reference,recipe:ji_2007_ripples,literature,ripple,interval,median_onset_error,10,-0.0533866,-0.183374,0.00947258,0,0,0,1,1989,4,4,5,5,0,0
fast_gamma_band,reference,reference,recipe:kaefer_2020,literature,ripple,interval,median_onset_error,10,-0.14672,-0.177766,-0.0950664,0,0,0,1,2000,7,7,11,11,0,0
fast_gamma_band,reference,reference,recipe:karlsson_2009,literature,ripple,interval,median_onset_error,10,-0.00783625,-0.0099954,-0.00540774,0,0,0,1,2000,10,10,739,739,0,0
fast_gamma_band,reference,reference,recipe:krause_2022,literature,network,interval,median_onset_error,10,0.0144293,0.0122692,0.0163226,0,0,0,1,2000,10,10,676,676,0,0
fast_gamma_band,reference,reference,recipe:krause_2022_hse,literature,burst,interval,median_onset_error,10,-0.0323931,-0.0346551,-0.0290887,0,0,0,1,2000,10,10,801,801,0,0
fast_gamma_band,reference,reference,recipe:kudrimoti_1999,literature,ripple,interval,median_onset_error,10,0.0318674,0.029584,0.0353648,0,0,0,1,2000,10,10,25,25,0,0
fast_gamma_band,reference,reference,recipe:lee_2002,literature,burst,interval,median_onset_error,10,-0.0383037,-0.0457685,-0.0332465,0,0,0,1,2000,10,10,929,929,0,0
fast_gamma_band,reference,reference,recipe:lee_2002_ripples,literature,ripple,interval,median_onset_error,10,0.0337426,0.0309958,0.0347633,0,0,0,1,2000,10,10,76,76,0,0
fast_gamma_band,reference,reference,recipe:liu_2019,literature,burst,interval,median_onset_error,10,-0.147592,-0.157828,-0.132624,0,0,0,1,2000,10,10,825,825,0,0
fast_gamma_band,reference,reference,recipe:liu_2019_awake,literature,burst,interval,median_onset_error,10,-0.147592,-0.157828,-0.132624,0,0,0,1,2000,10,10,825,825,0,0
fast_gamma_band,reference,reference,recipe:liu_2023,literature,network,interval,median_onset_error,10,-0.00718578,-0.010088,-0.00536157,0,0,0,1,2000,10,10,470,470,0,0
fast_gamma_band,reference,reference,recipe:maboudi_2018,literature,burst,interval,median_onset_error,10,-0.0325385,-0.0350644,-0.0294038,0,0,0,1,2000,10,10,775,775,0,0
fast_gamma_band,reference,reference,recipe:maboudi_2018_open_field,literature,burst,interval,median_onset_error,10,-0.00269756,-0.00399852,-8.80208e-05,0,0,0,1,2000,10,10,721,721,0,0
fast_gamma_band,reference,reference,recipe:mallory_2025,literature,burst,interval,median_onset_error,10,-0.0155739,-0.0176664,-0.0144297,0,0,0,1,2000,10,10,743,743,0,0
fast_gamma_band,reference,reference,recipe:mallory_2025_ripples,literature,ripple,interval,median_onset_error,10,-0.0170396,-0.0193004,-0.0142674,0,0,0,1,2000,10,10,704,704,0,0
fast_gamma_band,reference,reference,recipe:michon_2019,literature,network,interval,median_onset_error,10,-0.00165431,-0.00362832,0.000536935,0,0,0,1,2000,10,10,273,273,0,0
fast_gamma_band,reference,reference,recipe:michon_2021,literature,network,interval,median_onset_error,10,-0.00165431,-0.00362832,0.000536935,0,0,0,1,2000,10,10,273,273,0,0
fast_gamma_band,reference,reference,recipe:mou_2022,literature,burst,interval,median_onset_error,10,-0.0462975,-0.0555394,-0.0401892,0,0,0,1,2000,10,10,838,838,0,0
fast_gamma_band,reference,reference,recipe:muessig_2019,literature,network,interval,median_onset_error,10,0.0262498,0.0215342,0.0309892,0,0,0,1,2000,10,10,116,116,0,0
fast_gamma_band,reference,reference,recipe:muessig_2019_ripples,literature,ripple,interval,median_onset_error,10,-0.00850545,-0.0108126,-0.00392214,0,0,0,1,2000,10,10,893,893,0,0
fast_gamma_band,reference,reference,recipe:nadasdy_1999,literature,ripple,interval,median_onset_error,10,0.00489948,0.00428016,0.00549517,0,0,0,1,2000,10,10,471,471,0,0
fast_gamma_band,reference,reference,recipe:olafsdottir_2015,literature,burst,interval,median_onset_error,10,0.00534263,0.00360919,0.00774539,0,0,0,1,2000,10,10,662,662,0,0
fast_gamma_band,reference,reference,recipe:olafsdottir_2015.bayesian_candidates,literature,burst,interval,median_onset_error,10,0.004886,0.00284124,0.00630589,0,0,0,1,2000,10,10,599,599,0,0
fast_gamma_band,reference,reference,recipe:olafsdottir_2016,literature,burst,interval,median_onset_error,10,0.011116,0.00799637,0.0127389,0,0,0,1,2000,10,10,558,558,0,0
fast_gamma_band,reference,reference,recipe:olafsdottir_2017,literature,burst,interval,median_onset_error,10,0.0122048,0.0108757,0.0136994,0,0,0,1,2000,10,10,744,744,0,0
fast_gamma_band,reference,reference,recipe:olafsdottir_2017.trajectory,literature,burst,interval,median_onset_error,10,0.011116,0.00799637,0.0127389,0,0,0,1,2000,10,10,558,558,0,0
fast_gamma_band,reference,reference,recipe:pfeiffer_2013,literature,burst,interval,median_onset_error,10,-0.00269756,-0.00399852,-8.80208e-05,0,0,0,1,2000,10,10,721,721,0,0
fast_gamma_band,reference,reference,recipe:pfeiffer_2013_ripples,literature,ripple,interval,median_onset_error,10,-0.015743,-0.0177555,-0.0142967,0,0,0,1,2000,10,10,743,743,0,0
fast_gamma_band,reference,reference,recipe:pfeiffer_2015,literature,ripple,interval,median_onset_error,10,-0.015743,-0.0177555,-0.0142967,0,0,0,1,2000,10,10,743,743,0,0
fast_gamma_band,reference,reference,recipe:shin_2019,literature,ripple,interval,median_onset_error,10,-0.00783625,-0.0099954,-0.00540774,0,0,0,1,2000,10,10,739,739,0,0
fast_gamma_band,reference,reference,recipe:silva_2015,literature,burst,interval,median_onset_error,10,-0.0122142,-0.0153682,-0.0101496,0,0,0,1,2000,10,10,606,606,0,0
fast_gamma_band,reference,reference,recipe:stella_2019,literature,ripple,interval,median_onset_error,10,0.010835,0.0100663,0.0120394,0,0,0,1,2000,10,10,680,680,0,0
fast_gamma_band,reference,reference,recipe:tang_2017,literature,ripple,interval,median_onset_error,10,-0.00783625,-0.0099954,-0.00540774,0,0,0,1,2000,10,10,739,739,0,0
fast_gamma_band,reference,reference,recipe:tirole_2022,literature,network,interval,median_onset_error,10,-0.01437,-0.0172593,-0.0127015,0,0,0,1,2000,10,10,557,557,0,0
fast_gamma_band,reference,reference,recipe:widloski_2025,literature,ripple,interval,median_onset_error,10,-0.168227,-0.180008,-0.160493,0,0,0,1,2000,10,10,518,518,0,0
fast_gamma_band,reference,reference,recipe:widloski_2025_bursts,literature,burst,interval,median_onset_error,10,-0.168573,-0.174543,-0.15673,0,0,0,1,2000,10,10,518,518,0,0
fast_gamma_band,reference,reference,recipe:wikenheiser_2013,literature,ripple,interval,median_onset_error,10,-0.146394,-0.172799,-0.130138,0,0,0,1,2000,10,10,849,849,0,0
fast_gamma_band,reference,reference,recipe:wu_2014,literature,burst,interval,median_onset_error,10,-0.0163562,-0.018528,-0.014373,0,0,0,1,2000,10,10,844,844,0,0
fast_gamma_band,reference,reference,recipe:wu_2017,literature,burst,interval,median_onset_error,10,0.0117571,0.00916774,0.0144137,0,0,0,1,2000,10,10,523,523,0,0
fast_gamma_band,reference,reference,recipe:xu_2019,literature,burst,interval,median_onset_error,10,-0.00774106,-0.0101589,-0.00488211,0,0,0,1,2000,10,10,731,731,0,0
fast_gamma_band,reference,reference,recipe:yamamoto_2017,literature,network,interval,median_onset_error,10,0.0294767,0.0276603,0.0314484,0,0,0,1,2000,10,10,612,612,0,0
fast_gamma_band,reference,reference,recipe:yang_2024,literature,network,interval,median_onset_error,10,-0.0138354,-0.0183971,-0.0119283,0,0,0,1,2000,10,10,454,454,0,0
fast_gamma_band,nearby,fast_gamma_band=nearby,Carey_candidate_detector,default,network,interval,median_onset_error,10,0.0023104,0.00123107,0.00399637,0,0,0,1,2000,10,10,891,891,0,0
fast_gamma_band,nearby,fast_gamma_band=nearby,Karlsson_ripple_detector,default,ripple,interval,median_onset_error,10,-0.00783625,-0.0099954,-0.00529149,0,0,9.16378e-09,1,2000,10,10,739,739,0,0
fast_gamma_band,nearby,fast_gamma_band=nearby,Kay_ripple_detector,default,ripple,interval,median_onset_error,10,0.000728616,-0.000438561,0.00163915,0,0,0,1,2000,10,10,844,844,0,0
fast_gamma_band,nearby,fast_gamma_band=nearby,Long_sharp_wave_ripple_detector,default,ripple,interval,median_onset_error,10,0.0121998,0.010706,0.0136956,0,0,0,1,2000,10,10,704,704,0,0
fast_gamma_band,nearby,fast_gamma_band=nearby,Roumis_ripple_detector,default,ripple,interval,median_onset_error,10,0.000534876,-0.000645838,0.00161769,0,0,0,1,2000,10,10,845,845,0,0
fast_gamma_band,nearby,fast_gamma_band=nearby,Shvartsman_ripple_detector,default,ripple,interval,median_onset_error,10,-0.00962531,-0.0115123,-0.00686953,0,0,0,1,2000,10,10,677,677,0,0
fast_gamma_band,nearby,fast_gamma_band=nearby,Yu_ripple_detector,default,ripple,interval,median_onset_error,10,0.00170934,0.000880944,0.00241474,0,0,0,1,2000,10,10,865,865,0,0
fast_gamma_band,nearby,fast_gamma_band=nearby,Zugaro_ripple_detector,default,ripple,interval,median_onset_error,10,0.0139232,0.0129325,0.0155661,1.67599e-05,0,0.000119895,1,2000,10,10,690,689,0,0
fast_gamma_band,nearby,fast_gamma_band=nearby,multiunit_HSE_detector,default,burst,interval,median_onset_error,10,-0.0215494,-0.0233774,-0.0202821,0,0,0,1,2000,10,10,911,911,0,0
fast_gamma_band,nearby,fast_gamma_band=nearby,recipe:ambrose_2016,literature,ripple,interval,median_onset_error,10,-0.015743,-0.0177555,-0.0142967,0,0,0,1,2000,10,10,743,743,0,0
fast_gamma_band,nearby,fast_gamma_band=nearby,recipe:bendor_2012,literature,burst,interval,median_onset_error,10,0.011512,0.0104613,0.0123958,0,0,0,1,2000,10,10,655,655,0,0
fast_gamma_band,nearby,fast_gamma_band=nearby,recipe:berners_lee_2021,literature,ripple,interval,median_onset_error,10,-0.0156319,-0.0174182,-0.013435,-7.2978e-05,-0.000325578,0,0.883,2000,10,10,806,806,0,0
fast_gamma_band,nearby,fast_gamma_band=nearby,recipe:berners_lee_2022,literature,burst,interval,median_onset_error,10,-0.0130479,-0.0159764,-0.0103579,0,0,0,1,2000,10,10,668,668,0,0
fast_gamma_band,nearby,fast_gamma_band=nearby,recipe:bhattarai_2020,literature,network,interval,median_onset_error,10,-0.0833643,-0.0969635,-0.0726058,-0.000235539,-0.00301692,0,1,2000,10,10,417,418,0,0
fast_gamma_band,nearby,fast_gamma_band=nearby,recipe:bhattarai_2020_ripples,literature,ripple,interval,median_onset_error,10,0.00148082,5.78166e-05,0.00310786,-2.49138e-05,-0.000428431,0.000419396,1,2000,10,10,473,474,0,0
fast_gamma_band,nearby,fast_gamma_band=nearby,recipe:bush_2022,literature,burst,interval,median_onset_error,10,0.000963743,-0.000634348,0.00233178,0,0,0,1,2000,10,10,617,617,0,0
fast_gamma_band,nearby,fast_gamma_band=nearby,recipe:carey_2019,literature,network,interval,median_onset_error,10,0.0127066,0.0112533,0.0135894,0,0,0,1,2000,10,10,900,900,0,0
fast_gamma_band,nearby,fast_gamma_band=nearby,recipe:carr_2012,literature,ripple,interval,median_onset_error,10,-0.00783625,-0.0099954,-0.00529149,0,0,9.16378e-09,1,2000,10,10,739,739,0,0
fast_gamma_band,nearby,fast_gamma_band=nearby,recipe:chenani_2019,literature,burst,interval,median_onset_error,10,-0.0188819,-0.021828,-0.0175617,0,0,0,1,2000,10,10,671,671,0,0
fast_gamma_band,nearby,fast_gamma_band=nearby,recipe:davidson_2009,literature,burst,interval,median_onset_error,10,-0.0208446,-0.0222665,-0.0193016,0,0,0,1,2000,10,10,784,784,0,0
fast_gamma_band,nearby,fast_gamma_band=nearby,recipe:denovellis_2021,literature,ripple,interval,median_onset_error,10,0.00103708,7.44804e-05,0.00199106,0,0,0,1,2000,10,10,845,845,0,0
fast_gamma_band,nearby,fast_gamma_band=nearby,recipe:denovellis_2021_mua,literature,burst,interval,median_onset_error,10,-0.0216321,-0.0237751,-0.0199833,0,0,0,1,2000,10,10,910,910,0,0
fast_gamma_band,nearby,fast_gamma_band=nearby,recipe:diba_2007,literature,burst,interval,median_onset_error,10,-0.0727517,-0.099299,-0.0577457,0,0,0,1,2000,10,10,251,251,0,0
fast_gamma_band,nearby,fast_gamma_band=nearby,recipe:drieu_2018,literature,burst,interval,median_onset_error,10,-0.00404978,-0.00568393,-0.00285607,0,0,0,1,2000,10,10,769,769,0,0
fast_gamma_band,nearby,fast_gamma_band=nearby,recipe:farooq_2019_neuron,literature,burst,interval,median_onset_error,10,0.0114778,0.00791052,0.0138605,0,0,0,1,2000,10,10,274,274,0,0
fast_gamma_band,nearby,fast_gamma_band=nearby,recipe:farooq_2019_science,literature,burst,interval,median_onset_error,10,0.0114778,0.0079113,0.0138605,0,0,0,1,2000,10,10,272,272,0,0
fast_gamma_band,nearby,fast_gamma_band=nearby,recipe:farooq_2019_science_awake,literature,burst,interval,median_onset_error,10,0.0114778,0.0079113,0.0138605,0,0,0,1,2000,10,10,272,272,0,0
fast_gamma_band,nearby,fast_gamma_band=nearby,recipe:foster_2006,literature,burst,interval,median_onset_error,10,-0.00603709,-0.0101548,0.00259616,0,0,0,1,2000,10,10,145,145,0,0
fast_gamma_band,nearby,fast_gamma_band=nearby,recipe:foster_2006_ripples,literature,ripple,interval,median_onset_error,10,0.0337426,0.0309958,0.0347633,0,0,0,1,2000,10,10,76,76,0,0
fast_gamma_band,nearby,fast_gamma_band=nearby,recipe:gillespie_2021,literature,ripple,interval,median_onset_error,10,0.000728616,-0.000438561,0.00163915,0,0,0,1,2000,10,10,844,844,0,0
fast_gamma_band,nearby,fast_gamma_band=nearby,recipe:gillespie_2021_mua,literature,burst,interval,median_onset_error,10,-0.0208446,-0.0224039,-0.0192365,0,0,0,1,2000,10,10,804,804,0,0
fast_gamma_band,nearby,fast_gamma_band=nearby,recipe:gridchyn_2020,literature,burst,interval,median_onset_error,10,0.0114932,0.00973624,0.0128004,0,0,0,1,2000,10,10,872,872,0,0
fast_gamma_band,nearby,fast_gamma_band=nearby,recipe:grosmark_2016,literature,network,interval,median_onset_error,10,-0.0140406,-0.0183971,-0.0119283,-0.000205231,-0.000316525,0,1,2000,10,10,455,454,0,0
fast_gamma_band,nearby,fast_gamma_band=nearby,recipe:gupta_2010,literature,ripple,interval,median_onset_error,10,0.000649468,-0.000516766,0.00149165,0,0,0,1,2000,10,10,816,816,0,0
fast_gamma_band,nearby,fast_gamma_band=nearby,recipe:harvey_2023_code,literature,ripple,interval,median_onset_error,10,0.0134081,0.0119995,0.0157787,0,0,0,1,2000,10,10,575,575,0,0
fast_gamma_band,nearby,fast_gamma_band=nearby,recipe:harvey_2023_no_radiatum,literature,ripple,interval,median_onset_error,10,2.11699e-05,-0.00315594,0.00152412,0,0,0,1,2000,10,10,609,609,0,0
fast_gamma_band,nearby,fast_gamma_band=nearby,recipe:harvey_2023_text,literature,ripple,interval,median_onset_error,10,0.0143231,0.0132623,0.015118,-4.39783e-05,-0.000245555,0,0.873,2000,10,10,617,617,0,0
fast_gamma_band,nearby,fast_gamma_band=nearby,recipe:huelin_gorriz_2023,literature,network,interval,median_onset_error,10,-0.0143391,-0.0172083,-0.0127015,3.08924e-05,-0.000272311,0.000242505,1,2000,10,10,558,557,0,0
fast_gamma_band,nearby,fast_gamma_band=nearby,recipe:igata_2021,literature,burst,interval,median_onset_error,10,-0.0208446,-0.0230458,-0.0189872,0,0,0,1,2000,10,10,912,912,0,0
fast_gamma_band,nearby,fast_gamma_band=nearby,recipe:igata_2021_ripples,literature,ripple,interval,median_onset_error,10,0.001197,0.000836863,0.00172367,2.06284e-05,0,0.000100297,0.841,2000,10,10,890,890,0,0
fast_gamma_band,nearby,fast_gamma_band=nearby,recipe:jadhav_2016,literature,ripple,interval,median_onset_error,10,-0.00782947,-0.0101123,-0.00516994,0,0,7.1085e-06,1,2000,10,10,598,598,0,0
fast_gamma_band,nearby,fast_gamma_band=nearby,recipe:ji_2007,literature,burst,interval,median_onset_error,10,0.0177528,0.0144042,0.0203139,0,0,0,1,2000,10,10,685,685,0,0
fast_gamma_band,nearby,fast_gamma_band=nearby,recipe:ji_2007_ripples,literature,ripple,interval,median_onset_error,10,-0.0533866,-0.183374,0.00947258,0,0,0,1,1989,4,4,5,5,0,0
fast_gamma_band,nearby,fast_gamma_band=nearby,recipe:kaefer_2020,literature,ripple,interval,median_onset_error,10,-0.14672,-0.177766,-0.0950664,0,0,0,1,2000,7,7,11,11,0,0
fast_gamma_band,nearby,fast_gamma_band=nearby,recipe:karlsson_2009,literature,ripple,interval,median_onset_error,10,-0.00783625,-0.0099954,-0.00529149,0,0,9.16378e-09,1,2000,10,10,739,739,0,0
fast_gamma_band,nearby,fast_gamma_band=nearby,recipe:krause_2022,literature,network,interval,median_onset_error,10,0.0142763,0.0122677,0.0163226,-0.000152979,-0.000403425,0,0.88,2000,10,10,676,676,0,0
fast_gamma_band,nearby,fast_gamma_band=nearby,recipe:krause_2022_hse,literature,burst,interval,median_onset_error,10,-0.0323931,-0.0346551,-0.0290887,0,0,0,1,2000,10,10,801,801,0,0
fast_gamma_band,nearby,fast_gamma_band=nearby,recipe:kudrimoti_1999,literature,ripple,interval,median_onset_error,10,0.0318674,0.029584,0.0353648,0,0,0,1,2000,10,10,25,25,0,0
fast_gamma_band,nearby,fast_gamma_band=nearby,recipe:lee_2002,literature,burst,interval,median_onset_error,10,-0.0383037,-0.0457685,-0.0332465,0,0,0,1,2000,10,10,929,929,0,0
fast_gamma_band,nearby,fast_gamma_band=nearby,recipe:lee_2002_ripples,literature,ripple,interval,median_onset_error,10,0.0337426,0.0309958,0.0347633,0,0,0,1,2000,10,10,76,76,0,0
fast_gamma_band,nearby,fast_gamma_band=nearby,recipe:liu_2019,literature,burst,interval,median_onset_error,10,-0.147592,-0.157828,-0.132624,0,0,0,1,2000,10,10,825,825,0,0
fast_gamma_band,nearby,fast_gamma_band=nearby,recipe:liu_2019_awake,literature,burst,interval,median_onset_error,10,-0.147592,-0.157828,-0.132624,0,0,0,1,2000,10,10,825,825,0,0
fast_gamma_band,nearby,fast_gamma_band=nearby,recipe:liu_2023,literature,network,interval,median_onset_error,10,-0.00718578,-0.010088,-0.00536157,0,0,0,1,2000,10,10,470,470,0,0
fast_gamma_band,nearby,fast_gamma_band=nearby,recipe:maboudi_2018,literature,burst,interval,median_onset_error,10,-0.0325385,-0.0350644,-0.0294038,0,0,0,1,2000,10,10,775,775,0,0
fast_gamma_band,nearby,fast_gamma_band=nearby,recipe:maboudi_2018_open_field,literature,burst,interval,median_onset_error,10,-0.00269756,-0.00399852,-8.80208e-05,0,0,0,1,2000,10,10,721,721,0,0
fast_gamma_band,nearby,fast_gamma_band=nearby,recipe:mallory_2025,literature,burst,interval,median_onset_error,10,-0.0155739,-0.0176664,-0.0144297,0,0,0,1,2000,10,10,743,743,0,0
fast_gamma_band,nearby,fast_gamma_band=nearby,recipe:mallory_2025_ripples,literature,ripple,interval,median_onset_error,10,-0.017026,-0.0193,-0.0141766,1.36018e-05,0,0.000281658,1,2000,10,10,705,704,0,0
fast_gamma_band,nearby,fast_gamma_band=nearby,recipe:michon_2019,literature,network,interval,median_onset_error,10,-0.00151256,-0.00337437,0.000536935,0.000141748,0,0.000423622,1,2000,10,10,272,273,0,0
fast_gamma_band,nearby,fast_gamma_band=nearby,recipe:michon_2021,literature,network,interval,median_onset_error,10,-0.00151256,-0.00337437,0.000536935,0.000141748,0,0.000423622,1,2000,10,10,272,273,0,0
fast_gamma_band,nearby,fast_gamma_band=nearby,recipe:mou_2022,literature,burst,interval,median_onset_error,10,-0.0462975,-0.0555394,-0.0401892,0,0,0,1,2000,10,10,838,838,0,0
fast_gamma_band,nearby,fast_gamma_band=nearby,recipe:muessig_2019,literature,network,interval,median_onset_error,10,0.0262498,0.0215342,0.0309892,0,0,0,1,2000,10,10,116,116,0,0
fast_gamma_band,nearby,fast_gamma_band=nearby,recipe:muessig_2019_ripples,literature,ripple,interval,median_onset_error,10,-0.00853406,-0.0108676,-0.00392214,-2.86111e-05,-0.000828187,0.00072141,0.948,2000,10,10,892,893,0,0
fast_gamma_band,nearby,fast_gamma_band=nearby,recipe:nadasdy_1999,literature,ripple,interval,median_onset_error,10,0.00489948,0.00428016,0.00549517,0,0,0,1,2000,10,10,471,471,0,0
fast_gamma_band,nearby,fast_gamma_band=nearby,recipe:olafsdottir_2015,literature,burst,interval,median_onset_error,10,0.00534263,0.00360919,0.00774539,0,0,0,1,2000,10,10,662,662,0,0
fast_gamma_band,nearby,fast_gamma_band=nearby,recipe:olafsdottir_2015.bayesian_candidates,literature,burst,interval,median_onset_error,10,0.004886,0.00284124,0.00630589,0,0,0,1,2000,10,10,599,599,0,0
fast_gamma_band,nearby,fast_gamma_band=nearby,recipe:olafsdottir_2016,literature,burst,interval,median_onset_error,10,0.011116,0.00799637,0.0127389,0,0,0,1,2000,10,10,558,558,0,0
fast_gamma_band,nearby,fast_gamma_band=nearby,recipe:olafsdottir_2017,literature,burst,interval,median_onset_error,10,0.0122048,0.0108757,0.0136994,0,0,0,1,2000,10,10,744,744,0,0
fast_gamma_band,nearby,fast_gamma_band=nearby,recipe:olafsdottir_2017.trajectory,literature,burst,interval,median_onset_error,10,0.011116,0.00799637,0.0127389,0,0,0,1,2000,10,10,558,558,0,0
fast_gamma_band,nearby,fast_gamma_band=nearby,recipe:pfeiffer_2013,literature,burst,interval,median_onset_error,10,-0.00269756,-0.00399852,-8.80208e-05,0,0,0,1,2000,10,10,721,721,0,0
fast_gamma_band,nearby,fast_gamma_band=nearby,recipe:pfeiffer_2013_ripples,literature,ripple,interval,median_onset_error,10,-0.015743,-0.0177555,-0.0142967,0,0,0,1,2000,10,10,743,743,0,0
fast_gamma_band,nearby,fast_gamma_band=nearby,recipe:pfeiffer_2015,literature,ripple,interval,median_onset_error,10,-0.015743,-0.0177555,-0.0142967,0,0,0,1,2000,10,10,743,743,0,0
fast_gamma_band,nearby,fast_gamma_band=nearby,recipe:shin_2019,literature,ripple,interval,median_onset_error,10,-0.00783625,-0.0099954,-0.00529149,0,0,9.16378e-09,1,2000,10,10,739,739,0,0
fast_gamma_band,nearby,fast_gamma_band=nearby,recipe:silva_2015,literature,burst,interval,median_onset_error,10,-0.0122142,-0.0153682,-0.0101496,0,0,0,1,2000,10,10,606,606,0,0
fast_gamma_band,nearby,fast_gamma_band=nearby,recipe:stella_2019,literature,ripple,interval,median_onset_error,10,0.010835,0.0100663,0.0120394,0,0,0,1,2000,10,10,680,680,0,0
fast_gamma_band,nearby,fast_gamma_band=nearby,recipe:tang_2017,literature,ripple,interval,median_onset_error,10,-0.00783625,-0.0099954,-0.00529149,0,0,9.16378e-09,1,2000,10,10,739,739,0,0
fast_gamma_band,nearby,fast_gamma_band=nearby,recipe:tirole_2022,literature,network,interval,median_onset_error,10,-0.0143391,-0.0172083,-0.0127015,3.08924e-05,-0.000272311,0.000242505,1,2000,10,10,558,557,0,0
fast_gamma_band,nearby,fast_gamma_band=nearby,recipe:widloski_2025,literature,ripple,interval,median_onset_error,10,-0.16772,-0.178992,-0.160303,0.00050693,-0.00171882,0.00416875,0.374,2000,10,10,517,518,0,0
fast_gamma_band,nearby,fast_gamma_band=nearby,recipe:widloski_2025_bursts,literature,burst,interval,median_onset_error,10,-0.168573,-0.174543,-0.15673,0,0,0,1,2000,10,10,518,518,0,0
fast_gamma_band,nearby,fast_gamma_band=nearby,recipe:wikenheiser_2013,literature,ripple,interval,median_onset_error,10,-0.14663,-0.172799,-0.130138,-0.000235753,-0.0029029,0,1,2000,10,10,849,849,0,0
fast_gamma_band,nearby,fast_gamma_band=nearby,recipe:wu_2014,literature,burst,interval,median_onset_error,10,-0.0163562,-0.018528,-0.014373,0,0,0,1,2000,10,10,844,844,0,0
fast_gamma_band,nearby,fast_gamma_band=nearby,recipe:wu_2017,literature,burst,interval,median_onset_error,10,0.0117571,0.00916774,0.0144137,0,0,0,1,2000,10,10,523,523,0,0
fast_gamma_band,nearby,fast_gamma_band=nearby,recipe:xu_2019,literature,burst,interval,median_onset_error,10,-0.00774106,-0.0101589,-0.00488211,0,0,0,1,2000,10,10,731,731,0,0
fast_gamma_band,nearby,fast_gamma_band=nearby,recipe:yamamoto_2017,literature,network,interval,median_onset_error,10,0.0294767,0.0276603,0.0314484,0,0,0,1,2000,10,10,612,612,0,0
fast_gamma_band,nearby,fast_gamma_band=nearby,recipe:yang_2024,literature,network,interval,median_onset_error,10,-0.0140406,-0.0183971,-0.0119283,-0.000205231,-0.000316525,0,1,2000,10,10,455,454,0,0
spike_model,reference,reference,Carey_candidate_detector,default,network,interval,median_onset_error,10,0.0023104,0.00123107,0.00399637,0,0,0,1,2000,10,10,891,891,0,0
spike_model,reference,reference,Karlsson_ripple_detector,default,ripple,interval,median_onset_error,10,-0.00783625,-0.0099954,-0.00540774,0,0,0,1,2000,10,10,739,739,0,0
spike_model,reference,reference,Kay_ripple_detector,default,ripple,interval,median_onset_error,10,0.000728616,-0.000438561,0.00163915,0,0,0,1,2000,10,10,844,844,0,0
spike_model,reference,reference,Long_sharp_wave_ripple_detector,default,ripple,interval,median_onset_error,10,0.0121998,0.010706,0.0136956,0,0,0,1,2000,10,10,704,704,0,0
spike_model,reference,reference,Roumis_ripple_detector,default,ripple,interval,median_onset_error,10,0.000534876,-0.000645838,0.00161769,0,0,0,1,2000,10,10,845,845,0,0
spike_model,reference,reference,Shvartsman_ripple_detector,default,ripple,interval,median_onset_error,10,-0.00962531,-0.0115123,-0.00686953,0,0,0,1,2000,10,10,677,677,0,0
spike_model,reference,reference,Yu_ripple_detector,default,ripple,interval,median_onset_error,10,0.00170934,0.000880944,0.00241474,0,0,0,1,2000,10,10,865,865,0,0
spike_model,reference,reference,Zugaro_ripple_detector,default,ripple,interval,median_onset_error,10,0.0139065,0.0128742,0.0155587,0,0,0,1,2000,10,10,689,689,0,0
spike_model,reference,reference,multiunit_HSE_detector,default,burst,interval,median_onset_error,10,-0.0215494,-0.0233774,-0.0202821,0,0,0,1,2000,10,10,911,911,0,0
spike_model,reference,reference,recipe:ambrose_2016,literature,ripple,interval,median_onset_error,10,-0.015743,-0.0177555,-0.0142967,0,0,0,1,2000,10,10,743,743,0,0
spike_model,reference,reference,recipe:bendor_2012,literature,burst,interval,median_onset_error,10,0.011512,0.0104613,0.0123958,0,0,0,1,2000,10,10,655,655,0,0
spike_model,reference,reference,recipe:berners_lee_2021,literature,ripple,interval,median_onset_error,10,-0.0155589,-0.0173479,-0.0133744,0,0,0,1,2000,10,10,806,806,0,0
spike_model,reference,reference,recipe:berners_lee_2022,literature,burst,interval,median_onset_error,10,-0.0130479,-0.0159764,-0.0103579,0,0,0,1,2000,10,10,668,668,0,0
spike_model,reference,reference,recipe:bhattarai_2020,literature,network,interval,median_onset_error,10,-0.0831288,-0.0969635,-0.0720238,0,0,0,1,2000,10,10,418,418,0,0
spike_model,reference,reference,recipe:bhattarai_2020_ripples,literature,ripple,interval,median_onset_error,10,0.00150574,0.00025049,0.00309676,0,0,0,1,2000,10,10,474,474,0,0
spike_model,reference,reference,recipe:bush_2022,literature,burst,interval,median_onset_error,10,0.000963743,-0.000634348,0.00233178,0,0,0,1,2000,10,10,617,617,0,0
spike_model,reference,reference,recipe:carey_2019,literature,network,interval,median_onset_error,10,0.0127066,0.0112533,0.0135894,0,0,0,1,2000,10,10,900,900,0,0
spike_model,reference,reference,recipe:carr_2012,literature,ripple,interval,median_onset_error,10,-0.00783625,-0.0099954,-0.00540774,0,0,0,1,2000,10,10,739,739,0,0
spike_model,reference,reference,recipe:chenani_2019,literature,burst,interval,median_onset_error,10,-0.0188819,-0.021828,-0.0175617,0,0,0,1,2000,10,10,671,671,0,0
spike_model,reference,reference,recipe:davidson_2009,literature,burst,interval,median_onset_error,10,-0.0208446,-0.0222665,-0.0193016,0,0,0,1,2000,10,10,784,784,0,0
spike_model,reference,reference,recipe:denovellis_2021,literature,ripple,interval,median_onset_error,10,0.00103708,7.44804e-05,0.00199106,0,0,0,1,2000,10,10,845,845,0,0
spike_model,reference,reference,recipe:denovellis_2021_mua,literature,burst,interval,median_onset_error,10,-0.0216321,-0.0237751,-0.0199833,0,0,0,1,2000,10,10,910,910,0,0
spike_model,reference,reference,recipe:diba_2007,literature,burst,interval,median_onset_error,10,-0.0727517,-0.099299,-0.0577457,0,0,0,1,2000,10,10,251,251,0,0
spike_model,reference,reference,recipe:drieu_2018,literature,burst,interval,median_onset_error,10,-0.00404978,-0.00568393,-0.00285607,0,0,0,1,2000,10,10,769,769,0,0
spike_model,reference,reference,recipe:farooq_2019_neuron,literature,burst,interval,median_onset_error,10,0.0114778,0.00791052,0.0138605,0,0,0,1,2000,10,10,274,274,0,0
spike_model,reference,reference,recipe:farooq_2019_science,literature,burst,interval,median_onset_error,10,0.0114778,0.0079113,0.0138605,0,0,0,1,2000,10,10,272,272,0,0
spike_model,reference,reference,recipe:farooq_2019_science_awake,literature,burst,interval,median_onset_error,10,0.0114778,0.0079113,0.0138605,0,0,0,1,2000,10,10,272,272,0,0
spike_model,reference,reference,recipe:foster_2006,literature,burst,interval,median_onset_error,10,-0.00603709,-0.0101548,0.00259616,0,0,0,1,2000,10,10,145,145,0,0
spike_model,reference,reference,recipe:foster_2006_ripples,literature,ripple,interval,median_onset_error,10,0.0337426,0.0309958,0.0347633,0,0,0,1,2000,10,10,76,76,0,0
spike_model,reference,reference,recipe:gillespie_2021,literature,ripple,interval,median_onset_error,10,0.000728616,-0.000438561,0.00163915,0,0,0,1,2000,10,10,844,844,0,0
spike_model,reference,reference,recipe:gillespie_2021_mua,literature,burst,interval,median_onset_error,10,-0.0208446,-0.0224039,-0.0192365,0,0,0,1,2000,10,10,804,804,0,0
spike_model,reference,reference,recipe:gridchyn_2020,literature,burst,interval,median_onset_error,10,0.0114932,0.00973624,0.0128004,0,0,0,1,2000,10,10,872,872,0,0
spike_model,reference,reference,recipe:grosmark_2016,literature,network,interval,median_onset_error,10,-0.0138354,-0.0183971,-0.0119283,0,0,0,1,2000,10,10,454,454,0,0
spike_model,reference,reference,recipe:gupta_2010,literature,ripple,interval,median_onset_error,10,0.000649468,-0.000516766,0.00149165,0,0,0,1,2000,10,10,816,816,0,0
spike_model,reference,reference,recipe:harvey_2023_code,literature,ripple,interval,median_onset_error,10,0.0134081,0.0119995,0.0157787,0,0,0,1,2000,10,10,575,575,0,0
spike_model,reference,reference,recipe:harvey_2023_no_radiatum,literature,ripple,interval,median_onset_error,10,2.11699e-05,-0.00315594,0.00152412,0,0,0,1,2000,10,10,609,609,0,0
spike_model,reference,reference,recipe:harvey_2023_text,literature,ripple,interval,median_onset_error,10,0.0143671,0.0133529,0.0152102,0,0,0,1,2000,10,10,617,617,0,0
spike_model,reference,reference,recipe:huelin_gorriz_2023,literature,network,interval,median_onset_error,10,-0.01437,-0.0172593,-0.0127015,0,0,0,1,2000,10,10,557,557,0,0
spike_model,reference,reference,recipe:igata_2021,literature,burst,interval,median_onset_error,10,-0.0208446,-0.0230458,-0.0189872,0,0,0,1,2000,10,10,912,912,0,0
spike_model,reference,reference,recipe:igata_2021_ripples,literature,ripple,interval,median_onset_error,10,0.00117637,0.000836552,0.00170338,0,0,0,1,2000,10,10,890,890,0,0
spike_model,reference,reference,recipe:jadhav_2016,literature,ripple,interval,median_onset_error,10,-0.00782947,-0.0101123,-0.00525858,0,0,0,1,2000,10,10,598,598,0,0
spike_model,reference,reference,recipe:ji_2007,literature,burst,interval,median_onset_error,10,0.0177528,0.0144042,0.0203139,0,0,0,1,2000,10,10,685,685,0,0
spike_model,reference,reference,recipe:ji_2007_ripples,literature,ripple,interval,median_onset_error,10,-0.0533866,-0.183374,0.00947258,0,0,0,1,1989,4,4,5,5,0,0
spike_model,reference,reference,recipe:kaefer_2020,literature,ripple,interval,median_onset_error,10,-0.14672,-0.177766,-0.0950664,0,0,0,1,2000,7,7,11,11,0,0
spike_model,reference,reference,recipe:karlsson_2009,literature,ripple,interval,median_onset_error,10,-0.00783625,-0.0099954,-0.00540774,0,0,0,1,2000,10,10,739,739,0,0
spike_model,reference,reference,recipe:krause_2022,literature,network,interval,median_onset_error,10,0.0144293,0.0122692,0.0163226,0,0,0,1,2000,10,10,676,676,0,0
spike_model,reference,reference,recipe:krause_2022_hse,literature,burst,interval,median_onset_error,10,-0.0323931,-0.0346551,-0.0290887,0,0,0,1,2000,10,10,801,801,0,0
spike_model,reference,reference,recipe:kudrimoti_1999,literature,ripple,interval,median_onset_error,10,0.0318674,0.029584,0.0353648,0,0,0,1,2000,10,10,25,25,0,0
spike_model,reference,reference,recipe:lee_2002,literature,burst,interval,median_onset_error,10,-0.0383037,-0.0457685,-0.0332465,0,0,0,1,2000,10,10,929,929,0,0
spike_model,reference,reference,recipe:lee_2002_ripples,literature,ripple,interval,median_onset_error,10,0.0337426,0.0309958,0.0347633,0,0,0,1,2000,10,10,76,76,0,0
spike_model,reference,reference,recipe:liu_2019,literature,burst,interval,median_onset_error,10,-0.147592,-0.157828,-0.132624,0,0,0,1,2000,10,10,825,825,0,0
spike_model,reference,reference,recipe:liu_2019_awake,literature,burst,interval,median_onset_error,10,-0.147592,-0.157828,-0.132624,0,0,0,1,2000,10,10,825,825,0,0
spike_model,reference,reference,recipe:liu_2023,literature,network,interval,median_onset_error,10,-0.00718578,-0.010088,-0.00536157,0,0,0,1,2000,10,10,470,470,0,0
spike_model,reference,reference,recipe:maboudi_2018,literature,burst,interval,median_onset_error,10,-0.0325385,-0.0350644,-0.0294038,0,0,0,1,2000,10,10,775,775,0,0
spike_model,reference,reference,recipe:maboudi_2018_open_field,literature,burst,interval,median_onset_error,10,-0.00269756,-0.00399852,-8.80208e-05,0,0,0,1,2000,10,10,721,721,0,0
spike_model,reference,reference,recipe:mallory_2025,literature,burst,interval,median_onset_error,10,-0.0155739,-0.0176664,-0.0144297,0,0,0,1,2000,10,10,743,743,0,0
spike_model,reference,reference,recipe:mallory_2025_ripples,literature,ripple,interval,median_onset_error,10,-0.0170396,-0.0193004,-0.0142674,0,0,0,1,2000,10,10,704,704,0,0
spike_model,reference,reference,recipe:michon_2019,literature,network,interval,median_onset_error,10,-0.00165431,-0.00362832,0.000536935,0,0,0,1,2000,10,10,273,273,0,0
spike_model,reference,reference,recipe:michon_2021,literature,network,interval,median_onset_error,10,-0.00165431,-0.00362832,0.000536935,0,0,0,1,2000,10,10,273,273,0,0
spike_model,reference,reference,recipe:mou_2022,literature,burst,interval,median_onset_error,10,-0.0462975,-0.0555394,-0.0401892,0,0,0,1,2000,10,10,838,838,0,0
spike_model,reference,reference,recipe:muessig_2019,literature,network,interval,median_onset_error,10,0.0262498,0.0215342,0.0309892,0,0,0,1,2000,10,10,116,116,0,0
spike_model,reference,reference,recipe:muessig_2019_ripples,literature,ripple,interval,median_onset_error,10,-0.00850545,-0.0108126,-0.00392214,0,0,0,1,2000,10,10,893,893,0,0
spike_model,reference,reference,recipe:nadasdy_1999,literature,ripple,interval,median_onset_error,10,0.00489948,0.00428016,0.00549517,0,0,0,1,2000,10,10,471,471,0,0
spike_model,reference,reference,recipe:olafsdottir_2015,literature,burst,interval,median_onset_error,10,0.00534263,0.00360919,0.00774539,0,0,0,1,2000,10,10,662,662,0,0
spike_model,reference,reference,recipe:olafsdottir_2015.bayesian_candidates,literature,burst,interval,median_onset_error,10,0.004886,0.00284124,0.00630589,0,0,0,1,2000,10,10,599,599,0,0
spike_model,reference,reference,recipe:olafsdottir_2016,literature,burst,interval,median_onset_error,10,0.011116,0.00799637,0.0127389,0,0,0,1,2000,10,10,558,558,0,0
spike_model,reference,reference,recipe:olafsdottir_2017,literature,burst,interval,median_onset_error,10,0.0122048,0.0108757,0.0136994,0,0,0,1,2000,10,10,744,744,0,0
spike_model,reference,reference,recipe:olafsdottir_2017.trajectory,literature,burst,interval,median_onset_error,10,0.011116,0.00799637,0.0127389,0,0,0,1,2000,10,10,558,558,0,0
spike_model,reference,reference,recipe:pfeiffer_2013,literature,burst,interval,median_onset_error,10,-0.00269756,-0.00399852,-8.80208e-05,0,0,0,1,2000,10,10,721,721,0,0
spike_model,reference,reference,recipe:pfeiffer_2013_ripples,literature,ripple,interval,median_onset_error,10,-0.015743,-0.0177555,-0.0142967,0,0,0,1,2000,10,10,743,743,0,0
spike_model,reference,reference,recipe:pfeiffer_2015,literature,ripple,interval,median_onset_error,10,-0.015743,-0.0177555,-0.0142967,0,0,0,1,2000,10,10,743,743,0,0
spike_model,reference,reference,recipe:shin_2019,literature,ripple,interval,median_onset_error,10,-0.00783625,-0.0099954,-0.00540774,0,0,0,1,2000,10,10,739,739,0,0
spike_model,reference,reference,recipe:silva_2015,literature,burst,interval,median_onset_error,10,-0.0122142,-0.0153682,-0.0101496,0,0,0,1,2000,10,10,606,606,0,0
spike_model,reference,reference,recipe:stella_2019,literature,ripple,interval,median_onset_error,10,0.010835,0.0100663,0.0120394,0,0,0,1,2000,10,10,680,680,0,0
spike_model,reference,reference,recipe:tang_2017,literature,ripple,interval,median_onset_error,10,-0.00783625,-0.0099954,-0.00540774,0,0,0,1,2000,10,10,739,739,0,0
spike_model,reference,reference,recipe:tirole_2022,literature,network,interval,median_onset_error,10,-0.01437,-0.0172593,-0.0127015,0,0,0,1,2000,10,10,557,557,0,0
spike_model,reference,reference,recipe:widloski_2025,literature,ripple,interval,median_onset_error,10,-0.168227,-0.180008,-0.160493,0,0,0,1,2000,10,10,518,518,0,0
spike_model,reference,reference,recipe:widloski_2025_bursts,literature,burst,interval,median_onset_error,10,-0.168573,-0.174543,-0.15673,0,0,0,1,2000,10,10,518,518,0,0
spike_model,reference,reference,recipe:wikenheiser_2013,literature,ripple,interval,median_onset_error,10,-0.146394,-0.172799,-0.130138,0,0,0,1,2000,10,10,849,849,0,0
spike_model,reference,reference,recipe:wu_2014,literature,burst,interval,median_onset_error,10,-0.0163562,-0.018528,-0.014373,0,0,0,1,2000,10,10,844,844,0,0
spike_model,reference,reference,recipe:wu_2017,literature,burst,interval,median_onset_error,10,0.0117571,0.00916774,0.0144137,0,0,0,1,2000,10,10,523,523,0,0
spike_model,reference,reference,recipe:xu_2019,literature,burst,interval,median_onset_error,10,-0.00774106,-0.0101589,-0.00488211,0,0,0,1,2000,10,10,731,731,0,0
spike_model,reference,reference,recipe:yamamoto_2017,literature,network,interval,median_onset_error,10,0.0294767,0.0276603,0.0314484,0,0,0,1,2000,10,10,612,612,0,0
spike_model,reference,reference,recipe:yang_2024,literature,network,interval,median_onset_error,10,-0.0138354,-0.0183971,-0.0119283,0,0,0,1,2000,10,10,454,454,0,0
spike_model,refractory,spike_model=refractory,Carey_candidate_detector,default,network,interval,median_onset_error,10,0.00378747,0.00197202,0.00474527,0.00147707,-0.000800898,0.00288471,0.242,2000,10,10,885,891,0,0
spike_model,refractory,spike_model=refractory,Karlsson_ripple_detector,default,ripple,interval,median_onset_error,10,-0.00783625,-0.0099954,-0.00540774,0,0,0,1,2000,10,10,739,739,0,0
spike_model,refractory,spike_model=refractory,Kay_ripple_detector,default,ripple,interval,median_onset_error,10,0.000728616,-0.000438561,0.00163915,0,0,0,1,2000,10,10,844,844,0,0
spike_model,refractory,spike_model=refractory,Long_sharp_wave_ripple_detector,default,ripple,interval,median_onset_error,10,0.0121998,0.010706,0.0136956,0,0,0,1,2000,10,10,704,704,0,0
spike_model,refractory,spike_model=refractory,Roumis_ripple_detector,default,ripple,interval,median_onset_error,10,0.000534876,-0.000645838,0.00161769,0,0,0,1,2000,10,10,845,845,0,0
spike_model,refractory,spike_model=refractory,Shvartsman_ripple_detector,default,ripple,interval,median_onset_error,10,-0.00962531,-0.0115123,-0.00686953,0,0,0,1,2000,10,10,677,677,0,0
spike_model,refractory,spike_model=refractory,Yu_ripple_detector,default,ripple,interval,median_onset_error,10,0.00170934,0.000880944,0.00241474,0,0,0,1,2000,10,10,865,865,0,0
spike_model,refractory,spike_model=refractory,Zugaro_ripple_detector,default,ripple,interval,median_onset_error,10,0.0139065,0.0128742,0.0155587,0,0,0,1,2000,10,10,689,689,0,0
spike_model,refractory,spike_model=refractory,multiunit_HSE_detector,default,burst,interval,median_onset_error,10,-0.0201002,-0.0220557,-0.0183347,0.00144918,-0.00105034,0.00372845,0.318,2000,10,10,911,911,0,0
spike_model,refractory,spike_model=refractory,recipe:ambrose_2016,literature,ripple,interval,median_onset_error,10,-0.015743,-0.0177555,-0.0142967,0,0,0,1,2000,10,10,743,743,0,0
spike_model,refractory,spike_model=refractory,recipe:bendor_2012,literature,burst,interval,median_onset_error,10,0.0118808,0.0101128,0.0139294,0.00036881,-0.0012896,0.00243974,0.641,2000,10,10,641,655,0,0
spike_model,refractory,spike_model=refractory,recipe:berners_lee_2021,literature,ripple,interval,median_onset_error,10,-0.0155589,-0.0173479,-0.0133744,0,0,0,1,2000,10,10,806,806,0,0
spike_model,refractory,spike_model=refractory,recipe:berners_lee_2022,literature,burst,interval,median_onset_error,10,-0.0118476,-0.0137643,-0.010061,0.00120034,-0.00245811,0.00506827,0.6,2000,10,10,659,668,0,0
spike_model,refractory,spike_model=refractory,recipe:bhattarai_2020,literature,network,interval,median_onset_error,10,-0.107718,-0.127586,-0.0820328,-0.0245895,-0.0458366,-0.000767352,0.041,2000,10,10,413,418,0,0
spike_model,refractory,spike_model=refractory,recipe:bhattarai_2020_ripples,literature,ripple,interval,median_onset_error,10,0.00186886,0.000419041,0.00324151,0.000363127,-0.000805651,0.00159966,0.6,2000,10,10,460,474,0,0
spike_model,refractory,spike_model=refractory,recipe:bush_2022,literature,burst,interval,median_onset_error,10,0.00264031,0.000828182,0.0047794,0.00167657,-0.000268197,0.00456764,0.084,2000,10,10,608,617,0,0
spike_model,refractory,spike_model=refractory,recipe:carey_2019,literature,network,interval,median_onset_error,10,0.0131296,0.0118915,0.0143164,0.00042306,-0.00087338,0.00194481,0.513,2000,10,10,906,900,0,0
spike_model,refractory,spike_model=refractory,recipe:carr_2012,literature,ripple,interval,median_onset_error,10,-0.00783625,-0.0099954,-0.00540774,0,0,0,1,2000,10,10,739,739,0,0
spike_model,refractory,spike_model=refractory,recipe:chenani_2019,literature,burst,interval,median_onset_error,10,-0.0183986,-0.0191449,-0.0171842,0.000483299,-0.00140155,0.00382357,0.626,2000,10,10,691,671,0,0
spike_model,refractory,spike_model=refractory,recipe:davidson_2009,literature,burst,interval,median_onset_error,10,-0.019786,-0.0216009,-0.0184993,0.00105862,-0.00172611,0.00334856,0.545,2000,10,10,800,784,0,0
spike_model,refractory,spike_model=refractory,recipe:denovellis_2021,literature,ripple,interval,median_onset_error,10,0.00103708,7.44804e-05,0.00199106,0,0,0,1,2000,10,10,845,845,0,0
spike_model,refractory,spike_model=refractory,recipe:denovellis_2021_mua,literature,burst,interval,median_onset_error,10,-0.0203502,-0.0220316,-0.0182913,0.00128194,-0.00100259,0.00392368,0.252,2000,10,10,913,910,0,0
spike_model,refractory,spike_model=refractory,recipe:diba_2007,literature,burst,interval,median_onset_error,10,-0.0989631,-0.11274,-0.0815163,-0.0262115,-0.0479991,0.00790819,0.144,2000,10,10,242,251,0,0
spike_model,refractory,spike_model=refractory,recipe:drieu_2018,literature,burst,interval,median_onset_error,10,-0.00392561,-0.00592279,-0.00236745,0.000124172,-0.00252242,0.00253245,0.924,2000,10,10,782,769,0,0
spike_model,refractory,spike_model=refractory,recipe:farooq_2019_neuron,literature,burst,interval,median_onset_error,10,0.0135664,0.0113657,0.0157769,0.00208863,-0.000599303,0.0046882,0.129,2000,10,10,277,274,0,0
spike_model,refractory,spike_model=refractory,recipe:farooq_2019_science,literature,burst,interval,median_onset_error,10,0.0133502,0.0113657,0.0157398,0.00187248,-0.000699001,0.00467315,0.145,2000,10,10,276,272,0,0
spike_model,refractory,spike_model=refractory,recipe:farooq_2019_science_awake,literature,burst,interval,median_onset_error,10,0.0133502,0.0113657,0.0157398,0.00187248,-0.000699001,0.00467315,0.145,2000,10,10,276,272,0,0
spike_model,refractory,spike_model=refractory,recipe:foster_2006,literature,burst,interval,median_onset_error,10,-0.00548586,-0.00893489,-0.000235951,0.000551227,-0.00836337,0.00794035,0.681,2000,10,10,144,145,0,0
spike_model,refractory,spike_model=refractory,recipe:foster_2006_ripples,literature,ripple,interval,median_onset_error,10,0.0337426,0.0309958,0.0347633,0,0,0,1,2000,10,10,76,76,0,0
spike_model,refractory,spike_model=refractory,recipe:gillespie_2021,literature,ripple,interval,median_onset_error,10,0.000728616,-0.000438561,0.00163915,0,0,0,1,2000,10,10,844,844,0,0
spike_model,refractory,spike_model=refractory,recipe:gillespie_2021_mua,literature,burst,interval,median_onset_error,10,-0.0194912,-0.0213763,-0.0179558,0.00135334,-0.00162084,0.00362963,0.462,2000,10,10,819,804,0,0
spike_model,refractory,spike_model=refractory,recipe:gridchyn_2020,literature,burst,interval,median_onset_error,10,0.0112921,0.0104267,0.0131798,-0.000201033,-0.00169698,0.00201794,0.993,2000,10,10,877,872,0,0
spike_model,refractory,spike_model=refractory,recipe:grosmark_2016,literature,network,interval,median_onset_error,10,-0.0122961,-0.0148946,-0.0108125,0.00153933,-0.00164936,0.00627851,0.331,2000,10,10,464,454,0,0
spike_model,refractory,spike_model=refractory,recipe:gupta_2010,literature,ripple,interval,median_onset_error,10,0.000649468,-0.000516766,0.00149165,0,0,0,1,2000,10,10,816,816,0,0
spike_model,refractory,spike_model=refractory,recipe:harvey_2023_code,literature,ripple,interval,median_onset_error,10,0.0126948,0.0114322,0.0141612,-0.000713325,-0.00167643,-0.000103852,0.011,2000,10,10,587,575,0,0
spike_model,refractory,spike_model=refractory,recipe:harvey_2023_no_radiatum,literature,ripple,interval,median_onset_error,10,2.11699e-05,-0.00502597,0.00240918,0,-0.00288456,0.00161585,1,2000,10,10,623,609,0,0
spike_model,refractory,spike_model=refractory,recipe:harvey_2023_text,literature,ripple,interval,median_onset_error,10,0.0143671,0.0133529,0.0152102,0,0,0,1,2000,10,10,617,617,0,0
spike_model,refractory,spike_model=refractory,recipe:huelin_gorriz_2023,literature,network,interval,median_onset_error,10,-0.0135227,-0.0157181,-0.0125774,0.000847232,-0.00210047,0.00409378,0.522,2000,10,10,553,557,0,0
spike_model,refractory,spike_model=refractory,recipe:igata_2021,literature,burst,interval,median_onset_error,10,-0.0193482,-0.0213746,-0.017299,0.00149634,-0.00105759,0.003967,0.302,2000,10,10,914,912,0,0
spike_model,refractory,spike_model=refractory,recipe:igata_2021_ripples,literature,ripple,interval,median_onset_error,10,0.00117637,0.000836552,0.00170338,0,0,0,1,2000,10,10,890,890,0,0
spike_model,refractory,spike_model=refractory,recipe:jadhav_2016,literature,ripple,interval,median_onset_error,10,-0.00782947,-0.0101123,-0.00525858,0,0,0,1,2000,10,10,598,598,0,0
spike_model,refractory,spike_model=refractory,recipe:ji_2007,literature,burst,interval,median_onset_error,10,0.0154357,0.0124772,0.0196026,-0.00231709,-0.00667237,0.00338622,0.476,2000,10,10,683,685,0,0
spike_model,refractory,spike_model=refractory,recipe:ji_2007_ripples,literature,ripple,interval,median_onset_error,10,-0.0533866,-0.183374,0.00947258,0,0,0,1,1989,4,4,5,5,0,0
spike_model,refractory,spike_model=refractory,recipe:kaefer_2020,literature,ripple,interval,median_onset_error,10,-0.14672,-0.177766,-0.0950664,0,0,0,1,2000,7,7,11,11,0,0
spike_model,refractory,spike_model=refractory,recipe:karlsson_2009,literature,ripple,interval,median_onset_error,10,-0.00783625,-0.0099954,-0.00540774,0,0,0,1,2000,10,10,739,739,0,0
spike_model,refractory,spike_model=refractory,recipe:krause_2022,literature,network,interval,median_onset_error,10,0.0159551,0.0144674,0.0171821,0.00152583,-0.000210746,0.00391798,0.105,2000,10,10,673,676,0,0
spike_model,refractory,spike_model=refractory,recipe:krause_2022_hse,literature,burst,interval,median_onset_error,10,-0.0319305,-0.0338707,-0.0299236,0.000462539,-0.00430561,0.00431197,0.812,2000,10,10,811,801,0,0
spike_model,refractory,spike_model=refractory,recipe:kudrimoti_1999,literature,ripple,interval,median_onset_error,10,0.0318674,0.029584,0.0353648,0,0,0,1,2000,10,10,25,25,0,0
spike_model,refractory,spike_model=refractory,recipe:lee_2002,literature,burst,interval,median_onset_error,10,-0.041617,-0.0517481,-0.033304,-0.00331329,-0.0112822,0.00267785,0.277,2000,10,10,935,929,0,0
spike_model,refractory,spike_model=refractory,recipe:lee_2002_ripples,literature,ripple,interval,median_onset_error,10,0.0337426,0.0309958,0.0347633,0,0,0,1,2000,10,10,76,76,0,0
spike_model,refractory,spike_model=refractory,recipe:liu_2019,literature,burst,interval,median_onset_error,10,-0.145184,-0.1592,-0.13118,0.00240803,-0.0165909,0.0115399,0.776,2000,10,10,845,825,0,0
spike_model,refractory,spike_model=refractory,recipe:liu_2019_awake,literature,burst,interval,median_onset_error,10,-0.145184,-0.1592,-0.13118,0.00240803,-0.0165909,0.0115399,0.776,2000,10,10,845,825,0,0
spike_model,refractory,spike_model=refractory,recipe:liu_2023,literature,network,interval,median_onset_error,10,-0.00542091,-0.00851916,-0.00355647,0.00176487,-0.0021549,0.00595545,0.374,2000,10,10,450,470,0,0
spike_model,refractory,spike_model=refractory,recipe:maboudi_2018,literature,burst,interval,median_onset_error,10,-0.0322483,-0.034885,-0.0310171,0.000290162,-0.0046012,0.00344119,0.89,2000,10,10,787,775,0,0
spike_model,refractory,spike_model=refractory,recipe:maboudi_2018_open_field,literature,burst,interval,median_onset_error,10,-0.00125933,-0.0031209,0.000961185,0.00143823,-0.00107233,0.0036882,0.286,2000,10,10,745,721,0,0
spike_model,refractory,spike_model=refractory,recipe:mallory_2025,literature,burst,interval,median_onset_error,10,-0.0137482,-0.014919,-0.0127968,0.00182573,-0.000350634,0.00439236,0.113,2000,10,10,772,743,0,0
spike_model,refractory,spike_model=refractory,recipe:mallory_2025_ripples,literature,ripple,interval,median_onset_error,10,-0.0170396,-0.0193004,-0.0142674,0,0,0,1,2000,10,10,704,704,0,0
spike_model,refractory,spike_model=refractory,recipe:michon_2019,literature,network,interval,median_onset_error,10,0.00069764,-0.000927712,0.00263203,0.00235195,-0.000749406,0.00587717,0.116,2000,10,10,276,273,0,0
spike_model,refractory,spike_model=refractory,recipe:michon_2021,literature,network,interval,median_onset_error,10,0.00069764,-0.000927712,0.00263203,0.00235195,-0.000749406,0.00587717,0.116,2000,10,10,276,273,0,0
spike_model,refractory,spike_model=refractory,recipe:mou_2022,literature,burst,interval,median_onset_error,10,-0.0469591,-0.0552305,-0.0390057,-0.000661575,-0.011791,0.0133094,0.935,2000,10,10,838,838,0,0
spike_model,refractory,spike_model=refractory,recipe:muessig_2019,literature,network,interval,median_onset_error,10,0.0273476,0.0237166,0.0398419,0.00109782,-0.00226272,0.0101291,0.517,2000,10,10,99,116,0,0
spike_model,refractory,spike_model=refractory,recipe:muessig_2019_ripples,literature,ripple,interval,median_onset_error,10,-0.00850545,-0.0108126,-0.00392214,0,0,0,1,2000,10,10,893,893,0,0
spike_model,refractory,spike_model=refractory,recipe:nadasdy_1999,literature,ripple,interval,median_onset_error,10,0.00489948,0.00428016,0.00549517,0,0,0,1,2000,10,10,471,471,0,0
spike_model,refractory,spike_model=refractory,recipe:olafsdottir_2015,literature,burst,interval,median_onset_error,10,0.00451372,0.00282575,0.0067831,-0.000828907,-0.00369143,0.00220463,0.52,2000,10,10,663,662,0,0
spike_model,refractory,spike_model=refractory,recipe:olafsdottir_2015.bayesian_candidates,literature,burst,interval,median_onset_error,10,0.00423877,0.0023254,0.0067831,-0.000647236,-0.00310558,0.00292534,0.645,2000,10,10,587,599,0,0
spike_model,refractory,spike_model=refractory,recipe:olafsdottir_2016,literature,burst,interval,median_onset_error,10,0.0104668,0.0076733,0.0120786,-0.000649245,-0.00370929,0.00225172,0.651,2000,10,10,561,558,0,0
spike_model,refractory,spike_model=refractory,recipe:olafsdottir_2017,literature,burst,interval,median_onset_error,10,0.0111826,0.00935806,0.0123021,-0.00102218,-0.00365056,0.00112419,0.374,2000,10,10,732,744,0,0
spike_model,refractory,spike_model=refractory,recipe:olafsdottir_2017.trajectory,literature,burst,interval,median_onset_error,10,0.0104668,0.0076733,0.0120786,-0.000649245,-0.00370929,0.00225172,0.651,2000,10,10,561,558,0,0
spike_model,refractory,spike_model=refractory,recipe:pfeiffer_2013,literature,burst,interval,median_onset_error,10,-0.00125933,-0.0031209,0.000961185,0.00143823,-0.00107233,0.0036882,0.286,2000,10,10,745,721,0,0
spike_model,refractory,spike_model=refractory,recipe:pfeiffer_2013_ripples,literature,ripple,interval,median_onset_error,10,-0.015743,-0.0177555,-0.0142967,0,0,0,1,2000,10,10,743,743,0,0
spike_model,refractory,spike_model=refractory,recipe:pfeiffer_2015,literature,ripple,interval,median_onset_error,10,-0.015743,-0.0177555,-0.0142967,0,0,0,1,2000,10,10,743,743,0,0
spike_model,refractory,spike_model=refractory,recipe:shin_2019,literature,ripple,interval,median_onset_error,10,-0.00783625,-0.0099954,-0.00540774,0,0,0,1,2000,10,10,739,739,0,0
spike_model,refractory,spike_model=refractory,recipe:silva_2015,literature,burst,interval,median_onset_error,10,-0.0102688,-0.0127072,-0.00856524,0.00194545,-0.00148702,0.00521067,0.27,2000,10,10,600,606,0,0
spike_model,refractory,spike_model=refractory,recipe:stella_2019,literature,ripple,interval,median_onset_error,10,0.010835,0.0100663,0.0120394,0,0,0,1,2000,10,10,680,680,0,0
spike_model,refractory,spike_model=refractory,recipe:tang_2017,literature,ripple,interval,median_onset_error,10,-0.00783625,-0.0099954,-0.00540774,0,0,0,1,2000,10,10,739,739,0,0
spike_model,refractory,spike_model=refractory,recipe:tirole_2022,literature,network,interval,median_onset_error,10,-0.0135227,-0.0157181,-0.0125774,0.000847232,-0.00210047,0.00409378,0.522,2000,10,10,553,557,0,0
spike_model,refractory,spike_model=refractory,recipe:widloski_2025,literature,ripple,interval,median_onset_error,10,-0.168227,-0.180008,-0.160493,0,0,0,1,2000,10,10,518,518,0,0
spike_model,refractory,spike_model=refractory,recipe:widloski_2025_bursts,literature,burst,interval,median_onset_error,10,-0.167759,-0.18485,-0.155947,0.000813573,-0.0160706,0.011533,0.978,2000,10,10,509,518,0,0
spike_model,refractory,spike_model=refractory,recipe:wikenheiser_2013,literature,ripple,interval,median_onset_error,10,-0.146394,-0.172799,-0.130138,0,0,0,1,2000,10,10,849,849,0,0
spike_model,refractory,spike_model=refractory,recipe:wu_2014,literature,burst,interval,median_onset_error,10,-0.0180602,-0.0192547,-0.0156654,-0.00170399,-0.00454155,0.00246041,0.497,2000,10,10,833,844,0,0
spike_model,refractory,spike_model=refractory,recipe:wu_2017,literature,burst,interval,median_onset_error,10,0.0116183,0.00973882,0.0154577,-0.000138794,-0.00274788,0.00273217,0.866,2000,10,10,489,523,0,0
spike_model,refractory,spike_model=refractory,recipe:xu_2019,literature,burst,interval,median_onset_error,10,-0.00491901,-0.00759123,-0.00242492,0.00282205,-0.000603496,0.00572081,0.108,2000,10,10,761,731,0,0
spike_model,refractory,spike_model=refractory,recipe:yamamoto_2017,literature,network,interval,median_onset_error,10,0.0294799,0.0279318,0.0308011,3.1885e-06,-0.00175349,0.00200759,0.982,2000,10,10,628,612,0,0
spike_model,refractory,spike_model=refractory,recipe:yang_2024,literature,network,interval,median_onset_error,10,-0.0122961,-0.0148946,-0.0108125,0.00153933,-0.00164936,0.00627851,0.331,2000,10,10,464,454,0,0
envelope_power,reference,reference,Carey_candidate_detector,default,network,interval,median_onset_error,10,0.0023104,0.00123107,0.00399637,0,0,0,1,2000,10,10,891,891,0,0
envelope_power,reference,reference,Karlsson_ripple_detector,default,ripple,interval,median_onset_error,10,-0.00783625,-0.0099954,-0.00540774,0,0,0,1,2000,10,10,739,739,0,0
envelope_power,reference,reference,Kay_ripple_detector,default,ripple,interval,median_onset_error,10,0.000728616,-0.000438561,0.00163915,0,0,0,1,2000,10,10,844,844,0,0
envelope_power,reference,reference,Long_sharp_wave_ripple_detector,default,ripple,interval,median_onset_error,10,0.0121998,0.010706,0.0136956,0,0,0,1,2000,10,10,704,704,0,0
envelope_power,reference,reference,Roumis_ripple_detector,default,ripple,interval,median_onset_error,10,0.000534876,-0.000645838,0.00161769,0,0,0,1,2000,10,10,845,845,0,0
envelope_power,reference,reference,Shvartsman_ripple_detector,default,ripple,interval,median_onset_error,10,-0.00962531,-0.0115123,-0.00686953,0,0,0,1,2000,10,10,677,677,0,0
envelope_power,reference,reference,Yu_ripple_detector,default,ripple,interval,median_onset_error,10,0.00170934,0.000880944,0.00241474,0,0,0,1,2000,10,10,865,865,0,0
envelope_power,reference,reference,Zugaro_ripple_detector,default,ripple,interval,median_onset_error,10,0.0139065,0.0128742,0.0155587,0,0,0,1,2000,10,10,689,689,0,0
envelope_power,reference,reference,multiunit_HSE_detector,default,burst,interval,median_onset_error,10,-0.0215494,-0.0233774,-0.0202821,0,0,0,1,2000,10,10,911,911,0,0
envelope_power,reference,reference,recipe:ambrose_2016,literature,ripple,interval,median_onset_error,10,-0.015743,-0.0177555,-0.0142967,0,0,0,1,2000,10,10,743,743,0,0
envelope_power,reference,reference,recipe:bendor_2012,literature,burst,interval,median_onset_error,10,0.011512,0.0104613,0.0123958,0,0,0,1,2000,10,10,655,655,0,0
envelope_power,reference,reference,recipe:berners_lee_2021,literature,ripple,interval,median_onset_error,10,-0.0155589,-0.0173479,-0.0133744,0,0,0,1,2000,10,10,806,806,0,0
envelope_power,reference,reference,recipe:berners_lee_2022,literature,burst,interval,median_onset_error,10,-0.0130479,-0.0159764,-0.0103579,0,0,0,1,2000,10,10,668,668,0,0
envelope_power,reference,reference,recipe:bhattarai_2020,literature,network,interval,median_onset_error,10,-0.0831288,-0.0969635,-0.0720238,0,0,0,1,2000,10,10,418,418,0,0
envelope_power,reference,reference,recipe:bhattarai_2020_ripples,literature,ripple,interval,median_onset_error,10,0.00150574,0.00025049,0.00309676,0,0,0,1,2000,10,10,474,474,0,0
envelope_power,reference,reference,recipe:bush_2022,literature,burst,interval,median_onset_error,10,0.000963743,-0.000634348,0.00233178,0,0,0,1,2000,10,10,617,617,0,0
envelope_power,reference,reference,recipe:carey_2019,literature,network,interval,median_onset_error,10,0.0127066,0.0112533,0.0135894,0,0,0,1,2000,10,10,900,900,0,0
envelope_power,reference,reference,recipe:carr_2012,literature,ripple,interval,median_onset_error,10,-0.00783625,-0.0099954,-0.00540774,0,0,0,1,2000,10,10,739,739,0,0
envelope_power,reference,reference,recipe:chenani_2019,literature,burst,interval,median_onset_error,10,-0.0188819,-0.021828,-0.0175617,0,0,0,1,2000,10,10,671,671,0,0
envelope_power,reference,reference,recipe:davidson_2009,literature,burst,interval,median_onset_error,10,-0.0208446,-0.0222665,-0.0193016,0,0,0,1,2000,10,10,784,784,0,0
envelope_power,reference,reference,recipe:denovellis_2021,literature,ripple,interval,median_onset_error,10,0.00103708,7.44804e-05,0.00199106,0,0,0,1,2000,10,10,845,845,0,0
envelope_power,reference,reference,recipe:denovellis_2021_mua,literature,burst,interval,median_onset_error,10,-0.0216321,-0.0237751,-0.0199833,0,0,0,1,2000,10,10,910,910,0,0
envelope_power,reference,reference,recipe:diba_2007,literature,burst,interval,median_onset_error,10,-0.0727517,-0.099299,-0.0577457,0,0,0,1,2000,10,10,251,251,0,0
envelope_power,reference,reference,recipe:drieu_2018,literature,burst,interval,median_onset_error,10,-0.00404978,-0.00568393,-0.00285607,0,0,0,1,2000,10,10,769,769,0,0
envelope_power,reference,reference,recipe:farooq_2019_neuron,literature,burst,interval,median_onset_error,10,0.0114778,0.00791052,0.0138605,0,0,0,1,2000,10,10,274,274,0,0
envelope_power,reference,reference,recipe:farooq_2019_science,literature,burst,interval,median_onset_error,10,0.0114778,0.0079113,0.0138605,0,0,0,1,2000,10,10,272,272,0,0
envelope_power,reference,reference,recipe:farooq_2019_science_awake,literature,burst,interval,median_onset_error,10,0.0114778,0.0079113,0.0138605,0,0,0,1,2000,10,10,272,272,0,0
envelope_power,reference,reference,recipe:foster_2006,literature,burst,interval,median_onset_error,10,-0.00603709,-0.0101548,0.00259616,0,0,0,1,2000,10,10,145,145,0,0
envelope_power,reference,reference,recipe:foster_2006_ripples,literature,ripple,interval,median_onset_error,10,0.0337426,0.0309958,0.0347633,0,0,0,1,2000,10,10,76,76,0,0
envelope_power,reference,reference,recipe:gillespie_2021,literature,ripple,interval,median_onset_error,10,0.000728616,-0.000438561,0.00163915,0,0,0,1,2000,10,10,844,844,0,0
envelope_power,reference,reference,recipe:gillespie_2021_mua,literature,burst,interval,median_onset_error,10,-0.0208446,-0.0224039,-0.0192365,0,0,0,1,2000,10,10,804,804,0,0
envelope_power,reference,reference,recipe:gridchyn_2020,literature,burst,interval,median_onset_error,10,0.0114932,0.00973624,0.0128004,0,0,0,1,2000,10,10,872,872,0,0
envelope_power,reference,reference,recipe:grosmark_2016,literature,network,interval,median_onset_error,10,-0.0138354,-0.0183971,-0.0119283,0,0,0,1,2000,10,10,454,454,0,0
envelope_power,reference,reference,recipe:gupta_2010,literature,ripple,interval,median_onset_error,10,0.000649468,-0.000516766,0.00149165,0,0,0,1,2000,10,10,816,816,0,0
envelope_power,reference,reference,recipe:harvey_2023_code,literature,ripple,interval,median_onset_error,10,0.0134081,0.0119995,0.0157787,0,0,0,1,2000,10,10,575,575,0,0
envelope_power,reference,reference,recipe:harvey_2023_no_radiatum,literature,ripple,interval,median_onset_error,10,2.11699e-05,-0.00315594,0.00152412,0,0,0,1,2000,10,10,609,609,0,0
envelope_power,reference,reference,recipe:harvey_2023_text,literature,ripple,interval,median_onset_error,10,0.0143671,0.0133529,0.0152102,0,0,0,1,2000,10,10,617,617,0,0
envelope_power,reference,reference,recipe:huelin_gorriz_2023,literature,network,interval,median_onset_error,10,-0.01437,-0.0172593,-0.0127015,0,0,0,1,2000,10,10,557,557,0,0
envelope_power,reference,reference,recipe:igata_2021,literature,burst,interval,median_onset_error,10,-0.0208446,-0.0230458,-0.0189872,0,0,0,1,2000,10,10,912,912,0,0
envelope_power,reference,reference,recipe:igata_2021_ripples,literature,ripple,interval,median_onset_error,10,0.00117637,0.000836552,0.00170338,0,0,0,1,2000,10,10,890,890,0,0
envelope_power,reference,reference,recipe:jadhav_2016,literature,ripple,interval,median_onset_error,10,-0.00782947,-0.0101123,-0.00525858,0,0,0,1,2000,10,10,598,598,0,0
envelope_power,reference,reference,recipe:ji_2007,literature,burst,interval,median_onset_error,10,0.0177528,0.0144042,0.0203139,0,0,0,1,2000,10,10,685,685,0,0
envelope_power,reference,reference,recipe:ji_2007_ripples,literature,ripple,interval,median_onset_error,10,-0.0533866,-0.183374,0.00947258,0,0,0,1,1989,4,4,5,5,0,0
envelope_power,reference,reference,recipe:kaefer_2020,literature,ripple,interval,median_onset_error,10,-0.14672,-0.177766,-0.0950664,0,0,0,1,2000,7,7,11,11,0,0
envelope_power,reference,reference,recipe:karlsson_2009,literature,ripple,interval,median_onset_error,10,-0.00783625,-0.0099954,-0.00540774,0,0,0,1,2000,10,10,739,739,0,0
envelope_power,reference,reference,recipe:krause_2022,literature,network,interval,median_onset_error,10,0.0144293,0.0122692,0.0163226,0,0,0,1,2000,10,10,676,676,0,0
envelope_power,reference,reference,recipe:krause_2022_hse,literature,burst,interval,median_onset_error,10,-0.0323931,-0.0346551,-0.0290887,0,0,0,1,2000,10,10,801,801,0,0
envelope_power,reference,reference,recipe:kudrimoti_1999,literature,ripple,interval,median_onset_error,10,0.0318674,0.029584,0.0353648,0,0,0,1,2000,10,10,25,25,0,0
envelope_power,reference,reference,recipe:lee_2002,literature,burst,interval,median_onset_error,10,-0.0383037,-0.0457685,-0.0332465,0,0,0,1,2000,10,10,929,929,0,0
envelope_power,reference,reference,recipe:lee_2002_ripples,literature,ripple,interval,median_onset_error,10,0.0337426,0.0309958,0.0347633,0,0,0,1,2000,10,10,76,76,0,0
envelope_power,reference,reference,recipe:liu_2019,literature,burst,interval,median_onset_error,10,-0.147592,-0.157828,-0.132624,0,0,0,1,2000,10,10,825,825,0,0
envelope_power,reference,reference,recipe:liu_2019_awake,literature,burst,interval,median_onset_error,10,-0.147592,-0.157828,-0.132624,0,0,0,1,2000,10,10,825,825,0,0
envelope_power,reference,reference,recipe:liu_2023,literature,network,interval,median_onset_error,10,-0.00718578,-0.010088,-0.00536157,0,0,0,1,2000,10,10,470,470,0,0
envelope_power,reference,reference,recipe:maboudi_2018,literature,burst,interval,median_onset_error,10,-0.0325385,-0.0350644,-0.0294038,0,0,0,1,2000,10,10,775,775,0,0
envelope_power,reference,reference,recipe:maboudi_2018_open_field,literature,burst,interval,median_onset_error,10,-0.00269756,-0.00399852,-8.80208e-05,0,0,0,1,2000,10,10,721,721,0,0
envelope_power,reference,reference,recipe:mallory_2025,literature,burst,interval,median_onset_error,10,-0.0155739,-0.0176664,-0.0144297,0,0,0,1,2000,10,10,743,743,0,0
envelope_power,reference,reference,recipe:mallory_2025_ripples,literature,ripple,interval,median_onset_error,10,-0.0170396,-0.0193004,-0.0142674,0,0,0,1,2000,10,10,704,704,0,0
envelope_power,reference,reference,recipe:michon_2019,literature,network,interval,median_onset_error,10,-0.00165431,-0.00362832,0.000536935,0,0,0,1,2000,10,10,273,273,0,0
envelope_power,reference,reference,recipe:michon_2021,literature,network,interval,median_onset_error,10,-0.00165431,-0.00362832,0.000536935,0,0,0,1,2000,10,10,273,273,0,0
envelope_power,reference,reference,recipe:mou_2022,literature,burst,interval,median_onset_error,10,-0.0462975,-0.0555394,-0.0401892,0,0,0,1,2000,10,10,838,838,0,0
envelope_power,reference,reference,recipe:muessig_2019,literature,network,interval,median_onset_error,10,0.0262498,0.0215342,0.0309892,0,0,0,1,2000,10,10,116,116,0,0
envelope_power,reference,reference,recipe:muessig_2019_ripples,literature,ripple,interval,median_onset_error,10,-0.00850545,-0.0108126,-0.00392214,0,0,0,1,2000,10,10,893,893,0,0
envelope_power,reference,reference,recipe:nadasdy_1999,literature,ripple,interval,median_onset_error,10,0.00489948,0.00428016,0.00549517,0,0,0,1,2000,10,10,471,471,0,0
envelope_power,reference,reference,recipe:olafsdottir_2015,literature,burst,interval,median_onset_error,10,0.00534263,0.00360919,0.00774539,0,0,0,1,2000,10,10,662,662,0,0
envelope_power,reference,reference,recipe:olafsdottir_2015.bayesian_candidates,literature,burst,interval,median_onset_error,10,0.004886,0.00284124,0.00630589,0,0,0,1,2000,10,10,599,599,0,0
envelope_power,reference,reference,recipe:olafsdottir_2016,literature,burst,interval,median_onset_error,10,0.011116,0.00799637,0.0127389,0,0,0,1,2000,10,10,558,558,0,0
envelope_power,reference,reference,recipe:olafsdottir_2017,literature,burst,interval,median_onset_error,10,0.0122048,0.0108757,0.0136994,0,0,0,1,2000,10,10,744,744,0,0
envelope_power,reference,reference,recipe:olafsdottir_2017.trajectory,literature,burst,interval,median_onset_error,10,0.011116,0.00799637,0.0127389,0,0,0,1,2000,10,10,558,558,0,0
envelope_power,reference,reference,recipe:pfeiffer_2013,literature,burst,interval,median_onset_error,10,-0.00269756,-0.00399852,-8.80208e-05,0,0,0,1,2000,10,10,721,721,0,0
envelope_power,reference,reference,recipe:pfeiffer_2013_ripples,literature,ripple,interval,median_onset_error,10,-0.015743,-0.0177555,-0.0142967,0,0,0,1,2000,10,10,743,743,0,0
envelope_power,reference,reference,recipe:pfeiffer_2015,literature,ripple,interval,median_onset_error,10,-0.015743,-0.0177555,-0.0142967,0,0,0,1,2000,10,10,743,743,0,0
envelope_power,reference,reference,recipe:shin_2019,literature,ripple,interval,median_onset_error,10,-0.00783625,-0.0099954,-0.00540774,0,0,0,1,2000,10,10,739,739,0,0
envelope_power,reference,reference,recipe:silva_2015,literature,burst,interval,median_onset_error,10,-0.0122142,-0.0153682,-0.0101496,0,0,0,1,2000,10,10,606,606,0,0
envelope_power,reference,reference,recipe:stella_2019,literature,ripple,interval,median_onset_error,10,0.010835,0.0100663,0.0120394,0,0,0,1,2000,10,10,680,680,0,0
envelope_power,reference,reference,recipe:tang_2017,literature,ripple,interval,median_onset_error,10,-0.00783625,-0.0099954,-0.00540774,0,0,0,1,2000,10,10,739,739,0,0
envelope_power,reference,reference,recipe:tirole_2022,literature,network,interval,median_onset_error,10,-0.01437,-0.0172593,-0.0127015,0,0,0,1,2000,10,10,557,557,0,0
envelope_power,reference,reference,recipe:widloski_2025,literature,ripple,interval,median_onset_error,10,-0.168227,-0.180008,-0.160493,0,0,0,1,2000,10,10,518,518,0,0
envelope_power,reference,reference,recipe:widloski_2025_bursts,literature,burst,interval,median_onset_error,10,-0.168573,-0.174543,-0.15673,0,0,0,1,2000,10,10,518,518,0,0
envelope_power,reference,reference,recipe:wikenheiser_2013,literature,ripple,interval,median_onset_error,10,-0.146394,-0.172799,-0.130138,0,0,0,1,2000,10,10,849,849,0,0
envelope_power,reference,reference,recipe:wu_2014,literature,burst,interval,median_onset_error,10,-0.0163562,-0.018528,-0.014373,0,0,0,1,2000,10,10,844,844,0,0
envelope_power,reference,reference,recipe:wu_2017,literature,burst,interval,median_onset_error,10,0.0117571,0.00916774,0.0144137,0,0,0,1,2000,10,10,523,523,0,0
envelope_power,reference,reference,recipe:xu_2019,literature,burst,interval,median_onset_error,10,-0.00774106,-0.0101589,-0.00488211,0,0,0,1,2000,10,10,731,731,0,0
envelope_power,reference,reference,recipe:yamamoto_2017,literature,network,interval,median_onset_error,10,0.0294767,0.0276603,0.0314484,0,0,0,1,2000,10,10,612,612,0,0
envelope_power,reference,reference,recipe:yang_2024,literature,network,interval,median_onset_error,10,-0.0138354,-0.0183971,-0.0119283,0,0,0,1,2000,10,10,454,454,0,0
envelope_power,quartic,envelope_power=quartic,Carey_candidate_detector,default,network,interval,median_onset_error,10,-0.00592096,-0.00667488,-0.00494819,-0.00823136,-0.0096238,-0.00716055,0,2000,10,10,885,891,0,0
envelope_power,quartic,envelope_power=quartic,Karlsson_ripple_detector,default,ripple,interval,median_onset_error,10,-0.0130651,-0.014827,-0.0114523,-0.00522882,-0.00667239,-0.0041197,0,2000,10,10,750,739,0,0
envelope_power,quartic,envelope_power=quartic,Kay_ripple_detector,default,ripple,interval,median_onset_error,10,-0.00422163,-0.00489496,-0.00354172,-0.00495025,-0.0053917,-0.00428717,0,2000,10,10,863,844,0,0
envelope_power,quartic,envelope_power=quartic,Long_sharp_wave_ripple_detector,default,ripple,interval,median_onset_error,10,0.00672228,0.00540672,0.00841585,-0.00547752,-0.00617706,-0.00503412,0,2000,10,10,746,704,0,0
envelope_power,quartic,envelope_power=quartic,Roumis_ripple_detector,default,ripple,interval,median_onset_error,10,-0.00420436,-0.00507328,-0.00357226,-0.00473924,-0.0053762,-0.00413965,0,2000,10,10,864,845,0,0
envelope_power,quartic,envelope_power=quartic,Shvartsman_ripple_detector,default,ripple,interval,median_onset_error,10,-0.0141477,-0.0158459,-0.0124409,-0.0045224,-0.0058264,-0.00390159,0,2000,10,10,693,677,0,0
envelope_power,quartic,envelope_power=quartic,Yu_ripple_detector,default,ripple,interval,median_onset_error,10,-0.00315383,-0.0038747,-0.00231908,-0.00486318,-0.00527286,-0.00422126,0,2000,10,10,882,865,0,0
envelope_power,quartic,envelope_power=quartic,Zugaro_ripple_detector,default,ripple,interval,median_onset_error,10,0.00645075,0.00583509,0.00720957,-0.00745572,-0.00867097,-0.00677299,0,2000,10,10,701,689,0,0
envelope_power,quartic,envelope_power=quartic,multiunit_HSE_detector,default,burst,interval,median_onset_error,10,-0.0274995,-0.0293245,-0.0255707,-0.00595005,-0.00743584,-0.00393389,0,2000,10,10,904,911,0,0
envelope_power,quartic,envelope_power=quartic,recipe:ambrose_2016,literature,ripple,interval,median_onset_error,10,-0.0214834,-0.0234819,-0.0198245,-0.00574045,-0.00667438,-0.00475627,0,2000,10,10,754,743,0,0
envelope_power,quartic,envelope_power=quartic,recipe:bendor_2012,literature,burst,interval,median_onset_error,10,0.00138917,0.000120958,0.00274396,-0.0101229,-0.0113809,-0.00848921,0,2000,10,10,655,655,0,0
envelope_power,quartic,envelope_power=quartic,recipe:berners_lee_2021,literature,ripple,interval,median_onset_error,10,-0.0213549,-0.0240612,-0.0192067,-0.00579604,-0.0071449,-0.00465573,0,2000,10,10,809,806,0,0
envelope_power,quartic,envelope_power=quartic,recipe:berners_lee_2022,literature,burst,interval,median_onset_error,10,-0.0215976,-0.0233213,-0.0192913,-0.00854962,-0.0118033,-0.00462332,0,2000,10,10,605,668,0,0
envelope_power,quartic,envelope_power=quartic,recipe:bhattarai_2020,literature,network,interval,median_onset_error,10,-0.0831274,-0.0915047,-0.0677803,1.36143e-06,-0.0126622,0.0180253,0.941,2000,10,10,445,418,0,0
envelope_power,quartic,envelope_power=quartic,recipe:bhattarai_2020_ripples,literature,ripple,interval,median_onset_error,10,-0.00827152,-0.00866407,-0.00758107,-0.00977725,-0.0108618,-0.00873722,0,2000,10,10,484,474,0,0
envelope_power,quartic,envelope_power=quartic,recipe:bush_2022,literature,burst,interval,median_onset_error,10,-0.00262674,-0.003532,-0.00159822,-0.00359048,-0.00507099,-0.00213251,0,2000,10,10,598,617,0,0
envelope_power,quartic,envelope_power=quartic,recipe:carey_2019,literature,network,interval,median_onset_error,10,0.00334037,0.00190656,0.00421404,-0.00936621,-0.0106143,-0.00818391,0,2000,10,10,901,900,0,0
envelope_power,quartic,envelope_power=quartic,recipe:carr_2012,literature,ripple,interval,median_onset_error,10,-0.0130651,-0.014827,-0.0114523,-0.00522882,-0.00667239,-0.0041197,0,2000,10,10,750,739,0,0
envelope_power,quartic,envelope_power=quartic,recipe:chenani_2019,literature,burst,interval,median_onset_error,10,-0.0270369,-0.0280732,-0.0258328,-0.00815502,-0.00918951,-0.00571724,0,2000,10,10,677,671,0,0
envelope_power,quartic,envelope_power=quartic,recipe:davidson_2009,literature,burst,interval,median_onset_error,10,-0.0265828,-0.0286578,-0.024988,-0.00573825,-0.0078995,-0.00344297,0,2000,10,10,789,784,0,0
envelope_power,quartic,envelope_power=quartic,recipe:denovellis_2021,literature,ripple,interval,median_onset_error,10,-0.00377868,-0.00442021,-0.00279227,-0.00481576,-0.00538551,-0.00405871,0,2000,10,10,868,845,0,0
envelope_power,quartic,envelope_power=quartic,recipe:denovellis_2021_mua,literature,burst,interval,median_onset_error,10,-0.0271482,-0.0291989,-0.0252324,-0.00551605,-0.00720384,-0.00344297,0,2000,10,10,905,910,0,0
envelope_power,quartic,envelope_power=quartic,recipe:diba_2007,literature,burst,interval,median_onset_error,10,-0.084829,-0.0992394,-0.059982,-0.0120773,-0.0267662,0.0118896,0.419,2000,10,10,237,251,0,0
envelope_power,quartic,envelope_power=quartic,recipe:drieu_2018,literature,burst,interval,median_onset_error,10,-0.00987537,-0.0108686,-0.0083839,-0.00582559,-0.0069909,-0.00417757,0,2000,10,10,759,769,0,0
envelope_power,quartic,envelope_power=quartic,recipe:farooq_2019_neuron,literature,burst,interval,median_onset_error,10,0.0015306,0.000610614,0.00274754,-0.00994716,-0.0125176,-0.00707022,0,2000,10,10,210,274,0,0
envelope_power,quartic,envelope_power=quartic,recipe:farooq_2019_science,literature,burst,interval,median_onset_error,10,0.00156531,0.000612514,0.00298852,-0.00991245,-0.0124224,-0.00700411,0,2000,10,10,209,272,0,0
envelope_power,quartic,envelope_power=quartic,recipe:farooq_2019_science_awake,literature,burst,interval,median_onset_error,10,0.00156531,0.000612514,0.00298852,-0.00991245,-0.0124224,-0.00700411,0,2000,10,10,209,272,0,0
envelope_power,quartic,envelope_power=quartic,recipe:foster_2006,literature,burst,interval,median_onset_error,10,-0.000974194,-0.00748476,0.000274458,0.0050629,-0.00441439,0.0091806,0.224,2000,10,10,101,145,0,0
envelope_power,quartic,envelope_power=quartic,recipe:foster_2006_ripples,literature,ripple,interval,median_onset_error,10,0.0210231,0.0189313,0.0224328,-0.0127195,-0.0148652,-0.0110776,0,2000,10,10,111,76,0,0
envelope_power,quartic,envelope_power=quartic,recipe:gillespie_2021,literature,ripple,interval,median_onset_error,10,-0.00422163,-0.00489496,-0.00354172,-0.00495025,-0.0053917,-0.00428717,0,2000,10,10,863,844,0,0
envelope_power,quartic,envelope_power=quartic,recipe:gillespie_2021_mua,literature,burst,interval,median_onset_error,10,-0.0265828,-0.0288083,-0.0248442,-0.00573825,-0.00754973,-0.00389629,0,2000,10,10,811,804,0,0
envelope_power,quartic,envelope_power=quartic,recipe:gridchyn_2020,literature,burst,interval,median_onset_error,10,0.0054911,0.00393765,0.0076003,-0.00600206,-0.00788883,-0.00383288,0,2000,10,10,873,872,0,0
envelope_power,quartic,envelope_power=quartic,recipe:grosmark_2016,literature,network,interval,median_onset_error,10,-0.0171952,-0.0186787,-0.0155917,-0.00335978,-0.00484853,0.000111999,0.055,2000,10,10,471,454,0,0
envelope_power,quartic,envelope_power=quartic,recipe:gupta_2010,literature,ripple,interval,median_onset_error,10,-0.00386542,-0.00424702,-0.00311609,-0.00451489,-0.00495537,-0.00358599,0,2000,10,10,835,816,0,0
envelope_power,quartic,envelope_power=quartic,recipe:harvey_2023_code,literature,ripple,interval,median_onset_error,10,0.00821002,0.00697905,0.00964149,-0.00519808,-0.00633807,-0.00437114,0,2000,10,10,576,575,0,0
envelope_power,quartic,envelope_power=quartic,recipe:harvey_2023_no_radiatum,literature,ripple,interval,median_onset_error,10,-0.00278657,-0.00746396,-0.000731,-0.00280774,-0.00653103,-0.000398317,0.018,2000,10,10,604,609,0,0
envelope_power,quartic,envelope_power=quartic,recipe:harvey_2023_text,literature,ripple,interval,median_onset_error,10,0.00581273,0.00512307,0.00629769,-0.00855439,-0.0090841,-0.00810065,0,2000,10,10,651,617,0,0
envelope_power,quartic,envelope_power=quartic,recipe:huelin_gorriz_2023,literature,network,interval,median_onset_error,10,-0.0193157,-0.0250684,-0.0169494,-0.00494569,-0.0107397,-0.00110104,0.017,2000,10,10,521,557,0,0
envelope_power,quartic,envelope_power=quartic,recipe:igata_2021,literature,burst,interval,median_onset_error,10,-0.0263811,-0.0287258,-0.0246203,-0.0055365,-0.00716936,-0.00353551,0,2000,10,10,908,912,0,0
envelope_power,quartic,envelope_power=quartic,recipe:igata_2021_ripples,literature,ripple,interval,median_onset_error,10,-0.00126034,-0.00229817,-0.000694714,-0.00243671,-0.00336086,-0.00199896,0,2000,10,10,877,890,0,0
envelope_power,quartic,envelope_power=quartic,recipe:jadhav_2016,literature,ripple,interval,median_onset_error,10,-0.0138895,-0.0155332,-0.0117026,-0.00605998,-0.00742146,-0.0050538,0,2000,10,10,598,598,0,0
envelope_power,quartic,envelope_power=quartic,recipe:ji_2007,literature,burst,interval,median_onset_error,10,0.00374182,0.00116604,0.00685598,-0.014011,-0.0183002,-0.0080959,0,2000,10,10,664,685,0,0
envelope_power,quartic,envelope_power=quartic,recipe:ji_2007_ripples,literature,ripple,interval,median_onset_error,10,-0.0984715,-0.192001,-0.0258959,-0.0450849,-0.149538,-0.00349143,0,1989,4,4,6,5,0,0
envelope_power,quartic,envelope_power=quartic,recipe:kaefer_2020,literature,ripple,interval,median_onset_error,10,-0.148498,-0.170733,-0.0844272,-0.00177763,-0.0176841,0.0468194,0.824,2000,8,7,15,11,0,0
envelope_power,quartic,envelope_power=quartic,recipe:karlsson_2009,literature,ripple,interval,median_onset_error,10,-0.0130651,-0.014827,-0.0114523,-0.00522882,-0.00667239,-0.0041197,0,2000,10,10,750,739,0,0
envelope_power,quartic,envelope_power=quartic,recipe:krause_2022,literature,network,interval,median_onset_error,10,0.00718612,0.0053091,0.00879764,-0.00724313,-0.00863987,-0.00542305,0,2000,10,10,675,676,0,0
envelope_power,quartic,envelope_power=quartic,recipe:krause_2022_hse,literature,burst,interval,median_onset_error,10,-0.0386234,-0.0433785,-0.0364623,-0.00623034,-0.0122748,-0.00232346,0,2000,10,10,804,801,0,0
envelope_power,quartic,envelope_power=quartic,recipe:kudrimoti_1999,literature,ripple,interval,median_onset_error,10,0.0181551,0.0159036,0.0224621,-0.0137123,-0.0165854,-0.00934537,0,2000,10,10,31,25,0,0
envelope_power,quartic,envelope_power=quartic,recipe:lee_2002,literature,burst,interval,median_onset_error,10,-0.0407104,-0.0454652,-0.0340197,-0.00240674,-0.00618532,0.00386282,0.584,2000,10,10,922,929,0,0
envelope_power,quartic,envelope_power=quartic,recipe:lee_2002_ripples,literature,ripple,interval,median_onset_error,10,0.0210231,0.0189313,0.0224328,-0.0127195,-0.0148652,-0.0110776,0,2000,10,10,111,76,0,0
envelope_power,quartic,envelope_power=quartic,recipe:liu_2019,literature,burst,interval,median_onset_error,10,-0.148355,-0.165758,-0.126739,-0.00076232,-0.0287691,0.017806,0.852,2000,10,10,829,825,0,0
envelope_power,quartic,envelope_power=quartic,recipe:liu_2019_awake,literature,burst,interval,median_onset_error,10,-0.148355,-0.165758,-0.126739,-0.00076232,-0.0287691,0.017806,0.852,2000,10,10,829,825,0,0
envelope_power,quartic,envelope_power=quartic,recipe:liu_2023,literature,network,interval,median_onset_error,10,-0.010492,-0.0129641,-0.00892938,-0.00330622,-0.00651406,0.000275152,0.083,2000,10,10,419,470,0,0
envelope_power,quartic,envelope_power=quartic,recipe:maboudi_2018,literature,burst,interval,median_onset_error,10,-0.0395651,-0.0459377,-0.0366909,-0.00702663,-0.0145285,-0.00228162,0.001,2000,10,10,773,775,0,0
envelope_power,quartic,envelope_power=quartic,recipe:maboudi_2018_open_field,literature,burst,interval,median_onset_error,10,-0.00574198,-0.00779387,-0.0042594,-0.00304442,-0.00503187,-0.00186889,0,2000,10,10,724,721,0,0
envelope_power,quartic,envelope_power=quartic,recipe:mallory_2025,literature,burst,interval,median_onset_error,10,-0.016927,-0.018006,-0.0160796,-0.00135306,-0.00287007,0.000640263,0.181,2000,10,10,760,743,0,0
envelope_power,quartic,envelope_power=quartic,recipe:mallory_2025_ripples,literature,ripple,interval,median_onset_error,10,-0.0218483,-0.0237281,-0.0199451,-0.00480871,-0.00673276,-0.00352521,0,2000,10,10,718,704,0,0
envelope_power,quartic,envelope_power=quartic,recipe:michon_2019,literature,network,interval,median_onset_error,10,-0.00825916,-0.00972393,-0.00705757,-0.00660485,-0.00956381,-0.00413385,0,2000,10,10,300,273,0,0
envelope_power,quartic,envelope_power=quartic,recipe:michon_2021,literature,network,interval,median_onset_error,10,-0.00825916,-0.00972393,-0.00705757,-0.00660485,-0.00956381,-0.00413385,0,2000,10,10,300,273,0,0
envelope_power,quartic,envelope_power=quartic,recipe:mou_2022,literature,burst,interval,median_onset_error,10,-0.0569524,-0.0703422,-0.0472192,-0.0106549,-0.0222633,-0.000857345,0.034,2000,10,10,828,838,0,0
envelope_power,quartic,envelope_power=quartic,recipe:muessig_2019,literature,network,interval,median_onset_error,10,0.0133075,0.00855282,0.0188669,-0.0129422,-0.0172804,-0.00780807,0.017,2000,10,10,76,116,0,0
envelope_power,quartic,envelope_power=quartic,recipe:muessig_2019_ripples,literature,ripple,interval,median_onset_error,10,-0.0265842,-0.0286496,-0.024116,-0.0180788,-0.0204687,-0.0166174,0,2000,10,10,889,893,0,0
envelope_power,quartic,envelope_power=quartic,recipe:nadasdy_1999,literature,ripple,interval,median_onset_error,10,-0.000244334,-0.000813573,0.000490657,-0.00514382,-0.00540253,-0.00470262,0,2000,10,10,505,471,0,0
envelope_power,quartic,envelope_power=quartic,recipe:olafsdottir_2015,literature,burst,interval,median_onset_error,10,0.00175611,-0.000194706,0.00314815,-0.00358652,-0.0052731,-0.00234301,0,2000,10,10,648,662,0,0
envelope_power,quartic,envelope_power=quartic,recipe:olafsdottir_2015.bayesian_candidates,literature,burst,interval,median_onset_error,10,0.000623658,-0.00110846,0.00288066,-0.00426235,-0.005841,-0.0024003,0,2000,10,10,572,599,0,0
envelope_power,quartic,envelope_power=quartic,recipe:olafsdottir_2016,literature,burst,interval,median_onset_error,10,0.00114799,0.000155734,0.00223526,-0.00996803,-0.0117598,-0.007365,0,2000,10,10,552,558,0,0
envelope_power,quartic,envelope_power=quartic,recipe:olafsdottir_2017,literature,burst,interval,median_onset_error,10,0.00181906,0.000926129,0.00285263,-0.0103857,-0.0120674,-0.00860937,0,2000,10,10,723,744,0,0
envelope_power,quartic,envelope_power=quartic,recipe:olafsdottir_2017.trajectory,literature,burst,interval,median_onset_error,10,0.00114799,0.000155734,0.00223526,-0.00996803,-0.0117598,-0.007365,0,2000,10,10,552,558,0,0
envelope_power,quartic,envelope_power=quartic,recipe:pfeiffer_2013,literature,burst,interval,median_onset_error,10,-0.00574198,-0.00779387,-0.0042594,-0.00304442,-0.00503187,-0.00186889,0,2000,10,10,724,721,0,0
envelope_power,quartic,envelope_power=quartic,recipe:pfeiffer_2013_ripples,literature,ripple,interval,median_onset_error,10,-0.0214834,-0.0234819,-0.0198245,-0.00574045,-0.00667438,-0.00475627,0,2000,10,10,754,743,0,0
envelope_power,quartic,envelope_power=quartic,recipe:pfeiffer_2015,literature,ripple,interval,median_onset_error,10,-0.0214855,-0.0234819,-0.0198552,-0.00574257,-0.00667505,-0.00485386,0,2000,10,10,753,743,0,0
envelope_power,quartic,envelope_power=quartic,recipe:shin_2019,literature,ripple,interval,median_onset_error,10,-0.0130651,-0.014827,-0.0114523,-0.00522882,-0.00667239,-0.0041197,0,2000,10,10,750,739,0,0
envelope_power,quartic,envelope_power=quartic,recipe:silva_2015,literature,burst,interval,median_onset_error,10,-0.0142226,-0.0160172,-0.0123775,-0.00200837,-0.004316,0.000287842,0.075,2000,10,10,529,606,0,0
envelope_power,quartic,envelope_power=quartic,recipe:stella_2019,literature,ripple,interval,median_onset_error,10,0.00327518,0.00293253,0.00392052,-0.00755978,-0.0083656,-0.00709006,0,2000,10,10,698,680,0,0
envelope_power,quartic,envelope_power=quartic,recipe:tang_2017,literature,ripple,interval,median_onset_error,10,-0.0130651,-0.014827,-0.0114523,-0.00522882,-0.00667239,-0.0041197,0,2000,10,10,750,739,0,0
envelope_power,quartic,envelope_power=quartic,recipe:tirole_2022,literature,network,interval,median_onset_error,10,-0.0193157,-0.0250684,-0.0169494,-0.00494569,-0.0107397,-0.00110104,0.017,2000,10,10,521,557,0,0
envelope_power,quartic,envelope_power=quartic,recipe:widloski_2025,literature,ripple,interval,median_onset_error,10,-0.177664,-0.192143,-0.170038,-0.0094373,-0.0129188,-0.00501976,0,2000,10,10,524,518,0,0
envelope_power,quartic,envelope_power=quartic,recipe:widloski_2025_bursts,literature,burst,interval,median_onset_error,10,-0.181545,-0.194399,-0.168108,-0.0129715,-0.0257303,-0.00148413,0.026,2000,10,10,507,518,0,0
envelope_power,quartic,envelope_power=quartic,recipe:wikenheiser_2013,literature,ripple,interval,median_onset_error,10,-0.150221,-0.1689,-0.128966,-0.00382723,-0.00799054,0.00844014,0.814,2000,10,10,855,849,0,0
envelope_power,quartic,envelope_power=quartic,recipe:wu_2014,literature,burst,interval,median_onset_error,10,-0.0203174,-0.0215739,-0.0194206,-0.00396119,-0.00591152,-0.00216361,0,2000,10,10,840,844,0,0
envelope_power,quartic,envelope_power=quartic,recipe:wu_2017,literature,burst,interval,median_onset_error,10,0.0013091,0.000409782,0.00289831,-0.010448,-0.0135638,-0.00733542,0,2000,10,10,551,523,0,0
envelope_power,quartic,envelope_power=quartic,recipe:xu_2019,literature,burst,interval,median_onset_error,10,-0.00737681,-0.0103953,-0.005046,0.000364255,-0.00247417,0.00222537,0.878,2000,10,10,737,731,0,0
envelope_power,quartic,envelope_power=quartic,recipe:yamamoto_2017,literature,network,interval,median_onset_error,10,0.01635,0.0145658,0.0172718,-0.0131266,-0.0149029,-0.011564,0,2000,10,10,605,612,0,0
envelope_power,quartic,envelope_power=quartic,recipe:yang_2024,literature,network,interval,median_onset_error,10,-0.0171952,-0.0186787,-0.0155917,-0.00335978,-0.00484853,0.000111999,0.055,2000,10,10,471,454,0,0
