factors,level_1,level_2,condition_id,method,setting,primary_expression,scoring,measure,n_replicates,value,value_low,value_high,change,change_low,change_high,change_p,n_paired,n_dropped,n_failures
"ripple_snr,participation",low,low,"ripple_snr=low,participation=low",Carey_candidate_detector,default,network,interval,recall,10,0.774312,0.760386,0.787331,-0.0431193,-0.0625014,-0.0240019,0.0078125,10,0,0
"ripple_snr,participation",low,low,"ripple_snr=low,participation=low",Karlsson_ripple_detector,default,ripple,interval,recall,10,0.392157,0.361699,0.424702,-0.332353,-0.360592,-0.298801,0.00195312,10,0,0
"ripple_snr,participation",low,low,"ripple_snr=low,participation=low",Kay_ripple_detector,default,ripple,interval,recall,10,0.65,0.617373,0.685497,-0.177451,-0.210686,-0.138723,0.00195312,10,0,0
"ripple_snr,participation",low,low,"ripple_snr=low,participation=low",Long_sharp_wave_ripple_detector,default,ripple,interval,recall,10,0.505882,0.480516,0.530853,-0.184314,-0.204609,-0.164363,0.00195312,10,0,0
"ripple_snr,participation",low,low,"ripple_snr=low,participation=low",Roumis_ripple_detector,default,ripple,interval,recall,10,0.660784,0.629305,0.697034,-0.167647,-0.197997,-0.133728,0.00195312,10,0,0
"ripple_snr,participation",low,low,"ripple_snr=low,participation=low",Shvartsman_ripple_detector,default,ripple,interval,recall,10,0.226471,0.199051,0.252865,-0.437255,-0.458496,-0.415636,0.00195312,10,0,0
"ripple_snr,participation",low,low,"ripple_snr=low,participation=low",Yu_ripple_detector,default,ripple,interval,recall,10,0.651961,0.603859,0.698764,-0.196078,-0.233191,-0.16019,0.00195312,10,0,0
"ripple_snr,participation",low,low,"ripple_snr=low,participation=low",Zugaro_ripple_detector,default,ripple,interval,recall,10,0.233333,0.193639,0.26583,-0.442157,-0.470402,-0.409998,0.00195312,10,0,0
"ripple_snr,participation",low,low,"ripple_snr=low,participation=low",multiunit_HSE_detector,default,burst,interval,recall,10,0.861963,0.845168,0.879294,-0.0695297,-0.0820562,-0.0549451,0.00195312,10,0,0
"ripple_snr,participation",low,low,"ripple_snr=low,participation=low",recipe:ambrose_2016,literature,ripple,interval,recall,10,0.564706,0.518009,0.61634,-0.163725,-0.202569,-0.121454,0.00195312,10,0,0
"ripple_snr,participation",low,low,"ripple_snr=low,participation=low",recipe:bendor_2012,literature,burst,interval,recall,10,0.472393,0.450102,0.493711,-0.197342,-0.218393,-0.173647,0.00195312,10,0,0
"ripple_snr,participation",low,low,"ripple_snr=low,participation=low",recipe:berners_lee_2021,literature,ripple,interval,recall,10,0.72451,0.684781,0.763658,-0.0656863,-0.0925761,-0.0396497,0.00390625,10,0,0
"ripple_snr,participation",low,low,"ripple_snr=low,participation=low",recipe:berners_lee_2022,literature,burst,interval,recall,10,0.530675,0.509939,0.552605,-0.152352,-0.189133,-0.121062,0.00195312,10,0,0
"ripple_snr,participation",low,low,"ripple_snr=low,participation=low",recipe:bhattarai_2020,literature,network,interval,recall,10,0.0247706,0.0190272,0.0297465,-0.358716,-0.381221,-0.338953,0.00195312,10,0,0
"ripple_snr,participation",low,low,"ripple_snr=low,participation=low",recipe:bhattarai_2020_ripples,literature,ripple,interval,recall,10,0.0313725,0.0233792,0.0396618,-0.433333,-0.464026,-0.405449,0.00195312,10,0,0
"ripple_snr,participation",low,low,"ripple_snr=low,participation=low",recipe:bush_2022,literature,burst,interval,recall,10,0.166667,0.14959,0.183506,-0.464213,-0.501023,-0.428115,0.00195312,10,0,0
"ripple_snr,participation",low,low,"ripple_snr=low,participation=low",recipe:carey_2019,literature,network,interval,recall,10,0.73578,0.707452,0.76281,-0.0899083,-0.109555,-0.0721454,0.00195312,10,0,0
"ripple_snr,participation",low,low,"ripple_snr=low,participation=low",recipe:carr_2012,literature,ripple,interval,recall,10,0.392157,0.361699,0.424702,-0.332353,-0.360592,-0.298801,0.00195312,10,0,0
"ripple_snr,participation",low,low,"ripple_snr=low,participation=low",recipe:chenani_2019,literature,burst,interval,recall,10,0.313906,0.291494,0.33625,-0.372188,-0.40723,-0.340285,0.00195312,10,0,0
"ripple_snr,participation",low,low,"ripple_snr=low,participation=low",recipe:davidson_2009,literature,burst,interval,recall,10,0.689162,0.665019,0.709315,-0.112474,-0.136418,-0.0873647,0.00195312,10,0,0
"ripple_snr,participation",low,low,"ripple_snr=low,participation=low",recipe:davidson_2009_ripples,literature,ripple,peak_containment,recall,10,0.716667,0.671952,0.758729,-0.158824,-0.195582,-0.125224,0.00195312,10,0,0
"ripple_snr,participation",low,low,"ripple_snr=low,participation=low",recipe:denovellis_2021,literature,ripple,interval,recall,10,0.627451,0.596132,0.657922,-0.20098,-0.228997,-0.169012,0.00195312,10,0,0
"ripple_snr,participation",low,low,"ripple_snr=low,participation=low",recipe:denovellis_2021_mua,literature,burst,interval,recall,10,0.862986,0.844258,0.879419,-0.0674847,-0.0819672,-0.0527385,0.00195312,10,0,0
"ripple_snr,participation",low,low,"ripple_snr=low,participation=low",recipe:diba_2007,literature,burst,interval,recall,10,0.00817996,0.00395628,0.0128208,-0.248466,-0.280007,-0.21684,0.00195312,10,0,0
"ripple_snr,participation",low,low,"ripple_snr=low,participation=low",recipe:drieu_2018,literature,burst,interval,recall,10,0.57362,0.543156,0.610138,-0.212679,-0.242579,-0.173675,0.00195312,10,0,0
"ripple_snr,participation",low,low,"ripple_snr=low,participation=low",recipe:farooq_2019_neuron,literature,burst,interval,recall,10,0.0654397,0.0525773,0.0821096,-0.214724,-0.254758,-0.182828,0.00195312,10,0,0
"ripple_snr,participation",low,low,"ripple_snr=low,participation=low",recipe:farooq_2019_science,literature,burst,interval,recall,10,0.0541922,0.0434783,0.0660507,-0.223926,-0.261713,-0.193444,0.00195312,10,0,0
"ripple_snr,participation",low,low,"ripple_snr=low,participation=low",recipe:farooq_2019_science_awake,literature,burst,interval,recall,10,0.0541922,0.0434783,0.0660507,-0.223926,-0.261713,-0.193444,0.00195312,10,0,0
"ripple_snr,participation",low,low,"ripple_snr=low,participation=low",recipe:foster_2006,literature,burst,interval,recall,10,0.00102249,0,0.00302122,-0.147239,-0.172526,-0.125135,0.00195312,10,0,0
"ripple_snr,participation",low,low,"ripple_snr=low,participation=low",recipe:foster_2006_ripples,literature,ripple,interval,recall,10,0.00392157,0.000975562,0.00705663,-0.0705882,-0.0832538,-0.057598,0.00195312,10,0,0
"ripple_snr,participation",low,low,"ripple_snr=low,participation=low",recipe:gillespie_2021,literature,ripple,interval,recall,10,0.65,0.617373,0.685497,-0.177451,-0.210686,-0.138723,0.00195312,10,0,0
"ripple_snr,participation",low,low,"ripple_snr=low,participation=low",recipe:gillespie_2021_mua,literature,burst,interval,recall,10,0.708589,0.687931,0.725857,-0.113497,-0.139584,-0.0865957,0.00195312,10,0,0
"ripple_snr,participation",low,low,"ripple_snr=low,participation=low",recipe:gridchyn_2020,literature,burst,interval,recall,10,0.785276,0.767331,0.803611,-0.106339,-0.126777,-0.0842059,0.00195312,10,0,0
"ripple_snr,participation",low,low,"ripple_snr=low,participation=low",recipe:grosmark_2016,literature,network,interval,recall,10,0.0844037,0.0670896,0.104791,-0.33211,-0.354247,-0.31099,0.00195312,10,0,0
"ripple_snr,participation",low,low,"ripple_snr=low,participation=low",recipe:gupta_2010,literature,ripple,interval,recall,10,0.723529,0.691664,0.759723,-0.0764706,-0.0978684,-0.0584193,0.00195312,10,0,0
"ripple_snr,participation",low,low,"ripple_snr=low,participation=low",recipe:harvey_2023_code,literature,ripple,interval,recall,10,0.284314,0.253824,0.308385,-0.279412,-0.314955,-0.251031,0.00195312,10,0,0
"ripple_snr,participation",low,low,"ripple_snr=low,participation=low",recipe:harvey_2023_no_radiatum,literature,ripple,interval,recall,10,0.30098,0.265573,0.335404,-0.296078,-0.324033,-0.269482,0.00195312,10,0,0
"ripple_snr,participation",low,low,"ripple_snr=low,participation=low",recipe:harvey_2023_text,literature,ripple,interval,recall,10,0.177451,0.150683,0.202832,-0.427451,-0.468043,-0.390056,0.00195312,10,0,0
"ripple_snr,participation",low,low,"ripple_snr=low,participation=low",recipe:huelin_gorriz_2023,literature,network,interval,recall,10,0.179817,0.161319,0.197772,-0.331193,-0.354157,-0.309972,0.00195312,10,0,0
"ripple_snr,participation",low,low,"ripple_snr=low,participation=low",recipe:igata_2021,literature,burst,interval,recall,10,0.876278,0.862484,0.889453,-0.0562372,-0.070467,-0.0420831,0.00195312,10,0,0
"ripple_snr,participation",low,low,"ripple_snr=low,participation=low",recipe:igata_2021_ripples,literature,ripple,interval,recall,10,0.703922,0.677384,0.72852,-0.168627,-0.201058,-0.138806,0.00195312,10,0,0
"ripple_snr,participation",low,low,"ripple_snr=low,participation=low",recipe:jadhav_2016,literature,ripple,interval,recall,10,0.340196,0.306977,0.374892,-0.246078,-0.274149,-0.214282,0.00195312,10,0,0
"ripple_snr,participation",low,low,"ripple_snr=low,participation=low",recipe:ji_2007,literature,burst,interval,recall,10,0.533742,0.465043,0.60078,-0.166667,-0.245346,-0.0864461,0.0078125,10,0,0
"ripple_snr,participation",low,low,"ripple_snr=low,participation=low",recipe:ji_2007_ripples,literature,ripple,interval,recall,10,0.00196078,0,0.0046998,-0.00294118,-0.00558711,-0.000930082,0.25,10,0,0
"ripple_snr,participation",low,low,"ripple_snr=low,participation=low",recipe:kaefer_2020,literature,ripple,interval,recall,10,0.00392157,0.000998004,0.00684262,-0.00686275,-0.0107854,-0.00307992,0.03125,10,0,0
"ripple_snr,participation",low,low,"ripple_snr=low,participation=low",recipe:karlsson_2009,literature,ripple,interval,recall,10,0.392157,0.361699,0.424702,-0.332353,-0.360592,-0.298801,0.00195312,10,0,0
"ripple_snr,participation",low,low,"ripple_snr=low,participation=low",recipe:krause_2022,literature,network,interval,recall,10,0.383486,0.355311,0.415562,-0.236697,-0.263065,-0.208926,0.00195312,10,0,0
"ripple_snr,participation",low,low,"ripple_snr=low,participation=low",recipe:krause_2022_hse,literature,burst,interval,recall,10,0.700409,0.678639,0.717143,-0.118609,-0.142431,-0.095889,0.00195312,10,0,0
"ripple_snr,participation",low,low,"ripple_snr=low,participation=low",recipe:kudrimoti_1999,literature,ripple,interval,recall,10,0,0,0,-0.0245098,-0.0338271,-0.0174466,0.00195312,10,0,0
"ripple_snr,participation",low,low,"ripple_snr=low,participation=low",recipe:lee_2002,literature,burst,interval,recall,10,0.895706,0.879063,0.912641,-0.0541922,-0.0680863,-0.0396735,0.00195312,10,0,0
"ripple_snr,participation",low,low,"ripple_snr=low,participation=low",recipe:lee_2002_ripples,literature,ripple,interval,recall,10,0.00392157,0.000975562,0.00705663,-0.0705882,-0.0832538,-0.057598,0.00195312,10,0,0
"ripple_snr,participation",low,low,"ripple_snr=low,participation=low",recipe:liu_2019,literature,burst,interval,recall,10,0.840491,0.817696,0.8635,-0.00306748,-0.0306143,0.0224843,0.894531,10,0,0
"ripple_snr,participation",low,low,"ripple_snr=low,participation=low",recipe:liu_2019_awake,literature,burst,interval,recall,10,0.840491,0.817696,0.8635,-0.00306748,-0.0306143,0.0224843,0.894531,10,0,0
"ripple_snr,participation",low,low,"ripple_snr=low,participation=low",recipe:liu_2023,literature,network,interval,recall,10,0.184404,0.166233,0.20395,-0.246789,-0.263015,-0.227358,0.00195312,10,0,0
"ripple_snr,participation",low,low,"ripple_snr=low,participation=low",recipe:maboudi_2018,literature,burst,interval,recall,10,0.628834,0.607216,0.654883,-0.163599,-0.188318,-0.137688,0.00195312,10,0,0
"ripple_snr,participation",low,low,"ripple_snr=low,participation=low",recipe:maboudi_2018_open_field,literature,burst,interval,recall,10,0.371166,0.343563,0.400827,-0.366053,-0.386614,-0.345412,0.00195312,10,0,0
"ripple_snr,participation",low,low,"ripple_snr=low,participation=low",recipe:mallory_2025,literature,burst,interval,recall,10,0.49182,0.469696,0.51443,-0.267894,-0.295084,-0.239625,0.00195312,10,0,0
"ripple_snr,participation",low,low,"ripple_snr=low,participation=low",recipe:mallory_2025_ripples,literature,ripple,interval,recall,10,0.440196,0.402818,0.471682,-0.25,-0.278189,-0.227761,0.00195312,10,0,0
"ripple_snr,participation",low,low,"ripple_snr=low,participation=low",recipe:michon_2019,literature,network,interval,recall,10,0.0119266,0.00674102,0.0170461,-0.238532,-0.264919,-0.211589,0.00195312,10,0,0
"ripple_snr,participation",low,low,"ripple_snr=low,participation=low",recipe:michon_2021,literature,network,interval,recall,10,0.0119266,0.00674102,0.0170461,-0.238532,-0.264919,-0.211589,0.00195312,10,0,0
"ripple_snr,participation",low,low,"ripple_snr=low,participation=low",recipe:mou_2022,literature,burst,interval,recall,10,0.891616,0.870234,0.911676,0.0347648,0.00612014,0.0656109,0.0664062,10,0,0
"ripple_snr,participation",low,low,"ripple_snr=low,participation=low",recipe:muessig_2019,literature,network,interval,recall,10,0.00642202,0.0026927,0.0106764,-0.1,-0.117541,-0.0826083,0.00195312,10,0,0
"ripple_snr,participation",low,low,"ripple_snr=low,participation=low",recipe:muessig_2019_ripples,literature,ripple,interval,recall,10,0.703922,0.686846,0.720121,-0.171569,-0.193703,-0.147916,0.00195312,10,0,0
"ripple_snr,participation",low,low,"ripple_snr=low,participation=low",recipe:nadasdy_1999,literature,ripple,interval,recall,10,0.0578431,0.0469238,0.0677142,-0.403922,-0.433046,-0.379507,0.00195312,10,0,0
"ripple_snr,participation",low,low,"ripple_snr=low,participation=low",recipe:olafsdottir_2015,literature,burst,interval,recall,10,0.257669,0.231309,0.284818,-0.419223,-0.447595,-0.387896,0.00195312,10,0,0
"ripple_snr,participation",low,low,"ripple_snr=low,participation=low",recipe:olafsdottir_2015.bayesian_candidates,literature,burst,interval,recall,10,0.158487,0.138261,0.17794,-0.453988,-0.480933,-0.432058,0.00195312,10,0,0
"ripple_snr,participation",low,low,"ripple_snr=low,participation=low",recipe:olafsdottir_2016,literature,burst,interval,recall,10,0.093047,0.0736842,0.112809,-0.477505,-0.525583,-0.437925,0.00195312,10,0,0
"ripple_snr,participation",low,low,"ripple_snr=low,participation=low",recipe:olafsdottir_2017,literature,burst,interval,recall,10,0.378323,0.346106,0.411766,-0.382413,-0.41571,-0.350197,0.00195312,10,0,0
"ripple_snr,participation",low,low,"ripple_snr=low,participation=low",recipe:olafsdottir_2017.trajectory,literature,burst,interval,recall,10,0.093047,0.0736842,0.112809,-0.477505,-0.525583,-0.437925,0.00195312,10,0,0
"ripple_snr,participation",low,low,"ripple_snr=low,participation=low",recipe:pfeiffer_2013,literature,burst,interval,recall,10,0.371166,0.343563,0.400827,-0.366053,-0.386614,-0.345412,0.00195312,10,0,0
"ripple_snr,participation",low,low,"ripple_snr=low,participation=low",recipe:pfeiffer_2013_ripples,literature,ripple,interval,recall,10,0.564706,0.518009,0.61634,-0.163725,-0.202569,-0.121454,0.00195312,10,0,0
"ripple_snr,participation",low,low,"ripple_snr=low,participation=low",recipe:pfeiffer_2015,literature,ripple,interval,recall,10,0.561765,0.516319,0.611277,-0.166667,-0.203216,-0.126973,0.00195312,10,0,0
"ripple_snr,participation",low,low,"ripple_snr=low,participation=low",recipe:shin_2019,literature,ripple,interval,recall,10,0.392157,0.361699,0.424702,-0.332353,-0.360592,-0.298801,0.00195312,10,0,0
"ripple_snr,participation",low,low,"ripple_snr=low,participation=low",recipe:silva_2015,literature,burst,interval,recall,10,0.305726,0.278007,0.336882,-0.313906,-0.340756,-0.28353,0.00195312,10,0,0
"ripple_snr,participation",low,low,"ripple_snr=low,participation=low",recipe:stella_2019,literature,ripple,interval,recall,10,0.219608,0.192344,0.254136,-0.447059,-0.475186,-0.417398,0.00195312,10,0,0
"ripple_snr,participation",low,low,"ripple_snr=low,participation=low",recipe:tang_2017,literature,ripple,interval,recall,10,0.392157,0.361699,0.424702,-0.332353,-0.360592,-0.298801,0.00195312,10,0,0
"ripple_snr,participation",low,low,"ripple_snr=low,participation=low",recipe:tirole_2022,literature,network,interval,recall,10,0.179817,0.161319,0.197772,-0.331193,-0.354157,-0.309972,0.00195312,10,0,0
"ripple_snr,participation",low,low,"ripple_snr=low,participation=low",recipe:widloski_2025,literature,ripple,interval,recall,10,0.254902,0.216649,0.287294,-0.252941,-0.282404,-0.227518,0.00195312,10,0,0
"ripple_snr,participation",low,low,"ripple_snr=low,participation=low",recipe:widloski_2025_bursts,literature,burst,interval,recall,10,0.40184,0.369252,0.428862,-0.127812,-0.168324,-0.0854333,0.00195312,10,0,0
"ripple_snr,participation",low,low,"ripple_snr=low,participation=low",recipe:wikenheiser_2013,literature,ripple,interval,recall,10,0.798039,0.771079,0.827187,-0.0343137,-0.0413306,-0.0269965,0.00195312,10,0,0
"ripple_snr,participation",low,low,"ripple_snr=low,participation=low",recipe:wu_2014,literature,burst,interval,recall,10,0.716769,0.682722,0.752343,-0.146217,-0.173428,-0.117874,0.00195312,10,0,0
"ripple_snr,participation",low,low,"ripple_snr=low,participation=low",recipe:wu_2014_ripples,literature,ripple,peak_containment,recall,10,0.794118,0.756169,0.830975,-0.103922,-0.133647,-0.0764586,0.00195312,10,0,0
"ripple_snr,participation",low,low,"ripple_snr=low,participation=low",recipe:wu_2017,literature,burst,interval,recall,10,0.284254,0.241588,0.321899,-0.250511,-0.296657,-0.207436,0.00195312,10,0,0
"ripple_snr,participation",low,low,"ripple_snr=low,participation=low",recipe:xu_2019,literature,burst,interval,recall,10,0.43047,0.411398,0.452992,-0.316973,-0.332256,-0.30094,0.00195312,10,0,0
"ripple_snr,participation",low,low,"ripple_snr=low,participation=low",recipe:yamamoto_2017,literature,network,interval,recall,10,0.336697,0.3053,0.369137,-0.224771,-0.268494,-0.184135,0.00195312,10,0,0
"ripple_snr,participation",low,low,"ripple_snr=low,participation=low",recipe:yang_2024,literature,network,interval,recall,10,0.0844037,0.0670896,0.104791,-0.33211,-0.354247,-0.31099,0.00195312,10,0,0
"ripple_snr,participation",low,reference,ripple_snr=low,Carey_candidate_detector,default,network,interval,recall,10,0.831193,0.816496,0.848401,0.0137615,0.0055862,0.0214973,0.015625,10,0,0
"ripple_snr,participation",low,reference,ripple_snr=low,Karlsson_ripple_detector,default,ripple,interval,recall,10,0.392157,0.361699,0.424702,-0.332353,-0.360592,-0.298801,0.00195312,10,0,0
"ripple_snr,participation",low,reference,ripple_snr=low,Kay_ripple_detector,default,ripple,interval,recall,10,0.65,0.617373,0.685497,-0.177451,-0.210686,-0.138723,0.00195312,10,0,0
"ripple_snr,participation",low,reference,ripple_snr=low,Long_sharp_wave_ripple_detector,default,ripple,interval,recall,10,0.505882,0.480516,0.530853,-0.184314,-0.204609,-0.164363,0.00195312,10,0,0
"ripple_snr,participation",low,reference,ripple_snr=low,Roumis_ripple_detector,default,ripple,interval,recall,10,0.660784,0.629305,0.697034,-0.167647,-0.197997,-0.133728,0.00195312,10,0,0
"ripple_snr,participation",low,reference,ripple_snr=low,Shvartsman_ripple_detector,default,ripple,interval,recall,10,0.226471,0.199051,0.252865,-0.437255,-0.458496,-0.415636,0.00195312,10,0,0
"ripple_snr,participation",low,reference,ripple_snr=low,Yu_ripple_detector,default,ripple,interval,recall,10,0.651961,0.603859,0.698764,-0.196078,-0.233191,-0.16019,0.00195312,10,0,0
"ripple_snr,participation",low,reference,ripple_snr=low,Zugaro_ripple_detector,default,ripple,interval,recall,10,0.233333,0.193639,0.26583,-0.442157,-0.470402,-0.409998,0.00195312,10,0,0
"ripple_snr,participation",low,reference,ripple_snr=low,multiunit_HSE_detector,default,burst,interval,recall,10,0.931493,0.917158,0.948138,0,0,0,1,10,0,0
"ripple_snr,participation",low,reference,ripple_snr=low,recipe:ambrose_2016,literature,ripple,interval,recall,10,0.564706,0.518009,0.61634,-0.163725,-0.202569,-0.121454,0.00195312,10,0,0
"ripple_snr,participation",low,reference,ripple_snr=low,recipe:bendor_2012,literature,burst,interval,recall,10,0.669734,0.643002,0.697931,0,0,0,1,10,0,0
"ripple_snr,participation",low,reference,ripple_snr=low,recipe:berners_lee_2021,literature,ripple,interval,recall,10,0.72451,0.684781,0.763658,-0.0656863,-0.0925761,-0.0396497,0.00390625,10,0,0
"ripple_snr,participation",low,reference,ripple_snr=low,recipe:berners_lee_2022,literature,burst,interval,recall,10,0.683027,0.657603,0.710964,0,0,0,1,10,0,0
"ripple_snr,participation",low,reference,ripple_snr=low,recipe:bhattarai_2020,literature,network,interval,recall,10,0.10367,0.0804708,0.122625,-0.279817,-0.307621,-0.255933,0.00195312,10,0,0
"ripple_snr,participation",low,reference,ripple_snr=low,recipe:bhattarai_2020_ripples,literature,ripple,interval,recall,10,0.12549,0.096325,0.151759,-0.339216,-0.370004,-0.314557,0.00195312,10,0,0
"ripple_snr,participation",low,reference,ripple_snr=low,recipe:bush_2022,literature,burst,interval,recall,10,0.630879,0.597014,0.668706,0,0,0,1,10,0,0
"ripple_snr,participation",low,reference,ripple_snr=low,recipe:carey_2019,literature,network,interval,recall,10,0.822936,0.80429,0.841621,-0.00275229,-0.00718133,0.00174134,0.25,10,0,0
"ripple_snr,participation",low,reference,ripple_snr=low,recipe:carr_2012,literature,ripple,interval,recall,10,0.392157,0.361699,0.424702,-0.332353,-0.360592,-0.298801,0.00195312,10,0,0
"ripple_snr,participation",low,reference,ripple_snr=low,recipe:chenani_2019,literature,burst,interval,recall,10,0.686094,0.665608,0.709887,0,0,0,1,10,0,0
"ripple_snr,participation",low,reference,ripple_snr=low,recipe:davidson_2009,literature,burst,interval,recall,10,0.801636,0.785994,0.820324,0,0,0,1,10,0,0
"ripple_snr,participation",low,reference,ripple_snr=low,recipe:davidson_2009_ripples,literature,ripple,peak_containment,recall,10,0.716667,0.671952,0.758729,-0.158824,-0.195582,-0.125224,0.00195312,10,0,0
"ripple_snr,participation",low,reference,ripple_snr=low,recipe:denovellis_2021,literature,ripple,interval,recall,10,0.627451,0.596132,0.657922,-0.20098,-0.228997,-0.169012,0.00195312,10,0,0
"ripple_snr,participation",low,reference,ripple_snr=low,recipe:denovellis_2021_mua,literature,burst,interval,recall,10,0.93047,0.916838,0.946485,0,0,0,1,10,0,0
"ripple_snr,participation",low,reference,ripple_snr=low,recipe:diba_2007,literature,burst,interval,recall,10,0.256646,0.22654,0.287224,0,0,0,1,10,0,0
"ripple_snr,participation",low,reference,ripple_snr=low,recipe:drieu_2018,literature,burst,interval,recall,10,0.786299,0.775775,0.797509,0,0,0,1,10,0,0
"ripple_snr,participation",low,reference,ripple_snr=low,recipe:farooq_2019_neuron,literature,burst,interval,recall,10,0.280164,0.243652,0.32154,0,0,0,1,10,0,0
"ripple_snr,participation",low,reference,ripple_snr=low,recipe:farooq_2019_science,literature,burst,interval,recall,10,0.278119,0.242423,0.318476,0,0,0,1,10,0,0
"ripple_snr,participation",low,reference,ripple_snr=low,recipe:farooq_2019_science_awake,literature,burst,interval,recall,10,0.278119,0.242423,0.318476,0,0,0,1,10,0,0
"ripple_snr,participation",low,reference,ripple_snr=low,recipe:foster_2006,literature,burst,interval,recall,10,0.148262,0.127082,0.172862,0,0,0,1,10,0,0
"ripple_snr,participation",low,reference,ripple_snr=low,recipe:foster_2006_ripples,literature,ripple,interval,recall,10,0.00392157,0.000975562,0.00705663,-0.0705882,-0.0832538,-0.057598,0.00195312,10,0,0
"ripple_snr,participation",low,reference,ripple_snr=low,recipe:gillespie_2021,literature,ripple,interval,recall,10,0.65,0.617373,0.685497,-0.177451,-0.210686,-0.138723,0.00195312,10,0,0
"ripple_snr,participation",low,reference,ripple_snr=low,recipe:gillespie_2021_mua,literature,burst,interval,recall,10,0.822086,0.803179,0.839827,0,0,0,1,10,0,0
"ripple_snr,participation",low,reference,ripple_snr=low,recipe:gridchyn_2020,literature,burst,interval,recall,10,0.891616,0.874123,0.907524,0,0,0,1,10,0,0
"ripple_snr,participation",low,reference,ripple_snr=low,recipe:grosmark_2016,literature,network,interval,recall,10,0.179817,0.154275,0.206928,-0.236697,-0.254333,-0.221272,0.00195312,10,0,0
"ripple_snr,participation",low,reference,ripple_snr=low,recipe:gupta_2010,literature,ripple,interval,recall,10,0.723529,0.691664,0.759723,-0.0764706,-0.0978684,-0.0584193,0.00195312,10,0,0
"ripple_snr,participation",low,reference,ripple_snr=low,recipe:harvey_2023_code,literature,ripple,interval,recall,10,0.412745,0.391663,0.438691,-0.15098,-0.168022,-0.13354,0.00195312,10,0,0
"ripple_snr,participation",low,reference,ripple_snr=low,recipe:harvey_2023_no_radiatum,literature,ripple,interval,recall,10,0.382353,0.341489,0.423855,-0.214706,-0.243296,-0.184185,0.00195312,10,0,0
"ripple_snr,participation",low,reference,ripple_snr=low,recipe:harvey_2023_text,literature,ripple,interval,recall,10,0.177451,0.150683,0.202832,-0.427451,-0.468043,-0.390056,0.00195312,10,0,0
"ripple_snr,participation",low,reference,ripple_snr=low,recipe:huelin_gorriz_2023,literature,network,interval,recall,10,0.379817,0.357829,0.404695,-0.131193,-0.153707,-0.112207,0.00195312,10,0,0
"ripple_snr,participation",low,reference,ripple_snr=low,recipe:igata_2021,literature,burst,interval,recall,10,0.932515,0.917901,0.949156,0,0,0,1,10,0,0
"ripple_snr,participation",low,reference,ripple_snr=low,recipe:igata_2021_ripples,literature,ripple,interval,recall,10,0.703922,0.677384,0.72852,-0.168627,-0.201058,-0.138806,0.00195312,10,0,0
"ripple_snr,participation",low,reference,ripple_snr=low,recipe:jadhav_2016,literature,ripple,interval,recall,10,0.340196,0.306977,0.374892,-0.246078,-0.274149,-0.214282,0.00195312,10,0,0
"ripple_snr,participation",low,reference,ripple_snr=low,recipe:ji_2007,literature,burst,interval,recall,10,0.700409,0.6305,0.748675,0,0,0,1,10,0,0
"ripple_snr,participation",low,reference,ripple_snr=low,recipe:ji_2007_ripples,literature,ripple,interval,recall,10,0.00196078,0,0.0046998,-0.00294118,-0.00558711,-0.000930082,0.25,10,0,0
"ripple_snr,participation",low,reference,ripple_snr=low,recipe:kaefer_2020,literature,ripple,interval,recall,10,0.00392157,0.000998004,0.00684262,-0.00686275,-0.0107854,-0.00307992,0.03125,10,0,0
"ripple_snr,participation",low,reference,ripple_snr=low,recipe:karlsson_2009,literature,ripple,interval,recall,10,0.392157,0.361699,0.424702,-0.332353,-0.360592,-0.298801,0.00195312,10,0,0
"ripple_snr,participation",low,reference,ripple_snr=low,recipe:krause_2022,literature,network,interval,recall,10,0.466055,0.428435,0.502375,-0.154128,-0.183902,-0.122904,0.00195312,10,0,0
"ripple_snr,participation",low,reference,ripple_snr=low,recipe:krause_2022_hse,literature,burst,interval,recall,10,0.819018,0.797725,0.839959,0,0,0,1,10,0,0
"ripple_snr,participation",low,reference,ripple_snr=low,recipe:kudrimoti_1999,literature,ripple,interval,recall,10,0,0,0,-0.0245098,-0.0338271,-0.0174466,0.00195312,10,0,0
"ripple_snr,participation",low,reference,ripple_snr=low,recipe:lee_2002,literature,burst,interval,recall,10,0.949898,0.943786,0.955603,0,0,0,1,10,0,0
"ripple_snr,participation",low,reference,ripple_snr=low,recipe:lee_2002_ripples,literature,ripple,interval,recall,10,0.00392157,0.000975562,0.00705663,-0.0705882,-0.0832538,-0.057598,0.00195312,10,0,0
"ripple_snr,participation",low,reference,ripple_snr=low,recipe:liu_2019,literature,burst,interval,recall,10,0.843558,0.811187,0.87384,0,0,0,1,10,0,0
"ripple_snr,participation",low,reference,ripple_snr=low,recipe:liu_2019_awake,literature,burst,interval,recall,10,0.843558,0.811187,0.87384,0,0,0,1,10,0,0
"ripple_snr,participation",low,reference,ripple_snr=low,recipe:liu_2023,literature,network,interval,recall,10,0.33211,0.309429,0.354902,-0.0990826,-0.113773,-0.0821745,0.00195312,10,0,0
"ripple_snr,participation",low,reference,ripple_snr=low,recipe:maboudi_2018,literature,burst,interval,recall,10,0.792434,0.774162,0.811442,0,0,0,1,10,0,0
"ripple_snr,participation",low,reference,ripple_snr=low,recipe:maboudi_2018_open_field,literature,burst,interval,recall,10,0.737219,0.716188,0.761011,0,0,0,1,10,0,0
"ripple_snr,participation",low,reference,ripple_snr=low,recipe:mallory_2025,literature,burst,interval,recall,10,0.759714,0.740078,0.779609,0,0,0,1,10,0,0
"ripple_snr,participation",low,reference,ripple_snr=low,recipe:mallory_2025_ripples,literature,ripple,interval,recall,10,0.440196,0.402818,0.471682,-0.25,-0.278189,-0.227761,0.00195312,10,0,0
"ripple_snr,participation",low,reference,ripple_snr=low,recipe:michon_2019,literature,network,interval,recall,10,0.012844,0.00739372,0.0179937,-0.237615,-0.26185,-0.213429,0.00195312,10,0,0
"ripple_snr,participation",low,reference,ripple_snr=low,recipe:michon_2021,literature,network,interval,recall,10,0.012844,0.00739372,0.0179937,-0.237615,-0.26185,-0.213429,0.00195312,10,0,0
"ripple_snr,participation",low,reference,ripple_snr=low,recipe:mou_2022,literature,burst,interval,recall,10,0.856851,0.829681,0.882724,0,0,0,1,10,0,0
"ripple_snr,participation",low,reference,ripple_snr=low,recipe:muessig_2019,literature,network,interval,recall,10,0.0880734,0.0759162,0.101533,-0.0183486,-0.0273625,-0.00980107,0.0078125,10,0,0
"ripple_snr,participation",low,reference,ripple_snr=low,recipe:muessig_2019_ripples,literature,ripple,interval,recall,10,0.703922,0.686846,0.720121,-0.171569,-0.193703,-0.147916,0.00195312,10,0,0
"ripple_snr,participation",low,reference,ripple_snr=low,recipe:nadasdy_1999,literature,ripple,interval,recall,10,0.0578431,0.0469238,0.0677142,-0.403922,-0.433046,-0.379507,0.00195312,10,0,0
"ripple_snr,participation",low,reference,ripple_snr=low,recipe:olafsdottir_2015,literature,burst,interval,recall,10,0.676892,0.654822,0.69798,0,0,0,1,10,0,0
"ripple_snr,participation",low,reference,ripple_snr=low,recipe:olafsdottir_2015.bayesian_candidates,literature,burst,interval,recall,10,0.612474,0.58635,0.641136,0,0,0,1,10,0,0
"ripple_snr,participation",low,reference,ripple_snr=low,recipe:olafsdottir_2016,literature,burst,interval,recall,10,0.570552,0.539077,0.609091,0,0,0,1,10,0,0
"ripple_snr,participation",low,reference,ripple_snr=low,recipe:olafsdottir_2017,literature,burst,interval,recall,10,0.760736,0.745657,0.775992,0,0,0,1,10,0,0
"ripple_snr,participation",low,reference,ripple_snr=low,recipe:olafsdottir_2017.trajectory,literature,burst,interval,recall,10,0.570552,0.539077,0.609091,0,0,0,1,10,0,0
"ripple_snr,participation",low,reference,ripple_snr=low,recipe:pfeiffer_2013,literature,burst,interval,recall,10,0.737219,0.716188,0.761011,0,0,0,1,10,0,0
"ripple_snr,participation",low,reference,ripple_snr=low,recipe:pfeiffer_2013_ripples,literature,ripple,interval,recall,10,0.564706,0.518009,0.61634,-0.163725,-0.202569,-0.121454,0.00195312,10,0,0
"ripple_snr,participation",low,reference,ripple_snr=low,recipe:pfeiffer_2015,literature,ripple,interval,recall,10,0.561765,0.516319,0.611277,-0.166667,-0.203216,-0.126973,0.00195312,10,0,0
"ripple_snr,participation",low,reference,ripple_snr=low,recipe:shin_2019,literature,ripple,interval,recall,10,0.392157,0.361699,0.424702,-0.332353,-0.360592,-0.298801,0.00195312,10,0,0
"ripple_snr,participation",low,reference,ripple_snr=low,recipe:silva_2015,literature,burst,interval,recall,10,0.619632,0.590956,0.648278,0,0,0,1,10,0,0
"ripple_snr,participation",low,reference,ripple_snr=low,recipe:stella_2019,literature,ripple,interval,recall,10,0.219608,0.192344,0.254136,-0.447059,-0.475186,-0.417398,0.00195312,10,0,0
"ripple_snr,participation",low,reference,ripple_snr=low,recipe:tang_2017,literature,ripple,interval,recall,10,0.392157,0.361699,0.424702,-0.332353,-0.360592,-0.298801,0.00195312,10,0,0
"ripple_snr,participation",low,reference,ripple_snr=low,recipe:tirole_2022,literature,network,interval,recall,10,0.379817,0.357829,0.404695,-0.131193,-0.153707,-0.112207,0.00195312,10,0,0
"ripple_snr,participation",low,reference,ripple_snr=low,recipe:widloski_2025,literature,ripple,interval,recall,10,0.254902,0.216649,0.287294,-0.252941,-0.282404,-0.227518,0.00195312,10,0,0
"ripple_snr,participation",low,reference,ripple_snr=low,recipe:widloski_2025_bursts,literature,burst,interval,recall,10,0.529652,0.491013,0.571436,0,0,0,1,10,0,0
"ripple_snr,participation",low,reference,ripple_snr=low,recipe:wikenheiser_2013,literature,ripple,interval,recall,10,0.798039,0.771079,0.827187,-0.0343137,-0.0413306,-0.0269965,0.00195312,10,0,0
"ripple_snr,participation",low,reference,ripple_snr=low,recipe:wu_2014,literature,burst,interval,recall,10,0.862986,0.848921,0.877469,0,0,0,1,10,0,0
"ripple_snr,participation",low,reference,ripple_snr=low,recipe:wu_2014_ripples,literature,ripple,peak_containment,recall,10,0.794118,0.756169,0.830975,-0.103922,-0.133647,-0.0764586,0.00195312,10,0,0
"ripple_snr,participation",low,reference,ripple_snr=low,recipe:wu_2017,literature,burst,interval,recall,10,0.534765,0.509803,0.559125,0,0,0,1,10,0,0
"ripple_snr,participation",low,reference,ripple_snr=low,recipe:xu_2019,literature,burst,interval,recall,10,0.747444,0.729037,0.765482,0,0,0,1,10,0,0
"ripple_snr,participation",low,reference,ripple_snr=low,recipe:yamamoto_2017,literature,network,interval,recall,10,0.416514,0.38031,0.450091,-0.144954,-0.174774,-0.115202,0.00195312,10,0,0
"ripple_snr,participation",low,reference,ripple_snr=low,recipe:yang_2024,literature,network,interval,recall,10,0.179817,0.154275,0.206928,-0.236697,-0.254333,-0.221272,0.00195312,10,0,0
"ripple_snr,participation",low,high,"ripple_snr=low,participation=high",Carey_candidate_detector,default,network,interval,recall,10,0.848624,0.8327,0.864791,0.0311927,0.0145177,0.0502792,0.0078125,10,0,0
"ripple_snr,participation",low,high,"ripple_snr=low,participation=high",Karlsson_ripple_detector,default,ripple,interval,recall,10,0.392157,0.361699,0.424702,-0.332353,-0.360592,-0.298801,0.00195312,10,0,0
"ripple_snr,participation",low,high,"ripple_snr=low,participation=high",Kay_ripple_detector,default,ripple,interval,recall,10,0.65,0.617373,0.685497,-0.177451,-0.210686,-0.138723,0.00195312,10,0,0
"ripple_snr,participation",low,high,"ripple_snr=low,participation=high",Long_sharp_wave_ripple_detector,default,ripple,interval,recall,10,0.505882,0.480516,0.530853,-0.184314,-0.204609,-0.164363,0.00195312,10,0,0
"ripple_snr,participation",low,high,"ripple_snr=low,participation=high",Roumis_ripple_detector,default,ripple,interval,recall,10,0.660784,0.629305,0.697034,-0.167647,-0.197997,-0.133728,0.00195312,10,0,0
"ripple_snr,participation",low,high,"ripple_snr=low,participation=high",Shvartsman_ripple_detector,default,ripple,interval,recall,10,0.226471,0.199051,0.252865,-0.437255,-0.458496,-0.415636,0.00195312,10,0,0
"ripple_snr,participation",low,high,"ripple_snr=low,participation=high",Yu_ripple_detector,default,ripple,interval,recall,10,0.651961,0.603859,0.698764,-0.196078,-0.233191,-0.16019,0.00195312,10,0,0
"ripple_snr,participation",low,high,"ripple_snr=low,participation=high",Zugaro_ripple_detector,default,ripple,interval,recall,10,0.233333,0.193639,0.26583,-0.442157,-0.470402,-0.409998,0.00195312,10,0,0
"ripple_snr,participation",low,high,"ripple_snr=low,participation=high",multiunit_HSE_detector,default,burst,interval,recall,10,0.957055,0.947479,0.966952,0.0255624,0.00302977,0.0452283,0.0625,10,0,0
"ripple_snr,participation",low,high,"ripple_snr=low,participation=high",recipe:ambrose_2016,literature,ripple,interval,recall,10,0.564706,0.518009,0.61634,-0.163725,-0.202569,-0.121454,0.00195312,10,0,0
"ripple_snr,participation",low,high,"ripple_snr=low,participation=high",recipe:bendor_2012,literature,burst,interval,recall,10,0.775051,0.759,0.79208,0.105317,0.0686767,0.143155,0.00195312,10,0,0
"ripple_snr,participation",low,high,"ripple_snr=low,participation=high",recipe:berners_lee_2021,literature,ripple,interval,recall,10,0.72451,0.684781,0.763658,-0.0656863,-0.0925761,-0.0396497,0.00390625,10,0,0
"ripple_snr,participation",low,high,"ripple_snr=low,participation=high",recipe:berners_lee_2022,literature,burst,interval,recall,10,0.759714,0.737923,0.784772,0.0766871,0.0442753,0.103308,0.00585938,10,0,0
"ripple_snr,participation",low,high,"ripple_snr=low,participation=high",recipe:bhattarai_2020,literature,network,interval,recall,10,0.126606,0.100677,0.1488,-0.256881,-0.28656,-0.22956,0.00195312,10,0,0
"ripple_snr,participation",low,high,"ripple_snr=low,participation=high",recipe:bhattarai_2020_ripples,literature,ripple,interval,recall,10,0.14902,0.116765,0.179902,-0.315686,-0.347558,-0.288386,0.00195312,10,0,0
"ripple_snr,participation",low,high,"ripple_snr=low,participation=high",recipe:bush_2022,literature,burst,interval,recall,10,0.804703,0.7852,0.824422,0.173824,0.130979,0.215729,0.00195312,10,0,0
"ripple_snr,participation",low,high,"ripple_snr=low,participation=high",recipe:carey_2019,literature,network,interval,recall,10,0.848624,0.832303,0.864293,0.0229358,0.00452347,0.0444244,0.046875,10,0,0
"ripple_snr,participation",low,high,"ripple_snr=low,participation=high",recipe:carr_2012,literature,ripple,interval,recall,10,0.392157,0.361699,0.424702,-0.332353,-0.360592,-0.298801,0.00195312,10,0,0
"ripple_snr,participation",low,high,"ripple_snr=low,participation=high",recipe:chenani_2019,literature,burst,interval,recall,10,0.802658,0.774921,0.829081,0.116564,0.0782011,0.152918,0.00390625,10,0,0
"ripple_snr,participation",low,high,"ripple_snr=low,participation=high",recipe:davidson_2009,literature,burst,interval,recall,10,0.865031,0.836397,0.893531,0.0633947,0.0325602,0.0936562,0.00585938,10,0,0
"ripple_snr,participation",low,high,"ripple_snr=low,participation=high",recipe:davidson_2009_ripples,literature,ripple,peak_containment,recall,10,0.716667,0.671952,0.758729,-0.158824,-0.195582,-0.125224,0.00195312,10,0,0
"ripple_snr,participation",low,high,"ripple_snr=low,participation=high",recipe:denovellis_2021,literature,ripple,interval,recall,10,0.627451,0.596132,0.657922,-0.20098,-0.228997,-0.169012,0.00195312,10,0,0
"ripple_snr,participation",low,high,"ripple_snr=low,participation=high",recipe:denovellis_2021_mua,literature,burst,interval,recall,10,0.958078,0.948969,0.9673,0.0276074,0.00507601,0.0465882,0.0429688,10,0,0
"ripple_snr,participation",low,high,"ripple_snr=low,participation=high",recipe:diba_2007,literature,burst,interval,recall,10,0.555215,0.528736,0.577077,0.298569,0.272921,0.324753,0.00195312,10,0,0
"ripple_snr,participation",low,high,"ripple_snr=low,participation=high",recipe:drieu_2018,literature,burst,interval,recall,10,0.833333,0.808375,0.858025,0.0470348,0.0200767,0.0731039,0.0078125,10,0,0
"ripple_snr,participation",low,high,"ripple_snr=low,participation=high",recipe:farooq_2019_neuron,literature,burst,interval,recall,10,0.389571,0.361029,0.42111,0.109407,0.0739521,0.140691,0.00390625,10,0,0
"ripple_snr,participation",low,high,"ripple_snr=low,participation=high",recipe:farooq_2019_science,literature,burst,interval,recall,10,0.389571,0.361029,0.42111,0.111452,0.0772529,0.141865,0.00390625,10,0,0
"ripple_snr,participation",low,high,"ripple_snr=low,participation=high",recipe:farooq_2019_science_awake,literature,burst,interval,recall,10,0.389571,0.361029,0.42111,0.111452,0.0772529,0.141865,0.00390625,10,0,0
"ripple_snr,participation",low,high,"ripple_snr=low,participation=high",recipe:foster_2006,literature,burst,interval,recall,10,0.469325,0.429457,0.504651,0.321063,0.29244,0.346559,0.00195312,10,0,0
"ripple_snr,participation",low,high,"ripple_snr=low,participation=high",recipe:foster_2006_ripples,literature,ripple,interval,recall,10,0.00392157,0.000975562,0.00705663,-0.0705882,-0.0832538,-0.057598,0.00195312,10,0,0
"ripple_snr,participation",low,high,"ripple_snr=low,participation=high",recipe:gillespie_2021,literature,ripple,interval,recall,10,0.65,0.617373,0.685497,-0.177451,-0.210686,-0.138723,0.00195312,10,0,0
"ripple_snr,participation",low,high,"ripple_snr=low,participation=high",recipe:gillespie_2021_mua,literature,burst,interval,recall,10,0.883436,0.860279,0.908531,0.0613497,0.028777,0.0929043,0.00976562,10,0,0
"ripple_snr,participation",low,high,"ripple_snr=low,participation=high",recipe:gridchyn_2020,literature,burst,interval,recall,10,0.945808,0.931382,0.959661,0.0541922,0.0325185,0.07628,0.0078125,10,0,0
"ripple_snr,participation",low,high,"ripple_snr=low,participation=high",recipe:grosmark_2016,literature,network,interval,recall,10,0.19633,0.169172,0.223696,-0.220183,-0.243728,-0.1963,0.00195312,10,0,0
"ripple_snr,participation",low,high,"ripple_snr=low,participation=high",recipe:gupta_2010,literature,ripple,interval,recall,10,0.723529,0.691664,0.759723,-0.0764706,-0.0978684,-0.0584193,0.00195312,10,0,0
"ripple_snr,participation",low,high,"ripple_snr=low,participation=high",recipe:harvey_2023_code,literature,ripple,interval,recall,10,0.459804,0.438802,0.484221,-0.103922,-0.12684,-0.0823748,0.00195312,10,0,0
"ripple_snr,participation",low,high,"ripple_snr=low,participation=high",recipe:harvey_2023_no_radiatum,literature,ripple,interval,recall,10,0.410784,0.371072,0.448108,-0.186275,-0.214794,-0.152361,0.00195312,10,0,0
"ripple_snr,participation",low,high,"ripple_snr=low,participation=high",recipe:harvey_2023_text,literature,ripple,interval,recall,10,0.177451,0.150683,0.202832,-0.427451,-0.468043,-0.390056,0.00195312,10,0,0
"ripple_snr,participation",low,high,"ripple_snr=low,participation=high",recipe:huelin_gorriz_2023,literature,network,interval,recall,10,0.425688,0.407544,0.442831,-0.0853211,-0.114585,-0.0562069,0.00195312,10,0,0
"ripple_snr,participation",low,high,"ripple_snr=low,participation=high",recipe:igata_2021,literature,burst,interval,recall,10,0.95501,0.94246,0.966703,0.0224949,-0.00391438,0.0430753,0.109375,10,0,0
"ripple_snr,participation",low,high,"ripple_snr=low,participation=high",recipe:igata_2021_ripples,literature,ripple,interval,recall,10,0.703922,0.677384,0.72852,-0.168627,-0.201058,-0.138806,0.00195312,10,0,0
"ripple_snr,participation",low,high,"ripple_snr=low,participation=high",recipe:jadhav_2016,literature,ripple,interval,recall,10,0.340196,0.306977,0.374892,-0.246078,-0.274149,-0.214282,0.00195312,10,0,0
"ripple_snr,participation",low,high,"ripple_snr=low,participation=high",recipe:ji_2007,literature,burst,interval,recall,10,0.814928,0.776986,0.854526,0.114519,0.0447844,0.200823,0.015625,10,0,0
"ripple_snr,participation",low,high,"ripple_snr=low,participation=high",recipe:ji_2007_ripples,literature,ripple,interval,recall,10,0.00196078,0,0.0046998,-0.00294118,-0.00558711,-0.000930082,0.25,10,0,0
"ripple_snr,participation",low,high,"ripple_snr=low,participation=high",recipe:kaefer_2020,literature,ripple,interval,recall,10,0.00392157,0.000998004,0.00684262,-0.00686275,-0.0107854,-0.00307992,0.03125,10,0,0
"ripple_snr,participation",low,high,"ripple_snr=low,participation=high",recipe:karlsson_2009,literature,ripple,interval,recall,10,0.392157,0.361699,0.424702,-0.332353,-0.360592,-0.298801,0.00195312,10,0,0
"ripple_snr,participation",low,high,"ripple_snr=low,participation=high",recipe:krause_2022,literature,network,interval,recall,10,0.476147,0.442341,0.509263,-0.144037,-0.173794,-0.114359,0.00195312,10,0,0
"ripple_snr,participation",low,high,"ripple_snr=low,participation=high",recipe:krause_2022_hse,literature,burst,interval,recall,10,0.879346,0.855467,0.905022,0.0603272,0.0242651,0.0930507,0.015625,10,0,0
"ripple_snr,participation",low,high,"ripple_snr=low,participation=high",recipe:kudrimoti_1999,literature,ripple,interval,recall,10,0,0,0,-0.0245098,-0.0338271,-0.0174466,0.00195312,10,0,0
"ripple_snr,participation",low,high,"ripple_snr=low,participation=high",recipe:lee_2002,literature,burst,interval,recall,10,0.947853,0.938031,0.958203,-0.00204499,-0.011067,0.00703769,0.789062,10,0,0
"ripple_snr,participation",low,high,"ripple_snr=low,participation=high",recipe:lee_2002_ripples,literature,ripple,interval,recall,10,0.00392157,0.000975562,0.00705663,-0.0705882,-0.0832538,-0.057598,0.00195312,10,0,0
"ripple_snr,participation",low,high,"ripple_snr=low,participation=high",recipe:liu_2019,literature,burst,interval,recall,10,0.821063,0.785228,0.857147,-0.0224949,-0.0564113,0.0141466,0.3125,10,0,0
"ripple_snr,participation",low,high,"ripple_snr=low,participation=high",recipe:liu_2019_awake,literature,burst,interval,recall,10,0.821063,0.785228,0.857147,-0.0224949,-0.0564113,0.0141466,0.3125,10,0,0
"ripple_snr,participation",low,high,"ripple_snr=low,participation=high",recipe:liu_2023,literature,network,interval,recall,10,0.350459,0.332378,0.36892,-0.0807339,-0.0934664,-0.067162,0.00195312,10,0,0
"ripple_snr,participation",low,high,"ripple_snr=low,participation=high",recipe:maboudi_2018,literature,burst,interval,recall,10,0.866053,0.846459,0.886558,0.0736196,0.0490377,0.0988677,0.00195312,10,0,0
"ripple_snr,participation",low,high,"ripple_snr=low,participation=high",recipe:maboudi_2018_open_field,literature,burst,interval,recall,10,0.832311,0.81431,0.849282,0.095092,0.0732683,0.116357,0.00195312,10,0,0
"ripple_snr,participation",low,high,"ripple_snr=low,participation=high",recipe:mallory_2025,literature,burst,interval,recall,10,0.840491,0.819783,0.861315,0.0807771,0.0556652,0.104592,0.00390625,10,0,0
"ripple_snr,participation",low,high,"ripple_snr=low,participation=high",recipe:mallory_2025_ripples,literature,ripple,interval,recall,10,0.440196,0.402818,0.471682,-0.25,-0.278189,-0.227761,0.00195312,10,0,0
"ripple_snr,participation",low,high,"ripple_snr=low,participation=high",recipe:michon_2019,literature,network,interval,recall,10,0.012844,0.00739372,0.0179937,-0.237615,-0.26185,-0.213429,0.00195312,10,0,0
"ripple_snr,participation",low,high,"ripple_snr=low,participation=high",recipe:michon_2021,literature,network,interval,recall,10,0.012844,0.00739372,0.0179937,-0.237615,-0.26185,-0.213429,0.00195312,10,0,0
"ripple_snr,participation",low,high,"ripple_snr=low,participation=high",recipe:mou_2022,literature,burst,interval,recall,10,0.856851,0.827041,0.889243,0,-0.0395959,0.0387308,0.996094,10,0,0
"ripple_snr,participation",low,high,"ripple_snr=low,participation=high",recipe:muessig_2019,literature,network,interval,recall,10,0.148624,0.133333,0.162489,0.0422018,0.0257804,0.0591471,0.00195312,10,0,0
"ripple_snr,participation",low,high,"ripple_snr=low,participation=high",recipe:muessig_2019_ripples,literature,ripple,interval,recall,10,0.703922,0.686846,0.720121,-0.171569,-0.193703,-0.147916,0.00195312,10,0,0
"ripple_snr,participation",low,high,"ripple_snr=low,participation=high",recipe:nadasdy_1999,literature,ripple,interval,recall,10,0.0578431,0.0469238,0.0677142,-0.403922,-0.433046,-0.379507,0.00195312,10,0,0
"ripple_snr,participation",low,high,"ripple_snr=low,participation=high",recipe:olafsdottir_2015,literature,burst,interval,recall,10,0.807771,0.783471,0.832645,0.130879,0.0928069,0.169216,0.00195312,10,0,0
"ripple_snr,participation",low,high,"ripple_snr=low,participation=high",recipe:olafsdottir_2015.bayesian_candidates,literature,burst,interval,recall,10,0.776074,0.749755,0.801849,0.163599,0.131548,0.197552,0.00195312,10,0,0
"ripple_snr,participation",low,high,"ripple_snr=low,participation=high",recipe:olafsdottir_2016,literature,burst,interval,recall,10,0.789366,0.764576,0.814932,0.218814,0.171904,0.266078,0.00195312,10,0,0
"ripple_snr,participation",low,high,"ripple_snr=low,participation=high",recipe:olafsdottir_2017,literature,burst,interval,recall,10,0.842536,0.824764,0.859316,0.0817996,0.0616353,0.101626,0.00195312,10,0,0
"ripple_snr,participation",low,high,"ripple_snr=low,participation=high",recipe:olafsdottir_2017.trajectory,literature,burst,interval,recall,10,0.789366,0.764576,0.814932,0.218814,0.171904,0.266078,0.00195312,10,0,0
"ripple_snr,participation",low,high,"ripple_snr=low,participation=high",recipe:pfeiffer_2013,literature,burst,interval,recall,10,0.832311,0.81431,0.849282,0.095092,0.0732683,0.116357,0.00195312,10,0,0
"ripple_snr,participation",low,high,"ripple_snr=low,participation=high",recipe:pfeiffer_2013_ripples,literature,ripple,interval,recall,10,0.564706,0.518009,0.61634,-0.163725,-0.202569,-0.121454,0.00195312,10,0,0
"ripple_snr,participation",low,high,"ripple_snr=low,participation=high",recipe:pfeiffer_2015,literature,ripple,interval,recall,10,0.561765,0.516319,0.611277,-0.166667,-0.203216,-0.126973,0.00195312,10,0,0
"ripple_snr,participation",low,high,"ripple_snr=low,participation=high",recipe:shin_2019,literature,ripple,interval,recall,10,0.392157,0.361699,0.424702,-0.332353,-0.360592,-0.298801,0.00195312,10,0,0
"ripple_snr,participation",low,high,"ripple_snr=low,participation=high",recipe:silva_2015,literature,burst,interval,recall,10,0.701431,0.676922,0.727723,0.0817996,0.0600538,0.104296,0.00195312,10,0,0
"ripple_snr,participation",low,high,"ripple_snr=low,participation=high",recipe:stella_2019,literature,ripple,interval,recall,10,0.219608,0.192344,0.254136,-0.447059,-0.475186,-0.417398,0.00195312,10,0,0
"ripple_snr,participation",low,high,"ripple_snr=low,participation=high",recipe:tang_2017,literature,ripple,interval,recall,10,0.392157,0.361699,0.424702,-0.332353,-0.360592,-0.298801,0.00195312,10,0,0
"ripple_snr,participation",low,high,"ripple_snr=low,participation=high",recipe:tirole_2022,literature,network,interval,recall,10,0.425688,0.407544,0.442831,-0.0853211,-0.114585,-0.0562069,0.00195312,10,0,0
"ripple_snr,participation",low,high,"ripple_snr=low,participation=high",recipe:widloski_2025,literature,ripple,interval,recall,10,0.254902,0.216649,0.287294,-0.252941,-0.282404,-0.227518,0.00195312,10,0,0
"ripple_snr,participation",low,high,"ripple_snr=low,participation=high",recipe:widloski_2025_bursts,literature,burst,interval,recall,10,0.597137,0.563248,0.627413,0.0674847,0.0306503,0.107045,0.0078125,10,0,0
"ripple_snr,participation",low,high,"ripple_snr=low,participation=high",recipe:wikenheiser_2013,literature,ripple,interval,recall,10,0.798039,0.771079,0.827187,-0.0343137,-0.0413306,-0.0269965,0.00195312,10,0,0
"ripple_snr,participation",low,high,"ripple_snr=low,participation=high",recipe:wu_2014,literature,burst,interval,recall,10,0.876278,0.858881,0.892859,0.0132924,-0.00715969,0.0329713,0.251953,10,0,0
"ripple_snr,participation",low,high,"ripple_snr=low,participation=high",recipe:wu_2014_ripples,literature,ripple,peak_containment,recall,10,0.794118,0.756169,0.830975,-0.103922,-0.133647,-0.0764586,0.00195312,10,0,0
"ripple_snr,participation",low,high,"ripple_snr=low,participation=high",recipe:wu_2017,literature,burst,interval,recall,10,0.741309,0.718502,0.764228,0.206544,0.165796,0.241888,0.00195312,10,0,0
"ripple_snr,participation",low,high,"ripple_snr=low,participation=high",recipe:xu_2019,literature,burst,interval,recall,10,0.834356,0.814115,0.854234,0.0869121,0.0560741,0.116435,0.00195312,10,0,0
"ripple_snr,participation",low,high,"ripple_snr=low,participation=high",recipe:yamamoto_2017,literature,network,interval,recall,10,0.449541,0.421149,0.474292,-0.111927,-0.152958,-0.0761268,0.00195312,10,0,0
"ripple_snr,participation",low,high,"ripple_snr=low,participation=high",recipe:yang_2024,literature,network,interval,recall,10,0.19633,0.169172,0.223696,-0.220183,-0.243728,-0.1963,0.00195312,10,0,0
"ripple_snr,participation",reference,low,participation=low,Carey_candidate_detector,default,network,interval,recall,10,0.766972,0.748038,0.784694,-0.0504587,-0.069524,-0.0304747,0.00390625,10,0,0
"ripple_snr,participation",reference,low,participation=low,Karlsson_ripple_detector,default,ripple,interval,recall,10,0.72451,0.706531,0.74433,0,0,0,1,10,0,0
"ripple_snr,participation",reference,low,participation=low,Kay_ripple_detector,default,ripple,interval,recall,10,0.827451,0.814342,0.842843,0,0,0,1,10,0,0
"ripple_snr,participation",reference,low,participation=low,Long_sharp_wave_ripple_detector,default,ripple,interval,recall,10,0.690196,0.666335,0.713389,0,0,0,1,10,0,0
"ripple_snr,participation",reference,low,participation=low,Roumis_ripple_detector,default,ripple,interval,recall,10,0.828431,0.813977,0.844765,0,0,0,1,10,0,0
"ripple_snr,participation",reference,low,participation=low,Shvartsman_ripple_detector,default,ripple,interval,recall,10,0.663725,0.64129,0.687835,0,0,0,1,10,0,0
"ripple_snr,participation",reference,low,participation=low,Yu_ripple_detector,default,ripple,interval,recall,10,0.848039,0.832833,0.865145,0,0,0,1,10,0,0
"ripple_snr,participation",reference,low,participation=low,Zugaro_ripple_detector,default,ripple,interval,recall,10,0.67549,0.654252,0.696335,0,0,0,1,10,0,0
"ripple_snr,participation",reference,low,participation=low,multiunit_HSE_detector,default,burst,interval,recall,10,0.861963,0.845168,0.879294,-0.0695297,-0.0820562,-0.0549451,0.00195312,10,0,0
"ripple_snr,participation",reference,low,participation=low,recipe:ambrose_2016,literature,ripple,interval,recall,10,0.728431,0.699812,0.754759,0,0,0,1,10,0,0
"ripple_snr,participation",reference,low,participation=low,recipe:bendor_2012,literature,burst,interval,recall,10,0.472393,0.450102,0.493711,-0.197342,-0.218393,-0.173647,0.00195312,10,0,0
"ripple_snr,participation",reference,low,participation=low,recipe:berners_lee_2021,literature,ripple,interval,recall,10,0.790196,0.767908,0.813176,0,0,0,1,10,0,0
"ripple_snr,participation",reference,low,participation=low,recipe:berners_lee_2022,literature,burst,interval,recall,10,0.530675,0.509939,0.552605,-0.152352,-0.189133,-0.121062,0.00195312,10,0,0
"ripple_snr,participation",reference,low,participation=low,recipe:bhattarai_2020,literature,network,interval,recall,10,0.121101,0.103894,0.141973,-0.262385,-0.292297,-0.235349,0.00195312,10,0,0
"ripple_snr,participation",reference,low,participation=low,recipe:bhattarai_2020_ripples,literature,ripple,interval,recall,10,0.146078,0.134653,0.157897,-0.318627,-0.351384,-0.283651,0.00195312,10,0,0
"ripple_snr,participation",reference,low,participation=low,recipe:bush_2022,literature,burst,interval,recall,10,0.166667,0.14959,0.183506,-0.464213,-0.501023,-0.428115,0.00195312,10,0,0
"ripple_snr,participation",reference,low,participation=low,recipe:carey_2019,literature,network,interval,recall,10,0.750459,0.723211,0.775304,-0.0752294,-0.0949765,-0.0578096,0.00195312,10,0,0
"ripple_snr,participation",reference,low,participation=low,recipe:carr_2012,literature,ripple,interval,recall,10,0.72451,0.706531,0.74433,0,0,0,1,10,0,0
"ripple_snr,participation",reference,low,participation=low,recipe:chenani_2019,literature,burst,interval,recall,10,0.313906,0.291494,0.33625,-0.372188,-0.40723,-0.340285,0.00195312,10,0,0
"ripple_snr,participation",reference,low,participation=low,recipe:davidson_2009,literature,burst,interval,recall,10,0.689162,0.665019,0.709315,-0.112474,-0.136418,-0.0873647,0.00195312,10,0,0
"ripple_snr,participation",reference,low,participation=low,recipe:davidson_2009_ripples,literature,ripple,peak_containment,recall,10,0.87549,0.851889,0.898297,0,0,0,1,10,0,0
"ripple_snr,participation",reference,low,participation=low,recipe:denovellis_2021,literature,ripple,interval,recall,10,0.828431,0.815282,0.842262,0,0,0,1,10,0,0
"ripple_snr,participation",reference,low,participation=low,recipe:denovellis_2021_mua,literature,burst,interval,recall,10,0.862986,0.844258,0.879419,-0.0674847,-0.0819672,-0.0527385,0.00195312,10,0,0
"ripple_snr,participation",reference,low,participation=low,recipe:diba_2007,literature,burst,interval,recall,10,0.00817996,0.00395628,0.0128208,-0.248466,-0.280007,-0.21684,0.00195312,10,0,0
"ripple_snr,participation",reference,low,participation=low,recipe:drieu_2018,literature,burst,interval,recall,10,0.57362,0.543156,0.610138,-0.212679,-0.242579,-0.173675,0.00195312,10,0,0
"ripple_snr,participation",reference,low,participation=low,recipe:farooq_2019_neuron,literature,burst,interval,recall,10,0.0654397,0.0525773,0.0821096,-0.214724,-0.254758,-0.182828,0.00195312,10,0,0
"ripple_snr,participation",reference,low,participation=low,recipe:farooq_2019_science,literature,burst,interval,recall,10,0.0541922,0.0434783,0.0660507,-0.223926,-0.261713,-0.193444,0.00195312,10,0,0
"ripple_snr,participation",reference,low,participation=low,recipe:farooq_2019_science_awake,literature,burst,interval,recall,10,0.0541922,0.0434783,0.0660507,-0.223926,-0.261713,-0.193444,0.00195312,10,0,0
"ripple_snr,participation",reference,low,participation=low,recipe:foster_2006,literature,burst,interval,recall,10,0.00102249,0,0.00302122,-0.147239,-0.172526,-0.125135,0.00195312,10,0,0
"ripple_snr,participation",reference,low,participation=low,recipe:foster_2006_ripples,literature,ripple,interval,recall,10,0.0745098,0.0613481,0.0878934,0,0,0,1,10,0,0
"ripple_snr,participation",reference,low,participation=low,recipe:gillespie_2021,literature,ripple,interval,recall,10,0.827451,0.814342,0.842843,0,0,0,1,10,0,0
"ripple_snr,participation",reference,low,participation=low,recipe:gillespie_2021_mua,literature,burst,interval,recall,10,0.708589,0.687931,0.725857,-0.113497,-0.139584,-0.0865957,0.00195312,10,0,0
"ripple_snr,participation",reference,low,participation=low,recipe:gridchyn_2020,literature,burst,interval,recall,10,0.785276,0.767331,0.803611,-0.106339,-0.126777,-0.0842059,0.00195312,10,0,0
"ripple_snr,participation",reference,low,participation=low,recipe:grosmark_2016,literature,network,interval,recall,10,0.219266,0.194383,0.249308,-0.197248,-0.217113,-0.174151,0.00195312,10,0,0
"ripple_snr,participation",reference,low,participation=low,recipe:gupta_2010,literature,ripple,interval,recall,10,0.8,0.777446,0.828924,0,0,0,1,10,0,0
"ripple_snr,participation",reference,low,participation=low,recipe:harvey_2023_code,literature,ripple,interval,recall,10,0.397059,0.365759,0.424979,-0.166667,-0.200922,-0.139154,0.00195312,10,0,0
"ripple_snr,participation",reference,low,participation=low,recipe:harvey_2023_no_radiatum,literature,ripple,interval,recall,10,0.439216,0.382879,0.484761,-0.157843,-0.200542,-0.121147,0.00195312,10,0,0
"ripple_snr,participation",reference,low,participation=low,recipe:harvey_2023_text,literature,ripple,interval,recall,10,0.604902,0.587255,0.62526,0,0,0,1,10,0,0
"ripple_snr,participation",reference,low,participation=low,recipe:huelin_gorriz_2023,literature,network,interval,recall,10,0.243119,0.221019,0.269625,-0.26789,-0.295677,-0.241864,0.00195312,10,0,0
"ripple_snr,participation",reference,low,participation=low,recipe:igata_2021,literature,burst,interval,recall,10,0.876278,0.862484,0.889453,-0.0562372,-0.070467,-0.0420831,0.00195312,10,0,0
"ripple_snr,participation",reference,low,participation=low,recipe:igata_2021_ripples,literature,ripple,interval,recall,10,0.872549,0.855652,0.890613,0,0,0,1,10,0,0
"ripple_snr,participation",reference,low,participation=low,recipe:jadhav_2016,literature,ripple,interval,recall,10,0.586275,0.554419,0.616468,0,0,0,1,10,0,0
"ripple_snr,participation",reference,low,participation=low,recipe:ji_2007,literature,burst,interval,recall,10,0.533742,0.465043,0.60078,-0.166667,-0.245346,-0.0864461,0.0078125,10,0,0
"ripple_snr,participation",reference,low,participation=low,recipe:ji_2007_ripples,literature,ripple,interval,recall,10,0.00490196,0.00101623,0.00883243,0,0,0,1,10,0,0
"ripple_snr,participation",reference,low,participation=low,recipe:kaefer_2020,literature,ripple,interval,recall,10,0.0107843,0.00584212,0.0155603,0,0,0,1,10,0,0
"ripple_snr,participation",reference,low,participation=low,recipe:karlsson_2009,literature,ripple,interval,recall,10,0.72451,0.706531,0.74433,0,0,0,1,10,0,0
"ripple_snr,participation",reference,low,participation=low,recipe:krause_2022,literature,network,interval,recall,10,0.514679,0.492422,0.536937,-0.105505,-0.121797,-0.0887571,0.00195312,10,0,0
"ripple_snr,participation",reference,low,participation=low,recipe:krause_2022_hse,literature,burst,interval,recall,10,0.700409,0.678639,0.717143,-0.118609,-0.142431,-0.095889,0.00195312,10,0,0
"ripple_snr,participation",reference,low,participation=low,recipe:kudrimoti_1999,literature,ripple,interval,recall,10,0.0245098,0.0174466,0.0338271,0,0,0,1,10,0,0
"ripple_snr,participation",reference,low,participation=low,recipe:lee_2002,literature,burst,interval,recall,10,0.895706,0.879063,0.912641,-0.0541922,-0.0680863,-0.0396735,0.00195312,10,0,0
"ripple_snr,participation",reference,low,participation=low,recipe:lee_2002_ripples,literature,ripple,interval,recall,10,0.0745098,0.0613481,0.0878934,0,0,0,1,10,0,0
"ripple_snr,participation",reference,low,participation=low,recipe:liu_2019,literature,burst,interval,recall,10,0.840491,0.817696,0.8635,-0.00306748,-0.0306143,0.0224843,0.894531,10,0,0
"ripple_snr,participation",reference,low,participation=low,recipe:liu_2019_awake,literature,burst,interval,recall,10,0.840491,0.817696,0.8635,-0.00306748,-0.0306143,0.0224843,0.894531,10,0,0
"ripple_snr,participation",reference,low,participation=low,recipe:liu_2023,literature,network,interval,recall,10,0.23578,0.211553,0.264248,-0.195413,-0.216482,-0.175727,0.00195312,10,0,0
"ripple_snr,participation",reference,low,participation=low,recipe:maboudi_2018,literature,burst,interval,recall,10,0.628834,0.607216,0.654883,-0.163599,-0.188318,-0.137688,0.00195312,10,0,0
"ripple_snr,participation",reference,low,participation=low,recipe:maboudi_2018_open_field,literature,burst,interval,recall,10,0.371166,0.343563,0.400827,-0.366053,-0.386614,-0.345412,0.00195312,10,0,0
"ripple_snr,participation",reference,low,participation=low,recipe:mallory_2025,literature,burst,interval,recall,10,0.49182,0.469696,0.51443,-0.267894,-0.295084,-0.239625,0.00195312,10,0,0
"ripple_snr,participation",reference,low,participation=low,recipe:mallory_2025_ripples,literature,ripple,interval,recall,10,0.690196,0.668886,0.712691,0,0,0,1,10,0,0
"ripple_snr,participation",reference,low,participation=low,recipe:michon_2019,literature,network,interval,recall,10,0.192661,0.177168,0.209635,-0.0577982,-0.0788764,-0.0378756,0.00195312,10,0,0
"ripple_snr,participation",reference,low,participation=low,recipe:michon_2021,literature,network,interval,recall,10,0.192661,0.177168,0.209635,-0.0577982,-0.0788764,-0.0378756,0.00195312,10,0,0
"ripple_snr,participation",reference,low,participation=low,recipe:mou_2022,literature,burst,interval,recall,10,0.891616,0.870234,0.911676,0.0347648,0.00612014,0.0656109,0.0664062,10,0,0
"ripple_snr,participation",reference,low,participation=low,recipe:muessig_2019,literature,network,interval,recall,10,0.00733945,0.00269772,0.013036,-0.0990826,-0.117372,-0.0809344,0.00195312,10,0,0
"ripple_snr,participation",reference,low,participation=low,recipe:muessig_2019_ripples,literature,ripple,interval,recall,10,0.87549,0.854298,0.894141,0,0,0,1,10,0,0
"ripple_snr,participation",reference,low,participation=low,recipe:nadasdy_1999,literature,ripple,interval,recall,10,0.461765,0.441114,0.485717,0,0,0,1,10,0,0
"ripple_snr,participation",reference,low,participation=low,recipe:olafsdottir_2015,literature,burst,interval,recall,10,0.257669,0.231309,0.284818,-0.419223,-0.447595,-0.387896,0.00195312,10,0,0
"ripple_snr,participation",reference,low,participation=low,recipe:olafsdottir_2015.bayesian_candidates,literature,burst,interval,recall,10,0.158487,0.138261,0.17794,-0.453988,-0.480933,-0.432058,0.00195312,10,0,0
"ripple_snr,participation",reference,low,participation=low,recipe:olafsdottir_2016,literature,burst,interval,recall,10,0.093047,0.0736842,0.112809,-0.477505,-0.525583,-0.437925,0.00195312,10,0,0
"ripple_snr,participation",reference,low,participation=low,recipe:olafsdottir_2017,literature,burst,interval,recall,10,0.378323,0.346106,0.411766,-0.382413,-0.41571,-0.350197,0.00195312,10,0,0
"ripple_snr,participation",reference,low,participation=low,recipe:olafsdottir_2017.trajectory,literature,burst,interval,recall,10,0.093047,0.0736842,0.112809,-0.477505,-0.525583,-0.437925,0.00195312,10,0,0
"ripple_snr,participation",reference,low,participation=low,recipe:pfeiffer_2013,literature,burst,interval,recall,10,0.371166,0.343563,0.400827,-0.366053,-0.386614,-0.345412,0.00195312,10,0,0
"ripple_snr,participation",reference,low,participation=low,recipe:pfeiffer_2013_ripples,literature,ripple,interval,recall,10,0.728431,0.699812,0.754759,0,0,0,1,10,0,0
"ripple_snr,participation",reference,low,participation=low,recipe:pfeiffer_2015,literature,ripple,interval,recall,10,0.728431,0.699812,0.754759,0,0,0,1,10,0,0
"ripple_snr,participation",reference,low,participation=low,recipe:shin_2019,literature,ripple,interval,recall,10,0.72451,0.706531,0.74433,0,0,0,1,10,0,0
"ripple_snr,participation",reference,low,participation=low,recipe:silva_2015,literature,burst,interval,recall,10,0.305726,0.278007,0.336882,-0.313906,-0.340756,-0.28353,0.00195312,10,0,0
"ripple_snr,participation",reference,low,participation=low,recipe:stella_2019,literature,ripple,interval,recall,10,0.666667,0.649493,0.685394,0,0,0,1,10,0,0
"ripple_snr,participation",reference,low,participation=low,recipe:tang_2017,literature,ripple,interval,recall,10,0.72451,0.706531,0.74433,0,0,0,1,10,0,0
"ripple_snr,participation",reference,low,participation=low,recipe:tirole_2022,literature,network,interval,recall,10,0.243119,0.221019,0.269625,-0.26789,-0.295677,-0.241864,0.00195312,10,0,0
"ripple_snr,participation",reference,low,participation=low,recipe:widloski_2025,literature,ripple,interval,recall,10,0.507843,0.469984,0.54879,0,0,0,1,10,0,0
"ripple_snr,participation",reference,low,participation=low,recipe:widloski_2025_bursts,literature,burst,interval,recall,10,0.40184,0.369252,0.428862,-0.127812,-0.168324,-0.0854333,0.00195312,10,0,0
"ripple_snr,participation",reference,low,participation=low,recipe:wikenheiser_2013,literature,ripple,interval,recall,10,0.832353,0.80594,0.860302,0,0,0,1,10,0,0
"ripple_snr,participation",reference,low,participation=low,recipe:wu_2014,literature,burst,interval,recall,10,0.716769,0.682722,0.752343,-0.146217,-0.173428,-0.117874,0.00195312,10,0,0
"ripple_snr,participation",reference,low,participation=low,recipe:wu_2014_ripples,literature,ripple,peak_containment,recall,10,0.898039,0.880974,0.916923,0,0,0,1,10,0,0
"ripple_snr,participation",reference,low,participation=low,recipe:wu_2017,literature,burst,interval,recall,10,0.284254,0.241588,0.321899,-0.250511,-0.296657,-0.207436,0.00195312,10,0,0
"ripple_snr,participation",reference,low,participation=low,recipe:xu_2019,literature,burst,interval,recall,10,0.43047,0.411398,0.452992,-0.316973,-0.332256,-0.30094,0.00195312,10,0,0
"ripple_snr,participation",reference,low,participation=low,recipe:yamamoto_2017,literature,network,interval,recall,10,0.478899,0.451294,0.504607,-0.0825688,-0.117708,-0.048427,0.00390625,10,0,0
"ripple_snr,participation",reference,low,participation=low,recipe:yang_2024,literature,network,interval,recall,10,0.219266,0.194383,0.249308,-0.197248,-0.217113,-0.174151,0.00195312,10,0,0
"ripple_snr,participation",reference,reference,reference,Carey_candidate_detector,default,network,interval,recall,10,0.817431,0.802458,0.834401,0,0,0,1,10,0,0
"ripple_snr,participation",reference,reference,reference,Karlsson_ripple_detector,default,ripple,interval,recall,10,0.72451,0.706531,0.74433,0,0,0,1,10,0,0
"ripple_snr,participation",reference,reference,reference,Kay_ripple_detector,default,ripple,interval,recall,10,0.827451,0.814342,0.842843,0,0,0,1,10,0,0
"ripple_snr,participation",reference,reference,reference,Long_sharp_wave_ripple_detector,default,ripple,interval,recall,10,0.690196,0.666335,0.713389,0,0,0,1,10,0,0
"ripple_snr,participation",reference,reference,reference,Roumis_ripple_detector,default,ripple,interval,recall,10,0.828431,0.813977,0.844765,0,0,0,1,10,0,0
"ripple_snr,participation",reference,reference,reference,Shvartsman_ripple_detector,default,ripple,interval,recall,10,0.663725,0.64129,0.687835,0,0,0,1,10,0,0
"ripple_snr,participation",reference,reference,reference,Yu_ripple_detector,default,ripple,interval,recall,10,0.848039,0.832833,0.865145,0,0,0,1,10,0,0
"ripple_snr,participation",reference,reference,reference,Zugaro_ripple_detector,default,ripple,interval,recall,10,0.67549,0.654252,0.696335,0,0,0,1,10,0,0
"ripple_snr,participation",reference,reference,reference,multiunit_HSE_detector,default,burst,interval,recall,10,0.931493,0.917158,0.948138,0,0,0,1,10,0,0
"ripple_snr,participation",reference,reference,reference,recipe:ambrose_2016,literature,ripple,interval,recall,10,0.728431,0.699812,0.754759,0,0,0,1,10,0,0
"ripple_snr,participation",reference,reference,reference,recipe:bendor_2012,literature,burst,interval,recall,10,0.669734,0.643002,0.697931,0,0,0,1,10,0,0
"ripple_snr,participation",reference,reference,reference,recipe:berners_lee_2021,literature,ripple,interval,recall,10,0.790196,0.767908,0.813176,0,0,0,1,10,0,0
"ripple_snr,participation",reference,reference,reference,recipe:berners_lee_2022,literature,burst,interval,recall,10,0.683027,0.657603,0.710964,0,0,0,1,10,0,0
"ripple_snr,participation",reference,reference,reference,recipe:bhattarai_2020,literature,network,interval,recall,10,0.383486,0.36426,0.404432,0,0,0,1,10,0,0
"ripple_snr,participation",reference,reference,reference,recipe:bhattarai_2020_ripples,literature,ripple,interval,recall,10,0.464706,0.436362,0.495339,0,0,0,1,10,0,0
"ripple_snr,participation",reference,reference,reference,recipe:bush_2022,literature,burst,interval,recall,10,0.630879,0.597014,0.668706,0,0,0,1,10,0,0
"ripple_snr,participation",reference,reference,reference,recipe:carey_2019,literature,network,interval,recall,10,0.825688,0.806478,0.843953,0,0,0,1,10,0,0
"ripple_snr,participation",reference,reference,reference,recipe:carr_2012,literature,ripple,interval,recall,10,0.72451,0.706531,0.74433,0,0,0,1,10,0,0
"ripple_snr,participation",reference,reference,reference,recipe:chenani_2019,literature,burst,interval,recall,10,0.686094,0.665608,0.709887,0,0,0,1,10,0,0
"ripple_snr,participation",reference,reference,reference,recipe:davidson_2009,literature,burst,interval,recall,10,0.801636,0.785994,0.820324,0,0,0,1,10,0,0
"ripple_snr,participation",reference,reference,reference,recipe:davidson_2009_ripples,literature,ripple,peak_containment,recall,10,0.87549,0.851889,0.898297,0,0,0,1,10,0,0
"ripple_snr,participation",reference,reference,reference,recipe:denovellis_2021,literature,ripple,interval,recall,10,0.828431,0.815282,0.842262,0,0,0,1,10,0,0
"ripple_snr,participation",reference,reference,reference,recipe:denovellis_2021_mua,literature,burst,interval,recall,10,0.93047,0.916838,0.946485,0,0,0,1,10,0,0
"ripple_snr,participation",reference,reference,reference,recipe:diba_2007,literature,burst,interval,recall,10,0.256646,0.22654,0.287224,0,0,0,1,10,0,0
"ripple_snr,participation",reference,reference,reference,recipe:drieu_2018,literature,burst,interval,recall,10,0.786299,0.775775,0.797509,0,0,0,1,10,0,0
"ripple_snr,participation",reference,reference,reference,recipe:farooq_2019_neuron,literature,burst,interval,recall,10,0.280164,0.243652,0.32154,0,0,0,1,10,0,0
"ripple_snr,participation",reference,reference,reference,recipe:farooq_2019_science,literature,burst,interval,recall,10,0.278119,0.242423,0.318476,0,0,0,1,10,0,0
"ripple_snr,participation",reference,reference,reference,recipe:farooq_2019_science_awake,literature,burst,interval,recall,10,0.278119,0.242423,0.318476,0,0,0,1,10,0,0
"ripple_snr,participation",reference,reference,reference,recipe:foster_2006,literature,burst,interval,recall,10,0.148262,0.127082,0.172862,0,0,0,1,10,0,0
"ripple_snr,participation",reference,reference,reference,recipe:foster_2006_ripples,literature,ripple,interval,recall,10,0.0745098,0.0613481,0.0878934,0,0,0,1,10,0,0
"ripple_snr,participation",reference,reference,reference,recipe:gillespie_2021,literature,ripple,interval,recall,10,0.827451,0.814342,0.842843,0,0,0,1,10,0,0
"ripple_snr,participation",reference,reference,reference,recipe:gillespie_2021_mua,literature,burst,interval,recall,10,0.822086,0.803179,0.839827,0,0,0,1,10,0,0
"ripple_snr,participation",reference,reference,reference,recipe:gridchyn_2020,literature,burst,interval,recall,10,0.891616,0.874123,0.907524,0,0,0,1,10,0,0
"ripple_snr,participation",reference,reference,reference,recipe:grosmark_2016,literature,network,interval,recall,10,0.416514,0.386402,0.448061,0,0,0,1,10,0,0
"ripple_snr,participation",reference,reference,reference,recipe:gupta_2010,literature,ripple,interval,recall,10,0.8,0.777446,0.828924,0,0,0,1,10,0,0
"ripple_snr,participation",reference,reference,reference,recipe:harvey_2023_code,literature,ripple,interval,recall,10,0.563725,0.539941,0.588474,0,0,0,1,10,0,0
"ripple_snr,participation",reference,reference,reference,recipe:harvey_2023_no_radiatum,literature,ripple,interval,recall,10,0.597059,0.577734,0.617905,0,0,0,1,10,0,0
"ripple_snr,participation",reference,reference,reference,recipe:harvey_2023_text,literature,ripple,interval,recall,10,0.604902,0.587255,0.62526,0,0,0,1,10,0,0
"ripple_snr,participation",reference,reference,reference,recipe:huelin_gorriz_2023,literature,network,interval,recall,10,0.511009,0.483133,0.539768,0,0,0,1,10,0,0
"ripple_snr,participation",reference,reference,reference,recipe:igata_2021,literature,burst,interval,recall,10,0.932515,0.917901,0.949156,0,0,0,1,10,0,0
"ripple_snr,participation",reference,reference,reference,recipe:igata_2021_ripples,literature,ripple,interval,recall,10,0.872549,0.855652,0.890613,0,0,0,1,10,0,0
"ripple_snr,participation",reference,reference,reference,recipe:jadhav_2016,literature,ripple,interval,recall,10,0.586275,0.554419,0.616468,0,0,0,1,10,0,0
"ripple_snr,participation",reference,reference,reference,recipe:ji_2007,literature,burst,interval,recall,10,0.700409,0.6305,0.748675,0,0,0,1,10,0,0
"ripple_snr,participation",reference,reference,reference,recipe:ji_2007_ripples,literature,ripple,interval,recall,10,0.00490196,0.00101623,0.00883243,0,0,0,1,10,0,0
"ripple_snr,participation",reference,reference,reference,recipe:kaefer_2020,literature,ripple,interval,recall,10,0.0107843,0.00584212,0.0155603,0,0,0,1,10,0,0
"ripple_snr,participation",reference,reference,reference,recipe:karlsson_2009,literature,ripple,interval,recall,10,0.72451,0.706531,0.74433,0,0,0,1,10,0,0
"ripple_snr,participation",reference,reference,reference,recipe:krause_2022,literature,network,interval,recall,10,0.620183,0.594116,0.645529,0,0,0,1,10,0,0
"ripple_snr,participation",reference,reference,reference,recipe:krause_2022_hse,literature,burst,interval,recall,10,0.819018,0.797725,0.839959,0,0,0,1,10,0,0
"ripple_snr,participation",reference,reference,reference,recipe:kudrimoti_1999,literature,ripple,interval,recall,10,0.0245098,0.0174466,0.0338271,0,0,0,1,10,0,0
"ripple_snr,participation",reference,reference,reference,recipe:lee_2002,literature,burst,interval,recall,10,0.949898,0.943786,0.955603,0,0,0,1,10,0,0
"ripple_snr,participation",reference,reference,reference,recipe:lee_2002_ripples,literature,ripple,interval,recall,10,0.0745098,0.0613481,0.0878934,0,0,0,1,10,0,0
"ripple_snr,participation",reference,reference,reference,recipe:liu_2019,literature,burst,interval,recall,10,0.843558,0.811187,0.87384,0,0,0,1,10,0,0
"ripple_snr,participation",reference,reference,reference,recipe:liu_2019_awake,literature,burst,interval,recall,10,0.843558,0.811187,0.87384,0,0,0,1,10,0,0
"ripple_snr,participation",reference,reference,reference,recipe:liu_2023,literature,network,interval,recall,10,0.431193,0.411239,0.451816,0,0,0,1,10,0,0
"ripple_snr,participation",reference,reference,reference,recipe:maboudi_2018,literature,burst,interval,recall,10,0.792434,0.774162,0.811442,0,0,0,1,10,0,0
"ripple_snr,participation",reference,reference,reference,recipe:maboudi_2018_open_field,literature,burst,interval,recall,10,0.737219,0.716188,0.761011,0,0,0,1,10,0,0
"ripple_snr,participation",reference,reference,reference,recipe:mallory_2025,literature,burst,interval,recall,10,0.759714,0.740078,0.779609,0,0,0,1,10,0,0
"ripple_snr,participation",reference,reference,reference,recipe:mallory_2025_ripples,literature,ripple,interval,recall,10,0.690196,0.668886,0.712691,0,0,0,1,10,0,0
"ripple_snr,participation",reference,reference,reference,recipe:michon_2019,literature,network,interval,recall,10,0.250459,0.224122,0.276924,0,0,0,1,10,0,0
"ripple_snr,participation",reference,reference,reference,recipe:michon_2021,literature,network,interval,recall,10,0.250459,0.224122,0.276924,0,0,0,1,10,0,0
"ripple_snr,participation",reference,reference,reference,recipe:mou_2022,literature,burst,interval,recall,10,0.856851,0.829681,0.882724,0,0,0,1,10,0,0
"ripple_snr,participation",reference,reference,reference,recipe:muessig_2019,literature,network,interval,recall,10,0.106422,0.091568,0.12113,0,0,0,1,10,0,0
"ripple_snr,participation",reference,reference,reference,recipe:muessig_2019_ripples,literature,ripple,interval,recall,10,0.87549,0.854298,0.894141,0,0,0,1,10,0,0
"ripple_snr,participation",reference,reference,reference,recipe:nadasdy_1999,literature,ripple,interval,recall,10,0.461765,0.441114,0.485717,0,0,0,1,10,0,0
"ripple_snr,participation",reference,reference,reference,recipe:olafsdottir_2015,literature,burst,interval,recall,10,0.676892,0.654822,0.69798,0,0,0,1,10,0,0
"ripple_snr,participation",reference,reference,reference,recipe:olafsdottir_2015.bayesian_candidates,literature,burst,interval,recall,10,0.612474,0.58635,0.641136,0,0,0,1,10,0,0
"ripple_snr,participation",reference,reference,reference,recipe:olafsdottir_2016,literature,burst,interval,recall,10,0.570552,0.539077,0.609091,0,0,0,1,10,0,0
"ripple_snr,participation",reference,reference,reference,recipe:olafsdottir_2017,literature,burst,interval,recall,10,0.760736,0.745657,0.775992,0,0,0,1,10,0,0
"ripple_snr,participation",reference,reference,reference,recipe:olafsdottir_2017.trajectory,literature,burst,interval,recall,10,0.570552,0.539077,0.609091,0,0,0,1,10,0,0
"ripple_snr,participation",reference,reference,reference,recipe:pfeiffer_2013,literature,burst,interval,recall,10,0.737219,0.716188,0.761011,0,0,0,1,10,0,0
"ripple_snr,participation",reference,reference,reference,recipe:pfeiffer_2013_ripples,literature,ripple,interval,recall,10,0.728431,0.699812,0.754759,0,0,0,1,10,0,0
"ripple_snr,participation",reference,reference,reference,recipe:pfeiffer_2015,literature,ripple,interval,recall,10,0.728431,0.699812,0.754759,0,0,0,1,10,0,0
"ripple_snr,participation",reference,reference,reference,recipe:shin_2019,literature,ripple,interval,recall,10,0.72451,0.706531,0.74433,0,0,0,1,10,0,0
"ripple_snr,participation",reference,reference,reference,recipe:silva_2015,literature,burst,interval,recall,10,0.619632,0.590956,0.648278,0,0,0,1,10,0,0
"ripple_snr,participation",reference,reference,reference,recipe:stella_2019,literature,ripple,interval,recall,10,0.666667,0.649493,0.685394,0,0,0,1,10,0,0
"ripple_snr,participation",reference,reference,reference,recipe:tang_2017,literature,ripple,interval,recall,10,0.72451,0.706531,0.74433,0,0,0,1,10,0,0
"ripple_snr,participation",reference,reference,reference,recipe:tirole_2022,literature,network,interval,recall,10,0.511009,0.483133,0.539768,0,0,0,1,10,0,0
"ripple_snr,participation",reference,reference,reference,recipe:widloski_2025,literature,ripple,interval,recall,10,0.507843,0.469984,0.54879,0,0,0,1,10,0,0
"ripple_snr,participation",reference,reference,reference,recipe:widloski_2025_bursts,literature,burst,interval,recall,10,0.529652,0.491013,0.571436,0,0,0,1,10,0,0
"ripple_snr,participation",reference,reference,reference,recipe:wikenheiser_2013,literature,ripple,interval,recall,10,0.832353,0.80594,0.860302,0,0,0,1,10,0,0
"ripple_snr,participation",reference,reference,reference,recipe:wu_2014,literature,burst,interval,recall,10,0.862986,0.848921,0.877469,0,0,0,1,10,0,0
"ripple_snr,participation",reference,reference,reference,recipe:wu_2014_ripples,literature,ripple,peak_containment,recall,10,0.898039,0.880974,0.916923,0,0,0,1,10,0,0
"ripple_snr,participation",reference,reference,reference,recipe:wu_2017,literature,burst,interval,recall,10,0.534765,0.509803,0.559125,0,0,0,1,10,0,0
"ripple_snr,participation",reference,reference,reference,recipe:xu_2019,literature,burst,interval,recall,10,0.747444,0.729037,0.765482,0,0,0,1,10,0,0
"ripple_snr,participation",reference,reference,reference,recipe:yamamoto_2017,literature,network,interval,recall,10,0.561468,0.529566,0.596138,0,0,0,1,10,0,0
"ripple_snr,participation",reference,reference,reference,recipe:yang_2024,literature,network,interval,recall,10,0.416514,0.386402,0.448061,0,0,0,1,10,0,0
"ripple_snr,participation",reference,high,participation=high,Carey_candidate_detector,default,network,interval,recall,10,0.826606,0.803972,0.848131,0.00917431,-0.0131695,0.0337934,0.484375,10,0,0
"ripple_snr,participation",reference,high,participation=high,Karlsson_ripple_detector,default,ripple,interval,recall,10,0.72451,0.706531,0.74433,0,0,0,1,10,0,0
"ripple_snr,participation",reference,high,participation=high,Kay_ripple_detector,default,ripple,interval,recall,10,0.827451,0.814342,0.842843,0,0,0,1,10,0,0
"ripple_snr,participation",reference,high,participation=high,Long_sharp_wave_ripple_detector,default,ripple,interval,recall,10,0.690196,0.666335,0.713389,0,0,0,1,10,0,0
"ripple_snr,participation",reference,high,participation=high,Roumis_ripple_detector,default,ripple,interval,recall,10,0.828431,0.813977,0.844765,0,0,0,1,10,0,0
"ripple_snr,participation",reference,high,participation=high,Shvartsman_ripple_detector,default,ripple,interval,recall,10,0.663725,0.64129,0.687835,0,0,0,1,10,0,0
"ripple_snr,participation",reference,high,participation=high,Yu_ripple_detector,default,ripple,interval,recall,10,0.848039,0.832833,0.865145,0,0,0,1,10,0,0
"ripple_snr,participation",reference,high,participation=high,Zugaro_ripple_detector,default,ripple,interval,recall,10,0.67549,0.654252,0.696335,0,0,0,1,10,0,0
"ripple_snr,participation",reference,high,participation=high,multiunit_HSE_detector,default,burst,interval,recall,10,0.957055,0.947479,0.966952,0.0255624,0.00302977,0.0452283,0.0625,10,0,0
"ripple_snr,participation",reference,high,participation=high,recipe:ambrose_2016,literature,ripple,interval,recall,10,0.728431,0.699812,0.754759,0,0,0,1,10,0,0
"ripple_snr,participation",reference,high,participation=high,recipe:bendor_2012,literature,burst,interval,recall,10,0.775051,0.759,0.79208,0.105317,0.0686767,0.143155,0.00195312,10,0,0
"ripple_snr,participation",reference,high,participation=high,recipe:berners_lee_2021,literature,ripple,interval,recall,10,0.790196,0.767908,0.813176,0,0,0,1,10,0,0
"ripple_snr,participation",reference,high,participation=high,recipe:berners_lee_2022,literature,burst,interval,recall,10,0.759714,0.737923,0.784772,0.0766871,0.0442753,0.103308,0.00585938,10,0,0
"ripple_snr,participation",reference,high,participation=high,recipe:bhattarai_2020,literature,network,interval,recall,10,0.463303,0.4357,0.484881,0.0798165,0.0605748,0.0957468,0.00195312,10,0,0
"ripple_snr,participation",reference,high,participation=high,recipe:bhattarai_2020_ripples,literature,ripple,interval,recall,10,0.55,0.519527,0.579498,0.0852941,0.0670654,0.104107,0.00195312,10,0,0
"ripple_snr,participation",reference,high,participation=high,recipe:bush_2022,literature,burst,interval,recall,10,0.804703,0.7852,0.824422,0.173824,0.130979,0.215729,0.00195312,10,0,0
"ripple_snr,participation",reference,high,participation=high,recipe:carey_2019,literature,network,interval,recall,10,0.848624,0.830711,0.86521,0.0229358,0.00452878,0.044628,0.0429688,10,0,0
"ripple_snr,participation",reference,high,participation=high,recipe:carr_2012,literature,ripple,interval,recall,10,0.72451,0.706531,0.74433,0,0,0,1,10,0,0
"ripple_snr,participation",reference,high,participation=high,recipe:chenani_2019,literature,burst,interval,recall,10,0.802658,0.774921,0.829081,0.116564,0.0782011,0.152918,0.00390625,10,0,0
"ripple_snr,participation",reference,high,participation=high,recipe:davidson_2009,literature,burst,interval,recall,10,0.865031,0.836397,0.893531,0.0633947,0.0325602,0.0936562,0.00585938,10,0,0
"ripple_snr,participation",reference,high,participation=high,recipe:davidson_2009_ripples,literature,ripple,peak_containment,recall,10,0.87549,0.851889,0.898297,0,0,0,1,10,0,0
"ripple_snr,participation",reference,high,participation=high,recipe:denovellis_2021,literature,ripple,interval,recall,10,0.828431,0.815282,0.842262,0,0,0,1,10,0,0
"ripple_snr,participation",reference,high,participation=high,recipe:denovellis_2021_mua,literature,burst,interval,recall,10,0.958078,0.948969,0.9673,0.0276074,0.00507601,0.0465882,0.0429688,10,0,0
"ripple_snr,participation",reference,high,participation=high,recipe:diba_2007,literature,burst,interval,recall,10,0.555215,0.528736,0.577077,0.298569,0.272921,0.324753,0.00195312,10,0,0
"ripple_snr,participation",reference,high,participation=high,recipe:drieu_2018,literature,burst,interval,recall,10,0.833333,0.808375,0.858025,0.0470348,0.0200767,0.0731039,0.0078125,10,0,0
"ripple_snr,participation",reference,high,participation=high,recipe:farooq_2019_neuron,literature,burst,interval,recall,10,0.389571,0.361029,0.42111,0.109407,0.0739521,0.140691,0.00390625,10,0,0
"ripple_snr,participation",reference,high,participation=high,recipe:farooq_2019_science,literature,burst,interval,recall,10,0.389571,0.361029,0.42111,0.111452,0.0772529,0.141865,0.00390625,10,0,0
"ripple_snr,participation",reference,high,participation=high,recipe:farooq_2019_science_awake,literature,burst,interval,recall,10,0.389571,0.361029,0.42111,0.111452,0.0772529,0.141865,0.00390625,10,0,0
"ripple_snr,participation",reference,high,participation=high,recipe:foster_2006,literature,burst,interval,recall,10,0.469325,0.429457,0.504651,0.321063,0.29244,0.346559,0.00195312,10,0,0
"ripple_snr,participation",reference,high,participation=high,recipe:foster_2006_ripples,literature,ripple,interval,recall,10,0.0745098,0.0613481,0.0878934,0,0,0,1,10,0,0
"ripple_snr,participation",reference,high,participation=high,recipe:gillespie_2021,literature,ripple,interval,recall,10,0.827451,0.814342,0.842843,0,0,0,1,10,0,0
"ripple_snr,participation",reference,high,participation=high,recipe:gillespie_2021_mua,literature,burst,interval,recall,10,0.883436,0.860279,0.908531,0.0613497,0.028777,0.0929043,0.00976562,10,0,0
"ripple_snr,participation",reference,high,participation=high,recipe:gridchyn_2020,literature,burst,interval,recall,10,0.945808,0.931382,0.959661,0.0541922,0.0325185,0.07628,0.0078125,10,0,0
"ripple_snr,participation",reference,high,participation=high,recipe:grosmark_2016,literature,network,interval,recall,10,0.47156,0.445289,0.498638,0.0550459,0.0379603,0.0722041,0.00195312,10,0,0
"ripple_snr,participation",reference,high,participation=high,recipe:gupta_2010,literature,ripple,interval,recall,10,0.8,0.777446,0.828924,0,0,0,1,10,0,0
"ripple_snr,participation",reference,high,participation=high,recipe:harvey_2023_code,literature,ripple,interval,recall,10,0.631373,0.605846,0.659253,0.0676471,0.047619,0.0874006,0.00195312,10,0,0
"ripple_snr,participation",reference,high,participation=high,recipe:harvey_2023_no_radiatum,literature,ripple,interval,recall,10,0.651961,0.629767,0.676103,0.054902,0.0376968,0.0733204,0.00390625,10,0,0
"ripple_snr,participation",reference,high,participation=high,recipe:harvey_2023_text,literature,ripple,interval,recall,10,0.604902,0.587255,0.62526,0,0,0,1,10,0,0
"ripple_snr,participation",reference,high,participation=high,recipe:huelin_gorriz_2023,literature,network,interval,recall,10,0.584404,0.560038,0.60819,0.0733945,0.0477828,0.098855,0.00195312,10,0,0
"ripple_snr,participation",reference,high,participation=high,recipe:igata_2021,literature,burst,interval,recall,10,0.95501,0.94246,0.966703,0.0224949,-0.00391438,0.0430753,0.109375,10,0,0
"ripple_snr,participation",reference,high,participation=high,recipe:igata_2021_ripples,literature,ripple,interval,recall,10,0.872549,0.855652,0.890613,0,0,0,1,10,0,0
"ripple_snr,participation",reference,high,participation=high,recipe:jadhav_2016,literature,ripple,interval,recall,10,0.586275,0.554419,0.616468,0,0,0,1,10,0,0
"ripple_snr,participation",reference,high,participation=high,recipe:ji_2007,literature,burst,interval,recall,10,0.814928,0.776986,0.854526,0.114519,0.0447844,0.200823,0.015625,10,0,0
"ripple_snr,participation",reference,high,participation=high,recipe:ji_2007_ripples,literature,ripple,interval,recall,10,0.00490196,0.00101623,0.00883243,0,0,0,1,10,0,0
"ripple_snr,participation",reference,high,participation=high,recipe:kaefer_2020,literature,ripple,interval,recall,10,0.0107843,0.00584212,0.0155603,0,0,0,1,10,0,0
"ripple_snr,participation",reference,high,participation=high,recipe:karlsson_2009,literature,ripple,interval,recall,10,0.72451,0.706531,0.74433,0,0,0,1,10,0,0
"ripple_snr,participation",reference,high,participation=high,recipe:krause_2022,literature,network,interval,recall,10,0.636697,0.606863,0.666071,0.0165138,0.00362286,0.0318355,0.0390625,10,0,0
"ripple_snr,participation",reference,high,participation=high,recipe:krause_2022_hse,literature,burst,interval,recall,10,0.879346,0.855467,0.905022,0.0603272,0.0242651,0.0930507,0.015625,10,0,0
"ripple_snr,participation",reference,high,participation=high,recipe:kudrimoti_1999,literature,ripple,interval,recall,10,0.0245098,0.0174466,0.0338271,0,0,0,1,10,0,0
"ripple_snr,participation",reference,high,participation=high,recipe:lee_2002,literature,burst,interval,recall,10,0.947853,0.938031,0.958203,-0.00204499,-0.011067,0.00703769,0.789062,10,0,0
"ripple_snr,participation",reference,high,participation=high,recipe:lee_2002_ripples,literature,ripple,interval,recall,10,0.0745098,0.0613481,0.0878934,0,0,0,1,10,0,0
"ripple_snr,participation",reference,high,participation=high,recipe:liu_2019,literature,burst,interval,recall,10,0.821063,0.785228,0.857147,-0.0224949,-0.0564113,0.0141466,0.3125,10,0,0
"ripple_snr,participation",reference,high,participation=high,recipe:liu_2019_awake,literature,burst,interval,recall,10,0.821063,0.785228,0.857147,-0.0224949,-0.0564113,0.0141466,0.3125,10,0,0
"ripple_snr,participation",reference,high,participation=high,recipe:liu_2023,literature,network,interval,recall,10,0.466972,0.440544,0.494347,0.0357798,0.0186694,0.0520788,0.0078125,10,0,0
"ripple_snr,participation",reference,high,participation=high,recipe:maboudi_2018,literature,burst,interval,recall,10,0.866053,0.846459,0.886558,0.0736196,0.0490377,0.0988677,0.00195312,10,0,0
"ripple_snr,participation",reference,high,participation=high,recipe:maboudi_2018_open_field,literature,burst,interval,recall,10,0.832311,0.81431,0.849282,0.095092,0.0732683,0.116357,0.00195312,10,0,0
"ripple_snr,participation",reference,high,participation=high,recipe:mallory_2025,literature,burst,interval,recall,10,0.840491,0.819783,0.861315,0.0807771,0.0556652,0.104592,0.00390625,10,0,0
"ripple_snr,participation",reference,high,participation=high,recipe:mallory_2025_ripples,literature,ripple,interval,recall,10,0.690196,0.668886,0.712691,0,0,0,1,10,0,0
"ripple_snr,participation",reference,high,participation=high,recipe:michon_2019,literature,network,interval,recall,10,0.279817,0.254752,0.304552,0.0293578,0.0233965,0.0360452,0.00195312,10,0,0
"ripple_snr,participation",reference,high,participation=high,recipe:michon_2021,literature,network,interval,recall,10,0.279817,0.254752,0.304552,0.0293578,0.0233965,0.0360452,0.00195312,10,0,0
"ripple_snr,participation",reference,high,participation=high,recipe:mou_2022,literature,burst,interval,recall,10,0.856851,0.827041,0.889243,0,-0.0395959,0.0387308,0.996094,10,0,0
"ripple_snr,participation",reference,high,participation=high,recipe:muessig_2019,literature,network,interval,recall,10,0.179817,0.163167,0.196042,0.0733945,0.0579697,0.0879331,0.00195312,10,0,0
"ripple_snr,participation",reference,high,participation=high,recipe:muessig_2019_ripples,literature,ripple,interval,recall,10,0.87549,0.854298,0.894141,0,0,0,1,10,0,0
"ripple_snr,participation",reference,high,participation=high,recipe:nadasdy_1999,literature,ripple,interval,recall,10,0.461765,0.441114,0.485717,0,0,0,1,10,0,0
"ripple_snr,participation",reference,high,participation=high,recipe:olafsdottir_2015,literature,burst,interval,recall,10,0.807771,0.783471,0.832645,0.130879,0.0928069,0.169216,0.00195312,10,0,0
"ripple_snr,participation",reference,high,participation=high,recipe:olafsdottir_2015.bayesian_candidates,literature,burst,interval,recall,10,0.776074,0.749755,0.801849,0.163599,0.131548,0.197552,0.00195312,10,0,0
"ripple_snr,participation",reference,high,participation=high,recipe:olafsdottir_2016,literature,burst,interval,recall,10,0.789366,0.764576,0.814932,0.218814,0.171904,0.266078,0.00195312,10,0,0
"ripple_snr,participation",reference,high,participation=high,recipe:olafsdottir_2017,literature,burst,interval,recall,10,0.842536,0.824764,0.859316,0.0817996,0.0616353,0.101626,0.00195312,10,0,0
"ripple_snr,participation",reference,high,participation=high,recipe:olafsdottir_2017.trajectory,literature,burst,interval,recall,10,0.789366,0.764576,0.814932,0.218814,0.171904,0.266078,0.00195312,10,0,0
"ripple_snr,participation",reference,high,participation=high,recipe:pfeiffer_2013,literature,burst,interval,recall,10,0.832311,0.81431,0.849282,0.095092,0.0732683,0.116357,0.00195312,10,0,0
"ripple_snr,participation",reference,high,participation=high,recipe:pfeiffer_2013_ripples,literature,ripple,interval,recall,10,0.728431,0.699812,0.754759,0,0,0,1,10,0,0
"ripple_snr,participation",reference,high,participation=high,recipe:pfeiffer_2015,literature,ripple,interval,recall,10,0.728431,0.699812,0.754759,0,0,0,1,10,0,0
"ripple_snr,participation",reference,high,participation=high,recipe:shin_2019,literature,ripple,interval,recall,10,0.72451,0.706531,0.74433,0,0,0,1,10,0,0
"ripple_snr,participation",reference,high,participation=high,recipe:silva_2015,literature,burst,interval,recall,10,0.701431,0.676922,0.727723,0.0817996,0.0600538,0.104296,0.00195312,10,0,0
"ripple_snr,participation",reference,high,participation=high,recipe:stella_2019,literature,ripple,interval,recall,10,0.666667,0.649493,0.685394,0,0,0,1,10,0,0
"ripple_snr,participation",reference,high,participation=high,recipe:tang_2017,literature,ripple,interval,recall,10,0.72451,0.706531,0.74433,0,0,0,1,10,0,0
"ripple_snr,participation",reference,high,participation=high,recipe:tirole_2022,literature,network,interval,recall,10,0.584404,0.560038,0.60819,0.0733945,0.0477828,0.098855,0.00195312,10,0,0
"ripple_snr,participation",reference,high,participation=high,recipe:widloski_2025,literature,ripple,interval,recall,10,0.507843,0.469984,0.54879,0,0,0,1,10,0,0
"ripple_snr,participation",reference,high,participation=high,recipe:widloski_2025_bursts,literature,burst,interval,recall,10,0.597137,0.563248,0.627413,0.0674847,0.0306503,0.107045,0.0078125,10,0,0
"ripple_snr,participation",reference,high,participation=high,recipe:wikenheiser_2013,literature,ripple,interval,recall,10,0.832353,0.80594,0.860302,0,0,0,1,10,0,0
"ripple_snr,participation",reference,high,participation=high,recipe:wu_2014,literature,burst,interval,recall,10,0.876278,0.858881,0.892859,0.0132924,-0.00715969,0.0329713,0.251953,10,0,0
"ripple_snr,participation",reference,high,participation=high,recipe:wu_2014_ripples,literature,ripple,peak_containment,recall,10,0.898039,0.880974,0.916923,0,0,0,1,10,0,0
"ripple_snr,participation",reference,high,participation=high,recipe:wu_2017,literature,burst,interval,recall,10,0.741309,0.718502,0.764228,0.206544,0.165796,0.241888,0.00195312,10,0,0
"ripple_snr,participation",reference,high,participation=high,recipe:xu_2019,literature,burst,interval,recall,10,0.834356,0.814115,0.854234,0.0869121,0.0560741,0.116435,0.00195312,10,0,0
"ripple_snr,participation",reference,high,participation=high,recipe:yamamoto_2017,literature,network,interval,recall,10,0.60367,0.584794,0.622512,0.0422018,0.0226394,0.0614371,0.00585938,10,0,0
"ripple_snr,participation",reference,high,participation=high,recipe:yang_2024,literature,network,interval,recall,10,0.47156,0.445289,0.498638,0.0550459,0.0379603,0.0722041,0.00195312,10,0,0
"ripple_snr,participation",high,low,"ripple_snr=high,participation=low",Carey_candidate_detector,default,network,interval,recall,10,0.76055,0.738366,0.780421,-0.0568807,-0.0778552,-0.0360087,0.00390625,10,0,0
"ripple_snr,participation",high,low,"ripple_snr=high,participation=low",Karlsson_ripple_detector,default,ripple,interval,recall,10,0.746078,0.722611,0.769396,0.0215686,0.00400712,0.0383184,0.0390625,10,0,0
"ripple_snr,participation",high,low,"ripple_snr=high,participation=low",Kay_ripple_detector,default,ripple,interval,recall,10,0.788235,0.774699,0.804082,-0.0392157,-0.0538622,-0.0242339,0.00390625,10,0,0
"ripple_snr,participation",high,low,"ripple_snr=high,participation=low",Long_sharp_wave_ripple_detector,default,ripple,interval,recall,10,0.748039,0.730968,0.766033,0.0578431,0.0358849,0.0795463,0.00390625,10,0,0
"ripple_snr,participation",high,low,"ripple_snr=high,participation=low",Roumis_ripple_detector,default,ripple,interval,recall,10,0.789216,0.773914,0.806664,-0.0392157,-0.054002,-0.024229,0.00390625,10,0,0
"ripple_snr,participation",high,low,"ripple_snr=high,participation=low",Shvartsman_ripple_detector,default,ripple,interval,recall,10,0.741176,0.717241,0.765896,0.077451,0.0604021,0.0923386,0.00195312,10,0,0
"ripple_snr,participation",high,low,"ripple_snr=high,participation=low",Yu_ripple_detector,default,ripple,interval,recall,10,0.844118,0.830115,0.860285,-0.00392157,-0.0122304,0.00668689,0.527344,10,0,0
"ripple_snr,participation",high,low,"ripple_snr=high,participation=low",Zugaro_ripple_detector,default,ripple,interval,recall,10,0.757843,0.729225,0.787065,0.0823529,0.0667231,0.100312,0.00195312,10,0,0
"ripple_snr,participation",high,low,"ripple_snr=high,participation=low",multiunit_HSE_detector,default,burst,interval,recall,10,0.861963,0.845168,0.879294,-0.0695297,-0.0820562,-0.0549451,0.00195312,10,0,0
"ripple_snr,participation",high,low,"ripple_snr=high,participation=low",recipe:ambrose_2016,literature,ripple,interval,recall,10,0.717647,0.694753,0.741904,-0.0107843,-0.0268991,0.012606,0.480469,10,0,0
"ripple_snr,participation",high,low,"ripple_snr=high,participation=low",recipe:bendor_2012,literature,burst,interval,recall,10,0.472393,0.450102,0.493711,-0.197342,-0.218393,-0.173647,0.00195312,10,0,0
"ripple_snr,participation",high,low,"ripple_snr=high,participation=low",recipe:berners_lee_2021,literature,ripple,interval,recall,10,0.739216,0.720345,0.761859,-0.0509804,-0.0662654,-0.0353154,0.00390625,10,0,0
"ripple_snr,participation",high,low,"ripple_snr=high,participation=low",recipe:berners_lee_2022,literature,burst,interval,recall,10,0.530675,0.509939,0.552605,-0.152352,-0.189133,-0.121062,0.00195312,10,0,0
"ripple_snr,participation",high,low,"ripple_snr=high,participation=low",recipe:bhattarai_2020,literature,network,interval,recall,10,0.150459,0.132075,0.169311,-0.233028,-0.264449,-0.205082,0.00195312,10,0,0
"ripple_snr,participation",high,low,"ripple_snr=high,participation=low",recipe:bhattarai_2020_ripples,literature,ripple,interval,recall,10,0.180392,0.168297,0.192346,-0.284314,-0.315738,-0.252231,0.00195312,10,0,0
"ripple_snr,participation",high,low,"ripple_snr=high,participation=low",recipe:bush_2022,literature,burst,interval,recall,10,0.166667,0.14959,0.183506,-0.464213,-0.501023,-0.428115,0.00195312,10,0,0
"ripple_snr,participation",high,low,"ripple_snr=high,participation=low",recipe:carey_2019,literature,network,interval,recall,10,0.76055,0.738764,0.782687,-0.0651376,-0.084637,-0.0442933,0.00390625,10,0,0
"ripple_snr,participation",high,low,"ripple_snr=high,participation=low",recipe:carr_2012,literature,ripple,interval,recall,10,0.746078,0.722611,0.769396,0.0215686,0.00400712,0.0383184,0.0390625,10,0,0
"ripple_snr,participation",high,low,"ripple_snr=high,participation=low",recipe:chenani_2019,literature,burst,interval,recall,10,0.313906,0.291494,0.33625,-0.372188,-0.40723,-0.340285,0.00195312,10,0,0
"ripple_snr,participation",high,low,"ripple_snr=high,participation=low",recipe:davidson_2009,literature,burst,interval,recall,10,0.689162,0.665019,0.709315,-0.112474,-0.136418,-0.0873647,0.00195312,10,0,0
"ripple_snr,participation",high,low,"ripple_snr=high,participation=low",recipe:davidson_2009_ripples,literature,ripple,peak_containment,recall,10,0.85,0.828516,0.871364,-0.0254902,-0.0452281,-0.00939696,0.0234375,10,0,0
"ripple_snr,participation",high,low,"ripple_snr=high,participation=low",recipe:denovellis_2021,literature,ripple,interval,recall,10,0.8,0.787401,0.814583,-0.0284314,-0.0387167,-0.0172927,0.00390625,10,0,0
"ripple_snr,participation",high,low,"ripple_snr=high,participation=low",recipe:denovellis_2021_mua,literature,burst,interval,recall,10,0.862986,0.844258,0.879419,-0.0674847,-0.0819672,-0.0527385,0.00195312,10,0,0
"ripple_snr,participation",high,low,"ripple_snr=high,participation=low",recipe:diba_2007,literature,burst,interval,recall,10,0.00817996,0.00395628,0.0128208,-0.248466,-0.280007,-0.21684,0.00195312,10,0,0
"ripple_snr,participation",high,low,"ripple_snr=high,participation=low",recipe:drieu_2018,literature,burst,interval,recall,10,0.57362,0.543156,0.610138,-0.212679,-0.242579,-0.173675,0.00195312,10,0,0
"ripple_snr,participation",high,low,"ripple_snr=high,participation=low",recipe:farooq_2019_neuron,literature,burst,interval,recall,10,0.0654397,0.0525773,0.0821096,-0.214724,-0.254758,-0.182828,0.00195312,10,0,0
"ripple_snr,participation",high,low,"ripple_snr=high,participation=low",recipe:farooq_2019_science,literature,burst,interval,recall,10,0.0541922,0.0434783,0.0660507,-0.223926,-0.261713,-0.193444,0.00195312,10,0,0
"ripple_snr,participation",high,low,"ripple_snr=high,participation=low",recipe:farooq_2019_science_awake,literature,burst,interval,recall,10,0.0541922,0.0434783,0.0660507,-0.223926,-0.261713,-0.193444,0.00195312,10,0,0
"ripple_snr,participation",high,low,"ripple_snr=high,participation=low",recipe:foster_2006,literature,burst,interval,recall,10,0.00102249,0,0.00302122,-0.147239,-0.172526,-0.125135,0.00195312,10,0,0
"ripple_snr,participation",high,low,"ripple_snr=high,participation=low",recipe:foster_2006_ripples,literature,ripple,interval,recall,10,0.411765,0.379806,0.443397,0.337255,0.309647,0.362606,0.00195312,10,0,0
"ripple_snr,participation",high,low,"ripple_snr=high,participation=low",recipe:gillespie_2021,literature,ripple,interval,recall,10,0.788235,0.774699,0.804082,-0.0392157,-0.0538622,-0.0242339,0.00390625,10,0,0
"ripple_snr,participation",high,low,"ripple_snr=high,participation=low",recipe:gillespie_2021_mua,literature,burst,interval,recall,10,0.708589,0.687931,0.725857,-0.113497,-0.139584,-0.0865957,0.00195312,10,0,0
"ripple_snr,participation",high,low,"ripple_snr=high,participation=low",recipe:gridchyn_2020,literature,burst,interval,recall,10,0.785276,0.767331,0.803611,-0.106339,-0.126777,-0.0842059,0.00195312,10,0,0
"ripple_snr,participation",high,low,"ripple_snr=high,participation=low",recipe:grosmark_2016,literature,network,interval,recall,10,0.252294,0.230492,0.278874,-0.16422,-0.189264,-0.133388,0.00195312,10,0,0
"ripple_snr,participation",high,low,"ripple_snr=high,participation=low",recipe:gupta_2010,literature,ripple,interval,recall,10,0.814706,0.7998,0.832355,0.0147059,0.00110411,0.0260375,0.0859375,10,0,0
"ripple_snr,participation",high,low,"ripple_snr=high,participation=low",recipe:harvey_2023_code,literature,ripple,interval,recall,10,0.434314,0.405352,0.456283,-0.129412,-0.163801,-0.0999,0.00195312,10,0,0
"ripple_snr,participation",high,low,"ripple_snr=high,participation=low",recipe:harvey_2023_no_radiatum,literature,ripple,interval,recall,10,0.457843,0.406792,0.503417,-0.139216,-0.178815,-0.105903,0.00195312,10,0,0
"ripple_snr,participation",high,low,"ripple_snr=high,participation=low",recipe:harvey_2023_text,literature,ripple,interval,recall,10,0.748039,0.72016,0.777256,0.143137,0.118153,0.167864,0.00195312,10,0,0
"ripple_snr,participation",high,low,"ripple_snr=high,participation=low",recipe:huelin_gorriz_2023,literature,network,interval,recall,10,0.242202,0.21759,0.273066,-0.268807,-0.299185,-0.239784,0.00195312,10,0,0
"ripple_snr,participation",high,low,"ripple_snr=high,participation=low",recipe:igata_2021,literature,burst,interval,recall,10,0.876278,0.862484,0.889453,-0.0562372,-0.070467,-0.0420831,0.00195312,10,0,0
"ripple_snr,participation",high,low,"ripple_snr=high,participation=low",recipe:igata_2021_ripples,literature,ripple,interval,recall,10,0.863725,0.846956,0.880447,-0.00882353,-0.019448,0.00104499,0.171875,10,0,0
"ripple_snr,participation",high,low,"ripple_snr=high,participation=low",recipe:jadhav_2016,literature,ripple,interval,recall,10,0.609804,0.580305,0.639532,0.0235294,0.0133562,0.033089,0.0078125,10,0,0
"ripple_snr,participation",high,low,"ripple_snr=high,participation=low",recipe:ji_2007,literature,burst,interval,recall,10,0.533742,0.465043,0.60078,-0.166667,-0.245346,-0.0864461,0.0078125,10,0,0
"ripple_snr,participation",high,low,"ripple_snr=high,participation=low",recipe:ji_2007_ripples,literature,ripple,interval,recall,10,0.119608,0.100795,0.142264,0.114706,0.0951059,0.138556,0.00195312,10,0,0
"ripple_snr,participation",high,low,"ripple_snr=high,participation=low",recipe:kaefer_2020,literature,ripple,interval,recall,10,0.112745,0.098328,0.128768,0.101961,0.0854417,0.119389,0.00195312,10,0,0
"ripple_snr,participation",high,low,"ripple_snr=high,participation=low",recipe:karlsson_2009,literature,ripple,interval,recall,10,0.746078,0.722611,0.769396,0.0215686,0.00400712,0.0383184,0.0390625,10,0,0
"ripple_snr,participation",high,low,"ripple_snr=high,participation=low",recipe:krause_2022,literature,network,interval,recall,10,0.53211,0.510658,0.551634,-0.0880734,-0.107016,-0.0684542,0.00195312,10,0,0
"ripple_snr,participation",high,low,"ripple_snr=high,participation=low",recipe:krause_2022_hse,literature,burst,interval,recall,10,0.700409,0.678639,0.717143,-0.118609,-0.142431,-0.095889,0.00195312,10,0,0
"ripple_snr,participation",high,low,"ripple_snr=high,participation=low",recipe:kudrimoti_1999,literature,ripple,interval,recall,10,0.345098,0.316987,0.373414,0.320588,0.290409,0.351887,0.00195312,10,0,0
"ripple_snr,participation",high,low,"ripple_snr=high,participation=low",recipe:lee_2002,literature,burst,interval,recall,10,0.895706,0.879063,0.912641,-0.0541922,-0.0680863,-0.0396735,0.00195312,10,0,0
"ripple_snr,participation",high,low,"ripple_snr=high,participation=low",recipe:lee_2002_ripples,literature,ripple,interval,recall,10,0.411765,0.379806,0.443397,0.337255,0.309647,0.362606,0.00195312,10,0,0
"ripple_snr,participation",high,low,"ripple_snr=high,participation=low",recipe:liu_2019,literature,burst,interval,recall,10,0.840491,0.817696,0.8635,-0.00306748,-0.0306143,0.0224843,0.894531,10,0,0
"ripple_snr,participation",high,low,"ripple_snr=high,participation=low",recipe:liu_2019_awake,literature,burst,interval,recall,10,0.840491,0.817696,0.8635,-0.00306748,-0.0306143,0.0224843,0.894531,10,0,0
"ripple_snr,participation",high,low,"ripple_snr=high,participation=low",recipe:liu_2023,literature,network,interval,recall,10,0.249541,0.225438,0.275714,-0.181651,-0.204589,-0.16129,0.00195312,10,0,0
"ripple_snr,participation",high,low,"ripple_snr=high,participation=low",recipe:maboudi_2018,literature,burst,interval,recall,10,0.628834,0.607216,0.654883,-0.163599,-0.188318,-0.137688,0.00195312,10,0,0
"ripple_snr,participation",high,low,"ripple_snr=high,participation=low",recipe:maboudi_2018_open_field,literature,burst,interval,recall,10,0.371166,0.343563,0.400827,-0.366053,-0.386614,-0.345412,0.00195312,10,0,0
"ripple_snr,participation",high,low,"ripple_snr=high,participation=low",recipe:mallory_2025,literature,burst,interval,recall,10,0.49182,0.469696,0.51443,-0.267894,-0.295084,-0.239625,0.00195312,10,0,0
"ripple_snr,participation",high,low,"ripple_snr=high,participation=low",recipe:mallory_2025_ripples,literature,ripple,interval,recall,10,0.717647,0.692512,0.74389,0.027451,0.00464848,0.04987,0.0566406,10,0,0
"ripple_snr,participation",high,low,"ripple_snr=high,participation=low",recipe:michon_2019,literature,network,interval,recall,10,0.272477,0.261904,0.284224,0.0220183,-0.00801623,0.0503753,0.167969,10,0,0
"ripple_snr,participation",high,low,"ripple_snr=high,participation=low",recipe:michon_2021,literature,network,interval,recall,10,0.272477,0.261904,0.284224,0.0220183,-0.00801623,0.0503753,0.167969,10,0,0
"ripple_snr,participation",high,low,"ripple_snr=high,participation=low",recipe:mou_2022,literature,burst,interval,recall,10,0.891616,0.870234,0.911676,0.0347648,0.00612014,0.0656109,0.0664062,10,0,0
"ripple_snr,participation",high,low,"ripple_snr=high,participation=low",recipe:muessig_2019,literature,network,interval,recall,10,0.00733945,0.00269772,0.013036,-0.0990826,-0.117372,-0.0809344,0.00195312,10,0,0
"ripple_snr,participation",high,low,"ripple_snr=high,participation=low",recipe:muessig_2019_ripples,literature,ripple,interval,recall,10,0.886275,0.870656,0.901762,0.0107843,-0.00109187,0.0252131,0.171875,10,0,0
"ripple_snr,participation",high,low,"ripple_snr=high,participation=low",recipe:nadasdy_1999,literature,ripple,interval,recall,10,0.653922,0.630996,0.681118,0.192157,0.169882,0.218128,0.00195312,10,0,0
"ripple_snr,participation",high,low,"ripple_snr=high,participation=low",recipe:olafsdottir_2015,literature,burst,interval,recall,10,0.257669,0.231309,0.284818,-0.419223,-0.447595,-0.387896,0.00195312,10,0,0
"ripple_snr,participation",high,low,"ripple_snr=high,participation=low",recipe:olafsdottir_2015.bayesian_candidates,literature,burst,interval,recall,10,0.158487,0.138261,0.17794,-0.453988,-0.480933,-0.432058,0.00195312,10,0,0
"ripple_snr,participation",high,low,"ripple_snr=high,participation=low",recipe:olafsdottir_2016,literature,burst,interval,recall,10,0.093047,0.0736842,0.112809,-0.477505,-0.525583,-0.437925,0.00195312,10,0,0
"ripple_snr,participation",high,low,"ripple_snr=high,participation=low",recipe:olafsdottir_2017,literature,burst,interval,recall,10,0.378323,0.346106,0.411766,-0.382413,-0.41571,-0.350197,0.00195312,10,0,0
"ripple_snr,participation",high,low,"ripple_snr=high,participation=low",recipe:olafsdottir_2017.trajectory,literature,burst,interval,recall,10,0.093047,0.0736842,0.112809,-0.477505,-0.525583,-0.437925,0.00195312,10,0,0
"ripple_snr,participation",high,low,"ripple_snr=high,participation=low",recipe:pfeiffer_2013,literature,burst,interval,recall,10,0.371166,0.343563,0.400827,-0.366053,-0.386614,-0.345412,0.00195312,10,0,0
"ripple_snr,participation",high,low,"ripple_snr=high,participation=low",recipe:pfeiffer_2013_ripples,literature,ripple,interval,recall,10,0.717647,0.694753,0.741904,-0.0107843,-0.0268991,0.012606,0.480469,10,0,0
"ripple_snr,participation",high,low,"ripple_snr=high,participation=low",recipe:pfeiffer_2015,literature,ripple,interval,recall,10,0.717647,0.694753,0.741904,-0.0107843,-0.0268991,0.012606,0.480469,10,0,0
"ripple_snr,participation",high,low,"ripple_snr=high,participation=low",recipe:shin_2019,literature,ripple,interval,recall,10,0.746078,0.722611,0.769396,0.0215686,0.00400712,0.0383184,0.0390625,10,0,0
"ripple_snr,participation",high,low,"ripple_snr=high,participation=low",recipe:silva_2015,literature,burst,interval,recall,10,0.305726,0.278007,0.336882,-0.313906,-0.340756,-0.28353,0.00195312,10,0,0
"ripple_snr,participation",high,low,"ripple_snr=high,participation=low",recipe:stella_2019,literature,ripple,interval,recall,10,0.790196,0.768842,0.811164,0.123529,0.102206,0.144789,0.00195312,10,0,0
"ripple_snr,participation",high,low,"ripple_snr=high,participation=low",recipe:tang_2017,literature,ripple,interval,recall,10,0.746078,0.722611,0.769396,0.0215686,0.00400712,0.0383184,0.0390625,10,0,0
"ripple_snr,participation",high,low,"ripple_snr=high,participation=low",recipe:tirole_2022,literature,network,interval,recall,10,0.242202,0.21759,0.273066,-0.268807,-0.299185,-0.239784,0.00195312,10,0,0
"ripple_snr,participation",high,low,"ripple_snr=high,participation=low",recipe:widloski_2025,literature,ripple,interval,recall,10,0.584314,0.550685,0.620968,0.0764706,0.0556093,0.100094,0.00195312,10,0,0
"ripple_snr,participation",high,low,"ripple_snr=high,participation=low",recipe:widloski_2025_bursts,literature,burst,interval,recall,10,0.40184,0.369252,0.428862,-0.127812,-0.168324,-0.0854333,0.00195312,10,0,0
"ripple_snr,participation",high,low,"ripple_snr=high,participation=low",recipe:wikenheiser_2013,literature,ripple,interval,recall,10,0.822549,0.797917,0.844398,-0.00980392,-0.0251764,0.00772427,0.257812,10,0,0
"ripple_snr,participation",high,low,"ripple_snr=high,participation=low",recipe:wu_2014,literature,burst,interval,recall,10,0.716769,0.682722,0.752343,-0.146217,-0.173428,-0.117874,0.00195312,10,0,0
"ripple_snr,participation",high,low,"ripple_snr=high,participation=low",recipe:wu_2014_ripples,literature,ripple,peak_containment,recall,10,0.864706,0.846231,0.883106,-0.0333333,-0.0505271,-0.0206274,0.00390625,10,0,0
"ripple_snr,participation",high,low,"ripple_snr=high,participation=low",recipe:wu_2017,literature,burst,interval,recall,10,0.284254,0.241588,0.321899,-0.250511,-0.296657,-0.207436,0.00195312,10,0,0
"ripple_snr,participation",high,low,"ripple_snr=high,participation=low",recipe:xu_2019,literature,burst,interval,recall,10,0.43047,0.411398,0.452992,-0.316973,-0.332256,-0.30094,0.00195312,10,0,0
"ripple_snr,participation",high,low,"ripple_snr=high,participation=low",recipe:yamamoto_2017,literature,network,interval,recall,10,0.486239,0.452397,0.517806,-0.0752294,-0.109768,-0.033679,0.00976562,10,0,0
"ripple_snr,participation",high,low,"ripple_snr=high,participation=low",recipe:yang_2024,literature,network,interval,recall,10,0.252294,0.230492,0.278874,-0.16422,-0.189264,-0.133388,0.00195312,10,0,0
"ripple_snr,participation",high,reference,ripple_snr=high,Carey_candidate_detector,default,network,interval,recall,10,0.790826,0.776671,0.806801,-0.0266055,-0.036805,-0.0154827,0.0078125,10,0,0
"ripple_snr,participation",high,reference,ripple_snr=high,Karlsson_ripple_detector,default,ripple,interval,recall,10,0.746078,0.722611,0.769396,0.0215686,0.00400712,0.0383184,0.0390625,10,0,0
"ripple_snr,participation",high,reference,ripple_snr=high,Kay_ripple_detector,default,ripple,interval,recall,10,0.788235,0.774699,0.804082,-0.0392157,-0.0538622,-0.0242339,0.00390625,10,0,0
"ripple_snr,participation",high,reference,ripple_snr=high,Long_sharp_wave_ripple_detector,default,ripple,interval,recall,10,0.748039,0.730968,0.766033,0.0578431,0.0358849,0.0795463,0.00390625,10,0,0
"ripple_snr,participation",high,reference,ripple_snr=high,Roumis_ripple_detector,default,ripple,interval,recall,10,0.789216,0.773914,0.806664,-0.0392157,-0.054002,-0.024229,0.00390625,10,0,0
"ripple_snr,participation",high,reference,ripple_snr=high,Shvartsman_ripple_detector,default,ripple,interval,recall,10,0.741176,0.717241,0.765896,0.077451,0.0604021,0.0923386,0.00195312,10,0,0
"ripple_snr,participation",high,reference,ripple_snr=high,Yu_ripple_detector,default,ripple,interval,recall,10,0.844118,0.830115,0.860285,-0.00392157,-0.0122304,0.00668689,0.527344,10,0,0
"ripple_snr,participation",high,reference,ripple_snr=high,Zugaro_ripple_detector,default,ripple,interval,recall,10,0.757843,0.729225,0.787065,0.0823529,0.0667231,0.100312,0.00195312,10,0,0
"ripple_snr,participation",high,reference,ripple_snr=high,multiunit_HSE_detector,default,burst,interval,recall,10,0.931493,0.917158,0.948138,0,0,0,1,10,0,0
"ripple_snr,participation",high,reference,ripple_snr=high,recipe:ambrose_2016,literature,ripple,interval,recall,10,0.717647,0.694753,0.741904,-0.0107843,-0.0268991,0.012606,0.480469,10,0,0
"ripple_snr,participation",high,reference,ripple_snr=high,recipe:bendor_2012,literature,burst,interval,recall,10,0.669734,0.643002,0.697931,0,0,0,1,10,0,0
"ripple_snr,participation",high,reference,ripple_snr=high,recipe:berners_lee_2021,literature,ripple,interval,recall,10,0.739216,0.720345,0.761859,-0.0509804,-0.0662654,-0.0353154,0.00390625,10,0,0
"ripple_snr,participation",high,reference,ripple_snr=high,recipe:berners_lee_2022,literature,burst,interval,recall,10,0.683027,0.657603,0.710964,0,0,0,1,10,0,0
"ripple_snr,participation",high,reference,ripple_snr=high,recipe:bhattarai_2020,literature,network,interval,recall,10,0.444954,0.427696,0.464085,0.0614679,0.0512322,0.0730787,0.00195312,10,0,0
"ripple_snr,participation",high,reference,ripple_snr=high,recipe:bhattarai_2020_ripples,literature,ripple,interval,recall,10,0.536275,0.509998,0.563767,0.0715686,0.0618656,0.081854,0.00195312,10,0,0
"ripple_snr,participation",high,reference,ripple_snr=high,recipe:bush_2022,literature,burst,interval,recall,10,0.630879,0.597014,0.668706,0,0,0,1,10,0,0
"ripple_snr,participation",high,reference,ripple_snr=high,recipe:carey_2019,literature,network,interval,recall,10,0.827523,0.808876,0.847104,0.00183486,-0.0094004,0.0132969,0.804688,10,0,0
"ripple_snr,participation",high,reference,ripple_snr=high,recipe:carr_2012,literature,ripple,interval,recall,10,0.746078,0.722611,0.769396,0.0215686,0.00400712,0.0383184,0.0390625,10,0,0
"ripple_snr,participation",high,reference,ripple_snr=high,recipe:chenani_2019,literature,burst,interval,recall,10,0.686094,0.665608,0.709887,0,0,0,1,10,0,0
"ripple_snr,participation",high,reference,ripple_snr=high,recipe:davidson_2009,literature,burst,interval,recall,10,0.801636,0.785994,0.820324,0,0,0,1,10,0,0
"ripple_snr,participation",high,reference,ripple_snr=high,recipe:davidson_2009_ripples,literature,ripple,peak_containment,recall,10,0.85,0.828516,0.871364,-0.0254902,-0.0452281,-0.00939696,0.0234375,10,0,0
"ripple_snr,participation",high,reference,ripple_snr=high,recipe:denovellis_2021,literature,ripple,interval,recall,10,0.8,0.787401,0.814583,-0.0284314,-0.0387167,-0.0172927,0.00390625,10,0,0
"ripple_snr,participation",high,reference,ripple_snr=high,recipe:denovellis_2021_mua,literature,burst,interval,recall,10,0.93047,0.916838,0.946485,0,0,0,1,10,0,0
"ripple_snr,participation",high,reference,ripple_snr=high,recipe:diba_2007,literature,burst,interval,recall,10,0.256646,0.22654,0.287224,0,0,0,1,10,0,0
"ripple_snr,participation",high,reference,ripple_snr=high,recipe:drieu_2018,literature,burst,interval,recall,10,0.786299,0.775775,0.797509,0,0,0,1,10,0,0
"ripple_snr,participation",high,reference,ripple_snr=high,recipe:farooq_2019_neuron,literature,burst,interval,recall,10,0.280164,0.243652,0.32154,0,0,0,1,10,0,0
"ripple_snr,participation",high,reference,ripple_snr=high,recipe:farooq_2019_science,literature,burst,interval,recall,10,0.278119,0.242423,0.318476,0,0,0,1,10,0,0
"ripple_snr,participation",high,reference,ripple_snr=high,recipe:farooq_2019_science_awake,literature,burst,interval,recall,10,0.278119,0.242423,0.318476,0,0,0,1,10,0,0
"ripple_snr,participation",high,reference,ripple_snr=high,recipe:foster_2006,literature,burst,interval,recall,10,0.148262,0.127082,0.172862,0,0,0,1,10,0,0
"ripple_snr,participation",high,reference,ripple_snr=high,recipe:foster_2006_ripples,literature,ripple,interval,recall,10,0.411765,0.379806,0.443397,0.337255,0.309647,0.362606,0.00195312,10,0,0
"ripple_snr,participation",high,reference,ripple_snr=high,recipe:gillespie_2021,literature,ripple,interval,recall,10,0.788235,0.774699,0.804082,-0.0392157,-0.0538622,-0.0242339,0.00390625,10,0,0
"ripple_snr,participation",high,reference,ripple_snr=high,recipe:gillespie_2021_mua,literature,burst,interval,recall,10,0.822086,0.803179,0.839827,0,0,0,1,10,0,0
"ripple_snr,participation",high,reference,ripple_snr=high,recipe:gridchyn_2020,literature,burst,interval,recall,10,0.891616,0.874123,0.907524,0,0,0,1,10,0,0
"ripple_snr,participation",high,reference,ripple_snr=high,recipe:grosmark_2016,literature,network,interval,recall,10,0.484404,0.460986,0.509948,0.0678899,0.0583798,0.079474,0.00195312,10,0,0
"ripple_snr,participation",high,reference,ripple_snr=high,recipe:gupta_2010,literature,ripple,interval,recall,10,0.814706,0.7998,0.832355,0.0147059,0.00110411,0.0260375,0.0859375,10,0,0
"ripple_snr,participation",high,reference,ripple_snr=high,recipe:harvey_2023_code,literature,ripple,interval,recall,10,0.616667,0.591382,0.640818,0.0529412,0.0343467,0.0711743,0.00390625,10,0,0
"ripple_snr,participation",high,reference,ripple_snr=high,recipe:harvey_2023_no_radiatum,literature,ripple,interval,recall,10,0.638235,0.618127,0.658746,0.0411765,0.0188274,0.0613787,0.015625,10,0,0
"ripple_snr,participation",high,reference,ripple_snr=high,recipe:harvey_2023_text,literature,ripple,interval,recall,10,0.748039,0.72016,0.777256,0.143137,0.118153,0.167864,0.00195312,10,0,0
"ripple_snr,participation",high,reference,ripple_snr=high,recipe:huelin_gorriz_2023,literature,network,interval,recall,10,0.517431,0.492134,0.543089,0.00642202,-0.00759788,0.0216652,0.570312,10,0,0
"ripple_snr,participation",high,reference,ripple_snr=high,recipe:igata_2021,literature,burst,interval,recall,10,0.932515,0.917901,0.949156,0,0,0,1,10,0,0
"ripple_snr,participation",high,reference,ripple_snr=high,recipe:igata_2021_ripples,literature,ripple,interval,recall,10,0.863725,0.846956,0.880447,-0.00882353,-0.019448,0.00104499,0.171875,10,0,0
"ripple_snr,participation",high,reference,ripple_snr=high,recipe:jadhav_2016,literature,ripple,interval,recall,10,0.609804,0.580305,0.639532,0.0235294,0.0133562,0.033089,0.0078125,10,0,0
"ripple_snr,participation",high,reference,ripple_snr=high,recipe:ji_2007,literature,burst,interval,recall,10,0.700409,0.6305,0.748675,0,0,0,1,10,0,0
"ripple_snr,participation",high,reference,ripple_snr=high,recipe:ji_2007_ripples,literature,ripple,interval,recall,10,0.119608,0.100795,0.142264,0.114706,0.0951059,0.138556,0.00195312,10,0,0
"ripple_snr,participation",high,reference,ripple_snr=high,recipe:kaefer_2020,literature,ripple,interval,recall,10,0.112745,0.098328,0.128768,0.101961,0.0854417,0.119389,0.00195312,10,0,0
"ripple_snr,participation",high,reference,ripple_snr=high,recipe:karlsson_2009,literature,ripple,interval,recall,10,0.746078,0.722611,0.769396,0.0215686,0.00400712,0.0383184,0.0390625,10,0,0
"ripple_snr,participation",high,reference,ripple_snr=high,recipe:krause_2022,literature,network,interval,recall,10,0.63211,0.605973,0.658206,0.0119266,0.00179994,0.0233268,0.046875,10,0,0
"ripple_snr,participation",high,reference,ripple_snr=high,recipe:krause_2022_hse,literature,burst,interval,recall,10,0.819018,0.797725,0.839959,0,0,0,1,10,0,0
"ripple_snr,participation",high,reference,ripple_snr=high,recipe:kudrimoti_1999,literature,ripple,interval,recall,10,0.345098,0.316987,0.373414,0.320588,0.290409,0.351887,0.00195312,10,0,0
"ripple_snr,participation",high,reference,ripple_snr=high,recipe:lee_2002,literature,burst,interval,recall,10,0.949898,0.943786,0.955603,0,0,0,1,10,0,0
"ripple_snr,participation",high,reference,ripple_snr=high,recipe:lee_2002_ripples,literature,ripple,interval,recall,10,0.411765,0.379806,0.443397,0.337255,0.309647,0.362606,0.00195312,10,0,0
"ripple_snr,participation",high,reference,ripple_snr=high,recipe:liu_2019,literature,burst,interval,recall,10,0.843558,0.811187,0.87384,0,0,0,1,10,0,0
"ripple_snr,participation",high,reference,ripple_snr=high,recipe:liu_2019_awake,literature,burst,interval,recall,10,0.843558,0.811187,0.87384,0,0,0,1,10,0,0
"ripple_snr,participation",high,reference,ripple_snr=high,recipe:liu_2023,literature,network,interval,recall,10,0.46055,0.443048,0.478619,0.0293578,0.0183482,0.0407794,0.0078125,10,0,0
"ripple_snr,participation",high,reference,ripple_snr=high,recipe:maboudi_2018,literature,burst,interval,recall,10,0.792434,0.774162,0.811442,0,0,0,1,10,0,0
"ripple_snr,participation",high,reference,ripple_snr=high,recipe:maboudi_2018_open_field,literature,burst,interval,recall,10,0.737219,0.716188,0.761011,0,0,0,1,10,0,0
"ripple_snr,participation",high,reference,ripple_snr=high,recipe:mallory_2025,literature,burst,interval,recall,10,0.759714,0.740078,0.779609,0,0,0,1,10,0,0
"ripple_snr,participation",high,reference,ripple_snr=high,recipe:mallory_2025_ripples,literature,ripple,interval,recall,10,0.717647,0.692512,0.74389,0.027451,0.00464848,0.04987,0.0566406,10,0,0
"ripple_snr,participation",high,reference,ripple_snr=high,recipe:michon_2019,literature,network,interval,recall,10,0.365138,0.344247,0.389952,0.114679,0.0931454,0.136926,0.00195312,10,0,0
"ripple_snr,participation",high,reference,ripple_snr=high,recipe:michon_2021,literature,network,interval,recall,10,0.365138,0.344247,0.389952,0.114679,0.0931454,0.136926,0.00195312,10,0,0
"ripple_snr,participation",high,reference,ripple_snr=high,recipe:mou_2022,literature,burst,interval,recall,10,0.856851,0.829681,0.882724,0,0,0,1,10,0,0
"ripple_snr,participation",high,reference,ripple_snr=high,recipe:muessig_2019,literature,network,interval,recall,10,0.108257,0.0945674,0.122395,0.00183486,-0.00179533,0.00554554,0.375,10,0,0
"ripple_snr,participation",high,reference,ripple_snr=high,recipe:muessig_2019_ripples,literature,ripple,interval,recall,10,0.886275,0.870656,0.901762,0.0107843,-0.00109187,0.0252131,0.171875,10,0,0
"ripple_snr,participation",high,reference,ripple_snr=high,recipe:nadasdy_1999,literature,ripple,interval,recall,10,0.653922,0.630996,0.681118,0.192157,0.169882,0.218128,0.00195312,10,0,0
"ripple_snr,participation",high,reference,ripple_snr=high,recipe:olafsdottir_2015,literature,burst,interval,recall,10,0.676892,0.654822,0.69798,0,0,0,1,10,0,0
"ripple_snr,participation",high,reference,ripple_snr=high,recipe:olafsdottir_2015.bayesian_candidates,literature,burst,interval,recall,10,0.612474,0.58635,0.641136,0,0,0,1,10,0,0
"ripple_snr,participation",high,reference,ripple_snr=high,recipe:olafsdottir_2016,literature,burst,interval,recall,10,0.570552,0.539077,0.609091,0,0,0,1,10,0,0
"ripple_snr,participation",high,reference,ripple_snr=high,recipe:olafsdottir_2017,literature,burst,interval,recall,10,0.760736,0.745657,0.775992,0,0,0,1,10,0,0
"ripple_snr,participation",high,reference,ripple_snr=high,recipe:olafsdottir_2017.trajectory,literature,burst,interval,recall,10,0.570552,0.539077,0.609091,0,0,0,1,10,0,0
"ripple_snr,participation",high,reference,ripple_snr=high,recipe:pfeiffer_2013,literature,burst,interval,recall,10,0.737219,0.716188,0.761011,0,0,0,1,10,0,0
"ripple_snr,participation",high,reference,ripple_snr=high,recipe:pfeiffer_2013_ripples,literature,ripple,interval,recall,10,0.717647,0.694753,0.741904,-0.0107843,-0.0268991,0.012606,0.480469,10,0,0
"ripple_snr,participation",high,reference,ripple_snr=high,recipe:pfeiffer_2015,literature,ripple,interval,recall,10,0.717647,0.694753,0.741904,-0.0107843,-0.0268991,0.012606,0.480469,10,0,0
"ripple_snr,participation",high,reference,ripple_snr=high,recipe:shin_2019,literature,ripple,interval,recall,10,0.746078,0.722611,0.769396,0.0215686,0.00400712,0.0383184,0.0390625,10,0,0
"ripple_snr,participation",high,reference,ripple_snr=high,recipe:silva_2015,literature,burst,interval,recall,10,0.619632,0.590956,0.648278,0,0,0,1,10,0,0
"ripple_snr,participation",high,reference,ripple_snr=high,recipe:stella_2019,literature,ripple,interval,recall,10,0.790196,0.768842,0.811164,0.123529,0.102206,0.144789,0.00195312,10,0,0
"ripple_snr,participation",high,reference,ripple_snr=high,recipe:tang_2017,literature,ripple,interval,recall,10,0.746078,0.722611,0.769396,0.0215686,0.00400712,0.0383184,0.0390625,10,0,0
"ripple_snr,participation",high,reference,ripple_snr=high,recipe:tirole_2022,literature,network,interval,recall,10,0.517431,0.492134,0.543089,0.00642202,-0.00759788,0.0216652,0.570312,10,0,0
"ripple_snr,participation",high,reference,ripple_snr=high,recipe:widloski_2025,literature,ripple,interval,recall,10,0.584314,0.550685,0.620968,0.0764706,0.0556093,0.100094,0.00195312,10,0,0
"ripple_snr,participation",high,reference,ripple_snr=high,recipe:widloski_2025_bursts,literature,burst,interval,recall,10,0.529652,0.491013,0.571436,0,0,0,1,10,0,0
"ripple_snr,participation",high,reference,ripple_snr=high,recipe:wikenheiser_2013,literature,ripple,interval,recall,10,0.822549,0.797917,0.844398,-0.00980392,-0.0251764,0.00772427,0.257812,10,0,0
"ripple_snr,participation",high,reference,ripple_snr=high,recipe:wu_2014,literature,burst,interval,recall,10,0.862986,0.848921,0.877469,0,0,0,1,10,0,0
"ripple_snr,participation",high,reference,ripple_snr=high,recipe:wu_2014_ripples,literature,ripple,peak_containment,recall,10,0.864706,0.846231,0.883106,-0.0333333,-0.0505271,-0.0206274,0.00390625,10,0,0
"ripple_snr,participation",high,reference,ripple_snr=high,recipe:wu_2017,literature,burst,interval,recall,10,0.534765,0.509803,0.559125,0,0,0,1,10,0,0
"ripple_snr,participation",high,reference,ripple_snr=high,recipe:xu_2019,literature,burst,interval,recall,10,0.747444,0.729037,0.765482,0,0,0,1,10,0,0
"ripple_snr,participation",high,reference,ripple_snr=high,recipe:yamamoto_2017,literature,network,interval,recall,10,0.565138,0.53744,0.597368,0.00366972,-0.00373285,0.0124521,0.375,10,0,0
"ripple_snr,participation",high,reference,ripple_snr=high,recipe:yang_2024,literature,network,interval,recall,10,0.484404,0.460986,0.509948,0.0678899,0.0583798,0.079474,0.00195312,10,0,0
"ripple_snr,participation",high,high,"ripple_snr=high,participation=high",Carey_candidate_detector,default,network,interval,recall,10,0.799083,0.772683,0.824812,-0.0183486,-0.0447241,0.00931186,0.261719,10,0,0
"ripple_snr,participation",high,high,"ripple_snr=high,participation=high",Karlsson_ripple_detector,default,ripple,interval,recall,10,0.746078,0.722611,0.769396,0.0215686,0.00400712,0.0383184,0.0390625,10,0,0
"ripple_snr,participation",high,high,"ripple_snr=high,participation=high",Kay_ripple_detector,default,ripple,interval,recall,10,0.788235,0.774699,0.804082,-0.0392157,-0.0538622,-0.0242339,0.00390625,10,0,0
"ripple_snr,participation",high,high,"ripple_snr=high,participation=high",Long_sharp_wave_ripple_detector,default,ripple,interval,recall,10,0.748039,0.730968,0.766033,0.0578431,0.0358849,0.0795463,0.00390625,10,0,0
"ripple_snr,participation",high,high,"ripple_snr=high,participation=high",Roumis_ripple_detector,default,ripple,interval,recall,10,0.789216,0.773914,0.806664,-0.0392157,-0.054002,-0.024229,0.00390625,10,0,0
"ripple_snr,participation",high,high,"ripple_snr=high,participation=high",Shvartsman_ripple_detector,default,ripple,interval,recall,10,0.741176,0.717241,0.765896,0.077451,0.0604021,0.0923386,0.00195312,10,0,0
"ripple_snr,participation",high,high,"ripple_snr=high,participation=high",Yu_ripple_detector,default,ripple,interval,recall,10,0.844118,0.830115,0.860285,-0.00392157,-0.0122304,0.00668689,0.527344,10,0,0
"ripple_snr,participation",high,high,"ripple_snr=high,participation=high",Zugaro_ripple_detector,default,ripple,interval,recall,10,0.757843,0.729225,0.787065,0.0823529,0.0667231,0.100312,0.00195312,10,0,0
"ripple_snr,participation",high,high,"ripple_snr=high,participation=high",multiunit_HSE_detector,default,burst,interval,recall,10,0.957055,0.947479,0.966952,0.0255624,0.00302977,0.0452283,0.0625,10,0,0
"ripple_snr,participation",high,high,"ripple_snr=high,participation=high",recipe:ambrose_2016,literature,ripple,interval,recall,10,0.717647,0.694753,0.741904,-0.0107843,-0.0268991,0.012606,0.480469,10,0,0
"ripple_snr,participation",high,high,"ripple_snr=high,participation=high",recipe:bendor_2012,literature,burst,interval,recall,10,0.775051,0.759,0.79208,0.105317,0.0686767,0.143155,0.00195312,10,0,0
"ripple_snr,participation",high,high,"ripple_snr=high,participation=high",recipe:berners_lee_2021,literature,ripple,interval,recall,10,0.739216,0.720345,0.761859,-0.0509804,-0.0662654,-0.0353154,0.00390625,10,0,0
"ripple_snr,participation",high,high,"ripple_snr=high,participation=high",recipe:berners_lee_2022,literature,burst,interval,recall,10,0.759714,0.737923,0.784772,0.0766871,0.0442753,0.103308,0.00585938,10,0,0
"ripple_snr,participation",high,high,"ripple_snr=high,participation=high",recipe:bhattarai_2020,literature,network,interval,recall,10,0.545872,0.519266,0.575001,0.162385,0.140519,0.185803,0.00195312,10,0,0
"ripple_snr,participation",high,high,"ripple_snr=high,participation=high",recipe:bhattarai_2020_ripples,literature,ripple,interval,recall,10,0.644118,0.617809,0.671925,0.179412,0.151208,0.206861,0.00195312,10,0,0
"ripple_snr,participation",high,high,"ripple_snr=high,participation=high",recipe:bush_2022,literature,burst,interval,recall,10,0.804703,0.7852,0.824422,0.173824,0.130979,0.215729,0.00195312,10,0,0
"ripple_snr,participation",high,high,"ripple_snr=high,participation=high",recipe:carey_2019,literature,network,interval,recall,10,0.846789,0.829379,0.863014,0.0211009,0.00452878,0.0401786,0.0429688,10,0,0
"ripple_snr,participation",high,high,"ripple_snr=high,participation=high",recipe:carr_2012,literature,ripple,interval,recall,10,0.746078,0.722611,0.769396,0.0215686,0.00400712,0.0383184,0.0390625,10,0,0
"ripple_snr,participation",high,high,"ripple_snr=high,participation=high",recipe:chenani_2019,literature,burst,interval,recall,10,0.802658,0.774921,0.829081,0.116564,0.0782011,0.152918,0.00390625,10,0,0
"ripple_snr,participation",high,high,"ripple_snr=high,participation=high",recipe:davidson_2009,literature,burst,interval,recall,10,0.865031,0.836397,0.893531,0.0633947,0.0325602,0.0936562,0.00585938,10,0,0
"ripple_snr,participation",high,high,"ripple_snr=high,participation=high",recipe:davidson_2009_ripples,literature,ripple,peak_containment,recall,10,0.85,0.828516,0.871364,-0.0254902,-0.0452281,-0.00939696,0.0234375,10,0,0
"ripple_snr,participation",high,high,"ripple_snr=high,participation=high",recipe:denovellis_2021,literature,ripple,interval,recall,10,0.8,0.787401,0.814583,-0.0284314,-0.0387167,-0.0172927,0.00390625,10,0,0
"ripple_snr,participation",high,high,"ripple_snr=high,participation=high",recipe:denovellis_2021_mua,literature,burst,interval,recall,10,0.958078,0.948969,0.9673,0.0276074,0.00507601,0.0465882,0.0429688,10,0,0
"ripple_snr,participation",high,high,"ripple_snr=high,participation=high",recipe:diba_2007,literature,burst,interval,recall,10,0.555215,0.528736,0.577077,0.298569,0.272921,0.324753,0.00195312,10,0,0
"ripple_snr,participation",high,high,"ripple_snr=high,participation=high",recipe:drieu_2018,literature,burst,interval,recall,10,0.833333,0.808375,0.858025,0.0470348,0.0200767,0.0731039,0.0078125,10,0,0
"ripple_snr,participation",high,high,"ripple_snr=high,participation=high",recipe:farooq_2019_neuron,literature,burst,interval,recall,10,0.389571,0.361029,0.42111,0.109407,0.0739521,0.140691,0.00390625,10,0,0
"ripple_snr,participation",high,high,"ripple_snr=high,participation=high",recipe:farooq_2019_science,literature,burst,interval,recall,10,0.389571,0.361029,0.42111,0.111452,0.0772529,0.141865,0.00390625,10,0,0
"ripple_snr,participation",high,high,"ripple_snr=high,participation=high",recipe:farooq_2019_science_awake,literature,burst,interval,recall,10,0.389571,0.361029,0.42111,0.111452,0.0772529,0.141865,0.00390625,10,0,0
"ripple_snr,participation",high,high,"ripple_snr=high,participation=high",recipe:foster_2006,literature,burst,interval,recall,10,0.469325,0.429457,0.504651,0.321063,0.29244,0.346559,0.00195312,10,0,0
"ripple_snr,participation",high,high,"ripple_snr=high,participation=high",recipe:foster_2006_ripples,literature,ripple,interval,recall,10,0.411765,0.379806,0.443397,0.337255,0.309647,0.362606,0.00195312,10,0,0
"ripple_snr,participation",high,high,"ripple_snr=high,participation=high",recipe:gillespie_2021,literature,ripple,interval,recall,10,0.788235,0.774699,0.804082,-0.0392157,-0.0538622,-0.0242339,0.00390625,10,0,0
"ripple_snr,participation",high,high,"ripple_snr=high,participation=high",recipe:gillespie_2021_mua,literature,burst,interval,recall,10,0.883436,0.860279,0.908531,0.0613497,0.028777,0.0929043,0.00976562,10,0,0
"ripple_snr,participation",high,high,"ripple_snr=high,participation=high",recipe:gridchyn_2020,literature,burst,interval,recall,10,0.945808,0.931382,0.959661,0.0541922,0.0325185,0.07628,0.0078125,10,0,0
"ripple_snr,participation",high,high,"ripple_snr=high,participation=high",recipe:grosmark_2016,literature,network,interval,recall,10,0.559633,0.534613,0.585109,0.143119,0.116405,0.174154,0.00195312,10,0,0
"ripple_snr,participation",high,high,"ripple_snr=high,participation=high",recipe:gupta_2010,literature,ripple,interval,recall,10,0.814706,0.7998,0.832355,0.0147059,0.00110411,0.0260375,0.0859375,10,0,0
"ripple_snr,participation",high,high,"ripple_snr=high,participation=high",recipe:harvey_2023_code,literature,ripple,interval,recall,10,0.687255,0.674157,0.699513,0.123529,0.10673,0.139535,0.00195312,10,0,0
"ripple_snr,participation",high,high,"ripple_snr=high,participation=high",recipe:harvey_2023_no_radiatum,literature,ripple,interval,recall,10,0.695098,0.675272,0.718252,0.0980392,0.0791871,0.117887,0.00195312,10,0,0
"ripple_snr,participation",high,high,"ripple_snr=high,participation=high",recipe:harvey_2023_text,literature,ripple,interval,recall,10,0.748039,0.72016,0.777256,0.143137,0.118153,0.167864,0.00195312,10,0,0
"ripple_snr,participation",high,high,"ripple_snr=high,participation=high",recipe:huelin_gorriz_2023,literature,network,interval,recall,10,0.6,0.576853,0.623359,0.0889908,0.0634917,0.114156,0.00195312,10,0,0
"ripple_snr,participation",high,high,"ripple_snr=high,participation=high",recipe:igata_2021,literature,burst,interval,recall,10,0.95501,0.94246,0.966703,0.0224949,-0.00391438,0.0430753,0.109375,10,0,0
"ripple_snr,participation",high,high,"ripple_snr=high,participation=high",recipe:igata_2021_ripples,literature,ripple,interval,recall,10,0.863725,0.846956,0.880447,-0.00882353,-0.019448,0.00104499,0.171875,10,0,0
"ripple_snr,participation",high,high,"ripple_snr=high,participation=high",recipe:jadhav_2016,literature,ripple,interval,recall,10,0.609804,0.580305,0.639532,0.0235294,0.0133562,0.033089,0.0078125,10,0,0
"ripple_snr,participation",high,high,"ripple_snr=high,participation=high",recipe:ji_2007,literature,burst,interval,recall,10,0.814928,0.776986,0.854526,0.114519,0.0447844,0.200823,0.015625,10,0,0
"ripple_snr,participation",high,high,"ripple_snr=high,participation=high",recipe:ji_2007_ripples,literature,ripple,interval,recall,10,0.119608,0.100795,0.142264,0.114706,0.0951059,0.138556,0.00195312,10,0,0
"ripple_snr,participation",high,high,"ripple_snr=high,participation=high",recipe:kaefer_2020,literature,ripple,interval,recall,10,0.112745,0.098328,0.128768,0.101961,0.0854417,0.119389,0.00195312,10,0,0
"ripple_snr,participation",high,high,"ripple_snr=high,participation=high",recipe:karlsson_2009,literature,ripple,interval,recall,10,0.746078,0.722611,0.769396,0.0215686,0.00400712,0.0383184,0.0390625,10,0,0
"ripple_snr,participation",high,high,"ripple_snr=high,participation=high",recipe:krause_2022,literature,network,interval,recall,10,0.647706,0.622215,0.675779,0.0275229,0.0148339,0.0417865,0.0078125,10,0,0
"ripple_snr,participation",high,high,"ripple_snr=high,participation=high",recipe:krause_2022_hse,literature,burst,interval,recall,10,0.879346,0.855467,0.905022,0.0603272,0.0242651,0.0930507,0.015625,10,0,0
"ripple_snr,participation",high,high,"ripple_snr=high,participation=high",recipe:kudrimoti_1999,literature,ripple,interval,recall,10,0.345098,0.316987,0.373414,0.320588,0.290409,0.351887,0.00195312,10,0,0
"ripple_snr,participation",high,high,"ripple_snr=high,participation=high",recipe:lee_2002,literature,burst,interval,recall,10,0.947853,0.938031,0.958203,-0.00204499,-0.011067,0.00703769,0.789062,10,0,0
"ripple_snr,participation",high,high,"ripple_snr=high,participation=high",recipe:lee_2002_ripples,literature,ripple,interval,recall,10,0.411765,0.379806,0.443397,0.337255,0.309647,0.362606,0.00195312,10,0,0
"ripple_snr,participation",high,high,"ripple_snr=high,participation=high",recipe:liu_2019,literature,burst,interval,recall,10,0.821063,0.785228,0.857147,-0.0224949,-0.0564113,0.0141466,0.3125,10,0,0
"ripple_snr,participation",high,high,"ripple_snr=high,participation=high",recipe:liu_2019_awake,literature,burst,interval,recall,10,0.821063,0.785228,0.857147,-0.0224949,-0.0564113,0.0141466,0.3125,10,0,0
"ripple_snr,participation",high,high,"ripple_snr=high,participation=high",recipe:liu_2023,literature,network,interval,recall,10,0.5,0.474669,0.525028,0.0688073,0.0526799,0.0847632,0.00195312,10,0,0
"ripple_snr,participation",high,high,"ripple_snr=high,participation=high",recipe:maboudi_2018,literature,burst,interval,recall,10,0.866053,0.846459,0.886558,0.0736196,0.0490377,0.0988677,0.00195312,10,0,0
"ripple_snr,participation",high,high,"ripple_snr=high,participation=high",recipe:maboudi_2018_open_field,literature,burst,interval,recall,10,0.832311,0.81431,0.849282,0.095092,0.0732683,0.116357,0.00195312,10,0,0
"ripple_snr,participation",high,high,"ripple_snr=high,participation=high",recipe:mallory_2025,literature,burst,interval,recall,10,0.840491,0.819783,0.861315,0.0807771,0.0556652,0.104592,0.00390625,10,0,0
"ripple_snr,participation",high,high,"ripple_snr=high,participation=high",recipe:mallory_2025_ripples,literature,ripple,interval,recall,10,0.717647,0.692512,0.74389,0.027451,0.00464848,0.04987,0.0566406,10,0,0
"ripple_snr,participation",high,high,"ripple_snr=high,participation=high",recipe:michon_2019,literature,network,interval,recall,10,0.421101,0.401668,0.439509,0.170642,0.144849,0.195308,0.00195312,10,0,0
"ripple_snr,participation",high,high,"ripple_snr=high,participation=high",recipe:michon_2021,literature,network,interval,recall,10,0.421101,0.401668,0.439509,0.170642,0.144849,0.195308,0.00195312,10,0,0
"ripple_snr,participation",high,high,"ripple_snr=high,participation=high",recipe:mou_2022,literature,burst,interval,recall,10,0.856851,0.827041,0.889243,0,-0.0395959,0.0387308,0.996094,10,0,0
"ripple_snr,participation",high,high,"ripple_snr=high,participation=high",recipe:muessig_2019,literature,network,interval,recall,10,0.180734,0.16809,0.194625,0.0743119,0.0614669,0.0876886,0.00195312,10,0,0
"ripple_snr,participation",high,high,"ripple_snr=high,participation=high",recipe:muessig_2019_ripples,literature,ripple,interval,recall,10,0.886275,0.870656,0.901762,0.0107843,-0.00109187,0.0252131,0.171875,10,0,0
"ripple_snr,participation",high,high,"ripple_snr=high,participation=high",recipe:nadasdy_1999,literature,ripple,interval,recall,10,0.653922,0.630996,0.681118,0.192157,0.169882,0.218128,0.00195312,10,0,0
"ripple_snr,participation",high,high,"ripple_snr=high,participation=high",recipe:olafsdottir_2015,literature,burst,interval,recall,10,0.807771,0.783471,0.832645,0.130879,0.0928069,0.169216,0.00195312,10,0,0
"ripple_snr,participation",high,high,"ripple_snr=high,participation=high",recipe:olafsdottir_2015.bayesian_candidates,literature,burst,interval,recall,10,0.776074,0.749755,0.801849,0.163599,0.131548,0.197552,0.00195312,10,0,0
"ripple_snr,participation",high,high,"ripple_snr=high,participation=high",recipe:olafsdottir_2016,literature,burst,interval,recall,10,0.789366,0.764576,0.814932,0.218814,0.171904,0.266078,0.00195312,10,0,0
"ripple_snr,participation",high,high,"ripple_snr=high,participation=high",recipe:olafsdottir_2017,literature,burst,interval,recall,10,0.842536,0.824764,0.859316,0.0817996,0.0616353,0.101626,0.00195312,10,0,0
"ripple_snr,participation",high,high,"ripple_snr=high,participation=high",recipe:olafsdottir_2017.trajectory,literature,burst,interval,recall,10,0.789366,0.764576,0.814932,0.218814,0.171904,0.266078,0.00195312,10,0,0
"ripple_snr,participation",high,high,"ripple_snr=high,participation=high",recipe:pfeiffer_2013,literature,burst,interval,recall,10,0.832311,0.81431,0.849282,0.095092,0.0732683,0.116357,0.00195312,10,0,0
"ripple_snr,participation",high,high,"ripple_snr=high,participation=high",recipe:pfeiffer_2013_ripples,literature,ripple,interval,recall,10,0.717647,0.694753,0.741904,-0.0107843,-0.0268991,0.012606,0.480469,10,0,0
"ripple_snr,participation",high,high,"ripple_snr=high,participation=high",recipe:pfeiffer_2015,literature,ripple,interval,recall,10,0.717647,0.694753,0.741904,-0.0107843,-0.0268991,0.012606,0.480469,10,0,0
"ripple_snr,participation",high,high,"ripple_snr=high,participation=high",recipe:shin_2019,literature,ripple,interval,recall,10,0.746078,0.722611,0.769396,0.0215686,0.00400712,0.0383184,0.0390625,10,0,0
"ripple_snr,participation",high,high,"ripple_snr=high,participation=high",recipe:silva_2015,literature,burst,interval,recall,10,0.701431,0.676922,0.727723,0.0817996,0.0600538,0.104296,0.00195312,10,0,0
"ripple_snr,participation",high,high,"ripple_snr=high,participation=high",recipe:stella_2019,literature,ripple,interval,recall,10,0.790196,0.768842,0.811164,0.123529,0.102206,0.144789,0.00195312,10,0,0
"ripple_snr,participation",high,high,"ripple_snr=high,participation=high",recipe:tang_2017,literature,ripple,interval,recall,10,0.746078,0.722611,0.769396,0.0215686,0.00400712,0.0383184,0.0390625,10,0,0
"ripple_snr,participation",high,high,"ripple_snr=high,participation=high",recipe:tirole_2022,literature,network,interval,recall,10,0.6,0.576853,0.623359,0.0889908,0.0634917,0.114156,0.00195312,10,0,0
"ripple_snr,participation",high,high,"ripple_snr=high,participation=high",recipe:widloski_2025,literature,ripple,interval,recall,10,0.584314,0.550685,0.620968,0.0764706,0.0556093,0.100094,0.00195312,10,0,0
"ripple_snr,participation",high,high,"ripple_snr=high,participation=high",recipe:widloski_2025_bursts,literature,burst,interval,recall,10,0.597137,0.563248,0.627413,0.0674847,0.0306503,0.107045,0.0078125,10,0,0
"ripple_snr,participation",high,high,"ripple_snr=high,participation=high",recipe:wikenheiser_2013,literature,ripple,interval,recall,10,0.822549,0.797917,0.844398,-0.00980392,-0.0251764,0.00772427,0.257812,10,0,0
"ripple_snr,participation",high,high,"ripple_snr=high,participation=high",recipe:wu_2014,literature,burst,interval,recall,10,0.876278,0.858881,0.892859,0.0132924,-0.00715969,0.0329713,0.251953,10,0,0
"ripple_snr,participation",high,high,"ripple_snr=high,participation=high",recipe:wu_2014_ripples,literature,ripple,peak_containment,recall,10,0.864706,0.846231,0.883106,-0.0333333,-0.0505271,-0.0206274,0.00390625,10,0,0
"ripple_snr,participation",high,high,"ripple_snr=high,participation=high",recipe:wu_2017,literature,burst,interval,recall,10,0.741309,0.718502,0.764228,0.206544,0.165796,0.241888,0.00195312,10,0,0
"ripple_snr,participation",high,high,"ripple_snr=high,participation=high",recipe:xu_2019,literature,burst,interval,recall,10,0.834356,0.814115,0.854234,0.0869121,0.0560741,0.116435,0.00195312,10,0,0
"ripple_snr,participation",high,high,"ripple_snr=high,participation=high",recipe:yamamoto_2017,literature,network,interval,recall,10,0.609174,0.589088,0.634617,0.0477064,0.0286469,0.0724829,0.00195312,10,0,0
"ripple_snr,participation",high,high,"ripple_snr=high,participation=high",recipe:yang_2024,literature,network,interval,recall,10,0.559633,0.534613,0.585109,0.143119,0.116405,0.174154,0.00195312,10,0,0
"ripple_snr,spike_leakage_rate",low,0,"ripple_snr=low,spike_leakage_rate=0",Carey_candidate_detector,default,network,interval,recall,10,0.827523,0.818348,0.834897,0.0100917,-0.00464263,0.0215454,0.230469,10,0,0
"ripple_snr,spike_leakage_rate",low,0,"ripple_snr=low,spike_leakage_rate=0",Karlsson_ripple_detector,default,ripple,interval,recall,10,0.390196,0.359347,0.423309,-0.334314,-0.362198,-0.301381,0.00195312,10,0,0
"ripple_snr,spike_leakage_rate",low,0,"ripple_snr=low,spike_leakage_rate=0",Kay_ripple_detector,default,ripple,interval,recall,10,0.645098,0.612203,0.680486,-0.182353,-0.214809,-0.145143,0.00195312,10,0,0
"ripple_snr,spike_leakage_rate",low,0,"ripple_snr=low,spike_leakage_rate=0",Long_sharp_wave_ripple_detector,default,ripple,interval,recall,10,0.506863,0.483302,0.531448,-0.183333,-0.201876,-0.164133,0.00195312,10,0,0
"ripple_snr,spike_leakage_rate",low,0,"ripple_snr=low,spike_leakage_rate=0",Roumis_ripple_detector,default,ripple,interval,recall,10,0.659804,0.629305,0.694771,-0.168627,-0.198582,-0.135888,0.00195312,10,0,0
"ripple_snr,spike_leakage_rate",low,0,"ripple_snr=low,spike_leakage_rate=0",Shvartsman_ripple_detector,default,ripple,interval,recall,10,0.226471,0.196906,0.254258,-0.437255,-0.45912,-0.414069,0.00195312,10,0,0
"ripple_snr,spike_leakage_rate",low,0,"ripple_snr=low,spike_leakage_rate=0",Yu_ripple_detector,default,ripple,interval,recall,10,0.65,0.6048,0.694831,-0.198039,-0.233034,-0.163564,0.00195312,10,0,0
"ripple_snr,spike_leakage_rate",low,0,"ripple_snr=low,spike_leakage_rate=0",Zugaro_ripple_detector,default,ripple,interval,recall,10,0.221569,0.174379,0.261772,-0.453922,-0.493002,-0.416349,0.00195312,10,0,0
"ripple_snr,spike_leakage_rate",low,0,"ripple_snr=low,spike_leakage_rate=0",multiunit_HSE_detector,default,burst,interval,recall,10,0.925358,0.911961,0.940764,-0.00613497,-0.0142861,0.00101523,0.25,10,0,0
"ripple_snr,spike_leakage_rate",low,0,"ripple_snr=low,spike_leakage_rate=0",recipe:ambrose_2016,literature,ripple,interval,recall,10,0.562745,0.515369,0.612878,-0.165686,-0.204553,-0.123967,0.00195312,10,0,0
"ripple_snr,spike_leakage_rate",low,0,"ripple_snr=low,spike_leakage_rate=0",recipe:bendor_2012,literature,burst,interval,recall,10,0.684049,0.655945,0.71337,0.0143149,0.0079994,0.0220612,0.0078125,10,0,0
"ripple_snr,spike_leakage_rate",low,0,"ripple_snr=low,spike_leakage_rate=0",recipe:berners_lee_2021,literature,ripple,interval,recall,10,0.721569,0.678769,0.764775,-0.0686275,-0.0977652,-0.0394737,0.0078125,10,0,0
"ripple_snr,spike_leakage_rate",low,0,"ripple_snr=low,spike_leakage_rate=0",recipe:berners_lee_2022,literature,burst,interval,recall,10,0.691207,0.657086,0.725617,0.00817996,-0.0128844,0.0295034,0.453125,10,0,0
"ripple_snr,spike_leakage_rate",low,0,"ripple_snr=low,spike_leakage_rate=0",recipe:bhattarai_2020,literature,network,interval,recall,10,0.093578,0.0712246,0.112904,-0.289908,-0.314181,-0.267246,0.00195312,10,0,0
"ripple_snr,spike_leakage_rate",low,0,"ripple_snr=low,spike_leakage_rate=0",recipe:bhattarai_2020_ripples,literature,ripple,interval,recall,10,0.116667,0.0878693,0.142299,-0.348039,-0.373666,-0.324951,0.00195312,10,0,0
"ripple_snr,spike_leakage_rate",low,0,"ripple_snr=low,spike_leakage_rate=0",recipe:bush_2022,literature,burst,interval,recall,10,0.634969,0.607569,0.667692,0.00408998,-0.00517103,0.015658,0.515625,10,0,0
"ripple_snr,spike_leakage_rate",low,0,"ripple_snr=low,spike_leakage_rate=0",recipe:carey_2019,literature,network,interval,recall,10,0.821101,0.80948,0.832851,-0.00458716,-0.0163521,0.00749801,0.5,10,0,0
"ripple_snr,spike_leakage_rate",low,0,"ripple_snr=low,spike_leakage_rate=0",recipe:carr_2012,literature,ripple,interval,recall,10,0.390196,0.359347,0.423309,-0.334314,-0.362198,-0.301381,0.00195312,10,0,0
"ripple_snr,spike_leakage_rate",low,0,"ripple_snr=low,spike_leakage_rate=0",recipe:chenani_2019,literature,burst,interval,recall,10,0.694274,0.674128,0.713713,0.00817996,-0.00489776,0.0212095,0.210938,10,0,0
"ripple_snr,spike_leakage_rate",low,0,"ripple_snr=low,spike_leakage_rate=0",recipe:davidson_2009,literature,burst,interval,recall,10,0.804703,0.781702,0.826136,0.00306748,-0.0137403,0.0201275,0.703125,10,0,0
"ripple_snr,spike_leakage_rate",low,0,"ripple_snr=low,spike_leakage_rate=0",recipe:davidson_2009_ripples,literature,ripple,peak_containment,recall,10,0.714706,0.665391,0.759169,-0.160784,-0.200005,-0.124528,0.00195312,10,0,0
"ripple_snr,spike_leakage_rate",low,0,"ripple_snr=low,spike_leakage_rate=0",recipe:denovellis_2021,literature,ripple,interval,recall,10,0.62451,0.593721,0.655173,-0.203922,-0.23187,-0.171649,0.00195312,10,0,0
"ripple_snr,spike_leakage_rate",low,0,"ripple_snr=low,spike_leakage_rate=0",recipe:denovellis_2021_mua,literature,burst,interval,recall,10,0.925358,0.912075,0.940283,-0.00511247,-0.0114476,0.00104937,0.234375,10,0,0
"ripple_snr,spike_leakage_rate",low,0,"ripple_snr=low,spike_leakage_rate=0",recipe:diba_2007,literature,burst,interval,recall,10,0.255624,0.226317,0.284394,-0.00102249,-0.00929776,0.00626321,0.875,10,0,0
"ripple_snr,spike_leakage_rate",low,0,"ripple_snr=low,spike_leakage_rate=0",recipe:drieu_2018,literature,burst,interval,recall,10,0.803681,0.789085,0.81878,0.0173824,0.00813008,0.0285722,0.015625,10,0,0
"ripple_snr,spike_leakage_rate",low,0,"ripple_snr=low,spike_leakage_rate=0",recipe:farooq_2019_neuron,literature,burst,interval,recall,10,0.295501,0.26793,0.325879,0.0153374,0.0010101,0.0323664,0.109375,10,0,0
"ripple_snr,spike_leakage_rate",low,0,"ripple_snr=low,spike_leakage_rate=0",recipe:farooq_2019_science,literature,burst,interval,recall,10,0.291411,0.263527,0.32158,0.0132924,0,0.0296526,0.136719,10,0,0
"ripple_snr,spike_leakage_rate",low,0,"ripple_snr=low,spike_leakage_rate=0",recipe:farooq_2019_science_awake,literature,burst,interval,recall,10,0.291411,0.263527,0.32158,0.0132924,0,0.0296526,0.136719,10,0,0
"ripple_snr,spike_leakage_rate",low,0,"ripple_snr=low,spike_leakage_rate=0",recipe:foster_2006,literature,burst,interval,recall,10,0.143149,0.123152,0.163812,-0.00511247,-0.0164279,0.00848273,0.539062,10,0,0
"ripple_snr,spike_leakage_rate",low,0,"ripple_snr=low,spike_leakage_rate=0",recipe:foster_2006_ripples,literature,ripple,interval,recall,10,0.00392157,0.000975562,0.00705663,-0.0705882,-0.0832538,-0.057598,0.00195312,10,0,0
"ripple_snr,spike_leakage_rate",low,0,"ripple_snr=low,spike_leakage_rate=0",recipe:gillespie_2021,literature,ripple,interval,recall,10,0.645098,0.612203,0.680486,-0.182353,-0.214809,-0.145143,0.00195312,10,0,0
"ripple_snr,spike_leakage_rate",low,0,"ripple_snr=low,spike_leakage_rate=0",recipe:gillespie_2021_mua,literature,burst,interval,recall,10,0.825153,0.804639,0.846939,0.00306748,-0.014449,0.0210799,0.726562,10,0,0
"ripple_snr,spike_leakage_rate",low,0,"ripple_snr=low,spike_leakage_rate=0",recipe:gridchyn_2020,literature,burst,interval,recall,10,0.895706,0.876106,0.914286,0.00408998,-0.00706483,0.0154643,0.480469,10,0,0
"ripple_snr,spike_leakage_rate",low,0,"ripple_snr=low,spike_leakage_rate=0",recipe:grosmark_2016,literature,network,interval,recall,10,0.173394,0.14477,0.201907,-0.243119,-0.260912,-0.226291,0.00195312,10,0,0
"ripple_snr,spike_leakage_rate",low,0,"ripple_snr=low,spike_leakage_rate=0",recipe:gupta_2010,literature,ripple,interval,recall,10,0.726471,0.693816,0.761859,-0.0735294,-0.0949504,-0.0559367,0.00195312,10,0,0
"ripple_snr,spike_leakage_rate",low,0,"ripple_snr=low,spike_leakage_rate=0",recipe:harvey_2023_code,literature,ripple,interval,recall,10,0.413725,0.392846,0.43871,-0.15,-0.166823,-0.131914,0.00195312,10,0,0
"ripple_snr,spike_leakage_rate",low,0,"ripple_snr=low,spike_leakage_rate=0",recipe:harvey_2023_no_radiatum,literature,ripple,interval,recall,10,0.390196,0.351177,0.428138,-0.206863,-0.23308,-0.17786,0.00195312,10,0,0
"ripple_snr,spike_leakage_rate",low,0,"ripple_snr=low,spike_leakage_rate=0",recipe:harvey_2023_text,literature,ripple,interval,recall,10,0.177451,0.150683,0.202832,-0.427451,-0.468043,-0.390056,0.00195312,10,0,0
"ripple_snr,spike_leakage_rate",low,0,"ripple_snr=low,spike_leakage_rate=0",recipe:huelin_gorriz_2023,literature,network,interval,recall,10,0.386239,0.365469,0.408318,-0.124771,-0.149469,-0.104606,0.00195312,10,0,0
"ripple_snr,spike_leakage_rate",low,0,"ripple_snr=low,spike_leakage_rate=0",recipe:igata_2021,literature,burst,interval,recall,10,0.93047,0.916244,0.946466,-0.00204499,-0.00652192,0.00210532,0.40625,10,0,0
"ripple_snr,spike_leakage_rate",low,0,"ripple_snr=low,spike_leakage_rate=0",recipe:igata_2021_ripples,literature,ripple,interval,recall,10,0.702941,0.676614,0.72755,-0.169608,-0.202062,-0.140267,0.00195312,10,0,0
"ripple_snr,spike_leakage_rate",low,0,"ripple_snr=low,spike_leakage_rate=0",recipe:jadhav_2016,literature,ripple,interval,recall,10,0.341176,0.308292,0.376143,-0.245098,-0.27219,-0.215409,0.00195312,10,0,0
"ripple_snr,spike_leakage_rate",low,0,"ripple_snr=low,spike_leakage_rate=0",recipe:ji_2007,literature,burst,interval,recall,10,0.737219,0.702911,0.768827,0.0368098,-0.0132417,0.0980208,0.220703,10,0,0
"ripple_snr,spike_leakage_rate",low,0,"ripple_snr=low,spike_leakage_rate=0",recipe:ji_2007_ripples,literature,ripple,interval,recall,10,0.00294118,0,0.00578063,-0.00196078,-0.0045209,0,0.5,10,0,0
"ripple_snr,spike_leakage_rate",low,0,"ripple_snr=low,spike_leakage_rate=0",recipe:kaefer_2020,literature,ripple,interval,recall,10,0.00392157,0.000998004,0.00684262,-0.00686275,-0.0107854,-0.00307992,0.03125,10,0,0
"ripple_snr,spike_leakage_rate",low,0,"ripple_snr=low,spike_leakage_rate=0",recipe:karlsson_2009,literature,ripple,interval,recall,10,0.390196,0.359347,0.423309,-0.334314,-0.362198,-0.301381,0.00195312,10,0,0
"ripple_snr,spike_leakage_rate",low,0,"ripple_snr=low,spike_leakage_rate=0",recipe:krause_2022,literature,network,interval,recall,10,0.465138,0.425138,0.501413,-0.155046,-0.184989,-0.124113,0.00195312,10,0,0
"ripple_snr,spike_leakage_rate",low,0,"ripple_snr=low,spike_leakage_rate=0",recipe:krause_2022_hse,literature,burst,interval,recall,10,0.821063,0.800785,0.841152,0.00204499,-0.00722432,0.0134443,0.625,10,0,0
"ripple_snr,spike_leakage_rate",low,0,"ripple_snr=low,spike_leakage_rate=0",recipe:kudrimoti_1999,literature,ripple,interval,recall,10,0,0,0,-0.0245098,-0.0338271,-0.0174466,0.00195312,10,0,0
"ripple_snr,spike_leakage_rate",low,0,"ripple_snr=low,spike_leakage_rate=0",recipe:lee_2002,literature,burst,interval,recall,10,0.952965,0.939733,0.964576,0.00306748,-0.00634937,0.0119763,0.6875,10,0,0
"ripple_snr,spike_leakage_rate",low,0,"ripple_snr=low,spike_leakage_rate=0",recipe:lee_2002_ripples,literature,ripple,interval,recall,10,0.00392157,0.000975562,0.00705663,-0.0705882,-0.0832538,-0.057598,0.00195312,10,0,0
"ripple_snr,spike_leakage_rate",low,0,"ripple_snr=low,spike_leakage_rate=0",recipe:liu_2019,literature,burst,interval,recall,10,0.843558,0.816219,0.871319,0,-0.00904545,0.00944411,0.90625,10,0,0
"ripple_snr,spike_leakage_rate",low,0,"ripple_snr=low,spike_leakage_rate=0",recipe:liu_2019_awake,literature,burst,interval,recall,10,0.843558,0.816219,0.871319,0,-0.00904545,0.00944411,0.90625,10,0,0
"ripple_snr,spike_leakage_rate",low,0,"ripple_snr=low,spike_leakage_rate=0",recipe:liu_2023,literature,network,interval,recall,10,0.334862,0.311444,0.359145,-0.0963303,-0.11837,-0.0720379,0.00195312,10,0,0
"ripple_snr,spike_leakage_rate",low,0,"ripple_snr=low,spike_leakage_rate=0",recipe:maboudi_2018,literature,burst,interval,recall,10,0.797546,0.778983,0.815681,0.00511247,-0.00584983,0.0167209,0.40625,10,0,0
"ripple_snr,spike_leakage_rate",low,0,"ripple_snr=low,spike_leakage_rate=0",recipe:maboudi_2018_open_field,literature,burst,interval,recall,10,0.743354,0.727079,0.759534,0.00613497,-0.00504058,0.01719,0.382812,10,0,0
"ripple_snr,spike_leakage_rate",low,0,"ripple_snr=low,spike_leakage_rate=0",recipe:mallory_2025,literature,burst,interval,recall,10,0.775051,0.753578,0.796893,0.0153374,0.0062046,0.0236223,0.0234375,10,0,0
"ripple_snr,spike_leakage_rate",low,0,"ripple_snr=low,spike_leakage_rate=0",recipe:mallory_2025_ripples,literature,ripple,interval,recall,10,0.437255,0.398048,0.469744,-0.252941,-0.282366,-0.228821,0.00195312,10,0,0
"ripple_snr,spike_leakage_rate",low,0,"ripple_snr=low,spike_leakage_rate=0",recipe:michon_2019,literature,network,interval,recall,10,0.0110092,0.00627198,0.0160833,-0.23945,-0.264625,-0.21486,0.00195312,10,0,0
"ripple_snr,spike_leakage_rate",low,0,"ripple_snr=low,spike_leakage_rate=0",recipe:michon_2021,literature,network,interval,recall,10,0.0110092,0.00627198,0.0160833,-0.23945,-0.264625,-0.21486,0.00195312,10,0,0
"ripple_snr,spike_leakage_rate",low,0,"ripple_snr=low,spike_leakage_rate=0",recipe:mou_2022,literature,burst,interval,recall,10,0.852761,0.826941,0.877321,-0.00408998,-0.0255109,0.0188334,0.867188,10,0,0
"ripple_snr,spike_leakage_rate",low,0,"ripple_snr=low,spike_leakage_rate=0",recipe:muessig_2019,literature,network,interval,recall,10,0.093578,0.0793916,0.108615,-0.012844,-0.02213,-0.00289289,0.03125,10,0,0
"ripple_snr,spike_leakage_rate",low,0,"ripple_snr=low,spike_leakage_rate=0",recipe:muessig_2019_ripples,literature,ripple,interval,recall,10,0.704902,0.689587,0.71901,-0.170588,-0.191576,-0.147453,0.00195312,10,0,0
"ripple_snr,spike_leakage_rate",low,0,"ripple_snr=low,spike_leakage_rate=0",recipe:nadasdy_1999,literature,ripple,interval,recall,10,0.0568627,0.045783,0.0670219,-0.404902,-0.431682,-0.381279,0.00195312,10,0,0
"ripple_snr,spike_leakage_rate",low,0,"ripple_snr=low,spike_leakage_rate=0",recipe:olafsdottir_2015,literature,burst,interval,recall,10,0.683027,0.661939,0.703751,0.00613497,-0.00619211,0.0170179,0.382812,10,0,0
"ripple_snr,spike_leakage_rate",low,0,"ripple_snr=low,spike_leakage_rate=0",recipe:olafsdottir_2015.bayesian_candidates,literature,burst,interval,recall,10,0.615542,0.587673,0.646339,0.00306748,-0.00619835,0.0121957,0.515625,10,0,0
"ripple_snr,spike_leakage_rate",low,0,"ripple_snr=low,spike_leakage_rate=0",recipe:olafsdottir_2016,literature,burst,interval,recall,10,0.57362,0.543568,0.60951,0.00306748,-0.0141443,0.0204962,0.730469,10,0,0
"ripple_snr,spike_leakage_rate",low,0,"ripple_snr=low,spike_leakage_rate=0",recipe:olafsdottir_2017,literature,burst,interval,recall,10,0.752556,0.740233,0.76569,-0.00817996,-0.0173915,0.00197433,0.128906,10,0,0
"ripple_snr,spike_leakage_rate",low,0,"ripple_snr=low,spike_leakage_rate=0",recipe:olafsdottir_2017.trajectory,literature,burst,interval,recall,10,0.57362,0.543568,0.60951,0.00306748,-0.0141443,0.0204962,0.730469,10,0,0
"ripple_snr,spike_leakage_rate",low,0,"ripple_snr=low,spike_leakage_rate=0",recipe:pfeiffer_2013,literature,burst,interval,recall,10,0.743354,0.727079,0.759534,0.00613497,-0.00504058,0.01719,0.382812,10,0,0
"ripple_snr,spike_leakage_rate",low,0,"ripple_snr=low,spike_leakage_rate=0",recipe:pfeiffer_2013_ripples,literature,ripple,interval,recall,10,0.562745,0.515369,0.612878,-0.165686,-0.204553,-0.123967,0.00195312,10,0,0
"ripple_snr,spike_leakage_rate",low,0,"ripple_snr=low,spike_leakage_rate=0",recipe:pfeiffer_2015,literature,ripple,interval,recall,10,0.559804,0.514472,0.60807,-0.168627,-0.205307,-0.129649,0.00195312,10,0,0
"ripple_snr,spike_leakage_rate",low,0,"ripple_snr=low,spike_leakage_rate=0",recipe:shin_2019,literature,ripple,interval,recall,10,0.390196,0.359347,0.423309,-0.334314,-0.362198,-0.301381,0.00195312,10,0,0
"ripple_snr,spike_leakage_rate",low,0,"ripple_snr=low,spike_leakage_rate=0",recipe:silva_2015,literature,burst,interval,recall,10,0.625767,0.597006,0.656835,0.00613497,-0.011285,0.0219783,0.457031,10,0,0
"ripple_snr,spike_leakage_rate",low,0,"ripple_snr=low,spike_leakage_rate=0",recipe:stella_2019,literature,ripple,interval,recall,10,0.218627,0.189453,0.252296,-0.448039,-0.476383,-0.41902,0.00195312,10,0,0
"ripple_snr,spike_leakage_rate",low,0,"ripple_snr=low,spike_leakage_rate=0",recipe:tang_2017,literature,ripple,interval,recall,10,0.390196,0.359347,0.423309,-0.334314,-0.362198,-0.301381,0.00195312,10,0,0
"ripple_snr,spike_leakage_rate",low,0,"ripple_snr=low,spike_leakage_rate=0",recipe:tirole_2022,literature,network,interval,recall,10,0.386239,0.365469,0.408318,-0.124771,-0.149469,-0.104606,0.00195312,10,0,0
"ripple_snr,spike_leakage_rate",low,0,"ripple_snr=low,spike_leakage_rate=0",recipe:widloski_2025,literature,ripple,interval,recall,10,0.25,0.213048,0.28128,-0.257843,-0.28688,-0.230767,0.00195312,10,0,0
"ripple_snr,spike_leakage_rate",low,0,"ripple_snr=low,spike_leakage_rate=0",recipe:widloski_2025_bursts,literature,burst,interval,recall,10,0.535787,0.497059,0.57624,0.00613497,-0.0030091,0.0146598,0.183594,10,0,0
"ripple_snr,spike_leakage_rate",low,0,"ripple_snr=low,spike_leakage_rate=0",recipe:wikenheiser_2013,literature,ripple,interval,recall,10,0.79902,0.770992,0.828059,-0.0333333,-0.039355,-0.0264208,0.00195312,10,0,0
"ripple_snr,spike_leakage_rate",low,0,"ripple_snr=low,spike_leakage_rate=0",recipe:wu_2014,literature,burst,interval,recall,10,0.871166,0.855466,0.886875,0.00817996,0,0.0172074,0.140625,10,0,0
"ripple_snr,spike_leakage_rate",low,0,"ripple_snr=low,spike_leakage_rate=0",recipe:wu_2014_ripples,literature,ripple,peak_containment,recall,10,0.791176,0.754326,0.827448,-0.106863,-0.134375,-0.0807432,0.00195312,10,0,0
"ripple_snr,spike_leakage_rate",low,0,"ripple_snr=low,spike_leakage_rate=0",recipe:wu_2017,literature,burst,interval,recall,10,0.538855,0.511851,0.56657,0.00408998,-0.0224267,0.0318624,0.734375,10,0,0
"ripple_snr,spike_leakage_rate",low,0,"ripple_snr=low,spike_leakage_rate=0",recipe:xu_2019,literature,burst,interval,recall,10,0.763804,0.749734,0.77665,0.0163599,0.00520793,0.0280745,0.046875,10,0,0
"ripple_snr,spike_leakage_rate",low,0,"ripple_snr=low,spike_leakage_rate=0",recipe:yamamoto_2017,literature,network,interval,recall,10,0.399083,0.363397,0.429252,-0.162385,-0.201662,-0.127418,0.00195312,10,0,0
"ripple_snr,spike_leakage_rate",low,0,"ripple_snr=low,spike_leakage_rate=0",recipe:yang_2024,literature,network,interval,recall,10,0.173394,0.14477,0.201907,-0.243119,-0.260912,-0.226291,0.00195312,10,0,0
"ripple_snr,spike_leakage_rate",low,reference,ripple_snr=low,Carey_candidate_detector,default,network,interval,recall,10,0.831193,0.816496,0.848401,0.0137615,0.0055862,0.0214973,0.015625,10,0,0
"ripple_snr,spike_leakage_rate",low,reference,ripple_snr=low,Karlsson_ripple_detector,default,ripple,interval,recall,10,0.392157,0.361699,0.424702,-0.332353,-0.360592,-0.298801,0.00195312,10,0,0
"ripple_snr,spike_leakage_rate",low,reference,ripple_snr=low,Kay_ripple_detector,default,ripple,interval,recall,10,0.65,0.617373,0.685497,-0.177451,-0.210686,-0.138723,0.00195312,10,0,0
"ripple_snr,spike_leakage_rate",low,reference,ripple_snr=low,Long_sharp_wave_ripple_detector,default,ripple,interval,recall,10,0.505882,0.480516,0.530853,-0.184314,-0.204609,-0.164363,0.00195312,10,0,0
"ripple_snr,spike_leakage_rate",low,reference,ripple_snr=low,Roumis_ripple_detector,default,ripple,interval,recall,10,0.660784,0.629305,0.697034,-0.167647,-0.197997,-0.133728,0.00195312,10,0,0
"ripple_snr,spike_leakage_rate",low,reference,ripple_snr=low,Shvartsman_ripple_detector,default,ripple,interval,recall,10,0.226471,0.199051,0.252865,-0.437255,-0.458496,-0.415636,0.00195312,10,0,0
"ripple_snr,spike_leakage_rate",low,reference,ripple_snr=low,Yu_ripple_detector,default,ripple,interval,recall,10,0.651961,0.603859,0.698764,-0.196078,-0.233191,-0.16019,0.00195312,10,0,0
"ripple_snr,spike_leakage_rate",low,reference,ripple_snr=low,Zugaro_ripple_detector,default,ripple,interval,recall,10,0.233333,0.193639,0.26583,-0.442157,-0.470402,-0.409998,0.00195312,10,0,0
"ripple_snr,spike_leakage_rate",low,reference,ripple_snr=low,multiunit_HSE_detector,default,burst,interval,recall,10,0.931493,0.917158,0.948138,0,0,0,1,10,0,0
"ripple_snr,spike_leakage_rate",low,reference,ripple_snr=low,recipe:ambrose_2016,literature,ripple,interval,recall,10,0.564706,0.518009,0.61634,-0.163725,-0.202569,-0.121454,0.00195312,10,0,0
"ripple_snr,spike_leakage_rate",low,reference,ripple_snr=low,recipe:bendor_2012,literature,burst,interval,recall,10,0.669734,0.643002,0.697931,0,0,0,1,10,0,0
"ripple_snr,spike_leakage_rate",low,reference,ripple_snr=low,recipe:berners_lee_2021,literature,ripple,interval,recall,10,0.72451,0.684781,0.763658,-0.0656863,-0.0925761,-0.0396497,0.00390625,10,0,0
"ripple_snr,spike_leakage_rate",low,reference,ripple_snr=low,recipe:berners_lee_2022,literature,burst,interval,recall,10,0.683027,0.657603,0.710964,0,0,0,1,10,0,0
"ripple_snr,spike_leakage_rate",low,reference,ripple_snr=low,recipe:bhattarai_2020,literature,network,interval,recall,10,0.10367,0.0804708,0.122625,-0.279817,-0.307621,-0.255933,0.00195312,10,0,0
"ripple_snr,spike_leakage_rate",low,reference,ripple_snr=low,recipe:bhattarai_2020_ripples,literature,ripple,interval,recall,10,0.12549,0.096325,0.151759,-0.339216,-0.370004,-0.314557,0.00195312,10,0,0
"ripple_snr,spike_leakage_rate",low,reference,ripple_snr=low,recipe:bush_2022,literature,burst,interval,recall,10,0.630879,0.597014,0.668706,0,0,0,1,10,0,0
"ripple_snr,spike_leakage_rate",low,reference,ripple_snr=low,recipe:carey_2019,literature,network,interval,recall,10,0.822936,0.80429,0.841621,-0.00275229,-0.00718133,0.00174134,0.25,10,0,0
"ripple_snr,spike_leakage_rate",low,reference,ripple_snr=low,recipe:carr_2012,literature,ripple,interval,recall,10,0.392157,0.361699,0.424702,-0.332353,-0.360592,-0.298801,0.00195312,10,0,0
"ripple_snr,spike_leakage_rate",low,reference,ripple_snr=low,recipe:chenani_2019,literature,burst,interval,recall,10,0.686094,0.665608,0.709887,0,0,0,1,10,0,0
"ripple_snr,spike_leakage_rate",low,reference,ripple_snr=low,recipe:davidson_2009,literature,burst,interval,recall,10,0.801636,0.785994,0.820324,0,0,0,1,10,0,0
"ripple_snr,spike_leakage_rate",low,reference,ripple_snr=low,recipe:davidson_2009_ripples,literature,ripple,peak_containment,recall,10,0.716667,0.671952,0.758729,-0.158824,-0.195582,-0.125224,0.00195312,10,0,0
"ripple_snr,spike_leakage_rate",low,reference,ripple_snr=low,recipe:denovellis_2021,literature,ripple,interval,recall,10,0.627451,0.596132,0.657922,-0.20098,-0.228997,-0.169012,0.00195312,10,0,0
"ripple_snr,spike_leakage_rate",low,reference,ripple_snr=low,recipe:denovellis_2021_mua,literature,burst,interval,recall,10,0.93047,0.916838,0.946485,0,0,0,1,10,0,0
"ripple_snr,spike_leakage_rate",low,reference,ripple_snr=low,recipe:diba_2007,literature,burst,interval,recall,10,0.256646,0.22654,0.287224,0,0,0,1,10,0,0
"ripple_snr,spike_leakage_rate",low,reference,ripple_snr=low,recipe:drieu_2018,literature,burst,interval,recall,10,0.786299,0.775775,0.797509,0,0,0,1,10,0,0
"ripple_snr,spike_leakage_rate",low,reference,ripple_snr=low,recipe:farooq_2019_neuron,literature,burst,interval,recall,10,0.280164,0.243652,0.32154,0,0,0,1,10,0,0
"ripple_snr,spike_leakage_rate",low,reference,ripple_snr=low,recipe:farooq_2019_science,literature,burst,interval,recall,10,0.278119,0.242423,0.318476,0,0,0,1,10,0,0
"ripple_snr,spike_leakage_rate",low,reference,ripple_snr=low,recipe:farooq_2019_science_awake,literature,burst,interval,recall,10,0.278119,0.242423,0.318476,0,0,0,1,10,0,0
"ripple_snr,spike_leakage_rate",low,reference,ripple_snr=low,recipe:foster_2006,literature,burst,interval,recall,10,0.148262,0.127082,0.172862,0,0,0,1,10,0,0
"ripple_snr,spike_leakage_rate",low,reference,ripple_snr=low,recipe:foster_2006_ripples,literature,ripple,interval,recall,10,0.00392157,0.000975562,0.00705663,-0.0705882,-0.0832538,-0.057598,0.00195312,10,0,0
"ripple_snr,spike_leakage_rate",low,reference,ripple_snr=low,recipe:gillespie_2021,literature,ripple,interval,recall,10,0.65,0.617373,0.685497,-0.177451,-0.210686,-0.138723,0.00195312,10,0,0
"ripple_snr,spike_leakage_rate",low,reference,ripple_snr=low,recipe:gillespie_2021_mua,literature,burst,interval,recall,10,0.822086,0.803179,0.839827,0,0,0,1,10,0,0
"ripple_snr,spike_leakage_rate",low,reference,ripple_snr=low,recipe:gridchyn_2020,literature,burst,interval,recall,10,0.891616,0.874123,0.907524,0,0,0,1,10,0,0
"ripple_snr,spike_leakage_rate",low,reference,ripple_snr=low,recipe:grosmark_2016,literature,network,interval,recall,10,0.179817,0.154275,0.206928,-0.236697,-0.254333,-0.221272,0.00195312,10,0,0
"ripple_snr,spike_leakage_rate",low,reference,ripple_snr=low,recipe:gupta_2010,literature,ripple,interval,recall,10,0.723529,0.691664,0.759723,-0.0764706,-0.0978684,-0.0584193,0.00195312,10,0,0
"ripple_snr,spike_leakage_rate",low,reference,ripple_snr=low,recipe:harvey_2023_code,literature,ripple,interval,recall,10,0.412745,0.391663,0.438691,-0.15098,-0.168022,-0.13354,0.00195312,10,0,0
"ripple_snr,spike_leakage_rate",low,reference,ripple_snr=low,recipe:harvey_2023_no_radiatum,literature,ripple,interval,recall,10,0.382353,0.341489,0.423855,-0.214706,-0.243296,-0.184185,0.00195312,10,0,0
"ripple_snr,spike_leakage_rate",low,reference,ripple_snr=low,recipe:harvey_2023_text,literature,ripple,interval,recall,10,0.177451,0.150683,0.202832,-0.427451,-0.468043,-0.390056,0.00195312,10,0,0
"ripple_snr,spike_leakage_rate",low,reference,ripple_snr=low,recipe:huelin_gorriz_2023,literature,network,interval,recall,10,0.379817,0.357829,0.404695,-0.131193,-0.153707,-0.112207,0.00195312,10,0,0
"ripple_snr,spike_leakage_rate",low,reference,ripple_snr=low,recipe:igata_2021,literature,burst,interval,recall,10,0.932515,0.917901,0.949156,0,0,0,1,10,0,0
"ripple_snr,spike_leakage_rate",low,reference,ripple_snr=low,recipe:igata_2021_ripples,literature,ripple,interval,recall,10,0.703922,0.677384,0.72852,-0.168627,-0.201058,-0.138806,0.00195312,10,0,0
"ripple_snr,spike_leakage_rate",low,reference,ripple_snr=low,recipe:jadhav_2016,literature,ripple,interval,recall,10,0.340196,0.306977,0.374892,-0.246078,-0.274149,-0.214282,0.00195312,10,0,0
"ripple_snr,spike_leakage_rate",low,reference,ripple_snr=low,recipe:ji_2007,literature,burst,interval,recall,10,0.700409,0.6305,0.748675,0,0,0,1,10,0,0
"ripple_snr,spike_leakage_rate",low,reference,ripple_snr=low,recipe:ji_2007_ripples,literature,ripple,interval,recall,10,0.00196078,0,0.0046998,-0.00294118,-0.00558711,-0.000930082,0.25,10,0,0
"ripple_snr,spike_leakage_rate",low,reference,ripple_snr=low,recipe:kaefer_2020,literature,ripple,interval,recall,10,0.00392157,0.000998004,0.00684262,-0.00686275,-0.0107854,-0.00307992,0.03125,10,0,0
"ripple_snr,spike_leakage_rate",low,reference,ripple_snr=low,recipe:karlsson_2009,literature,ripple,interval,recall,10,0.392157,0.361699,0.424702,-0.332353,-0.360592,-0.298801,0.00195312,10,0,0
"ripple_snr,spike_leakage_rate",low,reference,ripple_snr=low,recipe:krause_2022,literature,network,interval,recall,10,0.466055,0.428435,0.502375,-0.154128,-0.183902,-0.122904,0.00195312,10,0,0
"ripple_snr,spike_leakage_rate",low,reference,ripple_snr=low,recipe:krause_2022_hse,literature,burst,interval,recall,10,0.819018,0.797725,0.839959,0,0,0,1,10,0,0
"ripple_snr,spike_leakage_rate",low,reference,ripple_snr=low,recipe:kudrimoti_1999,literature,ripple,interval,recall,10,0,0,0,-0.0245098,-0.0338271,-0.0174466,0.00195312,10,0,0
"ripple_snr,spike_leakage_rate",low,reference,ripple_snr=low,recipe:lee_2002,literature,burst,interval,recall,10,0.949898,0.943786,0.955603,0,0,0,1,10,0,0
"ripple_snr,spike_leakage_rate",low,reference,ripple_snr=low,recipe:lee_2002_ripples,literature,ripple,interval,recall,10,0.00392157,0.000975562,0.00705663,-0.0705882,-0.0832538,-0.057598,0.00195312,10,0,0
"ripple_snr,spike_leakage_rate",low,reference,ripple_snr=low,recipe:liu_2019,literature,burst,interval,recall,10,0.843558,0.811187,0.87384,0,0,0,1,10,0,0
"ripple_snr,spike_leakage_rate",low,reference,ripple_snr=low,recipe:liu_2019_awake,literature,burst,interval,recall,10,0.843558,0.811187,0.87384,0,0,0,1,10,0,0
"ripple_snr,spike_leakage_rate",low,reference,ripple_snr=low,recipe:liu_2023,literature,network,interval,recall,10,0.33211,0.309429,0.354902,-0.0990826,-0.113773,-0.0821745,0.00195312,10,0,0
"ripple_snr,spike_leakage_rate",low,reference,ripple_snr=low,recipe:maboudi_2018,literature,burst,interval,recall,10,0.792434,0.774162,0.811442,0,0,0,1,10,0,0
"ripple_snr,spike_leakage_rate",low,reference,ripple_snr=low,recipe:maboudi_2018_open_field,literature,burst,interval,recall,10,0.737219,0.716188,0.761011,0,0,0,1,10,0,0
"ripple_snr,spike_leakage_rate",low,reference,ripple_snr=low,recipe:mallory_2025,literature,burst,interval,recall,10,0.759714,0.740078,0.779609,0,0,0,1,10,0,0
"ripple_snr,spike_leakage_rate",low,reference,ripple_snr=low,recipe:mallory_2025_ripples,literature,ripple,interval,recall,10,0.440196,0.402818,0.471682,-0.25,-0.278189,-0.227761,0.00195312,10,0,0
"ripple_snr,spike_leakage_rate",low,reference,ripple_snr=low,recipe:michon_2019,literature,network,interval,recall,10,0.012844,0.00739372,0.0179937,-0.237615,-0.26185,-0.213429,0.00195312,10,0,0
"ripple_snr,spike_leakage_rate",low,reference,ripple_snr=low,recipe:michon_2021,literature,network,interval,recall,10,0.012844,0.00739372,0.0179937,-0.237615,-0.26185,-0.213429,0.00195312,10,0,0
"ripple_snr,spike_leakage_rate",low,reference,ripple_snr=low,recipe:mou_2022,literature,burst,interval,recall,10,0.856851,0.829681,0.882724,0,0,0,1,10,0,0
"ripple_snr,spike_leakage_rate",low,reference,ripple_snr=low,recipe:muessig_2019,literature,network,interval,recall,10,0.0880734,0.0759162,0.101533,-0.0183486,-0.0273625,-0.00980107,0.0078125,10,0,0
"ripple_snr,spike_leakage_rate",low,reference,ripple_snr=low,recipe:muessig_2019_ripples,literature,ripple,interval,recall,10,0.703922,0.686846,0.720121,-0.171569,-0.193703,-0.147916,0.00195312,10,0,0
"ripple_snr,spike_leakage_rate",low,reference,ripple_snr=low,recipe:nadasdy_1999,literature,ripple,interval,recall,10,0.0578431,0.0469238,0.0677142,-0.403922,-0.433046,-0.379507,0.00195312,10,0,0
"ripple_snr,spike_leakage_rate",low,reference,ripple_snr=low,recipe:olafsdottir_2015,literature,burst,interval,recall,10,0.676892,0.654822,0.69798,0,0,0,1,10,0,0
"ripple_snr,spike_leakage_rate",low,reference,ripple_snr=low,recipe:olafsdottir_2015.bayesian_candidates,literature,burst,interval,recall,10,0.612474,0.58635,0.641136,0,0,0,1,10,0,0
"ripple_snr,spike_leakage_rate",low,reference,ripple_snr=low,recipe:olafsdottir_2016,literature,burst,interval,recall,10,0.570552,0.539077,0.609091,0,0,0,1,10,0,0
"ripple_snr,spike_leakage_rate",low,reference,ripple_snr=low,recipe:olafsdottir_2017,literature,burst,interval,recall,10,0.760736,0.745657,0.775992,0,0,0,1,10,0,0
"ripple_snr,spike_leakage_rate",low,reference,ripple_snr=low,recipe:olafsdottir_2017.trajectory,literature,burst,interval,recall,10,0.570552,0.539077,0.609091,0,0,0,1,10,0,0
"ripple_snr,spike_leakage_rate",low,reference,ripple_snr=low,recipe:pfeiffer_2013,literature,burst,interval,recall,10,0.737219,0.716188,0.761011,0,0,0,1,10,0,0
"ripple_snr,spike_leakage_rate",low,reference,ripple_snr=low,recipe:pfeiffer_2013_ripples,literature,ripple,interval,recall,10,0.564706,0.518009,0.61634,-0.163725,-0.202569,-0.121454,0.00195312,10,0,0
"ripple_snr,spike_leakage_rate",low,reference,ripple_snr=low,recipe:pfeiffer_2015,literature,ripple,interval,recall,10,0.561765,0.516319,0.611277,-0.166667,-0.203216,-0.126973,0.00195312,10,0,0
"ripple_snr,spike_leakage_rate",low,reference,ripple_snr=low,recipe:shin_2019,literature,ripple,interval,recall,10,0.392157,0.361699,0.424702,-0.332353,-0.360592,-0.298801,0.00195312,10,0,0
"ripple_snr,spike_leakage_rate",low,reference,ripple_snr=low,recipe:silva_2015,literature,burst,interval,recall,10,0.619632,0.590956,0.648278,0,0,0,1,10,0,0
"ripple_snr,spike_leakage_rate",low,reference,ripple_snr=low,recipe:stella_2019,literature,ripple,interval,recall,10,0.219608,0.192344,0.254136,-0.447059,-0.475186,-0.417398,0.00195312,10,0,0
"ripple_snr,spike_leakage_rate",low,reference,ripple_snr=low,recipe:tang_2017,literature,ripple,interval,recall,10,0.392157,0.361699,0.424702,-0.332353,-0.360592,-0.298801,0.00195312,10,0,0
"ripple_snr,spike_leakage_rate",low,reference,ripple_snr=low,recipe:tirole_2022,literature,network,interval,recall,10,0.379817,0.357829,0.404695,-0.131193,-0.153707,-0.112207,0.00195312,10,0,0
"ripple_snr,spike_leakage_rate",low,reference,ripple_snr=low,recipe:widloski_2025,literature,ripple,interval,recall,10,0.254902,0.216649,0.287294,-0.252941,-0.282404,-0.227518,0.00195312,10,0,0
"ripple_snr,spike_leakage_rate",low,reference,ripple_snr=low,recipe:widloski_2025_bursts,literature,burst,interval,recall,10,0.529652,0.491013,0.571436,0,0,0,1,10,0,0
"ripple_snr,spike_leakage_rate",low,reference,ripple_snr=low,recipe:wikenheiser_2013,literature,ripple,interval,recall,10,0.798039,0.771079,0.827187,-0.0343137,-0.0413306,-0.0269965,0.00195312,10,0,0
"ripple_snr,spike_leakage_rate",low,reference,ripple_snr=low,recipe:wu_2014,literature,burst,interval,recall,10,0.862986,0.848921,0.877469,0,0,0,1,10,0,0
"ripple_snr,spike_leakage_rate",low,reference,ripple_snr=low,recipe:wu_2014_ripples,literature,ripple,peak_containment,recall,10,0.794118,0.756169,0.830975,-0.103922,-0.133647,-0.0764586,0.00195312,10,0,0
"ripple_snr,spike_leakage_rate",low,reference,ripple_snr=low,recipe:wu_2017,literature,burst,interval,recall,10,0.534765,0.509803,0.559125,0,0,0,1,10,0,0
"ripple_snr,spike_leakage_rate",low,reference,ripple_snr=low,recipe:xu_2019,literature,burst,interval,recall,10,0.747444,0.729037,0.765482,0,0,0,1,10,0,0
"ripple_snr,spike_leakage_rate",low,reference,ripple_snr=low,recipe:yamamoto_2017,literature,network,interval,recall,10,0.416514,0.38031,0.450091,-0.144954,-0.174774,-0.115202,0.00195312,10,0,0
"ripple_snr,spike_leakage_rate",low,reference,ripple_snr=low,recipe:yang_2024,literature,network,interval,recall,10,0.179817,0.154275,0.206928,-0.236697,-0.254333,-0.221272,0.00195312,10,0,0
"ripple_snr,spike_leakage_rate",low,6,"ripple_snr=low,spike_leakage_rate=6",Carey_candidate_detector,default,network,interval,recall,10,0.833028,0.82025,0.847289,0.0155963,0.00681855,0.023551,0.0078125,10,0,0
"ripple_snr,spike_leakage_rate",low,6,"ripple_snr=low,spike_leakage_rate=6",Karlsson_ripple_detector,default,ripple,interval,recall,10,0.395098,0.364196,0.427177,-0.329412,-0.358568,-0.294774,0.00195312,10,0,0
"ripple_snr,spike_leakage_rate",low,6,"ripple_snr=low,spike_leakage_rate=6",Kay_ripple_detector,default,ripple,interval,recall,10,0.65,0.617281,0.686319,-0.177451,-0.209525,-0.139372,0.00195312,10,0,0
"ripple_snr,spike_leakage_rate",low,6,"ripple_snr=low,spike_leakage_rate=6",Long_sharp_wave_ripple_detector,default,ripple,interval,recall,10,0.505882,0.483075,0.530274,-0.184314,-0.202823,-0.165418,0.00195312,10,0,0
"ripple_snr,spike_leakage_rate",low,6,"ripple_snr=low,spike_leakage_rate=6",Roumis_ripple_detector,default,ripple,interval,recall,10,0.663725,0.631621,0.69848,-0.164706,-0.19557,-0.132247,0.00195312,10,0,0
"ripple_snr,spike_leakage_rate",low,6,"ripple_snr=low,spike_leakage_rate=6",Shvartsman_ripple_detector,default,ripple,interval,recall,10,0.227451,0.199638,0.254862,-0.436275,-0.457294,-0.414284,0.00195312,10,0,0
"ripple_snr,spike_leakage_rate",low,6,"ripple_snr=low,spike_leakage_rate=6",Yu_ripple_detector,default,ripple,interval,recall,10,0.640196,0.596994,0.685399,-0.207843,-0.24084,-0.172443,0.00195312,10,0,0
"ripple_snr,spike_leakage_rate",low,6,"ripple_snr=low,spike_leakage_rate=6",Zugaro_ripple_detector,default,ripple,interval,recall,10,0.241176,0.197257,0.280074,-0.434314,-0.465165,-0.403113,0.00195312,10,0,0
"ripple_snr,spike_leakage_rate",low,6,"ripple_snr=low,spike_leakage_rate=6",multiunit_HSE_detector,default,burst,interval,recall,10,0.924335,0.911531,0.939748,-0.00715746,-0.0115183,-0.00308285,0.03125,10,0,0
"ripple_snr,spike_leakage_rate",low,6,"ripple_snr=low,spike_leakage_rate=6",recipe:ambrose_2016,literature,ripple,interval,recall,10,0.568627,0.520355,0.6181,-0.159804,-0.197009,-0.119749,0.00195312,10,0,0
"ripple_snr,spike_leakage_rate",low,6,"ripple_snr=low,spike_leakage_rate=6",recipe:bendor_2012,literature,burst,interval,recall,10,0.660532,0.628735,0.692967,-0.00920245,-0.019983,0.00198822,0.179688,10,0,0
"ripple_snr,spike_leakage_rate",low,6,"ripple_snr=low,spike_leakage_rate=6",recipe:berners_lee_2021,literature,ripple,interval,recall,10,0.722549,0.679995,0.764826,-0.0676471,-0.0967575,-0.0391123,0.0078125,10,0,0
"ripple_snr,spike_leakage_rate",low,6,"ripple_snr=low,spike_leakage_rate=6",recipe:berners_lee_2022,literature,burst,interval,recall,10,0.685072,0.651543,0.719412,0.00204499,-0.0158107,0.0204747,0.703125,10,0,0
"ripple_snr,spike_leakage_rate",low,6,"ripple_snr=low,spike_leakage_rate=6",recipe:bhattarai_2020,literature,network,interval,recall,10,0.1,0.0775461,0.118014,-0.283486,-0.307913,-0.260656,0.00195312,10,0,0
"ripple_snr,spike_leakage_rate",low,6,"ripple_snr=low,spike_leakage_rate=6",recipe:bhattarai_2020_ripples,literature,ripple,interval,recall,10,0.12549,0.0932343,0.155189,-0.339216,-0.368744,-0.313388,0.00195312,10,0,0
"ripple_snr,spike_leakage_rate",low,6,"ripple_snr=low,spike_leakage_rate=6",recipe:bush_2022,literature,burst,interval,recall,10,0.611452,0.57974,0.650572,-0.0194274,-0.0302732,-0.00759056,0.015625,10,0,0
"ripple_snr,spike_leakage_rate",low,6,"ripple_snr=low,spike_leakage_rate=6",recipe:carey_2019,literature,network,interval,recall,10,0.821101,0.802547,0.838462,-0.00458716,-0.0112997,0.00086157,0.25,10,0,0
"ripple_snr,spike_leakage_rate",low,6,"ripple_snr=low,spike_leakage_rate=6",recipe:carr_2012,literature,ripple,interval,recall,10,0.395098,0.364196,0.427177,-0.329412,-0.358568,-0.294774,0.00195312,10,0,0
"ripple_snr,spike_leakage_rate",low,6,"ripple_snr=low,spike_leakage_rate=6",recipe:chenani_2019,literature,burst,interval,recall,10,0.671779,0.645161,0.701646,-0.0143149,-0.0280308,-0.00219527,0.0859375,10,0,0
"ripple_snr,spike_leakage_rate",low,6,"ripple_snr=low,spike_leakage_rate=6",recipe:davidson_2009,literature,burst,interval,recall,10,0.800613,0.776794,0.824455,-0.00102249,-0.0131449,0.0116547,0.964844,10,0,0
"ripple_snr,spike_leakage_rate",low,6,"ripple_snr=low,spike_leakage_rate=6",recipe:davidson_2009_ripples,literature,ripple,peak_containment,recall,10,0.716667,0.668324,0.760451,-0.158824,-0.194128,-0.125622,0.00195312,10,0,0
"ripple_snr,spike_leakage_rate",low,6,"ripple_snr=low,spike_leakage_rate=6",recipe:denovellis_2021,literature,ripple,interval,recall,10,0.626471,0.594645,0.659207,-0.201961,-0.230845,-0.167852,0.00195312,10,0,0
"ripple_snr,spike_leakage_rate",low,6,"ripple_snr=low,spike_leakage_rate=6",recipe:denovellis_2021_mua,literature,burst,interval,recall,10,0.923313,0.909989,0.938948,-0.00715746,-0.0115434,-0.00315765,0.03125,10,0,0
"ripple_snr,spike_leakage_rate",low,6,"ripple_snr=low,spike_leakage_rate=6",recipe:diba_2007,literature,burst,interval,recall,10,0.261759,0.231668,0.292569,0.00511247,-0.00317167,0.0122718,0.375,10,0,0
"ripple_snr,spike_leakage_rate",low,6,"ripple_snr=low,spike_leakage_rate=6",recipe:drieu_2018,literature,burst,interval,recall,10,0.775051,0.755778,0.794682,-0.0112474,-0.0262627,0.00314153,0.238281,10,0,0
"ripple_snr,spike_leakage_rate",low,6,"ripple_snr=low,spike_leakage_rate=6",recipe:farooq_2019_neuron,literature,burst,interval,recall,10,0.270961,0.240911,0.301706,-0.00920245,-0.0247986,0.00576466,0.265625,10,0,0
"ripple_snr,spike_leakage_rate",low,6,"ripple_snr=low,spike_leakage_rate=6",recipe:farooq_2019_science,literature,burst,interval,recall,10,0.267894,0.237472,0.297556,-0.0102249,-0.0265601,0.00487353,0.21875,10,0,0
"ripple_snr,spike_leakage_rate",low,6,"ripple_snr=low,spike_leakage_rate=6",recipe:farooq_2019_science_awake,literature,burst,interval,recall,10,0.267894,0.237472,0.297556,-0.0102249,-0.0265601,0.00487353,0.21875,10,0,0
"ripple_snr,spike_leakage_rate",low,6,"ripple_snr=low,spike_leakage_rate=6",recipe:foster_2006,literature,burst,interval,recall,10,0.148262,0.124079,0.175907,0,-0.010989,0.0127969,0.9375,10,0,0
"ripple_snr,spike_leakage_rate",low,6,"ripple_snr=low,spike_leakage_rate=6",recipe:foster_2006_ripples,literature,ripple,interval,recall,10,0.00490196,0.000984252,0.00952381,-0.0696078,-0.0823057,-0.0568696,0.00195312,10,0,0
"ripple_snr,spike_leakage_rate",low,6,"ripple_snr=low,spike_leakage_rate=6",recipe:gillespie_2021,literature,ripple,interval,recall,10,0.65,0.617281,0.686319,-0.177451,-0.209525,-0.139372,0.00195312,10,0,0
"ripple_snr,spike_leakage_rate",low,6,"ripple_snr=low,spike_leakage_rate=6",recipe:gillespie_2021_mua,literature,burst,interval,recall,10,0.823108,0.799033,0.84717,0.00102249,-0.011823,0.015055,0.808594,10,0,0
"ripple_snr,spike_leakage_rate",low,6,"ripple_snr=low,spike_leakage_rate=6",recipe:gridchyn_2020,literature,burst,interval,recall,10,0.898773,0.881936,0.915205,0.00715746,-0.00201628,0.0170351,0.1875,10,0,0
"ripple_snr,spike_leakage_rate",low,6,"ripple_snr=low,spike_leakage_rate=6",recipe:grosmark_2016,literature,network,interval,recall,10,0.173394,0.145872,0.20238,-0.243119,-0.265941,-0.224054,0.00195312,10,0,0
"ripple_snr,spike_leakage_rate",low,6,"ripple_snr=low,spike_leakage_rate=6",recipe:gupta_2010,literature,ripple,interval,recall,10,0.723529,0.690891,0.759486,-0.0764706,-0.097725,-0.0587076,0.00195312,10,0,0
"ripple_snr,spike_leakage_rate",low,6,"ripple_snr=low,spike_leakage_rate=6",recipe:harvey_2023_code,literature,ripple,interval,recall,10,0.411765,0.390594,0.43744,-0.151961,-0.173299,-0.131774,0.00195312,10,0,0
"ripple_snr,spike_leakage_rate",low,6,"ripple_snr=low,spike_leakage_rate=6",recipe:harvey_2023_no_radiatum,literature,ripple,interval,recall,10,0.391176,0.347631,0.432355,-0.205882,-0.236296,-0.17512,0.00195312,10,0,0
"ripple_snr,spike_leakage_rate",low,6,"ripple_snr=low,spike_leakage_rate=6",recipe:harvey_2023_text,literature,ripple,interval,recall,10,0.17451,0.148953,0.200005,-0.430392,-0.469388,-0.395103,0.00195312,10,0,0
"ripple_snr,spike_leakage_rate",low,6,"ripple_snr=low,spike_leakage_rate=6",recipe:huelin_gorriz_2023,literature,network,interval,recall,10,0.379817,0.358927,0.403301,-0.131193,-0.155659,-0.109588,0.00195312,10,0,0
"ripple_snr,spike_leakage_rate",low,6,"ripple_snr=low,spike_leakage_rate=6",recipe:igata_2021,literature,burst,interval,recall,10,0.925358,0.910802,0.942888,-0.00715746,-0.0117399,-0.003003,0.03125,10,0,0
"ripple_snr,spike_leakage_rate",low,6,"ripple_snr=low,spike_leakage_rate=6",recipe:igata_2021_ripples,literature,ripple,interval,recall,10,0.703922,0.678946,0.728212,-0.168627,-0.198312,-0.140555,0.00195312,10,0,0
"ripple_snr,spike_leakage_rate",low,6,"ripple_snr=low,spike_leakage_rate=6",recipe:jadhav_2016,literature,ripple,interval,recall,10,0.329412,0.293751,0.367598,-0.256863,-0.287743,-0.222108,0.00195312,10,0,0
"ripple_snr,spike_leakage_rate",low,6,"ripple_snr=low,spike_leakage_rate=6",recipe:ji_2007,literature,burst,interval,recall,10,0.730061,0.691139,0.767065,0.0296524,-0.0233328,0.0890433,0.296875,10,0,0
"ripple_snr,spike_leakage_rate",low,6,"ripple_snr=low,spike_leakage_rate=6",recipe:ji_2007_ripples,literature,ripple,interval,recall,10,0.00294118,0,0.00578063,-0.00196078,-0.0045209,0,0.5,10,0,0
"ripple_snr,spike_leakage_rate",low,6,"ripple_snr=low,spike_leakage_rate=6",recipe:kaefer_2020,literature,ripple,interval,recall,10,0.00392157,0.000998004,0.00684262,-0.00686275,-0.0107854,-0.00307992,0.03125,10,0,0
"ripple_snr,spike_leakage_rate",low,6,"ripple_snr=low,spike_leakage_rate=6",recipe:karlsson_2009,literature,ripple,interval,recall,10,0.395098,0.364196,0.427177,-0.329412,-0.358568,-0.294774,0.00195312,10,0,0
"ripple_snr,spike_leakage_rate",low,6,"ripple_snr=low,spike_leakage_rate=6",recipe:krause_2022,literature,network,interval,recall,10,0.466972,0.425714,0.502761,-0.153211,-0.180712,-0.125237,0.00195312,10,0,0
"ripple_snr,spike_leakage_rate",low,6,"ripple_snr=low,spike_leakage_rate=6",recipe:krause_2022_hse,literature,burst,interval,recall,10,0.823108,0.799995,0.845318,0.00408998,-0.00580847,0.0174348,0.53125,10,0,0
"ripple_snr,spike_leakage_rate",low,6,"ripple_snr=low,spike_leakage_rate=6",recipe:kudrimoti_1999,literature,ripple,interval,recall,10,0,0,0,-0.0245098,-0.0338271,-0.0174466,0.00195312,10,0,0
"ripple_snr,spike_leakage_rate",low,6,"ripple_snr=low,spike_leakage_rate=6",recipe:lee_2002,literature,burst,interval,recall,10,0.95501,0.943631,0.965252,0.00511247,-0.00310567,0.0129495,0.375,10,0,0
"ripple_snr,spike_leakage_rate",low,6,"ripple_snr=low,spike_leakage_rate=6",recipe:lee_2002_ripples,literature,ripple,interval,recall,10,0.00490196,0.000984252,0.00952381,-0.0696078,-0.0823057,-0.0568696,0.00195312,10,0,0
"ripple_snr,spike_leakage_rate",low,6,"ripple_snr=low,spike_leakage_rate=6",recipe:liu_2019,literature,burst,interval,recall,10,0.838446,0.804526,0.872215,-0.00511247,-0.0158577,0.00625717,0.488281,10,0,0
"ripple_snr,spike_leakage_rate",low,6,"ripple_snr=low,spike_leakage_rate=6",recipe:liu_2019_awake,literature,burst,interval,recall,10,0.838446,0.804526,0.872215,-0.00511247,-0.0158577,0.00625717,0.488281,10,0,0
"ripple_snr,spike_leakage_rate",low,6,"ripple_snr=low,spike_leakage_rate=6",recipe:liu_2023,literature,network,interval,recall,10,0.32844,0.303761,0.353276,-0.102752,-0.124134,-0.0797656,0.00195312,10,0,0
"ripple_snr,spike_leakage_rate",low,6,"ripple_snr=low,spike_leakage_rate=6",recipe:maboudi_2018,literature,burst,interval,recall,10,0.798569,0.77914,0.818383,0.00613497,-0.00305212,0.0190885,0.34375,10,0,0
"ripple_snr,spike_leakage_rate",low,6,"ripple_snr=low,spike_leakage_rate=6",recipe:maboudi_2018_open_field,literature,burst,interval,recall,10,0.723926,0.708036,0.747697,-0.0132924,-0.0272633,-0.00104156,0.128906,10,0,0
"ripple_snr,spike_leakage_rate",low,6,"ripple_snr=low,spike_leakage_rate=6",recipe:mallory_2025,literature,burst,interval,recall,10,0.740286,0.721404,0.760042,-0.0194274,-0.0277509,-0.00998951,0.0117188,10,0,0
"ripple_snr,spike_leakage_rate",low,6,"ripple_snr=low,spike_leakage_rate=6",recipe:mallory_2025_ripples,literature,ripple,interval,recall,10,0.437255,0.398951,0.469758,-0.252941,-0.280643,-0.230694,0.00195312,10,0,0
"ripple_snr,spike_leakage_rate",low,6,"ripple_snr=low,spike_leakage_rate=6",recipe:michon_2019,literature,network,interval,recall,10,0.012844,0.00750416,0.0178575,-0.237615,-0.261804,-0.214012,0.00195312,10,0,0
"ripple_snr,spike_leakage_rate",low,6,"ripple_snr=low,spike_leakage_rate=6",recipe:michon_2021,literature,network,interval,recall,10,0.012844,0.00750416,0.0178575,-0.237615,-0.261804,-0.214012,0.00195312,10,0,0
"ripple_snr,spike_leakage_rate",low,6,"ripple_snr=low,spike_leakage_rate=6",recipe:mou_2022,literature,burst,interval,recall,10,0.860941,0.833663,0.887749,0.00408998,-0.00974923,0.0231591,0.75,10,0,0
"ripple_snr,spike_leakage_rate",low,6,"ripple_snr=low,spike_leakage_rate=6",recipe:muessig_2019,literature,network,interval,recall,10,0.0779817,0.0673429,0.0892355,-0.0284404,-0.041133,-0.0149532,0.0078125,10,0,0
"ripple_snr,spike_leakage_rate",low,6,"ripple_snr=low,spike_leakage_rate=6",recipe:muessig_2019_ripples,literature,ripple,interval,recall,10,0.702941,0.687103,0.717999,-0.172549,-0.194872,-0.148107,0.00195312,10,0,0
"ripple_snr,spike_leakage_rate",low,6,"ripple_snr=low,spike_leakage_rate=6",recipe:nadasdy_1999,literature,ripple,interval,recall,10,0.0588235,0.0471406,0.0692527,-0.402941,-0.430886,-0.379804,0.00195312,10,0,0
"ripple_snr,spike_leakage_rate",low,6,"ripple_snr=low,spike_leakage_rate=6",recipe:olafsdottir_2015,literature,burst,interval,recall,10,0.684049,0.665975,0.703066,0.00715746,-0.00520346,0.0186543,0.310547,10,0,0
"ripple_snr,spike_leakage_rate",low,6,"ripple_snr=low,spike_leakage_rate=6",recipe:olafsdottir_2015.bayesian_candidates,literature,burst,interval,recall,10,0.611452,0.587461,0.636849,-0.00102249,-0.0141855,0.012783,0.914062,10,0,0
"ripple_snr,spike_leakage_rate",low,6,"ripple_snr=low,spike_leakage_rate=6",recipe:olafsdottir_2016,literature,burst,interval,recall,10,0.566462,0.536731,0.603271,-0.00408998,-0.0178951,0.00949417,0.605469,10,0,0
"ripple_snr,spike_leakage_rate",low,6,"ripple_snr=low,spike_leakage_rate=6",recipe:olafsdottir_2017,literature,burst,interval,recall,10,0.754601,0.736895,0.774747,-0.00613497,-0.020213,0.00524164,0.4375,10,0,0
"ripple_snr,spike_leakage_rate",low,6,"ripple_snr=low,spike_leakage_rate=6",recipe:olafsdottir_2017.trajectory,literature,burst,interval,recall,10,0.566462,0.536731,0.603271,-0.00408998,-0.0178951,0.00949417,0.605469,10,0,0
"ripple_snr,spike_leakage_rate",low,6,"ripple_snr=low,spike_leakage_rate=6",recipe:pfeiffer_2013,literature,burst,interval,recall,10,0.723926,0.708036,0.747697,-0.0132924,-0.0272633,-0.00104156,0.128906,10,0,0
"ripple_snr,spike_leakage_rate",low,6,"ripple_snr=low,spike_leakage_rate=6",recipe:pfeiffer_2013_ripples,literature,ripple,interval,recall,10,0.568627,0.520355,0.6181,-0.159804,-0.197009,-0.119749,0.00195312,10,0,0
"ripple_snr,spike_leakage_rate",low,6,"ripple_snr=low,spike_leakage_rate=6",recipe:pfeiffer_2015,literature,ripple,interval,recall,10,0.565686,0.519191,0.612883,-0.162745,-0.198796,-0.125376,0.00195312,10,0,0
"ripple_snr,spike_leakage_rate",low,6,"ripple_snr=low,spike_leakage_rate=6",recipe:shin_2019,literature,ripple,interval,recall,10,0.395098,0.364196,0.427177,-0.329412,-0.358568,-0.294774,0.00195312,10,0,0
"ripple_snr,spike_leakage_rate",low,6,"ripple_snr=low,spike_leakage_rate=6",recipe:silva_2015,literature,burst,interval,recall,10,0.608384,0.580152,0.639176,-0.0112474,-0.03013,0.00413672,0.34375,10,0,0
"ripple_snr,spike_leakage_rate",low,6,"ripple_snr=low,spike_leakage_rate=6",recipe:stella_2019,literature,ripple,interval,recall,10,0.221569,0.193951,0.253113,-0.445098,-0.473101,-0.416919,0.00195312,10,0,0
"ripple_snr,spike_leakage_rate",low,6,"ripple_snr=low,spike_leakage_rate=6",recipe:tang_2017,literature,ripple,interval,recall,10,0.395098,0.364196,0.427177,-0.329412,-0.358568,-0.294774,0.00195312,10,0,0
"ripple_snr,spike_leakage_rate",low,6,"ripple_snr=low,spike_leakage_rate=6",recipe:tirole_2022,literature,network,interval,recall,10,0.379817,0.358927,0.403301,-0.131193,-0.155659,-0.109588,0.00195312,10,0,0
"ripple_snr,spike_leakage_rate",low,6,"ripple_snr=low,spike_leakage_rate=6",recipe:widloski_2025,literature,ripple,interval,recall,10,0.256863,0.218432,0.290049,-0.25098,-0.284392,-0.221922,0.00195312,10,0,0
"ripple_snr,spike_leakage_rate",low,6,"ripple_snr=low,spike_leakage_rate=6",recipe:widloski_2025_bursts,literature,burst,interval,recall,10,0.519427,0.477423,0.564299,-0.0102249,-0.0211082,0.00107198,0.195312,10,0,0
"ripple_snr,spike_leakage_rate",low,6,"ripple_snr=low,spike_leakage_rate=6",recipe:wikenheiser_2013,literature,ripple,interval,recall,10,0.789216,0.761675,0.819815,-0.0431373,-0.0526328,-0.0335428,0.00195312,10,0,0
"ripple_snr,spike_leakage_rate",low,6,"ripple_snr=low,spike_leakage_rate=6",recipe:wu_2014,literature,burst,interval,recall,10,0.856851,0.836652,0.87513,-0.00613497,-0.0190688,0.00609137,0.40625,10,0,0
"ripple_snr,spike_leakage_rate",low,6,"ripple_snr=low,spike_leakage_rate=6",recipe:wu_2014_ripples,literature,ripple,peak_containment,recall,10,0.796078,0.758872,0.830986,-0.101961,-0.130478,-0.0758334,0.00195312,10,0,0
"ripple_snr,spike_leakage_rate",low,6,"ripple_snr=low,spike_leakage_rate=6",recipe:wu_2017,literature,burst,interval,recall,10,0.534765,0.506391,0.563599,0,-0.0136866,0.0147683,0.90625,10,0,0
"ripple_snr,spike_leakage_rate",low,6,"ripple_snr=low,spike_leakage_rate=6",recipe:xu_2019,literature,burst,interval,recall,10,0.736196,0.720929,0.753736,-0.0112474,-0.024163,0.000968483,0.109375,10,0,0
"ripple_snr,spike_leakage_rate",low,6,"ripple_snr=low,spike_leakage_rate=6",recipe:yamamoto_2017,literature,network,interval,recall,10,0.394495,0.35032,0.435371,-0.166972,-0.219005,-0.122675,0.00195312,10,0,0
"ripple_snr,spike_leakage_rate",low,6,"ripple_snr=low,spike_leakage_rate=6",recipe:yang_2024,literature,network,interval,recall,10,0.173394,0.145872,0.20238,-0.243119,-0.265941,-0.224054,0.00195312,10,0,0
"ripple_snr,spike_leakage_rate",reference,0,spike_leakage_rate=0,Carey_candidate_detector,default,network,interval,recall,10,0.809174,0.80109,0.816637,-0.00825688,-0.023411,0.00360052,0.4375,10,0,0
"ripple_snr,spike_leakage_rate",reference,0,spike_leakage_rate=0,Karlsson_ripple_detector,default,ripple,interval,recall,10,0.721569,0.70291,0.742332,-0.00294118,-0.00566038,0,0.25,10,0,0
"ripple_snr,spike_leakage_rate",reference,0,spike_leakage_rate=0,Kay_ripple_detector,default,ripple,interval,recall,10,0.827451,0.814342,0.842843,0,0,0,1,10,0,0
"ripple_snr,spike_leakage_rate",reference,0,spike_leakage_rate=0,Long_sharp_wave_ripple_detector,default,ripple,interval,recall,10,0.691176,0.666988,0.714015,0.000980392,0,0.00289303,1,10,0,0
"ripple_snr,spike_leakage_rate",reference,0,spike_leakage_rate=0,Roumis_ripple_detector,default,ripple,interval,recall,10,0.828431,0.813977,0.844765,0,0,0,1,10,0,0
"ripple_snr,spike_leakage_rate",reference,0,spike_leakage_rate=0,Shvartsman_ripple_detector,default,ripple,interval,recall,10,0.662745,0.640821,0.686537,-0.000980392,-0.00300308,0,1,10,0,0
"ripple_snr,spike_leakage_rate",reference,0,spike_leakage_rate=0,Yu_ripple_detector,default,ripple,interval,recall,10,0.847059,0.832294,0.863778,-0.000980392,-0.0030426,0,1,10,0,0
"ripple_snr,spike_leakage_rate",reference,0,spike_leakage_rate=0,Zugaro_ripple_detector,default,ripple,interval,recall,10,0.673529,0.650853,0.696115,-0.00196078,-0.00904768,0.00392966,0.75,10,0,0
"ripple_snr,spike_leakage_rate",reference,0,spike_leakage_rate=0,multiunit_HSE_detector,default,burst,interval,recall,10,0.925358,0.911961,0.940764,-0.00613497,-0.0142861,0.00101523,0.25,10,0,0
"ripple_snr,spike_leakage_rate",reference,0,spike_leakage_rate=0,recipe:ambrose_2016,literature,ripple,interval,recall,10,0.727451,0.699216,0.753383,-0.000980392,-0.00294125,0,1,10,0,0
"ripple_snr,spike_leakage_rate",reference,0,spike_leakage_rate=0,recipe:bendor_2012,literature,burst,interval,recall,10,0.684049,0.655945,0.71337,0.0143149,0.0079994,0.0220612,0.0078125,10,0,0
"ripple_snr,spike_leakage_rate",reference,0,spike_leakage_rate=0,recipe:berners_lee_2021,literature,ripple,interval,recall,10,0.790196,0.767908,0.813176,0,0,0,1,10,0,0
"ripple_snr,spike_leakage_rate",reference,0,spike_leakage_rate=0,recipe:berners_lee_2022,literature,burst,interval,recall,10,0.691207,0.657086,0.725617,0.00817996,-0.0128844,0.0295034,0.453125,10,0,0
"ripple_snr,spike_leakage_rate",reference,0,spike_leakage_rate=0,recipe:bhattarai_2020,literature,network,interval,recall,10,0.378899,0.36161,0.396635,-0.00458716,-0.0156269,0.00379534,0.605469,10,0,0
"ripple_snr,spike_leakage_rate",reference,0,spike_leakage_rate=0,recipe:bhattarai_2020_ripples,literature,ripple,interval,recall,10,0.456863,0.425211,0.487904,-0.00784314,-0.0145835,0,0.078125,10,0,0
"ripple_snr,spike_leakage_rate",reference,0,spike_leakage_rate=0,recipe:bush_2022,literature,burst,interval,recall,10,0.634969,0.607569,0.667692,0.00408998,-0.00517103,0.015658,0.515625,10,0,0
"ripple_snr,spike_leakage_rate",reference,0,spike_leakage_rate=0,recipe:carey_2019,literature,network,interval,recall,10,0.822018,0.808664,0.835445,-0.00366972,-0.0153555,0.00749064,0.59375,10,0,0
"ripple_snr,spike_leakage_rate",reference,0,spike_leakage_rate=0,recipe:carr_2012,literature,ripple,interval,recall,10,0.721569,0.70291,0.742332,-0.00294118,-0.00566038,0,0.25,10,0,0
"ripple_snr,spike_leakage_rate",reference,0,spike_leakage_rate=0,recipe:chenani_2019,literature,burst,interval,recall,10,0.694274,0.674128,0.713713,0.00817996,-0.00489776,0.0212095,0.210938,10,0,0
"ripple_snr,spike_leakage_rate",reference,0,spike_leakage_rate=0,recipe:davidson_2009,literature,burst,interval,recall,10,0.804703,0.781702,0.826136,0.00306748,-0.0137403,0.0201275,0.703125,10,0,0
"ripple_snr,spike_leakage_rate",reference,0,spike_leakage_rate=0,recipe:davidson_2009_ripples,literature,ripple,peak_containment,recall,10,0.87451,0.851322,0.897161,-0.000980392,-0.0030426,0,1,10,0,0
"ripple_snr,spike_leakage_rate",reference,0,spike_leakage_rate=0,recipe:denovellis_2021,literature,ripple,interval,recall,10,0.828431,0.815282,0.842262,0,0,0,1,10,0,0
"ripple_snr,spike_leakage_rate",reference,0,spike_leakage_rate=0,recipe:denovellis_2021_mua,literature,burst,interval,recall,10,0.925358,0.912075,0.940283,-0.00511247,-0.0114476,0.00104937,0.234375,10,0,0
"ripple_snr,spike_leakage_rate",reference,0,spike_leakage_rate=0,recipe:diba_2007,literature,burst,interval,recall,10,0.255624,0.226317,0.284394,-0.00102249,-0.00929776,0.00626321,0.875,10,0,0
"ripple_snr,spike_leakage_rate",reference,0,spike_leakage_rate=0,recipe:drieu_2018,literature,burst,interval,recall,10,0.803681,0.789085,0.81878,0.0173824,0.00813008,0.0285722,0.015625,10,0,0
"ripple_snr,spike_leakage_rate",reference,0,spike_leakage_rate=0,recipe:farooq_2019_neuron,literature,burst,interval,recall,10,0.295501,0.26793,0.325879,0.0153374,0.0010101,0.0323664,0.109375,10,0,0
"ripple_snr,spike_leakage_rate",reference,0,spike_leakage_rate=0,recipe:farooq_2019_science,literature,burst,interval,recall,10,0.291411,0.263527,0.32158,0.0132924,0,0.0296526,0.136719,10,0,0
"ripple_snr,spike_leakage_rate",reference,0,spike_leakage_rate=0,recipe:farooq_2019_science_awake,literature,burst,interval,recall,10,0.291411,0.263527,0.32158,0.0132924,0,0.0296526,0.136719,10,0,0
"ripple_snr,spike_leakage_rate",reference,0,spike_leakage_rate=0,recipe:foster_2006,literature,burst,interval,recall,10,0.143149,0.123152,0.163812,-0.00511247,-0.0164279,0.00848273,0.539062,10,0,0
"ripple_snr,spike_leakage_rate",reference,0,spike_leakage_rate=0,recipe:foster_2006_ripples,literature,ripple,interval,recall,10,0.0754902,0.0619379,0.0893591,0.000980392,0,0.00300308,1,10,0,0
"ripple_snr,spike_leakage_rate",reference,0,spike_leakage_rate=0,recipe:gillespie_2021,literature,ripple,interval,recall,10,0.827451,0.814342,0.842843,0,0,0,1,10,0,0
"ripple_snr,spike_leakage_rate",reference,0,spike_leakage_rate=0,recipe:gillespie_2021_mua,literature,burst,interval,recall,10,0.825153,0.804639,0.846939,0.00306748,-0.014449,0.0210799,0.726562,10,0,0
"ripple_snr,spike_leakage_rate",reference,0,spike_leakage_rate=0,recipe:gridchyn_2020,literature,burst,interval,recall,10,0.895706,0.876106,0.914286,0.00408998,-0.00706483,0.0154643,0.480469,10,0,0
"ripple_snr,spike_leakage_rate",reference,0,spike_leakage_rate=0,recipe:grosmark_2016,literature,network,interval,recall,10,0.424771,0.395368,0.454382,0.00825688,-0.00364715,0.0198974,0.296875,10,0,0
"ripple_snr,spike_leakage_rate",reference,0,spike_leakage_rate=0,recipe:gupta_2010,literature,ripple,interval,recall,10,0.8,0.777446,0.828924,0,0,0,1,10,0,0
"ripple_snr,spike_leakage_rate",reference,0,spike_leakage_rate=0,recipe:harvey_2023_code,literature,ripple,interval,recall,10,0.566667,0.542007,0.593622,0.00294118,-0.00697211,0.0118821,0.625,10,0,0
"ripple_snr,spike_leakage_rate",reference,0,spike_leakage_rate=0,recipe:harvey_2023_no_radiatum,literature,ripple,interval,recall,10,0.604902,0.583909,0.626489,0.00784314,-0.00515135,0.020251,0.304688,10,0,0
"ripple_snr,spike_leakage_rate",reference,0,spike_leakage_rate=0,recipe:harvey_2023_text,literature,ripple,interval,recall,10,0.604902,0.587255,0.62526,0,0,0,1,10,0,0
"ripple_snr,spike_leakage_rate",reference,0,spike_leakage_rate=0,recipe:huelin_gorriz_2023,literature,network,interval,recall,10,0.519266,0.493001,0.545637,0.00825688,0.00184655,0.0148152,0.0625,10,0,0
"ripple_snr,spike_leakage_rate",reference,0,spike_leakage_rate=0,recipe:igata_2021,literature,burst,interval,recall,10,0.93047,0.916244,0.946466,-0.00204499,-0.00652192,0.00210532,0.40625,10,0,0
"ripple_snr,spike_leakage_rate",reference,0,spike_leakage_rate=0,recipe:igata_2021_ripples,literature,ripple,interval,recall,10,0.871569,0.855421,0.888892,-0.000980392,-0.0030426,0,1,10,0,0
"ripple_snr,spike_leakage_rate",reference,0,spike_leakage_rate=0,recipe:jadhav_2016,literature,ripple,interval,recall,10,0.588235,0.557921,0.619279,0.00196078,-0.00406514,0.00831025,0.65625,10,0,0
"ripple_snr,spike_leakage_rate",reference,0,spike_leakage_rate=0,recipe:ji_2007,literature,burst,interval,recall,10,0.737219,0.702911,0.768827,0.0368098,-0.0132417,0.0980208,0.220703,10,0,0
"ripple_snr,spike_leakage_rate",reference,0,spike_leakage_rate=0,recipe:ji_2007_ripples,literature,ripple,interval,recall,10,0.00490196,0.00101623,0.00883243,0,0,0,1,10,0,0
"ripple_snr,spike_leakage_rate",reference,0,spike_leakage_rate=0,recipe:kaefer_2020,literature,ripple,interval,recall,10,0.0107843,0.00584212,0.0155603,0,0,0,1,10,0,0
"ripple_snr,spike_leakage_rate",reference,0,spike_leakage_rate=0,recipe:karlsson_2009,literature,ripple,interval,recall,10,0.721569,0.70291,0.742332,-0.00294118,-0.00566038,0,0.25,10,0,0
"ripple_snr,spike_leakage_rate",reference,0,spike_leakage_rate=0,recipe:krause_2022,literature,network,interval,recall,10,0.614679,0.587345,0.640221,-0.00550459,-0.0113002,0,0.140625,10,0,0
"ripple_snr,spike_leakage_rate",reference,0,spike_leakage_rate=0,recipe:krause_2022_hse,literature,burst,interval,recall,10,0.821063,0.800785,0.841152,0.00204499,-0.00722432,0.0134443,0.625,10,0,0
"ripple_snr,spike_leakage_rate",reference,0,spike_leakage_rate=0,recipe:kudrimoti_1999,literature,ripple,interval,recall,10,0.0245098,0.0174466,0.0338271,0,0,0,1,10,0,0
"ripple_snr,spike_leakage_rate",reference,0,spike_leakage_rate=0,recipe:lee_2002,literature,burst,interval,recall,10,0.952965,0.939733,0.964576,0.00306748,-0.00634937,0.0119763,0.6875,10,0,0
"ripple_snr,spike_leakage_rate",reference,0,spike_leakage_rate=0,recipe:lee_2002_ripples,literature,ripple,interval,recall,10,0.0754902,0.0619379,0.0893591,0.000980392,0,0.00300308,1,10,0,0
"ripple_snr,spike_leakage_rate",reference,0,spike_leakage_rate=0,recipe:liu_2019,literature,burst,interval,recall,10,0.843558,0.816219,0.871319,0,-0.00904545,0.00944411,0.90625,10,0,0
"ripple_snr,spike_leakage_rate",reference,0,spike_leakage_rate=0,recipe:liu_2019_awake,literature,burst,interval,recall,10,0.843558,0.816219,0.871319,0,-0.00904545,0.00944411,0.90625,10,0,0
"ripple_snr,spike_leakage_rate",reference,0,spike_leakage_rate=0,recipe:liu_2023,literature,network,interval,recall,10,0.436697,0.420365,0.454118,0.00550459,-0.00625629,0.0176256,0.351562,10,0,0
"ripple_snr,spike_leakage_rate",reference,0,spike_leakage_rate=0,recipe:maboudi_2018,literature,burst,interval,recall,10,0.797546,0.778983,0.815681,0.00511247,-0.00584983,0.0167209,0.40625,10,0,0
"ripple_snr,spike_leakage_rate",reference,0,spike_leakage_rate=0,recipe:maboudi_2018_open_field,literature,burst,interval,recall,10,0.743354,0.727079,0.759534,0.00613497,-0.00504058,0.01719,0.382812,10,0,0
"ripple_snr,spike_leakage_rate",reference,0,spike_leakage_rate=0,recipe:mallory_2025,literature,burst,interval,recall,10,0.775051,0.753578,0.796893,0.0153374,0.0062046,0.0236223,0.0234375,10,0,0
"ripple_snr,spike_leakage_rate",reference,0,spike_leakage_rate=0,recipe:mallory_2025_ripples,literature,ripple,interval,recall,10,0.689216,0.66849,0.711831,-0.000980392,-0.00308968,0,1,10,0,0
"ripple_snr,spike_leakage_rate",reference,0,spike_leakage_rate=0,recipe:michon_2019,literature,network,interval,recall,10,0.246789,0.218916,0.272412,-0.00366972,-0.0109096,0.00376666,0.46875,10,0,0
"ripple_snr,spike_leakage_rate",reference,0,spike_leakage_rate=0,recipe:michon_2021,literature,network,interval,recall,10,0.246789,0.218916,0.272412,-0.00366972,-0.0109096,0.00376666,0.46875,10,0,0
"ripple_snr,spike_leakage_rate",reference,0,spike_leakage_rate=0,recipe:mou_2022,literature,burst,interval,recall,10,0.852761,0.826941,0.877321,-0.00408998,-0.0255109,0.0188334,0.867188,10,0,0
"ripple_snr,spike_leakage_rate",reference,0,spike_leakage_rate=0,recipe:muessig_2019,literature,network,interval,recall,10,0.111927,0.0964067,0.127378,0.00550459,-0.000927356,0.0122411,0.125,10,0,0
"ripple_snr,spike_leakage_rate",reference,0,spike_leakage_rate=0,recipe:muessig_2019_ripples,literature,ripple,interval,recall,10,0.876471,0.855957,0.894688,0.000980392,0,0.00314812,1,10,0,0
"ripple_snr,spike_leakage_rate",reference,0,spike_leakage_rate=0,recipe:nadasdy_1999,literature,ripple,interval,recall,10,0.459804,0.438422,0.484494,-0.00196078,-0.00471709,0,0.5,10,0,0
"ripple_snr,spike_leakage_rate",reference,0,spike_leakage_rate=0,recipe:olafsdottir_2015,literature,burst,interval,recall,10,0.683027,0.661939,0.703751,0.00613497,-0.00619211,0.0170179,0.382812,10,0,0
"ripple_snr,spike_leakage_rate",reference,0,spike_leakage_rate=0,recipe:olafsdottir_2015.bayesian_candidates,literature,burst,interval,recall,10,0.615542,0.587673,0.646339,0.00306748,-0.00619835,0.0121957,0.515625,10,0,0
"ripple_snr,spike_leakage_rate",reference,0,spike_leakage_rate=0,recipe:olafsdottir_2016,literature,burst,interval,recall,10,0.57362,0.543568,0.60951,0.00306748,-0.0141443,0.0204962,0.730469,10,0,0
"ripple_snr,spike_leakage_rate",reference,0,spike_leakage_rate=0,recipe:olafsdottir_2017,literature,burst,interval,recall,10,0.752556,0.740233,0.76569,-0.00817996,-0.0173915,0.00197433,0.128906,10,0,0
"ripple_snr,spike_leakage_rate",reference,0,spike_leakage_rate=0,recipe:olafsdottir_2017.trajectory,literature,burst,interval,recall,10,0.57362,0.543568,0.60951,0.00306748,-0.0141443,0.0204962,0.730469,10,0,0
"ripple_snr,spike_leakage_rate",reference,0,spike_leakage_rate=0,recipe:pfeiffer_2013,literature,burst,interval,recall,10,0.743354,0.727079,0.759534,0.00613497,-0.00504058,0.01719,0.382812,10,0,0
"ripple_snr,spike_leakage_rate",reference,0,spike_leakage_rate=0,recipe:pfeiffer_2013_ripples,literature,ripple,interval,recall,10,0.727451,0.699216,0.753383,-0.000980392,-0.00294125,0,1,10,0,0
"ripple_snr,spike_leakage_rate",reference,0,spike_leakage_rate=0,recipe:pfeiffer_2015,literature,ripple,interval,recall,10,0.727451,0.699216,0.753383,-0.000980392,-0.00294125,0,1,10,0,0
"ripple_snr,spike_leakage_rate",reference,0,spike_leakage_rate=0,recipe:shin_2019,literature,ripple,interval,recall,10,0.721569,0.70291,0.742332,-0.00294118,-0.00566038,0,0.25,10,0,0
"ripple_snr,spike_leakage_rate",reference,0,spike_leakage_rate=0,recipe:silva_2015,literature,burst,interval,recall,10,0.625767,0.597006,0.656835,0.00613497,-0.011285,0.0219783,0.457031,10,0,0
"ripple_snr,spike_leakage_rate",reference,0,spike_leakage_rate=0,recipe:stella_2019,literature,ripple,interval,recall,10,0.666667,0.650838,0.684687,0,-0.0040858,0.00369344,0.75,10,0,0
"ripple_snr,spike_leakage_rate",reference,0,spike_leakage_rate=0,recipe:tang_2017,literature,ripple,interval,recall,10,0.721569,0.70291,0.742332,-0.00294118,-0.00566038,0,0.25,10,0,0
"ripple_snr,spike_leakage_rate",reference,0,spike_leakage_rate=0,recipe:tirole_2022,literature,network,interval,recall,10,0.519266,0.493001,0.545637,0.00825688,0.00184655,0.0148152,0.0625,10,0,0
"ripple_snr,spike_leakage_rate",reference,0,spike_leakage_rate=0,recipe:widloski_2025,literature,ripple,interval,recall,10,0.505882,0.469059,0.54592,-0.00196078,-0.00512821,0,0.5,10,0,0
"ripple_snr,spike_leakage_rate",reference,0,spike_leakage_rate=0,recipe:widloski_2025_bursts,literature,burst,interval,recall,10,0.535787,0.497059,0.57624,0.00613497,-0.0030091,0.0146598,0.183594,10,0,0
"ripple_snr,spike_leakage_rate",reference,0,spike_leakage_rate=0,recipe:wikenheiser_2013,literature,ripple,interval,recall,10,0.831373,0.802236,0.860317,-0.000980392,-0.00568195,0.00284934,1,10,0,0
"ripple_snr,spike_leakage_rate",reference,0,spike_leakage_rate=0,recipe:wu_2014,literature,burst,interval,recall,10,0.871166,0.855466,0.886875,0.00817996,0,0.0172074,0.140625,10,0,0
"ripple_snr,spike_leakage_rate",reference,0,spike_leakage_rate=0,recipe:wu_2014_ripples,literature,ripple,peak_containment,recall,10,0.897059,0.879019,0.916746,-0.000980392,-0.00310889,0,1,10,0,0
"ripple_snr,spike_leakage_rate",reference,0,spike_leakage_rate=0,recipe:wu_2017,literature,burst,interval,recall,10,0.538855,0.511851,0.56657,0.00408998,-0.0224267,0.0318624,0.734375,10,0,0
"ripple_snr,spike_leakage_rate",reference,0,spike_leakage_rate=0,recipe:xu_2019,literature,burst,interval,recall,10,0.763804,0.749734,0.77665,0.0163599,0.00520793,0.0280745,0.046875,10,0,0
"ripple_snr,spike_leakage_rate",reference,0,spike_leakage_rate=0,recipe:yamamoto_2017,literature,network,interval,recall,10,0.547706,0.522812,0.570916,-0.0137615,-0.0339473,0.00471287,0.234375,10,0,0
"ripple_snr,spike_leakage_rate",reference,0,spike_leakage_rate=0,recipe:yang_2024,literature,network,interval,recall,10,0.424771,0.395368,0.454382,0.00825688,-0.00364715,0.0198974,0.296875,10,0,0
"ripple_snr,spike_leakage_rate",reference,reference,reference,Carey_candidate_detector,default,network,interval,recall,10,0.817431,0.802458,0.834401,0,0,0,1,10,0,0
"ripple_snr,spike_leakage_rate",reference,reference,reference,Karlsson_ripple_detector,default,ripple,interval,recall,10,0.72451,0.706531,0.74433,0,0,0,1,10,0,0
"ripple_snr,spike_leakage_rate",reference,reference,reference,Kay_ripple_detector,default,ripple,interval,recall,10,0.827451,0.814342,0.842843,0,0,0,1,10,0,0
"ripple_snr,spike_leakage_rate",reference,reference,reference,Long_sharp_wave_ripple_detector,default,ripple,interval,recall,10,0.690196,0.666335,0.713389,0,0,0,1,10,0,0
"ripple_snr,spike_leakage_rate",reference,reference,reference,Roumis_ripple_detector,default,ripple,interval,recall,10,0.828431,0.813977,0.844765,0,0,0,1,10,0,0
"ripple_snr,spike_leakage_rate",reference,reference,reference,Shvartsman_ripple_detector,default,ripple,interval,recall,10,0.663725,0.64129,0.687835,0,0,0,1,10,0,0
"ripple_snr,spike_leakage_rate",reference,reference,reference,Yu_ripple_detector,default,ripple,interval,recall,10,0.848039,0.832833,0.865145,0,0,0,1,10,0,0
"ripple_snr,spike_leakage_rate",reference,reference,reference,Zugaro_ripple_detector,default,ripple,interval,recall,10,0.67549,0.654252,0.696335,0,0,0,1,10,0,0
"ripple_snr,spike_leakage_rate",reference,reference,reference,multiunit_HSE_detector,default,burst,interval,recall,10,0.931493,0.917158,0.948138,0,0,0,1,10,0,0
"ripple_snr,spike_leakage_rate",reference,reference,reference,recipe:ambrose_2016,literature,ripple,interval,recall,10,0.728431,0.699812,0.754759,0,0,0,1,10,0,0
"ripple_snr,spike_leakage_rate",reference,reference,reference,recipe:bendor_2012,literature,burst,interval,recall,10,0.669734,0.643002,0.697931,0,0,0,1,10,0,0
"ripple_snr,spike_leakage_rate",reference,reference,reference,recipe:berners_lee_2021,literature,ripple,interval,recall,10,0.790196,0.767908,0.813176,0,0,0,1,10,0,0
"ripple_snr,spike_leakage_rate",reference,reference,reference,recipe:berners_lee_2022,literature,burst,interval,recall,10,0.683027,0.657603,0.710964,0,0,0,1,10,0,0
"ripple_snr,spike_leakage_rate",reference,reference,reference,recipe:bhattarai_2020,literature,network,interval,recall,10,0.383486,0.36426,0.404432,0,0,0,1,10,0,0
"ripple_snr,spike_leakage_rate",reference,reference,reference,recipe:bhattarai_2020_ripples,literature,ripple,interval,recall,10,0.464706,0.436362,0.495339,0,0,0,1,10,0,0
"ripple_snr,spike_leakage_rate",reference,reference,reference,recipe:bush_2022,literature,burst,interval,recall,10,0.630879,0.597014,0.668706,0,0,0,1,10,0,0
"ripple_snr,spike_leakage_rate",reference,reference,reference,recipe:carey_2019,literature,network,interval,recall,10,0.825688,0.806478,0.843953,0,0,0,1,10,0,0
"ripple_snr,spike_leakage_rate",reference,reference,reference,recipe:carr_2012,literature,ripple,interval,recall,10,0.72451,0.706531,0.74433,0,0,0,1,10,0,0
"ripple_snr,spike_leakage_rate",reference,reference,reference,recipe:chenani_2019,literature,burst,interval,recall,10,0.686094,0.665608,0.709887,0,0,0,1,10,0,0
"ripple_snr,spike_leakage_rate",reference,reference,reference,recipe:davidson_2009,literature,burst,interval,recall,10,0.801636,0.785994,0.820324,0,0,0,1,10,0,0
"ripple_snr,spike_leakage_rate",reference,reference,reference,recipe:davidson_2009_ripples,literature,ripple,peak_containment,recall,10,0.87549,0.851889,0.898297,0,0,0,1,10,0,0
"ripple_snr,spike_leakage_rate",reference,reference,reference,recipe:denovellis_2021,literature,ripple,interval,recall,10,0.828431,0.815282,0.842262,0,0,0,1,10,0,0
"ripple_snr,spike_leakage_rate",reference,reference,reference,recipe:denovellis_2021_mua,literature,burst,interval,recall,10,0.93047,0.916838,0.946485,0,0,0,1,10,0,0
"ripple_snr,spike_leakage_rate",reference,reference,reference,recipe:diba_2007,literature,burst,interval,recall,10,0.256646,0.22654,0.287224,0,0,0,1,10,0,0
"ripple_snr,spike_leakage_rate",reference,reference,reference,recipe:drieu_2018,literature,burst,interval,recall,10,0.786299,0.775775,0.797509,0,0,0,1,10,0,0
"ripple_snr,spike_leakage_rate",reference,reference,reference,recipe:farooq_2019_neuron,literature,burst,interval,recall,10,0.280164,0.243652,0.32154,0,0,0,1,10,0,0
"ripple_snr,spike_leakage_rate",reference,reference,reference,recipe:farooq_2019_science,literature,burst,interval,recall,10,0.278119,0.242423,0.318476,0,0,0,1,10,0,0
"ripple_snr,spike_leakage_rate",reference,reference,reference,recipe:farooq_2019_science_awake,literature,burst,interval,recall,10,0.278119,0.242423,0.318476,0,0,0,1,10,0,0
"ripple_snr,spike_leakage_rate",reference,reference,reference,recipe:foster_2006,literature,burst,interval,recall,10,0.148262,0.127082,0.172862,0,0,0,1,10,0,0
"ripple_snr,spike_leakage_rate",reference,reference,reference,recipe:foster_2006_ripples,literature,ripple,interval,recall,10,0.0745098,0.0613481,0.0878934,0,0,0,1,10,0,0
"ripple_snr,spike_leakage_rate",reference,reference,reference,recipe:gillespie_2021,literature,ripple,interval,recall,10,0.827451,0.814342,0.842843,0,0,0,1,10,0,0
"ripple_snr,spike_leakage_rate",reference,reference,reference,recipe:gillespie_2021_mua,literature,burst,interval,recall,10,0.822086,0.803179,0.839827,0,0,0,1,10,0,0
"ripple_snr,spike_leakage_rate",reference,reference,reference,recipe:gridchyn_2020,literature,burst,interval,recall,10,0.891616,0.874123,0.907524,0,0,0,1,10,0,0
"ripple_snr,spike_leakage_rate",reference,reference,reference,recipe:grosmark_2016,literature,network,interval,recall,10,0.416514,0.386402,0.448061,0,0,0,1,10,0,0
"ripple_snr,spike_leakage_rate",reference,reference,reference,recipe:gupta_2010,literature,ripple,interval,recall,10,0.8,0.777446,0.828924,0,0,0,1,10,0,0
"ripple_snr,spike_leakage_rate",reference,reference,reference,recipe:harvey_2023_code,literature,ripple,interval,recall,10,0.563725,0.539941,0.588474,0,0,0,1,10,0,0
"ripple_snr,spike_leakage_rate",reference,reference,reference,recipe:harvey_2023_no_radiatum,literature,ripple,interval,recall,10,0.597059,0.577734,0.617905,0,0,0,1,10,0,0
"ripple_snr,spike_leakage_rate",reference,reference,reference,recipe:harvey_2023_text,literature,ripple,interval,recall,10,0.604902,0.587255,0.62526,0,0,0,1,10,0,0
"ripple_snr,spike_leakage_rate",reference,reference,reference,recipe:huelin_gorriz_2023,literature,network,interval,recall,10,0.511009,0.483133,0.539768,0,0,0,1,10,0,0
"ripple_snr,spike_leakage_rate",reference,reference,reference,recipe:igata_2021,literature,burst,interval,recall,10,0.932515,0.917901,0.949156,0,0,0,1,10,0,0
"ripple_snr,spike_leakage_rate",reference,reference,reference,recipe:igata_2021_ripples,literature,ripple,interval,recall,10,0.872549,0.855652,0.890613,0,0,0,1,10,0,0
"ripple_snr,spike_leakage_rate",reference,reference,reference,recipe:jadhav_2016,literature,ripple,interval,recall,10,0.586275,0.554419,0.616468,0,0,0,1,10,0,0
"ripple_snr,spike_leakage_rate",reference,reference,reference,recipe:ji_2007,literature,burst,interval,recall,10,0.700409,0.6305,0.748675,0,0,0,1,10,0,0
"ripple_snr,spike_leakage_rate",reference,reference,reference,recipe:ji_2007_ripples,literature,ripple,interval,recall,10,0.00490196,0.00101623,0.00883243,0,0,0,1,10,0,0
"ripple_snr,spike_leakage_rate",reference,reference,reference,recipe:kaefer_2020,literature,ripple,interval,recall,10,0.0107843,0.00584212,0.0155603,0,0,0,1,10,0,0
"ripple_snr,spike_leakage_rate",reference,reference,reference,recipe:karlsson_2009,literature,ripple,interval,recall,10,0.72451,0.706531,0.74433,0,0,0,1,10,0,0
"ripple_snr,spike_leakage_rate",reference,reference,reference,recipe:krause_2022,literature,network,interval,recall,10,0.620183,0.594116,0.645529,0,0,0,1,10,0,0
"ripple_snr,spike_leakage_rate",reference,reference,reference,recipe:krause_2022_hse,literature,burst,interval,recall,10,0.819018,0.797725,0.839959,0,0,0,1,10,0,0
"ripple_snr,spike_leakage_rate",reference,reference,reference,recipe:kudrimoti_1999,literature,ripple,interval,recall,10,0.0245098,0.0174466,0.0338271,0,0,0,1,10,0,0
"ripple_snr,spike_leakage_rate",reference,reference,reference,recipe:lee_2002,literature,burst,interval,recall,10,0.949898,0.943786,0.955603,0,0,0,1,10,0,0
"ripple_snr,spike_leakage_rate",reference,reference,reference,recipe:lee_2002_ripples,literature,ripple,interval,recall,10,0.0745098,0.0613481,0.0878934,0,0,0,1,10,0,0
"ripple_snr,spike_leakage_rate",reference,reference,reference,recipe:liu_2019,literature,burst,interval,recall,10,0.843558,0.811187,0.87384,0,0,0,1,10,0,0
"ripple_snr,spike_leakage_rate",reference,reference,reference,recipe:liu_2019_awake,literature,burst,interval,recall,10,0.843558,0.811187,0.87384,0,0,0,1,10,0,0
"ripple_snr,spike_leakage_rate",reference,reference,reference,recipe:liu_2023,literature,network,interval,recall,10,0.431193,0.411239,0.451816,0,0,0,1,10,0,0
"ripple_snr,spike_leakage_rate",reference,reference,reference,recipe:maboudi_2018,literature,burst,interval,recall,10,0.792434,0.774162,0.811442,0,0,0,1,10,0,0
"ripple_snr,spike_leakage_rate",reference,reference,reference,recipe:maboudi_2018_open_field,literature,burst,interval,recall,10,0.737219,0.716188,0.761011,0,0,0,1,10,0,0
"ripple_snr,spike_leakage_rate",reference,reference,reference,recipe:mallory_2025,literature,burst,interval,recall,10,0.759714,0.740078,0.779609,0,0,0,1,10,0,0
"ripple_snr,spike_leakage_rate",reference,reference,reference,recipe:mallory_2025_ripples,literature,ripple,interval,recall,10,0.690196,0.668886,0.712691,0,0,0,1,10,0,0
"ripple_snr,spike_leakage_rate",reference,reference,reference,recipe:michon_2019,literature,network,interval,recall,10,0.250459,0.224122,0.276924,0,0,0,1,10,0,0
"ripple_snr,spike_leakage_rate",reference,reference,reference,recipe:michon_2021,literature,network,interval,recall,10,0.250459,0.224122,0.276924,0,0,0,1,10,0,0
"ripple_snr,spike_leakage_rate",reference,reference,reference,recipe:mou_2022,literature,burst,interval,recall,10,0.856851,0.829681,0.882724,0,0,0,1,10,0,0
"ripple_snr,spike_leakage_rate",reference,reference,reference,recipe:muessig_2019,literature,network,interval,recall,10,0.106422,0.091568,0.12113,0,0,0,1,10,0,0
"ripple_snr,spike_leakage_rate",reference,reference,reference,recipe:muessig_2019_ripples,literature,ripple,interval,recall,10,0.87549,0.854298,0.894141,0,0,0,1,10,0,0
"ripple_snr,spike_leakage_rate",reference,reference,reference,recipe:nadasdy_1999,literature,ripple,interval,recall,10,0.461765,0.441114,0.485717,0,0,0,1,10,0,0
"ripple_snr,spike_leakage_rate",reference,reference,reference,recipe:olafsdottir_2015,literature,burst,interval,recall,10,0.676892,0.654822,0.69798,0,0,0,1,10,0,0
"ripple_snr,spike_leakage_rate",reference,reference,reference,recipe:olafsdottir_2015.bayesian_candidates,literature,burst,interval,recall,10,0.612474,0.58635,0.641136,0,0,0,1,10,0,0
"ripple_snr,spike_leakage_rate",reference,reference,reference,recipe:olafsdottir_2016,literature,burst,interval,recall,10,0.570552,0.539077,0.609091,0,0,0,1,10,0,0
"ripple_snr,spike_leakage_rate",reference,reference,reference,recipe:olafsdottir_2017,literature,burst,interval,recall,10,0.760736,0.745657,0.775992,0,0,0,1,10,0,0
"ripple_snr,spike_leakage_rate",reference,reference,reference,recipe:olafsdottir_2017.trajectory,literature,burst,interval,recall,10,0.570552,0.539077,0.609091,0,0,0,1,10,0,0
"ripple_snr,spike_leakage_rate",reference,reference,reference,recipe:pfeiffer_2013,literature,burst,interval,recall,10,0.737219,0.716188,0.761011,0,0,0,1,10,0,0
"ripple_snr,spike_leakage_rate",reference,reference,reference,recipe:pfeiffer_2013_ripples,literature,ripple,interval,recall,10,0.728431,0.699812,0.754759,0,0,0,1,10,0,0
"ripple_snr,spike_leakage_rate",reference,reference,reference,recipe:pfeiffer_2015,literature,ripple,interval,recall,10,0.728431,0.699812,0.754759,0,0,0,1,10,0,0
"ripple_snr,spike_leakage_rate",reference,reference,reference,recipe:shin_2019,literature,ripple,interval,recall,10,0.72451,0.706531,0.74433,0,0,0,1,10,0,0
"ripple_snr,spike_leakage_rate",reference,reference,reference,recipe:silva_2015,literature,burst,interval,recall,10,0.619632,0.590956,0.648278,0,0,0,1,10,0,0
"ripple_snr,spike_leakage_rate",reference,reference,reference,recipe:stella_2019,literature,ripple,interval,recall,10,0.666667,0.649493,0.685394,0,0,0,1,10,0,0
"ripple_snr,spike_leakage_rate",reference,reference,reference,recipe:tang_2017,literature,ripple,interval,recall,10,0.72451,0.706531,0.74433,0,0,0,1,10,0,0
"ripple_snr,spike_leakage_rate",reference,reference,reference,recipe:tirole_2022,literature,network,interval,recall,10,0.511009,0.483133,0.539768,0,0,0,1,10,0,0
"ripple_snr,spike_leakage_rate",reference,reference,reference,recipe:widloski_2025,literature,ripple,interval,recall,10,0.507843,0.469984,0.54879,0,0,0,1,10,0,0
"ripple_snr,spike_leakage_rate",reference,reference,reference,recipe:widloski_2025_bursts,literature,burst,interval,recall,10,0.529652,0.491013,0.571436,0,0,0,1,10,0,0
"ripple_snr,spike_leakage_rate",reference,reference,reference,recipe:wikenheiser_2013,literature,ripple,interval,recall,10,0.832353,0.80594,0.860302,0,0,0,1,10,0,0
"ripple_snr,spike_leakage_rate",reference,reference,reference,recipe:wu_2014,literature,burst,interval,recall,10,0.862986,0.848921,0.877469,0,0,0,1,10,0,0
"ripple_snr,spike_leakage_rate",reference,reference,reference,recipe:wu_2014_ripples,literature,ripple,peak_containment,recall,10,0.898039,0.880974,0.916923,0,0,0,1,10,0,0
"ripple_snr,spike_leakage_rate",reference,reference,reference,recipe:wu_2017,literature,burst,interval,recall,10,0.534765,0.509803,0.559125,0,0,0,1,10,0,0
"ripple_snr,spike_leakage_rate",reference,reference,reference,recipe:xu_2019,literature,burst,interval,recall,10,0.747444,0.729037,0.765482,0,0,0,1,10,0,0
"ripple_snr,spike_leakage_rate",reference,reference,reference,recipe:yamamoto_2017,literature,network,interval,recall,10,0.561468,0.529566,0.596138,0,0,0,1,10,0,0
"ripple_snr,spike_leakage_rate",reference,reference,reference,recipe:yang_2024,literature,network,interval,recall,10,0.416514,0.386402,0.448061,0,0,0,1,10,0,0
"ripple_snr,spike_leakage_rate",reference,6,spike_leakage_rate=6,Carey_candidate_detector,default,network,interval,recall,10,0.813761,0.802128,0.829134,-0.00366972,-0.0124334,0.0028463,0.6875,10,0,0
"ripple_snr,spike_leakage_rate",reference,6,spike_leakage_rate=6,Karlsson_ripple_detector,default,ripple,interval,recall,10,0.723529,0.704853,0.744319,-0.000980392,-0.0040568,0.00212134,1,10,0,0
"ripple_snr,spike_leakage_rate",reference,6,spike_leakage_rate=6,Kay_ripple_detector,default,ripple,interval,recall,10,0.827451,0.814342,0.842843,0,0,0,1,10,0,0
"ripple_snr,spike_leakage_rate",reference,6,spike_leakage_rate=6,Long_sharp_wave_ripple_detector,default,ripple,interval,recall,10,0.688235,0.661825,0.712605,-0.00196078,-0.00477601,0,0.5,10,0,0
"ripple_snr,spike_leakage_rate",reference,6,spike_leakage_rate=6,Roumis_ripple_detector,default,ripple,interval,recall,10,0.828431,0.813977,0.844765,0,0,0,1,10,0,0
"ripple_snr,spike_leakage_rate",reference,6,spike_leakage_rate=6,Shvartsman_ripple_detector,default,ripple,interval,recall,10,0.661765,0.640266,0.685095,-0.00196078,-0.00486867,0,0.5,10,0,0
"ripple_snr,spike_leakage_rate",reference,6,spike_leakage_rate=6,Yu_ripple_detector,default,ripple,interval,recall,10,0.848039,0.832833,0.865145,0,0,0,1,10,0,0
"ripple_snr,spike_leakage_rate",reference,6,spike_leakage_rate=6,Zugaro_ripple_detector,default,ripple,interval,recall,10,0.680392,0.655647,0.703666,0.00490196,-0.00295596,0.0141393,0.375,10,0,0
"ripple_snr,spike_leakage_rate",reference,6,spike_leakage_rate=6,multiunit_HSE_detector,default,burst,interval,recall,10,0.924335,0.911531,0.939748,-0.00715746,-0.0115183,-0.00308285,0.03125,10,0,0
"ripple_snr,spike_leakage_rate",reference,6,spike_leakage_rate=6,recipe:ambrose_2016,literature,ripple,interval,recall,10,0.728431,0.699812,0.754759,0,0,0,1,10,0,0
"ripple_snr,spike_leakage_rate",reference,6,spike_leakage_rate=6,recipe:bendor_2012,literature,burst,interval,recall,10,0.660532,0.628735,0.692967,-0.00920245,-0.019983,0.00198822,0.179688,10,0,0
"ripple_snr,spike_leakage_rate",reference,6,spike_leakage_rate=6,recipe:berners_lee_2021,literature,ripple,interval,recall,10,0.790196,0.767908,0.813176,0,0,0,1,10,0,0
"ripple_snr,spike_leakage_rate",reference,6,spike_leakage_rate=6,recipe:berners_lee_2022,literature,burst,interval,recall,10,0.685072,0.651543,0.719412,0.00204499,-0.0158107,0.0204747,0.703125,10,0,0
"ripple_snr,spike_leakage_rate",reference,6,spike_leakage_rate=6,recipe:bhattarai_2020,literature,network,interval,recall,10,0.379817,0.366052,0.395664,-0.00366972,-0.0169201,0.00795791,0.613281,10,0,0
"ripple_snr,spike_leakage_rate",reference,6,spike_leakage_rate=6,recipe:bhattarai_2020_ripples,literature,ripple,interval,recall,10,0.462745,0.432186,0.493841,-0.00196078,-0.012184,0.00878949,0.648438,10,0,0
"ripple_snr,spike_leakage_rate",reference,6,spike_leakage_rate=6,recipe:bush_2022,literature,burst,interval,recall,10,0.611452,0.57974,0.650572,-0.0194274,-0.0302732,-0.00759056,0.015625,10,0,0
"ripple_snr,spike_leakage_rate",reference,6,spike_leakage_rate=6,recipe:carey_2019,literature,network,interval,recall,10,0.822018,0.80429,0.838622,-0.00366972,-0.00763377,0,0.0625,10,0,0
"ripple_snr,spike_leakage_rate",reference,6,spike_leakage_rate=6,recipe:carr_2012,literature,ripple,interval,recall,10,0.723529,0.704853,0.744319,-0.000980392,-0.0040568,0.00212134,1,10,0,0
"ripple_snr,spike_leakage_rate",reference,6,spike_leakage_rate=6,recipe:chenani_2019,literature,burst,interval,recall,10,0.671779,0.645161,0.701646,-0.0143149,-0.0280308,-0.00219527,0.0859375,10,0,0
"ripple_snr,spike_leakage_rate",reference,6,spike_leakage_rate=6,recipe:davidson_2009,literature,burst,interval,recall,10,0.800613,0.776794,0.824455,-0.00102249,-0.0131449,0.0116547,0.964844,10,0,0
"ripple_snr,spike_leakage_rate",reference,6,spike_leakage_rate=6,recipe:davidson_2009_ripples,literature,ripple,peak_containment,recall,10,0.87549,0.851889,0.898297,0,0,0,1,10,0,0
"ripple_snr,spike_leakage_rate",reference,6,spike_leakage_rate=6,recipe:denovellis_2021,literature,ripple,interval,recall,10,0.828431,0.815282,0.842262,0,0,0,1,10,0,0
"ripple_snr,spike_leakage_rate",reference,6,spike_leakage_rate=6,recipe:denovellis_2021_mua,literature,burst,interval,recall,10,0.923313,0.909989,0.938948,-0.00715746,-0.0115434,-0.00315765,0.03125,10,0,0
"ripple_snr,spike_leakage_rate",reference,6,spike_leakage_rate=6,recipe:diba_2007,literature,burst,interval,recall,10,0.261759,0.231668,0.292569,0.00511247,-0.00317167,0.0122718,0.375,10,0,0
"ripple_snr,spike_leakage_rate",reference,6,spike_leakage_rate=6,recipe:drieu_2018,literature,burst,interval,recall,10,0.775051,0.755778,0.794682,-0.0112474,-0.0262627,0.00314153,0.238281,10,0,0
"ripple_snr,spike_leakage_rate",reference,6,spike_leakage_rate=6,recipe:farooq_2019_neuron,literature,burst,interval,recall,10,0.270961,0.240911,0.301706,-0.00920245,-0.0247986,0.00576466,0.265625,10,0,0
"ripple_snr,spike_leakage_rate",reference,6,spike_leakage_rate=6,recipe:farooq_2019_science,literature,burst,interval,recall,10,0.267894,0.237472,0.297556,-0.0102249,-0.0265601,0.00487353,0.21875,10,0,0
"ripple_snr,spike_leakage_rate",reference,6,spike_leakage_rate=6,recipe:farooq_2019_science_awake,literature,burst,interval,recall,10,0.267894,0.237472,0.297556,-0.0102249,-0.0265601,0.00487353,0.21875,10,0,0
"ripple_snr,spike_leakage_rate",reference,6,spike_leakage_rate=6,recipe:foster_2006,literature,burst,interval,recall,10,0.148262,0.124079,0.175907,0,-0.010989,0.0127969,0.9375,10,0,0
"ripple_snr,spike_leakage_rate",reference,6,spike_leakage_rate=6,recipe:foster_2006_ripples,literature,ripple,interval,recall,10,0.0754902,0.0619905,0.0893051,0.000980392,0,0.003125,1,10,0,0
"ripple_snr,spike_leakage_rate",reference,6,spike_leakage_rate=6,recipe:gillespie_2021,literature,ripple,interval,recall,10,0.827451,0.814342,0.842843,0,0,0,1,10,0,0
"ripple_snr,spike_leakage_rate",reference,6,spike_leakage_rate=6,recipe:gillespie_2021_mua,literature,burst,interval,recall,10,0.823108,0.799033,0.84717,0.00102249,-0.011823,0.015055,0.808594,10,0,0
"ripple_snr,spike_leakage_rate",reference,6,spike_leakage_rate=6,recipe:gridchyn_2020,literature,burst,interval,recall,10,0.898773,0.881936,0.915205,0.00715746,-0.00201628,0.0170351,0.1875,10,0,0
"ripple_snr,spike_leakage_rate",reference,6,spike_leakage_rate=6,recipe:grosmark_2016,literature,network,interval,recall,10,0.407339,0.381471,0.436025,-0.00917431,-0.0188862,2.1815e-05,0.0839844,10,0,0
"ripple_snr,spike_leakage_rate",reference,6,spike_leakage_rate=6,recipe:gupta_2010,literature,ripple,interval,recall,10,0.8,0.777446,0.828924,0,0,0,1,10,0,0
"ripple_snr,spike_leakage_rate",reference,6,spike_leakage_rate=6,recipe:harvey_2023_code,literature,ripple,interval,recall,10,0.560784,0.539681,0.586308,-0.00294118,-0.0178593,0.0093123,0.835938,10,0,0
"ripple_snr,spike_leakage_rate",reference,6,spike_leakage_rate=6,recipe:harvey_2023_no_radiatum,literature,ripple,interval,recall,10,0.598039,0.573473,0.620653,0.000980392,-0.0130014,0.0149325,1,10,0,0
"ripple_snr,spike_leakage_rate",reference,6,spike_leakage_rate=6,recipe:harvey_2023_text,literature,ripple,interval,recall,10,0.604902,0.588118,0.626363,0,-0.00397614,0.00394497,1,10,0,0
"ripple_snr,spike_leakage_rate",reference,6,spike_leakage_rate=6,recipe:huelin_gorriz_2023,literature,network,interval,recall,10,0.511009,0.486842,0.537619,0,-0.00638701,0.00693696,0.90625,10,0,0
"ripple_snr,spike_leakage_rate",reference,6,spike_leakage_rate=6,recipe:igata_2021,literature,burst,interval,recall,10,0.925358,0.910802,0.942888,-0.00715746,-0.0117399,-0.003003,0.03125,10,0,0
"ripple_snr,spike_leakage_rate",reference,6,spike_leakage_rate=6,recipe:igata_2021_ripples,literature,ripple,interval,recall,10,0.871569,0.855421,0.888892,-0.000980392,-0.0030426,0,1,10,0,0
"ripple_snr,spike_leakage_rate",reference,6,spike_leakage_rate=6,recipe:jadhav_2016,literature,ripple,interval,recall,10,0.573529,0.540896,0.605026,-0.0127451,-0.0188151,-0.00636267,0.015625,10,0,0
"ripple_snr,spike_leakage_rate",reference,6,spike_leakage_rate=6,recipe:ji_2007,literature,burst,interval,recall,10,0.730061,0.691139,0.767065,0.0296524,-0.0233328,0.0890433,0.296875,10,0,0
"ripple_snr,spike_leakage_rate",reference,6,spike_leakage_rate=6,recipe:ji_2007_ripples,literature,ripple,interval,recall,10,0.00490196,0.00101623,0.00883243,0,0,0,1,10,0,0
"ripple_snr,spike_leakage_rate",reference,6,spike_leakage_rate=6,recipe:kaefer_2020,literature,ripple,interval,recall,10,0.0107843,0.00584212,0.0155603,0,0,0,1,10,0,0
"ripple_snr,spike_leakage_rate",reference,6,spike_leakage_rate=6,recipe:karlsson_2009,literature,ripple,interval,recall,10,0.723529,0.704853,0.744319,-0.000980392,-0.0040568,0.00212134,1,10,0,0
"ripple_snr,spike_leakage_rate",reference,6,spike_leakage_rate=6,recipe:krause_2022,literature,network,interval,recall,10,0.622018,0.594742,0.647655,0.00183486,-0.00275248,0.00611394,0.5625,10,0,0
"ripple_snr,spike_leakage_rate",reference,6,spike_leakage_rate=6,recipe:krause_2022_hse,literature,burst,interval,recall,10,0.823108,0.799995,0.845318,0.00408998,-0.00580847,0.0174348,0.53125,10,0,0
"ripple_snr,spike_leakage_rate",reference,6,spike_leakage_rate=6,recipe:kudrimoti_1999,literature,ripple,interval,recall,10,0.0245098,0.0174466,0.0338271,0,0,0,1,10,0,0
"ripple_snr,spike_leakage_rate",reference,6,spike_leakage_rate=6,recipe:lee_2002,literature,burst,interval,recall,10,0.95501,0.943631,0.965252,0.00511247,-0.00310567,0.0129495,0.375,10,0,0
"ripple_snr,spike_leakage_rate",reference,6,spike_leakage_rate=6,recipe:lee_2002_ripples,literature,ripple,interval,recall,10,0.0754902,0.0619905,0.0893051,0.000980392,0,0.003125,1,10,0,0
"ripple_snr,spike_leakage_rate",reference,6,spike_leakage_rate=6,recipe:liu_2019,literature,burst,interval,recall,10,0.838446,0.804526,0.872215,-0.00511247,-0.0158577,0.00625717,0.488281,10,0,0
"ripple_snr,spike_leakage_rate",reference,6,spike_leakage_rate=6,recipe:liu_2019_awake,literature,burst,interval,recall,10,0.838446,0.804526,0.872215,-0.00511247,-0.0158577,0.00625717,0.488281,10,0,0
"ripple_snr,spike_leakage_rate",reference,6,spike_leakage_rate=6,recipe:liu_2023,literature,network,interval,recall,10,0.430275,0.411649,0.4505,-0.000917431,-0.0126932,0.0102811,0.976562,10,0,0
"ripple_snr,spike_leakage_rate",reference,6,spike_leakage_rate=6,recipe:maboudi_2018,literature,burst,interval,recall,10,0.798569,0.77914,0.818383,0.00613497,-0.00305212,0.0190885,0.34375,10,0,0
"ripple_snr,spike_leakage_rate",reference,6,spike_leakage_rate=6,recipe:maboudi_2018_open_field,literature,burst,interval,recall,10,0.723926,0.708036,0.747697,-0.0132924,-0.0272633,-0.00104156,0.128906,10,0,0
"ripple_snr,spike_leakage_rate",reference,6,spike_leakage_rate=6,recipe:mallory_2025,literature,burst,interval,recall,10,0.740286,0.721404,0.760042,-0.0194274,-0.0277509,-0.00998951,0.0117188,10,0,0
"ripple_snr,spike_leakage_rate",reference,6,spike_leakage_rate=6,recipe:mallory_2025_ripples,literature,ripple,interval,recall,10,0.690196,0.668886,0.712691,0,0,0,1,10,0,0
"ripple_snr,spike_leakage_rate",reference,6,spike_leakage_rate=6,recipe:michon_2019,literature,network,interval,recall,10,0.252294,0.223,0.280888,0.00183486,-0.00181488,0.00543135,0.25,10,0,0
"ripple_snr,spike_leakage_rate",reference,6,spike_leakage_rate=6,recipe:michon_2021,literature,network,interval,recall,10,0.252294,0.223,0.280888,0.00183486,-0.00181488,0.00543135,0.25,10,0,0
"ripple_snr,spike_leakage_rate",reference,6,spike_leakage_rate=6,recipe:mou_2022,literature,burst,interval,recall,10,0.860941,0.833663,0.887749,0.00408998,-0.00974923,0.0231591,0.75,10,0,0
"ripple_snr,spike_leakage_rate",reference,6,spike_leakage_rate=6,recipe:muessig_2019,literature,network,interval,recall,10,0.0899083,0.0797417,0.100746,-0.0165138,-0.0258476,-0.00765351,0.015625,10,0,0
"ripple_snr,spike_leakage_rate",reference,6,spike_leakage_rate=6,recipe:muessig_2019_ripples,literature,ripple,interval,recall,10,0.876471,0.855957,0.894688,0.000980392,0,0.00314812,1,10,0,0
"ripple_snr,spike_leakage_rate",reference,6,spike_leakage_rate=6,recipe:nadasdy_1999,literature,ripple,interval,recall,10,0.462745,0.442844,0.487101,0.000980392,-0.00395658,0.00637523,0.75,10,0,0
"ripple_snr,spike_leakage_rate",reference,6,spike_leakage_rate=6,recipe:olafsdottir_2015,literature,burst,interval,recall,10,0.684049,0.665975,0.703066,0.00715746,-0.00520346,0.0186543,0.310547,10,0,0
"ripple_snr,spike_leakage_rate",reference,6,spike_leakage_rate=6,recipe:olafsdottir_2015.bayesian_candidates,literature,burst,interval,recall,10,0.611452,0.587461,0.636849,-0.00102249,-0.0141855,0.012783,0.914062,10,0,0
"ripple_snr,spike_leakage_rate",reference,6,spike_leakage_rate=6,recipe:olafsdottir_2016,literature,burst,interval,recall,10,0.566462,0.536731,0.603271,-0.00408998,-0.0178951,0.00949417,0.605469,10,0,0
"ripple_snr,spike_leakage_rate",reference,6,spike_leakage_rate=6,recipe:olafsdottir_2017,literature,burst,interval,recall,10,0.754601,0.736895,0.774747,-0.00613497,-0.020213,0.00524164,0.4375,10,0,0
"ripple_snr,spike_leakage_rate",reference,6,spike_leakage_rate=6,recipe:olafsdottir_2017.trajectory,literature,burst,interval,recall,10,0.566462,0.536731,0.603271,-0.00408998,-0.0178951,0.00949417,0.605469,10,0,0
"ripple_snr,spike_leakage_rate",reference,6,spike_leakage_rate=6,recipe:pfeiffer_2013,literature,burst,interval,recall,10,0.723926,0.708036,0.747697,-0.0132924,-0.0272633,-0.00104156,0.128906,10,0,0
"ripple_snr,spike_leakage_rate",reference,6,spike_leakage_rate=6,recipe:pfeiffer_2013_ripples,literature,ripple,interval,recall,10,0.728431,0.699812,0.754759,0,0,0,1,10,0,0
"ripple_snr,spike_leakage_rate",reference,6,spike_leakage_rate=6,recipe:pfeiffer_2015,literature,ripple,interval,recall,10,0.728431,0.699812,0.754759,0,0,0,1,10,0,0
"ripple_snr,spike_leakage_rate",reference,6,spike_leakage_rate=6,recipe:shin_2019,literature,ripple,interval,recall,10,0.723529,0.704853,0.744319,-0.000980392,-0.0040568,0.00212134,1,10,0,0
"ripple_snr,spike_leakage_rate",reference,6,spike_leakage_rate=6,recipe:silva_2015,literature,burst,interval,recall,10,0.608384,0.580152,0.639176,-0.0112474,-0.03013,0.00413672,0.34375,10,0,0
"ripple_snr,spike_leakage_rate",reference,6,spike_leakage_rate=6,recipe:stella_2019,literature,ripple,interval,recall,10,0.664706,0.646376,0.685989,-0.00196078,-0.00622423,0.00280158,0.40625,10,0,0
"ripple_snr,spike_leakage_rate",reference,6,spike_leakage_rate=6,recipe:tang_2017,literature,ripple,interval,recall,10,0.723529,0.704853,0.744319,-0.000980392,-0.0040568,0.00212134,1,10,0,0
"ripple_snr,spike_leakage_rate",reference,6,spike_leakage_rate=6,recipe:tirole_2022,literature,network,interval,recall,10,0.511009,0.486842,0.537619,0,-0.00638701,0.00693696,0.90625,10,0,0
"ripple_snr,spike_leakage_rate",reference,6,spike_leakage_rate=6,recipe:widloski_2025,literature,ripple,interval,recall,10,0.512745,0.476484,0.551935,0.00490196,-0.000984276,0.0105384,0.25,10,0,0
"ripple_snr,spike_leakage_rate",reference,6,spike_leakage_rate=6,recipe:widloski_2025_bursts,literature,burst,interval,recall,10,0.519427,0.477423,0.564299,-0.0102249,-0.0211082,0.00107198,0.195312,10,0,0
"ripple_snr,spike_leakage_rate",reference,6,spike_leakage_rate=6,recipe:wikenheiser_2013,literature,ripple,interval,recall,10,0.832353,0.807202,0.859455,0,-0.00285171,0.002833,1,10,0,0
"ripple_snr,spike_leakage_rate",reference,6,spike_leakage_rate=6,recipe:wu_2014,literature,burst,interval,recall,10,0.856851,0.836652,0.87513,-0.00613497,-0.0190688,0.00609137,0.40625,10,0,0
"ripple_snr,spike_leakage_rate",reference,6,spike_leakage_rate=6,recipe:wu_2014_ripples,literature,ripple,peak_containment,recall,10,0.897059,0.879019,0.916746,-0.000980392,-0.00310889,0,1,10,0,0
"ripple_snr,spike_leakage_rate",reference,6,spike_leakage_rate=6,recipe:wu_2017,literature,burst,interval,recall,10,0.534765,0.506391,0.563599,0,-0.0136866,0.0147683,0.90625,10,0,0
"ripple_snr,spike_leakage_rate",reference,6,spike_leakage_rate=6,recipe:xu_2019,literature,burst,interval,recall,10,0.736196,0.720929,0.753736,-0.0112474,-0.024163,0.000968483,0.109375,10,0,0
"ripple_snr,spike_leakage_rate",reference,6,spike_leakage_rate=6,recipe:yamamoto_2017,literature,network,interval,recall,10,0.536697,0.512673,0.559963,-0.0247706,-0.0575675,0.00269448,0.1875,10,0,0
"ripple_snr,spike_leakage_rate",reference,6,spike_leakage_rate=6,recipe:yang_2024,literature,network,interval,recall,10,0.407339,0.381471,0.436025,-0.00917431,-0.0188862,2.1815e-05,0.0839844,10,0,0
"ripple_snr,spike_leakage_rate",high,0,"ripple_snr=high,spike_leakage_rate=0",Carey_candidate_detector,default,network,interval,recall,10,0.785321,0.773158,0.798288,-0.0321101,-0.0445274,-0.0185001,0.0078125,10,0,0
"ripple_snr,spike_leakage_rate",high,0,"ripple_snr=high,spike_leakage_rate=0",Karlsson_ripple_detector,default,ripple,interval,recall,10,0.746078,0.722611,0.769396,0.0215686,0.00400712,0.0383184,0.0390625,10,0,0
"ripple_snr,spike_leakage_rate",high,0,"ripple_snr=high,spike_leakage_rate=0",Kay_ripple_detector,default,ripple,interval,recall,10,0.788235,0.774699,0.804082,-0.0392157,-0.0538622,-0.0242339,0.00390625,10,0,0
"ripple_snr,spike_leakage_rate",high,0,"ripple_snr=high,spike_leakage_rate=0",Long_sharp_wave_ripple_detector,default,ripple,interval,recall,10,0.748039,0.730968,0.766033,0.0578431,0.0358849,0.0795463,0.00390625,10,0,0
"ripple_snr,spike_leakage_rate",high,0,"ripple_snr=high,spike_leakage_rate=0",Roumis_ripple_detector,default,ripple,interval,recall,10,0.789216,0.773914,0.806664,-0.0392157,-0.054002,-0.024229,0.00390625,10,0,0
"ripple_snr,spike_leakage_rate",high,0,"ripple_snr=high,spike_leakage_rate=0",Shvartsman_ripple_detector,default,ripple,interval,recall,10,0.741176,0.717241,0.765896,0.077451,0.0604021,0.0923386,0.00195312,10,0,0
"ripple_snr,spike_leakage_rate",high,0,"ripple_snr=high,spike_leakage_rate=0",Yu_ripple_detector,default,ripple,interval,recall,10,0.844118,0.830115,0.860285,-0.00392157,-0.0122304,0.00668689,0.527344,10,0,0
"ripple_snr,spike_leakage_rate",high,0,"ripple_snr=high,spike_leakage_rate=0",Zugaro_ripple_detector,default,ripple,interval,recall,10,0.756863,0.728176,0.786196,0.0813725,0.0651721,0.0999049,0.00195312,10,0,0
"ripple_snr,spike_leakage_rate",high,0,"ripple_snr=high,spike_leakage_rate=0",multiunit_HSE_detector,default,burst,interval,recall,10,0.925358,0.911961,0.940764,-0.00613497,-0.0142861,0.00101523,0.25,10,0,0
"ripple_snr,spike_leakage_rate",high,0,"ripple_snr=high,spike_leakage_rate=0",recipe:ambrose_2016,literature,ripple,interval,recall,10,0.717647,0.694753,0.741904,-0.0107843,-0.0268991,0.012606,0.480469,10,0,0
"ripple_snr,spike_leakage_rate",high,0,"ripple_snr=high,spike_leakage_rate=0",recipe:bendor_2012,literature,burst,interval,recall,10,0.684049,0.655945,0.71337,0.0143149,0.0079994,0.0220612,0.0078125,10,0,0
"ripple_snr,spike_leakage_rate",high,0,"ripple_snr=high,spike_leakage_rate=0",recipe:berners_lee_2021,literature,ripple,interval,recall,10,0.739216,0.720345,0.761859,-0.0509804,-0.0662654,-0.0353154,0.00390625,10,0,0
"ripple_snr,spike_leakage_rate",high,0,"ripple_snr=high,spike_leakage_rate=0",recipe:berners_lee_2022,literature,burst,interval,recall,10,0.691207,0.657086,0.725617,0.00817996,-0.0128844,0.0295034,0.453125,10,0,0
"ripple_snr,spike_leakage_rate",high,0,"ripple_snr=high,spike_leakage_rate=0",recipe:bhattarai_2020,literature,network,interval,recall,10,0.440367,0.42294,0.45964,0.0568807,0.0385303,0.0738689,0.00390625,10,0,0
"ripple_snr,spike_leakage_rate",high,0,"ripple_snr=high,spike_leakage_rate=0",recipe:bhattarai_2020_ripples,literature,ripple,interval,recall,10,0.533333,0.505888,0.560428,0.0686275,0.0573897,0.0794442,0.00195312,10,0,0
"ripple_snr,spike_leakage_rate",high,0,"ripple_snr=high,spike_leakage_rate=0",recipe:bush_2022,literature,burst,interval,recall,10,0.634969,0.607569,0.667692,0.00408998,-0.00517103,0.015658,0.515625,10,0,0
"ripple_snr,spike_leakage_rate",high,0,"ripple_snr=high,spike_leakage_rate=0",recipe:carey_2019,literature,network,interval,recall,10,0.823853,0.812214,0.833966,-0.00183486,-0.0137504,0.0104635,0.742188,10,0,0
"ripple_snr,spike_leakage_rate",high,0,"ripple_snr=high,spike_leakage_rate=0",recipe:carr_2012,literature,ripple,interval,recall,10,0.746078,0.722611,0.769396,0.0215686,0.00400712,0.0383184,0.0390625,10,0,0
"ripple_snr,spike_leakage_rate",high,0,"ripple_snr=high,spike_leakage_rate=0",recipe:chenani_2019,literature,burst,interval,recall,10,0.694274,0.674128,0.713713,0.00817996,-0.00489776,0.0212095,0.210938,10,0,0
"ripple_snr,spike_leakage_rate",high,0,"ripple_snr=high,spike_leakage_rate=0",recipe:davidson_2009,literature,burst,interval,recall,10,0.804703,0.781702,0.826136,0.00306748,-0.0137403,0.0201275,0.703125,10,0,0
"ripple_snr,spike_leakage_rate",high,0,"ripple_snr=high,spike_leakage_rate=0",recipe:davidson_2009_ripples,literature,ripple,peak_containment,recall,10,0.85,0.828516,0.871364,-0.0254902,-0.0452281,-0.00939696,0.0234375,10,0,0
"ripple_snr,spike_leakage_rate",high,0,"ripple_snr=high,spike_leakage_rate=0",recipe:denovellis_2021,literature,ripple,interval,recall,10,0.8,0.787401,0.814583,-0.0284314,-0.0387167,-0.0172927,0.00390625,10,0,0
"ripple_snr,spike_leakage_rate",high,0,"ripple_snr=high,spike_leakage_rate=0",recipe:denovellis_2021_mua,literature,burst,interval,recall,10,0.925358,0.912075,0.940283,-0.00511247,-0.0114476,0.00104937,0.234375,10,0,0
"ripple_snr,spike_leakage_rate",high,0,"ripple_snr=high,spike_leakage_rate=0",recipe:diba_2007,literature,burst,interval,recall,10,0.255624,0.226317,0.284394,-0.00102249,-0.00929776,0.00626321,0.875,10,0,0
"ripple_snr,spike_leakage_rate",high,0,"ripple_snr=high,spike_leakage_rate=0",recipe:drieu_2018,literature,burst,interval,recall,10,0.803681,0.789085,0.81878,0.0173824,0.00813008,0.0285722,0.015625,10,0,0
"ripple_snr,spike_leakage_rate",high,0,"ripple_snr=high,spike_leakage_rate=0",recipe:farooq_2019_neuron,literature,burst,interval,recall,10,0.295501,0.26793,0.325879,0.0153374,0.0010101,0.0323664,0.109375,10,0,0
"ripple_snr,spike_leakage_rate",high,0,"ripple_snr=high,spike_leakage_rate=0",recipe:farooq_2019_science,literature,burst,interval,recall,10,0.291411,0.263527,0.32158,0.0132924,0,0.0296526,0.136719,10,0,0
"ripple_snr,spike_leakage_rate",high,0,"ripple_snr=high,spike_leakage_rate=0",recipe:farooq_2019_science_awake,literature,burst,interval,recall,10,0.291411,0.263527,0.32158,0.0132924,0,0.0296526,0.136719,10,0,0
"ripple_snr,spike_leakage_rate",high,0,"ripple_snr=high,spike_leakage_rate=0",recipe:foster_2006,literature,burst,interval,recall,10,0.143149,0.123152,0.163812,-0.00511247,-0.0164279,0.00848273,0.539062,10,0,0
"ripple_snr,spike_leakage_rate",high,0,"ripple_snr=high,spike_leakage_rate=0",recipe:foster_2006_ripples,literature,ripple,interval,recall,10,0.411765,0.379806,0.443397,0.337255,0.309647,0.362606,0.00195312,10,0,0
"ripple_snr,spike_leakage_rate",high,0,"ripple_snr=high,spike_leakage_rate=0",recipe:gillespie_2021,literature,ripple,interval,recall,10,0.788235,0.774699,0.804082,-0.0392157,-0.0538622,-0.0242339,0.00390625,10,0,0
"ripple_snr,spike_leakage_rate",high,0,"ripple_snr=high,spike_leakage_rate=0",recipe:gillespie_2021_mua,literature,burst,interval,recall,10,0.825153,0.804639,0.846939,0.00306748,-0.014449,0.0210799,0.726562,10,0,0
"ripple_snr,spike_leakage_rate",high,0,"ripple_snr=high,spike_leakage_rate=0",recipe:gridchyn_2020,literature,burst,interval,recall,10,0.895706,0.876106,0.914286,0.00408998,-0.00706483,0.0154643,0.480469,10,0,0
"ripple_snr,spike_leakage_rate",high,0,"ripple_snr=high,spike_leakage_rate=0",recipe:grosmark_2016,literature,network,interval,recall,10,0.498165,0.474973,0.520757,0.0816514,0.0660772,0.100278,0.00195312,10,0,0
"ripple_snr,spike_leakage_rate",high,0,"ripple_snr=high,spike_leakage_rate=0",recipe:gupta_2010,literature,ripple,interval,recall,10,0.814706,0.7998,0.832355,0.0147059,0.00110411,0.0260375,0.0859375,10,0,0
"ripple_snr,spike_leakage_rate",high,0,"ripple_snr=high,spike_leakage_rate=0",recipe:harvey_2023_code,literature,ripple,interval,recall,10,0.617647,0.591633,0.64082,0.0539216,0.0340455,0.0725591,0.00390625,10,0,0
"ripple_snr,spike_leakage_rate",high,0,"ripple_snr=high,spike_leakage_rate=0",recipe:harvey_2023_no_radiatum,literature,ripple,interval,recall,10,0.643137,0.62184,0.663806,0.0460784,0.025125,0.0629776,0.0078125,10,0,0
"ripple_snr,spike_leakage_rate",high,0,"ripple_snr=high,spike_leakage_rate=0",recipe:harvey_2023_text,literature,ripple,interval,recall,10,0.748039,0.72016,0.777256,0.143137,0.118153,0.167864,0.00195312,10,0,0
"ripple_snr,spike_leakage_rate",high,0,"ripple_snr=high,spike_leakage_rate=0",recipe:huelin_gorriz_2023,literature,network,interval,recall,10,0.526606,0.504752,0.549422,0.0155963,0,0.0299071,0.113281,10,0,0
"ripple_snr,spike_leakage_rate",high,0,"ripple_snr=high,spike_leakage_rate=0",recipe:igata_2021,literature,burst,interval,recall,10,0.93047,0.916244,0.946466,-0.00204499,-0.00652192,0.00210532,0.40625,10,0,0
"ripple_snr,spike_leakage_rate",high,0,"ripple_snr=high,spike_leakage_rate=0",recipe:igata_2021_ripples,literature,ripple,interval,recall,10,0.862745,0.846871,0.878637,-0.00980392,-0.0205981,0.000993424,0.148438,10,0,0
"ripple_snr,spike_leakage_rate",high,0,"ripple_snr=high,spike_leakage_rate=0",recipe:jadhav_2016,literature,ripple,interval,recall,10,0.613725,0.584627,0.643919,0.027451,0.0182149,0.0357892,0.00390625,10,0,0
"ripple_snr,spike_leakage_rate",high,0,"ripple_snr=high,spike_leakage_rate=0",recipe:ji_2007,literature,burst,interval,recall,10,0.737219,0.702911,0.768827,0.0368098,-0.0132417,0.0980208,0.220703,10,0,0
"ripple_snr,spike_leakage_rate",high,0,"ripple_snr=high,spike_leakage_rate=0",recipe:ji_2007_ripples,literature,ripple,interval,recall,10,0.118627,0.100189,0.141474,0.113725,0.0943757,0.137337,0.00195312,10,0,0
"ripple_snr,spike_leakage_rate",high,0,"ripple_snr=high,spike_leakage_rate=0",recipe:kaefer_2020,literature,ripple,interval,recall,10,0.111765,0.0978574,0.128386,0.10098,0.0852515,0.118435,0.00195312,10,0,0
"ripple_snr,spike_leakage_rate",high,0,"ripple_snr=high,spike_leakage_rate=0",recipe:karlsson_2009,literature,ripple,interval,recall,10,0.746078,0.722611,0.769396,0.0215686,0.00400712,0.0383184,0.0390625,10,0,0
"ripple_snr,spike_leakage_rate",high,0,"ripple_snr=high,spike_leakage_rate=0",recipe:krause_2022,literature,network,interval,recall,10,0.62844,0.602608,0.655271,0.00825688,0.000884076,0.0173264,0.0625,10,0,0
"ripple_snr,spike_leakage_rate",high,0,"ripple_snr=high,spike_leakage_rate=0",recipe:krause_2022_hse,literature,burst,interval,recall,10,0.821063,0.800785,0.841152,0.00204499,-0.00722432,0.0134443,0.625,10,0,0
"ripple_snr,spike_leakage_rate",high,0,"ripple_snr=high,spike_leakage_rate=0",recipe:kudrimoti_1999,literature,ripple,interval,recall,10,0.346078,0.316994,0.375628,0.321569,0.290504,0.354355,0.00195312,10,0,0
"ripple_snr,spike_leakage_rate",high,0,"ripple_snr=high,spike_leakage_rate=0",recipe:lee_2002,literature,burst,interval,recall,10,0.952965,0.939733,0.964576,0.00306748,-0.00634937,0.0119763,0.6875,10,0,0
"ripple_snr,spike_leakage_rate",high,0,"ripple_snr=high,spike_leakage_rate=0",recipe:lee_2002_ripples,literature,ripple,interval,recall,10,0.411765,0.379806,0.443397,0.337255,0.309647,0.362606,0.00195312,10,0,0
"ripple_snr,spike_leakage_rate",high,0,"ripple_snr=high,spike_leakage_rate=0",recipe:liu_2019,literature,burst,interval,recall,10,0.843558,0.816219,0.871319,0,-0.00904545,0.00944411,0.90625,10,0,0
"ripple_snr,spike_leakage_rate",high,0,"ripple_snr=high,spike_leakage_rate=0",recipe:liu_2019_awake,literature,burst,interval,recall,10,0.843558,0.816219,0.871319,0,-0.00904545,0.00944411,0.90625,10,0,0
"ripple_snr,spike_leakage_rate",high,0,"ripple_snr=high,spike_leakage_rate=0",recipe:liu_2023,literature,network,interval,recall,10,0.46789,0.450703,0.487442,0.0366972,0.0171314,0.0577991,0.0117188,10,0,0
"ripple_snr,spike_leakage_rate",high,0,"ripple_snr=high,spike_leakage_rate=0",recipe:maboudi_2018,literature,burst,interval,recall,10,0.797546,0.778983,0.815681,0.00511247,-0.00584983,0.0167209,0.40625,10,0,0
"ripple_snr,spike_leakage_rate",high,0,"ripple_snr=high,spike_leakage_rate=0",recipe:maboudi_2018_open_field,literature,burst,interval,recall,10,0.743354,0.727079,0.759534,0.00613497,-0.00504058,0.01719,0.382812,10,0,0
"ripple_snr,spike_leakage_rate",high,0,"ripple_snr=high,spike_leakage_rate=0",recipe:mallory_2025,literature,burst,interval,recall,10,0.775051,0.753578,0.796893,0.0153374,0.0062046,0.0236223,0.0234375,10,0,0
"ripple_snr,spike_leakage_rate",high,0,"ripple_snr=high,spike_leakage_rate=0",recipe:mallory_2025_ripples,literature,ripple,interval,recall,10,0.717647,0.692512,0.74389,0.027451,0.00464848,0.04987,0.0566406,10,0,0
"ripple_snr,spike_leakage_rate",high,0,"ripple_snr=high,spike_leakage_rate=0",recipe:michon_2019,literature,network,interval,recall,10,0.370642,0.352229,0.391842,0.120183,0.0986389,0.142992,0.00195312,10,0,0
"ripple_snr,spike_leakage_rate",high,0,"ripple_snr=high,spike_leakage_rate=0",recipe:michon_2021,literature,network,interval,recall,10,0.370642,0.352229,0.391842,0.120183,0.0986389,0.142992,0.00195312,10,0,0
"ripple_snr,spike_leakage_rate",high,0,"ripple_snr=high,spike_leakage_rate=0",recipe:mou_2022,literature,burst,interval,recall,10,0.852761,0.826941,0.877321,-0.00408998,-0.0255109,0.0188334,0.867188,10,0,0
"ripple_snr,spike_leakage_rate",high,0,"ripple_snr=high,spike_leakage_rate=0",recipe:muessig_2019,literature,network,interval,recall,10,0.111927,0.0966303,0.127444,0.00550459,-0.00174528,0.0134878,0.15625,10,0,0
"ripple_snr,spike_leakage_rate",high,0,"ripple_snr=high,spike_leakage_rate=0",recipe:muessig_2019_ripples,literature,ripple,interval,recall,10,0.886275,0.870656,0.901762,0.0107843,-0.00109187,0.0252131,0.171875,10,0,0
"ripple_snr,spike_leakage_rate",high,0,"ripple_snr=high,spike_leakage_rate=0",recipe:nadasdy_1999,literature,ripple,interval,recall,10,0.652941,0.629801,0.680731,0.191176,0.168215,0.217217,0.00195312,10,0,0
"ripple_snr,spike_leakage_rate",high,0,"ripple_snr=high,spike_leakage_rate=0",recipe:olafsdottir_2015,literature,burst,interval,recall,10,0.683027,0.661939,0.703751,0.00613497,-0.00619211,0.0170179,0.382812,10,0,0
"ripple_snr,spike_leakage_rate",high,0,"ripple_snr=high,spike_leakage_rate=0",recipe:olafsdottir_2015.bayesian_candidates,literature,burst,interval,recall,10,0.615542,0.587673,0.646339,0.00306748,-0.00619835,0.0121957,0.515625,10,0,0
"ripple_snr,spike_leakage_rate",high,0,"ripple_snr=high,spike_leakage_rate=0",recipe:olafsdottir_2016,literature,burst,interval,recall,10,0.57362,0.543568,0.60951,0.00306748,-0.0141443,0.0204962,0.730469,10,0,0
"ripple_snr,spike_leakage_rate",high,0,"ripple_snr=high,spike_leakage_rate=0",recipe:olafsdottir_2017,literature,burst,interval,recall,10,0.752556,0.740233,0.76569,-0.00817996,-0.0173915,0.00197433,0.128906,10,0,0
"ripple_snr,spike_leakage_rate",high,0,"ripple_snr=high,spike_leakage_rate=0",recipe:olafsdottir_2017.trajectory,literature,burst,interval,recall,10,0.57362,0.543568,0.60951,0.00306748,-0.0141443,0.0204962,0.730469,10,0,0
"ripple_snr,spike_leakage_rate",high,0,"ripple_snr=high,spike_leakage_rate=0",recipe:pfeiffer_2013,literature,burst,interval,recall,10,0.743354,0.727079,0.759534,0.00613497,-0.00504058,0.01719,0.382812,10,0,0
"ripple_snr,spike_leakage_rate",high,0,"ripple_snr=high,spike_leakage_rate=0",recipe:pfeiffer_2013_ripples,literature,ripple,interval,recall,10,0.717647,0.694753,0.741904,-0.0107843,-0.0268991,0.012606,0.480469,10,0,0
"ripple_snr,spike_leakage_rate",high,0,"ripple_snr=high,spike_leakage_rate=0",recipe:pfeiffer_2015,literature,ripple,interval,recall,10,0.717647,0.694753,0.741904,-0.0107843,-0.0268991,0.012606,0.480469,10,0,0
"ripple_snr,spike_leakage_rate",high,0,"ripple_snr=high,spike_leakage_rate=0",recipe:shin_2019,literature,ripple,interval,recall,10,0.746078,0.722611,0.769396,0.0215686,0.00400712,0.0383184,0.0390625,10,0,0
"ripple_snr,spike_leakage_rate",high,0,"ripple_snr=high,spike_leakage_rate=0",recipe:silva_2015,literature,burst,interval,recall,10,0.625767,0.597006,0.656835,0.00613497,-0.011285,0.0219783,0.457031,10,0,0
"ripple_snr,spike_leakage_rate",high,0,"ripple_snr=high,spike_leakage_rate=0",recipe:stella_2019,literature,ripple,interval,recall,10,0.789216,0.768399,0.809621,0.122549,0.101625,0.142311,0.00195312,10,0,0
"ripple_snr,spike_leakage_rate",high,0,"ripple_snr=high,spike_leakage_rate=0",recipe:tang_2017,literature,ripple,interval,recall,10,0.746078,0.722611,0.769396,0.0215686,0.00400712,0.0383184,0.0390625,10,0,0
"ripple_snr,spike_leakage_rate",high,0,"ripple_snr=high,spike_leakage_rate=0",recipe:tirole_2022,literature,network,interval,recall,10,0.526606,0.504752,0.549422,0.0155963,0,0.0299071,0.113281,10,0,0
"ripple_snr,spike_leakage_rate",high,0,"ripple_snr=high,spike_leakage_rate=0",recipe:widloski_2025,literature,ripple,interval,recall,10,0.584314,0.550685,0.620968,0.0764706,0.0556093,0.100094,0.00195312,10,0,0
"ripple_snr,spike_leakage_rate",high,0,"ripple_snr=high,spike_leakage_rate=0",recipe:widloski_2025_bursts,literature,burst,interval,recall,10,0.535787,0.497059,0.57624,0.00613497,-0.0030091,0.0146598,0.183594,10,0,0
"ripple_snr,spike_leakage_rate",high,0,"ripple_snr=high,spike_leakage_rate=0",recipe:wikenheiser_2013,literature,ripple,interval,recall,10,0.821569,0.79633,0.844009,-0.0107843,-0.0261887,0.0067504,0.207031,10,0,0
"ripple_snr,spike_leakage_rate",high,0,"ripple_snr=high,spike_leakage_rate=0",recipe:wu_2014,literature,burst,interval,recall,10,0.871166,0.855466,0.886875,0.00817996,0,0.0172074,0.140625,10,0,0
"ripple_snr,spike_leakage_rate",high,0,"ripple_snr=high,spike_leakage_rate=0",recipe:wu_2014_ripples,literature,ripple,peak_containment,recall,10,0.864706,0.846231,0.883106,-0.0333333,-0.0505271,-0.0206274,0.00390625,10,0,0
"ripple_snr,spike_leakage_rate",high,0,"ripple_snr=high,spike_leakage_rate=0",recipe:wu_2017,literature,burst,interval,recall,10,0.538855,0.511851,0.56657,0.00408998,-0.0224267,0.0318624,0.734375,10,0,0
"ripple_snr,spike_leakage_rate",high,0,"ripple_snr=high,spike_leakage_rate=0",recipe:xu_2019,literature,burst,interval,recall,10,0.763804,0.749734,0.77665,0.0163599,0.00520793,0.0280745,0.046875,10,0,0
"ripple_snr,spike_leakage_rate",high,0,"ripple_snr=high,spike_leakage_rate=0",recipe:yamamoto_2017,literature,network,interval,recall,10,0.559633,0.537054,0.58395,-0.00183486,-0.0185517,0.0160876,0.884766,10,0,0
"ripple_snr,spike_leakage_rate",high,0,"ripple_snr=high,spike_leakage_rate=0",recipe:yang_2024,literature,network,interval,recall,10,0.498165,0.474973,0.520757,0.0816514,0.0660772,0.100278,0.00195312,10,0,0
"ripple_snr,spike_leakage_rate",high,reference,ripple_snr=high,Carey_candidate_detector,default,network,interval,recall,10,0.790826,0.776671,0.806801,-0.0266055,-0.036805,-0.0154827,0.0078125,10,0,0
"ripple_snr,spike_leakage_rate",high,reference,ripple_snr=high,Karlsson_ripple_detector,default,ripple,interval,recall,10,0.746078,0.722611,0.769396,0.0215686,0.00400712,0.0383184,0.0390625,10,0,0
"ripple_snr,spike_leakage_rate",high,reference,ripple_snr=high,Kay_ripple_detector,default,ripple,interval,recall,10,0.788235,0.774699,0.804082,-0.0392157,-0.0538622,-0.0242339,0.00390625,10,0,0
"ripple_snr,spike_leakage_rate",high,reference,ripple_snr=high,Long_sharp_wave_ripple_detector,default,ripple,interval,recall,10,0.748039,0.730968,0.766033,0.0578431,0.0358849,0.0795463,0.00390625,10,0,0
"ripple_snr,spike_leakage_rate",high,reference,ripple_snr=high,Roumis_ripple_detector,default,ripple,interval,recall,10,0.789216,0.773914,0.806664,-0.0392157,-0.054002,-0.024229,0.00390625,10,0,0
"ripple_snr,spike_leakage_rate",high,reference,ripple_snr=high,Shvartsman_ripple_detector,default,ripple,interval,recall,10,0.741176,0.717241,0.765896,0.077451,0.0604021,0.0923386,0.00195312,10,0,0
"ripple_snr,spike_leakage_rate",high,reference,ripple_snr=high,Yu_ripple_detector,default,ripple,interval,recall,10,0.844118,0.830115,0.860285,-0.00392157,-0.0122304,0.00668689,0.527344,10,0,0
"ripple_snr,spike_leakage_rate",high,reference,ripple_snr=high,Zugaro_ripple_detector,default,ripple,interval,recall,10,0.757843,0.729225,0.787065,0.0823529,0.0667231,0.100312,0.00195312,10,0,0
"ripple_snr,spike_leakage_rate",high,reference,ripple_snr=high,multiunit_HSE_detector,default,burst,interval,recall,10,0.931493,0.917158,0.948138,0,0,0,1,10,0,0
"ripple_snr,spike_leakage_rate",high,reference,ripple_snr=high,recipe:ambrose_2016,literature,ripple,interval,recall,10,0.717647,0.694753,0.741904,-0.0107843,-0.0268991,0.012606,0.480469,10,0,0
"ripple_snr,spike_leakage_rate",high,reference,ripple_snr=high,recipe:bendor_2012,literature,burst,interval,recall,10,0.669734,0.643002,0.697931,0,0,0,1,10,0,0
"ripple_snr,spike_leakage_rate",high,reference,ripple_snr=high,recipe:berners_lee_2021,literature,ripple,interval,recall,10,0.739216,0.720345,0.761859,-0.0509804,-0.0662654,-0.0353154,0.00390625,10,0,0
"ripple_snr,spike_leakage_rate",high,reference,ripple_snr=high,recipe:berners_lee_2022,literature,burst,interval,recall,10,0.683027,0.657603,0.710964,0,0,0,1,10,0,0
"ripple_snr,spike_leakage_rate",high,reference,ripple_snr=high,recipe:bhattarai_2020,literature,network,interval,recall,10,0.444954,0.427696,0.464085,0.0614679,0.0512322,0.0730787,0.00195312,10,0,0
"ripple_snr,spike_leakage_rate",high,reference,ripple_snr=high,recipe:bhattarai_2020_ripples,literature,ripple,interval,recall,10,0.536275,0.509998,0.563767,0.0715686,0.0618656,0.081854,0.00195312,10,0,0
"ripple_snr,spike_leakage_rate",high,reference,ripple_snr=high,recipe:bush_2022,literature,burst,interval,recall,10,0.630879,0.597014,0.668706,0,0,0,1,10,0,0
"ripple_snr,spike_leakage_rate",high,reference,ripple_snr=high,recipe:carey_2019,literature,network,interval,recall,10,0.827523,0.808876,0.847104,0.00183486,-0.0094004,0.0132969,0.804688,10,0,0
"ripple_snr,spike_leakage_rate",high,reference,ripple_snr=high,recipe:carr_2012,literature,ripple,interval,recall,10,0.746078,0.722611,0.769396,0.0215686,0.00400712,0.0383184,0.0390625,10,0,0
"ripple_snr,spike_leakage_rate",high,reference,ripple_snr=high,recipe:chenani_2019,literature,burst,interval,recall,10,0.686094,0.665608,0.709887,0,0,0,1,10,0,0
"ripple_snr,spike_leakage_rate",high,reference,ripple_snr=high,recipe:davidson_2009,literature,burst,interval,recall,10,0.801636,0.785994,0.820324,0,0,0,1,10,0,0
"ripple_snr,spike_leakage_rate",high,reference,ripple_snr=high,recipe:davidson_2009_ripples,literature,ripple,peak_containment,recall,10,0.85,0.828516,0.871364,-0.0254902,-0.0452281,-0.00939696,0.0234375,10,0,0
"ripple_snr,spike_leakage_rate",high,reference,ripple_snr=high,recipe:denovellis_2021,literature,ripple,interval,recall,10,0.8,0.787401,0.814583,-0.0284314,-0.0387167,-0.0172927,0.00390625,10,0,0
"ripple_snr,spike_leakage_rate",high,reference,ripple_snr=high,recipe:denovellis_2021_mua,literature,burst,interval,recall,10,0.93047,0.916838,0.946485,0,0,0,1,10,0,0
"ripple_snr,spike_leakage_rate",high,reference,ripple_snr=high,recipe:diba_2007,literature,burst,interval,recall,10,0.256646,0.22654,0.287224,0,0,0,1,10,0,0
"ripple_snr,spike_leakage_rate",high,reference,ripple_snr=high,recipe:drieu_2018,literature,burst,interval,recall,10,0.786299,0.775775,0.797509,0,0,0,1,10,0,0
"ripple_snr,spike_leakage_rate",high,reference,ripple_snr=high,recipe:farooq_2019_neuron,literature,burst,interval,recall,10,0.280164,0.243652,0.32154,0,0,0,1,10,0,0
"ripple_snr,spike_leakage_rate",high,reference,ripple_snr=high,recipe:farooq_2019_science,literature,burst,interval,recall,10,0.278119,0.242423,0.318476,0,0,0,1,10,0,0
"ripple_snr,spike_leakage_rate",high,reference,ripple_snr=high,recipe:farooq_2019_science_awake,literature,burst,interval,recall,10,0.278119,0.242423,0.318476,0,0,0,1,10,0,0
"ripple_snr,spike_leakage_rate",high,reference,ripple_snr=high,recipe:foster_2006,literature,burst,interval,recall,10,0.148262,0.127082,0.172862,0,0,0,1,10,0,0
"ripple_snr,spike_leakage_rate",high,reference,ripple_snr=high,recipe:foster_2006_ripples,literature,ripple,interval,recall,10,0.411765,0.379806,0.443397,0.337255,0.309647,0.362606,0.00195312,10,0,0
"ripple_snr,spike_leakage_rate",high,reference,ripple_snr=high,recipe:gillespie_2021,literature,ripple,interval,recall,10,0.788235,0.774699,0.804082,-0.0392157,-0.0538622,-0.0242339,0.00390625,10,0,0
"ripple_snr,spike_leakage_rate",high,reference,ripple_snr=high,recipe:gillespie_2021_mua,literature,burst,interval,recall,10,0.822086,0.803179,0.839827,0,0,0,1,10,0,0
"ripple_snr,spike_leakage_rate",high,reference,ripple_snr=high,recipe:gridchyn_2020,literature,burst,interval,recall,10,0.891616,0.874123,0.907524,0,0,0,1,10,0,0
"ripple_snr,spike_leakage_rate",high,reference,ripple_snr=high,recipe:grosmark_2016,literature,network,interval,recall,10,0.484404,0.460986,0.509948,0.0678899,0.0583798,0.079474,0.00195312,10,0,0
"ripple_snr,spike_leakage_rate",high,reference,ripple_snr=high,recipe:gupta_2010,literature,ripple,interval,recall,10,0.814706,0.7998,0.832355,0.0147059,0.00110411,0.0260375,0.0859375,10,0,0
"ripple_snr,spike_leakage_rate",high,reference,ripple_snr=high,recipe:harvey_2023_code,literature,ripple,interval,recall,10,0.616667,0.591382,0.640818,0.0529412,0.0343467,0.0711743,0.00390625,10,0,0
"ripple_snr,spike_leakage_rate",high,reference,ripple_snr=high,recipe:harvey_2023_no_radiatum,literature,ripple,interval,recall,10,0.638235,0.618127,0.658746,0.0411765,0.0188274,0.0613787,0.015625,10,0,0
"ripple_snr,spike_leakage_rate",high,reference,ripple_snr=high,recipe:harvey_2023_text,literature,ripple,interval,recall,10,0.748039,0.72016,0.777256,0.143137,0.118153,0.167864,0.00195312,10,0,0
"ripple_snr,spike_leakage_rate",high,reference,ripple_snr=high,recipe:huelin_gorriz_2023,literature,network,interval,recall,10,0.517431,0.492134,0.543089,0.00642202,-0.00759788,0.0216652,0.570312,10,0,0
"ripple_snr,spike_leakage_rate",high,reference,ripple_snr=high,recipe:igata_2021,literature,burst,interval,recall,10,0.932515,0.917901,0.949156,0,0,0,1,10,0,0
"ripple_snr,spike_leakage_rate",high,reference,ripple_snr=high,recipe:igata_2021_ripples,literature,ripple,interval,recall,10,0.863725,0.846956,0.880447,-0.00882353,-0.019448,0.00104499,0.171875,10,0,0
"ripple_snr,spike_leakage_rate",high,reference,ripple_snr=high,recipe:jadhav_2016,literature,ripple,interval,recall,10,0.609804,0.580305,0.639532,0.0235294,0.0133562,0.033089,0.0078125,10,0,0
"ripple_snr,spike_leakage_rate",high,reference,ripple_snr=high,recipe:ji_2007,literature,burst,interval,recall,10,0.700409,0.6305,0.748675,0,0,0,1,10,0,0
"ripple_snr,spike_leakage_rate",high,reference,ripple_snr=high,recipe:ji_2007_ripples,literature,ripple,interval,recall,10,0.119608,0.100795,0.142264,0.114706,0.0951059,0.138556,0.00195312,10,0,0
"ripple_snr,spike_leakage_rate",high,reference,ripple_snr=high,recipe:kaefer_2020,literature,ripple,interval,recall,10,0.112745,0.098328,0.128768,0.101961,0.0854417,0.119389,0.00195312,10,0,0
"ripple_snr,spike_leakage_rate",high,reference,ripple_snr=high,recipe:karlsson_2009,literature,ripple,interval,recall,10,0.746078,0.722611,0.769396,0.0215686,0.00400712,0.0383184,0.0390625,10,0,0
"ripple_snr,spike_leakage_rate",high,reference,ripple_snr=high,recipe:krause_2022,literature,network,interval,recall,10,0.63211,0.605973,0.658206,0.0119266,0.00179994,0.0233268,0.046875,10,0,0
"ripple_snr,spike_leakage_rate",high,reference,ripple_snr=high,recipe:krause_2022_hse,literature,burst,interval,recall,10,0.819018,0.797725,0.839959,0,0,0,1,10,0,0
"ripple_snr,spike_leakage_rate",high,reference,ripple_snr=high,recipe:kudrimoti_1999,literature,ripple,interval,recall,10,0.345098,0.316987,0.373414,0.320588,0.290409,0.351887,0.00195312,10,0,0
"ripple_snr,spike_leakage_rate",high,reference,ripple_snr=high,recipe:lee_2002,literature,burst,interval,recall,10,0.949898,0.943786,0.955603,0,0,0,1,10,0,0
"ripple_snr,spike_leakage_rate",high,reference,ripple_snr=high,recipe:lee_2002_ripples,literature,ripple,interval,recall,10,0.411765,0.379806,0.443397,0.337255,0.309647,0.362606,0.00195312,10,0,0
"ripple_snr,spike_leakage_rate",high,reference,ripple_snr=high,recipe:liu_2019,literature,burst,interval,recall,10,0.843558,0.811187,0.87384,0,0,0,1,10,0,0
"ripple_snr,spike_leakage_rate",high,reference,ripple_snr=high,recipe:liu_2019_awake,literature,burst,interval,recall,10,0.843558,0.811187,0.87384,0,0,0,1,10,0,0
"ripple_snr,spike_leakage_rate",high,reference,ripple_snr=high,recipe:liu_2023,literature,network,interval,recall,10,0.46055,0.443048,0.478619,0.0293578,0.0183482,0.0407794,0.0078125,10,0,0
"ripple_snr,spike_leakage_rate",high,reference,ripple_snr=high,recipe:maboudi_2018,literature,burst,interval,recall,10,0.792434,0.774162,0.811442,0,0,0,1,10,0,0
"ripple_snr,spike_leakage_rate",high,reference,ripple_snr=high,recipe:maboudi_2018_open_field,literature,burst,interval,recall,10,0.737219,0.716188,0.761011,0,0,0,1,10,0,0
"ripple_snr,spike_leakage_rate",high,reference,ripple_snr=high,recipe:mallory_2025,literature,burst,interval,recall,10,0.759714,0.740078,0.779609,0,0,0,1,10,0,0
"ripple_snr,spike_leakage_rate",high,reference,ripple_snr=high,recipe:mallory_2025_ripples,literature,ripple,interval,recall,10,0.717647,0.692512,0.74389,0.027451,0.00464848,0.04987,0.0566406,10,0,0
"ripple_snr,spike_leakage_rate",high,reference,ripple_snr=high,recipe:michon_2019,literature,network,interval,recall,10,0.365138,0.344247,0.389952,0.114679,0.0931454,0.136926,0.00195312,10,0,0
"ripple_snr,spike_leakage_rate",high,reference,ripple_snr=high,recipe:michon_2021,literature,network,interval,recall,10,0.365138,0.344247,0.389952,0.114679,0.0931454,0.136926,0.00195312,10,0,0
"ripple_snr,spike_leakage_rate",high,reference,ripple_snr=high,recipe:mou_2022,literature,burst,interval,recall,10,0.856851,0.829681,0.882724,0,0,0,1,10,0,0
"ripple_snr,spike_leakage_rate",high,reference,ripple_snr=high,recipe:muessig_2019,literature,network,interval,recall,10,0.108257,0.0945674,0.122395,0.00183486,-0.00179533,0.00554554,0.375,10,0,0
"ripple_snr,spike_leakage_rate",high,reference,ripple_snr=high,recipe:muessig_2019_ripples,literature,ripple,interval,recall,10,0.886275,0.870656,0.901762,0.0107843,-0.00109187,0.0252131,0.171875,10,0,0
"ripple_snr,spike_leakage_rate",high,reference,ripple_snr=high,recipe:nadasdy_1999,literature,ripple,interval,recall,10,0.653922,0.630996,0.681118,0.192157,0.169882,0.218128,0.00195312,10,0,0
"ripple_snr,spike_leakage_rate",high,reference,ripple_snr=high,recipe:olafsdottir_2015,literature,burst,interval,recall,10,0.676892,0.654822,0.69798,0,0,0,1,10,0,0
"ripple_snr,spike_leakage_rate",high,reference,ripple_snr=high,recipe:olafsdottir_2015.bayesian_candidates,literature,burst,interval,recall,10,0.612474,0.58635,0.641136,0,0,0,1,10,0,0
"ripple_snr,spike_leakage_rate",high,reference,ripple_snr=high,recipe:olafsdottir_2016,literature,burst,interval,recall,10,0.570552,0.539077,0.609091,0,0,0,1,10,0,0
"ripple_snr,spike_leakage_rate",high,reference,ripple_snr=high,recipe:olafsdottir_2017,literature,burst,interval,recall,10,0.760736,0.745657,0.775992,0,0,0,1,10,0,0
"ripple_snr,spike_leakage_rate",high,reference,ripple_snr=high,recipe:olafsdottir_2017.trajectory,literature,burst,interval,recall,10,0.570552,0.539077,0.609091,0,0,0,1,10,0,0
"ripple_snr,spike_leakage_rate",high,reference,ripple_snr=high,recipe:pfeiffer_2013,literature,burst,interval,recall,10,0.737219,0.716188,0.761011,0,0,0,1,10,0,0
"ripple_snr,spike_leakage_rate",high,reference,ripple_snr=high,recipe:pfeiffer_2013_ripples,literature,ripple,interval,recall,10,0.717647,0.694753,0.741904,-0.0107843,-0.0268991,0.012606,0.480469,10,0,0
"ripple_snr,spike_leakage_rate",high,reference,ripple_snr=high,recipe:pfeiffer_2015,literature,ripple,interval,recall,10,0.717647,0.694753,0.741904,-0.0107843,-0.0268991,0.012606,0.480469,10,0,0
"ripple_snr,spike_leakage_rate",high,reference,ripple_snr=high,recipe:shin_2019,literature,ripple,interval,recall,10,0.746078,0.722611,0.769396,0.0215686,0.00400712,0.0383184,0.0390625,10,0,0
"ripple_snr,spike_leakage_rate",high,reference,ripple_snr=high,recipe:silva_2015,literature,burst,interval,recall,10,0.619632,0.590956,0.648278,0,0,0,1,10,0,0
"ripple_snr,spike_leakage_rate",high,reference,ripple_snr=high,recipe:stella_2019,literature,ripple,interval,recall,10,0.790196,0.768842,0.811164,0.123529,0.102206,0.144789,0.00195312,10,0,0
"ripple_snr,spike_leakage_rate",high,reference,ripple_snr=high,recipe:tang_2017,literature,ripple,interval,recall,10,0.746078,0.722611,0.769396,0.0215686,0.00400712,0.0383184,0.0390625,10,0,0
"ripple_snr,spike_leakage_rate",high,reference,ripple_snr=high,recipe:tirole_2022,literature,network,interval,recall,10,0.517431,0.492134,0.543089,0.00642202,-0.00759788,0.0216652,0.570312,10,0,0
"ripple_snr,spike_leakage_rate",high,reference,ripple_snr=high,recipe:widloski_2025,literature,ripple,interval,recall,10,0.584314,0.550685,0.620968,0.0764706,0.0556093,0.100094,0.00195312,10,0,0
"ripple_snr,spike_leakage_rate",high,reference,ripple_snr=high,recipe:widloski_2025_bursts,literature,burst,interval,recall,10,0.529652,0.491013,0.571436,0,0,0,1,10,0,0
"ripple_snr,spike_leakage_rate",high,reference,ripple_snr=high,recipe:wikenheiser_2013,literature,ripple,interval,recall,10,0.822549,0.797917,0.844398,-0.00980392,-0.0251764,0.00772427,0.257812,10,0,0
"ripple_snr,spike_leakage_rate",high,reference,ripple_snr=high,recipe:wu_2014,literature,burst,interval,recall,10,0.862986,0.848921,0.877469,0,0,0,1,10,0,0
"ripple_snr,spike_leakage_rate",high,reference,ripple_snr=high,recipe:wu_2014_ripples,literature,ripple,peak_containment,recall,10,0.864706,0.846231,0.883106,-0.0333333,-0.0505271,-0.0206274,0.00390625,10,0,0
"ripple_snr,spike_leakage_rate",high,reference,ripple_snr=high,recipe:wu_2017,literature,burst,interval,recall,10,0.534765,0.509803,0.559125,0,0,0,1,10,0,0
"ripple_snr,spike_leakage_rate",high,reference,ripple_snr=high,recipe:xu_2019,literature,burst,interval,recall,10,0.747444,0.729037,0.765482,0,0,0,1,10,0,0
"ripple_snr,spike_leakage_rate",high,reference,ripple_snr=high,recipe:yamamoto_2017,literature,network,interval,recall,10,0.565138,0.53744,0.597368,0.00366972,-0.00373285,0.0124521,0.375,10,0,0
"ripple_snr,spike_leakage_rate",high,reference,ripple_snr=high,recipe:yang_2024,literature,network,interval,recall,10,0.484404,0.460986,0.509948,0.0678899,0.0583798,0.079474,0.00195312,10,0,0
"ripple_snr,spike_leakage_rate",high,6,"ripple_snr=high,spike_leakage_rate=6",Carey_candidate_detector,default,network,interval,recall,10,0.786239,0.771577,0.803404,-0.0311927,-0.0444679,-0.016128,0.0117188,10,0,0
"ripple_snr,spike_leakage_rate",high,6,"ripple_snr=high,spike_leakage_rate=6",Karlsson_ripple_detector,default,ripple,interval,recall,10,0.746078,0.722611,0.769396,0.0215686,0.00400712,0.0383184,0.0390625,10,0,0
"ripple_snr,spike_leakage_rate",high,6,"ripple_snr=high,spike_leakage_rate=6",Kay_ripple_detector,default,ripple,interval,recall,10,0.788235,0.774699,0.804082,-0.0392157,-0.0538622,-0.0242339,0.00390625,10,0,0
"ripple_snr,spike_leakage_rate",high,6,"ripple_snr=high,spike_leakage_rate=6",Long_sharp_wave_ripple_detector,default,ripple,interval,recall,10,0.748039,0.730968,0.766033,0.0578431,0.0358849,0.0795463,0.00390625,10,0,0
"ripple_snr,spike_leakage_rate",high,6,"ripple_snr=high,spike_leakage_rate=6",Roumis_ripple_detector,default,ripple,interval,recall,10,0.789216,0.773914,0.806664,-0.0392157,-0.054002,-0.024229,0.00390625,10,0,0
"ripple_snr,spike_leakage_rate",high,6,"ripple_snr=high,spike_leakage_rate=6",Shvartsman_ripple_detector,default,ripple,interval,recall,10,0.741176,0.717241,0.765896,0.077451,0.0604021,0.0923386,0.00195312,10,0,0
"ripple_snr,spike_leakage_rate",high,6,"ripple_snr=high,spike_leakage_rate=6",Yu_ripple_detector,default,ripple,interval,recall,10,0.844118,0.830115,0.860285,-0.00392157,-0.0122304,0.00668689,0.527344,10,0,0
"ripple_snr,spike_leakage_rate",high,6,"ripple_snr=high,spike_leakage_rate=6",Zugaro_ripple_detector,default,ripple,interval,recall,10,0.759804,0.732581,0.78765,0.0843137,0.0696249,0.101143,0.00195312,10,0,0
"ripple_snr,spike_leakage_rate",high,6,"ripple_snr=high,spike_leakage_rate=6",multiunit_HSE_detector,default,burst,interval,recall,10,0.924335,0.911531,0.939748,-0.00715746,-0.0115183,-0.00308285,0.03125,10,0,0
"ripple_snr,spike_leakage_rate",high,6,"ripple_snr=high,spike_leakage_rate=6",recipe:ambrose_2016,literature,ripple,interval,recall,10,0.717647,0.694753,0.741904,-0.0107843,-0.0268991,0.012606,0.480469,10,0,0
"ripple_snr,spike_leakage_rate",high,6,"ripple_snr=high,spike_leakage_rate=6",recipe:bendor_2012,literature,burst,interval,recall,10,0.660532,0.628735,0.692967,-0.00920245,-0.019983,0.00198822,0.179688,10,0,0
"ripple_snr,spike_leakage_rate",high,6,"ripple_snr=high,spike_leakage_rate=6",recipe:berners_lee_2021,literature,ripple,interval,recall,10,0.740196,0.720506,0.763514,-0.05,-0.0655792,-0.0341357,0.00390625,10,0,0
"ripple_snr,spike_leakage_rate",high,6,"ripple_snr=high,spike_leakage_rate=6",recipe:berners_lee_2022,literature,burst,interval,recall,10,0.685072,0.651543,0.719412,0.00204499,-0.0158107,0.0204747,0.703125,10,0,0
"ripple_snr,spike_leakage_rate",high,6,"ripple_snr=high,spike_leakage_rate=6",recipe:bhattarai_2020,literature,network,interval,recall,10,0.444954,0.433304,0.45758,0.0614679,0.0446921,0.0778073,0.00195312,10,0,0
"ripple_snr,spike_leakage_rate",high,6,"ripple_snr=high,spike_leakage_rate=6",recipe:bhattarai_2020_ripples,literature,ripple,interval,recall,10,0.539216,0.513102,0.564709,0.0745098,0.0627529,0.0853791,0.00195312,10,0,0
"ripple_snr,spike_leakage_rate",high,6,"ripple_snr=high,spike_leakage_rate=6",recipe:bush_2022,literature,burst,interval,recall,10,0.611452,0.57974,0.650572,-0.0194274,-0.0302732,-0.00759056,0.015625,10,0,0
"ripple_snr,spike_leakage_rate",high,6,"ripple_snr=high,spike_leakage_rate=6",recipe:carey_2019,literature,network,interval,recall,10,0.820183,0.805734,0.836208,-0.00550459,-0.0160434,0.00536265,0.351562,10,0,0
"ripple_snr,spike_leakage_rate",high,6,"ripple_snr=high,spike_leakage_rate=6",recipe:carr_2012,literature,ripple,interval,recall,10,0.746078,0.722611,0.769396,0.0215686,0.00400712,0.0383184,0.0390625,10,0,0
"ripple_snr,spike_leakage_rate",high,6,"ripple_snr=high,spike_leakage_rate=6",recipe:chenani_2019,literature,burst,interval,recall,10,0.671779,0.645161,0.701646,-0.0143149,-0.0280308,-0.00219527,0.0859375,10,0,0
"ripple_snr,spike_leakage_rate",high,6,"ripple_snr=high,spike_leakage_rate=6",recipe:davidson_2009,literature,burst,interval,recall,10,0.800613,0.776794,0.824455,-0.00102249,-0.0131449,0.0116547,0.964844,10,0,0
"ripple_snr,spike_leakage_rate",high,6,"ripple_snr=high,spike_leakage_rate=6",recipe:davidson_2009_ripples,literature,ripple,peak_containment,recall,10,0.85,0.828516,0.871364,-0.0254902,-0.0452281,-0.00939696,0.0234375,10,0,0
"ripple_snr,spike_leakage_rate",high,6,"ripple_snr=high,spike_leakage_rate=6",recipe:denovellis_2021,literature,ripple,interval,recall,10,0.8,0.787401,0.814583,-0.0284314,-0.0387167,-0.0172927,0.00390625,10,0,0
"ripple_snr,spike_leakage_rate",high,6,"ripple_snr=high,spike_leakage_rate=6",recipe:denovellis_2021_mua,literature,burst,interval,recall,10,0.923313,0.909989,0.938948,-0.00715746,-0.0115434,-0.00315765,0.03125,10,0,0
"ripple_snr,spike_leakage_rate",high,6,"ripple_snr=high,spike_leakage_rate=6",recipe:diba_2007,literature,burst,interval,recall,10,0.261759,0.231668,0.292569,0.00511247,-0.00317167,0.0122718,0.375,10,0,0
"ripple_snr,spike_leakage_rate",high,6,"ripple_snr=high,spike_leakage_rate=6",recipe:drieu_2018,literature,burst,interval,recall,10,0.775051,0.755778,0.794682,-0.0112474,-0.0262627,0.00314153,0.238281,10,0,0
"ripple_snr,spike_leakage_rate",high,6,"ripple_snr=high,spike_leakage_rate=6",recipe:farooq_2019_neuron,literature,burst,interval,recall,10,0.270961,0.240911,0.301706,-0.00920245,-0.0247986,0.00576466,0.265625,10,0,0
"ripple_snr,spike_leakage_rate",high,6,"ripple_snr=high,spike_leakage_rate=6",recipe:farooq_2019_science,literature,burst,interval,recall,10,0.267894,0.237472,0.297556,-0.0102249,-0.0265601,0.00487353,0.21875,10,0,0
"ripple_snr,spike_leakage_rate",high,6,"ripple_snr=high,spike_leakage_rate=6",recipe:farooq_2019_science_awake,literature,burst,interval,recall,10,0.267894,0.237472,0.297556,-0.0102249,-0.0265601,0.00487353,0.21875,10,0,0
"ripple_snr,spike_leakage_rate",high,6,"ripple_snr=high,spike_leakage_rate=6",recipe:foster_2006,literature,burst,interval,recall,10,0.148262,0.124079,0.175907,0,-0.010989,0.0127969,0.9375,10,0,0
"ripple_snr,spike_leakage_rate",high,6,"ripple_snr=high,spike_leakage_rate=6",recipe:foster_2006_ripples,literature,ripple,interval,recall,10,0.412745,0.380716,0.443379,0.338235,0.311056,0.362526,0.00195312,10,0,0
"ripple_snr,spike_leakage_rate",high,6,"ripple_snr=high,spike_leakage_rate=6",recipe:gillespie_2021,literature,ripple,interval,recall,10,0.788235,0.774699,0.804082,-0.0392157,-0.0538622,-0.0242339,0.00390625,10,0,0
"ripple_snr,spike_leakage_rate",high,6,"ripple_snr=high,spike_leakage_rate=6",recipe:gillespie_2021_mua,literature,burst,interval,recall,10,0.823108,0.799033,0.84717,0.00102249,-0.011823,0.015055,0.808594,10,0,0
"ripple_snr,spike_leakage_rate",high,6,"ripple_snr=high,spike_leakage_rate=6",recipe:gridchyn_2020,literature,burst,interval,recall,10,0.898773,0.881936,0.915205,0.00715746,-0.00201628,0.0170351,0.1875,10,0,0
"ripple_snr,spike_leakage_rate",high,6,"ripple_snr=high,spike_leakage_rate=6",recipe:grosmark_2016,literature,network,interval,recall,10,0.474312,0.450927,0.500453,0.0577982,0.0464464,0.0723692,0.00195312,10,0,0
"ripple_snr,spike_leakage_rate",high,6,"ripple_snr=high,spike_leakage_rate=6",recipe:gupta_2010,literature,ripple,interval,recall,10,0.813725,0.798438,0.831618,0.0137255,0.00102132,0.0249532,0.101562,10,0,0
"ripple_snr,spike_leakage_rate",high,6,"ripple_snr=high,spike_leakage_rate=6",recipe:harvey_2023_code,literature,ripple,interval,recall,10,0.614706,0.598121,0.629702,0.0509804,0.0336294,0.0670745,0.00390625,10,0,0
"ripple_snr,spike_leakage_rate",high,6,"ripple_snr=high,spike_leakage_rate=6",recipe:harvey_2023_no_radiatum,literature,ripple,interval,recall,10,0.643137,0.622109,0.666667,0.0460784,0.0290423,0.0635724,0.00390625,10,0,0
"ripple_snr,spike_leakage_rate",high,6,"ripple_snr=high,spike_leakage_rate=6",recipe:harvey_2023_text,literature,ripple,interval,recall,10,0.74902,0.722094,0.777277,0.144118,0.119047,0.167957,0.00195312,10,0,0
"ripple_snr,spike_leakage_rate",high,6,"ripple_snr=high,spike_leakage_rate=6",recipe:huelin_gorriz_2023,literature,network,interval,recall,10,0.520183,0.49954,0.543249,0.00917431,-0.00649969,0.0257555,0.414062,10,0,0
"ripple_snr,spike_leakage_rate",high,6,"ripple_snr=high,spike_leakage_rate=6",recipe:igata_2021,literature,burst,interval,recall,10,0.925358,0.910802,0.942888,-0.00715746,-0.0117399,-0.003003,0.03125,10,0,0
"ripple_snr,spike_leakage_rate",high,6,"ripple_snr=high,spike_leakage_rate=6",recipe:igata_2021_ripples,literature,ripple,interval,recall,10,0.862745,0.846871,0.878637,-0.00980392,-0.0205981,0.000993424,0.148438,10,0,0
"ripple_snr,spike_leakage_rate",high,6,"ripple_snr=high,spike_leakage_rate=6",recipe:jadhav_2016,literature,ripple,interval,recall,10,0.601961,0.571,0.63234,0.0156863,0.00475625,0.0269528,0.046875,10,0,0
"ripple_snr,spike_leakage_rate",high,6,"ripple_snr=high,spike_leakage_rate=6",recipe:ji_2007,literature,burst,interval,recall,10,0.730061,0.691139,0.767065,0.0296524,-0.0233328,0.0890433,0.296875,10,0,0
"ripple_snr,spike_leakage_rate",high,6,"ripple_snr=high,spike_leakage_rate=6",recipe:ji_2007_ripples,literature,ripple,interval,recall,10,0.116667,0.0972962,0.13994,0.111765,0.0910018,0.136026,0.00195312,10,0,0
"ripple_snr,spike_leakage_rate",high,6,"ripple_snr=high,spike_leakage_rate=6",recipe:kaefer_2020,literature,ripple,interval,recall,10,0.112745,0.0992522,0.128933,0.101961,0.0864796,0.119171,0.00195312,10,0,0
"ripple_snr,spike_leakage_rate",high,6,"ripple_snr=high,spike_leakage_rate=6",recipe:karlsson_2009,literature,ripple,interval,recall,10,0.746078,0.722611,0.769396,0.0215686,0.00400712,0.0383184,0.0390625,10,0,0
"ripple_snr,spike_leakage_rate",high,6,"ripple_snr=high,spike_leakage_rate=6",recipe:krause_2022,literature,network,interval,recall,10,0.63211,0.606738,0.658877,0.0119266,0.00435152,0.0211601,0.03125,10,0,0
"ripple_snr,spike_leakage_rate",high,6,"ripple_snr=high,spike_leakage_rate=6",recipe:krause_2022_hse,literature,burst,interval,recall,10,0.823108,0.799995,0.845318,0.00408998,-0.00580847,0.0174348,0.53125,10,0,0
"ripple_snr,spike_leakage_rate",high,6,"ripple_snr=high,spike_leakage_rate=6",recipe:kudrimoti_1999,literature,ripple,interval,recall,10,0.343137,0.315171,0.371633,0.318627,0.288306,0.349904,0.00195312,10,0,0
"ripple_snr,spike_leakage_rate",high,6,"ripple_snr=high,spike_leakage_rate=6",recipe:lee_2002,literature,burst,interval,recall,10,0.95501,0.943631,0.965252,0.00511247,-0.00310567,0.0129495,0.375,10,0,0
"ripple_snr,spike_leakage_rate",high,6,"ripple_snr=high,spike_leakage_rate=6",recipe:lee_2002_ripples,literature,ripple,interval,recall,10,0.412745,0.380716,0.443379,0.338235,0.311056,0.362526,0.00195312,10,0,0
"ripple_snr,spike_leakage_rate",high,6,"ripple_snr=high,spike_leakage_rate=6",recipe:liu_2019,literature,burst,interval,recall,10,0.838446,0.804526,0.872215,-0.00511247,-0.0158577,0.00625717,0.488281,10,0,0
"ripple_snr,spike_leakage_rate",high,6,"ripple_snr=high,spike_leakage_rate=6",recipe:liu_2019_awake,literature,burst,interval,recall,10,0.838446,0.804526,0.872215,-0.00511247,-0.0158577,0.00625717,0.488281,10,0,0
"ripple_snr,spike_leakage_rate",high,6,"ripple_snr=high,spike_leakage_rate=6",recipe:liu_2023,literature,network,interval,recall,10,0.463303,0.444243,0.483872,0.0321101,0.0126462,0.0523854,0.0195312,10,0,0
"ripple_snr,spike_leakage_rate",high,6,"ripple_snr=high,spike_leakage_rate=6",recipe:maboudi_2018,literature,burst,interval,recall,10,0.798569,0.77914,0.818383,0.00613497,-0.00305212,0.0190885,0.34375,10,0,0
"ripple_snr,spike_leakage_rate",high,6,"ripple_snr=high,spike_leakage_rate=6",recipe:maboudi_2018_open_field,literature,burst,interval,recall,10,0.723926,0.708036,0.747697,-0.0132924,-0.0272633,-0.00104156,0.128906,10,0,0
"ripple_snr,spike_leakage_rate",high,6,"ripple_snr=high,spike_leakage_rate=6",recipe:mallory_2025,literature,burst,interval,recall,10,0.740286,0.721404,0.760042,-0.0194274,-0.0277509,-0.00998951,0.0117188,10,0,0
"ripple_snr,spike_leakage_rate",high,6,"ripple_snr=high,spike_leakage_rate=6",recipe:mallory_2025_ripples,literature,ripple,interval,recall,10,0.717647,0.692512,0.74389,0.027451,0.00464848,0.04987,0.0566406,10,0,0
"ripple_snr,spike_leakage_rate",high,6,"ripple_snr=high,spike_leakage_rate=6",recipe:michon_2019,literature,network,interval,recall,10,0.369725,0.34901,0.394961,0.119266,0.0969726,0.142584,0.00195312,10,0,0
"ripple_snr,spike_leakage_rate",high,6,"ripple_snr=high,spike_leakage_rate=6",recipe:michon_2021,literature,network,interval,recall,10,0.369725,0.34901,0.394961,0.119266,0.0969726,0.142584,0.00195312,10,0,0
"ripple_snr,spike_leakage_rate",high,6,"ripple_snr=high,spike_leakage_rate=6",recipe:mou_2022,literature,burst,interval,recall,10,0.860941,0.833663,0.887749,0.00408998,-0.00974923,0.0231591,0.75,10,0,0
"ripple_snr,spike_leakage_rate",high,6,"ripple_snr=high,spike_leakage_rate=6",recipe:muessig_2019,literature,network,interval,recall,10,0.0899083,0.0791547,0.101564,-0.0165138,-0.0258934,-0.00756126,0.015625,10,0,0
"ripple_snr,spike_leakage_rate",high,6,"ripple_snr=high,spike_leakage_rate=6",recipe:muessig_2019_ripples,literature,ripple,interval,recall,10,0.885294,0.868852,0.901383,0.00980392,-0.00395267,0.0249513,0.226562,10,0,0
"ripple_snr,spike_leakage_rate",high,6,"ripple_snr=high,spike_leakage_rate=6",recipe:nadasdy_1999,literature,ripple,interval,recall,10,0.656863,0.633588,0.683717,0.195098,0.17285,0.221623,0.00195312,10,0,0
"ripple_snr,spike_leakage_rate",high,6,"ripple_snr=high,spike_leakage_rate=6",recipe:olafsdottir_2015,literature,burst,interval,recall,10,0.684049,0.665975,0.703066,0.00715746,-0.00520346,0.0186543,0.310547,10,0,0
"ripple_snr,spike_leakage_rate",high,6,"ripple_snr=high,spike_leakage_rate=6",recipe:olafsdottir_2015.bayesian_candidates,literature,burst,interval,recall,10,0.611452,0.587461,0.636849,-0.00102249,-0.0141855,0.012783,0.914062,10,0,0
"ripple_snr,spike_leakage_rate",high,6,"ripple_snr=high,spike_leakage_rate=6",recipe:olafsdottir_2016,literature,burst,interval,recall,10,0.566462,0.536731,0.603271,-0.00408998,-0.0178951,0.00949417,0.605469,10,0,0
"ripple_snr,spike_leakage_rate",high,6,"ripple_snr=high,spike_leakage_rate=6",recipe:olafsdottir_2017,literature,burst,interval,recall,10,0.754601,0.736895,0.774747,-0.00613497,-0.020213,0.00524164,0.4375,10,0,0
"ripple_snr,spike_leakage_rate",high,6,"ripple_snr=high,spike_leakage_rate=6",recipe:olafsdottir_2017.trajectory,literature,burst,interval,recall,10,0.566462,0.536731,0.603271,-0.00408998,-0.0178951,0.00949417,0.605469,10,0,0
"ripple_snr,spike_leakage_rate",high,6,"ripple_snr=high,spike_leakage_rate=6",recipe:pfeiffer_2013,literature,burst,interval,recall,10,0.723926,0.708036,0.747697,-0.0132924,-0.0272633,-0.00104156,0.128906,10,0,0
"ripple_snr,spike_leakage_rate",high,6,"ripple_snr=high,spike_leakage_rate=6",recipe:pfeiffer_2013_ripples,literature,ripple,interval,recall,10,0.717647,0.694753,0.741904,-0.0107843,-0.0268991,0.012606,0.480469,10,0,0
"ripple_snr,spike_leakage_rate",high,6,"ripple_snr=high,spike_leakage_rate=6",recipe:pfeiffer_2015,literature,ripple,interval,recall,10,0.717647,0.694753,0.741904,-0.0107843,-0.0268991,0.012606,0.480469,10,0,0
"ripple_snr,spike_leakage_rate",high,6,"ripple_snr=high,spike_leakage_rate=6",recipe:shin_2019,literature,ripple,interval,recall,10,0.746078,0.722611,0.769396,0.0215686,0.00400712,0.0383184,0.0390625,10,0,0
"ripple_snr,spike_leakage_rate",high,6,"ripple_snr=high,spike_leakage_rate=6",recipe:silva_2015,literature,burst,interval,recall,10,0.608384,0.580152,0.639176,-0.0112474,-0.03013,0.00413672,0.34375,10,0,0
"ripple_snr,spike_leakage_rate",high,6,"ripple_snr=high,spike_leakage_rate=6",recipe:stella_2019,literature,ripple,interval,recall,10,0.790196,0.768842,0.811164,0.123529,0.102206,0.144789,0.00195312,10,0,0
"ripple_snr,spike_leakage_rate",high,6,"ripple_snr=high,spike_leakage_rate=6",recipe:tang_2017,literature,ripple,interval,recall,10,0.746078,0.722611,0.769396,0.0215686,0.00400712,0.0383184,0.0390625,10,0,0
"ripple_snr,spike_leakage_rate",high,6,"ripple_snr=high,spike_leakage_rate=6",recipe:tirole_2022,literature,network,interval,recall,10,0.520183,0.49954,0.543249,0.00917431,-0.00649969,0.0257555,0.414062,10,0,0
"ripple_snr,spike_leakage_rate",high,6,"ripple_snr=high,spike_leakage_rate=6",recipe:widloski_2025,literature,ripple,interval,recall,10,0.585294,0.55263,0.620968,0.077451,0.0565782,0.101188,0.00195312,10,0,0
"ripple_snr,spike_leakage_rate",high,6,"ripple_snr=high,spike_leakage_rate=6",recipe:widloski_2025_bursts,literature,burst,interval,recall,10,0.519427,0.477423,0.564299,-0.0102249,-0.0211082,0.00107198,0.195312,10,0,0
"ripple_snr,spike_leakage_rate",high,6,"ripple_snr=high,spike_leakage_rate=6",recipe:wikenheiser_2013,literature,ripple,interval,recall,10,0.823529,0.798165,0.845287,-0.00882353,-0.0251764,0.0101113,0.320312,10,0,0
"ripple_snr,spike_leakage_rate",high,6,"ripple_snr=high,spike_leakage_rate=6",recipe:wu_2014,literature,burst,interval,recall,10,0.856851,0.836652,0.87513,-0.00613497,-0.0190688,0.00609137,0.40625,10,0,0
"ripple_snr,spike_leakage_rate",high,6,"ripple_snr=high,spike_leakage_rate=6",recipe:wu_2014_ripples,literature,ripple,peak_containment,recall,10,0.864706,0.846231,0.883106,-0.0333333,-0.0505271,-0.0206274,0.00390625,10,0,0
"ripple_snr,spike_leakage_rate",high,6,"ripple_snr=high,spike_leakage_rate=6",recipe:wu_2017,literature,burst,interval,recall,10,0.534765,0.506391,0.563599,0,-0.0136866,0.0147683,0.90625,10,0,0
"ripple_snr,spike_leakage_rate",high,6,"ripple_snr=high,spike_leakage_rate=6",recipe:xu_2019,literature,burst,interval,recall,10,0.736196,0.720929,0.753736,-0.0112474,-0.024163,0.000968483,0.109375,10,0,0
"ripple_snr,spike_leakage_rate",high,6,"ripple_snr=high,spike_leakage_rate=6",recipe:yamamoto_2017,literature,network,interval,recall,10,0.542202,0.522191,0.563524,-0.0192661,-0.0502419,0.0100569,0.273438,10,0,0
"ripple_snr,spike_leakage_rate",high,6,"ripple_snr=high,spike_leakage_rate=6",recipe:yang_2024,literature,network,interval,recall,10,0.474312,0.450927,0.500453,0.0577982,0.0464464,0.0723692,0.00195312,10,0,0
