factor,level,condition_id,method,setting,primary_expression,scoring,measure,n_replicates,value,value_low,value_high,change,change_low,change_high,change_p,n_paired,n_dropped,n_failures
ripple_snr,low,ripple_snr=low,Carey_candidate_detector,default,network,interval,recall,10,0.831193,0.816496,0.848401,0.0137615,0.0055862,0.0214973,0.015625,10,0,0
ripple_snr,low,ripple_snr=low,Karlsson_ripple_detector,default,ripple,interval,recall,10,0.392157,0.361699,0.424702,-0.332353,-0.360592,-0.298801,0.00195312,10,0,0
ripple_snr,low,ripple_snr=low,Kay_ripple_detector,default,ripple,interval,recall,10,0.65,0.617373,0.685497,-0.177451,-0.210686,-0.138723,0.00195312,10,0,0
ripple_snr,low,ripple_snr=low,Long_sharp_wave_ripple_detector,default,ripple,interval,recall,10,0.505882,0.480516,0.530853,-0.184314,-0.204609,-0.164363,0.00195312,10,0,0
ripple_snr,low,ripple_snr=low,Roumis_ripple_detector,default,ripple,interval,recall,10,0.660784,0.629305,0.697034,-0.167647,-0.197997,-0.133728,0.00195312,10,0,0
ripple_snr,low,ripple_snr=low,Shvartsman_ripple_detector,default,ripple,interval,recall,10,0.226471,0.199051,0.252865,-0.437255,-0.458496,-0.415636,0.00195312,10,0,0
ripple_snr,low,ripple_snr=low,Yu_ripple_detector,default,ripple,interval,recall,10,0.651961,0.603859,0.698764,-0.196078,-0.233191,-0.16019,0.00195312,10,0,0
ripple_snr,low,ripple_snr=low,Zugaro_ripple_detector,default,ripple,interval,recall,10,0.233333,0.193639,0.26583,-0.442157,-0.470402,-0.409998,0.00195312,10,0,0
ripple_snr,low,ripple_snr=low,multiunit_HSE_detector,default,burst,interval,recall,10,0.931493,0.917158,0.948138,0,0,0,1,10,0,0
ripple_snr,low,ripple_snr=low,recipe:ambrose_2016,literature,ripple,interval,recall,10,0.564706,0.518009,0.61634,-0.163725,-0.202569,-0.121454,0.00195312,10,0,0
ripple_snr,low,ripple_snr=low,recipe:bendor_2012,literature,burst,interval,recall,10,0.669734,0.643002,0.697931,0,0,0,1,10,0,0
ripple_snr,low,ripple_snr=low,recipe:berners_lee_2021,literature,ripple,interval,recall,10,0.72451,0.684781,0.763658,-0.0656863,-0.0925761,-0.0396497,0.00390625,10,0,0
ripple_snr,low,ripple_snr=low,recipe:berners_lee_2022,literature,burst,interval,recall,10,0.683027,0.657603,0.710964,0,0,0,1,10,0,0
ripple_snr,low,ripple_snr=low,recipe:bhattarai_2020,literature,network,interval,recall,10,0.10367,0.0804708,0.122625,-0.279817,-0.307621,-0.255933,0.00195312,10,0,0
ripple_snr,low,ripple_snr=low,recipe:bhattarai_2020_ripples,literature,ripple,interval,recall,10,0.12549,0.096325,0.151759,-0.339216,-0.370004,-0.314557,0.00195312,10,0,0
ripple_snr,low,ripple_snr=low,recipe:bush_2022,literature,burst,interval,recall,10,0.630879,0.597014,0.668706,0,0,0,1,10,0,0
ripple_snr,low,ripple_snr=low,recipe:carey_2019,literature,network,interval,recall,10,0.822936,0.80429,0.841621,-0.00275229,-0.00718133,0.00174134,0.25,10,0,0
ripple_snr,low,ripple_snr=low,recipe:carr_2012,literature,ripple,interval,recall,10,0.392157,0.361699,0.424702,-0.332353,-0.360592,-0.298801,0.00195312,10,0,0
ripple_snr,low,ripple_snr=low,recipe:chenani_2019,literature,burst,interval,recall,10,0.686094,0.665608,0.709887,0,0,0,1,10,0,0
ripple_snr,low,ripple_snr=low,recipe:davidson_2009,literature,burst,interval,recall,10,0.801636,0.785994,0.820324,0,0,0,1,10,0,0
ripple_snr,low,ripple_snr=low,recipe:davidson_2009_ripples,literature,ripple,peak_containment,recall,10,0.716667,0.671952,0.758729,-0.158824,-0.195582,-0.125224,0.00195312,10,0,0
ripple_snr,low,ripple_snr=low,recipe:denovellis_2021,literature,ripple,interval,recall,10,0.627451,0.596132,0.657922,-0.20098,-0.228997,-0.169012,0.00195312,10,0,0
ripple_snr,low,ripple_snr=low,recipe:denovellis_2021_mua,literature,burst,interval,recall,10,0.93047,0.916838,0.946485,0,0,0,1,10,0,0
ripple_snr,low,ripple_snr=low,recipe:diba_2007,literature,burst,interval,recall,10,0.256646,0.22654,0.287224,0,0,0,1,10,0,0
ripple_snr,low,ripple_snr=low,recipe:drieu_2018,literature,burst,interval,recall,10,0.786299,0.775775,0.797509,0,0,0,1,10,0,0
ripple_snr,low,ripple_snr=low,recipe:farooq_2019_neuron,literature,burst,interval,recall,10,0.280164,0.243652,0.32154,0,0,0,1,10,0,0
ripple_snr,low,ripple_snr=low,recipe:farooq_2019_science,literature,burst,interval,recall,10,0.278119,0.242423,0.318476,0,0,0,1,10,0,0
ripple_snr,low,ripple_snr=low,recipe:farooq_2019_science_awake,literature,burst,interval,recall,10,0.278119,0.242423,0.318476,0,0,0,1,10,0,0
ripple_snr,low,ripple_snr=low,recipe:foster_2006,literature,burst,interval,recall,10,0.148262,0.127082,0.172862,0,0,0,1,10,0,0
ripple_snr,low,ripple_snr=low,recipe:foster_2006_ripples,literature,ripple,interval,recall,10,0.00392157,0.000975562,0.00705663,-0.0705882,-0.0832538,-0.057598,0.00195312,10,0,0
ripple_snr,low,ripple_snr=low,recipe:gillespie_2021,literature,ripple,interval,recall,10,0.65,0.617373,0.685497,-0.177451,-0.210686,-0.138723,0.00195312,10,0,0
ripple_snr,low,ripple_snr=low,recipe:gillespie_2021_mua,literature,burst,interval,recall,10,0.822086,0.803179,0.839827,0,0,0,1,10,0,0
ripple_snr,low,ripple_snr=low,recipe:gridchyn_2020,literature,burst,interval,recall,10,0.891616,0.874123,0.907524,0,0,0,1,10,0,0
ripple_snr,low,ripple_snr=low,recipe:grosmark_2016,literature,network,interval,recall,10,0.179817,0.154275,0.206928,-0.236697,-0.254333,-0.221272,0.00195312,10,0,0
ripple_snr,low,ripple_snr=low,recipe:gupta_2010,literature,ripple,interval,recall,10,0.723529,0.691664,0.759723,-0.0764706,-0.0978684,-0.0584193,0.00195312,10,0,0
ripple_snr,low,ripple_snr=low,recipe:harvey_2023_code,literature,ripple,interval,recall,10,0.412745,0.391663,0.438691,-0.15098,-0.168022,-0.13354,0.00195312,10,0,0
ripple_snr,low,ripple_snr=low,recipe:harvey_2023_no_radiatum,literature,ripple,interval,recall,10,0.382353,0.341489,0.423855,-0.214706,-0.243296,-0.184185,0.00195312,10,0,0
ripple_snr,low,ripple_snr=low,recipe:harvey_2023_text,literature,ripple,interval,recall,10,0.177451,0.150683,0.202832,-0.427451,-0.468043,-0.390056,0.00195312,10,0,0
ripple_snr,low,ripple_snr=low,recipe:huelin_gorriz_2023,literature,network,interval,recall,10,0.379817,0.357829,0.404695,-0.131193,-0.153707,-0.112207,0.00195312,10,0,0
ripple_snr,low,ripple_snr=low,recipe:igata_2021,literature,burst,interval,recall,10,0.932515,0.917901,0.949156,0,0,0,1,10,0,0
ripple_snr,low,ripple_snr=low,recipe:igata_2021_ripples,literature,ripple,interval,recall,10,0.703922,0.677384,0.72852,-0.168627,-0.201058,-0.138806,0.00195312,10,0,0
ripple_snr,low,ripple_snr=low,recipe:jadhav_2016,literature,ripple,interval,recall,10,0.340196,0.306977,0.374892,-0.246078,-0.274149,-0.214282,0.00195312,10,0,0
ripple_snr,low,ripple_snr=low,recipe:ji_2007,literature,burst,interval,recall,10,0.700409,0.6305,0.748675,0,0,0,1,10,0,0
ripple_snr,low,ripple_snr=low,recipe:ji_2007_ripples,literature,ripple,interval,recall,10,0.00196078,0,0.0046998,-0.00294118,-0.00558711,-0.000930082,0.25,10,0,0
ripple_snr,low,ripple_snr=low,recipe:kaefer_2020,literature,ripple,interval,recall,10,0.00392157,0.000998004,0.00684262,-0.00686275,-0.0107854,-0.00307992,0.03125,10,0,0
ripple_snr,low,ripple_snr=low,recipe:karlsson_2009,literature,ripple,interval,recall,10,0.392157,0.361699,0.424702,-0.332353,-0.360592,-0.298801,0.00195312,10,0,0
ripple_snr,low,ripple_snr=low,recipe:krause_2022,literature,network,interval,recall,10,0.466055,0.428435,0.502375,-0.154128,-0.183902,-0.122904,0.00195312,10,0,0
ripple_snr,low,ripple_snr=low,recipe:krause_2022_hse,literature,burst,interval,recall,10,0.819018,0.797725,0.839959,0,0,0,1,10,0,0
ripple_snr,low,ripple_snr=low,recipe:kudrimoti_1999,literature,ripple,interval,recall,10,0,0,0,-0.0245098,-0.0338271,-0.0174466,0.00195312,10,0,0
ripple_snr,low,ripple_snr=low,recipe:lee_2002,literature,burst,interval,recall,10,0.949898,0.943786,0.955603,0,0,0,1,10,0,0
ripple_snr,low,ripple_snr=low,recipe:lee_2002_ripples,literature,ripple,interval,recall,10,0.00392157,0.000975562,0.00705663,-0.0705882,-0.0832538,-0.057598,0.00195312,10,0,0
ripple_snr,low,ripple_snr=low,recipe:liu_2019,literature,burst,interval,recall,10,0.843558,0.811187,0.87384,0,0,0,1,10,0,0
ripple_snr,low,ripple_snr=low,recipe:liu_2019_awake,literature,burst,interval,recall,10,0.843558,0.811187,0.87384,0,0,0,1,10,0,0
ripple_snr,low,ripple_snr=low,recipe:liu_2023,literature,network,interval,recall,10,0.33211,0.309429,0.354902,-0.0990826,-0.113773,-0.0821745,0.00195312,10,0,0
ripple_snr,low,ripple_snr=low,recipe:maboudi_2018,literature,burst,interval,recall,10,0.792434,0.774162,0.811442,0,0,0,1,10,0,0
ripple_snr,low,ripple_snr=low,recipe:maboudi_2018_open_field,literature,burst,interval,recall,10,0.737219,0.716188,0.761011,0,0,0,1,10,0,0
ripple_snr,low,ripple_snr=low,recipe:mallory_2025,literature,burst,interval,recall,10,0.759714,0.740078,0.779609,0,0,0,1,10,0,0
ripple_snr,low,ripple_snr=low,recipe:mallory_2025_ripples,literature,ripple,interval,recall,10,0.440196,0.402818,0.471682,-0.25,-0.278189,-0.227761,0.00195312,10,0,0
ripple_snr,low,ripple_snr=low,recipe:michon_2019,literature,network,interval,recall,10,0.012844,0.00739372,0.0179937,-0.237615,-0.26185,-0.213429,0.00195312,10,0,0
ripple_snr,low,ripple_snr=low,recipe:michon_2021,literature,network,interval,recall,10,0.012844,0.00739372,0.0179937,-0.237615,-0.26185,-0.213429,0.00195312,10,0,0
ripple_snr,low,ripple_snr=low,recipe:mou_2022,literature,burst,interval,recall,10,0.856851,0.829681,0.882724,0,0,0,1,10,0,0
ripple_snr,low,ripple_snr=low,recipe:muessig_2019,literature,network,interval,recall,10,0.0880734,0.0759162,0.101533,-0.0183486,-0.0273625,-0.00980107,0.0078125,10,0,0
ripple_snr,low,ripple_snr=low,recipe:muessig_2019_ripples,literature,ripple,interval,recall,10,0.703922,0.686846,0.720121,-0.171569,-0.193703,-0.147916,0.00195312,10,0,0
ripple_snr,low,ripple_snr=low,recipe:nadasdy_1999,literature,ripple,interval,recall,10,0.0578431,0.0469238,0.0677142,-0.403922,-0.433046,-0.379507,0.00195312,10,0,0
ripple_snr,low,ripple_snr=low,recipe:olafsdottir_2015,literature,burst,interval,recall,10,0.676892,0.654822,0.69798,0,0,0,1,10,0,0
ripple_snr,low,ripple_snr=low,recipe:olafsdottir_2015.bayesian_candidates,literature,burst,interval,recall,10,0.612474,0.58635,0.641136,0,0,0,1,10,0,0
ripple_snr,low,ripple_snr=low,recipe:olafsdottir_2016,literature,burst,interval,recall,10,0.570552,0.539077,0.609091,0,0,0,1,10,0,0
ripple_snr,low,ripple_snr=low,recipe:olafsdottir_2017,literature,burst,interval,recall,10,0.760736,0.745657,0.775992,0,0,0,1,10,0,0
ripple_snr,low,ripple_snr=low,recipe:olafsdottir_2017.trajectory,literature,burst,interval,recall,10,0.570552,0.539077,0.609091,0,0,0,1,10,0,0
ripple_snr,low,ripple_snr=low,recipe:pfeiffer_2013,literature,burst,interval,recall,10,0.737219,0.716188,0.761011,0,0,0,1,10,0,0
ripple_snr,low,ripple_snr=low,recipe:pfeiffer_2013_ripples,literature,ripple,interval,recall,10,0.564706,0.518009,0.61634,-0.163725,-0.202569,-0.121454,0.00195312,10,0,0
ripple_snr,low,ripple_snr=low,recipe:pfeiffer_2015,literature,ripple,interval,recall,10,0.561765,0.516319,0.611277,-0.166667,-0.203216,-0.126973,0.00195312,10,0,0
ripple_snr,low,ripple_snr=low,recipe:shin_2019,literature,ripple,interval,recall,10,0.392157,0.361699,0.424702,-0.332353,-0.360592,-0.298801,0.00195312,10,0,0
ripple_snr,low,ripple_snr=low,recipe:silva_2015,literature,burst,interval,recall,10,0.619632,0.590956,0.648278,0,0,0,1,10,0,0
ripple_snr,low,ripple_snr=low,recipe:stella_2019,literature,ripple,interval,recall,10,0.219608,0.192344,0.254136,-0.447059,-0.475186,-0.417398,0.00195312,10,0,0
ripple_snr,low,ripple_snr=low,recipe:tang_2017,literature,ripple,interval,recall,10,0.392157,0.361699,0.424702,-0.332353,-0.360592,-0.298801,0.00195312,10,0,0
ripple_snr,low,ripple_snr=low,recipe:tirole_2022,literature,network,interval,recall,10,0.379817,0.357829,0.404695,-0.131193,-0.153707,-0.112207,0.00195312,10,0,0
ripple_snr,low,ripple_snr=low,recipe:widloski_2025,literature,ripple,interval,recall,10,0.254902,0.216649,0.287294,-0.252941,-0.282404,-0.227518,0.00195312,10,0,0
ripple_snr,low,ripple_snr=low,recipe:widloski_2025_bursts,literature,burst,interval,recall,10,0.529652,0.491013,0.571436,0,0,0,1,10,0,0
ripple_snr,low,ripple_snr=low,recipe:wikenheiser_2013,literature,ripple,interval,recall,10,0.798039,0.771079,0.827187,-0.0343137,-0.0413306,-0.0269965,0.00195312,10,0,0
ripple_snr,low,ripple_snr=low,recipe:wu_2014,literature,burst,interval,recall,10,0.862986,0.848921,0.877469,0,0,0,1,10,0,0
ripple_snr,low,ripple_snr=low,recipe:wu_2014_ripples,literature,ripple,peak_containment,recall,10,0.794118,0.756169,0.830975,-0.103922,-0.133647,-0.0764586,0.00195312,10,0,0
ripple_snr,low,ripple_snr=low,recipe:wu_2017,literature,burst,interval,recall,10,0.534765,0.509803,0.559125,0,0,0,1,10,0,0
ripple_snr,low,ripple_snr=low,recipe:xu_2019,literature,burst,interval,recall,10,0.747444,0.729037,0.765482,0,0,0,1,10,0,0
ripple_snr,low,ripple_snr=low,recipe:yamamoto_2017,literature,network,interval,recall,10,0.416514,0.38031,0.450091,-0.144954,-0.174774,-0.115202,0.00195312,10,0,0
ripple_snr,low,ripple_snr=low,recipe:yang_2024,literature,network,interval,recall,10,0.179817,0.154275,0.206928,-0.236697,-0.254333,-0.221272,0.00195312,10,0,0
ripple_snr,reference,reference,Carey_candidate_detector,default,network,interval,recall,10,0.817431,0.802458,0.834401,0,0,0,1,10,0,0
ripple_snr,reference,reference,Karlsson_ripple_detector,default,ripple,interval,recall,10,0.72451,0.706531,0.74433,0,0,0,1,10,0,0
ripple_snr,reference,reference,Kay_ripple_detector,default,ripple,interval,recall,10,0.827451,0.814342,0.842843,0,0,0,1,10,0,0
ripple_snr,reference,reference,Long_sharp_wave_ripple_detector,default,ripple,interval,recall,10,0.690196,0.666335,0.713389,0,0,0,1,10,0,0
ripple_snr,reference,reference,Roumis_ripple_detector,default,ripple,interval,recall,10,0.828431,0.813977,0.844765,0,0,0,1,10,0,0
ripple_snr,reference,reference,Shvartsman_ripple_detector,default,ripple,interval,recall,10,0.663725,0.64129,0.687835,0,0,0,1,10,0,0
ripple_snr,reference,reference,Yu_ripple_detector,default,ripple,interval,recall,10,0.848039,0.832833,0.865145,0,0,0,1,10,0,0
ripple_snr,reference,reference,Zugaro_ripple_detector,default,ripple,interval,recall,10,0.67549,0.654252,0.696335,0,0,0,1,10,0,0
ripple_snr,reference,reference,multiunit_HSE_detector,default,burst,interval,recall,10,0.931493,0.917158,0.948138,0,0,0,1,10,0,0
ripple_snr,reference,reference,recipe:ambrose_2016,literature,ripple,interval,recall,10,0.728431,0.699812,0.754759,0,0,0,1,10,0,0
ripple_snr,reference,reference,recipe:bendor_2012,literature,burst,interval,recall,10,0.669734,0.643002,0.697931,0,0,0,1,10,0,0
ripple_snr,reference,reference,recipe:berners_lee_2021,literature,ripple,interval,recall,10,0.790196,0.767908,0.813176,0,0,0,1,10,0,0
ripple_snr,reference,reference,recipe:berners_lee_2022,literature,burst,interval,recall,10,0.683027,0.657603,0.710964,0,0,0,1,10,0,0
ripple_snr,reference,reference,recipe:bhattarai_2020,literature,network,interval,recall,10,0.383486,0.36426,0.404432,0,0,0,1,10,0,0
ripple_snr,reference,reference,recipe:bhattarai_2020_ripples,literature,ripple,interval,recall,10,0.464706,0.436362,0.495339,0,0,0,1,10,0,0
ripple_snr,reference,reference,recipe:bush_2022,literature,burst,interval,recall,10,0.630879,0.597014,0.668706,0,0,0,1,10,0,0
ripple_snr,reference,reference,recipe:carey_2019,literature,network,interval,recall,10,0.825688,0.806478,0.843953,0,0,0,1,10,0,0
ripple_snr,reference,reference,recipe:carr_2012,literature,ripple,interval,recall,10,0.72451,0.706531,0.74433,0,0,0,1,10,0,0
ripple_snr,reference,reference,recipe:chenani_2019,literature,burst,interval,recall,10,0.686094,0.665608,0.709887,0,0,0,1,10,0,0
ripple_snr,reference,reference,recipe:davidson_2009,literature,burst,interval,recall,10,0.801636,0.785994,0.820324,0,0,0,1,10,0,0
ripple_snr,reference,reference,recipe:davidson_2009_ripples,literature,ripple,peak_containment,recall,10,0.87549,0.851889,0.898297,0,0,0,1,10,0,0
ripple_snr,reference,reference,recipe:denovellis_2021,literature,ripple,interval,recall,10,0.828431,0.815282,0.842262,0,0,0,1,10,0,0
ripple_snr,reference,reference,recipe:denovellis_2021_mua,literature,burst,interval,recall,10,0.93047,0.916838,0.946485,0,0,0,1,10,0,0
ripple_snr,reference,reference,recipe:diba_2007,literature,burst,interval,recall,10,0.256646,0.22654,0.287224,0,0,0,1,10,0,0
ripple_snr,reference,reference,recipe:drieu_2018,literature,burst,interval,recall,10,0.786299,0.775775,0.797509,0,0,0,1,10,0,0
ripple_snr,reference,reference,recipe:farooq_2019_neuron,literature,burst,interval,recall,10,0.280164,0.243652,0.32154,0,0,0,1,10,0,0
ripple_snr,reference,reference,recipe:farooq_2019_science,literature,burst,interval,recall,10,0.278119,0.242423,0.318476,0,0,0,1,10,0,0
ripple_snr,reference,reference,recipe:farooq_2019_science_awake,literature,burst,interval,recall,10,0.278119,0.242423,0.318476,0,0,0,1,10,0,0
ripple_snr,reference,reference,recipe:foster_2006,literature,burst,interval,recall,10,0.148262,0.127082,0.172862,0,0,0,1,10,0,0
ripple_snr,reference,reference,recipe:foster_2006_ripples,literature,ripple,interval,recall,10,0.0745098,0.0613481,0.0878934,0,0,0,1,10,0,0
ripple_snr,reference,reference,recipe:gillespie_2021,literature,ripple,interval,recall,10,0.827451,0.814342,0.842843,0,0,0,1,10,0,0
ripple_snr,reference,reference,recipe:gillespie_2021_mua,literature,burst,interval,recall,10,0.822086,0.803179,0.839827,0,0,0,1,10,0,0
ripple_snr,reference,reference,recipe:gridchyn_2020,literature,burst,interval,recall,10,0.891616,0.874123,0.907524,0,0,0,1,10,0,0
ripple_snr,reference,reference,recipe:grosmark_2016,literature,network,interval,recall,10,0.416514,0.386402,0.448061,0,0,0,1,10,0,0
ripple_snr,reference,reference,recipe:gupta_2010,literature,ripple,interval,recall,10,0.8,0.777446,0.828924,0,0,0,1,10,0,0
ripple_snr,reference,reference,recipe:harvey_2023_code,literature,ripple,interval,recall,10,0.563725,0.539941,0.588474,0,0,0,1,10,0,0
ripple_snr,reference,reference,recipe:harvey_2023_no_radiatum,literature,ripple,interval,recall,10,0.597059,0.577734,0.617905,0,0,0,1,10,0,0
ripple_snr,reference,reference,recipe:harvey_2023_text,literature,ripple,interval,recall,10,0.604902,0.587255,0.62526,0,0,0,1,10,0,0
ripple_snr,reference,reference,recipe:huelin_gorriz_2023,literature,network,interval,recall,10,0.511009,0.483133,0.539768,0,0,0,1,10,0,0
ripple_snr,reference,reference,recipe:igata_2021,literature,burst,interval,recall,10,0.932515,0.917901,0.949156,0,0,0,1,10,0,0
ripple_snr,reference,reference,recipe:igata_2021_ripples,literature,ripple,interval,recall,10,0.872549,0.855652,0.890613,0,0,0,1,10,0,0
ripple_snr,reference,reference,recipe:jadhav_2016,literature,ripple,interval,recall,10,0.586275,0.554419,0.616468,0,0,0,1,10,0,0
ripple_snr,reference,reference,recipe:ji_2007,literature,burst,interval,recall,10,0.700409,0.6305,0.748675,0,0,0,1,10,0,0
ripple_snr,reference,reference,recipe:ji_2007_ripples,literature,ripple,interval,recall,10,0.00490196,0.00101623,0.00883243,0,0,0,1,10,0,0
ripple_snr,reference,reference,recipe:kaefer_2020,literature,ripple,interval,recall,10,0.0107843,0.00584212,0.0155603,0,0,0,1,10,0,0
ripple_snr,reference,reference,recipe:karlsson_2009,literature,ripple,interval,recall,10,0.72451,0.706531,0.74433,0,0,0,1,10,0,0
ripple_snr,reference,reference,recipe:krause_2022,literature,network,interval,recall,10,0.620183,0.594116,0.645529,0,0,0,1,10,0,0
ripple_snr,reference,reference,recipe:krause_2022_hse,literature,burst,interval,recall,10,0.819018,0.797725,0.839959,0,0,0,1,10,0,0
ripple_snr,reference,reference,recipe:kudrimoti_1999,literature,ripple,interval,recall,10,0.0245098,0.0174466,0.0338271,0,0,0,1,10,0,0
ripple_snr,reference,reference,recipe:lee_2002,literature,burst,interval,recall,10,0.949898,0.943786,0.955603,0,0,0,1,10,0,0
ripple_snr,reference,reference,recipe:lee_2002_ripples,literature,ripple,interval,recall,10,0.0745098,0.0613481,0.0878934,0,0,0,1,10,0,0
ripple_snr,reference,reference,recipe:liu_2019,literature,burst,interval,recall,10,0.843558,0.811187,0.87384,0,0,0,1,10,0,0
ripple_snr,reference,reference,recipe:liu_2019_awake,literature,burst,interval,recall,10,0.843558,0.811187,0.87384,0,0,0,1,10,0,0
ripple_snr,reference,reference,recipe:liu_2023,literature,network,interval,recall,10,0.431193,0.411239,0.451816,0,0,0,1,10,0,0
ripple_snr,reference,reference,recipe:maboudi_2018,literature,burst,interval,recall,10,0.792434,0.774162,0.811442,0,0,0,1,10,0,0
ripple_snr,reference,reference,recipe:maboudi_2018_open_field,literature,burst,interval,recall,10,0.737219,0.716188,0.761011,0,0,0,1,10,0,0
ripple_snr,reference,reference,recipe:mallory_2025,literature,burst,interval,recall,10,0.759714,0.740078,0.779609,0,0,0,1,10,0,0
ripple_snr,reference,reference,recipe:mallory_2025_ripples,literature,ripple,interval,recall,10,0.690196,0.668886,0.712691,0,0,0,1,10,0,0
ripple_snr,reference,reference,recipe:michon_2019,literature,network,interval,recall,10,0.250459,0.224122,0.276924,0,0,0,1,10,0,0
ripple_snr,reference,reference,recipe:michon_2021,literature,network,interval,recall,10,0.250459,0.224122,0.276924,0,0,0,1,10,0,0
ripple_snr,reference,reference,recipe:mou_2022,literature,burst,interval,recall,10,0.856851,0.829681,0.882724,0,0,0,1,10,0,0
ripple_snr,reference,reference,recipe:muessig_2019,literature,network,interval,recall,10,0.106422,0.091568,0.12113,0,0,0,1,10,0,0
ripple_snr,reference,reference,recipe:muessig_2019_ripples,literature,ripple,interval,recall,10,0.87549,0.854298,0.894141,0,0,0,1,10,0,0
ripple_snr,reference,reference,recipe:nadasdy_1999,literature,ripple,interval,recall,10,0.461765,0.441114,0.485717,0,0,0,1,10,0,0
ripple_snr,reference,reference,recipe:olafsdottir_2015,literature,burst,interval,recall,10,0.676892,0.654822,0.69798,0,0,0,1,10,0,0
ripple_snr,reference,reference,recipe:olafsdottir_2015.bayesian_candidates,literature,burst,interval,recall,10,0.612474,0.58635,0.641136,0,0,0,1,10,0,0
ripple_snr,reference,reference,recipe:olafsdottir_2016,literature,burst,interval,recall,10,0.570552,0.539077,0.609091,0,0,0,1,10,0,0
ripple_snr,reference,reference,recipe:olafsdottir_2017,literature,burst,interval,recall,10,0.760736,0.745657,0.775992,0,0,0,1,10,0,0
ripple_snr,reference,reference,recipe:olafsdottir_2017.trajectory,literature,burst,interval,recall,10,0.570552,0.539077,0.609091,0,0,0,1,10,0,0
ripple_snr,reference,reference,recipe:pfeiffer_2013,literature,burst,interval,recall,10,0.737219,0.716188,0.761011,0,0,0,1,10,0,0
ripple_snr,reference,reference,recipe:pfeiffer_2013_ripples,literature,ripple,interval,recall,10,0.728431,0.699812,0.754759,0,0,0,1,10,0,0
ripple_snr,reference,reference,recipe:pfeiffer_2015,literature,ripple,interval,recall,10,0.728431,0.699812,0.754759,0,0,0,1,10,0,0
ripple_snr,reference,reference,recipe:shin_2019,literature,ripple,interval,recall,10,0.72451,0.706531,0.74433,0,0,0,1,10,0,0
ripple_snr,reference,reference,recipe:silva_2015,literature,burst,interval,recall,10,0.619632,0.590956,0.648278,0,0,0,1,10,0,0
ripple_snr,reference,reference,recipe:stella_2019,literature,ripple,interval,recall,10,0.666667,0.649493,0.685394,0,0,0,1,10,0,0
ripple_snr,reference,reference,recipe:tang_2017,literature,ripple,interval,recall,10,0.72451,0.706531,0.74433,0,0,0,1,10,0,0
ripple_snr,reference,reference,recipe:tirole_2022,literature,network,interval,recall,10,0.511009,0.483133,0.539768,0,0,0,1,10,0,0
ripple_snr,reference,reference,recipe:widloski_2025,literature,ripple,interval,recall,10,0.507843,0.469984,0.54879,0,0,0,1,10,0,0
ripple_snr,reference,reference,recipe:widloski_2025_bursts,literature,burst,interval,recall,10,0.529652,0.491013,0.571436,0,0,0,1,10,0,0
ripple_snr,reference,reference,recipe:wikenheiser_2013,literature,ripple,interval,recall,10,0.832353,0.80594,0.860302,0,0,0,1,10,0,0
ripple_snr,reference,reference,recipe:wu_2014,literature,burst,interval,recall,10,0.862986,0.848921,0.877469,0,0,0,1,10,0,0
ripple_snr,reference,reference,recipe:wu_2014_ripples,literature,ripple,peak_containment,recall,10,0.898039,0.880974,0.916923,0,0,0,1,10,0,0
ripple_snr,reference,reference,recipe:wu_2017,literature,burst,interval,recall,10,0.534765,0.509803,0.559125,0,0,0,1,10,0,0
ripple_snr,reference,reference,recipe:xu_2019,literature,burst,interval,recall,10,0.747444,0.729037,0.765482,0,0,0,1,10,0,0
ripple_snr,reference,reference,recipe:yamamoto_2017,literature,network,interval,recall,10,0.561468,0.529566,0.596138,0,0,0,1,10,0,0
ripple_snr,reference,reference,recipe:yang_2024,literature,network,interval,recall,10,0.416514,0.386402,0.448061,0,0,0,1,10,0,0
ripple_snr,high,ripple_snr=high,Carey_candidate_detector,default,network,interval,recall,10,0.790826,0.776671,0.806801,-0.0266055,-0.036805,-0.0154827,0.0078125,10,0,0
ripple_snr,high,ripple_snr=high,Karlsson_ripple_detector,default,ripple,interval,recall,10,0.746078,0.722611,0.769396,0.0215686,0.00400712,0.0383184,0.0390625,10,0,0
ripple_snr,high,ripple_snr=high,Kay_ripple_detector,default,ripple,interval,recall,10,0.788235,0.774699,0.804082,-0.0392157,-0.0538622,-0.0242339,0.00390625,10,0,0
ripple_snr,high,ripple_snr=high,Long_sharp_wave_ripple_detector,default,ripple,interval,recall,10,0.748039,0.730968,0.766033,0.0578431,0.0358849,0.0795463,0.00390625,10,0,0
ripple_snr,high,ripple_snr=high,Roumis_ripple_detector,default,ripple,interval,recall,10,0.789216,0.773914,0.806664,-0.0392157,-0.054002,-0.024229,0.00390625,10,0,0
ripple_snr,high,ripple_snr=high,Shvartsman_ripple_detector,default,ripple,interval,recall,10,0.741176,0.717241,0.765896,0.077451,0.0604021,0.0923386,0.00195312,10,0,0
ripple_snr,high,ripple_snr=high,Yu_ripple_detector,default,ripple,interval,recall,10,0.844118,0.830115,0.860285,-0.00392157,-0.0122304,0.00668689,0.527344,10,0,0
ripple_snr,high,ripple_snr=high,Zugaro_ripple_detector,default,ripple,interval,recall,10,0.757843,0.729225,0.787065,0.0823529,0.0667231,0.100312,0.00195312,10,0,0
ripple_snr,high,ripple_snr=high,multiunit_HSE_detector,default,burst,interval,recall,10,0.931493,0.917158,0.948138,0,0,0,1,10,0,0
ripple_snr,high,ripple_snr=high,recipe:ambrose_2016,literature,ripple,interval,recall,10,0.717647,0.694753,0.741904,-0.0107843,-0.0268991,0.012606,0.480469,10,0,0
ripple_snr,high,ripple_snr=high,recipe:bendor_2012,literature,burst,interval,recall,10,0.669734,0.643002,0.697931,0,0,0,1,10,0,0
ripple_snr,high,ripple_snr=high,recipe:berners_lee_2021,literature,ripple,interval,recall,10,0.739216,0.720345,0.761859,-0.0509804,-0.0662654,-0.0353154,0.00390625,10,0,0
ripple_snr,high,ripple_snr=high,recipe:berners_lee_2022,literature,burst,interval,recall,10,0.683027,0.657603,0.710964,0,0,0,1,10,0,0
ripple_snr,high,ripple_snr=high,recipe:bhattarai_2020,literature,network,interval,recall,10,0.444954,0.427696,0.464085,0.0614679,0.0512322,0.0730787,0.00195312,10,0,0
ripple_snr,high,ripple_snr=high,recipe:bhattarai_2020_ripples,literature,ripple,interval,recall,10,0.536275,0.509998,0.563767,0.0715686,0.0618656,0.081854,0.00195312,10,0,0
ripple_snr,high,ripple_snr=high,recipe:bush_2022,literature,burst,interval,recall,10,0.630879,0.597014,0.668706,0,0,0,1,10,0,0
ripple_snr,high,ripple_snr=high,recipe:carey_2019,literature,network,interval,recall,10,0.827523,0.808876,0.847104,0.00183486,-0.0094004,0.0132969,0.804688,10,0,0
ripple_snr,high,ripple_snr=high,recipe:carr_2012,literature,ripple,interval,recall,10,0.746078,0.722611,0.769396,0.0215686,0.00400712,0.0383184,0.0390625,10,0,0
ripple_snr,high,ripple_snr=high,recipe:chenani_2019,literature,burst,interval,recall,10,0.686094,0.665608,0.709887,0,0,0,1,10,0,0
ripple_snr,high,ripple_snr=high,recipe:davidson_2009,literature,burst,interval,recall,10,0.801636,0.785994,0.820324,0,0,0,1,10,0,0
ripple_snr,high,ripple_snr=high,recipe:davidson_2009_ripples,literature,ripple,peak_containment,recall,10,0.85,0.828516,0.871364,-0.0254902,-0.0452281,-0.00939696,0.0234375,10,0,0
ripple_snr,high,ripple_snr=high,recipe:denovellis_2021,literature,ripple,interval,recall,10,0.8,0.787401,0.814583,-0.0284314,-0.0387167,-0.0172927,0.00390625,10,0,0
ripple_snr,high,ripple_snr=high,recipe:denovellis_2021_mua,literature,burst,interval,recall,10,0.93047,0.916838,0.946485,0,0,0,1,10,0,0
ripple_snr,high,ripple_snr=high,recipe:diba_2007,literature,burst,interval,recall,10,0.256646,0.22654,0.287224,0,0,0,1,10,0,0
ripple_snr,high,ripple_snr=high,recipe:drieu_2018,literature,burst,interval,recall,10,0.786299,0.775775,0.797509,0,0,0,1,10,0,0
ripple_snr,high,ripple_snr=high,recipe:farooq_2019_neuron,literature,burst,interval,recall,10,0.280164,0.243652,0.32154,0,0,0,1,10,0,0
ripple_snr,high,ripple_snr=high,recipe:farooq_2019_science,literature,burst,interval,recall,10,0.278119,0.242423,0.318476,0,0,0,1,10,0,0
ripple_snr,high,ripple_snr=high,recipe:farooq_2019_science_awake,literature,burst,interval,recall,10,0.278119,0.242423,0.318476,0,0,0,1,10,0,0
ripple_snr,high,ripple_snr=high,recipe:foster_2006,literature,burst,interval,recall,10,0.148262,0.127082,0.172862,0,0,0,1,10,0,0
ripple_snr,high,ripple_snr=high,recipe:foster_2006_ripples,literature,ripple,interval,recall,10,0.411765,0.379806,0.443397,0.337255,0.309647,0.362606,0.00195312,10,0,0
ripple_snr,high,ripple_snr=high,recipe:gillespie_2021,literature,ripple,interval,recall,10,0.788235,0.774699,0.804082,-0.0392157,-0.0538622,-0.0242339,0.00390625,10,0,0
ripple_snr,high,ripple_snr=high,recipe:gillespie_2021_mua,literature,burst,interval,recall,10,0.822086,0.803179,0.839827,0,0,0,1,10,0,0
ripple_snr,high,ripple_snr=high,recipe:gridchyn_2020,literature,burst,interval,recall,10,0.891616,0.874123,0.907524,0,0,0,1,10,0,0
ripple_snr,high,ripple_snr=high,recipe:grosmark_2016,literature,network,interval,recall,10,0.484404,0.460986,0.509948,0.0678899,0.0583798,0.079474,0.00195312,10,0,0
ripple_snr,high,ripple_snr=high,recipe:gupta_2010,literature,ripple,interval,recall,10,0.814706,0.7998,0.832355,0.0147059,0.00110411,0.0260375,0.0859375,10,0,0
ripple_snr,high,ripple_snr=high,recipe:harvey_2023_code,literature,ripple,interval,recall,10,0.616667,0.591382,0.640818,0.0529412,0.0343467,0.0711743,0.00390625,10,0,0
ripple_snr,high,ripple_snr=high,recipe:harvey_2023_no_radiatum,literature,ripple,interval,recall,10,0.638235,0.618127,0.658746,0.0411765,0.0188274,0.0613787,0.015625,10,0,0
ripple_snr,high,ripple_snr=high,recipe:harvey_2023_text,literature,ripple,interval,recall,10,0.748039,0.72016,0.777256,0.143137,0.118153,0.167864,0.00195312,10,0,0
ripple_snr,high,ripple_snr=high,recipe:huelin_gorriz_2023,literature,network,interval,recall,10,0.517431,0.492134,0.543089,0.00642202,-0.00759788,0.0216652,0.570312,10,0,0
ripple_snr,high,ripple_snr=high,recipe:igata_2021,literature,burst,interval,recall,10,0.932515,0.917901,0.949156,0,0,0,1,10,0,0
ripple_snr,high,ripple_snr=high,recipe:igata_2021_ripples,literature,ripple,interval,recall,10,0.863725,0.846956,0.880447,-0.00882353,-0.019448,0.00104499,0.171875,10,0,0
ripple_snr,high,ripple_snr=high,recipe:jadhav_2016,literature,ripple,interval,recall,10,0.609804,0.580305,0.639532,0.0235294,0.0133562,0.033089,0.0078125,10,0,0
ripple_snr,high,ripple_snr=high,recipe:ji_2007,literature,burst,interval,recall,10,0.700409,0.6305,0.748675,0,0,0,1,10,0,0
ripple_snr,high,ripple_snr=high,recipe:ji_2007_ripples,literature,ripple,interval,recall,10,0.119608,0.100795,0.142264,0.114706,0.0951059,0.138556,0.00195312,10,0,0
ripple_snr,high,ripple_snr=high,recipe:kaefer_2020,literature,ripple,interval,recall,10,0.112745,0.098328,0.128768,0.101961,0.0854417,0.119389,0.00195312,10,0,0
ripple_snr,high,ripple_snr=high,recipe:karlsson_2009,literature,ripple,interval,recall,10,0.746078,0.722611,0.769396,0.0215686,0.00400712,0.0383184,0.0390625,10,0,0
ripple_snr,high,ripple_snr=high,recipe:krause_2022,literature,network,interval,recall,10,0.63211,0.605973,0.658206,0.0119266,0.00179994,0.0233268,0.046875,10,0,0
ripple_snr,high,ripple_snr=high,recipe:krause_2022_hse,literature,burst,interval,recall,10,0.819018,0.797725,0.839959,0,0,0,1,10,0,0
ripple_snr,high,ripple_snr=high,recipe:kudrimoti_1999,literature,ripple,interval,recall,10,0.345098,0.316987,0.373414,0.320588,0.290409,0.351887,0.00195312,10,0,0
ripple_snr,high,ripple_snr=high,recipe:lee_2002,literature,burst,interval,recall,10,0.949898,0.943786,0.955603,0,0,0,1,10,0,0
ripple_snr,high,ripple_snr=high,recipe:lee_2002_ripples,literature,ripple,interval,recall,10,0.411765,0.379806,0.443397,0.337255,0.309647,0.362606,0.00195312,10,0,0
ripple_snr,high,ripple_snr=high,recipe:liu_2019,literature,burst,interval,recall,10,0.843558,0.811187,0.87384,0,0,0,1,10,0,0
ripple_snr,high,ripple_snr=high,recipe:liu_2019_awake,literature,burst,interval,recall,10,0.843558,0.811187,0.87384,0,0,0,1,10,0,0
ripple_snr,high,ripple_snr=high,recipe:liu_2023,literature,network,interval,recall,10,0.46055,0.443048,0.478619,0.0293578,0.0183482,0.0407794,0.0078125,10,0,0
ripple_snr,high,ripple_snr=high,recipe:maboudi_2018,literature,burst,interval,recall,10,0.792434,0.774162,0.811442,0,0,0,1,10,0,0
ripple_snr,high,ripple_snr=high,recipe:maboudi_2018_open_field,literature,burst,interval,recall,10,0.737219,0.716188,0.761011,0,0,0,1,10,0,0
ripple_snr,high,ripple_snr=high,recipe:mallory_2025,literature,burst,interval,recall,10,0.759714,0.740078,0.779609,0,0,0,1,10,0,0
ripple_snr,high,ripple_snr=high,recipe:mallory_2025_ripples,literature,ripple,interval,recall,10,0.717647,0.692512,0.74389,0.027451,0.00464848,0.04987,0.0566406,10,0,0
ripple_snr,high,ripple_snr=high,recipe:michon_2019,literature,network,interval,recall,10,0.365138,0.344247,0.389952,0.114679,0.0931454,0.136926,0.00195312,10,0,0
ripple_snr,high,ripple_snr=high,recipe:michon_2021,literature,network,interval,recall,10,0.365138,0.344247,0.389952,0.114679,0.0931454,0.136926,0.00195312,10,0,0
ripple_snr,high,ripple_snr=high,recipe:mou_2022,literature,burst,interval,recall,10,0.856851,0.829681,0.882724,0,0,0,1,10,0,0
ripple_snr,high,ripple_snr=high,recipe:muessig_2019,literature,network,interval,recall,10,0.108257,0.0945674,0.122395,0.00183486,-0.00179533,0.00554554,0.375,10,0,0
ripple_snr,high,ripple_snr=high,recipe:muessig_2019_ripples,literature,ripple,interval,recall,10,0.886275,0.870656,0.901762,0.0107843,-0.00109187,0.0252131,0.171875,10,0,0
ripple_snr,high,ripple_snr=high,recipe:nadasdy_1999,literature,ripple,interval,recall,10,0.653922,0.630996,0.681118,0.192157,0.169882,0.218128,0.00195312,10,0,0
ripple_snr,high,ripple_snr=high,recipe:olafsdottir_2015,literature,burst,interval,recall,10,0.676892,0.654822,0.69798,0,0,0,1,10,0,0
ripple_snr,high,ripple_snr=high,recipe:olafsdottir_2015.bayesian_candidates,literature,burst,interval,recall,10,0.612474,0.58635,0.641136,0,0,0,1,10,0,0
ripple_snr,high,ripple_snr=high,recipe:olafsdottir_2016,literature,burst,interval,recall,10,0.570552,0.539077,0.609091,0,0,0,1,10,0,0
ripple_snr,high,ripple_snr=high,recipe:olafsdottir_2017,literature,burst,interval,recall,10,0.760736,0.745657,0.775992,0,0,0,1,10,0,0
ripple_snr,high,ripple_snr=high,recipe:olafsdottir_2017.trajectory,literature,burst,interval,recall,10,0.570552,0.539077,0.609091,0,0,0,1,10,0,0
ripple_snr,high,ripple_snr=high,recipe:pfeiffer_2013,literature,burst,interval,recall,10,0.737219,0.716188,0.761011,0,0,0,1,10,0,0
ripple_snr,high,ripple_snr=high,recipe:pfeiffer_2013_ripples,literature,ripple,interval,recall,10,0.717647,0.694753,0.741904,-0.0107843,-0.0268991,0.012606,0.480469,10,0,0
ripple_snr,high,ripple_snr=high,recipe:pfeiffer_2015,literature,ripple,interval,recall,10,0.717647,0.694753,0.741904,-0.0107843,-0.0268991,0.012606,0.480469,10,0,0
ripple_snr,high,ripple_snr=high,recipe:shin_2019,literature,ripple,interval,recall,10,0.746078,0.722611,0.769396,0.0215686,0.00400712,0.0383184,0.0390625,10,0,0
ripple_snr,high,ripple_snr=high,recipe:silva_2015,literature,burst,interval,recall,10,0.619632,0.590956,0.648278,0,0,0,1,10,0,0
ripple_snr,high,ripple_snr=high,recipe:stella_2019,literature,ripple,interval,recall,10,0.790196,0.768842,0.811164,0.123529,0.102206,0.144789,0.00195312,10,0,0
ripple_snr,high,ripple_snr=high,recipe:tang_2017,literature,ripple,interval,recall,10,0.746078,0.722611,0.769396,0.0215686,0.00400712,0.0383184,0.0390625,10,0,0
ripple_snr,high,ripple_snr=high,recipe:tirole_2022,literature,network,interval,recall,10,0.517431,0.492134,0.543089,0.00642202,-0.00759788,0.0216652,0.570312,10,0,0
ripple_snr,high,ripple_snr=high,recipe:widloski_2025,literature,ripple,interval,recall,10,0.584314,0.550685,0.620968,0.0764706,0.0556093,0.100094,0.00195312,10,0,0
ripple_snr,high,ripple_snr=high,recipe:widloski_2025_bursts,literature,burst,interval,recall,10,0.529652,0.491013,0.571436,0,0,0,1,10,0,0
ripple_snr,high,ripple_snr=high,recipe:wikenheiser_2013,literature,ripple,interval,recall,10,0.822549,0.797917,0.844398,-0.00980392,-0.0251764,0.00772427,0.257812,10,0,0
ripple_snr,high,ripple_snr=high,recipe:wu_2014,literature,burst,interval,recall,10,0.862986,0.848921,0.877469,0,0,0,1,10,0,0
ripple_snr,high,ripple_snr=high,recipe:wu_2014_ripples,literature,ripple,peak_containment,recall,10,0.864706,0.846231,0.883106,-0.0333333,-0.0505271,-0.0206274,0.00390625,10,0,0
ripple_snr,high,ripple_snr=high,recipe:wu_2017,literature,burst,interval,recall,10,0.534765,0.509803,0.559125,0,0,0,1,10,0,0
ripple_snr,high,ripple_snr=high,recipe:xu_2019,literature,burst,interval,recall,10,0.747444,0.729037,0.765482,0,0,0,1,10,0,0
ripple_snr,high,ripple_snr=high,recipe:yamamoto_2017,literature,network,interval,recall,10,0.565138,0.53744,0.597368,0.00366972,-0.00373285,0.0124521,0.375,10,0,0
ripple_snr,high,ripple_snr=high,recipe:yang_2024,literature,network,interval,recall,10,0.484404,0.460986,0.509948,0.0678899,0.0583798,0.079474,0.00195312,10,0,0
participation,low,participation=low,Carey_candidate_detector,default,network,interval,recall,10,0.766972,0.748038,0.784694,-0.0504587,-0.069524,-0.0304747,0.00390625,10,0,0
participation,low,participation=low,Karlsson_ripple_detector,default,ripple,interval,recall,10,0.72451,0.706531,0.74433,0,0,0,1,10,0,0
participation,low,participation=low,Kay_ripple_detector,default,ripple,interval,recall,10,0.827451,0.814342,0.842843,0,0,0,1,10,0,0
participation,low,participation=low,Long_sharp_wave_ripple_detector,default,ripple,interval,recall,10,0.690196,0.666335,0.713389,0,0,0,1,10,0,0
participation,low,participation=low,Roumis_ripple_detector,default,ripple,interval,recall,10,0.828431,0.813977,0.844765,0,0,0,1,10,0,0
participation,low,participation=low,Shvartsman_ripple_detector,default,ripple,interval,recall,10,0.663725,0.64129,0.687835,0,0,0,1,10,0,0
participation,low,participation=low,Yu_ripple_detector,default,ripple,interval,recall,10,0.848039,0.832833,0.865145,0,0,0,1,10,0,0
participation,low,participation=low,Zugaro_ripple_detector,default,ripple,interval,recall,10,0.67549,0.654252,0.696335,0,0,0,1,10,0,0
participation,low,participation=low,multiunit_HSE_detector,default,burst,interval,recall,10,0.861963,0.845168,0.879294,-0.0695297,-0.0820562,-0.0549451,0.00195312,10,0,0
participation,low,participation=low,recipe:ambrose_2016,literature,ripple,interval,recall,10,0.728431,0.699812,0.754759,0,0,0,1,10,0,0
participation,low,participation=low,recipe:bendor_2012,literature,burst,interval,recall,10,0.472393,0.450102,0.493711,-0.197342,-0.218393,-0.173647,0.00195312,10,0,0
participation,low,participation=low,recipe:berners_lee_2021,literature,ripple,interval,recall,10,0.790196,0.767908,0.813176,0,0,0,1,10,0,0
participation,low,participation=low,recipe:berners_lee_2022,literature,burst,interval,recall,10,0.530675,0.509939,0.552605,-0.152352,-0.189133,-0.121062,0.00195312,10,0,0
participation,low,participation=low,recipe:bhattarai_2020,literature,network,interval,recall,10,0.121101,0.103894,0.141973,-0.262385,-0.292297,-0.235349,0.00195312,10,0,0
participation,low,participation=low,recipe:bhattarai_2020_ripples,literature,ripple,interval,recall,10,0.146078,0.134653,0.157897,-0.318627,-0.351384,-0.283651,0.00195312,10,0,0
participation,low,participation=low,recipe:bush_2022,literature,burst,interval,recall,10,0.166667,0.14959,0.183506,-0.464213,-0.501023,-0.428115,0.00195312,10,0,0
participation,low,participation=low,recipe:carey_2019,literature,network,interval,recall,10,0.750459,0.723211,0.775304,-0.0752294,-0.0949765,-0.0578096,0.00195312,10,0,0
participation,low,participation=low,recipe:carr_2012,literature,ripple,interval,recall,10,0.72451,0.706531,0.74433,0,0,0,1,10,0,0
participation,low,participation=low,recipe:chenani_2019,literature,burst,interval,recall,10,0.313906,0.291494,0.33625,-0.372188,-0.40723,-0.340285,0.00195312,10,0,0
participation,low,participation=low,recipe:davidson_2009,literature,burst,interval,recall,10,0.689162,0.665019,0.709315,-0.112474,-0.136418,-0.0873647,0.00195312,10,0,0
participation,low,participation=low,recipe:davidson_2009_ripples,literature,ripple,peak_containment,recall,10,0.87549,0.851889,0.898297,0,0,0,1,10,0,0
participation,low,participation=low,recipe:denovellis_2021,literature,ripple,interval,recall,10,0.828431,0.815282,0.842262,0,0,0,1,10,0,0
participation,low,participation=low,recipe:denovellis_2021_mua,literature,burst,interval,recall,10,0.862986,0.844258,0.879419,-0.0674847,-0.0819672,-0.0527385,0.00195312,10,0,0
participation,low,participation=low,recipe:diba_2007,literature,burst,interval,recall,10,0.00817996,0.00395628,0.0128208,-0.248466,-0.280007,-0.21684,0.00195312,10,0,0
participation,low,participation=low,recipe:drieu_2018,literature,burst,interval,recall,10,0.57362,0.543156,0.610138,-0.212679,-0.242579,-0.173675,0.00195312,10,0,0
participation,low,participation=low,recipe:farooq_2019_neuron,literature,burst,interval,recall,10,0.0654397,0.0525773,0.0821096,-0.214724,-0.254758,-0.182828,0.00195312,10,0,0
participation,low,participation=low,recipe:farooq_2019_science,literature,burst,interval,recall,10,0.0541922,0.0434783,0.0660507,-0.223926,-0.261713,-0.193444,0.00195312,10,0,0
participation,low,participation=low,recipe:farooq_2019_science_awake,literature,burst,interval,recall,10,0.0541922,0.0434783,0.0660507,-0.223926,-0.261713,-0.193444,0.00195312,10,0,0
participation,low,participation=low,recipe:foster_2006,literature,burst,interval,recall,10,0.00102249,0,0.00302122,-0.147239,-0.172526,-0.125135,0.00195312,10,0,0
participation,low,participation=low,recipe:foster_2006_ripples,literature,ripple,interval,recall,10,0.0745098,0.0613481,0.0878934,0,0,0,1,10,0,0
participation,low,participation=low,recipe:gillespie_2021,literature,ripple,interval,recall,10,0.827451,0.814342,0.842843,0,0,0,1,10,0,0
participation,low,participation=low,recipe:gillespie_2021_mua,literature,burst,interval,recall,10,0.708589,0.687931,0.725857,-0.113497,-0.139584,-0.0865957,0.00195312,10,0,0
participation,low,participation=low,recipe:gridchyn_2020,literature,burst,interval,recall,10,0.785276,0.767331,0.803611,-0.106339,-0.126777,-0.0842059,0.00195312,10,0,0
participation,low,participation=low,recipe:grosmark_2016,literature,network,interval,recall,10,0.219266,0.194383,0.249308,-0.197248,-0.217113,-0.174151,0.00195312,10,0,0
participation,low,participation=low,recipe:gupta_2010,literature,ripple,interval,recall,10,0.8,0.777446,0.828924,0,0,0,1,10,0,0
participation,low,participation=low,recipe:harvey_2023_code,literature,ripple,interval,recall,10,0.397059,0.365759,0.424979,-0.166667,-0.200922,-0.139154,0.00195312,10,0,0
participation,low,participation=low,recipe:harvey_2023_no_radiatum,literature,ripple,interval,recall,10,0.439216,0.382879,0.484761,-0.157843,-0.200542,-0.121147,0.00195312,10,0,0
participation,low,participation=low,recipe:harvey_2023_text,literature,ripple,interval,recall,10,0.604902,0.587255,0.62526,0,0,0,1,10,0,0
participation,low,participation=low,recipe:huelin_gorriz_2023,literature,network,interval,recall,10,0.243119,0.221019,0.269625,-0.26789,-0.295677,-0.241864,0.00195312,10,0,0
participation,low,participation=low,recipe:igata_2021,literature,burst,interval,recall,10,0.876278,0.862484,0.889453,-0.0562372,-0.070467,-0.0420831,0.00195312,10,0,0
participation,low,participation=low,recipe:igata_2021_ripples,literature,ripple,interval,recall,10,0.872549,0.855652,0.890613,0,0,0,1,10,0,0
participation,low,participation=low,recipe:jadhav_2016,literature,ripple,interval,recall,10,0.586275,0.554419,0.616468,0,0,0,1,10,0,0
participation,low,participation=low,recipe:ji_2007,literature,burst,interval,recall,10,0.533742,0.465043,0.60078,-0.166667,-0.245346,-0.0864461,0.0078125,10,0,0
participation,low,participation=low,recipe:ji_2007_ripples,literature,ripple,interval,recall,10,0.00490196,0.00101623,0.00883243,0,0,0,1,10,0,0
participation,low,participation=low,recipe:kaefer_2020,literature,ripple,interval,recall,10,0.0107843,0.00584212,0.0155603,0,0,0,1,10,0,0
participation,low,participation=low,recipe:karlsson_2009,literature,ripple,interval,recall,10,0.72451,0.706531,0.74433,0,0,0,1,10,0,0
participation,low,participation=low,recipe:krause_2022,literature,network,interval,recall,10,0.514679,0.492422,0.536937,-0.105505,-0.121797,-0.0887571,0.00195312,10,0,0
participation,low,participation=low,recipe:krause_2022_hse,literature,burst,interval,recall,10,0.700409,0.678639,0.717143,-0.118609,-0.142431,-0.095889,0.00195312,10,0,0
participation,low,participation=low,recipe:kudrimoti_1999,literature,ripple,interval,recall,10,0.0245098,0.0174466,0.0338271,0,0,0,1,10,0,0
participation,low,participation=low,recipe:lee_2002,literature,burst,interval,recall,10,0.895706,0.879063,0.912641,-0.0541922,-0.0680863,-0.0396735,0.00195312,10,0,0
participation,low,participation=low,recipe:lee_2002_ripples,literature,ripple,interval,recall,10,0.0745098,0.0613481,0.0878934,0,0,0,1,10,0,0
participation,low,participation=low,recipe:liu_2019,literature,burst,interval,recall,10,0.840491,0.817696,0.8635,-0.00306748,-0.0306143,0.0224843,0.894531,10,0,0
participation,low,participation=low,recipe:liu_2019_awake,literature,burst,interval,recall,10,0.840491,0.817696,0.8635,-0.00306748,-0.0306143,0.0224843,0.894531,10,0,0
participation,low,participation=low,recipe:liu_2023,literature,network,interval,recall,10,0.23578,0.211553,0.264248,-0.195413,-0.216482,-0.175727,0.00195312,10,0,0
participation,low,participation=low,recipe:maboudi_2018,literature,burst,interval,recall,10,0.628834,0.607216,0.654883,-0.163599,-0.188318,-0.137688,0.00195312,10,0,0
participation,low,participation=low,recipe:maboudi_2018_open_field,literature,burst,interval,recall,10,0.371166,0.343563,0.400827,-0.366053,-0.386614,-0.345412,0.00195312,10,0,0
participation,low,participation=low,recipe:mallory_2025,literature,burst,interval,recall,10,0.49182,0.469696,0.51443,-0.267894,-0.295084,-0.239625,0.00195312,10,0,0
participation,low,participation=low,recipe:mallory_2025_ripples,literature,ripple,interval,recall,10,0.690196,0.668886,0.712691,0,0,0,1,10,0,0
participation,low,participation=low,recipe:michon_2019,literature,network,interval,recall,10,0.192661,0.177168,0.209635,-0.0577982,-0.0788764,-0.0378756,0.00195312,10,0,0
participation,low,participation=low,recipe:michon_2021,literature,network,interval,recall,10,0.192661,0.177168,0.209635,-0.0577982,-0.0788764,-0.0378756,0.00195312,10,0,0
participation,low,participation=low,recipe:mou_2022,literature,burst,interval,recall,10,0.891616,0.870234,0.911676,0.0347648,0.00612014,0.0656109,0.0664062,10,0,0
participation,low,participation=low,recipe:muessig_2019,literature,network,interval,recall,10,0.00733945,0.00269772,0.013036,-0.0990826,-0.117372,-0.0809344,0.00195312,10,0,0
participation,low,participation=low,recipe:muessig_2019_ripples,literature,ripple,interval,recall,10,0.87549,0.854298,0.894141,0,0,0,1,10,0,0
participation,low,participation=low,recipe:nadasdy_1999,literature,ripple,interval,recall,10,0.461765,0.441114,0.485717,0,0,0,1,10,0,0
participation,low,participation=low,recipe:olafsdottir_2015,literature,burst,interval,recall,10,0.257669,0.231309,0.284818,-0.419223,-0.447595,-0.387896,0.00195312,10,0,0
participation,low,participation=low,recipe:olafsdottir_2015.bayesian_candidates,literature,burst,interval,recall,10,0.158487,0.138261,0.17794,-0.453988,-0.480933,-0.432058,0.00195312,10,0,0
participation,low,participation=low,recipe:olafsdottir_2016,literature,burst,interval,recall,10,0.093047,0.0736842,0.112809,-0.477505,-0.525583,-0.437925,0.00195312,10,0,0
participation,low,participation=low,recipe:olafsdottir_2017,literature,burst,interval,recall,10,0.378323,0.346106,0.411766,-0.382413,-0.41571,-0.350197,0.00195312,10,0,0
participation,low,participation=low,recipe:olafsdottir_2017.trajectory,literature,burst,interval,recall,10,0.093047,0.0736842,0.112809,-0.477505,-0.525583,-0.437925,0.00195312,10,0,0
participation,low,participation=low,recipe:pfeiffer_2013,literature,burst,interval,recall,10,0.371166,0.343563,0.400827,-0.366053,-0.386614,-0.345412,0.00195312,10,0,0
participation,low,participation=low,recipe:pfeiffer_2013_ripples,literature,ripple,interval,recall,10,0.728431,0.699812,0.754759,0,0,0,1,10,0,0
participation,low,participation=low,recipe:pfeiffer_2015,literature,ripple,interval,recall,10,0.728431,0.699812,0.754759,0,0,0,1,10,0,0
participation,low,participation=low,recipe:shin_2019,literature,ripple,interval,recall,10,0.72451,0.706531,0.74433,0,0,0,1,10,0,0
participation,low,participation=low,recipe:silva_2015,literature,burst,interval,recall,10,0.305726,0.278007,0.336882,-0.313906,-0.340756,-0.28353,0.00195312,10,0,0
participation,low,participation=low,recipe:stella_2019,literature,ripple,interval,recall,10,0.666667,0.649493,0.685394,0,0,0,1,10,0,0
participation,low,participation=low,recipe:tang_2017,literature,ripple,interval,recall,10,0.72451,0.706531,0.74433,0,0,0,1,10,0,0
participation,low,participation=low,recipe:tirole_2022,literature,network,interval,recall,10,0.243119,0.221019,0.269625,-0.26789,-0.295677,-0.241864,0.00195312,10,0,0
participation,low,participation=low,recipe:widloski_2025,literature,ripple,interval,recall,10,0.507843,0.469984,0.54879,0,0,0,1,10,0,0
participation,low,participation=low,recipe:widloski_2025_bursts,literature,burst,interval,recall,10,0.40184,0.369252,0.428862,-0.127812,-0.168324,-0.0854333,0.00195312,10,0,0
participation,low,participation=low,recipe:wikenheiser_2013,literature,ripple,interval,recall,10,0.832353,0.80594,0.860302,0,0,0,1,10,0,0
participation,low,participation=low,recipe:wu_2014,literature,burst,interval,recall,10,0.716769,0.682722,0.752343,-0.146217,-0.173428,-0.117874,0.00195312,10,0,0
participation,low,participation=low,recipe:wu_2014_ripples,literature,ripple,peak_containment,recall,10,0.898039,0.880974,0.916923,0,0,0,1,10,0,0
participation,low,participation=low,recipe:wu_2017,literature,burst,interval,recall,10,0.284254,0.241588,0.321899,-0.250511,-0.296657,-0.207436,0.00195312,10,0,0
participation,low,participation=low,recipe:xu_2019,literature,burst,interval,recall,10,0.43047,0.411398,0.452992,-0.316973,-0.332256,-0.30094,0.00195312,10,0,0
participation,low,participation=low,recipe:yamamoto_2017,literature,network,interval,recall,10,0.478899,0.451294,0.504607,-0.0825688,-0.117708,-0.048427,0.00390625,10,0,0
participation,low,participation=low,recipe:yang_2024,literature,network,interval,recall,10,0.219266,0.194383,0.249308,-0.197248,-0.217113,-0.174151,0.00195312,10,0,0
participation,reference,reference,Carey_candidate_detector,default,network,interval,recall,10,0.817431,0.802458,0.834401,0,0,0,1,10,0,0
participation,reference,reference,Karlsson_ripple_detector,default,ripple,interval,recall,10,0.72451,0.706531,0.74433,0,0,0,1,10,0,0
participation,reference,reference,Kay_ripple_detector,default,ripple,interval,recall,10,0.827451,0.814342,0.842843,0,0,0,1,10,0,0
participation,reference,reference,Long_sharp_wave_ripple_detector,default,ripple,interval,recall,10,0.690196,0.666335,0.713389,0,0,0,1,10,0,0
participation,reference,reference,Roumis_ripple_detector,default,ripple,interval,recall,10,0.828431,0.813977,0.844765,0,0,0,1,10,0,0
participation,reference,reference,Shvartsman_ripple_detector,default,ripple,interval,recall,10,0.663725,0.64129,0.687835,0,0,0,1,10,0,0
participation,reference,reference,Yu_ripple_detector,default,ripple,interval,recall,10,0.848039,0.832833,0.865145,0,0,0,1,10,0,0
participation,reference,reference,Zugaro_ripple_detector,default,ripple,interval,recall,10,0.67549,0.654252,0.696335,0,0,0,1,10,0,0
participation,reference,reference,multiunit_HSE_detector,default,burst,interval,recall,10,0.931493,0.917158,0.948138,0,0,0,1,10,0,0
participation,reference,reference,recipe:ambrose_2016,literature,ripple,interval,recall,10,0.728431,0.699812,0.754759,0,0,0,1,10,0,0
participation,reference,reference,recipe:bendor_2012,literature,burst,interval,recall,10,0.669734,0.643002,0.697931,0,0,0,1,10,0,0
participation,reference,reference,recipe:berners_lee_2021,literature,ripple,interval,recall,10,0.790196,0.767908,0.813176,0,0,0,1,10,0,0
participation,reference,reference,recipe:berners_lee_2022,literature,burst,interval,recall,10,0.683027,0.657603,0.710964,0,0,0,1,10,0,0
participation,reference,reference,recipe:bhattarai_2020,literature,network,interval,recall,10,0.383486,0.36426,0.404432,0,0,0,1,10,0,0
participation,reference,reference,recipe:bhattarai_2020_ripples,literature,ripple,interval,recall,10,0.464706,0.436362,0.495339,0,0,0,1,10,0,0
participation,reference,reference,recipe:bush_2022,literature,burst,interval,recall,10,0.630879,0.597014,0.668706,0,0,0,1,10,0,0
participation,reference,reference,recipe:carey_2019,literature,network,interval,recall,10,0.825688,0.806478,0.843953,0,0,0,1,10,0,0
participation,reference,reference,recipe:carr_2012,literature,ripple,interval,recall,10,0.72451,0.706531,0.74433,0,0,0,1,10,0,0
participation,reference,reference,recipe:chenani_2019,literature,burst,interval,recall,10,0.686094,0.665608,0.709887,0,0,0,1,10,0,0
participation,reference,reference,recipe:davidson_2009,literature,burst,interval,recall,10,0.801636,0.785994,0.820324,0,0,0,1,10,0,0
participation,reference,reference,recipe:davidson_2009_ripples,literature,ripple,peak_containment,recall,10,0.87549,0.851889,0.898297,0,0,0,1,10,0,0
participation,reference,reference,recipe:denovellis_2021,literature,ripple,interval,recall,10,0.828431,0.815282,0.842262,0,0,0,1,10,0,0
participation,reference,reference,recipe:denovellis_2021_mua,literature,burst,interval,recall,10,0.93047,0.916838,0.946485,0,0,0,1,10,0,0
participation,reference,reference,recipe:diba_2007,literature,burst,interval,recall,10,0.256646,0.22654,0.287224,0,0,0,1,10,0,0
participation,reference,reference,recipe:drieu_2018,literature,burst,interval,recall,10,0.786299,0.775775,0.797509,0,0,0,1,10,0,0
participation,reference,reference,recipe:farooq_2019_neuron,literature,burst,interval,recall,10,0.280164,0.243652,0.32154,0,0,0,1,10,0,0
participation,reference,reference,recipe:farooq_2019_science,literature,burst,interval,recall,10,0.278119,0.242423,0.318476,0,0,0,1,10,0,0
participation,reference,reference,recipe:farooq_2019_science_awake,literature,burst,interval,recall,10,0.278119,0.242423,0.318476,0,0,0,1,10,0,0
participation,reference,reference,recipe:foster_2006,literature,burst,interval,recall,10,0.148262,0.127082,0.172862,0,0,0,1,10,0,0
participation,reference,reference,recipe:foster_2006_ripples,literature,ripple,interval,recall,10,0.0745098,0.0613481,0.0878934,0,0,0,1,10,0,0
participation,reference,reference,recipe:gillespie_2021,literature,ripple,interval,recall,10,0.827451,0.814342,0.842843,0,0,0,1,10,0,0
participation,reference,reference,recipe:gillespie_2021_mua,literature,burst,interval,recall,10,0.822086,0.803179,0.839827,0,0,0,1,10,0,0
participation,reference,reference,recipe:gridchyn_2020,literature,burst,interval,recall,10,0.891616,0.874123,0.907524,0,0,0,1,10,0,0
participation,reference,reference,recipe:grosmark_2016,literature,network,interval,recall,10,0.416514,0.386402,0.448061,0,0,0,1,10,0,0
participation,reference,reference,recipe:gupta_2010,literature,ripple,interval,recall,10,0.8,0.777446,0.828924,0,0,0,1,10,0,0
participation,reference,reference,recipe:harvey_2023_code,literature,ripple,interval,recall,10,0.563725,0.539941,0.588474,0,0,0,1,10,0,0
participation,reference,reference,recipe:harvey_2023_no_radiatum,literature,ripple,interval,recall,10,0.597059,0.577734,0.617905,0,0,0,1,10,0,0
participation,reference,reference,recipe:harvey_2023_text,literature,ripple,interval,recall,10,0.604902,0.587255,0.62526,0,0,0,1,10,0,0
participation,reference,reference,recipe:huelin_gorriz_2023,literature,network,interval,recall,10,0.511009,0.483133,0.539768,0,0,0,1,10,0,0
participation,reference,reference,recipe:igata_2021,literature,burst,interval,recall,10,0.932515,0.917901,0.949156,0,0,0,1,10,0,0
participation,reference,reference,recipe:igata_2021_ripples,literature,ripple,interval,recall,10,0.872549,0.855652,0.890613,0,0,0,1,10,0,0
participation,reference,reference,recipe:jadhav_2016,literature,ripple,interval,recall,10,0.586275,0.554419,0.616468,0,0,0,1,10,0,0
participation,reference,reference,recipe:ji_2007,literature,burst,interval,recall,10,0.700409,0.6305,0.748675,0,0,0,1,10,0,0
participation,reference,reference,recipe:ji_2007_ripples,literature,ripple,interval,recall,10,0.00490196,0.00101623,0.00883243,0,0,0,1,10,0,0
participation,reference,reference,recipe:kaefer_2020,literature,ripple,interval,recall,10,0.0107843,0.00584212,0.0155603,0,0,0,1,10,0,0
participation,reference,reference,recipe:karlsson_2009,literature,ripple,interval,recall,10,0.72451,0.706531,0.74433,0,0,0,1,10,0,0
participation,reference,reference,recipe:krause_2022,literature,network,interval,recall,10,0.620183,0.594116,0.645529,0,0,0,1,10,0,0
participation,reference,reference,recipe:krause_2022_hse,literature,burst,interval,recall,10,0.819018,0.797725,0.839959,0,0,0,1,10,0,0
participation,reference,reference,recipe:kudrimoti_1999,literature,ripple,interval,recall,10,0.0245098,0.0174466,0.0338271,0,0,0,1,10,0,0
participation,reference,reference,recipe:lee_2002,literature,burst,interval,recall,10,0.949898,0.943786,0.955603,0,0,0,1,10,0,0
participation,reference,reference,recipe:lee_2002_ripples,literature,ripple,interval,recall,10,0.0745098,0.0613481,0.0878934,0,0,0,1,10,0,0
participation,reference,reference,recipe:liu_2019,literature,burst,interval,recall,10,0.843558,0.811187,0.87384,0,0,0,1,10,0,0
participation,reference,reference,recipe:liu_2019_awake,literature,burst,interval,recall,10,0.843558,0.811187,0.87384,0,0,0,1,10,0,0
participation,reference,reference,recipe:liu_2023,literature,network,interval,recall,10,0.431193,0.411239,0.451816,0,0,0,1,10,0,0
participation,reference,reference,recipe:maboudi_2018,literature,burst,interval,recall,10,0.792434,0.774162,0.811442,0,0,0,1,10,0,0
participation,reference,reference,recipe:maboudi_2018_open_field,literature,burst,interval,recall,10,0.737219,0.716188,0.761011,0,0,0,1,10,0,0
participation,reference,reference,recipe:mallory_2025,literature,burst,interval,recall,10,0.759714,0.740078,0.779609,0,0,0,1,10,0,0
participation,reference,reference,recipe:mallory_2025_ripples,literature,ripple,interval,recall,10,0.690196,0.668886,0.712691,0,0,0,1,10,0,0
participation,reference,reference,recipe:michon_2019,literature,network,interval,recall,10,0.250459,0.224122,0.276924,0,0,0,1,10,0,0
participation,reference,reference,recipe:michon_2021,literature,network,interval,recall,10,0.250459,0.224122,0.276924,0,0,0,1,10,0,0
participation,reference,reference,recipe:mou_2022,literature,burst,interval,recall,10,0.856851,0.829681,0.882724,0,0,0,1,10,0,0
participation,reference,reference,recipe:muessig_2019,literature,network,interval,recall,10,0.106422,0.091568,0.12113,0,0,0,1,10,0,0
participation,reference,reference,recipe:muessig_2019_ripples,literature,ripple,interval,recall,10,0.87549,0.854298,0.894141,0,0,0,1,10,0,0
participation,reference,reference,recipe:nadasdy_1999,literature,ripple,interval,recall,10,0.461765,0.441114,0.485717,0,0,0,1,10,0,0
participation,reference,reference,recipe:olafsdottir_2015,literature,burst,interval,recall,10,0.676892,0.654822,0.69798,0,0,0,1,10,0,0
participation,reference,reference,recipe:olafsdottir_2015.bayesian_candidates,literature,burst,interval,recall,10,0.612474,0.58635,0.641136,0,0,0,1,10,0,0
participation,reference,reference,recipe:olafsdottir_2016,literature,burst,interval,recall,10,0.570552,0.539077,0.609091,0,0,0,1,10,0,0
participation,reference,reference,recipe:olafsdottir_2017,literature,burst,interval,recall,10,0.760736,0.745657,0.775992,0,0,0,1,10,0,0
participation,reference,reference,recipe:olafsdottir_2017.trajectory,literature,burst,interval,recall,10,0.570552,0.539077,0.609091,0,0,0,1,10,0,0
participation,reference,reference,recipe:pfeiffer_2013,literature,burst,interval,recall,10,0.737219,0.716188,0.761011,0,0,0,1,10,0,0
participation,reference,reference,recipe:pfeiffer_2013_ripples,literature,ripple,interval,recall,10,0.728431,0.699812,0.754759,0,0,0,1,10,0,0
participation,reference,reference,recipe:pfeiffer_2015,literature,ripple,interval,recall,10,0.728431,0.699812,0.754759,0,0,0,1,10,0,0
participation,reference,reference,recipe:shin_2019,literature,ripple,interval,recall,10,0.72451,0.706531,0.74433,0,0,0,1,10,0,0
participation,reference,reference,recipe:silva_2015,literature,burst,interval,recall,10,0.619632,0.590956,0.648278,0,0,0,1,10,0,0
participation,reference,reference,recipe:stella_2019,literature,ripple,interval,recall,10,0.666667,0.649493,0.685394,0,0,0,1,10,0,0
participation,reference,reference,recipe:tang_2017,literature,ripple,interval,recall,10,0.72451,0.706531,0.74433,0,0,0,1,10,0,0
participation,reference,reference,recipe:tirole_2022,literature,network,interval,recall,10,0.511009,0.483133,0.539768,0,0,0,1,10,0,0
participation,reference,reference,recipe:widloski_2025,literature,ripple,interval,recall,10,0.507843,0.469984,0.54879,0,0,0,1,10,0,0
participation,reference,reference,recipe:widloski_2025_bursts,literature,burst,interval,recall,10,0.529652,0.491013,0.571436,0,0,0,1,10,0,0
participation,reference,reference,recipe:wikenheiser_2013,literature,ripple,interval,recall,10,0.832353,0.80594,0.860302,0,0,0,1,10,0,0
participation,reference,reference,recipe:wu_2014,literature,burst,interval,recall,10,0.862986,0.848921,0.877469,0,0,0,1,10,0,0
participation,reference,reference,recipe:wu_2014_ripples,literature,ripple,peak_containment,recall,10,0.898039,0.880974,0.916923,0,0,0,1,10,0,0
participation,reference,reference,recipe:wu_2017,literature,burst,interval,recall,10,0.534765,0.509803,0.559125,0,0,0,1,10,0,0
participation,reference,reference,recipe:xu_2019,literature,burst,interval,recall,10,0.747444,0.729037,0.765482,0,0,0,1,10,0,0
participation,reference,reference,recipe:yamamoto_2017,literature,network,interval,recall,10,0.561468,0.529566,0.596138,0,0,0,1,10,0,0
participation,reference,reference,recipe:yang_2024,literature,network,interval,recall,10,0.416514,0.386402,0.448061,0,0,0,1,10,0,0
participation,high,participation=high,Carey_candidate_detector,default,network,interval,recall,10,0.826606,0.803972,0.848131,0.00917431,-0.0131695,0.0337934,0.484375,10,0,0
participation,high,participation=high,Karlsson_ripple_detector,default,ripple,interval,recall,10,0.72451,0.706531,0.74433,0,0,0,1,10,0,0
participation,high,participation=high,Kay_ripple_detector,default,ripple,interval,recall,10,0.827451,0.814342,0.842843,0,0,0,1,10,0,0
participation,high,participation=high,Long_sharp_wave_ripple_detector,default,ripple,interval,recall,10,0.690196,0.666335,0.713389,0,0,0,1,10,0,0
participation,high,participation=high,Roumis_ripple_detector,default,ripple,interval,recall,10,0.828431,0.813977,0.844765,0,0,0,1,10,0,0
participation,high,participation=high,Shvartsman_ripple_detector,default,ripple,interval,recall,10,0.663725,0.64129,0.687835,0,0,0,1,10,0,0
participation,high,participation=high,Yu_ripple_detector,default,ripple,interval,recall,10,0.848039,0.832833,0.865145,0,0,0,1,10,0,0
participation,high,participation=high,Zugaro_ripple_detector,default,ripple,interval,recall,10,0.67549,0.654252,0.696335,0,0,0,1,10,0,0
participation,high,participation=high,multiunit_HSE_detector,default,burst,interval,recall,10,0.957055,0.947479,0.966952,0.0255624,0.00302977,0.0452283,0.0625,10,0,0
participation,high,participation=high,recipe:ambrose_2016,literature,ripple,interval,recall,10,0.728431,0.699812,0.754759,0,0,0,1,10,0,0
participation,high,participation=high,recipe:bendor_2012,literature,burst,interval,recall,10,0.775051,0.759,0.79208,0.105317,0.0686767,0.143155,0.00195312,10,0,0
participation,high,participation=high,recipe:berners_lee_2021,literature,ripple,interval,recall,10,0.790196,0.767908,0.813176,0,0,0,1,10,0,0
participation,high,participation=high,recipe:berners_lee_2022,literature,burst,interval,recall,10,0.759714,0.737923,0.784772,0.0766871,0.0442753,0.103308,0.00585938,10,0,0
participation,high,participation=high,recipe:bhattarai_2020,literature,network,interval,recall,10,0.463303,0.4357,0.484881,0.0798165,0.0605748,0.0957468,0.00195312,10,0,0
participation,high,participation=high,recipe:bhattarai_2020_ripples,literature,ripple,interval,recall,10,0.55,0.519527,0.579498,0.0852941,0.0670654,0.104107,0.00195312,10,0,0
participation,high,participation=high,recipe:bush_2022,literature,burst,interval,recall,10,0.804703,0.7852,0.824422,0.173824,0.130979,0.215729,0.00195312,10,0,0
participation,high,participation=high,recipe:carey_2019,literature,network,interval,recall,10,0.848624,0.830711,0.86521,0.0229358,0.00452878,0.044628,0.0429688,10,0,0
participation,high,participation=high,recipe:carr_2012,literature,ripple,interval,recall,10,0.72451,0.706531,0.74433,0,0,0,1,10,0,0
participation,high,participation=high,recipe:chenani_2019,literature,burst,interval,recall,10,0.802658,0.774921,0.829081,0.116564,0.0782011,0.152918,0.00390625,10,0,0
participation,high,participation=high,recipe:davidson_2009,literature,burst,interval,recall,10,0.865031,0.836397,0.893531,0.0633947,0.0325602,0.0936562,0.00585938,10,0,0
participation,high,participation=high,recipe:davidson_2009_ripples,literature,ripple,peak_containment,recall,10,0.87549,0.851889,0.898297,0,0,0,1,10,0,0
participation,high,participation=high,recipe:denovellis_2021,literature,ripple,interval,recall,10,0.828431,0.815282,0.842262,0,0,0,1,10,0,0
participation,high,participation=high,recipe:denovellis_2021_mua,literature,burst,interval,recall,10,0.958078,0.948969,0.9673,0.0276074,0.00507601,0.0465882,0.0429688,10,0,0
participation,high,participation=high,recipe:diba_2007,literature,burst,interval,recall,10,0.555215,0.528736,0.577077,0.298569,0.272921,0.324753,0.00195312,10,0,0
participation,high,participation=high,recipe:drieu_2018,literature,burst,interval,recall,10,0.833333,0.808375,0.858025,0.0470348,0.0200767,0.0731039,0.0078125,10,0,0
participation,high,participation=high,recipe:farooq_2019_neuron,literature,burst,interval,recall,10,0.389571,0.361029,0.42111,0.109407,0.0739521,0.140691,0.00390625,10,0,0
participation,high,participation=high,recipe:farooq_2019_science,literature,burst,interval,recall,10,0.389571,0.361029,0.42111,0.111452,0.0772529,0.141865,0.00390625,10,0,0
participation,high,participation=high,recipe:farooq_2019_science_awake,literature,burst,interval,recall,10,0.389571,0.361029,0.42111,0.111452,0.0772529,0.141865,0.00390625,10,0,0
participation,high,participation=high,recipe:foster_2006,literature,burst,interval,recall,10,0.469325,0.429457,0.504651,0.321063,0.29244,0.346559,0.00195312,10,0,0
participation,high,participation=high,recipe:foster_2006_ripples,literature,ripple,interval,recall,10,0.0745098,0.0613481,0.0878934,0,0,0,1,10,0,0
participation,high,participation=high,recipe:gillespie_2021,literature,ripple,interval,recall,10,0.827451,0.814342,0.842843,0,0,0,1,10,0,0
participation,high,participation=high,recipe:gillespie_2021_mua,literature,burst,interval,recall,10,0.883436,0.860279,0.908531,0.0613497,0.028777,0.0929043,0.00976562,10,0,0
participation,high,participation=high,recipe:gridchyn_2020,literature,burst,interval,recall,10,0.945808,0.931382,0.959661,0.0541922,0.0325185,0.07628,0.0078125,10,0,0
participation,high,participation=high,recipe:grosmark_2016,literature,network,interval,recall,10,0.47156,0.445289,0.498638,0.0550459,0.0379603,0.0722041,0.00195312,10,0,0
participation,high,participation=high,recipe:gupta_2010,literature,ripple,interval,recall,10,0.8,0.777446,0.828924,0,0,0,1,10,0,0
participation,high,participation=high,recipe:harvey_2023_code,literature,ripple,interval,recall,10,0.631373,0.605846,0.659253,0.0676471,0.047619,0.0874006,0.00195312,10,0,0
participation,high,participation=high,recipe:harvey_2023_no_radiatum,literature,ripple,interval,recall,10,0.651961,0.629767,0.676103,0.054902,0.0376968,0.0733204,0.00390625,10,0,0
participation,high,participation=high,recipe:harvey_2023_text,literature,ripple,interval,recall,10,0.604902,0.587255,0.62526,0,0,0,1,10,0,0
participation,high,participation=high,recipe:huelin_gorriz_2023,literature,network,interval,recall,10,0.584404,0.560038,0.60819,0.0733945,0.0477828,0.098855,0.00195312,10,0,0
participation,high,participation=high,recipe:igata_2021,literature,burst,interval,recall,10,0.95501,0.94246,0.966703,0.0224949,-0.00391438,0.0430753,0.109375,10,0,0
participation,high,participation=high,recipe:igata_2021_ripples,literature,ripple,interval,recall,10,0.872549,0.855652,0.890613,0,0,0,1,10,0,0
participation,high,participation=high,recipe:jadhav_2016,literature,ripple,interval,recall,10,0.586275,0.554419,0.616468,0,0,0,1,10,0,0
participation,high,participation=high,recipe:ji_2007,literature,burst,interval,recall,10,0.814928,0.776986,0.854526,0.114519,0.0447844,0.200823,0.015625,10,0,0
participation,high,participation=high,recipe:ji_2007_ripples,literature,ripple,interval,recall,10,0.00490196,0.00101623,0.00883243,0,0,0,1,10,0,0
participation,high,participation=high,recipe:kaefer_2020,literature,ripple,interval,recall,10,0.0107843,0.00584212,0.0155603,0,0,0,1,10,0,0
participation,high,participation=high,recipe:karlsson_2009,literature,ripple,interval,recall,10,0.72451,0.706531,0.74433,0,0,0,1,10,0,0
participation,high,participation=high,recipe:krause_2022,literature,network,interval,recall,10,0.636697,0.606863,0.666071,0.0165138,0.00362286,0.0318355,0.0390625,10,0,0
participation,high,participation=high,recipe:krause_2022_hse,literature,burst,interval,recall,10,0.879346,0.855467,0.905022,0.0603272,0.0242651,0.0930507,0.015625,10,0,0
participation,high,participation=high,recipe:kudrimoti_1999,literature,ripple,interval,recall,10,0.0245098,0.0174466,0.0338271,0,0,0,1,10,0,0
participation,high,participation=high,recipe:lee_2002,literature,burst,interval,recall,10,0.947853,0.938031,0.958203,-0.00204499,-0.011067,0.00703769,0.789062,10,0,0
participation,high,participation=high,recipe:lee_2002_ripples,literature,ripple,interval,recall,10,0.0745098,0.0613481,0.0878934,0,0,0,1,10,0,0
participation,high,participation=high,recipe:liu_2019,literature,burst,interval,recall,10,0.821063,0.785228,0.857147,-0.0224949,-0.0564113,0.0141466,0.3125,10,0,0
participation,high,participation=high,recipe:liu_2019_awake,literature,burst,interval,recall,10,0.821063,0.785228,0.857147,-0.0224949,-0.0564113,0.0141466,0.3125,10,0,0
participation,high,participation=high,recipe:liu_2023,literature,network,interval,recall,10,0.466972,0.440544,0.494347,0.0357798,0.0186694,0.0520788,0.0078125,10,0,0
participation,high,participation=high,recipe:maboudi_2018,literature,burst,interval,recall,10,0.866053,0.846459,0.886558,0.0736196,0.0490377,0.0988677,0.00195312,10,0,0
participation,high,participation=high,recipe:maboudi_2018_open_field,literature,burst,interval,recall,10,0.832311,0.81431,0.849282,0.095092,0.0732683,0.116357,0.00195312,10,0,0
participation,high,participation=high,recipe:mallory_2025,literature,burst,interval,recall,10,0.840491,0.819783,0.861315,0.0807771,0.0556652,0.104592,0.00390625,10,0,0
participation,high,participation=high,recipe:mallory_2025_ripples,literature,ripple,interval,recall,10,0.690196,0.668886,0.712691,0,0,0,1,10,0,0
participation,high,participation=high,recipe:michon_2019,literature,network,interval,recall,10,0.279817,0.254752,0.304552,0.0293578,0.0233965,0.0360452,0.00195312,10,0,0
participation,high,participation=high,recipe:michon_2021,literature,network,interval,recall,10,0.279817,0.254752,0.304552,0.0293578,0.0233965,0.0360452,0.00195312,10,0,0
participation,high,participation=high,recipe:mou_2022,literature,burst,interval,recall,10,0.856851,0.827041,0.889243,0,-0.0395959,0.0387308,0.996094,10,0,0
participation,high,participation=high,recipe:muessig_2019,literature,network,interval,recall,10,0.179817,0.163167,0.196042,0.0733945,0.0579697,0.0879331,0.00195312,10,0,0
participation,high,participation=high,recipe:muessig_2019_ripples,literature,ripple,interval,recall,10,0.87549,0.854298,0.894141,0,0,0,1,10,0,0
participation,high,participation=high,recipe:nadasdy_1999,literature,ripple,interval,recall,10,0.461765,0.441114,0.485717,0,0,0,1,10,0,0
participation,high,participation=high,recipe:olafsdottir_2015,literature,burst,interval,recall,10,0.807771,0.783471,0.832645,0.130879,0.0928069,0.169216,0.00195312,10,0,0
participation,high,participation=high,recipe:olafsdottir_2015.bayesian_candidates,literature,burst,interval,recall,10,0.776074,0.749755,0.801849,0.163599,0.131548,0.197552,0.00195312,10,0,0
participation,high,participation=high,recipe:olafsdottir_2016,literature,burst,interval,recall,10,0.789366,0.764576,0.814932,0.218814,0.171904,0.266078,0.00195312,10,0,0
participation,high,participation=high,recipe:olafsdottir_2017,literature,burst,interval,recall,10,0.842536,0.824764,0.859316,0.0817996,0.0616353,0.101626,0.00195312,10,0,0
participation,high,participation=high,recipe:olafsdottir_2017.trajectory,literature,burst,interval,recall,10,0.789366,0.764576,0.814932,0.218814,0.171904,0.266078,0.00195312,10,0,0
participation,high,participation=high,recipe:pfeiffer_2013,literature,burst,interval,recall,10,0.832311,0.81431,0.849282,0.095092,0.0732683,0.116357,0.00195312,10,0,0
participation,high,participation=high,recipe:pfeiffer_2013_ripples,literature,ripple,interval,recall,10,0.728431,0.699812,0.754759,0,0,0,1,10,0,0
participation,high,participation=high,recipe:pfeiffer_2015,literature,ripple,interval,recall,10,0.728431,0.699812,0.754759,0,0,0,1,10,0,0
participation,high,participation=high,recipe:shin_2019,literature,ripple,interval,recall,10,0.72451,0.706531,0.74433,0,0,0,1,10,0,0
participation,high,participation=high,recipe:silva_2015,literature,burst,interval,recall,10,0.701431,0.676922,0.727723,0.0817996,0.0600538,0.104296,0.00195312,10,0,0
participation,high,participation=high,recipe:stella_2019,literature,ripple,interval,recall,10,0.666667,0.649493,0.685394,0,0,0,1,10,0,0
participation,high,participation=high,recipe:tang_2017,literature,ripple,interval,recall,10,0.72451,0.706531,0.74433,0,0,0,1,10,0,0
participation,high,participation=high,recipe:tirole_2022,literature,network,interval,recall,10,0.584404,0.560038,0.60819,0.0733945,0.0477828,0.098855,0.00195312,10,0,0
participation,high,participation=high,recipe:widloski_2025,literature,ripple,interval,recall,10,0.507843,0.469984,0.54879,0,0,0,1,10,0,0
participation,high,participation=high,recipe:widloski_2025_bursts,literature,burst,interval,recall,10,0.597137,0.563248,0.627413,0.0674847,0.0306503,0.107045,0.0078125,10,0,0
participation,high,participation=high,recipe:wikenheiser_2013,literature,ripple,interval,recall,10,0.832353,0.80594,0.860302,0,0,0,1,10,0,0
participation,high,participation=high,recipe:wu_2014,literature,burst,interval,recall,10,0.876278,0.858881,0.892859,0.0132924,-0.00715969,0.0329713,0.251953,10,0,0
participation,high,participation=high,recipe:wu_2014_ripples,literature,ripple,peak_containment,recall,10,0.898039,0.880974,0.916923,0,0,0,1,10,0,0
participation,high,participation=high,recipe:wu_2017,literature,burst,interval,recall,10,0.741309,0.718502,0.764228,0.206544,0.165796,0.241888,0.00195312,10,0,0
participation,high,participation=high,recipe:xu_2019,literature,burst,interval,recall,10,0.834356,0.814115,0.854234,0.0869121,0.0560741,0.116435,0.00195312,10,0,0
participation,high,participation=high,recipe:yamamoto_2017,literature,network,interval,recall,10,0.60367,0.584794,0.622512,0.0422018,0.0226394,0.0614371,0.00585938,10,0,0
participation,high,participation=high,recipe:yang_2024,literature,network,interval,recall,10,0.47156,0.445289,0.498638,0.0550459,0.0379603,0.0722041,0.00195312,10,0,0
n_units,30,n_units=30,Carey_candidate_detector,default,network,interval,recall,10,0.733945,0.712089,0.755537,-0.0834862,-0.106078,-0.060821,0.00195312,10,0,0
n_units,30,n_units=30,Karlsson_ripple_detector,default,ripple,interval,recall,10,0.72451,0.706531,0.74433,0,0,0,1,10,0,0
n_units,30,n_units=30,Kay_ripple_detector,default,ripple,interval,recall,10,0.827451,0.814342,0.842843,0,0,0,1,10,0,0
n_units,30,n_units=30,Long_sharp_wave_ripple_detector,default,ripple,interval,recall,10,0.690196,0.666335,0.713389,0,0,0,1,10,0,0
n_units,30,n_units=30,Roumis_ripple_detector,default,ripple,interval,recall,10,0.828431,0.813977,0.844765,0,0,0,1,10,0,0
n_units,30,n_units=30,Shvartsman_ripple_detector,default,ripple,interval,recall,10,0.663725,0.64129,0.687835,0,0,0,1,10,0,0
n_units,30,n_units=30,Yu_ripple_detector,default,ripple,interval,recall,10,0.848039,0.832833,0.865145,0,0,0,1,10,0,0
n_units,30,n_units=30,Zugaro_ripple_detector,default,ripple,interval,recall,10,0.67549,0.654252,0.696335,0,0,0,1,10,0,0
n_units,30,n_units=30,multiunit_HSE_detector,default,burst,interval,recall,10,0.860941,0.845123,0.878151,-0.0705521,-0.0899227,-0.0511406,0.00195312,10,0,0
n_units,30,n_units=30,recipe:ambrose_2016,literature,ripple,interval,recall,10,0.728431,0.699812,0.754759,0,0,0,1,10,0,0
n_units,30,n_units=30,recipe:bendor_2012,literature,burst,interval,recall,10,0.513292,0.487256,0.542836,-0.156442,-0.183076,-0.131214,0.00195312,10,0,0
n_units,30,n_units=30,recipe:berners_lee_2021,literature,ripple,interval,recall,10,0.790196,0.767908,0.813176,0,0,0,1,10,0,0
n_units,30,n_units=30,recipe:berners_lee_2022,literature,burst,interval,recall,10,0.571575,0.552763,0.593851,-0.111452,-0.134332,-0.0871356,0.00195312,10,0,0
n_units,30,n_units=30,recipe:bhattarai_2020,literature,network,interval,recall,10,0.166055,0.150557,0.181026,-0.217431,-0.238997,-0.200557,0.00195312,10,0,0
n_units,30,n_units=30,recipe:bhattarai_2020_ripples,literature,ripple,interval,recall,10,0.2,0.182523,0.219115,-0.264706,-0.290715,-0.235399,0.00195312,10,0,0
n_units,30,n_units=30,recipe:bush_2022,literature,burst,interval,recall,10,0.490798,0.466303,0.511484,-0.140082,-0.17786,-0.108604,0.00195312,10,0,0
n_units,30,n_units=30,recipe:carey_2019,literature,network,interval,recall,10,0.746789,0.726238,0.766508,-0.0788991,-0.103125,-0.0524502,0.00390625,10,0,0
n_units,30,n_units=30,recipe:carr_2012,literature,ripple,interval,recall,10,0.72451,0.706531,0.74433,0,0,0,1,10,0,0
n_units,30,n_units=30,recipe:chenani_2019,literature,burst,interval,recall,10,0.408998,0.38665,0.432574,-0.277096,-0.311497,-0.241206,0.00195312,10,0,0
n_units,30,n_units=30,recipe:davidson_2009,literature,burst,interval,recall,10,0.700409,0.681864,0.723045,-0.101227,-0.127908,-0.0746081,0.00195312,10,0,0
n_units,30,n_units=30,recipe:davidson_2009_ripples,literature,ripple,peak_containment,recall,10,0.87549,0.851889,0.898297,0,0,0,1,10,0,0
n_units,30,n_units=30,recipe:denovellis_2021,literature,ripple,interval,recall,10,0.828431,0.815282,0.842262,0,0,0,1,10,0,0
n_units,30,n_units=30,recipe:denovellis_2021_mua,literature,burst,interval,recall,10,0.861963,0.845519,0.879329,-0.0685072,-0.0878265,-0.0492504,0.00195312,10,0,0
n_units,30,n_units=30,recipe:diba_2007,literature,burst,interval,recall,10,0.353783,0.335721,0.372657,0.097137,0.0630974,0.13217,0.00195312,10,0,0
n_units,30,n_units=30,recipe:drieu_2018,literature,burst,interval,recall,10,0.718814,0.701183,0.733145,-0.0674847,-0.0870032,-0.0510938,0.00195312,10,0,0
n_units,30,n_units=30,recipe:farooq_2019_neuron,literature,burst,interval,recall,10,0.172802,0.15191,0.194873,-0.107362,-0.143467,-0.0703659,0.00195312,10,0,0
n_units,30,n_units=30,recipe:farooq_2019_science,literature,burst,interval,recall,10,0.154397,0.133125,0.176289,-0.123722,-0.158343,-0.0871335,0.00195312,10,0,0
n_units,30,n_units=30,recipe:farooq_2019_science_awake,literature,burst,interval,recall,10,0.154397,0.133125,0.176289,-0.123722,-0.158343,-0.0871335,0.00195312,10,0,0
n_units,30,n_units=30,recipe:foster_2006,literature,burst,interval,recall,10,0.150307,0.130029,0.174093,0.00204499,-0.0101125,0.0140396,0.65625,10,0,0
n_units,30,n_units=30,recipe:foster_2006_ripples,literature,ripple,interval,recall,10,0.0745098,0.0613481,0.0878934,0,0,0,1,10,0,0
n_units,30,n_units=30,recipe:gillespie_2021,literature,ripple,interval,recall,10,0.827451,0.814342,0.842843,0,0,0,1,10,0,0
n_units,30,n_units=30,recipe:gillespie_2021_mua,literature,burst,interval,recall,10,0.717791,0.697098,0.741767,-0.104294,-0.130754,-0.0772342,0.00195312,10,0,0
n_units,30,n_units=30,recipe:gridchyn_2020,literature,burst,interval,recall,10,0.813906,0.795315,0.836845,-0.0777096,-0.104405,-0.0470207,0.0078125,10,0,0
n_units,30,n_units=30,recipe:grosmark_2016,literature,network,interval,recall,10,0.312844,0.295308,0.329152,-0.10367,-0.134477,-0.0741038,0.00195312,10,0,0
n_units,30,n_units=30,recipe:gupta_2010,literature,ripple,interval,recall,10,0.8,0.777446,0.828924,0,0,0,1,10,0,0
n_units,30,n_units=30,recipe:harvey_2023_code,literature,ripple,interval,recall,10,0.515686,0.497041,0.53486,-0.0480392,-0.0703314,-0.0229507,0.015625,10,0,0
n_units,30,n_units=30,recipe:harvey_2023_no_radiatum,literature,ripple,interval,recall,10,0.55,0.526316,0.575414,-0.0470588,-0.0721897,-0.0242615,0.0078125,10,0,0
n_units,30,n_units=30,recipe:harvey_2023_text,literature,ripple,interval,recall,10,0.604902,0.587255,0.62526,0,0,0,1,10,0,0
n_units,30,n_units=30,recipe:huelin_gorriz_2023,literature,network,interval,recall,10,0.286239,0.265597,0.305006,-0.224771,-0.255078,-0.195117,0.00195312,10,0,0
n_units,30,n_units=30,recipe:igata_2021,literature,burst,interval,recall,10,0.864008,0.849515,0.882038,-0.0685072,-0.0877725,-0.0493583,0.00195312,10,0,0
n_units,30,n_units=30,recipe:igata_2021_ripples,literature,ripple,interval,recall,10,0.872549,0.855652,0.890613,0,0,0,1,10,0,0
n_units,30,n_units=30,recipe:jadhav_2016,literature,ripple,interval,recall,10,0.586275,0.554419,0.616468,0,0,0,1,10,0,0
n_units,30,n_units=30,recipe:ji_2007,literature,burst,interval,recall,10,0.52863,0.442799,0.604342,-0.171779,-0.225905,-0.120961,0.00390625,10,0,0
n_units,30,n_units=30,recipe:ji_2007_ripples,literature,ripple,interval,recall,10,0.00490196,0.00101623,0.00883243,0,0,0,1,10,0,0
n_units,30,n_units=30,recipe:kaefer_2020,literature,ripple,interval,recall,10,0.0107843,0.00584212,0.0155603,0,0,0,1,10,0,0
n_units,30,n_units=30,recipe:karlsson_2009,literature,ripple,interval,recall,10,0.72451,0.706531,0.74433,0,0,0,1,10,0,0
n_units,30,n_units=30,recipe:krause_2022,literature,network,interval,recall,10,0.540367,0.518447,0.561088,-0.0798165,-0.0912494,-0.0679487,0.00195312,10,0,0
n_units,30,n_units=30,recipe:krause_2022_hse,literature,burst,interval,recall,10,0.721881,0.701788,0.744998,-0.097137,-0.120656,-0.0743839,0.00195312,10,0,0
n_units,30,n_units=30,recipe:kudrimoti_1999,literature,ripple,interval,recall,10,0.0245098,0.0174466,0.0338271,0,0,0,1,10,0,0
n_units,30,n_units=30,recipe:lee_2002,literature,burst,interval,recall,10,0.830266,0.815004,0.845057,-0.119632,-0.134971,-0.103083,0.00195312,10,0,0
n_units,30,n_units=30,recipe:lee_2002_ripples,literature,ripple,interval,recall,10,0.0745098,0.0613481,0.0878934,0,0,0,1,10,0,0
n_units,30,n_units=30,recipe:liu_2019,literature,burst,interval,recall,10,0.742331,0.71195,0.772818,-0.101227,-0.148681,-0.0500476,0.0117188,10,0,0
n_units,30,n_units=30,recipe:liu_2019_awake,literature,burst,interval,recall,10,0.742331,0.71195,0.772818,-0.101227,-0.148681,-0.0500476,0.0117188,10,0,0
n_units,30,n_units=30,recipe:liu_2023,literature,network,interval,recall,10,0.317431,0.30084,0.338265,-0.113761,-0.123871,-0.101312,0.00195312,10,0,0
n_units,30,n_units=30,recipe:maboudi_2018,literature,burst,interval,recall,10,0.621677,0.604095,0.636844,-0.170757,-0.191782,-0.152238,0.00195312,10,0,0
n_units,30,n_units=30,recipe:maboudi_2018_open_field,literature,burst,interval,recall,10,0.546012,0.528202,0.56462,-0.191207,-0.221136,-0.163836,0.00195312,10,0,0
n_units,30,n_units=30,recipe:mallory_2025,literature,burst,interval,recall,10,0.671779,0.650564,0.687248,-0.0879346,-0.113497,-0.0601889,0.00195312,10,0,0
n_units,30,n_units=30,recipe:mallory_2025_ripples,literature,ripple,interval,recall,10,0.690196,0.668886,0.712691,0,0,0,1,10,0,0
n_units,30,n_units=30,recipe:michon_2019,literature,network,interval,recall,10,0.201835,0.182234,0.222118,-0.0486239,-0.0646923,-0.0319766,0.00195312,10,0,0
n_units,30,n_units=30,recipe:michon_2021,literature,network,interval,recall,10,0.201835,0.182234,0.222118,-0.0486239,-0.0646923,-0.0319766,0.00195312,10,0,0
n_units,30,n_units=30,recipe:mou_2022,literature,burst,interval,recall,10,0.720859,0.659995,0.774454,-0.135992,-0.204973,-0.0745691,0.00585938,10,0,0
n_units,30,n_units=30,recipe:muessig_2019,literature,network,interval,recall,10,0.0311927,0.0222841,0.0387674,-0.0752294,-0.0901503,-0.0601595,0.00195312,10,0,0
n_units,30,n_units=30,recipe:muessig_2019_ripples,literature,ripple,interval,recall,10,0.87549,0.854298,0.894141,0,0,0,1,10,0,0
n_units,30,n_units=30,recipe:nadasdy_1999,literature,ripple,interval,recall,10,0.461765,0.441114,0.485717,0,0,0,1,10,0,0
n_units,30,n_units=30,recipe:olafsdottir_2015,literature,burst,interval,recall,10,0.651329,0.630902,0.670444,-0.0255624,-0.0542231,0.00590147,0.144531,10,0,0
n_units,30,n_units=30,recipe:olafsdottir_2015.bayesian_candidates,literature,burst,interval,recall,10,0.147239,0.126554,0.171458,-0.465235,-0.4942,-0.434116,0.00195312,10,0,0
n_units,30,n_units=30,recipe:olafsdottir_2016,literature,burst,interval,recall,10,0.525562,0.507177,0.547349,-0.0449898,-0.084303,-0.00905229,0.0546875,10,0,0
n_units,30,n_units=30,recipe:olafsdottir_2017,literature,burst,interval,recall,10,0.618609,0.594384,0.643908,-0.142127,-0.161291,-0.123569,0.00195312,10,0,0
n_units,30,n_units=30,recipe:olafsdottir_2017.trajectory,literature,burst,interval,recall,10,0.159509,0.134765,0.188702,-0.411043,-0.455195,-0.367409,0.00195312,10,0,0
n_units,30,n_units=30,recipe:pfeiffer_2013,literature,burst,interval,recall,10,0.546012,0.528202,0.56462,-0.191207,-0.221136,-0.163836,0.00195312,10,0,0
n_units,30,n_units=30,recipe:pfeiffer_2013_ripples,literature,ripple,interval,recall,10,0.728431,0.699812,0.754759,0,0,0,1,10,0,0
n_units,30,n_units=30,recipe:pfeiffer_2015,literature,ripple,interval,recall,10,0.728431,0.699812,0.754759,0,0,0,1,10,0,0
n_units,30,n_units=30,recipe:shin_2019,literature,ripple,interval,recall,10,0.72451,0.706531,0.74433,0,0,0,1,10,0,0
n_units,30,n_units=30,recipe:silva_2015,literature,burst,interval,recall,10,0.453988,0.427837,0.484461,-0.165644,-0.186214,-0.141975,0.00195312,10,0,0
n_units,30,n_units=30,recipe:stella_2019,literature,ripple,interval,recall,10,0.666667,0.649493,0.685394,0,0,0,1,10,0,0
n_units,30,n_units=30,recipe:tang_2017,literature,ripple,interval,recall,10,0.72451,0.706531,0.74433,0,0,0,1,10,0,0
n_units,30,n_units=30,recipe:tirole_2022,literature,network,interval,recall,10,0.286239,0.265597,0.305006,-0.224771,-0.255078,-0.195117,0.00195312,10,0,0
n_units,30,n_units=30,recipe:widloski_2025,literature,ripple,interval,recall,10,0.507843,0.469984,0.54879,0,0,0,1,10,0,0
n_units,30,n_units=30,recipe:widloski_2025_bursts,literature,burst,interval,recall,10,0.423313,0.38894,0.456739,-0.106339,-0.140678,-0.0699077,0.00390625,10,0,0
n_units,30,n_units=30,recipe:wikenheiser_2013,literature,ripple,interval,recall,10,0.832353,0.80594,0.860302,0,0,0,1,10,0,0
n_units,30,n_units=30,recipe:wu_2014,literature,burst,interval,recall,10,0.782209,0.765205,0.797818,-0.0807771,-0.097511,-0.0663885,0.00195312,10,0,0
n_units,30,n_units=30,recipe:wu_2014_ripples,literature,ripple,peak_containment,recall,10,0.898039,0.880974,0.916923,0,0,0,1,10,0,0
n_units,30,n_units=30,recipe:wu_2017,literature,burst,interval,recall,10,0.383436,0.338768,0.443515,-0.151329,-0.2,-0.101797,0.00390625,10,0,0
n_units,30,n_units=30,recipe:xu_2019,literature,burst,interval,recall,10,0.620654,0.604462,0.63486,-0.126789,-0.14445,-0.106138,0.00195312,10,0,0
n_units,30,n_units=30,recipe:yamamoto_2017,literature,network,interval,recall,10,0.458716,0.441282,0.474851,-0.102752,-0.131654,-0.0721614,0.00195312,10,0,0
n_units,30,n_units=30,recipe:yang_2024,literature,network,interval,recall,10,0.312844,0.295308,0.329152,-0.10367,-0.134477,-0.0741038,0.00195312,10,0,0
n_units,reference,reference,Carey_candidate_detector,default,network,interval,recall,10,0.817431,0.802458,0.834401,0,0,0,1,10,0,0
n_units,reference,reference,Karlsson_ripple_detector,default,ripple,interval,recall,10,0.72451,0.706531,0.74433,0,0,0,1,10,0,0
n_units,reference,reference,Kay_ripple_detector,default,ripple,interval,recall,10,0.827451,0.814342,0.842843,0,0,0,1,10,0,0
n_units,reference,reference,Long_sharp_wave_ripple_detector,default,ripple,interval,recall,10,0.690196,0.666335,0.713389,0,0,0,1,10,0,0
n_units,reference,reference,Roumis_ripple_detector,default,ripple,interval,recall,10,0.828431,0.813977,0.844765,0,0,0,1,10,0,0
n_units,reference,reference,Shvartsman_ripple_detector,default,ripple,interval,recall,10,0.663725,0.64129,0.687835,0,0,0,1,10,0,0
n_units,reference,reference,Yu_ripple_detector,default,ripple,interval,recall,10,0.848039,0.832833,0.865145,0,0,0,1,10,0,0
n_units,reference,reference,Zugaro_ripple_detector,default,ripple,interval,recall,10,0.67549,0.654252,0.696335,0,0,0,1,10,0,0
n_units,reference,reference,multiunit_HSE_detector,default,burst,interval,recall,10,0.931493,0.917158,0.948138,0,0,0,1,10,0,0
n_units,reference,reference,recipe:ambrose_2016,literature,ripple,interval,recall,10,0.728431,0.699812,0.754759,0,0,0,1,10,0,0
n_units,reference,reference,recipe:bendor_2012,literature,burst,interval,recall,10,0.669734,0.643002,0.697931,0,0,0,1,10,0,0
n_units,reference,reference,recipe:berners_lee_2021,literature,ripple,interval,recall,10,0.790196,0.767908,0.813176,0,0,0,1,10,0,0
n_units,reference,reference,recipe:berners_lee_2022,literature,burst,interval,recall,10,0.683027,0.657603,0.710964,0,0,0,1,10,0,0
n_units,reference,reference,recipe:bhattarai_2020,literature,network,interval,recall,10,0.383486,0.36426,0.404432,0,0,0,1,10,0,0
n_units,reference,reference,recipe:bhattarai_2020_ripples,literature,ripple,interval,recall,10,0.464706,0.436362,0.495339,0,0,0,1,10,0,0
n_units,reference,reference,recipe:bush_2022,literature,burst,interval,recall,10,0.630879,0.597014,0.668706,0,0,0,1,10,0,0
n_units,reference,reference,recipe:carey_2019,literature,network,interval,recall,10,0.825688,0.806478,0.843953,0,0,0,1,10,0,0
n_units,reference,reference,recipe:carr_2012,literature,ripple,interval,recall,10,0.72451,0.706531,0.74433,0,0,0,1,10,0,0
n_units,reference,reference,recipe:chenani_2019,literature,burst,interval,recall,10,0.686094,0.665608,0.709887,0,0,0,1,10,0,0
n_units,reference,reference,recipe:davidson_2009,literature,burst,interval,recall,10,0.801636,0.785994,0.820324,0,0,0,1,10,0,0
n_units,reference,reference,recipe:davidson_2009_ripples,literature,ripple,peak_containment,recall,10,0.87549,0.851889,0.898297,0,0,0,1,10,0,0
n_units,reference,reference,recipe:denovellis_2021,literature,ripple,interval,recall,10,0.828431,0.815282,0.842262,0,0,0,1,10,0,0
n_units,reference,reference,recipe:denovellis_2021_mua,literature,burst,interval,recall,10,0.93047,0.916838,0.946485,0,0,0,1,10,0,0
n_units,reference,reference,recipe:diba_2007,literature,burst,interval,recall,10,0.256646,0.22654,0.287224,0,0,0,1,10,0,0
n_units,reference,reference,recipe:drieu_2018,literature,burst,interval,recall,10,0.786299,0.775775,0.797509,0,0,0,1,10,0,0
n_units,reference,reference,recipe:farooq_2019_neuron,literature,burst,interval,recall,10,0.280164,0.243652,0.32154,0,0,0,1,10,0,0
n_units,reference,reference,recipe:farooq_2019_science,literature,burst,interval,recall,10,0.278119,0.242423,0.318476,0,0,0,1,10,0,0
n_units,reference,reference,recipe:farooq_2019_science_awake,literature,burst,interval,recall,10,0.278119,0.242423,0.318476,0,0,0,1,10,0,0
n_units,reference,reference,recipe:foster_2006,literature,burst,interval,recall,10,0.148262,0.127082,0.172862,0,0,0,1,10,0,0
n_units,reference,reference,recipe:foster_2006_ripples,literature,ripple,interval,recall,10,0.0745098,0.0613481,0.0878934,0,0,0,1,10,0,0
n_units,reference,reference,recipe:gillespie_2021,literature,ripple,interval,recall,10,0.827451,0.814342,0.842843,0,0,0,1,10,0,0
n_units,reference,reference,recipe:gillespie_2021_mua,literature,burst,interval,recall,10,0.822086,0.803179,0.839827,0,0,0,1,10,0,0
n_units,reference,reference,recipe:gridchyn_2020,literature,burst,interval,recall,10,0.891616,0.874123,0.907524,0,0,0,1,10,0,0
n_units,reference,reference,recipe:grosmark_2016,literature,network,interval,recall,10,0.416514,0.386402,0.448061,0,0,0,1,10,0,0
n_units,reference,reference,recipe:gupta_2010,literature,ripple,interval,recall,10,0.8,0.777446,0.828924,0,0,0,1,10,0,0
n_units,reference,reference,recipe:harvey_2023_code,literature,ripple,interval,recall,10,0.563725,0.539941,0.588474,0,0,0,1,10,0,0
n_units,reference,reference,recipe:harvey_2023_no_radiatum,literature,ripple,interval,recall,10,0.597059,0.577734,0.617905,0,0,0,1,10,0,0
n_units,reference,reference,recipe:harvey_2023_text,literature,ripple,interval,recall,10,0.604902,0.587255,0.62526,0,0,0,1,10,0,0
n_units,reference,reference,recipe:huelin_gorriz_2023,literature,network,interval,recall,10,0.511009,0.483133,0.539768,0,0,0,1,10,0,0
n_units,reference,reference,recipe:igata_2021,literature,burst,interval,recall,10,0.932515,0.917901,0.949156,0,0,0,1,10,0,0
n_units,reference,reference,recipe:igata_2021_ripples,literature,ripple,interval,recall,10,0.872549,0.855652,0.890613,0,0,0,1,10,0,0
n_units,reference,reference,recipe:jadhav_2016,literature,ripple,interval,recall,10,0.586275,0.554419,0.616468,0,0,0,1,10,0,0
n_units,reference,reference,recipe:ji_2007,literature,burst,interval,recall,10,0.700409,0.6305,0.748675,0,0,0,1,10,0,0
n_units,reference,reference,recipe:ji_2007_ripples,literature,ripple,interval,recall,10,0.00490196,0.00101623,0.00883243,0,0,0,1,10,0,0
n_units,reference,reference,recipe:kaefer_2020,literature,ripple,interval,recall,10,0.0107843,0.00584212,0.0155603,0,0,0,1,10,0,0
n_units,reference,reference,recipe:karlsson_2009,literature,ripple,interval,recall,10,0.72451,0.706531,0.74433,0,0,0,1,10,0,0
n_units,reference,reference,recipe:krause_2022,literature,network,interval,recall,10,0.620183,0.594116,0.645529,0,0,0,1,10,0,0
n_units,reference,reference,recipe:krause_2022_hse,literature,burst,interval,recall,10,0.819018,0.797725,0.839959,0,0,0,1,10,0,0
n_units,reference,reference,recipe:kudrimoti_1999,literature,ripple,interval,recall,10,0.0245098,0.0174466,0.0338271,0,0,0,1,10,0,0
n_units,reference,reference,recipe:lee_2002,literature,burst,interval,recall,10,0.949898,0.943786,0.955603,0,0,0,1,10,0,0
n_units,reference,reference,recipe:lee_2002_ripples,literature,ripple,interval,recall,10,0.0745098,0.0613481,0.0878934,0,0,0,1,10,0,0
n_units,reference,reference,recipe:liu_2019,literature,burst,interval,recall,10,0.843558,0.811187,0.87384,0,0,0,1,10,0,0
n_units,reference,reference,recipe:liu_2019_awake,literature,burst,interval,recall,10,0.843558,0.811187,0.87384,0,0,0,1,10,0,0
n_units,reference,reference,recipe:liu_2023,literature,network,interval,recall,10,0.431193,0.411239,0.451816,0,0,0,1,10,0,0
n_units,reference,reference,recipe:maboudi_2018,literature,burst,interval,recall,10,0.792434,0.774162,0.811442,0,0,0,1,10,0,0
n_units,reference,reference,recipe:maboudi_2018_open_field,literature,burst,interval,recall,10,0.737219,0.716188,0.761011,0,0,0,1,10,0,0
n_units,reference,reference,recipe:mallory_2025,literature,burst,interval,recall,10,0.759714,0.740078,0.779609,0,0,0,1,10,0,0
n_units,reference,reference,recipe:mallory_2025_ripples,literature,ripple,interval,recall,10,0.690196,0.668886,0.712691,0,0,0,1,10,0,0
n_units,reference,reference,recipe:michon_2019,literature,network,interval,recall,10,0.250459,0.224122,0.276924,0,0,0,1,10,0,0
n_units,reference,reference,recipe:michon_2021,literature,network,interval,recall,10,0.250459,0.224122,0.276924,0,0,0,1,10,0,0
n_units,reference,reference,recipe:mou_2022,literature,burst,interval,recall,10,0.856851,0.829681,0.882724,0,0,0,1,10,0,0
n_units,reference,reference,recipe:muessig_2019,literature,network,interval,recall,10,0.106422,0.091568,0.12113,0,0,0,1,10,0,0
n_units,reference,reference,recipe:muessig_2019_ripples,literature,ripple,interval,recall,10,0.87549,0.854298,0.894141,0,0,0,1,10,0,0
n_units,reference,reference,recipe:nadasdy_1999,literature,ripple,interval,recall,10,0.461765,0.441114,0.485717,0,0,0,1,10,0,0
n_units,reference,reference,recipe:olafsdottir_2015,literature,burst,interval,recall,10,0.676892,0.654822,0.69798,0,0,0,1,10,0,0
n_units,reference,reference,recipe:olafsdottir_2015.bayesian_candidates,literature,burst,interval,recall,10,0.612474,0.58635,0.641136,0,0,0,1,10,0,0
n_units,reference,reference,recipe:olafsdottir_2016,literature,burst,interval,recall,10,0.570552,0.539077,0.609091,0,0,0,1,10,0,0
n_units,reference,reference,recipe:olafsdottir_2017,literature,burst,interval,recall,10,0.760736,0.745657,0.775992,0,0,0,1,10,0,0
n_units,reference,reference,recipe:olafsdottir_2017.trajectory,literature,burst,interval,recall,10,0.570552,0.539077,0.609091,0,0,0,1,10,0,0
n_units,reference,reference,recipe:pfeiffer_2013,literature,burst,interval,recall,10,0.737219,0.716188,0.761011,0,0,0,1,10,0,0
n_units,reference,reference,recipe:pfeiffer_2013_ripples,literature,ripple,interval,recall,10,0.728431,0.699812,0.754759,0,0,0,1,10,0,0
n_units,reference,reference,recipe:pfeiffer_2015,literature,ripple,interval,recall,10,0.728431,0.699812,0.754759,0,0,0,1,10,0,0
n_units,reference,reference,recipe:shin_2019,literature,ripple,interval,recall,10,0.72451,0.706531,0.74433,0,0,0,1,10,0,0
n_units,reference,reference,recipe:silva_2015,literature,burst,interval,recall,10,0.619632,0.590956,0.648278,0,0,0,1,10,0,0
n_units,reference,reference,recipe:stella_2019,literature,ripple,interval,recall,10,0.666667,0.649493,0.685394,0,0,0,1,10,0,0
n_units,reference,reference,recipe:tang_2017,literature,ripple,interval,recall,10,0.72451,0.706531,0.74433,0,0,0,1,10,0,0
n_units,reference,reference,recipe:tirole_2022,literature,network,interval,recall,10,0.511009,0.483133,0.539768,0,0,0,1,10,0,0
n_units,reference,reference,recipe:widloski_2025,literature,ripple,interval,recall,10,0.507843,0.469984,0.54879,0,0,0,1,10,0,0
n_units,reference,reference,recipe:widloski_2025_bursts,literature,burst,interval,recall,10,0.529652,0.491013,0.571436,0,0,0,1,10,0,0
n_units,reference,reference,recipe:wikenheiser_2013,literature,ripple,interval,recall,10,0.832353,0.80594,0.860302,0,0,0,1,10,0,0
n_units,reference,reference,recipe:wu_2014,literature,burst,interval,recall,10,0.862986,0.848921,0.877469,0,0,0,1,10,0,0
n_units,reference,reference,recipe:wu_2014_ripples,literature,ripple,peak_containment,recall,10,0.898039,0.880974,0.916923,0,0,0,1,10,0,0
n_units,reference,reference,recipe:wu_2017,literature,burst,interval,recall,10,0.534765,0.509803,0.559125,0,0,0,1,10,0,0
n_units,reference,reference,recipe:xu_2019,literature,burst,interval,recall,10,0.747444,0.729037,0.765482,0,0,0,1,10,0,0
n_units,reference,reference,recipe:yamamoto_2017,literature,network,interval,recall,10,0.561468,0.529566,0.596138,0,0,0,1,10,0,0
n_units,reference,reference,recipe:yang_2024,literature,network,interval,recall,10,0.416514,0.386402,0.448061,0,0,0,1,10,0,0
n_units,120,n_units=120,Carey_candidate_detector,default,network,interval,recall,10,0.756881,0.735648,0.780446,-0.0605505,-0.0811833,-0.0401111,0.00195312,10,0,0
n_units,120,n_units=120,Karlsson_ripple_detector,default,ripple,interval,recall,10,0.72451,0.706531,0.74433,0,0,0,1,10,0,0
n_units,120,n_units=120,Kay_ripple_detector,default,ripple,interval,recall,10,0.827451,0.814342,0.842843,0,0,0,1,10,0,0
n_units,120,n_units=120,Long_sharp_wave_ripple_detector,default,ripple,interval,recall,10,0.690196,0.666335,0.713389,0,0,0,1,10,0,0
n_units,120,n_units=120,Roumis_ripple_detector,default,ripple,interval,recall,10,0.828431,0.813977,0.844765,0,0,0,1,10,0,0
n_units,120,n_units=120,Shvartsman_ripple_detector,default,ripple,interval,recall,10,0.663725,0.64129,0.687835,0,0,0,1,10,0,0
n_units,120,n_units=120,Yu_ripple_detector,default,ripple,interval,recall,10,0.848039,0.832833,0.865145,0,0,0,1,10,0,0
n_units,120,n_units=120,Zugaro_ripple_detector,default,ripple,interval,recall,10,0.67549,0.654252,0.696335,0,0,0,1,10,0,0
n_units,120,n_units=120,multiunit_HSE_detector,default,burst,interval,recall,10,0.977505,0.96843,0.986171,0.0460123,0.0321535,0.0589431,0.00195312,10,0,0
n_units,120,n_units=120,recipe:ambrose_2016,literature,ripple,interval,recall,10,0.728431,0.699812,0.754759,0,0,0,1,10,0,0
n_units,120,n_units=120,recipe:bendor_2012,literature,burst,interval,recall,10,0.801636,0.782524,0.826631,0.131902,0.104039,0.167759,0.00195312,10,0,0
n_units,120,n_units=120,recipe:berners_lee_2021,literature,ripple,interval,recall,10,0.790196,0.767908,0.813176,0,0,0,1,10,0,0
n_units,120,n_units=120,recipe:berners_lee_2022,literature,burst,interval,recall,10,0.765849,0.752741,0.781542,0.0828221,0.0624301,0.102069,0.00195312,10,0,0
n_units,120,n_units=120,recipe:bhattarai_2020,literature,network,interval,recall,10,0.426606,0.390475,0.455074,0.0431193,0.0179563,0.0627284,0.015625,10,0,0
n_units,120,n_units=120,recipe:bhattarai_2020_ripples,literature,ripple,interval,recall,10,0.559804,0.529356,0.588834,0.095098,0.0766052,0.113679,0.00195312,10,0,0
n_units,120,n_units=120,recipe:bush_2022,literature,burst,interval,recall,10,0.661554,0.637025,0.684849,0.0306748,-0.00213245,0.0640555,0.109375,10,0,0
n_units,120,n_units=120,recipe:carey_2019,literature,network,interval,recall,10,0,0,0,-0.825688,-0.843953,-0.806478,0.00195312,10,0,0
n_units,120,n_units=120,recipe:carr_2012,literature,ripple,interval,recall,10,0.72451,0.706531,0.74433,0,0,0,1,10,0,0
n_units,120,n_units=120,recipe:chenani_2019,literature,burst,interval,recall,10,0.756646,0.73824,0.776553,0.0705521,0.0423543,0.103448,0.00390625,10,0,0
n_units,120,n_units=120,recipe:davidson_2009,literature,burst,interval,recall,10,0.886503,0.860463,0.91145,0.0848671,0.0547521,0.11275,0.00390625,10,0,0
n_units,120,n_units=120,recipe:davidson_2009_ripples,literature,ripple,peak_containment,recall,10,0.87549,0.851889,0.898297,0,0,0,1,10,0,0
n_units,120,n_units=120,recipe:denovellis_2021,literature,ripple,interval,recall,10,0.828431,0.815282,0.842262,0,0,0,1,10,0,0
n_units,120,n_units=120,recipe:denovellis_2021_mua,literature,burst,interval,recall,10,0.977505,0.96843,0.986171,0.0470348,0.0343382,0.0593564,0.00195312,10,0,0
n_units,120,n_units=120,recipe:diba_2007,literature,burst,interval,recall,10,0.185072,0.170292,0.198913,-0.0715746,-0.0965512,-0.0441467,0.00390625,10,0,0
n_units,120,n_units=120,recipe:drieu_2018,literature,burst,interval,recall,10,0.821063,0.808059,0.833498,0.0347648,0.0185563,0.051636,0.0078125,10,0,0
n_units,120,n_units=120,recipe:farooq_2019_neuron,literature,burst,interval,recall,10,0.354806,0.325387,0.388082,0.0746421,0.0355721,0.11123,0.0136719,10,0,0
n_units,120,n_units=120,recipe:farooq_2019_science,literature,burst,interval,recall,10,0.354806,0.325387,0.388082,0.0766871,0.0383787,0.112724,0.0117188,10,0,0
n_units,120,n_units=120,recipe:farooq_2019_science_awake,literature,burst,interval,recall,10,0.354806,0.325387,0.388082,0.0766871,0.0383787,0.112724,0.0117188,10,0,0
n_units,120,n_units=120,recipe:foster_2006,literature,burst,interval,recall,10,0.172802,0.154077,0.191286,0.0245399,0.00711221,0.041239,0.0390625,10,0,0
n_units,120,n_units=120,recipe:foster_2006_ripples,literature,ripple,interval,recall,10,0.0745098,0.0613481,0.0878934,0,0,0,1,10,0,0
n_units,120,n_units=120,recipe:gillespie_2021,literature,ripple,interval,recall,10,0.827451,0.814342,0.842843,0,0,0,1,10,0,0
n_units,120,n_units=120,recipe:gillespie_2021_mua,literature,burst,interval,recall,10,0.908998,0.888438,0.928649,0.0869121,0.0588854,0.113901,0.00390625,10,0,0
n_units,120,n_units=120,recipe:gridchyn_2020,literature,burst,interval,recall,10,0.916155,0.890445,0.938013,0.0245399,0.00103842,0.0512432,0.15625,10,0,0
n_units,120,n_units=120,recipe:grosmark_2016,literature,network,interval,recall,10,0.452294,0.426359,0.478812,0.0357798,0.0210142,0.050849,0.00390625,10,0,0
n_units,120,n_units=120,recipe:gupta_2010,literature,ripple,interval,recall,10,0.8,0.777446,0.828924,0,0,0,1,10,0,0
n_units,120,n_units=120,recipe:harvey_2023_code,literature,ripple,interval,recall,10,0.62549,0.599373,0.65401,0.0617647,0.0405235,0.0802786,0.00390625,10,0,0
n_units,120,n_units=120,recipe:harvey_2023_no_radiatum,literature,ripple,interval,recall,10,0.663725,0.635768,0.692712,0.0666667,0.0514973,0.0824535,0.00195312,10,0,0
n_units,120,n_units=120,recipe:harvey_2023_text,literature,ripple,interval,recall,10,0.604902,0.587255,0.62526,0,0,0,1,10,0,0
n_units,120,n_units=120,recipe:huelin_gorriz_2023,literature,network,interval,recall,10,0.584404,0.566824,0.601827,0.0733945,0.0506191,0.0953237,0.00195312,10,0,0
n_units,120,n_units=120,recipe:igata_2021,literature,burst,interval,recall,10,0.978528,0.969039,0.987317,0.0460123,0.0337185,0.0584752,0.00195312,10,0,0
n_units,120,n_units=120,recipe:igata_2021_ripples,literature,ripple,interval,recall,10,0.872549,0.855652,0.890613,0,0,0,1,10,0,0
n_units,120,n_units=120,recipe:jadhav_2016,literature,ripple,interval,recall,10,0.586275,0.554419,0.616468,0,0,0,1,10,0,0
n_units,120,n_units=120,recipe:ji_2007,literature,burst,interval,recall,10,0.894683,0.869833,0.916329,0.194274,0.158002,0.24333,0.00195312,10,0,0
n_units,120,n_units=120,recipe:ji_2007_ripples,literature,ripple,interval,recall,10,0.00490196,0.00101623,0.00883243,0,0,0,1,10,0,0
n_units,120,n_units=120,recipe:kaefer_2020,literature,ripple,interval,recall,10,0.0107843,0.00584212,0.0155603,0,0,0,1,10,0,0
n_units,120,n_units=120,recipe:karlsson_2009,literature,ripple,interval,recall,10,0.72451,0.706531,0.74433,0,0,0,1,10,0,0
n_units,120,n_units=120,recipe:krause_2022,literature,network,interval,recall,10,0.598165,0.572226,0.621838,-0.0220183,-0.0329673,-0.00889824,0.0195312,10,0,0
n_units,120,n_units=120,recipe:krause_2022_hse,literature,burst,interval,recall,10,0.911043,0.890727,0.931037,0.0920245,0.0659229,0.117529,0.00195312,10,0,0
n_units,120,n_units=120,recipe:kudrimoti_1999,literature,ripple,interval,recall,10,0.0245098,0.0174466,0.0338271,0,0,0,1,10,0,0
n_units,120,n_units=120,recipe:lee_2002,literature,burst,interval,recall,10,0.93456,0.917967,0.951646,-0.0153374,-0.0321294,0,0.140625,10,0,0
n_units,120,n_units=120,recipe:lee_2002_ripples,literature,ripple,interval,recall,10,0.0745098,0.0613481,0.0878934,0,0,0,1,10,0,0
n_units,120,n_units=120,recipe:liu_2019,literature,burst,interval,recall,10,0.132924,0.114136,0.15327,-0.710634,-0.73679,-0.679792,0.00195312,10,0,0
n_units,120,n_units=120,recipe:liu_2019_awake,literature,burst,interval,recall,10,0.132924,0.114136,0.15327,-0.710634,-0.73679,-0.679792,0.00195312,10,0,0
n_units,120,n_units=120,recipe:liu_2023,literature,network,interval,recall,10,0.46422,0.437039,0.49123,0.0330275,0.0174173,0.0498601,0.0078125,10,0,0
n_units,120,n_units=120,recipe:maboudi_2018,literature,burst,interval,recall,10,0.904908,0.886708,0.922995,0.112474,0.0937188,0.131338,0.00195312,10,0,0
n_units,120,n_units=120,recipe:maboudi_2018_open_field,literature,burst,interval,recall,10,0.799591,0.783229,0.815041,0.0623722,0.0411052,0.0839233,0.00390625,10,0,0
n_units,120,n_units=120,recipe:mallory_2025,literature,burst,interval,recall,10,0.812883,0.79518,0.831606,0.0531697,0.0334378,0.0729483,0.00195312,10,0,0
n_units,120,n_units=120,recipe:mallory_2025_ripples,literature,ripple,interval,recall,10,0.690196,0.668886,0.712691,0,0,0,1,10,0,0
n_units,120,n_units=120,recipe:michon_2019,literature,network,interval,recall,10,0.285321,0.259646,0.311018,0.0348624,0.0257376,0.0442412,0.00195312,10,0,0
n_units,120,n_units=120,recipe:michon_2021,literature,network,interval,recall,10,0.285321,0.259646,0.311018,0.0348624,0.0257376,0.0442412,0.00195312,10,0,0
n_units,120,n_units=120,recipe:mou_2022,literature,burst,interval,recall,10,0.902863,0.880156,0.922925,0.0460123,0.0265768,0.0644839,0.00390625,10,0,0
n_units,120,n_units=120,recipe:muessig_2019,literature,network,interval,recall,10,0.173394,0.153429,0.198166,0.0669725,0.0482042,0.0864469,0.00195312,10,0,0
n_units,120,n_units=120,recipe:muessig_2019_ripples,literature,ripple,interval,recall,10,0.87549,0.854298,0.894141,0,0,0,1,10,0,0
n_units,120,n_units=120,recipe:nadasdy_1999,literature,ripple,interval,recall,10,0.461765,0.441114,0.485717,0,0,0,1,10,0,0
n_units,120,n_units=120,recipe:olafsdottir_2015,literature,burst,interval,recall,10,0.578732,0.549646,0.606155,-0.0981595,-0.136506,-0.0600079,0.00195312,10,0,0
n_units,120,n_units=120,recipe:olafsdottir_2015.bayesian_candidates,literature,burst,interval,recall,10,0.578732,0.549646,0.606155,-0.0337423,-0.0693209,0.00426998,0.15625,10,0,0
n_units,120,n_units=120,recipe:olafsdottir_2016,literature,burst,interval,recall,10,0.587935,0.559642,0.616329,0.0173824,-0.0249313,0.0627587,0.449219,10,0,0
n_units,120,n_units=120,recipe:olafsdottir_2017,literature,burst,interval,recall,10,0.832311,0.816079,0.850101,0.0715746,0.0572034,0.0860861,0.00195312,10,0,0
n_units,120,n_units=120,recipe:olafsdottir_2017.trajectory,literature,burst,interval,recall,10,0.587935,0.559642,0.616329,0.0173824,-0.0249313,0.0627587,0.449219,10,0,0
n_units,120,n_units=120,recipe:pfeiffer_2013,literature,burst,interval,recall,10,0.799591,0.783229,0.815041,0.0623722,0.0411052,0.0839233,0.00390625,10,0,0
n_units,120,n_units=120,recipe:pfeiffer_2013_ripples,literature,ripple,interval,recall,10,0.728431,0.699812,0.754759,0,0,0,1,10,0,0
n_units,120,n_units=120,recipe:pfeiffer_2015,literature,ripple,interval,recall,10,0.728431,0.699812,0.754759,0,0,0,1,10,0,0
n_units,120,n_units=120,recipe:shin_2019,literature,ripple,interval,recall,10,0.72451,0.706531,0.74433,0,0,0,1,10,0,0
n_units,120,n_units=120,recipe:silva_2015,literature,burst,interval,recall,10,0.679959,0.659043,0.701339,0.0603272,0.0356372,0.0875296,0.00585938,10,0,0
n_units,120,n_units=120,recipe:stella_2019,literature,ripple,interval,recall,10,0.666667,0.649493,0.685394,0,0,0,1,10,0,0
n_units,120,n_units=120,recipe:tang_2017,literature,ripple,interval,recall,10,0.72451,0.706531,0.74433,0,0,0,1,10,0,0
n_units,120,n_units=120,recipe:tirole_2022,literature,network,interval,recall,10,0.584404,0.566824,0.601827,0.0733945,0.0506191,0.0953237,0.00195312,10,0,0
n_units,120,n_units=120,recipe:widloski_2025,literature,ripple,interval,recall,10,0.507843,0.469984,0.54879,0,0,0,1,10,0,0
n_units,120,n_units=120,recipe:widloski_2025_bursts,literature,burst,interval,recall,10,0.568507,0.534972,0.604038,0.0388548,-0.00326369,0.0823959,0.15625,10,0,0
n_units,120,n_units=120,recipe:wikenheiser_2013,literature,ripple,interval,recall,10,0.832353,0.80594,0.860302,0,0,0,1,10,0,0
n_units,120,n_units=120,recipe:wu_2014,literature,burst,interval,recall,10,0.887526,0.871501,0.903557,0.0245399,0.00821292,0.0395648,0.03125,10,0,0
n_units,120,n_units=120,recipe:wu_2014_ripples,literature,ripple,peak_containment,recall,10,0.898039,0.880974,0.916923,0,0,0,1,10,0,0
n_units,120,n_units=120,recipe:wu_2017,literature,burst,interval,recall,10,0.776074,0.757056,0.79899,0.241309,0.214434,0.267929,0.00195312,10,0,0
n_units,120,n_units=120,recipe:xu_2019,literature,burst,interval,recall,10,0.804703,0.789636,0.81949,0.0572597,0.0350877,0.0784713,0.00390625,10,0,0
n_units,120,n_units=120,recipe:yamamoto_2017,literature,network,interval,recall,10,0.626606,0.606928,0.645814,0.0651376,0.0404295,0.0894418,0.00390625,10,0,0
n_units,120,n_units=120,recipe:yang_2024,literature,network,interval,recall,10,0.452294,0.426359,0.478812,0.0357798,0.0210142,0.050849,0.00390625,10,0,0
n_channels,1,n_channels=1,Carey_candidate_detector,default,network,interval,recall,10,0.823853,0.810137,0.839821,0.00642202,0.00090742,0.0123577,0.0625,10,0,0
n_channels,1,n_channels=1,Karlsson_ripple_detector,default,ripple,interval,recall,10,0.65,0.630963,0.673118,-0.0745098,-0.0961165,-0.045543,0.00390625,10,0,0
n_channels,1,n_channels=1,Kay_ripple_detector,default,ripple,interval,recall,10,0.783333,0.762037,0.804428,-0.0441176,-0.061268,-0.0276344,0.00390625,10,0,0
n_channels,1,n_channels=1,Long_sharp_wave_ripple_detector,default,ripple,interval,recall,10,0.655882,0.632756,0.677854,-0.0343137,-0.0634339,-0.00900833,0.0546875,10,0,0
n_channels,1,n_channels=1,Roumis_ripple_detector,default,ripple,interval,recall,10,0.783333,0.762037,0.804428,-0.045098,-0.0620195,-0.0293519,0.00390625,10,0,0
n_channels,1,n_channels=1,Shvartsman_ripple_detector,default,ripple,interval,recall,0,,,,,,,,0,10,10
n_channels,1,n_channels=1,Yu_ripple_detector,default,ripple,interval,recall,10,0.831373,0.806755,0.855722,-0.0166667,-0.0348843,-0.000878378,0.0859375,10,0,0
n_channels,1,n_channels=1,Zugaro_ripple_detector,default,ripple,interval,recall,10,0.651961,0.634342,0.670386,-0.0235294,-0.0389161,-0.00642279,0.0351562,10,0,0
n_channels,1,n_channels=1,multiunit_HSE_detector,default,burst,interval,recall,10,0.931493,0.917158,0.948138,0,0,0,1,10,0,0
n_channels,1,n_channels=1,recipe:ambrose_2016,literature,ripple,interval,recall,10,0.691176,0.66967,0.712993,-0.0372549,-0.0531086,-0.0192874,0.0117188,10,0,0
n_channels,1,n_channels=1,recipe:bendor_2012,literature,burst,interval,recall,10,0.669734,0.643002,0.697931,0,0,0,1,10,0,0
n_channels,1,n_channels=1,recipe:berners_lee_2021,literature,ripple,interval,recall,0,,,,,,,,0,10,10
n_channels,1,n_channels=1,recipe:berners_lee_2022,literature,burst,interval,recall,10,0.683027,0.657603,0.710964,0,0,0,1,10,0,0
n_channels,1,n_channels=1,recipe:bhattarai_2020,literature,network,interval,recall,0,,,,,,,,0,10,10
n_channels,1,n_channels=1,recipe:bhattarai_2020_ripples,literature,ripple,interval,recall,0,,,,,,,,0,10,10
n_channels,1,n_channels=1,recipe:bush_2022,literature,burst,interval,recall,10,0.630879,0.597014,0.668706,0,0,0,1,10,0,0
n_channels,1,n_channels=1,recipe:carey_2019,literature,network,interval,recall,10,0.824771,0.805605,0.842976,-0.000917431,-0.00280905,0,1,10,0,0
n_channels,1,n_channels=1,recipe:carr_2012,literature,ripple,interval,recall,10,0.65,0.630963,0.673118,-0.0745098,-0.0961165,-0.045543,0.00390625,10,0,0
n_channels,1,n_channels=1,recipe:chenani_2019,literature,burst,interval,recall,10,0.686094,0.665608,0.709887,0,0,0,1,10,0,0
n_channels,1,n_channels=1,recipe:davidson_2009,literature,burst,interval,recall,10,0.801636,0.785994,0.820324,0,0,0,1,10,0,0
n_channels,1,n_channels=1,recipe:davidson_2009_ripples,literature,ripple,peak_containment,recall,10,0.837255,0.815635,0.859533,-0.0382353,-0.0492909,-0.028798,0.00195312,10,0,0
n_channels,1,n_channels=1,recipe:denovellis_2021,literature,ripple,interval,recall,10,0.783333,0.758845,0.806485,-0.045098,-0.0652407,-0.0257087,0.0078125,10,0,0
n_channels,1,n_channels=1,recipe:denovellis_2021_mua,literature,burst,interval,recall,10,0.93047,0.916838,0.946485,0,0,0,1,10,0,0
n_channels,1,n_channels=1,recipe:diba_2007,literature,burst,interval,recall,10,0.256646,0.22654,0.287224,0,0,0,1,10,0,0
n_channels,1,n_channels=1,recipe:drieu_2018,literature,burst,interval,recall,10,0.786299,0.775775,0.797509,0,0,0,1,10,0,0
n_channels,1,n_channels=1,recipe:farooq_2019_neuron,literature,burst,interval,recall,10,0.280164,0.243652,0.32154,0,0,0,1,10,0,0
n_channels,1,n_channels=1,recipe:farooq_2019_science,literature,burst,interval,recall,10,0.278119,0.242423,0.318476,0,0,0,1,10,0,0
n_channels,1,n_channels=1,recipe:farooq_2019_science_awake,literature,burst,interval,recall,10,0.278119,0.242423,0.318476,0,0,0,1,10,0,0
n_channels,1,n_channels=1,recipe:foster_2006,literature,burst,interval,recall,10,0.148262,0.127082,0.172862,0,0,0,1,10,0,0
n_channels,1,n_channels=1,recipe:foster_2006_ripples,literature,ripple,interval,recall,10,0.0754902,0.063788,0.0876164,0.000980392,-0.0019685,0.00496537,0.5,10,0,0
n_channels,1,n_channels=1,recipe:gillespie_2021,literature,ripple,interval,recall,10,0.783333,0.762037,0.804428,-0.0441176,-0.061268,-0.0276344,0.00390625,10,0,0
n_channels,1,n_channels=1,recipe:gillespie_2021_mua,literature,burst,interval,recall,10,0.822086,0.803179,0.839827,0,0,0,1,10,0,0
n_channels,1,n_channels=1,recipe:gridchyn_2020,literature,burst,interval,recall,10,0.891616,0.874123,0.907524,0,0,0,1,10,0,0
n_channels,1,n_channels=1,recipe:grosmark_2016,literature,network,interval,recall,10,0.418349,0.388124,0.45104,0.00183486,0,0.00435559,0.5,10,0,0
n_channels,1,n_channels=1,recipe:gupta_2010,literature,ripple,interval,recall,10,0.586275,0.545633,0.624364,-0.213725,-0.242641,-0.187667,0.00195312,10,0,0
n_channels,1,n_channels=1,recipe:harvey_2023_code,literature,ripple,interval,recall,10,0.538235,0.514285,0.55946,-0.0254902,-0.0464183,-0.00834879,0.0410156,10,0,0
n_channels,1,n_channels=1,recipe:harvey_2023_no_radiatum,literature,ripple,interval,recall,10,0.59902,0.578526,0.621228,0.00196078,0,0.00497092,0.5,10,0,0
n_channels,1,n_channels=1,recipe:harvey_2023_text,literature,ripple,interval,recall,10,0.594118,0.576493,0.618849,-0.0107843,-0.0215487,0.00103308,0.1875,10,0,0
n_channels,1,n_channels=1,recipe:huelin_gorriz_2023,literature,network,interval,recall,10,0.512844,0.483756,0.54326,0.00183486,0,0.00462107,0.5,10,0,0
n_channels,1,n_channels=1,recipe:igata_2021,literature,burst,interval,recall,10,0.932515,0.917901,0.949156,0,0,0,1,10,0,0
n_channels,1,n_channels=1,recipe:igata_2021_ripples,literature,ripple,interval,recall,10,0.677451,0.651998,0.704638,-0.195098,-0.217952,-0.173912,0.00195312,10,0,0
n_channels,1,n_channels=1,recipe:jadhav_2016,literature,ripple,interval,recall,10,0.523529,0.495476,0.549041,-0.0627451,-0.0772948,-0.0475205,0.00195312,10,0,0
n_channels,1,n_channels=1,recipe:ji_2007,literature,burst,interval,recall,10,0.700409,0.6305,0.748675,0,0,0,1,10,0,0
n_channels,1,n_channels=1,recipe:ji_2007_ripples,literature,ripple,interval,recall,10,0.00490196,0.00101623,0.00883243,0,0,0,1,10,0,0
n_channels,1,n_channels=1,recipe:kaefer_2020,literature,ripple,interval,recall,10,0.0127451,0.00758204,0.0185189,0.00196078,0,0.00508195,0.5,10,0,0
n_channels,1,n_channels=1,recipe:karlsson_2009,literature,ripple,interval,recall,10,0.65,0.630963,0.673118,-0.0745098,-0.0961165,-0.045543,0.00390625,10,0,0
n_channels,1,n_channels=1,recipe:krause_2022,literature,network,interval,recall,10,0.585321,0.565619,0.605455,-0.0348624,-0.0471232,-0.0221143,0.00390625,10,0,0
n_channels,1,n_channels=1,recipe:krause_2022_hse,literature,burst,interval,recall,10,0.819018,0.797725,0.839959,0,0,0,1,10,0,0
n_channels,1,n_channels=1,recipe:kudrimoti_1999,literature,ripple,interval,recall,10,0.0245098,0.0174466,0.0338271,0,0,0,1,10,0,0
n_channels,1,n_channels=1,recipe:lee_2002,literature,burst,interval,recall,10,0.949898,0.943786,0.955603,0,0,0,1,10,0,0
n_channels,1,n_channels=1,recipe:lee_2002_ripples,literature,ripple,interval,recall,10,0.0754902,0.063788,0.0876164,0.000980392,-0.0019685,0.00496537,0.5,10,0,0
n_channels,1,n_channels=1,recipe:liu_2019,literature,burst,interval,recall,10,0.843558,0.811187,0.87384,0,0,0,1,10,0,0
n_channels,1,n_channels=1,recipe:liu_2019_awake,literature,burst,interval,recall,10,0.843558,0.811187,0.87384,0,0,0,1,10,0,0
n_channels,1,n_channels=1,recipe:liu_2023,literature,network,interval,recall,10,0.409174,0.385277,0.433838,-0.0220183,-0.0344828,-0.00957605,0.015625,10,0,0
n_channels,1,n_channels=1,recipe:maboudi_2018,literature,burst,interval,recall,10,0.792434,0.774162,0.811442,0,0,0,1,10,0,0
n_channels,1,n_channels=1,recipe:maboudi_2018_open_field,literature,burst,interval,recall,10,0.737219,0.716188,0.761011,0,0,0,1,10,0,0
n_channels,1,n_channels=1,recipe:mallory_2025,literature,burst,interval,recall,10,0.759714,0.740078,0.779609,0,0,0,1,10,0,0
n_channels,1,n_channels=1,recipe:mallory_2025_ripples,literature,ripple,interval,recall,10,0.691176,0.66967,0.712993,0.000980392,0,0.0030426,1,10,0,0
n_channels,1,n_channels=1,recipe:michon_2019,literature,network,interval,recall,10,0.169725,0.152887,0.185637,-0.0807339,-0.0970154,-0.0667238,0.00195312,10,0,0
n_channels,1,n_channels=1,recipe:michon_2021,literature,network,interval,recall,10,0.169725,0.152887,0.185637,-0.0807339,-0.0970154,-0.0667238,0.00195312,10,0,0
n_channels,1,n_channels=1,recipe:mou_2022,literature,burst,interval,recall,10,0.856851,0.829681,0.882724,0,0,0,1,10,0,0
n_channels,1,n_channels=1,recipe:muessig_2019,literature,network,interval,recall,10,0.111009,0.0944733,0.12823,0.00458716,-0.00184362,0.0115496,0.1875,10,0,0
n_channels,1,n_channels=1,recipe:muessig_2019_ripples,literature,ripple,interval,recall,10,0.885294,0.869963,0.89898,0.00980392,-0.0108797,0.0333723,0.265625,10,0,0
n_channels,1,n_channels=1,recipe:nadasdy_1999,literature,ripple,interval,recall,10,0.24902,0.2193,0.280413,-0.212745,-0.237054,-0.19287,0.00195312,10,0,0
n_channels,1,n_channels=1,recipe:olafsdottir_2015,literature,burst,interval,recall,10,0.676892,0.654822,0.69798,0,0,0,1,10,0,0
n_channels,1,n_channels=1,recipe:olafsdottir_2015.bayesian_candidates,literature,burst,interval,recall,10,0.612474,0.58635,0.641136,0,0,0,1,10,0,0
n_channels,1,n_channels=1,recipe:olafsdottir_2016,literature,burst,interval,recall,10,0.570552,0.539077,0.609091,0,0,0,1,10,0,0
n_channels,1,n_channels=1,recipe:olafsdottir_2017,literature,burst,interval,recall,10,0.760736,0.745657,0.775992,0,0,0,1,10,0,0
n_channels,1,n_channels=1,recipe:olafsdottir_2017.trajectory,literature,burst,interval,recall,10,0.570552,0.539077,0.609091,0,0,0,1,10,0,0
n_channels,1,n_channels=1,recipe:pfeiffer_2013,literature,burst,interval,recall,10,0.737219,0.716188,0.761011,0,0,0,1,10,0,0
n_channels,1,n_channels=1,recipe:pfeiffer_2013_ripples,literature,ripple,interval,recall,10,0.691176,0.66967,0.712993,-0.0372549,-0.0531086,-0.0192874,0.0117188,10,0,0
n_channels,1,n_channels=1,recipe:pfeiffer_2015,literature,ripple,interval,recall,10,0.689216,0.66603,0.712668,-0.0392157,-0.0556581,-0.0204703,0.0117188,10,0,0
n_channels,1,n_channels=1,recipe:shin_2019,literature,ripple,interval,recall,10,0.65,0.630963,0.673118,-0.0745098,-0.0961165,-0.045543,0.00390625,10,0,0
n_channels,1,n_channels=1,recipe:silva_2015,literature,burst,interval,recall,10,0.619632,0.590956,0.648278,0,0,0,1,10,0,0
n_channels,1,n_channels=1,recipe:stella_2019,literature,ripple,interval,recall,10,0.531373,0.51274,0.552579,-0.135294,-0.154917,-0.11884,0.00195312,10,0,0
n_channels,1,n_channels=1,recipe:tang_2017,literature,ripple,interval,recall,10,0.65,0.630963,0.673118,-0.0745098,-0.0961165,-0.045543,0.00390625,10,0,0
n_channels,1,n_channels=1,recipe:tirole_2022,literature,network,interval,recall,10,0.512844,0.483756,0.54326,0.00183486,0,0.00462107,0.5,10,0,0
n_channels,1,n_channels=1,recipe:widloski_2025,literature,ripple,interval,recall,10,0.479412,0.442387,0.517135,-0.0284314,-0.0445178,-0.0126456,0.0078125,10,0,0
n_channels,1,n_channels=1,recipe:widloski_2025_bursts,literature,burst,interval,recall,10,0.529652,0.491013,0.571436,0,0,0,1,10,0,0
n_channels,1,n_channels=1,recipe:wikenheiser_2013,literature,ripple,interval,recall,10,0.789216,0.76538,0.815791,-0.0431373,-0.0516717,-0.0345761,0.00195312,10,0,0
n_channels,1,n_channels=1,recipe:wu_2014,literature,burst,interval,recall,10,0.862986,0.848921,0.877469,0,0,0,1,10,0,0
n_channels,1,n_channels=1,recipe:wu_2014_ripples,literature,ripple,peak_containment,recall,10,0.858824,0.834545,0.881751,-0.0392157,-0.053625,-0.0258047,0.00195312,10,0,0
n_channels,1,n_channels=1,recipe:wu_2017,literature,burst,interval,recall,10,0.534765,0.509803,0.559125,0,0,0,1,10,0,0
n_channels,1,n_channels=1,recipe:xu_2019,literature,burst,interval,recall,10,0.747444,0.729037,0.765482,0,0,0,1,10,0,0
n_channels,1,n_channels=1,recipe:yamamoto_2017,literature,network,interval,recall,10,0.563303,0.531193,0.596647,0.00183486,0,0.00447668,0.5,10,0,0
n_channels,1,n_channels=1,recipe:yang_2024,literature,network,interval,recall,10,0.418349,0.388124,0.45104,0.00183486,0,0.00435559,0.5,10,0,0
n_channels,reference,reference,Carey_candidate_detector,default,network,interval,recall,10,0.817431,0.802458,0.834401,0,0,0,1,10,0,0
n_channels,reference,reference,Karlsson_ripple_detector,default,ripple,interval,recall,10,0.72451,0.706531,0.74433,0,0,0,1,10,0,0
n_channels,reference,reference,Kay_ripple_detector,default,ripple,interval,recall,10,0.827451,0.814342,0.842843,0,0,0,1,10,0,0
n_channels,reference,reference,Long_sharp_wave_ripple_detector,default,ripple,interval,recall,10,0.690196,0.666335,0.713389,0,0,0,1,10,0,0
n_channels,reference,reference,Roumis_ripple_detector,default,ripple,interval,recall,10,0.828431,0.813977,0.844765,0,0,0,1,10,0,0
n_channels,reference,reference,Shvartsman_ripple_detector,default,ripple,interval,recall,0,,,,,,,,0,10,0
n_channels,reference,reference,Yu_ripple_detector,default,ripple,interval,recall,10,0.848039,0.832833,0.865145,0,0,0,1,10,0,0
n_channels,reference,reference,Zugaro_ripple_detector,default,ripple,interval,recall,10,0.67549,0.654252,0.696335,0,0,0,1,10,0,0
n_channels,reference,reference,multiunit_HSE_detector,default,burst,interval,recall,10,0.931493,0.917158,0.948138,0,0,0,1,10,0,0
n_channels,reference,reference,recipe:ambrose_2016,literature,ripple,interval,recall,10,0.728431,0.699812,0.754759,0,0,0,1,10,0,0
n_channels,reference,reference,recipe:bendor_2012,literature,burst,interval,recall,10,0.669734,0.643002,0.697931,0,0,0,1,10,0,0
n_channels,reference,reference,recipe:berners_lee_2021,literature,ripple,interval,recall,0,,,,,,,,0,10,0
n_channels,reference,reference,recipe:berners_lee_2022,literature,burst,interval,recall,10,0.683027,0.657603,0.710964,0,0,0,1,10,0,0
n_channels,reference,reference,recipe:bhattarai_2020,literature,network,interval,recall,0,,,,,,,,0,10,0
n_channels,reference,reference,recipe:bhattarai_2020_ripples,literature,ripple,interval,recall,0,,,,,,,,0,10,0
n_channels,reference,reference,recipe:bush_2022,literature,burst,interval,recall,10,0.630879,0.597014,0.668706,0,0,0,1,10,0,0
n_channels,reference,reference,recipe:carey_2019,literature,network,interval,recall,10,0.825688,0.806478,0.843953,0,0,0,1,10,0,0
n_channels,reference,reference,recipe:carr_2012,literature,ripple,interval,recall,10,0.72451,0.706531,0.74433,0,0,0,1,10,0,0
n_channels,reference,reference,recipe:chenani_2019,literature,burst,interval,recall,10,0.686094,0.665608,0.709887,0,0,0,1,10,0,0
n_channels,reference,reference,recipe:davidson_2009,literature,burst,interval,recall,10,0.801636,0.785994,0.820324,0,0,0,1,10,0,0
n_channels,reference,reference,recipe:davidson_2009_ripples,literature,ripple,peak_containment,recall,10,0.87549,0.851889,0.898297,0,0,0,1,10,0,0
n_channels,reference,reference,recipe:denovellis_2021,literature,ripple,interval,recall,10,0.828431,0.815282,0.842262,0,0,0,1,10,0,0
n_channels,reference,reference,recipe:denovellis_2021_mua,literature,burst,interval,recall,10,0.93047,0.916838,0.946485,0,0,0,1,10,0,0
n_channels,reference,reference,recipe:diba_2007,literature,burst,interval,recall,10,0.256646,0.22654,0.287224,0,0,0,1,10,0,0
n_channels,reference,reference,recipe:drieu_2018,literature,burst,interval,recall,10,0.786299,0.775775,0.797509,0,0,0,1,10,0,0
n_channels,reference,reference,recipe:farooq_2019_neuron,literature,burst,interval,recall,10,0.280164,0.243652,0.32154,0,0,0,1,10,0,0
n_channels,reference,reference,recipe:farooq_2019_science,literature,burst,interval,recall,10,0.278119,0.242423,0.318476,0,0,0,1,10,0,0
n_channels,reference,reference,recipe:farooq_2019_science_awake,literature,burst,interval,recall,10,0.278119,0.242423,0.318476,0,0,0,1,10,0,0
n_channels,reference,reference,recipe:foster_2006,literature,burst,interval,recall,10,0.148262,0.127082,0.172862,0,0,0,1,10,0,0
n_channels,reference,reference,recipe:foster_2006_ripples,literature,ripple,interval,recall,10,0.0745098,0.0613481,0.0878934,0,0,0,1,10,0,0
n_channels,reference,reference,recipe:gillespie_2021,literature,ripple,interval,recall,10,0.827451,0.814342,0.842843,0,0,0,1,10,0,0
n_channels,reference,reference,recipe:gillespie_2021_mua,literature,burst,interval,recall,10,0.822086,0.803179,0.839827,0,0,0,1,10,0,0
n_channels,reference,reference,recipe:gridchyn_2020,literature,burst,interval,recall,10,0.891616,0.874123,0.907524,0,0,0,1,10,0,0
n_channels,reference,reference,recipe:grosmark_2016,literature,network,interval,recall,10,0.416514,0.386402,0.448061,0,0,0,1,10,0,0
n_channels,reference,reference,recipe:gupta_2010,literature,ripple,interval,recall,10,0.8,0.777446,0.828924,0,0,0,1,10,0,0
n_channels,reference,reference,recipe:harvey_2023_code,literature,ripple,interval,recall,10,0.563725,0.539941,0.588474,0,0,0,1,10,0,0
n_channels,reference,reference,recipe:harvey_2023_no_radiatum,literature,ripple,interval,recall,10,0.597059,0.577734,0.617905,0,0,0,1,10,0,0
n_channels,reference,reference,recipe:harvey_2023_text,literature,ripple,interval,recall,10,0.604902,0.587255,0.62526,0,0,0,1,10,0,0
n_channels,reference,reference,recipe:huelin_gorriz_2023,literature,network,interval,recall,10,0.511009,0.483133,0.539768,0,0,0,1,10,0,0
n_channels,reference,reference,recipe:igata_2021,literature,burst,interval,recall,10,0.932515,0.917901,0.949156,0,0,0,1,10,0,0
n_channels,reference,reference,recipe:igata_2021_ripples,literature,ripple,interval,recall,10,0.872549,0.855652,0.890613,0,0,0,1,10,0,0
n_channels,reference,reference,recipe:jadhav_2016,literature,ripple,interval,recall,10,0.586275,0.554419,0.616468,0,0,0,1,10,0,0
n_channels,reference,reference,recipe:ji_2007,literature,burst,interval,recall,10,0.700409,0.6305,0.748675,0,0,0,1,10,0,0
n_channels,reference,reference,recipe:ji_2007_ripples,literature,ripple,interval,recall,10,0.00490196,0.00101623,0.00883243,0,0,0,1,10,0,0
n_channels,reference,reference,recipe:kaefer_2020,literature,ripple,interval,recall,10,0.0107843,0.00584212,0.0155603,0,0,0,1,10,0,0
n_channels,reference,reference,recipe:karlsson_2009,literature,ripple,interval,recall,10,0.72451,0.706531,0.74433,0,0,0,1,10,0,0
n_channels,reference,reference,recipe:krause_2022,literature,network,interval,recall,10,0.620183,0.594116,0.645529,0,0,0,1,10,0,0
n_channels,reference,reference,recipe:krause_2022_hse,literature,burst,interval,recall,10,0.819018,0.797725,0.839959,0,0,0,1,10,0,0
n_channels,reference,reference,recipe:kudrimoti_1999,literature,ripple,interval,recall,10,0.0245098,0.0174466,0.0338271,0,0,0,1,10,0,0
n_channels,reference,reference,recipe:lee_2002,literature,burst,interval,recall,10,0.949898,0.943786,0.955603,0,0,0,1,10,0,0
n_channels,reference,reference,recipe:lee_2002_ripples,literature,ripple,interval,recall,10,0.0745098,0.0613481,0.0878934,0,0,0,1,10,0,0
n_channels,reference,reference,recipe:liu_2019,literature,burst,interval,recall,10,0.843558,0.811187,0.87384,0,0,0,1,10,0,0
n_channels,reference,reference,recipe:liu_2019_awake,literature,burst,interval,recall,10,0.843558,0.811187,0.87384,0,0,0,1,10,0,0
n_channels,reference,reference,recipe:liu_2023,literature,network,interval,recall,10,0.431193,0.411239,0.451816,0,0,0,1,10,0,0
n_channels,reference,reference,recipe:maboudi_2018,literature,burst,interval,recall,10,0.792434,0.774162,0.811442,0,0,0,1,10,0,0
n_channels,reference,reference,recipe:maboudi_2018_open_field,literature,burst,interval,recall,10,0.737219,0.716188,0.761011,0,0,0,1,10,0,0
n_channels,reference,reference,recipe:mallory_2025,literature,burst,interval,recall,10,0.759714,0.740078,0.779609,0,0,0,1,10,0,0
n_channels,reference,reference,recipe:mallory_2025_ripples,literature,ripple,interval,recall,10,0.690196,0.668886,0.712691,0,0,0,1,10,0,0
n_channels,reference,reference,recipe:michon_2019,literature,network,interval,recall,10,0.250459,0.224122,0.276924,0,0,0,1,10,0,0
n_channels,reference,reference,recipe:michon_2021,literature,network,interval,recall,10,0.250459,0.224122,0.276924,0,0,0,1,10,0,0
n_channels,reference,reference,recipe:mou_2022,literature,burst,interval,recall,10,0.856851,0.829681,0.882724,0,0,0,1,10,0,0
n_channels,reference,reference,recipe:muessig_2019,literature,network,interval,recall,10,0.106422,0.091568,0.12113,0,0,0,1,10,0,0
n_channels,reference,reference,recipe:muessig_2019_ripples,literature,ripple,interval,recall,10,0.87549,0.854298,0.894141,0,0,0,1,10,0,0
n_channels,reference,reference,recipe:nadasdy_1999,literature,ripple,interval,recall,10,0.461765,0.441114,0.485717,0,0,0,1,10,0,0
n_channels,reference,reference,recipe:olafsdottir_2015,literature,burst,interval,recall,10,0.676892,0.654822,0.69798,0,0,0,1,10,0,0
n_channels,reference,reference,recipe:olafsdottir_2015.bayesian_candidates,literature,burst,interval,recall,10,0.612474,0.58635,0.641136,0,0,0,1,10,0,0
n_channels,reference,reference,recipe:olafsdottir_2016,literature,burst,interval,recall,10,0.570552,0.539077,0.609091,0,0,0,1,10,0,0
n_channels,reference,reference,recipe:olafsdottir_2017,literature,burst,interval,recall,10,0.760736,0.745657,0.775992,0,0,0,1,10,0,0
n_channels,reference,reference,recipe:olafsdottir_2017.trajectory,literature,burst,interval,recall,10,0.570552,0.539077,0.609091,0,0,0,1,10,0,0
n_channels,reference,reference,recipe:pfeiffer_2013,literature,burst,interval,recall,10,0.737219,0.716188,0.761011,0,0,0,1,10,0,0
n_channels,reference,reference,recipe:pfeiffer_2013_ripples,literature,ripple,interval,recall,10,0.728431,0.699812,0.754759,0,0,0,1,10,0,0
n_channels,reference,reference,recipe:pfeiffer_2015,literature,ripple,interval,recall,10,0.728431,0.699812,0.754759,0,0,0,1,10,0,0
n_channels,reference,reference,recipe:shin_2019,literature,ripple,interval,recall,10,0.72451,0.706531,0.74433,0,0,0,1,10,0,0
n_channels,reference,reference,recipe:silva_2015,literature,burst,interval,recall,10,0.619632,0.590956,0.648278,0,0,0,1,10,0,0
n_channels,reference,reference,recipe:stella_2019,literature,ripple,interval,recall,10,0.666667,0.649493,0.685394,0,0,0,1,10,0,0
n_channels,reference,reference,recipe:tang_2017,literature,ripple,interval,recall,10,0.72451,0.706531,0.74433,0,0,0,1,10,0,0
n_channels,reference,reference,recipe:tirole_2022,literature,network,interval,recall,10,0.511009,0.483133,0.539768,0,0,0,1,10,0,0
n_channels,reference,reference,recipe:widloski_2025,literature,ripple,interval,recall,10,0.507843,0.469984,0.54879,0,0,0,1,10,0,0
n_channels,reference,reference,recipe:widloski_2025_bursts,literature,burst,interval,recall,10,0.529652,0.491013,0.571436,0,0,0,1,10,0,0
n_channels,reference,reference,recipe:wikenheiser_2013,literature,ripple,interval,recall,10,0.832353,0.80594,0.860302,0,0,0,1,10,0,0
n_channels,reference,reference,recipe:wu_2014,literature,burst,interval,recall,10,0.862986,0.848921,0.877469,0,0,0,1,10,0,0
n_channels,reference,reference,recipe:wu_2014_ripples,literature,ripple,peak_containment,recall,10,0.898039,0.880974,0.916923,0,0,0,1,10,0,0
n_channels,reference,reference,recipe:wu_2017,literature,burst,interval,recall,10,0.534765,0.509803,0.559125,0,0,0,1,10,0,0
n_channels,reference,reference,recipe:xu_2019,literature,burst,interval,recall,10,0.747444,0.729037,0.765482,0,0,0,1,10,0,0
n_channels,reference,reference,recipe:yamamoto_2017,literature,network,interval,recall,10,0.561468,0.529566,0.596138,0,0,0,1,10,0,0
n_channels,reference,reference,recipe:yang_2024,literature,network,interval,recall,10,0.416514,0.386402,0.448061,0,0,0,1,10,0,0
n_channels,16,n_channels=16,Carey_candidate_detector,default,network,interval,recall,10,0.819266,0.803473,0.837839,0.00183486,0,0.00473934,0.5,10,0,0
n_channels,16,n_channels=16,Karlsson_ripple_detector,default,ripple,interval,recall,10,0.756863,0.74074,0.77376,0.0323529,0.0208112,0.0466338,0.00390625,10,0,0
n_channels,16,n_channels=16,Kay_ripple_detector,default,ripple,interval,recall,10,0.844118,0.831551,0.858383,0.0166667,0.00837209,0.0242921,0.00585938,10,0,0
n_channels,16,n_channels=16,Long_sharp_wave_ripple_detector,default,ripple,interval,recall,10,0.689216,0.666667,0.711332,-0.000980392,-0.0262665,0.022466,0.925781,10,0,0
n_channels,16,n_channels=16,Roumis_ripple_detector,default,ripple,interval,recall,10,0.846078,0.834102,0.860327,0.0176471,0.00961469,0.0277235,0.0078125,10,0,0
n_channels,16,n_channels=16,Shvartsman_ripple_detector,default,ripple,interval,recall,0,,,,,,,,0,10,0
n_channels,16,n_channels=16,Yu_ripple_detector,default,ripple,interval,recall,10,0.892157,0.879039,0.909184,0.0441176,0.0264201,0.0614531,0.00390625,10,0,0
n_channels,16,n_channels=16,Zugaro_ripple_detector,default,ripple,interval,recall,10,0.678431,0.651927,0.70196,0.00294118,-0.00946372,0.0156112,0.753906,10,0,0
n_channels,16,n_channels=16,multiunit_HSE_detector,default,burst,interval,recall,10,0.931493,0.917158,0.948138,0,0,0,1,10,0,0
n_channels,16,n_channels=16,recipe:ambrose_2016,literature,ripple,interval,recall,10,0.727451,0.706532,0.752091,-0.000980392,-0.0137261,0.0140732,0.992188,10,0,0
n_channels,16,n_channels=16,recipe:bendor_2012,literature,burst,interval,recall,10,0.669734,0.643002,0.697931,0,0,0,1,10,0,0
n_channels,16,n_channels=16,recipe:berners_lee_2021,literature,ripple,interval,recall,0,,,,,,,,0,10,0
n_channels,16,n_channels=16,recipe:berners_lee_2022,literature,burst,interval,recall,10,0.683027,0.657603,0.710964,0,0,0,1,10,0,0
n_channels,16,n_channels=16,recipe:bhattarai_2020,literature,network,interval,recall,0,,,,,,,,0,10,0
n_channels,16,n_channels=16,recipe:bhattarai_2020_ripples,literature,ripple,interval,recall,0,,,,,,,,0,10,0
n_channels,16,n_channels=16,recipe:bush_2022,literature,burst,interval,recall,10,0.630879,0.597014,0.668706,0,0,0,1,10,0,0
n_channels,16,n_channels=16,recipe:carey_2019,literature,network,interval,recall,10,0.825688,0.806478,0.843953,0,0,0,1,10,0,0
n_channels,16,n_channels=16,recipe:carr_2012,literature,ripple,interval,recall,10,0.756863,0.74074,0.77376,0.0323529,0.0208112,0.0466338,0.00390625,10,0,0
n_channels,16,n_channels=16,recipe:chenani_2019,literature,burst,interval,recall,10,0.686094,0.665608,0.709887,0,0,0,1,10,0,0
n_channels,16,n_channels=16,recipe:davidson_2009,literature,burst,interval,recall,10,0.801636,0.785994,0.820324,0,0,0,1,10,0,0
n_channels,16,n_channels=16,recipe:davidson_2009_ripples,literature,ripple,peak_containment,recall,10,0.884314,0.863414,0.903199,0.00882353,0.000998828,0.0148848,0.0742188,10,0,0
n_channels,16,n_channels=16,recipe:denovellis_2021,literature,ripple,interval,recall,10,0.843137,0.829135,0.859862,0.0147059,0.00411502,0.0270862,0.0390625,10,0,0
n_channels,16,n_channels=16,recipe:denovellis_2021_mua,literature,burst,interval,recall,10,0.93047,0.916838,0.946485,0,0,0,1,10,0,0
n_channels,16,n_channels=16,recipe:diba_2007,literature,burst,interval,recall,10,0.256646,0.22654,0.287224,0,0,0,1,10,0,0
n_channels,16,n_channels=16,recipe:drieu_2018,literature,burst,interval,recall,10,0.786299,0.775775,0.797509,0,0,0,1,10,0,0
n_channels,16,n_channels=16,recipe:farooq_2019_neuron,literature,burst,interval,recall,10,0.280164,0.243652,0.32154,0,0,0,1,10,0,0
n_channels,16,n_channels=16,recipe:farooq_2019_science,literature,burst,interval,recall,10,0.278119,0.242423,0.318476,0,0,0,1,10,0,0
n_channels,16,n_channels=16,recipe:farooq_2019_science_awake,literature,burst,interval,recall,10,0.278119,0.242423,0.318476,0,0,0,1,10,0,0
n_channels,16,n_channels=16,recipe:foster_2006,literature,burst,interval,recall,10,0.148262,0.127082,0.172862,0,0,0,1,10,0,0
n_channels,16,n_channels=16,recipe:foster_2006_ripples,literature,ripple,interval,recall,10,0.0745098,0.0613481,0.0878934,0,0,0,1,10,0,0
n_channels,16,n_channels=16,recipe:gillespie_2021,literature,ripple,interval,recall,10,0.844118,0.831551,0.858383,0.0166667,0.00837209,0.0242921,0.00585938,10,0,0
n_channels,16,n_channels=16,recipe:gillespie_2021_mua,literature,burst,interval,recall,10,0.822086,0.803179,0.839827,0,0,0,1,10,0,0
n_channels,16,n_channels=16,recipe:gridchyn_2020,literature,burst,interval,recall,10,0.891616,0.874123,0.907524,0,0,0,1,10,0,0
n_channels,16,n_channels=16,recipe:grosmark_2016,literature,network,interval,recall,10,0.417431,0.387362,0.448762,0.000917431,0,0.00283026,1,10,0,0
n_channels,16,n_channels=16,recipe:gupta_2010,literature,ripple,interval,recall,10,0.85,0.836249,0.862488,0.05,0.0250935,0.0688996,0.0078125,10,0,0
n_channels,16,n_channels=16,recipe:harvey_2023_code,literature,ripple,interval,recall,10,0.562745,0.538137,0.587235,-0.000980392,-0.0212346,0.0160061,0.925781,10,0,0
n_channels,16,n_channels=16,recipe:harvey_2023_no_radiatum,literature,ripple,interval,recall,10,0.597059,0.577734,0.617905,0,0,0,1,10,0,0
n_channels,16,n_channels=16,recipe:harvey_2023_text,literature,ripple,interval,recall,10,0.602941,0.580794,0.627673,-0.00196078,-0.0108403,0.00800182,0.828125,10,0,0
n_channels,16,n_channels=16,recipe:huelin_gorriz_2023,literature,network,interval,recall,10,0.511009,0.483133,0.539768,0,0,0,1,10,0,0
n_channels,16,n_channels=16,recipe:igata_2021,literature,burst,interval,recall,10,0.932515,0.917901,0.949156,0,0,0,1,10,0,0
n_channels,16,n_channels=16,recipe:igata_2021_ripples,literature,ripple,interval,recall,10,0.936275,0.925093,0.951382,0.0637255,0.0502091,0.0757995,0.00195312,10,0,0
n_channels,16,n_channels=16,recipe:jadhav_2016,literature,ripple,interval,recall,10,0.618627,0.584119,0.654168,0.0323529,0.0171419,0.0494222,0.00390625,10,0,0
n_channels,16,n_channels=16,recipe:ji_2007,literature,burst,interval,recall,10,0.700409,0.6305,0.748675,0,0,0,1,10,0,0
n_channels,16,n_channels=16,recipe:ji_2007_ripples,literature,ripple,interval,recall,10,0.00490196,0.00101623,0.00883243,0,0,0,1,10,0,0
n_channels,16,n_channels=16,recipe:kaefer_2020,literature,ripple,interval,recall,10,0.0107843,0.00678952,0.0148525,0,-0.00290142,0.00281962,1,10,0,0
n_channels,16,n_channels=16,recipe:karlsson_2009,literature,ripple,interval,recall,10,0.756863,0.74074,0.77376,0.0323529,0.0208112,0.0466338,0.00390625,10,0,0
n_channels,16,n_channels=16,recipe:krause_2022,literature,network,interval,recall,10,0.627523,0.604342,0.650999,0.00733945,-0.00623984,0.0197186,0.25,10,0,0
n_channels,16,n_channels=16,recipe:krause_2022_hse,literature,burst,interval,recall,10,0.819018,0.797725,0.839959,0,0,0,1,10,0,0
n_channels,16,n_channels=16,recipe:kudrimoti_1999,literature,ripple,interval,recall,10,0.0245098,0.0174466,0.0338271,0,0,0,1,10,0,0
n_channels,16,n_channels=16,recipe:lee_2002,literature,burst,interval,recall,10,0.949898,0.943786,0.955603,0,0,0,1,10,0,0
n_channels,16,n_channels=16,recipe:lee_2002_ripples,literature,ripple,interval,recall,10,0.0745098,0.0613481,0.0878934,0,0,0,1,10,0,0
n_channels,16,n_channels=16,recipe:liu_2019,literature,burst,interval,recall,10,0.843558,0.811187,0.87384,0,0,0,1,10,0,0
n_channels,16,n_channels=16,recipe:liu_2019_awake,literature,burst,interval,recall,10,0.843558,0.811187,0.87384,0,0,0,1,10,0,0
n_channels,16,n_channels=16,recipe:liu_2023,literature,network,interval,recall,10,0.431193,0.406982,0.461967,0,-0.0177627,0.0166702,0.898438,10,0,0
n_channels,16,n_channels=16,recipe:maboudi_2018,literature,burst,interval,recall,10,0.792434,0.774162,0.811442,0,0,0,1,10,0,0
n_channels,16,n_channels=16,recipe:maboudi_2018_open_field,literature,burst,interval,recall,10,0.737219,0.716188,0.761011,0,0,0,1,10,0,0
n_channels,16,n_channels=16,recipe:mallory_2025,literature,burst,interval,recall,10,0.759714,0.740078,0.779609,0,0,0,1,10,0,0
n_channels,16,n_channels=16,recipe:mallory_2025_ripples,literature,ripple,interval,recall,10,0.690196,0.668886,0.712691,0,0,0,1,10,0,0
n_channels,16,n_channels=16,recipe:michon_2019,literature,network,interval,recall,10,0.251376,0.224169,0.278829,0.000917431,0,0.00277778,1,10,0,0
n_channels,16,n_channels=16,recipe:michon_2021,literature,network,interval,recall,10,0.251376,0.224169,0.278829,0.000917431,0,0.00277778,1,10,0,0
n_channels,16,n_channels=16,recipe:mou_2022,literature,burst,interval,recall,10,0.856851,0.829681,0.882724,0,0,0,1,10,0,0
n_channels,16,n_channels=16,recipe:muessig_2019,literature,network,interval,recall,10,0.106422,0.0917595,0.12091,0,-0.00267398,0.00278042,1,10,0,0
n_channels,16,n_channels=16,recipe:muessig_2019_ripples,literature,ripple,interval,recall,10,0.880392,0.862743,0.896658,0.00490196,-0.0116282,0.0253391,0.625,10,0,0
n_channels,16,n_channels=16,recipe:nadasdy_1999,literature,ripple,interval,recall,10,0.543137,0.524743,0.565803,0.0813725,0.069932,0.0931309,0.00195312,10,0,0
n_channels,16,n_channels=16,recipe:olafsdottir_2015,literature,burst,interval,recall,10,0.676892,0.654822,0.69798,0,0,0,1,10,0,0
n_channels,16,n_channels=16,recipe:olafsdottir_2015.bayesian_candidates,literature,burst,interval,recall,10,0.612474,0.58635,0.641136,0,0,0,1,10,0,0
n_channels,16,n_channels=16,recipe:olafsdottir_2016,literature,burst,interval,recall,10,0.570552,0.539077,0.609091,0,0,0,1,10,0,0
n_channels,16,n_channels=16,recipe:olafsdottir_2017,literature,burst,interval,recall,10,0.760736,0.745657,0.775992,0,0,0,1,10,0,0
n_channels,16,n_channels=16,recipe:olafsdottir_2017.trajectory,literature,burst,interval,recall,10,0.570552,0.539077,0.609091,0,0,0,1,10,0,0
n_channels,16,n_channels=16,recipe:pfeiffer_2013,literature,burst,interval,recall,10,0.737219,0.716188,0.761011,0,0,0,1,10,0,0
n_channels,16,n_channels=16,recipe:pfeiffer_2013_ripples,literature,ripple,interval,recall,10,0.727451,0.706532,0.752091,-0.000980392,-0.0137261,0.0140732,0.992188,10,0,0
n_channels,16,n_channels=16,recipe:pfeiffer_2015,literature,ripple,interval,recall,10,0.727451,0.706532,0.752091,-0.000980392,-0.0137261,0.0140732,0.992188,10,0,0
n_channels,16,n_channels=16,recipe:shin_2019,literature,ripple,interval,recall,10,0.756863,0.74074,0.77376,0.0323529,0.0208112,0.0466338,0.00390625,10,0,0
n_channels,16,n_channels=16,recipe:silva_2015,literature,burst,interval,recall,10,0.619632,0.590956,0.648278,0,0,0,1,10,0,0
n_channels,16,n_channels=16,recipe:stella_2019,literature,ripple,interval,recall,10,0.746078,0.723771,0.768869,0.0794118,0.0680889,0.0895383,0.00195312,10,0,0
n_channels,16,n_channels=16,recipe:tang_2017,literature,ripple,interval,recall,10,0.756863,0.74074,0.77376,0.0323529,0.0208112,0.0466338,0.00390625,10,0,0
n_channels,16,n_channels=16,recipe:tirole_2022,literature,network,interval,recall,10,0.511009,0.483133,0.539768,0,0,0,1,10,0,0
n_channels,16,n_channels=16,recipe:widloski_2025,literature,ripple,interval,recall,10,0.517647,0.480618,0.559361,0.00980392,0.00197239,0.0181644,0.09375,10,0,0
n_channels,16,n_channels=16,recipe:widloski_2025_bursts,literature,burst,interval,recall,10,0.529652,0.491013,0.571436,0,0,0,1,10,0,0
n_channels,16,n_channels=16,recipe:wikenheiser_2013,literature,ripple,interval,recall,10,0.832353,0.806215,0.858399,0,-0.006642,0.00998004,1,10,0,0
n_channels,16,n_channels=16,recipe:wu_2014,literature,burst,interval,recall,10,0.862986,0.848921,0.877469,0,0,0,1,10,0,0
n_channels,16,n_channels=16,recipe:wu_2014_ripples,literature,ripple,peak_containment,recall,10,0.914706,0.902873,0.926108,0.0166667,0.00708448,0.0261887,0.0195312,10,0,0
n_channels,16,n_channels=16,recipe:wu_2017,literature,burst,interval,recall,10,0.534765,0.509803,0.559125,0,0,0,1,10,0,0
n_channels,16,n_channels=16,recipe:xu_2019,literature,burst,interval,recall,10,0.747444,0.729037,0.765482,0,0,0,1,10,0,0
n_channels,16,n_channels=16,recipe:yamamoto_2017,literature,network,interval,recall,10,0.561468,0.529566,0.596138,0,0,0,1,10,0,0
n_channels,16,n_channels=16,recipe:yang_2024,literature,network,interval,recall,10,0.417431,0.387362,0.448762,0.000917431,0,0.00283026,1,10,0,0
shared_noise_fraction,0.2,shared_noise_fraction=0.2,Carey_candidate_detector,default,network,interval,recall,10,0.817431,0.802777,0.834226,0,-0.00469936,0.00534355,0.9375,10,0,0
shared_noise_fraction,0.2,shared_noise_fraction=0.2,Karlsson_ripple_detector,default,ripple,interval,recall,10,0.731373,0.714146,0.750526,0.00686275,0,0.0138764,0.0703125,10,0,0
shared_noise_fraction,0.2,shared_noise_fraction=0.2,Kay_ripple_detector,default,ripple,interval,recall,10,0.822549,0.807202,0.840745,-0.00490196,-0.0154589,0.00614865,0.5,10,0,0
shared_noise_fraction,0.2,shared_noise_fraction=0.2,Long_sharp_wave_ripple_detector,default,ripple,interval,recall,10,0.598039,0.576458,0.620346,-0.0921569,-0.10566,-0.0766848,0.00195312,10,0,0
shared_noise_fraction,0.2,shared_noise_fraction=0.2,Roumis_ripple_detector,default,ripple,interval,recall,10,0.823529,0.80943,0.842105,-0.00490196,-0.0150306,0.00584226,0.484375,10,0,0
shared_noise_fraction,0.2,shared_noise_fraction=0.2,Shvartsman_ripple_detector,default,ripple,interval,recall,10,0.662745,0.642388,0.683,-0.000980392,-0.0139722,0.0120167,0.804688,10,0,0
shared_noise_fraction,0.2,shared_noise_fraction=0.2,Yu_ripple_detector,default,ripple,interval,recall,10,0.821569,0.801187,0.84166,-0.0264706,-0.0387036,-0.0156243,0.00390625,10,0,0
shared_noise_fraction,0.2,shared_noise_fraction=0.2,Zugaro_ripple_detector,default,ripple,interval,recall,10,0.683333,0.653444,0.711281,0.00784314,-0.00813835,0.0249305,0.488281,10,0,0
shared_noise_fraction,0.2,shared_noise_fraction=0.2,multiunit_HSE_detector,default,burst,interval,recall,10,0.931493,0.917158,0.948138,0,0,0,1,10,0,0
shared_noise_fraction,0.2,shared_noise_fraction=0.2,recipe:ambrose_2016,literature,ripple,interval,recall,10,0.732353,0.70576,0.759644,0.00392157,-0.00376692,0.0119421,0.34375,10,0,0
shared_noise_fraction,0.2,shared_noise_fraction=0.2,recipe:bendor_2012,literature,burst,interval,recall,10,0.669734,0.643002,0.697931,0,0,0,1,10,0,0
shared_noise_fraction,0.2,shared_noise_fraction=0.2,recipe:berners_lee_2021,literature,ripple,interval,recall,10,0.779412,0.756303,0.806386,-0.0107843,-0.0188147,-0.00290656,0.0625,10,0,0
shared_noise_fraction,0.2,shared_noise_fraction=0.2,recipe:berners_lee_2022,literature,burst,interval,recall,10,0.683027,0.657603,0.710964,0,0,0,1,10,0,0
shared_noise_fraction,0.2,shared_noise_fraction=0.2,recipe:bhattarai_2020,literature,network,interval,recall,10,0.386239,0.365106,0.411281,0.00275229,-0.00448029,0.0109213,0.5,10,0,0
shared_noise_fraction,0.2,shared_noise_fraction=0.2,recipe:bhattarai_2020_ripples,literature,ripple,interval,recall,10,0.465686,0.434248,0.500994,0.000980392,-0.00671189,0.0100417,0.75,10,0,0
shared_noise_fraction,0.2,shared_noise_fraction=0.2,recipe:bush_2022,literature,burst,interval,recall,10,0.630879,0.597014,0.668706,0,0,0,1,10,0,0
shared_noise_fraction,0.2,shared_noise_fraction=0.2,recipe:carey_2019,literature,network,interval,recall,10,0.825688,0.807207,0.843298,0,-0.0027248,0.0027077,1,10,0,0
shared_noise_fraction,0.2,shared_noise_fraction=0.2,recipe:carr_2012,literature,ripple,interval,recall,10,0.731373,0.714146,0.750526,0.00686275,0,0.0138764,0.0703125,10,0,0
shared_noise_fraction,0.2,shared_noise_fraction=0.2,recipe:chenani_2019,literature,burst,interval,recall,10,0.686094,0.665608,0.709887,0,0,0,1,10,0,0
shared_noise_fraction,0.2,shared_noise_fraction=0.2,recipe:davidson_2009,literature,burst,interval,recall,10,0.801636,0.785994,0.820324,0,0,0,1,10,0,0
shared_noise_fraction,0.2,shared_noise_fraction=0.2,recipe:davidson_2009_ripples,literature,ripple,peak_containment,recall,10,0.871569,0.845401,0.895208,-0.00392157,-0.0122214,0.00497625,0.492188,10,0,0
shared_noise_fraction,0.2,shared_noise_fraction=0.2,recipe:denovellis_2021,literature,ripple,interval,recall,10,0.82451,0.809979,0.841743,-0.00392157,-0.0163449,0.0091001,0.677734,10,0,0
shared_noise_fraction,0.2,shared_noise_fraction=0.2,recipe:denovellis_2021_mua,literature,burst,interval,recall,10,0.93047,0.916838,0.946485,0,0,0,1,10,0,0
shared_noise_fraction,0.2,shared_noise_fraction=0.2,recipe:diba_2007,literature,burst,interval,recall,10,0.256646,0.22654,0.287224,0,0,0,1,10,0,0
shared_noise_fraction,0.2,shared_noise_fraction=0.2,recipe:drieu_2018,literature,burst,interval,recall,10,0.786299,0.775775,0.797509,0,0,0,1,10,0,0
shared_noise_fraction,0.2,shared_noise_fraction=0.2,recipe:farooq_2019_neuron,literature,burst,interval,recall,10,0.280164,0.243652,0.32154,0,0,0,1,10,0,0
shared_noise_fraction,0.2,shared_noise_fraction=0.2,recipe:farooq_2019_science,literature,burst,interval,recall,10,0.278119,0.242423,0.318476,0,0,0,1,10,0,0
shared_noise_fraction,0.2,shared_noise_fraction=0.2,recipe:farooq_2019_science_awake,literature,burst,interval,recall,10,0.278119,0.242423,0.318476,0,0,0,1,10,0,0
shared_noise_fraction,0.2,shared_noise_fraction=0.2,recipe:foster_2006,literature,burst,interval,recall,10,0.148262,0.127082,0.172862,0,0,0,1,10,0,0
shared_noise_fraction,0.2,shared_noise_fraction=0.2,recipe:foster_2006_ripples,literature,ripple,interval,recall,10,0.0735294,0.0619914,0.083896,-0.000980392,-0.0141518,0.0110553,0.851562,10,0,0
shared_noise_fraction,0.2,shared_noise_fraction=0.2,recipe:gillespie_2021,literature,ripple,interval,recall,10,0.822549,0.807202,0.840745,-0.00490196,-0.0154589,0.00614865,0.5,10,0,0
shared_noise_fraction,0.2,shared_noise_fraction=0.2,recipe:gillespie_2021_mua,literature,burst,interval,recall,10,0.822086,0.803179,0.839827,0,0,0,1,10,0,0
shared_noise_fraction,0.2,shared_noise_fraction=0.2,recipe:gridchyn_2020,literature,burst,interval,recall,10,0.891616,0.874123,0.907524,0,0,0,1,10,0,0
shared_noise_fraction,0.2,shared_noise_fraction=0.2,recipe:grosmark_2016,literature,network,interval,recall,10,0.413761,0.383486,0.446752,-0.00275229,-0.0119277,0.00532943,0.511719,10,0,0
shared_noise_fraction,0.2,shared_noise_fraction=0.2,recipe:gupta_2010,literature,ripple,interval,recall,10,0.79902,0.778214,0.825531,-0.000980392,-0.0152124,0.0122372,0.859375,10,0,0
shared_noise_fraction,0.2,shared_noise_fraction=0.2,recipe:harvey_2023_code,literature,ripple,interval,recall,10,0.493137,0.471511,0.516807,-0.0705882,-0.082387,-0.0566942,0.00195312,10,0,0
shared_noise_fraction,0.2,shared_noise_fraction=0.2,recipe:harvey_2023_no_radiatum,literature,ripple,interval,recall,10,0.60098,0.580933,0.61998,0.00392157,-0.0116035,0.021846,0.796875,10,0,0
shared_noise_fraction,0.2,shared_noise_fraction=0.2,recipe:harvey_2023_text,literature,ripple,interval,recall,10,0.606863,0.587298,0.627838,0.00196078,-0.00894632,0.0124298,0.880859,10,0,0
shared_noise_fraction,0.2,shared_noise_fraction=0.2,recipe:huelin_gorriz_2023,literature,network,interval,recall,10,0.508257,0.483226,0.534822,-0.00275229,-0.00795302,0.00267148,0.34375,10,0,0
shared_noise_fraction,0.2,shared_noise_fraction=0.2,recipe:igata_2021,literature,burst,interval,recall,10,0.932515,0.917901,0.949156,0,0,0,1,10,0,0
shared_noise_fraction,0.2,shared_noise_fraction=0.2,recipe:igata_2021_ripples,literature,ripple,interval,recall,10,0.883333,0.863977,0.902372,0.0107843,-0.00300693,0.0220822,0.189453,10,0,0
shared_noise_fraction,0.2,shared_noise_fraction=0.2,recipe:jadhav_2016,literature,ripple,interval,recall,10,0.593137,0.559362,0.624053,0.00686275,0.0028568,0.0111002,0.03125,10,0,0
shared_noise_fraction,0.2,shared_noise_fraction=0.2,recipe:ji_2007,literature,burst,interval,recall,10,0.700409,0.6305,0.748675,0,0,0,1,10,0,0
shared_noise_fraction,0.2,shared_noise_fraction=0.2,recipe:ji_2007_ripples,literature,ripple,interval,recall,10,0.00490196,0.00100908,0.00902753,0,-0.0027959,0.00293005,1,10,0,0
shared_noise_fraction,0.2,shared_noise_fraction=0.2,recipe:kaefer_2020,literature,ripple,interval,recall,10,0.00980392,0.00516489,0.0146463,-0.000980392,-0.00289303,0,1,10,0,0
shared_noise_fraction,0.2,shared_noise_fraction=0.2,recipe:karlsson_2009,literature,ripple,interval,recall,10,0.731373,0.714146,0.750526,0.00686275,0,0.0138764,0.0703125,10,0,0
shared_noise_fraction,0.2,shared_noise_fraction=0.2,recipe:krause_2022,literature,network,interval,recall,10,0.626606,0.603336,0.649814,0.00642202,0,0.0132711,0.117188,10,0,0
shared_noise_fraction,0.2,shared_noise_fraction=0.2,recipe:krause_2022_hse,literature,burst,interval,recall,10,0.819018,0.797725,0.839959,0,0,0,1,10,0,0
shared_noise_fraction,0.2,shared_noise_fraction=0.2,recipe:kudrimoti_1999,literature,ripple,interval,recall,10,0.022549,0.014155,0.0327727,-0.00196078,-0.00710096,0.00301205,0.5,10,0,0
shared_noise_fraction,0.2,shared_noise_fraction=0.2,recipe:lee_2002,literature,burst,interval,recall,10,0.949898,0.943786,0.955603,0,0,0,1,10,0,0
shared_noise_fraction,0.2,shared_noise_fraction=0.2,recipe:lee_2002_ripples,literature,ripple,interval,recall,10,0.0735294,0.0619914,0.083896,-0.000980392,-0.0141518,0.0110553,0.851562,10,0,0
shared_noise_fraction,0.2,shared_noise_fraction=0.2,recipe:liu_2019,literature,burst,interval,recall,10,0.843558,0.811187,0.87384,0,0,0,1,10,0,0
shared_noise_fraction,0.2,shared_noise_fraction=0.2,recipe:liu_2019_awake,literature,burst,interval,recall,10,0.843558,0.811187,0.87384,0,0,0,1,10,0,0
shared_noise_fraction,0.2,shared_noise_fraction=0.2,recipe:liu_2023,literature,network,interval,recall,10,0.385321,0.36192,0.409013,-0.0458716,-0.0541782,-0.0358828,0.00195312,10,0,0
shared_noise_fraction,0.2,shared_noise_fraction=0.2,recipe:maboudi_2018,literature,burst,interval,recall,10,0.792434,0.774162,0.811442,0,0,0,1,10,0,0
shared_noise_fraction,0.2,shared_noise_fraction=0.2,recipe:maboudi_2018_open_field,literature,burst,interval,recall,10,0.737219,0.716188,0.761011,0,0,0,1,10,0,0
shared_noise_fraction,0.2,shared_noise_fraction=0.2,recipe:mallory_2025,literature,burst,interval,recall,10,0.759714,0.740078,0.779609,0,0,0,1,10,0,0
shared_noise_fraction,0.2,shared_noise_fraction=0.2,recipe:mallory_2025_ripples,literature,ripple,interval,recall,10,0.684314,0.664504,0.707373,-0.00588235,-0.0155121,0.00295058,0.328125,10,0,0
shared_noise_fraction,0.2,shared_noise_fraction=0.2,recipe:michon_2019,literature,network,interval,recall,10,0.268807,0.248781,0.291253,0.0183486,0.00706695,0.0303594,0.0234375,10,0,0
shared_noise_fraction,0.2,shared_noise_fraction=0.2,recipe:michon_2021,literature,network,interval,recall,10,0.268807,0.248781,0.291253,0.0183486,0.00706695,0.0303594,0.0234375,10,0,0
shared_noise_fraction,0.2,shared_noise_fraction=0.2,recipe:mou_2022,literature,burst,interval,recall,10,0.856851,0.829681,0.882724,0,0,0,1,10,0,0
shared_noise_fraction,0.2,shared_noise_fraction=0.2,recipe:muessig_2019,literature,network,interval,recall,10,0.106422,0.0921763,0.120833,0,-0.00361999,0.00368672,1,10,0,0
shared_noise_fraction,0.2,shared_noise_fraction=0.2,recipe:muessig_2019_ripples,literature,ripple,interval,recall,10,0.884314,0.866412,0.901723,0.00882353,-0.00208292,0.0218527,0.175781,10,0,0
shared_noise_fraction,0.2,shared_noise_fraction=0.2,recipe:nadasdy_1999,literature,ripple,interval,recall,10,0.521569,0.495164,0.548289,0.0598039,0.0390537,0.0810537,0.00390625,10,0,0
shared_noise_fraction,0.2,shared_noise_fraction=0.2,recipe:olafsdottir_2015,literature,burst,interval,recall,10,0.676892,0.654822,0.69798,0,0,0,1,10,0,0
shared_noise_fraction,0.2,shared_noise_fraction=0.2,recipe:olafsdottir_2015.bayesian_candidates,literature,burst,interval,recall,10,0.612474,0.58635,0.641136,0,0,0,1,10,0,0
shared_noise_fraction,0.2,shared_noise_fraction=0.2,recipe:olafsdottir_2016,literature,burst,interval,recall,10,0.570552,0.539077,0.609091,0,0,0,1,10,0,0
shared_noise_fraction,0.2,shared_noise_fraction=0.2,recipe:olafsdottir_2017,literature,burst,interval,recall,10,0.760736,0.745657,0.775992,0,0,0,1,10,0,0
shared_noise_fraction,0.2,shared_noise_fraction=0.2,recipe:olafsdottir_2017.trajectory,literature,burst,interval,recall,10,0.570552,0.539077,0.609091,0,0,0,1,10,0,0
shared_noise_fraction,0.2,shared_noise_fraction=0.2,recipe:pfeiffer_2013,literature,burst,interval,recall,10,0.737219,0.716188,0.761011,0,0,0,1,10,0,0
shared_noise_fraction,0.2,shared_noise_fraction=0.2,recipe:pfeiffer_2013_ripples,literature,ripple,interval,recall,10,0.732353,0.70576,0.759644,0.00392157,-0.00376692,0.0119421,0.34375,10,0,0
shared_noise_fraction,0.2,shared_noise_fraction=0.2,recipe:pfeiffer_2015,literature,ripple,interval,recall,10,0.732353,0.70576,0.759644,0.00392157,-0.00376692,0.0119421,0.34375,10,0,0
shared_noise_fraction,0.2,shared_noise_fraction=0.2,recipe:shin_2019,literature,ripple,interval,recall,10,0.731373,0.714146,0.750526,0.00686275,0,0.0138764,0.0703125,10,0,0
shared_noise_fraction,0.2,shared_noise_fraction=0.2,recipe:silva_2015,literature,burst,interval,recall,10,0.619632,0.590956,0.648278,0,0,0,1,10,0,0
shared_noise_fraction,0.2,shared_noise_fraction=0.2,recipe:stella_2019,literature,ripple,interval,recall,10,0.678431,0.661776,0.696375,0.0117647,-0.00203516,0.0272838,0.1875,10,0,0
shared_noise_fraction,0.2,shared_noise_fraction=0.2,recipe:tang_2017,literature,ripple,interval,recall,10,0.731373,0.714146,0.750526,0.00686275,0,0.0138764,0.0703125,10,0,0
shared_noise_fraction,0.2,shared_noise_fraction=0.2,recipe:tirole_2022,literature,network,interval,recall,10,0.508257,0.483226,0.534822,-0.00275229,-0.00795302,0.00267148,0.34375,10,0,0
shared_noise_fraction,0.2,shared_noise_fraction=0.2,recipe:widloski_2025,literature,ripple,interval,recall,10,0.526471,0.490425,0.565902,0.0186275,0.00995942,0.027451,0.00585938,10,0,0
shared_noise_fraction,0.2,shared_noise_fraction=0.2,recipe:widloski_2025_bursts,literature,burst,interval,recall,10,0.529652,0.491013,0.571436,0,0,0,1,10,0,0
shared_noise_fraction,0.2,shared_noise_fraction=0.2,recipe:wikenheiser_2013,literature,ripple,interval,recall,10,0.839216,0.814954,0.860786,0.00686275,-0.00320125,0.0172088,0.3125,10,0,0
shared_noise_fraction,0.2,shared_noise_fraction=0.2,recipe:wu_2014,literature,burst,interval,recall,10,0.862986,0.848921,0.877469,0,0,0,1,10,0,0
shared_noise_fraction,0.2,shared_noise_fraction=0.2,recipe:wu_2014_ripples,literature,ripple,peak_containment,recall,10,0.897059,0.876154,0.917235,-0.000980392,-0.00923101,0.00719462,0.71875,10,0,0
shared_noise_fraction,0.2,shared_noise_fraction=0.2,recipe:wu_2017,literature,burst,interval,recall,10,0.534765,0.509803,0.559125,0,0,0,1,10,0,0
shared_noise_fraction,0.2,shared_noise_fraction=0.2,recipe:xu_2019,literature,burst,interval,recall,10,0.747444,0.729037,0.765482,0,0,0,1,10,0,0
shared_noise_fraction,0.2,shared_noise_fraction=0.2,recipe:yamamoto_2017,literature,network,interval,recall,10,0.555963,0.522704,0.588238,-0.00550459,-0.0113422,0.00181344,0.21875,10,0,0
shared_noise_fraction,0.2,shared_noise_fraction=0.2,recipe:yang_2024,literature,network,interval,recall,10,0.413761,0.383486,0.446752,-0.00275229,-0.0119277,0.00532943,0.511719,10,0,0
shared_noise_fraction,reference,reference,Carey_candidate_detector,default,network,interval,recall,10,0.817431,0.802458,0.834401,0,0,0,1,10,0,0
shared_noise_fraction,reference,reference,Karlsson_ripple_detector,default,ripple,interval,recall,10,0.72451,0.706531,0.74433,0,0,0,1,10,0,0
shared_noise_fraction,reference,reference,Kay_ripple_detector,default,ripple,interval,recall,10,0.827451,0.814342,0.842843,0,0,0,1,10,0,0
shared_noise_fraction,reference,reference,Long_sharp_wave_ripple_detector,default,ripple,interval,recall,10,0.690196,0.666335,0.713389,0,0,0,1,10,0,0
shared_noise_fraction,reference,reference,Roumis_ripple_detector,default,ripple,interval,recall,10,0.828431,0.813977,0.844765,0,0,0,1,10,0,0
shared_noise_fraction,reference,reference,Shvartsman_ripple_detector,default,ripple,interval,recall,10,0.663725,0.64129,0.687835,0,0,0,1,10,0,0
shared_noise_fraction,reference,reference,Yu_ripple_detector,default,ripple,interval,recall,10,0.848039,0.832833,0.865145,0,0,0,1,10,0,0
shared_noise_fraction,reference,reference,Zugaro_ripple_detector,default,ripple,interval,recall,10,0.67549,0.654252,0.696335,0,0,0,1,10,0,0
shared_noise_fraction,reference,reference,multiunit_HSE_detector,default,burst,interval,recall,10,0.931493,0.917158,0.948138,0,0,0,1,10,0,0
shared_noise_fraction,reference,reference,recipe:ambrose_2016,literature,ripple,interval,recall,10,0.728431,0.699812,0.754759,0,0,0,1,10,0,0
shared_noise_fraction,reference,reference,recipe:bendor_2012,literature,burst,interval,recall,10,0.669734,0.643002,0.697931,0,0,0,1,10,0,0
shared_noise_fraction,reference,reference,recipe:berners_lee_2021,literature,ripple,interval,recall,10,0.790196,0.767908,0.813176,0,0,0,1,10,0,0
shared_noise_fraction,reference,reference,recipe:berners_lee_2022,literature,burst,interval,recall,10,0.683027,0.657603,0.710964,0,0,0,1,10,0,0
shared_noise_fraction,reference,reference,recipe:bhattarai_2020,literature,network,interval,recall,10,0.383486,0.36426,0.404432,0,0,0,1,10,0,0
shared_noise_fraction,reference,reference,recipe:bhattarai_2020_ripples,literature,ripple,interval,recall,10,0.464706,0.436362,0.495339,0,0,0,1,10,0,0
shared_noise_fraction,reference,reference,recipe:bush_2022,literature,burst,interval,recall,10,0.630879,0.597014,0.668706,0,0,0,1,10,0,0
shared_noise_fraction,reference,reference,recipe:carey_2019,literature,network,interval,recall,10,0.825688,0.806478,0.843953,0,0,0,1,10,0,0
shared_noise_fraction,reference,reference,recipe:carr_2012,literature,ripple,interval,recall,10,0.72451,0.706531,0.74433,0,0,0,1,10,0,0
shared_noise_fraction,reference,reference,recipe:chenani_2019,literature,burst,interval,recall,10,0.686094,0.665608,0.709887,0,0,0,1,10,0,0
shared_noise_fraction,reference,reference,recipe:davidson_2009,literature,burst,interval,recall,10,0.801636,0.785994,0.820324,0,0,0,1,10,0,0
shared_noise_fraction,reference,reference,recipe:davidson_2009_ripples,literature,ripple,peak_containment,recall,10,0.87549,0.851889,0.898297,0,0,0,1,10,0,0
shared_noise_fraction,reference,reference,recipe:denovellis_2021,literature,ripple,interval,recall,10,0.828431,0.815282,0.842262,0,0,0,1,10,0,0
shared_noise_fraction,reference,reference,recipe:denovellis_2021_mua,literature,burst,interval,recall,10,0.93047,0.916838,0.946485,0,0,0,1,10,0,0
shared_noise_fraction,reference,reference,recipe:diba_2007,literature,burst,interval,recall,10,0.256646,0.22654,0.287224,0,0,0,1,10,0,0
shared_noise_fraction,reference,reference,recipe:drieu_2018,literature,burst,interval,recall,10,0.786299,0.775775,0.797509,0,0,0,1,10,0,0
shared_noise_fraction,reference,reference,recipe:farooq_2019_neuron,literature,burst,interval,recall,10,0.280164,0.243652,0.32154,0,0,0,1,10,0,0
shared_noise_fraction,reference,reference,recipe:farooq_2019_science,literature,burst,interval,recall,10,0.278119,0.242423,0.318476,0,0,0,1,10,0,0
shared_noise_fraction,reference,reference,recipe:farooq_2019_science_awake,literature,burst,interval,recall,10,0.278119,0.242423,0.318476,0,0,0,1,10,0,0
shared_noise_fraction,reference,reference,recipe:foster_2006,literature,burst,interval,recall,10,0.148262,0.127082,0.172862,0,0,0,1,10,0,0
shared_noise_fraction,reference,reference,recipe:foster_2006_ripples,literature,ripple,interval,recall,10,0.0745098,0.0613481,0.0878934,0,0,0,1,10,0,0
shared_noise_fraction,reference,reference,recipe:gillespie_2021,literature,ripple,interval,recall,10,0.827451,0.814342,0.842843,0,0,0,1,10,0,0
shared_noise_fraction,reference,reference,recipe:gillespie_2021_mua,literature,burst,interval,recall,10,0.822086,0.803179,0.839827,0,0,0,1,10,0,0
shared_noise_fraction,reference,reference,recipe:gridchyn_2020,literature,burst,interval,recall,10,0.891616,0.874123,0.907524,0,0,0,1,10,0,0
shared_noise_fraction,reference,reference,recipe:grosmark_2016,literature,network,interval,recall,10,0.416514,0.386402,0.448061,0,0,0,1,10,0,0
shared_noise_fraction,reference,reference,recipe:gupta_2010,literature,ripple,interval,recall,10,0.8,0.777446,0.828924,0,0,0,1,10,0,0
shared_noise_fraction,reference,reference,recipe:harvey_2023_code,literature,ripple,interval,recall,10,0.563725,0.539941,0.588474,0,0,0,1,10,0,0
shared_noise_fraction,reference,reference,recipe:harvey_2023_no_radiatum,literature,ripple,interval,recall,10,0.597059,0.577734,0.617905,0,0,0,1,10,0,0
shared_noise_fraction,reference,reference,recipe:harvey_2023_text,literature,ripple,interval,recall,10,0.604902,0.587255,0.62526,0,0,0,1,10,0,0
shared_noise_fraction,reference,reference,recipe:huelin_gorriz_2023,literature,network,interval,recall,10,0.511009,0.483133,0.539768,0,0,0,1,10,0,0
shared_noise_fraction,reference,reference,recipe:igata_2021,literature,burst,interval,recall,10,0.932515,0.917901,0.949156,0,0,0,1,10,0,0
shared_noise_fraction,reference,reference,recipe:igata_2021_ripples,literature,ripple,interval,recall,10,0.872549,0.855652,0.890613,0,0,0,1,10,0,0
shared_noise_fraction,reference,reference,recipe:jadhav_2016,literature,ripple,interval,recall,10,0.586275,0.554419,0.616468,0,0,0,1,10,0,0
shared_noise_fraction,reference,reference,recipe:ji_2007,literature,burst,interval,recall,10,0.700409,0.6305,0.748675,0,0,0,1,10,0,0
shared_noise_fraction,reference,reference,recipe:ji_2007_ripples,literature,ripple,interval,recall,10,0.00490196,0.00101623,0.00883243,0,0,0,1,10,0,0
shared_noise_fraction,reference,reference,recipe:kaefer_2020,literature,ripple,interval,recall,10,0.0107843,0.00584212,0.0155603,0,0,0,1,10,0,0
shared_noise_fraction,reference,reference,recipe:karlsson_2009,literature,ripple,interval,recall,10,0.72451,0.706531,0.74433,0,0,0,1,10,0,0
shared_noise_fraction,reference,reference,recipe:krause_2022,literature,network,interval,recall,10,0.620183,0.594116,0.645529,0,0,0,1,10,0,0
shared_noise_fraction,reference,reference,recipe:krause_2022_hse,literature,burst,interval,recall,10,0.819018,0.797725,0.839959,0,0,0,1,10,0,0
shared_noise_fraction,reference,reference,recipe:kudrimoti_1999,literature,ripple,interval,recall,10,0.0245098,0.0174466,0.0338271,0,0,0,1,10,0,0
shared_noise_fraction,reference,reference,recipe:lee_2002,literature,burst,interval,recall,10,0.949898,0.943786,0.955603,0,0,0,1,10,0,0
shared_noise_fraction,reference,reference,recipe:lee_2002_ripples,literature,ripple,interval,recall,10,0.0745098,0.0613481,0.0878934,0,0,0,1,10,0,0
shared_noise_fraction,reference,reference,recipe:liu_2019,literature,burst,interval,recall,10,0.843558,0.811187,0.87384,0,0,0,1,10,0,0
shared_noise_fraction,reference,reference,recipe:liu_2019_awake,literature,burst,interval,recall,10,0.843558,0.811187,0.87384,0,0,0,1,10,0,0
shared_noise_fraction,reference,reference,recipe:liu_2023,literature,network,interval,recall,10,0.431193,0.411239,0.451816,0,0,0,1,10,0,0
shared_noise_fraction,reference,reference,recipe:maboudi_2018,literature,burst,interval,recall,10,0.792434,0.774162,0.811442,0,0,0,1,10,0,0
shared_noise_fraction,reference,reference,recipe:maboudi_2018_open_field,literature,burst,interval,recall,10,0.737219,0.716188,0.761011,0,0,0,1,10,0,0
shared_noise_fraction,reference,reference,recipe:mallory_2025,literature,burst,interval,recall,10,0.759714,0.740078,0.779609,0,0,0,1,10,0,0
shared_noise_fraction,reference,reference,recipe:mallory_2025_ripples,literature,ripple,interval,recall,10,0.690196,0.668886,0.712691,0,0,0,1,10,0,0
shared_noise_fraction,reference,reference,recipe:michon_2019,literature,network,interval,recall,10,0.250459,0.224122,0.276924,0,0,0,1,10,0,0
shared_noise_fraction,reference,reference,recipe:michon_2021,literature,network,interval,recall,10,0.250459,0.224122,0.276924,0,0,0,1,10,0,0
shared_noise_fraction,reference,reference,recipe:mou_2022,literature,burst,interval,recall,10,0.856851,0.829681,0.882724,0,0,0,1,10,0,0
shared_noise_fraction,reference,reference,recipe:muessig_2019,literature,network,interval,recall,10,0.106422,0.091568,0.12113,0,0,0,1,10,0,0
shared_noise_fraction,reference,reference,recipe:muessig_2019_ripples,literature,ripple,interval,recall,10,0.87549,0.854298,0.894141,0,0,0,1,10,0,0
shared_noise_fraction,reference,reference,recipe:nadasdy_1999,literature,ripple,interval,recall,10,0.461765,0.441114,0.485717,0,0,0,1,10,0,0
shared_noise_fraction,reference,reference,recipe:olafsdottir_2015,literature,burst,interval,recall,10,0.676892,0.654822,0.69798,0,0,0,1,10,0,0
shared_noise_fraction,reference,reference,recipe:olafsdottir_2015.bayesian_candidates,literature,burst,interval,recall,10,0.612474,0.58635,0.641136,0,0,0,1,10,0,0
shared_noise_fraction,reference,reference,recipe:olafsdottir_2016,literature,burst,interval,recall,10,0.570552,0.539077,0.609091,0,0,0,1,10,0,0
shared_noise_fraction,reference,reference,recipe:olafsdottir_2017,literature,burst,interval,recall,10,0.760736,0.745657,0.775992,0,0,0,1,10,0,0
shared_noise_fraction,reference,reference,recipe:olafsdottir_2017.trajectory,literature,burst,interval,recall,10,0.570552,0.539077,0.609091,0,0,0,1,10,0,0
shared_noise_fraction,reference,reference,recipe:pfeiffer_2013,literature,burst,interval,recall,10,0.737219,0.716188,0.761011,0,0,0,1,10,0,0
shared_noise_fraction,reference,reference,recipe:pfeiffer_2013_ripples,literature,ripple,interval,recall,10,0.728431,0.699812,0.754759,0,0,0,1,10,0,0
shared_noise_fraction,reference,reference,recipe:pfeiffer_2015,literature,ripple,interval,recall,10,0.728431,0.699812,0.754759,0,0,0,1,10,0,0
shared_noise_fraction,reference,reference,recipe:shin_2019,literature,ripple,interval,recall,10,0.72451,0.706531,0.74433,0,0,0,1,10,0,0
shared_noise_fraction,reference,reference,recipe:silva_2015,literature,burst,interval,recall,10,0.619632,0.590956,0.648278,0,0,0,1,10,0,0
shared_noise_fraction,reference,reference,recipe:stella_2019,literature,ripple,interval,recall,10,0.666667,0.649493,0.685394,0,0,0,1,10,0,0
shared_noise_fraction,reference,reference,recipe:tang_2017,literature,ripple,interval,recall,10,0.72451,0.706531,0.74433,0,0,0,1,10,0,0
shared_noise_fraction,reference,reference,recipe:tirole_2022,literature,network,interval,recall,10,0.511009,0.483133,0.539768,0,0,0,1,10,0,0
shared_noise_fraction,reference,reference,recipe:widloski_2025,literature,ripple,interval,recall,10,0.507843,0.469984,0.54879,0,0,0,1,10,0,0
shared_noise_fraction,reference,reference,recipe:widloski_2025_bursts,literature,burst,interval,recall,10,0.529652,0.491013,0.571436,0,0,0,1,10,0,0
shared_noise_fraction,reference,reference,recipe:wikenheiser_2013,literature,ripple,interval,recall,10,0.832353,0.80594,0.860302,0,0,0,1,10,0,0
shared_noise_fraction,reference,reference,recipe:wu_2014,literature,burst,interval,recall,10,0.862986,0.848921,0.877469,0,0,0,1,10,0,0
shared_noise_fraction,reference,reference,recipe:wu_2014_ripples,literature,ripple,peak_containment,recall,10,0.898039,0.880974,0.916923,0,0,0,1,10,0,0
shared_noise_fraction,reference,reference,recipe:wu_2017,literature,burst,interval,recall,10,0.534765,0.509803,0.559125,0,0,0,1,10,0,0
shared_noise_fraction,reference,reference,recipe:xu_2019,literature,burst,interval,recall,10,0.747444,0.729037,0.765482,0,0,0,1,10,0,0
shared_noise_fraction,reference,reference,recipe:yamamoto_2017,literature,network,interval,recall,10,0.561468,0.529566,0.596138,0,0,0,1,10,0,0
shared_noise_fraction,reference,reference,recipe:yang_2024,literature,network,interval,recall,10,0.416514,0.386402,0.448061,0,0,0,1,10,0,0
shared_noise_fraction,0.8,shared_noise_fraction=0.8,Carey_candidate_detector,default,network,interval,recall,10,0.820183,0.804105,0.83904,0.00275229,-0.000884956,0.00662283,0.125,10,0,0
shared_noise_fraction,0.8,shared_noise_fraction=0.8,Karlsson_ripple_detector,default,ripple,interval,recall,10,0.69902,0.676991,0.722457,-0.0254902,-0.0393112,-0.0129071,0.0117188,10,0,0
shared_noise_fraction,0.8,shared_noise_fraction=0.8,Kay_ripple_detector,default,ripple,interval,recall,10,0.810784,0.79559,0.829217,-0.0166667,-0.0286054,-0.00384227,0.0429688,10,0,0
shared_noise_fraction,0.8,shared_noise_fraction=0.8,Long_sharp_wave_ripple_detector,default,ripple,interval,recall,10,0.767647,0.752089,0.781282,0.077451,0.059203,0.0958254,0.00195312,10,0,0
shared_noise_fraction,0.8,shared_noise_fraction=0.8,Roumis_ripple_detector,default,ripple,interval,recall,10,0.810784,0.795493,0.828608,-0.0176471,-0.0308202,-0.00521269,0.0273438,10,0,0
shared_noise_fraction,0.8,shared_noise_fraction=0.8,Shvartsman_ripple_detector,default,ripple,interval,recall,10,0.664706,0.641803,0.68793,0.000980392,-0.00984423,0.0112245,0.882812,10,0,0
shared_noise_fraction,0.8,shared_noise_fraction=0.8,Yu_ripple_detector,default,ripple,interval,recall,10,0.864706,0.847645,0.880671,0.0166667,0.00384588,0.0294426,0.0390625,10,0,0
shared_noise_fraction,0.8,shared_noise_fraction=0.8,Zugaro_ripple_detector,default,ripple,interval,recall,10,0.666667,0.640324,0.692728,-0.00882353,-0.0209537,0.00285073,0.222656,10,0,0
shared_noise_fraction,0.8,shared_noise_fraction=0.8,multiunit_HSE_detector,default,burst,interval,recall,10,0.931493,0.917158,0.948138,0,0,0,1,10,0,0
shared_noise_fraction,0.8,shared_noise_fraction=0.8,recipe:ambrose_2016,literature,ripple,interval,recall,10,0.715686,0.696153,0.736948,-0.0127451,-0.0261693,0.00202634,0.146484,10,0,0
shared_noise_fraction,0.8,shared_noise_fraction=0.8,recipe:bendor_2012,literature,burst,interval,recall,10,0.669734,0.643002,0.697931,0,0,0,1,10,0,0
shared_noise_fraction,0.8,shared_noise_fraction=0.8,recipe:berners_lee_2021,literature,ripple,interval,recall,10,0.794118,0.768618,0.819981,0.00392157,-0.00202434,0.0125244,0.75,10,0,0
shared_noise_fraction,0.8,shared_noise_fraction=0.8,recipe:berners_lee_2022,literature,burst,interval,recall,10,0.683027,0.657603,0.710964,0,0,0,1,10,0,0
shared_noise_fraction,0.8,shared_noise_fraction=0.8,recipe:bhattarai_2020,literature,network,interval,recall,10,0.372477,0.35305,0.392188,-0.0110092,-0.0171103,-0.00531915,0.015625,10,0,0
shared_noise_fraction,0.8,shared_noise_fraction=0.8,recipe:bhattarai_2020_ripples,literature,ripple,interval,recall,10,0.453922,0.426754,0.480911,-0.0107843,-0.0225568,-0.000938064,0.078125,10,0,0
shared_noise_fraction,0.8,shared_noise_fraction=0.8,recipe:bush_2022,literature,burst,interval,recall,10,0.630879,0.597014,0.668706,0,0,0,1,10,0,0
shared_noise_fraction,0.8,shared_noise_fraction=0.8,recipe:carey_2019,literature,network,interval,recall,10,0.825688,0.807474,0.843423,0,-0.00373491,0.00357478,0.75,10,0,0
shared_noise_fraction,0.8,shared_noise_fraction=0.8,recipe:carr_2012,literature,ripple,interval,recall,10,0.69902,0.676991,0.722457,-0.0254902,-0.0393112,-0.0129071,0.0117188,10,0,0
shared_noise_fraction,0.8,shared_noise_fraction=0.8,recipe:chenani_2019,literature,burst,interval,recall,10,0.686094,0.665608,0.709887,0,0,0,1,10,0,0
shared_noise_fraction,0.8,shared_noise_fraction=0.8,recipe:davidson_2009,literature,burst,interval,recall,10,0.801636,0.785994,0.820324,0,0,0,1,10,0,0
shared_noise_fraction,0.8,shared_noise_fraction=0.8,recipe:davidson_2009_ripples,literature,ripple,peak_containment,recall,10,0.856863,0.831823,0.878525,-0.0186275,-0.0308035,-0.00942485,0.0078125,10,0,0
shared_noise_fraction,0.8,shared_noise_fraction=0.8,recipe:denovellis_2021,literature,ripple,interval,recall,10,0.805882,0.788104,0.825175,-0.022549,-0.0314186,-0.0114723,0.0117188,10,0,0
shared_noise_fraction,0.8,shared_noise_fraction=0.8,recipe:denovellis_2021_mua,literature,burst,interval,recall,10,0.93047,0.916838,0.946485,0,0,0,1,10,0,0
shared_noise_fraction,0.8,shared_noise_fraction=0.8,recipe:diba_2007,literature,burst,interval,recall,10,0.256646,0.22654,0.287224,0,0,0,1,10,0,0
shared_noise_fraction,0.8,shared_noise_fraction=0.8,recipe:drieu_2018,literature,burst,interval,recall,10,0.786299,0.775775,0.797509,0,0,0,1,10,0,0
shared_noise_fraction,0.8,shared_noise_fraction=0.8,recipe:farooq_2019_neuron,literature,burst,interval,recall,10,0.280164,0.243652,0.32154,0,0,0,1,10,0,0
shared_noise_fraction,0.8,shared_noise_fraction=0.8,recipe:farooq_2019_science,literature,burst,interval,recall,10,0.278119,0.242423,0.318476,0,0,0,1,10,0,0
shared_noise_fraction,0.8,shared_noise_fraction=0.8,recipe:farooq_2019_science_awake,literature,burst,interval,recall,10,0.278119,0.242423,0.318476,0,0,0,1,10,0,0
shared_noise_fraction,0.8,shared_noise_fraction=0.8,recipe:foster_2006,literature,burst,interval,recall,10,0.148262,0.127082,0.172862,0,0,0,1,10,0,0
shared_noise_fraction,0.8,shared_noise_fraction=0.8,recipe:foster_2006_ripples,literature,ripple,interval,recall,10,0.077451,0.061046,0.096427,0.00294118,-0.00578634,0.012321,0.449219,10,0,0
shared_noise_fraction,0.8,shared_noise_fraction=0.8,recipe:gillespie_2021,literature,ripple,interval,recall,10,0.810784,0.79559,0.829217,-0.0166667,-0.0286054,-0.00384227,0.0429688,10,0,0
shared_noise_fraction,0.8,shared_noise_fraction=0.8,recipe:gillespie_2021_mua,literature,burst,interval,recall,10,0.822086,0.803179,0.839827,0,0,0,1,10,0,0
shared_noise_fraction,0.8,shared_noise_fraction=0.8,recipe:gridchyn_2020,literature,burst,interval,recall,10,0.891616,0.874123,0.907524,0,0,0,1,10,0,0
shared_noise_fraction,0.8,shared_noise_fraction=0.8,recipe:grosmark_2016,literature,network,interval,recall,10,0.417431,0.389837,0.445051,0.000917431,-0.011227,0.0150553,0.914062,10,0,0
shared_noise_fraction,0.8,shared_noise_fraction=0.8,recipe:gupta_2010,literature,ripple,interval,recall,10,0.752941,0.729203,0.780021,-0.0470588,-0.0567476,-0.0387883,0.00195312,10,0,0
shared_noise_fraction,0.8,shared_noise_fraction=0.8,recipe:harvey_2023_code,literature,ripple,interval,recall,10,0.62549,0.600402,0.646513,0.0617647,0.0455852,0.0788272,0.00195312,10,0,0
shared_noise_fraction,0.8,shared_noise_fraction=0.8,recipe:harvey_2023_no_radiatum,literature,ripple,interval,recall,10,0.619608,0.583969,0.651186,0.022549,-0.000975753,0.0435674,0.078125,10,0,0
shared_noise_fraction,0.8,shared_noise_fraction=0.8,recipe:harvey_2023_text,literature,ripple,interval,recall,10,0.593137,0.570847,0.614688,-0.0117647,-0.029583,0.00277034,0.210938,10,0,0
shared_noise_fraction,0.8,shared_noise_fraction=0.8,recipe:huelin_gorriz_2023,literature,network,interval,recall,10,0.50367,0.476732,0.531404,-0.00733945,-0.0176592,0,0.078125,10,0,0
shared_noise_fraction,0.8,shared_noise_fraction=0.8,recipe:igata_2021,literature,burst,interval,recall,10,0.932515,0.917901,0.949156,0,0,0,1,10,0,0
shared_noise_fraction,0.8,shared_noise_fraction=0.8,recipe:igata_2021_ripples,literature,ripple,interval,recall,10,0.829412,0.811835,0.846911,-0.0431373,-0.0546196,-0.0344497,0.00195312,10,0,0
shared_noise_fraction,0.8,shared_noise_fraction=0.8,recipe:jadhav_2016,literature,ripple,interval,recall,10,0.563725,0.530606,0.597571,-0.022549,-0.0289883,-0.0137486,0.00390625,10,0,0
shared_noise_fraction,0.8,shared_noise_fraction=0.8,recipe:ji_2007,literature,burst,interval,recall,10,0.700409,0.6305,0.748675,0,0,0,1,10,0,0
shared_noise_fraction,0.8,shared_noise_fraction=0.8,recipe:ji_2007_ripples,literature,ripple,interval,recall,10,0.00490196,0.00101623,0.00883243,0,0,0,1,10,0,0
shared_noise_fraction,0.8,shared_noise_fraction=0.8,recipe:kaefer_2020,literature,ripple,interval,recall,10,0.00980392,0.00515969,0.0143956,-0.000980392,-0.003003,0,1,10,0,0
shared_noise_fraction,0.8,shared_noise_fraction=0.8,recipe:karlsson_2009,literature,ripple,interval,recall,10,0.69902,0.676991,0.722457,-0.0254902,-0.0393112,-0.0129071,0.0117188,10,0,0
shared_noise_fraction,0.8,shared_noise_fraction=0.8,recipe:krause_2022,literature,network,interval,recall,10,0.604587,0.584499,0.623745,-0.0155963,-0.0285218,-0.00176488,0.0625,10,0,0
shared_noise_fraction,0.8,shared_noise_fraction=0.8,recipe:krause_2022_hse,literature,burst,interval,recall,10,0.819018,0.797725,0.839959,0,0,0,1,10,0,0
shared_noise_fraction,0.8,shared_noise_fraction=0.8,recipe:kudrimoti_1999,literature,ripple,interval,recall,10,0.0254902,0.0158726,0.0353633,0.000980392,-0.0040569,0.00568345,1,10,0,0
shared_noise_fraction,0.8,shared_noise_fraction=0.8,recipe:lee_2002,literature,burst,interval,recall,10,0.949898,0.943786,0.955603,0,0,0,1,10,0,0
shared_noise_fraction,0.8,shared_noise_fraction=0.8,recipe:lee_2002_ripples,literature,ripple,interval,recall,10,0.077451,0.061046,0.096427,0.00294118,-0.00578634,0.012321,0.449219,10,0,0
shared_noise_fraction,0.8,shared_noise_fraction=0.8,recipe:liu_2019,literature,burst,interval,recall,10,0.843558,0.811187,0.87384,0,0,0,1,10,0,0
shared_noise_fraction,0.8,shared_noise_fraction=0.8,recipe:liu_2019_awake,literature,burst,interval,recall,10,0.843558,0.811187,0.87384,0,0,0,1,10,0,0
shared_noise_fraction,0.8,shared_noise_fraction=0.8,recipe:liu_2023,literature,network,interval,recall,10,0.465138,0.446748,0.484202,0.033945,0.0250218,0.0434372,0.00195312,10,0,0
shared_noise_fraction,0.8,shared_noise_fraction=0.8,recipe:maboudi_2018,literature,burst,interval,recall,10,0.792434,0.774162,0.811442,0,0,0,1,10,0,0
shared_noise_fraction,0.8,shared_noise_fraction=0.8,recipe:maboudi_2018_open_field,literature,burst,interval,recall,10,0.737219,0.716188,0.761011,0,0,0,1,10,0,0
shared_noise_fraction,0.8,shared_noise_fraction=0.8,recipe:mallory_2025,literature,burst,interval,recall,10,0.759714,0.740078,0.779609,0,0,0,1,10,0,0
shared_noise_fraction,0.8,shared_noise_fraction=0.8,recipe:mallory_2025_ripples,literature,ripple,interval,recall,10,0.682353,0.659533,0.707001,-0.00784314,-0.0170179,0,0.1875,10,0,0
shared_noise_fraction,0.8,shared_noise_fraction=0.8,recipe:michon_2019,literature,network,interval,recall,10,0.209174,0.187435,0.230275,-0.0412844,-0.0512844,-0.031164,0.00195312,10,0,0
shared_noise_fraction,0.8,shared_noise_fraction=0.8,recipe:michon_2021,literature,network,interval,recall,10,0.209174,0.187435,0.230275,-0.0412844,-0.0512844,-0.031164,0.00195312,10,0,0
shared_noise_fraction,0.8,shared_noise_fraction=0.8,recipe:mou_2022,literature,burst,interval,recall,10,0.856851,0.829681,0.882724,0,0,0,1,10,0,0
shared_noise_fraction,0.8,shared_noise_fraction=0.8,recipe:muessig_2019,literature,network,interval,recall,10,0.109174,0.0943048,0.125245,0.00275229,-0.000961608,0.00754735,0.375,10,0,0
shared_noise_fraction,0.8,shared_noise_fraction=0.8,recipe:muessig_2019_ripples,literature,ripple,interval,recall,10,0.885294,0.871033,0.902031,0.00980392,-0.00100404,0.0211077,0.15625,10,0,0
shared_noise_fraction,0.8,shared_noise_fraction=0.8,recipe:nadasdy_1999,literature,ripple,interval,recall,10,0.343137,0.315538,0.376987,-0.118627,-0.130518,-0.105697,0.00195312,10,0,0
shared_noise_fraction,0.8,shared_noise_fraction=0.8,recipe:olafsdottir_2015,literature,burst,interval,recall,10,0.676892,0.654822,0.69798,0,0,0,1,10,0,0
shared_noise_fraction,0.8,shared_noise_fraction=0.8,recipe:olafsdottir_2015.bayesian_candidates,literature,burst,interval,recall,10,0.612474,0.58635,0.641136,0,0,0,1,10,0,0
shared_noise_fraction,0.8,shared_noise_fraction=0.8,recipe:olafsdottir_2016,literature,burst,interval,recall,10,0.570552,0.539077,0.609091,0,0,0,1,10,0,0
shared_noise_fraction,0.8,shared_noise_fraction=0.8,recipe:olafsdottir_2017,literature,burst,interval,recall,10,0.760736,0.745657,0.775992,0,0,0,1,10,0,0
shared_noise_fraction,0.8,shared_noise_fraction=0.8,recipe:olafsdottir_2017.trajectory,literature,burst,interval,recall,10,0.570552,0.539077,0.609091,0,0,0,1,10,0,0
shared_noise_fraction,0.8,shared_noise_fraction=0.8,recipe:pfeiffer_2013,literature,burst,interval,recall,10,0.737219,0.716188,0.761011,0,0,0,1,10,0,0
shared_noise_fraction,0.8,shared_noise_fraction=0.8,recipe:pfeiffer_2013_ripples,literature,ripple,interval,recall,10,0.715686,0.696153,0.736948,-0.0127451,-0.0261693,0.00202634,0.146484,10,0,0
shared_noise_fraction,0.8,shared_noise_fraction=0.8,recipe:pfeiffer_2015,literature,ripple,interval,recall,10,0.715686,0.696153,0.736948,-0.0127451,-0.0261693,0.00202634,0.146484,10,0,0
shared_noise_fraction,0.8,shared_noise_fraction=0.8,recipe:shin_2019,literature,ripple,interval,recall,10,0.69902,0.676991,0.722457,-0.0254902,-0.0393112,-0.0129071,0.0117188,10,0,0
shared_noise_fraction,0.8,shared_noise_fraction=0.8,recipe:silva_2015,literature,burst,interval,recall,10,0.619632,0.590956,0.648278,0,0,0,1,10,0,0
shared_noise_fraction,0.8,shared_noise_fraction=0.8,recipe:stella_2019,literature,ripple,interval,recall,10,0.62451,0.603698,0.646617,-0.0421569,-0.0536984,-0.0317572,0.00195312,10,0,0
shared_noise_fraction,0.8,shared_noise_fraction=0.8,recipe:tang_2017,literature,ripple,interval,recall,10,0.69902,0.676991,0.722457,-0.0254902,-0.0393112,-0.0129071,0.0117188,10,0,0
shared_noise_fraction,0.8,shared_noise_fraction=0.8,recipe:tirole_2022,literature,network,interval,recall,10,0.50367,0.476732,0.531404,-0.00733945,-0.0176592,0,0.078125,10,0,0
shared_noise_fraction,0.8,shared_noise_fraction=0.8,recipe:widloski_2025,literature,ripple,interval,recall,10,0.489216,0.451986,0.534647,-0.0186275,-0.0330418,-0.00506985,0.03125,10,0,0
shared_noise_fraction,0.8,shared_noise_fraction=0.8,recipe:widloski_2025_bursts,literature,burst,interval,recall,10,0.529652,0.491013,0.571436,0,0,0,1,10,0,0
shared_noise_fraction,0.8,shared_noise_fraction=0.8,recipe:wikenheiser_2013,literature,ripple,interval,recall,10,0.802941,0.772941,0.833873,-0.0294118,-0.0385701,-0.0201816,0.00195312,10,0,0
shared_noise_fraction,0.8,shared_noise_fraction=0.8,recipe:wu_2014,literature,burst,interval,recall,10,0.862986,0.848921,0.877469,0,0,0,1,10,0,0
shared_noise_fraction,0.8,shared_noise_fraction=0.8,recipe:wu_2014_ripples,literature,ripple,peak_containment,recall,10,0.886275,0.871951,0.898114,-0.0117647,-0.0269737,0,0.09375,10,0,0
shared_noise_fraction,0.8,shared_noise_fraction=0.8,recipe:wu_2017,literature,burst,interval,recall,10,0.534765,0.509803,0.559125,0,0,0,1,10,0,0
shared_noise_fraction,0.8,shared_noise_fraction=0.8,recipe:xu_2019,literature,burst,interval,recall,10,0.747444,0.729037,0.765482,0,0,0,1,10,0,0
shared_noise_fraction,0.8,shared_noise_fraction=0.8,recipe:yamamoto_2017,literature,network,interval,recall,10,0.566055,0.537788,0.593668,0.00458716,-0.00364307,0.012763,0.3125,10,0,0
shared_noise_fraction,0.8,shared_noise_fraction=0.8,recipe:yang_2024,literature,network,interval,recall,10,0.417431,0.389837,0.445051,0.000917431,-0.011227,0.0150553,0.914062,10,0,0
noise_type,reference,reference,Carey_candidate_detector,default,network,interval,recall,10,0.817431,0.802458,0.834401,0,0,0,1,10,0,0
noise_type,reference,reference,Karlsson_ripple_detector,default,ripple,interval,recall,10,0.72451,0.706531,0.74433,0,0,0,1,10,0,0
noise_type,reference,reference,Kay_ripple_detector,default,ripple,interval,recall,10,0.827451,0.814342,0.842843,0,0,0,1,10,0,0
noise_type,reference,reference,Long_sharp_wave_ripple_detector,default,ripple,interval,recall,10,0.690196,0.666335,0.713389,0,0,0,1,10,0,0
noise_type,reference,reference,Roumis_ripple_detector,default,ripple,interval,recall,10,0.828431,0.813977,0.844765,0,0,0,1,10,0,0
noise_type,reference,reference,Shvartsman_ripple_detector,default,ripple,interval,recall,10,0.663725,0.64129,0.687835,0,0,0,1,10,0,0
noise_type,reference,reference,Yu_ripple_detector,default,ripple,interval,recall,10,0.848039,0.832833,0.865145,0,0,0,1,10,0,0
noise_type,reference,reference,Zugaro_ripple_detector,default,ripple,interval,recall,10,0.67549,0.654252,0.696335,0,0,0,1,10,0,0
noise_type,reference,reference,multiunit_HSE_detector,default,burst,interval,recall,10,0.931493,0.917158,0.948138,0,0,0,1,10,0,0
noise_type,reference,reference,recipe:ambrose_2016,literature,ripple,interval,recall,10,0.728431,0.699812,0.754759,0,0,0,1,10,0,0
noise_type,reference,reference,recipe:bendor_2012,literature,burst,interval,recall,10,0.669734,0.643002,0.697931,0,0,0,1,10,0,0
noise_type,reference,reference,recipe:berners_lee_2021,literature,ripple,interval,recall,10,0.790196,0.767908,0.813176,0,0,0,1,10,0,0
noise_type,reference,reference,recipe:berners_lee_2022,literature,burst,interval,recall,10,0.683027,0.657603,0.710964,0,0,0,1,10,0,0
noise_type,reference,reference,recipe:bhattarai_2020,literature,network,interval,recall,10,0.383486,0.36426,0.404432,0,0,0,1,10,0,0
noise_type,reference,reference,recipe:bhattarai_2020_ripples,literature,ripple,interval,recall,10,0.464706,0.436362,0.495339,0,0,0,1,10,0,0
noise_type,reference,reference,recipe:bush_2022,literature,burst,interval,recall,10,0.630879,0.597014,0.668706,0,0,0,1,10,0,0
noise_type,reference,reference,recipe:carey_2019,literature,network,interval,recall,10,0.825688,0.806478,0.843953,0,0,0,1,10,0,0
noise_type,reference,reference,recipe:carr_2012,literature,ripple,interval,recall,10,0.72451,0.706531,0.74433,0,0,0,1,10,0,0
noise_type,reference,reference,recipe:chenani_2019,literature,burst,interval,recall,10,0.686094,0.665608,0.709887,0,0,0,1,10,0,0
noise_type,reference,reference,recipe:davidson_2009,literature,burst,interval,recall,10,0.801636,0.785994,0.820324,0,0,0,1,10,0,0
noise_type,reference,reference,recipe:davidson_2009_ripples,literature,ripple,peak_containment,recall,10,0.87549,0.851889,0.898297,0,0,0,1,10,0,0
noise_type,reference,reference,recipe:denovellis_2021,literature,ripple,interval,recall,10,0.828431,0.815282,0.842262,0,0,0,1,10,0,0
noise_type,reference,reference,recipe:denovellis_2021_mua,literature,burst,interval,recall,10,0.93047,0.916838,0.946485,0,0,0,1,10,0,0
noise_type,reference,reference,recipe:diba_2007,literature,burst,interval,recall,10,0.256646,0.22654,0.287224,0,0,0,1,10,0,0
noise_type,reference,reference,recipe:drieu_2018,literature,burst,interval,recall,10,0.786299,0.775775,0.797509,0,0,0,1,10,0,0
noise_type,reference,reference,recipe:farooq_2019_neuron,literature,burst,interval,recall,10,0.280164,0.243652,0.32154,0,0,0,1,10,0,0
noise_type,reference,reference,recipe:farooq_2019_science,literature,burst,interval,recall,10,0.278119,0.242423,0.318476,0,0,0,1,10,0,0
noise_type,reference,reference,recipe:farooq_2019_science_awake,literature,burst,interval,recall,10,0.278119,0.242423,0.318476,0,0,0,1,10,0,0
noise_type,reference,reference,recipe:foster_2006,literature,burst,interval,recall,10,0.148262,0.127082,0.172862,0,0,0,1,10,0,0
noise_type,reference,reference,recipe:foster_2006_ripples,literature,ripple,interval,recall,10,0.0745098,0.0613481,0.0878934,0,0,0,1,10,0,0
noise_type,reference,reference,recipe:gillespie_2021,literature,ripple,interval,recall,10,0.827451,0.814342,0.842843,0,0,0,1,10,0,0
noise_type,reference,reference,recipe:gillespie_2021_mua,literature,burst,interval,recall,10,0.822086,0.803179,0.839827,0,0,0,1,10,0,0
noise_type,reference,reference,recipe:gridchyn_2020,literature,burst,interval,recall,10,0.891616,0.874123,0.907524,0,0,0,1,10,0,0
noise_type,reference,reference,recipe:grosmark_2016,literature,network,interval,recall,10,0.416514,0.386402,0.448061,0,0,0,1,10,0,0
noise_type,reference,reference,recipe:gupta_2010,literature,ripple,interval,recall,10,0.8,0.777446,0.828924,0,0,0,1,10,0,0
noise_type,reference,reference,recipe:harvey_2023_code,literature,ripple,interval,recall,10,0.563725,0.539941,0.588474,0,0,0,1,10,0,0
noise_type,reference,reference,recipe:harvey_2023_no_radiatum,literature,ripple,interval,recall,10,0.597059,0.577734,0.617905,0,0,0,1,10,0,0
noise_type,reference,reference,recipe:harvey_2023_text,literature,ripple,interval,recall,10,0.604902,0.587255,0.62526,0,0,0,1,10,0,0
noise_type,reference,reference,recipe:huelin_gorriz_2023,literature,network,interval,recall,10,0.511009,0.483133,0.539768,0,0,0,1,10,0,0
noise_type,reference,reference,recipe:igata_2021,literature,burst,interval,recall,10,0.932515,0.917901,0.949156,0,0,0,1,10,0,0
noise_type,reference,reference,recipe:igata_2021_ripples,literature,ripple,interval,recall,10,0.872549,0.855652,0.890613,0,0,0,1,10,0,0
noise_type,reference,reference,recipe:jadhav_2016,literature,ripple,interval,recall,10,0.586275,0.554419,0.616468,0,0,0,1,10,0,0
noise_type,reference,reference,recipe:ji_2007,literature,burst,interval,recall,10,0.700409,0.6305,0.748675,0,0,0,1,10,0,0
noise_type,reference,reference,recipe:ji_2007_ripples,literature,ripple,interval,recall,10,0.00490196,0.00101623,0.00883243,0,0,0,1,10,0,0
noise_type,reference,reference,recipe:kaefer_2020,literature,ripple,interval,recall,10,0.0107843,0.00584212,0.0155603,0,0,0,1,10,0,0
noise_type,reference,reference,recipe:karlsson_2009,literature,ripple,interval,recall,10,0.72451,0.706531,0.74433,0,0,0,1,10,0,0
noise_type,reference,reference,recipe:krause_2022,literature,network,interval,recall,10,0.620183,0.594116,0.645529,0,0,0,1,10,0,0
noise_type,reference,reference,recipe:krause_2022_hse,literature,burst,interval,recall,10,0.819018,0.797725,0.839959,0,0,0,1,10,0,0
noise_type,reference,reference,recipe:kudrimoti_1999,literature,ripple,interval,recall,10,0.0245098,0.0174466,0.0338271,0,0,0,1,10,0,0
noise_type,reference,reference,recipe:lee_2002,literature,burst,interval,recall,10,0.949898,0.943786,0.955603,0,0,0,1,10,0,0
noise_type,reference,reference,recipe:lee_2002_ripples,literature,ripple,interval,recall,10,0.0745098,0.0613481,0.0878934,0,0,0,1,10,0,0
noise_type,reference,reference,recipe:liu_2019,literature,burst,interval,recall,10,0.843558,0.811187,0.87384,0,0,0,1,10,0,0
noise_type,reference,reference,recipe:liu_2019_awake,literature,burst,interval,recall,10,0.843558,0.811187,0.87384,0,0,0,1,10,0,0
noise_type,reference,reference,recipe:liu_2023,literature,network,interval,recall,10,0.431193,0.411239,0.451816,0,0,0,1,10,0,0
noise_type,reference,reference,recipe:maboudi_2018,literature,burst,interval,recall,10,0.792434,0.774162,0.811442,0,0,0,1,10,0,0
noise_type,reference,reference,recipe:maboudi_2018_open_field,literature,burst,interval,recall,10,0.737219,0.716188,0.761011,0,0,0,1,10,0,0
noise_type,reference,reference,recipe:mallory_2025,literature,burst,interval,recall,10,0.759714,0.740078,0.779609,0,0,0,1,10,0,0
noise_type,reference,reference,recipe:mallory_2025_ripples,literature,ripple,interval,recall,10,0.690196,0.668886,0.712691,0,0,0,1,10,0,0
noise_type,reference,reference,recipe:michon_2019,literature,network,interval,recall,10,0.250459,0.224122,0.276924,0,0,0,1,10,0,0
noise_type,reference,reference,recipe:michon_2021,literature,network,interval,recall,10,0.250459,0.224122,0.276924,0,0,0,1,10,0,0
noise_type,reference,reference,recipe:mou_2022,literature,burst,interval,recall,10,0.856851,0.829681,0.882724,0,0,0,1,10,0,0
noise_type,reference,reference,recipe:muessig_2019,literature,network,interval,recall,10,0.106422,0.091568,0.12113,0,0,0,1,10,0,0
noise_type,reference,reference,recipe:muessig_2019_ripples,literature,ripple,interval,recall,10,0.87549,0.854298,0.894141,0,0,0,1,10,0,0
noise_type,reference,reference,recipe:nadasdy_1999,literature,ripple,interval,recall,10,0.461765,0.441114,0.485717,0,0,0,1,10,0,0
noise_type,reference,reference,recipe:olafsdottir_2015,literature,burst,interval,recall,10,0.676892,0.654822,0.69798,0,0,0,1,10,0,0
noise_type,reference,reference,recipe:olafsdottir_2015.bayesian_candidates,literature,burst,interval,recall,10,0.612474,0.58635,0.641136,0,0,0,1,10,0,0
noise_type,reference,reference,recipe:olafsdottir_2016,literature,burst,interval,recall,10,0.570552,0.539077,0.609091,0,0,0,1,10,0,0
noise_type,reference,reference,recipe:olafsdottir_2017,literature,burst,interval,recall,10,0.760736,0.745657,0.775992,0,0,0,1,10,0,0
noise_type,reference,reference,recipe:olafsdottir_2017.trajectory,literature,burst,interval,recall,10,0.570552,0.539077,0.609091,0,0,0,1,10,0,0
noise_type,reference,reference,recipe:pfeiffer_2013,literature,burst,interval,recall,10,0.737219,0.716188,0.761011,0,0,0,1,10,0,0
noise_type,reference,reference,recipe:pfeiffer_2013_ripples,literature,ripple,interval,recall,10,0.728431,0.699812,0.754759,0,0,0,1,10,0,0
noise_type,reference,reference,recipe:pfeiffer_2015,literature,ripple,interval,recall,10,0.728431,0.699812,0.754759,0,0,0,1,10,0,0
noise_type,reference,reference,recipe:shin_2019,literature,ripple,interval,recall,10,0.72451,0.706531,0.74433,0,0,0,1,10,0,0
noise_type,reference,reference,recipe:silva_2015,literature,burst,interval,recall,10,0.619632,0.590956,0.648278,0,0,0,1,10,0,0
noise_type,reference,reference,recipe:stella_2019,literature,ripple,interval,recall,10,0.666667,0.649493,0.685394,0,0,0,1,10,0,0
noise_type,reference,reference,recipe:tang_2017,literature,ripple,interval,recall,10,0.72451,0.706531,0.74433,0,0,0,1,10,0,0
noise_type,reference,reference,recipe:tirole_2022,literature,network,interval,recall,10,0.511009,0.483133,0.539768,0,0,0,1,10,0,0
noise_type,reference,reference,recipe:widloski_2025,literature,ripple,interval,recall,10,0.507843,0.469984,0.54879,0,0,0,1,10,0,0
noise_type,reference,reference,recipe:widloski_2025_bursts,literature,burst,interval,recall,10,0.529652,0.491013,0.571436,0,0,0,1,10,0,0
noise_type,reference,reference,recipe:wikenheiser_2013,literature,ripple,interval,recall,10,0.832353,0.80594,0.860302,0,0,0,1,10,0,0
noise_type,reference,reference,recipe:wu_2014,literature,burst,interval,recall,10,0.862986,0.848921,0.877469,0,0,0,1,10,0,0
noise_type,reference,reference,recipe:wu_2014_ripples,literature,ripple,peak_containment,recall,10,0.898039,0.880974,0.916923,0,0,0,1,10,0,0
noise_type,reference,reference,recipe:wu_2017,literature,burst,interval,recall,10,0.534765,0.509803,0.559125,0,0,0,1,10,0,0
noise_type,reference,reference,recipe:xu_2019,literature,burst,interval,recall,10,0.747444,0.729037,0.765482,0,0,0,1,10,0,0
noise_type,reference,reference,recipe:yamamoto_2017,literature,network,interval,recall,10,0.561468,0.529566,0.596138,0,0,0,1,10,0,0
noise_type,reference,reference,recipe:yang_2024,literature,network,interval,recall,10,0.416514,0.386402,0.448061,0,0,0,1,10,0,0
noise_type,brown,noise_type=brown,Carey_candidate_detector,default,network,interval,recall,10,0.751376,0.73119,0.773462,-0.066055,-0.0974077,-0.0367575,0.00390625,10,0,0
noise_type,brown,noise_type=brown,Karlsson_ripple_detector,default,ripple,interval,recall,10,0.0127451,0.00957809,0.0172253,-0.711765,-0.732109,-0.692954,0.00195312,10,0,0
noise_type,brown,noise_type=brown,Kay_ripple_detector,default,ripple,interval,recall,10,0.0107843,0.00770655,0.0140059,-0.816667,-0.833013,-0.801887,0.00195312,10,0,0
noise_type,brown,noise_type=brown,Long_sharp_wave_ripple_detector,default,ripple,interval,recall,10,0.794118,0.778816,0.809238,0.103922,0.0898656,0.119389,0.00195312,10,0,0
noise_type,brown,noise_type=brown,Roumis_ripple_detector,default,ripple,interval,recall,10,0.00980392,0.00720888,0.0126585,-0.818627,-0.835298,-0.803772,0.00195312,10,0,0
noise_type,brown,noise_type=brown,Shvartsman_ripple_detector,default,ripple,interval,recall,10,0.00490196,0.00195312,0.007745,-0.658824,-0.683587,-0.636449,0.00195312,10,0,0
noise_type,brown,noise_type=brown,Yu_ripple_detector,default,ripple,interval,recall,10,0.686275,0.635093,0.731253,-0.161765,-0.207036,-0.119424,0.00195312,10,0,0
noise_type,brown,noise_type=brown,Zugaro_ripple_detector,default,ripple,interval,recall,10,0.00294118,0,0.00578063,-0.672549,-0.695021,-0.649648,0.00195312,10,0,0
noise_type,brown,noise_type=brown,multiunit_HSE_detector,default,burst,interval,recall,10,0.931493,0.917158,0.948138,0,0,0,1,10,0,0
noise_type,brown,noise_type=brown,recipe:ambrose_2016,literature,ripple,interval,recall,10,0.00784314,0.00410246,0.0113285,-0.720588,-0.74841,-0.690978,0.00195312,10,0,0
noise_type,brown,noise_type=brown,recipe:bendor_2012,literature,burst,interval,recall,10,0.669734,0.643002,0.697931,0,0,0,1,10,0,0
noise_type,brown,noise_type=brown,recipe:berners_lee_2021,literature,ripple,interval,recall,10,0.00980392,0.00720888,0.0126585,-0.780392,-0.80359,-0.758771,0.00195312,10,0,0
noise_type,brown,noise_type=brown,recipe:berners_lee_2022,literature,burst,interval,recall,10,0.683027,0.657603,0.710964,0,0,0,1,10,0,0
noise_type,brown,noise_type=brown,recipe:bhattarai_2020,literature,network,interval,recall,10,0.00275229,0,0.00553008,-0.380734,-0.401316,-0.361305,0.00195312,10,0,0
noise_type,brown,noise_type=brown,recipe:bhattarai_2020_ripples,literature,ripple,interval,recall,10,0.00294118,0,0.00578063,-0.461765,-0.492403,-0.432151,0.00195312,10,0,0
noise_type,brown,noise_type=brown,recipe:bush_2022,literature,burst,interval,recall,10,0.630879,0.597014,0.668706,0,0,0,1,10,0,0
noise_type,brown,noise_type=brown,recipe:carey_2019,literature,network,interval,recall,10,0.778899,0.747678,0.805634,-0.046789,-0.0656519,-0.0319754,0.00195312,10,0,0
noise_type,brown,noise_type=brown,recipe:carr_2012,literature,ripple,interval,recall,10,0.0127451,0.00957809,0.0172253,-0.711765,-0.732109,-0.692954,0.00195312,10,0,0
noise_type,brown,noise_type=brown,recipe:chenani_2019,literature,burst,interval,recall,10,0.686094,0.665608,0.709887,0,0,0,1,10,0,0
noise_type,brown,noise_type=brown,recipe:davidson_2009,literature,burst,interval,recall,10,0.801636,0.785994,0.820324,0,0,0,1,10,0,0
noise_type,brown,noise_type=brown,recipe:davidson_2009_ripples,literature,ripple,peak_containment,recall,10,0.00392157,0.00096432,0.0072616,-0.871569,-0.892859,-0.847608,0.00195312,10,0,0
noise_type,brown,noise_type=brown,recipe:denovellis_2021,literature,ripple,interval,recall,10,0.00882353,0.00472099,0.0131591,-0.819608,-0.835176,-0.805338,0.00195312,10,0,0
noise_type,brown,noise_type=brown,recipe:denovellis_2021_mua,literature,burst,interval,recall,10,0.93047,0.916838,0.946485,0,0,0,1,10,0,0
noise_type,brown,noise_type=brown,recipe:diba_2007,literature,burst,interval,recall,10,0.256646,0.22654,0.287224,0,0,0,1,10,0,0
noise_type,brown,noise_type=brown,recipe:drieu_2018,literature,burst,interval,recall,10,0.786299,0.775775,0.797509,0,0,0,1,10,0,0
noise_type,brown,noise_type=brown,recipe:farooq_2019_neuron,literature,burst,interval,recall,10,0.280164,0.243652,0.32154,0,0,0,1,10,0,0
noise_type,brown,noise_type=brown,recipe:farooq_2019_science,literature,burst,interval,recall,10,0.278119,0.242423,0.318476,0,0,0,1,10,0,0
noise_type,brown,noise_type=brown,recipe:farooq_2019_science_awake,literature,burst,interval,recall,10,0.278119,0.242423,0.318476,0,0,0,1,10,0,0
noise_type,brown,noise_type=brown,recipe:foster_2006,literature,burst,interval,recall,10,0.148262,0.127082,0.172862,0,0,0,1,10,0,0
noise_type,brown,noise_type=brown,recipe:foster_2006_ripples,literature,ripple,interval,recall,10,0.00392157,0.000998004,0.00684262,-0.0705882,-0.0843158,-0.0568611,0.00195312,10,0,0
noise_type,brown,noise_type=brown,recipe:gillespie_2021,literature,ripple,interval,recall,10,0.0107843,0.00770655,0.0140059,-0.816667,-0.833013,-0.801887,0.00195312,10,0,0
noise_type,brown,noise_type=brown,recipe:gillespie_2021_mua,literature,burst,interval,recall,10,0.822086,0.803179,0.839827,0,0,0,1,10,0,0
noise_type,brown,noise_type=brown,recipe:gridchyn_2020,literature,burst,interval,recall,10,0.891616,0.874123,0.907524,0,0,0,1,10,0,0
noise_type,brown,noise_type=brown,recipe:grosmark_2016,literature,network,interval,recall,10,0.00183486,0,0.00465127,-0.414679,-0.445063,-0.383877,0.00195312,10,0,0
noise_type,brown,noise_type=brown,recipe:gupta_2010,literature,ripple,interval,recall,10,0.670588,0.622178,0.721777,-0.129412,-0.165814,-0.0991899,0.00195312,10,0,0
noise_type,brown,noise_type=brown,recipe:harvey_2023_code,literature,ripple,interval,recall,10,0.643137,0.616611,0.666991,0.0794118,0.0623642,0.0946508,0.00195312,10,0,0
noise_type,brown,noise_type=brown,recipe:harvey_2023_no_radiatum,literature,ripple,interval,recall,10,0.00196078,0,0.0046998,-0.595098,-0.617086,-0.573619,0.00195312,10,0,0
noise_type,brown,noise_type=brown,recipe:harvey_2023_text,literature,ripple,interval,recall,10,0.393137,0.299639,0.489289,-0.211765,-0.31549,-0.107198,0.015625,10,0,0
noise_type,brown,noise_type=brown,recipe:huelin_gorriz_2023,literature,network,interval,recall,10,0.00366972,0.000892857,0.00666064,-0.507339,-0.535317,-0.480732,0.00195312,10,0,0
noise_type,brown,noise_type=brown,recipe:igata_2021,literature,burst,interval,recall,10,0.932515,0.917901,0.949156,0,0,0,1,10,0,0
noise_type,brown,noise_type=brown,recipe:igata_2021_ripples,literature,ripple,interval,recall,10,0.0127451,0.00957809,0.0172253,-0.859804,-0.877447,-0.843721,0.00195312,10,0,0
noise_type,brown,noise_type=brown,recipe:jadhav_2016,literature,ripple,interval,recall,10,0.0117647,0.0075754,0.0169158,-0.57451,-0.606275,-0.543052,0.00195312,10,0,0
noise_type,brown,noise_type=brown,recipe:ji_2007,literature,burst,interval,recall,10,0.700409,0.6305,0.748675,0,0,0,1,10,0,0
noise_type,brown,noise_type=brown,recipe:ji_2007_ripples,literature,ripple,interval,recall,10,0.00392157,0.000998004,0.00684262,-0.000980392,-0.00289303,0,1,10,0,0
noise_type,brown,noise_type=brown,recipe:kaefer_2020,literature,ripple,interval,recall,10,0.00392157,0.000998004,0.00684262,-0.00686275,-0.0107854,-0.00307992,0.03125,10,0,0
noise_type,brown,noise_type=brown,recipe:karlsson_2009,literature,ripple,interval,recall,10,0.0127451,0.00957809,0.0172253,-0.711765,-0.732109,-0.692954,0.00195312,10,0,0
noise_type,brown,noise_type=brown,recipe:krause_2022,literature,network,interval,recall,10,0.00733945,0.00374523,0.0107817,-0.612844,-0.637106,-0.587427,0.00195312,10,0,0
noise_type,brown,noise_type=brown,recipe:krause_2022_hse,literature,burst,interval,recall,10,0.819018,0.797725,0.839959,0,0,0,1,10,0,0
noise_type,brown,noise_type=brown,recipe:kudrimoti_1999,literature,ripple,interval,recall,10,0.00294118,0,0.00578063,-0.0215686,-0.0322581,-0.0129592,0.0078125,10,0,0
noise_type,brown,noise_type=brown,recipe:lee_2002,literature,burst,interval,recall,10,0.949898,0.943786,0.955603,0,0,0,1,10,0,0
noise_type,brown,noise_type=brown,recipe:lee_2002_ripples,literature,ripple,interval,recall,10,0.00392157,0.000998004,0.00684262,-0.0705882,-0.0843158,-0.0568611,0.00195312,10,0,0
noise_type,brown,noise_type=brown,recipe:liu_2019,literature,burst,interval,recall,10,0.843558,0.811187,0.87384,0,0,0,1,10,0,0
noise_type,brown,noise_type=brown,recipe:liu_2019_awake,literature,burst,interval,recall,10,0.843558,0.811187,0.87384,0,0,0,1,10,0,0
noise_type,brown,noise_type=brown,recipe:liu_2023,literature,network,interval,recall,10,0.478899,0.458331,0.501414,0.0477064,0.0341644,0.0581515,0.00390625,10,0,0
noise_type,brown,noise_type=brown,recipe:maboudi_2018,literature,burst,interval,recall,10,0.792434,0.774162,0.811442,0,0,0,1,10,0,0
noise_type,brown,noise_type=brown,recipe:maboudi_2018_open_field,literature,burst,interval,recall,10,0.737219,0.716188,0.761011,0,0,0,1,10,0,0
noise_type,brown,noise_type=brown,recipe:mallory_2025,literature,burst,interval,recall,10,0.759714,0.740078,0.779609,0,0,0,1,10,0,0
noise_type,brown,noise_type=brown,recipe:mallory_2025_ripples,literature,ripple,interval,recall,10,0.00490196,0.00194548,0.00794439,-0.685294,-0.707868,-0.663355,0.00195312,10,0,0
noise_type,brown,noise_type=brown,recipe:michon_2019,literature,network,interval,recall,10,0.00275229,0,0.00560774,-0.247706,-0.273468,-0.221585,0.00195312,10,0,0
noise_type,brown,noise_type=brown,recipe:michon_2021,literature,network,interval,recall,10,0.00275229,0,0.00560774,-0.247706,-0.273468,-0.221585,0.00195312,10,0,0
noise_type,brown,noise_type=brown,recipe:mou_2022,literature,burst,interval,recall,10,0.856851,0.829681,0.882724,0,0,0,1,10,0,0
noise_type,brown,noise_type=brown,recipe:muessig_2019,literature,network,interval,recall,10,0.104587,0.0853656,0.123169,-0.00183486,-0.0110401,0.00569328,0.75,10,0,0
noise_type,brown,noise_type=brown,recipe:muessig_2019_ripples,literature,ripple,interval,recall,10,0.765686,0.720287,0.801909,-0.109804,-0.147145,-0.0717151,0.00195312,10,0,0
noise_type,brown,noise_type=brown,recipe:nadasdy_1999,literature,ripple,interval,recall,10,0.00392157,0.000998004,0.00684262,-0.457843,-0.48237,-0.436789,0.00195312,10,0,0
noise_type,brown,noise_type=brown,recipe:olafsdottir_2015,literature,burst,interval,recall,10,0.676892,0.654822,0.69798,0,0,0,1,10,0,0
noise_type,brown,noise_type=brown,recipe:olafsdottir_2015.bayesian_candidates,literature,burst,interval,recall,10,0.612474,0.58635,0.641136,0,0,0,1,10,0,0
noise_type,brown,noise_type=brown,recipe:olafsdottir_2016,literature,burst,interval,recall,10,0.570552,0.539077,0.609091,0,0,0,1,10,0,0
noise_type,brown,noise_type=brown,recipe:olafsdottir_2017,literature,burst,interval,recall,10,0.760736,0.745657,0.775992,0,0,0,1,10,0,0
noise_type,brown,noise_type=brown,recipe:olafsdottir_2017.trajectory,literature,burst,interval,recall,10,0.570552,0.539077,0.609091,0,0,0,1,10,0,0
noise_type,brown,noise_type=brown,recipe:pfeiffer_2013,literature,burst,interval,recall,10,0.737219,0.716188,0.761011,0,0,0,1,10,0,0
noise_type,brown,noise_type=brown,recipe:pfeiffer_2013_ripples,literature,ripple,interval,recall,10,0.00784314,0.00410246,0.0113285,-0.720588,-0.74841,-0.690978,0.00195312,10,0,0
noise_type,brown,noise_type=brown,recipe:pfeiffer_2015,literature,ripple,interval,recall,10,0.00784314,0.00410246,0.0113285,-0.720588,-0.74841,-0.690978,0.00195312,10,0,0
noise_type,brown,noise_type=brown,recipe:shin_2019,literature,ripple,interval,recall,10,0.0127451,0.00957809,0.0172253,-0.711765,-0.732109,-0.692954,0.00195312,10,0,0
noise_type,brown,noise_type=brown,recipe:silva_2015,literature,burst,interval,recall,10,0.619632,0.590956,0.648278,0,0,0,1,10,0,0
noise_type,brown,noise_type=brown,recipe:stella_2019,literature,ripple,interval,recall,10,0.00784314,0.00403086,0.0117034,-0.658824,-0.675128,-0.6444,0.00195312,10,0,0
noise_type,brown,noise_type=brown,recipe:tang_2017,literature,ripple,interval,recall,10,0.0127451,0.00957809,0.0172253,-0.711765,-0.732109,-0.692954,0.00195312,10,0,0
noise_type,brown,noise_type=brown,recipe:tirole_2022,literature,network,interval,recall,10,0.00366972,0.000892857,0.00666064,-0.507339,-0.535317,-0.480732,0.00195312,10,0,0
noise_type,brown,noise_type=brown,recipe:widloski_2025,literature,ripple,interval,recall,10,0.00588235,0.0020018,0.00977517,-0.501961,-0.54087,-0.464151,0.00195312,10,0,0
noise_type,brown,noise_type=brown,recipe:widloski_2025_bursts,literature,burst,interval,recall,10,0.529652,0.491013,0.571436,0,0,0,1,10,0,0
noise_type,brown,noise_type=brown,recipe:wikenheiser_2013,literature,ripple,interval,recall,10,0.00490196,0.00195312,0.007745,-0.827451,-0.855267,-0.800765,0.00195312,10,0,0
noise_type,brown,noise_type=brown,recipe:wu_2014,literature,burst,interval,recall,10,0.862986,0.848921,0.877469,0,0,0,1,10,0,0
noise_type,brown,noise_type=brown,recipe:wu_2014_ripples,literature,ripple,peak_containment,recall,10,0.00392157,0.00096432,0.0072616,-0.894118,-0.911194,-0.877506,0.00195312,10,0,0
noise_type,brown,noise_type=brown,recipe:wu_2017,literature,burst,interval,recall,10,0.534765,0.509803,0.559125,0,0,0,1,10,0,0
noise_type,brown,noise_type=brown,recipe:xu_2019,literature,burst,interval,recall,10,0.747444,0.729037,0.765482,0,0,0,1,10,0,0
noise_type,brown,noise_type=brown,recipe:yamamoto_2017,literature,network,interval,recall,10,0.00275229,0,0.00553008,-0.558716,-0.591116,-0.528034,0.00195312,10,0,0
noise_type,brown,noise_type=brown,recipe:yang_2024,literature,network,interval,recall,10,0.00183486,0,0.00465127,-0.414679,-0.445063,-0.383877,0.00195312,10,0,0
event_rate,0.15,event_rate=0.15,Carey_candidate_detector,default,network,interval,recall,10,0.843636,0.827463,0.863894,0.0262052,0.00864814,0.0454151,0.015625,10,0,0
event_rate,0.15,event_rate=0.15,Karlsson_ripple_detector,default,ripple,interval,recall,10,0.710476,0.674199,0.748121,-0.0140336,-0.0493299,0.0203435,0.445312,10,0,0
event_rate,0.15,event_rate=0.15,Kay_ripple_detector,default,ripple,interval,recall,10,0.820952,0.779294,0.861482,-0.0064986,-0.0436033,0.0265054,0.6875,10,0,0
event_rate,0.15,event_rate=0.15,Long_sharp_wave_ripple_detector,default,ripple,interval,recall,10,0.681905,0.637214,0.729831,-0.00829132,-0.0537749,0.0427382,0.783203,10,0,0
event_rate,0.15,event_rate=0.15,Roumis_ripple_detector,default,ripple,interval,recall,10,0.826667,0.785568,0.868375,-0.00176471,-0.0389898,0.0317969,0.878906,10,0,0
event_rate,0.15,event_rate=0.15,Shvartsman_ripple_detector,default,ripple,interval,recall,10,0.645714,0.616279,0.68,-0.0180112,-0.0509449,0.019582,0.416016,10,0,0
event_rate,0.15,event_rate=0.15,Yu_ripple_detector,default,ripple,interval,recall,10,0.83619,0.796261,0.876553,-0.0118487,-0.0548437,0.0278993,0.533203,10,0,0
event_rate,0.15,event_rate=0.15,Zugaro_ripple_detector,default,ripple,interval,recall,10,0.704762,0.671027,0.741156,0.0292717,-0.0107124,0.0752303,0.246094,10,0,0
event_rate,0.15,event_rate=0.15,multiunit_HSE_detector,default,burst,interval,recall,10,0.941767,0.92653,0.959831,0.0102742,-0.00109062,0.0204445,0.0761719,10,0,0
event_rate,0.15,event_rate=0.15,recipe:ambrose_2016,literature,ripple,interval,recall,10,0.737143,0.710092,0.764495,0.00871148,-0.0252005,0.0488004,0.681641,10,0,0
event_rate,0.15,event_rate=0.15,recipe:bendor_2012,literature,burst,interval,recall,10,0.716867,0.698443,0.736848,0.0471333,0.0124929,0.0813603,0.046875,10,0,0
event_rate,0.15,event_rate=0.15,recipe:berners_lee_2021,literature,ripple,interval,recall,10,0.769524,0.733724,0.806274,-0.0206723,-0.0623965,0.0196457,0.320312,10,0,0
event_rate,0.15,event_rate=0.15,recipe:berners_lee_2022,literature,burst,interval,recall,10,0.662651,0.622262,0.705889,-0.020376,-0.0619284,0.0234761,0.5,10,0,0
event_rate,0.15,event_rate=0.15,recipe:bhattarai_2020,literature,network,interval,recall,10,0.385455,0.36178,0.409248,0.00196831,-0.0352877,0.0396876,0.884766,10,0,0
event_rate,0.15,event_rate=0.15,recipe:bhattarai_2020_ripples,literature,ripple,interval,recall,10,0.464762,0.438458,0.491751,5.60224e-05,-0.050812,0.0450603,0.884766,10,0,0
event_rate,0.15,event_rate=0.15,recipe:bush_2022,literature,burst,interval,recall,10,0.640562,0.613815,0.662651,0.0096829,-0.0390533,0.0521974,0.703125,10,0,0
event_rate,0.15,event_rate=0.15,recipe:carey_2019,literature,network,interval,recall,10,0.850909,0.835616,0.868915,0.025221,0.00638802,0.0473134,0.0371094,10,0,0
event_rate,0.15,event_rate=0.15,recipe:carr_2012,literature,ripple,interval,recall,10,0.710476,0.674199,0.748121,-0.0140336,-0.0493299,0.0203435,0.445312,10,0,0
event_rate,0.15,event_rate=0.15,recipe:chenani_2019,literature,burst,interval,recall,10,0.712851,0.687764,0.734999,0.0267573,-0.0155599,0.0563968,0.244141,10,0,0
event_rate,0.15,event_rate=0.15,recipe:davidson_2009,literature,burst,interval,recall,10,0.85743,0.833333,0.887701,0.0557937,0.0311128,0.0845631,0.00585938,10,0,0
event_rate,0.15,event_rate=0.15,recipe:davidson_2009_ripples,literature,ripple,peak_containment,recall,10,0.88,0.854684,0.902535,0.0045098,-0.0217288,0.0306163,0.791016,10,0,0
event_rate,0.15,event_rate=0.15,recipe:denovellis_2021,literature,ripple,interval,recall,10,0.826667,0.78846,0.862748,-0.00176471,-0.0419265,0.0315428,0.912109,10,0,0
event_rate,0.15,event_rate=0.15,recipe:denovellis_2021_mua,literature,burst,interval,recall,10,0.941767,0.92653,0.959831,0.0112967,-4.71592e-05,0.021676,0.0625,10,0,0
event_rate,0.15,event_rate=0.15,recipe:diba_2007,literature,burst,interval,recall,10,0.230924,0.209253,0.25151,-0.0257225,-0.0511625,0.00345696,0.0957031,10,0,0
event_rate,0.15,event_rate=0.15,recipe:drieu_2018,literature,burst,interval,recall,10,0.791165,0.765781,0.815263,0.00486609,-0.0254543,0.0337007,0.882812,10,0,0
event_rate,0.15,event_rate=0.15,recipe:farooq_2019_neuron,literature,burst,interval,recall,10,0.317269,0.279352,0.352697,0.0371055,-0.0135934,0.0837434,0.205078,10,0,0
event_rate,0.15,event_rate=0.15,recipe:farooq_2019_science,literature,burst,interval,recall,10,0.309237,0.272208,0.342862,0.0311183,-0.0169388,0.0743603,0.226562,10,0,0
event_rate,0.15,event_rate=0.15,recipe:farooq_2019_science_awake,literature,burst,interval,recall,10,0.309237,0.272208,0.342862,0.0311183,-0.0169388,0.0743603,0.226562,10,0,0
event_rate,0.15,event_rate=0.15,recipe:foster_2006,literature,burst,interval,recall,10,0.146586,0.123944,0.170734,-0.00167541,-0.0265802,0.0284425,0.828125,10,0,0
event_rate,0.15,event_rate=0.15,recipe:foster_2006_ripples,literature,ripple,interval,recall,10,0.0952381,0.0621406,0.133591,0.0207283,-0.0201746,0.0650573,0.339844,10,0,0
event_rate,0.15,event_rate=0.15,recipe:gillespie_2021,literature,ripple,interval,recall,10,0.820952,0.779294,0.861482,-0.0064986,-0.0436033,0.0265054,0.6875,10,0,0
event_rate,0.15,event_rate=0.15,recipe:gillespie_2021_mua,literature,burst,interval,recall,10,0.875502,0.853113,0.899401,0.0534161,0.0252453,0.0852941,0.00976562,10,0,0
event_rate,0.15,event_rate=0.15,recipe:gridchyn_2020,literature,burst,interval,recall,10,0.895582,0.879611,0.914004,0.00396679,-0.0115042,0.0189487,0.580078,10,0,0
event_rate,0.15,event_rate=0.15,recipe:grosmark_2016,literature,network,interval,recall,10,0.465455,0.443082,0.486982,0.0489408,0.0195588,0.0845655,0.0136719,10,0,0
event_rate,0.15,event_rate=0.15,recipe:gupta_2010,literature,ripple,interval,recall,10,0.786667,0.755814,0.814547,-0.0133333,-0.0541895,0.0214867,0.490234,10,0,0
event_rate,0.15,event_rate=0.15,recipe:harvey_2023_code,literature,ripple,interval,recall,10,0.590476,0.538745,0.64151,0.0267507,-0.0264638,0.0741271,0.378906,10,0,0
event_rate,0.15,event_rate=0.15,recipe:harvey_2023_no_radiatum,literature,ripple,interval,recall,10,0.619048,0.588235,0.649695,0.0219888,-0.0158889,0.0591961,0.316406,10,0,0
event_rate,0.15,event_rate=0.15,recipe:harvey_2023_text,literature,ripple,interval,recall,10,0.617143,0.570614,0.659004,0.0122409,-0.0264603,0.0511077,0.529297,10,0,0
event_rate,0.15,event_rate=0.15,recipe:huelin_gorriz_2023,literature,network,interval,recall,10,0.516364,0.492254,0.543087,0.00535446,-0.0260052,0.0391223,0.626953,10,0,0
event_rate,0.15,event_rate=0.15,recipe:igata_2021,literature,burst,interval,recall,10,0.945783,0.929292,0.964286,0.0132678,0.000952416,0.0261348,0.0722656,10,0,0
event_rate,0.15,event_rate=0.15,recipe:igata_2021_ripples,literature,ripple,interval,recall,10,0.870476,0.845171,0.894642,-0.00207283,-0.0396189,0.0317649,0.830078,10,0,0
event_rate,0.15,event_rate=0.15,recipe:jadhav_2016,literature,ripple,interval,recall,10,0.598095,0.561242,0.637085,0.0118207,-0.0200432,0.0438396,0.623047,10,0,0
event_rate,0.15,event_rate=0.15,recipe:ji_2007,literature,burst,interval,recall,10,0.728916,0.685366,0.776155,0.0285067,-0.0449022,0.117196,0.494141,10,0,0
event_rate,0.15,event_rate=0.15,recipe:ji_2007_ripples,literature,ripple,interval,recall,10,0.00190476,0,0.00598802,-0.0029972,-0.00744213,0.000969944,0.5,10,0,0
event_rate,0.15,event_rate=0.15,recipe:kaefer_2020,literature,ripple,interval,recall,10,0.00571429,0,0.0116511,-0.00507003,-0.0120417,0.00243903,0.226562,10,0,0
event_rate,0.15,event_rate=0.15,recipe:karlsson_2009,literature,ripple,interval,recall,10,0.710476,0.674199,0.748121,-0.0140336,-0.0493299,0.0203435,0.445312,10,0,0
event_rate,0.15,event_rate=0.15,recipe:krause_2022,literature,network,interval,recall,10,0.630909,0.591546,0.669989,0.0107256,-0.0405325,0.0678057,0.617188,10,0,0
event_rate,0.15,event_rate=0.15,recipe:krause_2022_hse,literature,burst,interval,recall,10,0.863454,0.837022,0.891668,0.0444354,0.0133336,0.0821561,0.0507812,10,0,0
event_rate,0.15,event_rate=0.15,recipe:kudrimoti_1999,literature,ripple,interval,recall,10,0.0152381,0.00383859,0.0283032,-0.00927171,-0.0234066,0.00519912,0.193359,10,0,0
event_rate,0.15,event_rate=0.15,recipe:lee_2002,literature,burst,interval,recall,10,0.957831,0.942736,0.974359,0.00793357,-0.00890615,0.0238491,0.386719,10,0,0
event_rate,0.15,event_rate=0.15,recipe:lee_2002_ripples,literature,ripple,interval,recall,10,0.0952381,0.0621406,0.133591,0.0207283,-0.0201746,0.0650573,0.339844,10,0,0
event_rate,0.15,event_rate=0.15,recipe:liu_2019,literature,burst,interval,recall,10,0.88755,0.852761,0.920409,0.0439919,0.0274601,0.0606701,0.00195312,10,0,0
event_rate,0.15,event_rate=0.15,recipe:liu_2019_awake,literature,burst,interval,recall,10,0.88755,0.852761,0.920409,0.0439919,0.0274601,0.0606701,0.00195312,10,0,0
event_rate,0.15,event_rate=0.15,recipe:liu_2023,literature,network,interval,recall,10,0.423636,0.4,0.457256,-0.0075563,-0.0362514,0.0307459,0.863281,10,0,0
event_rate,0.15,event_rate=0.15,recipe:maboudi_2018,literature,burst,interval,recall,10,0.833333,0.802846,0.865547,0.0408998,0.00706874,0.0806574,0.103516,10,0,0
event_rate,0.15,event_rate=0.15,recipe:maboudi_2018_open_field,literature,burst,interval,recall,10,0.759036,0.731755,0.786733,0.0218173,-0.0130968,0.0542204,0.257812,10,0,0
event_rate,0.15,event_rate=0.15,recipe:mallory_2025,literature,burst,interval,recall,10,0.811245,0.793772,0.827446,0.0515313,0.0275435,0.0717566,0.0078125,10,0,0
event_rate,0.15,event_rate=0.15,recipe:mallory_2025_ripples,literature,ripple,interval,recall,10,0.704762,0.681467,0.729208,0.0145658,-0.0189243,0.0438384,0.472656,10,0,0
event_rate,0.15,event_rate=0.15,recipe:michon_2019,literature,network,interval,recall,10,0.329091,0.292497,0.372191,0.0786322,0.0435237,0.118342,0.00195312,10,0,0
event_rate,0.15,event_rate=0.15,recipe:michon_2021,literature,network,interval,recall,10,0.329091,0.292497,0.372191,0.0786322,0.0435237,0.118342,0.00195312,10,0,0
event_rate,0.15,event_rate=0.15,recipe:mou_2022,literature,burst,interval,recall,10,0.885542,0.851268,0.916176,0.0286915,0.00706215,0.0490526,0.0625,10,0,0
event_rate,0.15,event_rate=0.15,recipe:muessig_2019,literature,network,interval,recall,10,0.12,0.104316,0.13465,0.013578,-0.00924092,0.035726,0.310547,10,0,0
event_rate,0.15,event_rate=0.15,recipe:muessig_2019_ripples,literature,ripple,interval,recall,10,0.874286,0.852271,0.897533,-0.00120448,-0.0332999,0.0338799,0.970703,10,0,0
event_rate,0.15,event_rate=0.15,recipe:nadasdy_1999,literature,ripple,interval,recall,10,0.537143,0.490597,0.594191,0.0753782,0.0320181,0.123444,0.0117188,10,0,0
event_rate,0.15,event_rate=0.15,recipe:olafsdottir_2015,literature,burst,interval,recall,10,0.684739,0.658944,0.706616,0.00784734,-0.0276619,0.0384358,0.695312,10,0,0
event_rate,0.15,event_rate=0.15,recipe:olafsdottir_2015.bayesian_candidates,literature,burst,interval,recall,10,0.616466,0.59414,0.636364,0.00399143,-0.0349885,0.0370138,0.851562,10,0,0
event_rate,0.15,event_rate=0.15,recipe:olafsdottir_2016,literature,burst,interval,recall,10,0.552209,0.514226,0.587304,-0.0183433,-0.0724734,0.0251509,0.496094,10,0,0
event_rate,0.15,event_rate=0.15,recipe:olafsdottir_2017,literature,burst,interval,recall,10,0.720884,0.691663,0.746964,-0.0398527,-0.0769964,-0.00877284,0.0566406,10,0,0
event_rate,0.15,event_rate=0.15,recipe:olafsdottir_2017.trajectory,literature,burst,interval,recall,10,0.552209,0.514226,0.587304,-0.0183433,-0.0724734,0.0251509,0.496094,10,0,0
event_rate,0.15,event_rate=0.15,recipe:pfeiffer_2013,literature,burst,interval,recall,10,0.759036,0.731755,0.786733,0.0218173,-0.0130968,0.0542204,0.257812,10,0,0
event_rate,0.15,event_rate=0.15,recipe:pfeiffer_2013_ripples,literature,ripple,interval,recall,10,0.737143,0.710092,0.764495,0.00871148,-0.0252005,0.0488004,0.681641,10,0,0
event_rate,0.15,event_rate=0.15,recipe:pfeiffer_2015,literature,ripple,interval,recall,10,0.739048,0.71186,0.76673,0.0106162,-0.0251767,0.0535321,0.654297,10,0,0
event_rate,0.15,event_rate=0.15,recipe:shin_2019,literature,ripple,interval,recall,10,0.710476,0.674199,0.748121,-0.0140336,-0.0493299,0.0203435,0.445312,10,0,0
event_rate,0.15,event_rate=0.15,recipe:silva_2015,literature,burst,interval,recall,10,0.630522,0.599627,0.665331,0.0108902,-0.028596,0.0548841,0.53125,10,0,0
event_rate,0.15,event_rate=0.15,recipe:stella_2019,literature,ripple,interval,recall,10,0.678095,0.632957,0.729684,0.0114286,-0.0280423,0.0602844,0.617188,10,0,0
event_rate,0.15,event_rate=0.15,recipe:tang_2017,literature,ripple,interval,recall,10,0.710476,0.674199,0.748121,-0.0140336,-0.0493299,0.0203435,0.445312,10,0,0
event_rate,0.15,event_rate=0.15,recipe:tirole_2022,literature,network,interval,recall,10,0.516364,0.492254,0.543087,0.00535446,-0.0260052,0.0391223,0.626953,10,0,0
event_rate,0.15,event_rate=0.15,recipe:widloski_2025,literature,ripple,interval,recall,10,0.537143,0.50841,0.566733,0.0292997,-0.0149804,0.0722517,0.257812,10,0,0
event_rate,0.15,event_rate=0.15,recipe:widloski_2025_bursts,literature,burst,interval,recall,10,0.590361,0.556197,0.628108,0.0607091,0.0110741,0.107212,0.0507812,10,0,0
event_rate,0.15,event_rate=0.15,recipe:wikenheiser_2013,literature,ripple,interval,recall,10,0.822857,0.794869,0.85098,-0.0094958,-0.0454489,0.0230567,0.548828,10,0,0
event_rate,0.15,event_rate=0.15,recipe:wu_2014,literature,burst,interval,recall,10,0.859438,0.834702,0.881326,-0.00354793,-0.0357101,0.0276597,0.697266,10,0,0
event_rate,0.15,event_rate=0.15,recipe:wu_2014_ripples,literature,ripple,peak_containment,recall,10,0.902857,0.881989,0.923937,0.00481793,-0.0157657,0.025256,0.714844,10,0,0
event_rate,0.15,event_rate=0.15,recipe:wu_2017,literature,burst,interval,recall,10,0.544177,0.495849,0.589502,0.00941188,-0.0390774,0.0571205,0.804688,10,0,0
event_rate,0.15,event_rate=0.15,recipe:xu_2019,literature,burst,interval,recall,10,0.781124,0.758481,0.802818,0.0336807,0.0067995,0.0565865,0.046875,10,0,0
event_rate,0.15,event_rate=0.15,recipe:yamamoto_2017,literature,network,interval,recall,10,0.585455,0.55575,0.622309,0.0239867,-0.0263281,0.0776224,0.335938,10,0,0
event_rate,0.15,event_rate=0.15,recipe:yang_2024,literature,network,interval,recall,10,0.465455,0.443082,0.486982,0.0489408,0.0195588,0.0845655,0.0136719,10,0,0
event_rate,reference,reference,Carey_candidate_detector,default,network,interval,recall,10,0.817431,0.802458,0.834401,0,0,0,1,10,0,0
event_rate,reference,reference,Karlsson_ripple_detector,default,ripple,interval,recall,10,0.72451,0.706531,0.74433,0,0,0,1,10,0,0
event_rate,reference,reference,Kay_ripple_detector,default,ripple,interval,recall,10,0.827451,0.814342,0.842843,0,0,0,1,10,0,0
event_rate,reference,reference,Long_sharp_wave_ripple_detector,default,ripple,interval,recall,10,0.690196,0.666335,0.713389,0,0,0,1,10,0,0
event_rate,reference,reference,Roumis_ripple_detector,default,ripple,interval,recall,10,0.828431,0.813977,0.844765,0,0,0,1,10,0,0
event_rate,reference,reference,Shvartsman_ripple_detector,default,ripple,interval,recall,10,0.663725,0.64129,0.687835,0,0,0,1,10,0,0
event_rate,reference,reference,Yu_ripple_detector,default,ripple,interval,recall,10,0.848039,0.832833,0.865145,0,0,0,1,10,0,0
event_rate,reference,reference,Zugaro_ripple_detector,default,ripple,interval,recall,10,0.67549,0.654252,0.696335,0,0,0,1,10,0,0
event_rate,reference,reference,multiunit_HSE_detector,default,burst,interval,recall,10,0.931493,0.917158,0.948138,0,0,0,1,10,0,0
event_rate,reference,reference,recipe:ambrose_2016,literature,ripple,interval,recall,10,0.728431,0.699812,0.754759,0,0,0,1,10,0,0
event_rate,reference,reference,recipe:bendor_2012,literature,burst,interval,recall,10,0.669734,0.643002,0.697931,0,0,0,1,10,0,0
event_rate,reference,reference,recipe:berners_lee_2021,literature,ripple,interval,recall,10,0.790196,0.767908,0.813176,0,0,0,1,10,0,0
event_rate,reference,reference,recipe:berners_lee_2022,literature,burst,interval,recall,10,0.683027,0.657603,0.710964,0,0,0,1,10,0,0
event_rate,reference,reference,recipe:bhattarai_2020,literature,network,interval,recall,10,0.383486,0.36426,0.404432,0,0,0,1,10,0,0
event_rate,reference,reference,recipe:bhattarai_2020_ripples,literature,ripple,interval,recall,10,0.464706,0.436362,0.495339,0,0,0,1,10,0,0
event_rate,reference,reference,recipe:bush_2022,literature,burst,interval,recall,10,0.630879,0.597014,0.668706,0,0,0,1,10,0,0
event_rate,reference,reference,recipe:carey_2019,literature,network,interval,recall,10,0.825688,0.806478,0.843953,0,0,0,1,10,0,0
event_rate,reference,reference,recipe:carr_2012,literature,ripple,interval,recall,10,0.72451,0.706531,0.74433,0,0,0,1,10,0,0
event_rate,reference,reference,recipe:chenani_2019,literature,burst,interval,recall,10,0.686094,0.665608,0.709887,0,0,0,1,10,0,0
event_rate,reference,reference,recipe:davidson_2009,literature,burst,interval,recall,10,0.801636,0.785994,0.820324,0,0,0,1,10,0,0
event_rate,reference,reference,recipe:davidson_2009_ripples,literature,ripple,peak_containment,recall,10,0.87549,0.851889,0.898297,0,0,0,1,10,0,0
event_rate,reference,reference,recipe:denovellis_2021,literature,ripple,interval,recall,10,0.828431,0.815282,0.842262,0,0,0,1,10,0,0
event_rate,reference,reference,recipe:denovellis_2021_mua,literature,burst,interval,recall,10,0.93047,0.916838,0.946485,0,0,0,1,10,0,0
event_rate,reference,reference,recipe:diba_2007,literature,burst,interval,recall,10,0.256646,0.22654,0.287224,0,0,0,1,10,0,0
event_rate,reference,reference,recipe:drieu_2018,literature,burst,interval,recall,10,0.786299,0.775775,0.797509,0,0,0,1,10,0,0
event_rate,reference,reference,recipe:farooq_2019_neuron,literature,burst,interval,recall,10,0.280164,0.243652,0.32154,0,0,0,1,10,0,0
event_rate,reference,reference,recipe:farooq_2019_science,literature,burst,interval,recall,10,0.278119,0.242423,0.318476,0,0,0,1,10,0,0
event_rate,reference,reference,recipe:farooq_2019_science_awake,literature,burst,interval,recall,10,0.278119,0.242423,0.318476,0,0,0,1,10,0,0
event_rate,reference,reference,recipe:foster_2006,literature,burst,interval,recall,10,0.148262,0.127082,0.172862,0,0,0,1,10,0,0
event_rate,reference,reference,recipe:foster_2006_ripples,literature,ripple,interval,recall,10,0.0745098,0.0613481,0.0878934,0,0,0,1,10,0,0
event_rate,reference,reference,recipe:gillespie_2021,literature,ripple,interval,recall,10,0.827451,0.814342,0.842843,0,0,0,1,10,0,0
event_rate,reference,reference,recipe:gillespie_2021_mua,literature,burst,interval,recall,10,0.822086,0.803179,0.839827,0,0,0,1,10,0,0
event_rate,reference,reference,recipe:gridchyn_2020,literature,burst,interval,recall,10,0.891616,0.874123,0.907524,0,0,0,1,10,0,0
event_rate,reference,reference,recipe:grosmark_2016,literature,network,interval,recall,10,0.416514,0.386402,0.448061,0,0,0,1,10,0,0
event_rate,reference,reference,recipe:gupta_2010,literature,ripple,interval,recall,10,0.8,0.777446,0.828924,0,0,0,1,10,0,0
event_rate,reference,reference,recipe:harvey_2023_code,literature,ripple,interval,recall,10,0.563725,0.539941,0.588474,0,0,0,1,10,0,0
event_rate,reference,reference,recipe:harvey_2023_no_radiatum,literature,ripple,interval,recall,10,0.597059,0.577734,0.617905,0,0,0,1,10,0,0
event_rate,reference,reference,recipe:harvey_2023_text,literature,ripple,interval,recall,10,0.604902,0.587255,0.62526,0,0,0,1,10,0,0
event_rate,reference,reference,recipe:huelin_gorriz_2023,literature,network,interval,recall,10,0.511009,0.483133,0.539768,0,0,0,1,10,0,0
event_rate,reference,reference,recipe:igata_2021,literature,burst,interval,recall,10,0.932515,0.917901,0.949156,0,0,0,1,10,0,0
event_rate,reference,reference,recipe:igata_2021_ripples,literature,ripple,interval,recall,10,0.872549,0.855652,0.890613,0,0,0,1,10,0,0
event_rate,reference,reference,recipe:jadhav_2016,literature,ripple,interval,recall,10,0.586275,0.554419,0.616468,0,0,0,1,10,0,0
event_rate,reference,reference,recipe:ji_2007,literature,burst,interval,recall,10,0.700409,0.6305,0.748675,0,0,0,1,10,0,0
event_rate,reference,reference,recipe:ji_2007_ripples,literature,ripple,interval,recall,10,0.00490196,0.00101623,0.00883243,0,0,0,1,10,0,0
event_rate,reference,reference,recipe:kaefer_2020,literature,ripple,interval,recall,10,0.0107843,0.00584212,0.0155603,0,0,0,1,10,0,0
event_rate,reference,reference,recipe:karlsson_2009,literature,ripple,interval,recall,10,0.72451,0.706531,0.74433,0,0,0,1,10,0,0
event_rate,reference,reference,recipe:krause_2022,literature,network,interval,recall,10,0.620183,0.594116,0.645529,0,0,0,1,10,0,0
event_rate,reference,reference,recipe:krause_2022_hse,literature,burst,interval,recall,10,0.819018,0.797725,0.839959,0,0,0,1,10,0,0
event_rate,reference,reference,recipe:kudrimoti_1999,literature,ripple,interval,recall,10,0.0245098,0.0174466,0.0338271,0,0,0,1,10,0,0
event_rate,reference,reference,recipe:lee_2002,literature,burst,interval,recall,10,0.949898,0.943786,0.955603,0,0,0,1,10,0,0
event_rate,reference,reference,recipe:lee_2002_ripples,literature,ripple,interval,recall,10,0.0745098,0.0613481,0.0878934,0,0,0,1,10,0,0
event_rate,reference,reference,recipe:liu_2019,literature,burst,interval,recall,10,0.843558,0.811187,0.87384,0,0,0,1,10,0,0
event_rate,reference,reference,recipe:liu_2019_awake,literature,burst,interval,recall,10,0.843558,0.811187,0.87384,0,0,0,1,10,0,0
event_rate,reference,reference,recipe:liu_2023,literature,network,interval,recall,10,0.431193,0.411239,0.451816,0,0,0,1,10,0,0
event_rate,reference,reference,recipe:maboudi_2018,literature,burst,interval,recall,10,0.792434,0.774162,0.811442,0,0,0,1,10,0,0
event_rate,reference,reference,recipe:maboudi_2018_open_field,literature,burst,interval,recall,10,0.737219,0.716188,0.761011,0,0,0,1,10,0,0
event_rate,reference,reference,recipe:mallory_2025,literature,burst,interval,recall,10,0.759714,0.740078,0.779609,0,0,0,1,10,0,0
event_rate,reference,reference,recipe:mallory_2025_ripples,literature,ripple,interval,recall,10,0.690196,0.668886,0.712691,0,0,0,1,10,0,0
event_rate,reference,reference,recipe:michon_2019,literature,network,interval,recall,10,0.250459,0.224122,0.276924,0,0,0,1,10,0,0
event_rate,reference,reference,recipe:michon_2021,literature,network,interval,recall,10,0.250459,0.224122,0.276924,0,0,0,1,10,0,0
event_rate,reference,reference,recipe:mou_2022,literature,burst,interval,recall,10,0.856851,0.829681,0.882724,0,0,0,1,10,0,0
event_rate,reference,reference,recipe:muessig_2019,literature,network,interval,recall,10,0.106422,0.091568,0.12113,0,0,0,1,10,0,0
event_rate,reference,reference,recipe:muessig_2019_ripples,literature,ripple,interval,recall,10,0.87549,0.854298,0.894141,0,0,0,1,10,0,0
event_rate,reference,reference,recipe:nadasdy_1999,literature,ripple,interval,recall,10,0.461765,0.441114,0.485717,0,0,0,1,10,0,0
event_rate,reference,reference,recipe:olafsdottir_2015,literature,burst,interval,recall,10,0.676892,0.654822,0.69798,0,0,0,1,10,0,0
event_rate,reference,reference,recipe:olafsdottir_2015.bayesian_candidates,literature,burst,interval,recall,10,0.612474,0.58635,0.641136,0,0,0,1,10,0,0
event_rate,reference,reference,recipe:olafsdottir_2016,literature,burst,interval,recall,10,0.570552,0.539077,0.609091,0,0,0,1,10,0,0
event_rate,reference,reference,recipe:olafsdottir_2017,literature,burst,interval,recall,10,0.760736,0.745657,0.775992,0,0,0,1,10,0,0
event_rate,reference,reference,recipe:olafsdottir_2017.trajectory,literature,burst,interval,recall,10,0.570552,0.539077,0.609091,0,0,0,1,10,0,0
event_rate,reference,reference,recipe:pfeiffer_2013,literature,burst,interval,recall,10,0.737219,0.716188,0.761011,0,0,0,1,10,0,0
event_rate,reference,reference,recipe:pfeiffer_2013_ripples,literature,ripple,interval,recall,10,0.728431,0.699812,0.754759,0,0,0,1,10,0,0
event_rate,reference,reference,recipe:pfeiffer_2015,literature,ripple,interval,recall,10,0.728431,0.699812,0.754759,0,0,0,1,10,0,0
event_rate,reference,reference,recipe:shin_2019,literature,ripple,interval,recall,10,0.72451,0.706531,0.74433,0,0,0,1,10,0,0
event_rate,reference,reference,recipe:silva_2015,literature,burst,interval,recall,10,0.619632,0.590956,0.648278,0,0,0,1,10,0,0
event_rate,reference,reference,recipe:stella_2019,literature,ripple,interval,recall,10,0.666667,0.649493,0.685394,0,0,0,1,10,0,0
event_rate,reference,reference,recipe:tang_2017,literature,ripple,interval,recall,10,0.72451,0.706531,0.74433,0,0,0,1,10,0,0
event_rate,reference,reference,recipe:tirole_2022,literature,network,interval,recall,10,0.511009,0.483133,0.539768,0,0,0,1,10,0,0
event_rate,reference,reference,recipe:widloski_2025,literature,ripple,interval,recall,10,0.507843,0.469984,0.54879,0,0,0,1,10,0,0
event_rate,reference,reference,recipe:widloski_2025_bursts,literature,burst,interval,recall,10,0.529652,0.491013,0.571436,0,0,0,1,10,0,0
event_rate,reference,reference,recipe:wikenheiser_2013,literature,ripple,interval,recall,10,0.832353,0.80594,0.860302,0,0,0,1,10,0,0
event_rate,reference,reference,recipe:wu_2014,literature,burst,interval,recall,10,0.862986,0.848921,0.877469,0,0,0,1,10,0,0
event_rate,reference,reference,recipe:wu_2014_ripples,literature,ripple,peak_containment,recall,10,0.898039,0.880974,0.916923,0,0,0,1,10,0,0
event_rate,reference,reference,recipe:wu_2017,literature,burst,interval,recall,10,0.534765,0.509803,0.559125,0,0,0,1,10,0,0
event_rate,reference,reference,recipe:xu_2019,literature,burst,interval,recall,10,0.747444,0.729037,0.765482,0,0,0,1,10,0,0
event_rate,reference,reference,recipe:yamamoto_2017,literature,network,interval,recall,10,0.561468,0.529566,0.596138,0,0,0,1,10,0,0
event_rate,reference,reference,recipe:yang_2024,literature,network,interval,recall,10,0.416514,0.386402,0.448061,0,0,0,1,10,0,0
event_rate,0.6,event_rate=0.6,Carey_candidate_detector,default,network,interval,recall,10,0.760713,0.747875,0.774272,-0.0567186,-0.0715677,-0.0414239,0.00195312,10,0,0
event_rate,0.6,event_rate=0.6,Karlsson_ripple_detector,default,ripple,interval,recall,10,0.690206,0.675646,0.703839,-0.0343036,-0.0617484,-0.00985346,0.0351562,10,0,0
event_rate,0.6,event_rate=0.6,Kay_ripple_detector,default,ripple,interval,recall,10,0.791237,0.778464,0.804524,-0.0362139,-0.0548744,-0.0187873,0.00976562,10,0,0
event_rate,0.6,event_rate=0.6,Long_sharp_wave_ripple_detector,default,ripple,interval,recall,10,0.676804,0.662061,0.689096,-0.013392,-0.0481337,0.0195165,0.517578,10,0,0
event_rate,0.6,event_rate=0.6,Roumis_ripple_detector,default,ripple,interval,recall,10,0.792784,0.779599,0.807024,-0.0356479,-0.0548604,-0.0150545,0.015625,10,0,0
event_rate,0.6,event_rate=0.6,Shvartsman_ripple_detector,default,ripple,interval,recall,10,0.625258,0.607635,0.641134,-0.0384678,-0.0682697,-0.00938352,0.0410156,10,0,0
event_rate,0.6,event_rate=0.6,Yu_ripple_detector,default,ripple,interval,recall,10,0.851031,0.841951,0.860786,0.00299171,-0.0138506,0.0207368,0.830078,10,0,0
event_rate,0.6,event_rate=0.6,Zugaro_ripple_detector,default,ripple,interval,recall,10,0.628351,0.61051,0.647495,-0.0471397,-0.0667267,-0.0269888,0.00390625,10,0,0
event_rate,0.6,event_rate=0.6,multiunit_HSE_detector,default,burst,interval,recall,10,0.902452,0.890805,0.915312,-0.0290408,-0.0500175,-0.00733162,0.0449219,10,0,0
event_rate,0.6,event_rate=0.6,recipe:ambrose_2016,literature,ripple,interval,recall,10,0.660309,0.6445,0.675266,-0.0681221,-0.0959318,-0.0432639,0.00390625,10,0,0
event_rate,0.6,event_rate=0.6,recipe:bendor_2012,literature,burst,interval,recall,10,0.575693,0.554724,0.596487,-0.0940412,-0.128202,-0.0664596,0.00195312,10,0,0
event_rate,0.6,event_rate=0.6,recipe:berners_lee_2021,literature,ripple,interval,recall,10,0.755155,0.742109,0.770007,-0.0350414,-0.0548288,-0.0126511,0.015625,10,0,0
event_rate,0.6,event_rate=0.6,recipe:berners_lee_2022,literature,burst,interval,recall,10,0.622068,0.592328,0.648903,-0.0609584,-0.11029,-0.0214252,0.0117188,10,0,0
event_rate,0.6,event_rate=0.6,recipe:bhattarai_2020,literature,network,interval,recall,10,0.338469,0.32708,0.349285,-0.0450173,-0.0660384,-0.0228504,0.0136719,10,0,0
event_rate,0.6,event_rate=0.6,recipe:bhattarai_2020_ripples,literature,ripple,interval,recall,10,0.399485,0.388369,0.410626,-0.0652213,-0.0932635,-0.0376267,0.00390625,10,0,0
event_rate,0.6,event_rate=0.6,recipe:bush_2022,literature,burst,interval,recall,10,0.603945,0.579617,0.627356,-0.0269348,-0.0757117,0.0160781,0.347656,10,0,0
event_rate,0.6,event_rate=0.6,recipe:carey_2019,literature,network,interval,recall,10,0.782378,0.762593,0.802374,-0.0433096,-0.0600863,-0.0288759,0.00195312,10,0,0
event_rate,0.6,event_rate=0.6,recipe:carr_2012,literature,ripple,interval,recall,10,0.690206,0.675646,0.703839,-0.0343036,-0.0617484,-0.00985346,0.0351562,10,0,0
event_rate,0.6,event_rate=0.6,recipe:chenani_2019,literature,burst,interval,recall,10,0.613006,0.594489,0.630308,-0.0730877,-0.10881,-0.040746,0.00195312,10,0,0
event_rate,0.6,event_rate=0.6,recipe:davidson_2009,literature,burst,interval,recall,10,0.733475,0.71586,0.748352,-0.0681605,-0.0915932,-0.0472266,0.00195312,10,0,0
event_rate,0.6,event_rate=0.6,recipe:davidson_2009_ripples,literature,ripple,peak_containment,recall,10,0.815464,0.801436,0.829688,-0.0600263,-0.0798989,-0.0360994,0.00390625,10,0,0
event_rate,0.6,event_rate=0.6,recipe:denovellis_2021,literature,ripple,interval,recall,10,0.791237,0.77624,0.807018,-0.0371943,-0.0599986,-0.0147179,0.0136719,10,0,0
event_rate,0.6,event_rate=0.6,recipe:denovellis_2021_mua,literature,burst,interval,recall,10,0.901919,0.890418,0.914905,-0.0285514,-0.0491566,-0.00740025,0.0410156,10,0,0
event_rate,0.6,event_rate=0.6,recipe:diba_2007,literature,burst,interval,recall,10,0.266525,0.239497,0.290675,0.0098783,-0.0225704,0.0364605,0.591797,10,0,0
event_rate,0.6,event_rate=0.6,recipe:drieu_2018,literature,burst,interval,recall,10,0.712154,0.697966,0.727422,-0.0741451,-0.0972702,-0.0534334,0.00195312,10,0,0
event_rate,0.6,event_rate=0.6,recipe:farooq_2019_neuron,literature,burst,interval,recall,10,0.22548,0.207517,0.242858,-0.0546839,-0.0968924,-0.0121828,0.0371094,10,0,0
event_rate,0.6,event_rate=0.6,recipe:farooq_2019_science,literature,burst,interval,recall,10,0.22548,0.207517,0.242858,-0.0526389,-0.0932599,-0.0111316,0.0410156,10,0,0
event_rate,0.6,event_rate=0.6,recipe:farooq_2019_science_awake,literature,burst,interval,recall,10,0.22548,0.207517,0.242858,-0.0526389,-0.0932599,-0.0111316,0.0410156,10,0,0
event_rate,0.6,event_rate=0.6,recipe:foster_2006,literature,burst,interval,recall,10,0.163113,0.14448,0.181723,0.0148512,-0.00537965,0.0345619,0.228516,10,0,0
event_rate,0.6,event_rate=0.6,recipe:foster_2006_ripples,literature,ripple,interval,recall,10,0.071134,0.0626255,0.0781589,-0.00337578,-0.0128092,0.00566033,0.546875,10,0,0
event_rate,0.6,event_rate=0.6,recipe:gillespie_2021,literature,ripple,interval,recall,10,0.791237,0.778464,0.804524,-0.0362139,-0.0548744,-0.0187873,0.00976562,10,0,0
event_rate,0.6,event_rate=0.6,recipe:gillespie_2021_mua,literature,burst,interval,recall,10,0.748934,0.731249,0.767034,-0.073152,-0.10078,-0.0488224,0.00195312,10,0,0
event_rate,0.6,event_rate=0.6,recipe:gridchyn_2020,literature,burst,interval,recall,10,0.879531,0.865261,0.894479,-0.0120846,-0.0303388,0.00516709,0.273438,10,0,0
event_rate,0.6,event_rate=0.6,recipe:grosmark_2016,literature,network,interval,recall,10,0.361579,0.346452,0.377512,-0.0549346,-0.0922168,-0.0207004,0.0117188,10,0,0
event_rate,0.6,event_rate=0.6,recipe:gupta_2010,literature,ripple,interval,recall,10,0.795361,0.780806,0.807755,-0.00463918,-0.0366994,0.0198957,0.695312,10,0,0
event_rate,0.6,event_rate=0.6,recipe:harvey_2023_code,literature,ripple,interval,recall,10,0.552577,0.541048,0.567103,-0.0111482,-0.041298,0.0207034,0.576172,10,0,0
event_rate,0.6,event_rate=0.6,recipe:harvey_2023_no_radiatum,literature,ripple,interval,recall,10,0.579897,0.566412,0.592593,-0.0171619,-0.0362375,-0.000515328,0.103516,10,0,0
event_rate,0.6,event_rate=0.6,recipe:harvey_2023_text,literature,ripple,interval,recall,10,0.535567,0.526474,0.54526,-0.069335,-0.0925826,-0.04613,0.00195312,10,0,0
event_rate,0.6,event_rate=0.6,recipe:huelin_gorriz_2023,literature,network,interval,recall,10,0.464131,0.452589,0.475243,-0.0468782,-0.0806083,-0.0135762,0.0390625,10,0,0
event_rate,0.6,event_rate=0.6,recipe:igata_2021,literature,burst,interval,recall,10,0.899254,0.889368,0.910287,-0.0332616,-0.0530323,-0.0123577,0.0253906,10,0,0
event_rate,0.6,event_rate=0.6,recipe:igata_2021_ripples,literature,ripple,interval,recall,10,0.835567,0.822071,0.848907,-0.036982,-0.0557746,-0.0204026,0.00585938,10,0,0
event_rate,0.6,event_rate=0.6,recipe:jadhav_2016,literature,ripple,interval,recall,10,0.506701,0.489692,0.523426,-0.0795735,-0.113982,-0.047055,0.00390625,10,0,0
event_rate,0.6,event_rate=0.6,recipe:ji_2007,literature,burst,interval,recall,10,0.719616,0.656429,0.775054,0.0192072,-0.0765794,0.1247,0.767578,10,0,0
event_rate,0.6,event_rate=0.6,recipe:ji_2007_ripples,literature,ripple,interval,recall,10,0.00103093,0,0.00311211,-0.00387103,-0.00674713,-0.000993986,0.125,10,0,0
event_rate,0.6,event_rate=0.6,recipe:kaefer_2020,literature,ripple,interval,recall,10,0.00360825,0.000532191,0.00695894,-0.00717607,-0.0131455,-0.000365671,0.078125,10,0,0
event_rate,0.6,event_rate=0.6,recipe:karlsson_2009,literature,ripple,interval,recall,10,0.690206,0.675646,0.703839,-0.0343036,-0.0617484,-0.00985346,0.0351562,10,0,0
event_rate,0.6,event_rate=0.6,recipe:krause_2022,literature,network,interval,recall,10,0.566683,0.553579,0.580755,-0.0535008,-0.078094,-0.0252909,0.0136719,10,0,0
event_rate,0.6,event_rate=0.6,recipe:krause_2022_hse,literature,burst,interval,recall,10,0.751599,0.737479,0.764554,-0.0674193,-0.0963761,-0.0418268,0.00195312,10,0,0
event_rate,0.6,event_rate=0.6,recipe:kudrimoti_1999,literature,ripple,interval,recall,10,0.014433,0.0098912,0.0188786,-0.0100768,-0.0179347,-0.00267342,0.0449219,10,0,0
event_rate,0.6,event_rate=0.6,recipe:lee_2002,literature,burst,interval,recall,10,0.942431,0.933124,0.950532,-0.00746705,-0.0191486,0.00322062,0.244141,10,0,0
event_rate,0.6,event_rate=0.6,recipe:lee_2002_ripples,literature,ripple,interval,recall,10,0.071134,0.0626255,0.0781589,-0.00337578,-0.0128092,0.00566033,0.546875,10,0,0
event_rate,0.6,event_rate=0.6,recipe:liu_2019,literature,burst,interval,recall,10,0.799574,0.77505,0.82035,-0.0439847,-0.0803044,-0.00826728,0.0585938,10,0,0
event_rate,0.6,event_rate=0.6,recipe:liu_2019_awake,literature,burst,interval,recall,10,0.799574,0.77505,0.82035,-0.0439847,-0.0803044,-0.00826728,0.0585938,10,0,0
event_rate,0.6,event_rate=0.6,recipe:liu_2023,literature,network,interval,recall,10,0.403948,0.390339,0.41765,-0.0272447,-0.051204,-0.00908303,0.00390625,10,0,0
event_rate,0.6,event_rate=0.6,recipe:maboudi_2018,literature,burst,interval,recall,10,0.733475,0.720541,0.746146,-0.0589581,-0.0839502,-0.0362249,0.00390625,10,0,0
event_rate,0.6,event_rate=0.6,recipe:maboudi_2018_open_field,literature,burst,interval,recall,10,0.692964,0.676139,0.708949,-0.0442551,-0.0776359,-0.0153874,0.0175781,10,0,0
event_rate,0.6,event_rate=0.6,recipe:mallory_2025,literature,burst,interval,recall,10,0.698827,0.682656,0.716519,-0.0608864,-0.0936142,-0.0290721,0.00585938,10,0,0
event_rate,0.6,event_rate=0.6,recipe:mallory_2025_ripples,literature,ripple,interval,recall,10,0.637629,0.625995,0.649895,-0.0525672,-0.073156,-0.0315739,0.00390625,10,0,0
event_rate,0.6,event_rate=0.6,recipe:michon_2019,literature,network,interval,recall,10,0.168031,0.152072,0.184096,-0.0824279,-0.111524,-0.0564264,0.00195312,10,0,0
event_rate,0.6,event_rate=0.6,recipe:michon_2021,literature,network,interval,recall,10,0.168031,0.152072,0.184096,-0.0824279,-0.111524,-0.0564264,0.00195312,10,0,0
event_rate,0.6,event_rate=0.6,recipe:mou_2022,literature,burst,interval,recall,10,0.811834,0.793391,0.830482,-0.045017,-0.0771489,-0.0107614,0.0429688,10,0,0
event_rate,0.6,event_rate=0.6,recipe:muessig_2019,literature,network,interval,recall,10,0.0674049,0.0592967,0.0758592,-0.0390171,-0.0541213,-0.0253082,0.00195312,10,0,0
event_rate,0.6,event_rate=0.6,recipe:muessig_2019_ripples,literature,ripple,interval,recall,10,0.835052,0.81424,0.854622,-0.0404386,-0.0635365,-0.00675458,0.0449219,10,0,0
event_rate,0.6,event_rate=0.6,recipe:nadasdy_1999,literature,ripple,interval,recall,10,0.369588,0.353614,0.387649,-0.0921771,-0.113466,-0.0698642,0.00195312,10,0,0
event_rate,0.6,event_rate=0.6,recipe:olafsdottir_2015,literature,burst,interval,recall,10,0.672708,0.647593,0.696696,-0.00418373,-0.0438761,0.0342448,0.878906,10,0,0
event_rate,0.6,event_rate=0.6,recipe:olafsdottir_2015.bayesian_candidates,literature,burst,interval,recall,10,0.601812,0.572793,0.629034,-0.0106621,-0.053241,0.0294881,0.652344,10,0,0
event_rate,0.6,event_rate=0.6,recipe:olafsdottir_2016,literature,burst,interval,recall,10,0.55597,0.527301,0.580011,-0.014582,-0.0636792,0.0307917,0.595703,10,0,0
event_rate,0.6,event_rate=0.6,recipe:olafsdottir_2017,literature,burst,interval,recall,10,0.720149,0.696261,0.739529,-0.0405869,-0.0692373,-0.0177958,0.00390625,10,0,0
event_rate,0.6,event_rate=0.6,recipe:olafsdottir_2017.trajectory,literature,burst,interval,recall,10,0.55597,0.527301,0.580011,-0.014582,-0.0636792,0.0307917,0.595703,10,0,0
event_rate,0.6,event_rate=0.6,recipe:pfeiffer_2013,literature,burst,interval,recall,10,0.692964,0.676139,0.708949,-0.0442551,-0.0776359,-0.0153874,0.0175781,10,0,0
event_rate,0.6,event_rate=0.6,recipe:pfeiffer_2013_ripples,literature,ripple,interval,recall,10,0.660309,0.6445,0.675266,-0.0681221,-0.0959318,-0.0432639,0.00390625,10,0,0
event_rate,0.6,event_rate=0.6,recipe:pfeiffer_2015,literature,ripple,interval,recall,10,0.660309,0.6445,0.675266,-0.0681221,-0.0959318,-0.0432639,0.00390625,10,0,0
event_rate,0.6,event_rate=0.6,recipe:shin_2019,literature,ripple,interval,recall,10,0.690206,0.675646,0.703839,-0.0343036,-0.0617484,-0.00985346,0.0351562,10,0,0
event_rate,0.6,event_rate=0.6,recipe:silva_2015,literature,burst,interval,recall,10,0.567697,0.552447,0.583163,-0.0519347,-0.0847314,-0.0199174,0.00976562,10,0,0
event_rate,0.6,event_rate=0.6,recipe:stella_2019,literature,ripple,interval,recall,10,0.592784,0.576923,0.611294,-0.0738832,-0.0969442,-0.051214,0.00195312,10,0,0
event_rate,0.6,event_rate=0.6,recipe:tang_2017,literature,ripple,interval,recall,10,0.690206,0.675646,0.703839,-0.0343036,-0.0617484,-0.00985346,0.0351562,10,0,0
event_rate,0.6,event_rate=0.6,recipe:tirole_2022,literature,network,interval,recall,10,0.464131,0.452589,0.475243,-0.0468782,-0.0806083,-0.0135762,0.0390625,10,0,0
event_rate,0.6,event_rate=0.6,recipe:widloski_2025,literature,ripple,interval,recall,10,0.431443,0.415513,0.448794,-0.0763998,-0.106262,-0.0483643,0.00195312,10,0,0
event_rate,0.6,event_rate=0.6,recipe:widloski_2025_bursts,literature,burst,interval,recall,10,0.378998,0.360759,0.396383,-0.150654,-0.195538,-0.107577,0.00195312,10,0,0
event_rate,0.6,event_rate=0.6,recipe:wikenheiser_2013,literature,ripple,interval,recall,10,0.815464,0.799151,0.837323,-0.016889,-0.045377,0.00790319,0.201172,10,0,0
event_rate,0.6,event_rate=0.6,recipe:wu_2014,literature,burst,interval,recall,10,0.814499,0.798732,0.829191,-0.0484868,-0.0658477,-0.0327503,0.00195312,10,0,0
event_rate,0.6,event_rate=0.6,recipe:wu_2014_ripples,literature,ripple,peak_containment,recall,10,0.848454,0.832902,0.86312,-0.0495856,-0.0674222,-0.0301466,0.00585938,10,0,0
event_rate,0.6,event_rate=0.6,recipe:wu_2017,literature,burst,interval,recall,10,0.546908,0.52029,0.572269,0.0121435,-0.0304056,0.0483577,0.632812,10,0,0
event_rate,0.6,event_rate=0.6,recipe:xu_2019,literature,burst,interval,recall,10,0.696695,0.682054,0.71026,-0.0507487,-0.0762867,-0.0266075,0.00195312,10,0,0
event_rate,0.6,event_rate=0.6,recipe:yamamoto_2017,literature,network,interval,recall,10,0.511314,0.494296,0.530513,-0.0501535,-0.0939029,-0.00334349,0.078125,10,0,0
event_rate,0.6,event_rate=0.6,recipe:yang_2024,literature,network,interval,recall,10,0.361579,0.346452,0.377512,-0.0549346,-0.0922168,-0.0207004,0.0117188,10,0,0
type_mix,reference,reference,Carey_candidate_detector,default,network,interval,recall,10,0.817431,0.802458,0.834401,0,0,0,1,10,0,0
type_mix,reference,reference,Karlsson_ripple_detector,default,ripple,interval,recall,10,0.72451,0.706531,0.74433,0,0,0,1,10,0,0
type_mix,reference,reference,Kay_ripple_detector,default,ripple,interval,recall,10,0.827451,0.814342,0.842843,0,0,0,1,10,0,0
type_mix,reference,reference,Long_sharp_wave_ripple_detector,default,ripple,interval,recall,10,0.690196,0.666335,0.713389,0,0,0,1,10,0,0
type_mix,reference,reference,Roumis_ripple_detector,default,ripple,interval,recall,10,0.828431,0.813977,0.844765,0,0,0,1,10,0,0
type_mix,reference,reference,Shvartsman_ripple_detector,default,ripple,interval,recall,10,0.663725,0.64129,0.687835,0,0,0,1,10,0,0
type_mix,reference,reference,Yu_ripple_detector,default,ripple,interval,recall,10,0.848039,0.832833,0.865145,0,0,0,1,10,0,0
type_mix,reference,reference,Zugaro_ripple_detector,default,ripple,interval,recall,10,0.67549,0.654252,0.696335,0,0,0,1,10,0,0
type_mix,reference,reference,multiunit_HSE_detector,default,burst,interval,recall,10,0.931493,0.917158,0.948138,0,0,0,1,10,0,0
type_mix,reference,reference,recipe:ambrose_2016,literature,ripple,interval,recall,10,0.728431,0.699812,0.754759,0,0,0,1,10,0,0
type_mix,reference,reference,recipe:bendor_2012,literature,burst,interval,recall,10,0.669734,0.643002,0.697931,0,0,0,1,10,0,0
type_mix,reference,reference,recipe:berners_lee_2021,literature,ripple,interval,recall,10,0.790196,0.767908,0.813176,0,0,0,1,10,0,0
type_mix,reference,reference,recipe:berners_lee_2022,literature,burst,interval,recall,10,0.683027,0.657603,0.710964,0,0,0,1,10,0,0
type_mix,reference,reference,recipe:bhattarai_2020,literature,network,interval,recall,10,0.383486,0.36426,0.404432,0,0,0,1,10,0,0
type_mix,reference,reference,recipe:bhattarai_2020_ripples,literature,ripple,interval,recall,10,0.464706,0.436362,0.495339,0,0,0,1,10,0,0
type_mix,reference,reference,recipe:bush_2022,literature,burst,interval,recall,10,0.630879,0.597014,0.668706,0,0,0,1,10,0,0
type_mix,reference,reference,recipe:carey_2019,literature,network,interval,recall,10,0.825688,0.806478,0.843953,0,0,0,1,10,0,0
type_mix,reference,reference,recipe:carr_2012,literature,ripple,interval,recall,10,0.72451,0.706531,0.74433,0,0,0,1,10,0,0
type_mix,reference,reference,recipe:chenani_2019,literature,burst,interval,recall,10,0.686094,0.665608,0.709887,0,0,0,1,10,0,0
type_mix,reference,reference,recipe:davidson_2009,literature,burst,interval,recall,10,0.801636,0.785994,0.820324,0,0,0,1,10,0,0
type_mix,reference,reference,recipe:davidson_2009_ripples,literature,ripple,peak_containment,recall,10,0.87549,0.851889,0.898297,0,0,0,1,10,0,0
type_mix,reference,reference,recipe:denovellis_2021,literature,ripple,interval,recall,10,0.828431,0.815282,0.842262,0,0,0,1,10,0,0
type_mix,reference,reference,recipe:denovellis_2021_mua,literature,burst,interval,recall,10,0.93047,0.916838,0.946485,0,0,0,1,10,0,0
type_mix,reference,reference,recipe:diba_2007,literature,burst,interval,recall,10,0.256646,0.22654,0.287224,0,0,0,1,10,0,0
type_mix,reference,reference,recipe:drieu_2018,literature,burst,interval,recall,10,0.786299,0.775775,0.797509,0,0,0,1,10,0,0
type_mix,reference,reference,recipe:farooq_2019_neuron,literature,burst,interval,recall,10,0.280164,0.243652,0.32154,0,0,0,1,10,0,0
type_mix,reference,reference,recipe:farooq_2019_science,literature,burst,interval,recall,10,0.278119,0.242423,0.318476,0,0,0,1,10,0,0
type_mix,reference,reference,recipe:farooq_2019_science_awake,literature,burst,interval,recall,10,0.278119,0.242423,0.318476,0,0,0,1,10,0,0
type_mix,reference,reference,recipe:foster_2006,literature,burst,interval,recall,10,0.148262,0.127082,0.172862,0,0,0,1,10,0,0
type_mix,reference,reference,recipe:foster_2006_ripples,literature,ripple,interval,recall,10,0.0745098,0.0613481,0.0878934,0,0,0,1,10,0,0
type_mix,reference,reference,recipe:gillespie_2021,literature,ripple,interval,recall,10,0.827451,0.814342,0.842843,0,0,0,1,10,0,0
type_mix,reference,reference,recipe:gillespie_2021_mua,literature,burst,interval,recall,10,0.822086,0.803179,0.839827,0,0,0,1,10,0,0
type_mix,reference,reference,recipe:gridchyn_2020,literature,burst,interval,recall,10,0.891616,0.874123,0.907524,0,0,0,1,10,0,0
type_mix,reference,reference,recipe:grosmark_2016,literature,network,interval,recall,10,0.416514,0.386402,0.448061,0,0,0,1,10,0,0
type_mix,reference,reference,recipe:gupta_2010,literature,ripple,interval,recall,10,0.8,0.777446,0.828924,0,0,0,1,10,0,0
type_mix,reference,reference,recipe:harvey_2023_code,literature,ripple,interval,recall,10,0.563725,0.539941,0.588474,0,0,0,1,10,0,0
type_mix,reference,reference,recipe:harvey_2023_no_radiatum,literature,ripple,interval,recall,10,0.597059,0.577734,0.617905,0,0,0,1,10,0,0
type_mix,reference,reference,recipe:harvey_2023_text,literature,ripple,interval,recall,10,0.604902,0.587255,0.62526,0,0,0,1,10,0,0
type_mix,reference,reference,recipe:huelin_gorriz_2023,literature,network,interval,recall,10,0.511009,0.483133,0.539768,0,0,0,1,10,0,0
type_mix,reference,reference,recipe:igata_2021,literature,burst,interval,recall,10,0.932515,0.917901,0.949156,0,0,0,1,10,0,0
type_mix,reference,reference,recipe:igata_2021_ripples,literature,ripple,interval,recall,10,0.872549,0.855652,0.890613,0,0,0,1,10,0,0
type_mix,reference,reference,recipe:jadhav_2016,literature,ripple,interval,recall,10,0.586275,0.554419,0.616468,0,0,0,1,10,0,0
type_mix,reference,reference,recipe:ji_2007,literature,burst,interval,recall,10,0.700409,0.6305,0.748675,0,0,0,1,10,0,0
type_mix,reference,reference,recipe:ji_2007_ripples,literature,ripple,interval,recall,10,0.00490196,0.00101623,0.00883243,0,0,0,1,10,0,0
type_mix,reference,reference,recipe:kaefer_2020,literature,ripple,interval,recall,10,0.0107843,0.00584212,0.0155603,0,0,0,1,10,0,0
type_mix,reference,reference,recipe:karlsson_2009,literature,ripple,interval,recall,10,0.72451,0.706531,0.74433,0,0,0,1,10,0,0
type_mix,reference,reference,recipe:krause_2022,literature,network,interval,recall,10,0.620183,0.594116,0.645529,0,0,0,1,10,0,0
type_mix,reference,reference,recipe:krause_2022_hse,literature,burst,interval,recall,10,0.819018,0.797725,0.839959,0,0,0,1,10,0,0
type_mix,reference,reference,recipe:kudrimoti_1999,literature,ripple,interval,recall,10,0.0245098,0.0174466,0.0338271,0,0,0,1,10,0,0
type_mix,reference,reference,recipe:lee_2002,literature,burst,interval,recall,10,0.949898,0.943786,0.955603,0,0,0,1,10,0,0
type_mix,reference,reference,recipe:lee_2002_ripples,literature,ripple,interval,recall,10,0.0745098,0.0613481,0.0878934,0,0,0,1,10,0,0
type_mix,reference,reference,recipe:liu_2019,literature,burst,interval,recall,10,0.843558,0.811187,0.87384,0,0,0,1,10,0,0
type_mix,reference,reference,recipe:liu_2019_awake,literature,burst,interval,recall,10,0.843558,0.811187,0.87384,0,0,0,1,10,0,0
type_mix,reference,reference,recipe:liu_2023,literature,network,interval,recall,10,0.431193,0.411239,0.451816,0,0,0,1,10,0,0
type_mix,reference,reference,recipe:maboudi_2018,literature,burst,interval,recall,10,0.792434,0.774162,0.811442,0,0,0,1,10,0,0
type_mix,reference,reference,recipe:maboudi_2018_open_field,literature,burst,interval,recall,10,0.737219,0.716188,0.761011,0,0,0,1,10,0,0
type_mix,reference,reference,recipe:mallory_2025,literature,burst,interval,recall,10,0.759714,0.740078,0.779609,0,0,0,1,10,0,0
type_mix,reference,reference,recipe:mallory_2025_ripples,literature,ripple,interval,recall,10,0.690196,0.668886,0.712691,0,0,0,1,10,0,0
type_mix,reference,reference,recipe:michon_2019,literature,network,interval,recall,10,0.250459,0.224122,0.276924,0,0,0,1,10,0,0
type_mix,reference,reference,recipe:michon_2021,literature,network,interval,recall,10,0.250459,0.224122,0.276924,0,0,0,1,10,0,0
type_mix,reference,reference,recipe:mou_2022,literature,burst,interval,recall,10,0.856851,0.829681,0.882724,0,0,0,1,10,0,0
type_mix,reference,reference,recipe:muessig_2019,literature,network,interval,recall,10,0.106422,0.091568,0.12113,0,0,0,1,10,0,0
type_mix,reference,reference,recipe:muessig_2019_ripples,literature,ripple,interval,recall,10,0.87549,0.854298,0.894141,0,0,0,1,10,0,0
type_mix,reference,reference,recipe:nadasdy_1999,literature,ripple,interval,recall,10,0.461765,0.441114,0.485717,0,0,0,1,10,0,0
type_mix,reference,reference,recipe:olafsdottir_2015,literature,burst,interval,recall,10,0.676892,0.654822,0.69798,0,0,0,1,10,0,0
type_mix,reference,reference,recipe:olafsdottir_2015.bayesian_candidates,literature,burst,interval,recall,10,0.612474,0.58635,0.641136,0,0,0,1,10,0,0
type_mix,reference,reference,recipe:olafsdottir_2016,literature,burst,interval,recall,10,0.570552,0.539077,0.609091,0,0,0,1,10,0,0
type_mix,reference,reference,recipe:olafsdottir_2017,literature,burst,interval,recall,10,0.760736,0.745657,0.775992,0,0,0,1,10,0,0
type_mix,reference,reference,recipe:olafsdottir_2017.trajectory,literature,burst,interval,recall,10,0.570552,0.539077,0.609091,0,0,0,1,10,0,0
type_mix,reference,reference,recipe:pfeiffer_2013,literature,burst,interval,recall,10,0.737219,0.716188,0.761011,0,0,0,1,10,0,0
type_mix,reference,reference,recipe:pfeiffer_2013_ripples,literature,ripple,interval,recall,10,0.728431,0.699812,0.754759,0,0,0,1,10,0,0
type_mix,reference,reference,recipe:pfeiffer_2015,literature,ripple,interval,recall,10,0.728431,0.699812,0.754759,0,0,0,1,10,0,0
type_mix,reference,reference,recipe:shin_2019,literature,ripple,interval,recall,10,0.72451,0.706531,0.74433,0,0,0,1,10,0,0
type_mix,reference,reference,recipe:silva_2015,literature,burst,interval,recall,10,0.619632,0.590956,0.648278,0,0,0,1,10,0,0
type_mix,reference,reference,recipe:stella_2019,literature,ripple,interval,recall,10,0.666667,0.649493,0.685394,0,0,0,1,10,0,0
type_mix,reference,reference,recipe:tang_2017,literature,ripple,interval,recall,10,0.72451,0.706531,0.74433,0,0,0,1,10,0,0
type_mix,reference,reference,recipe:tirole_2022,literature,network,interval,recall,10,0.511009,0.483133,0.539768,0,0,0,1,10,0,0
type_mix,reference,reference,recipe:widloski_2025,literature,ripple,interval,recall,10,0.507843,0.469984,0.54879,0,0,0,1,10,0,0
type_mix,reference,reference,recipe:widloski_2025_bursts,literature,burst,interval,recall,10,0.529652,0.491013,0.571436,0,0,0,1,10,0,0
type_mix,reference,reference,recipe:wikenheiser_2013,literature,ripple,interval,recall,10,0.832353,0.80594,0.860302,0,0,0,1,10,0,0
type_mix,reference,reference,recipe:wu_2014,literature,burst,interval,recall,10,0.862986,0.848921,0.877469,0,0,0,1,10,0,0
type_mix,reference,reference,recipe:wu_2014_ripples,literature,ripple,peak_containment,recall,10,0.898039,0.880974,0.916923,0,0,0,1,10,0,0
type_mix,reference,reference,recipe:wu_2017,literature,burst,interval,recall,10,0.534765,0.509803,0.559125,0,0,0,1,10,0,0
type_mix,reference,reference,recipe:xu_2019,literature,burst,interval,recall,10,0.747444,0.729037,0.765482,0,0,0,1,10,0,0
type_mix,reference,reference,recipe:yamamoto_2017,literature,network,interval,recall,10,0.561468,0.529566,0.596138,0,0,0,1,10,0,0
type_mix,reference,reference,recipe:yang_2024,literature,network,interval,recall,10,0.416514,0.386402,0.448061,0,0,0,1,10,0,0
type_mix,swr_only,type_mix=swr_only,Carey_candidate_detector,default,network,interval,recall,10,0.976147,0.967741,0.985131,0.158716,0.139274,0.174506,0.00195312,10,0,0
type_mix,swr_only,type_mix=swr_only,Karlsson_ripple_detector,default,ripple,interval,recall,10,0.910092,0.895417,0.92135,0.185582,0.163255,0.204826,0.00195312,10,0,0
type_mix,swr_only,type_mix=swr_only,Kay_ripple_detector,default,ripple,interval,recall,10,0.975229,0.966345,0.982914,0.147778,0.133265,0.162641,0.00195312,10,0,0
type_mix,swr_only,type_mix=swr_only,Long_sharp_wave_ripple_detector,default,ripple,interval,recall,10,0.765138,0.750445,0.77768,0.0749415,0.0551801,0.097678,0.00195312,10,0,0
type_mix,swr_only,type_mix=swr_only,Roumis_ripple_detector,default,ripple,interval,recall,10,0.979817,0.970836,0.987308,0.151385,0.133736,0.167987,0.00195312,10,0,0
type_mix,swr_only,type_mix=swr_only,Shvartsman_ripple_detector,default,ripple,interval,recall,10,0.844037,0.819909,0.864394,0.180311,0.153639,0.20666,0.00195312,10,0,0
type_mix,swr_only,type_mix=swr_only,Yu_ripple_detector,default,ripple,interval,recall,10,0.982569,0.976744,0.988417,0.13453,0.121481,0.145883,0.00195312,10,0,0
type_mix,swr_only,type_mix=swr_only,Zugaro_ripple_detector,default,ripple,interval,recall,10,0.792661,0.760906,0.821396,0.11717,0.0898277,0.144739,0.00195312,10,0,0
type_mix,swr_only,type_mix=swr_only,multiunit_HSE_detector,default,burst,interval,recall,10,0.966055,0.955356,0.976723,0.0345622,0.0156161,0.0541449,0.0136719,10,0,0
type_mix,swr_only,type_mix=swr_only,recipe:ambrose_2016,literature,ripple,interval,recall,10,0.943119,0.931922,0.9557,0.214688,0.188657,0.240697,0.00195312,10,0,0
type_mix,swr_only,type_mix=swr_only,recipe:bendor_2012,literature,burst,interval,recall,10,0.724771,0.703258,0.74442,0.0550365,0.0316543,0.0817775,0.00195312,10,0,0
type_mix,swr_only,type_mix=swr_only,recipe:berners_lee_2021,literature,ripple,interval,recall,10,0.978899,0.972702,0.984943,0.188703,0.169374,0.205998,0.00195312,10,0,0
type_mix,swr_only,type_mix=swr_only,recipe:berners_lee_2022,literature,burst,interval,recall,10,0.69633,0.678603,0.717088,0.0133037,-0.0131514,0.0410725,0.433594,10,0,0
type_mix,swr_only,type_mix=swr_only,recipe:bhattarai_2020,literature,network,interval,recall,10,0.520183,0.502189,0.539017,0.136697,0.107841,0.164443,0.00195312,10,0,0
type_mix,swr_only,type_mix=swr_only,recipe:bhattarai_2020_ripples,literature,ripple,interval,recall,10,0.587156,0.559288,0.618219,0.12245,0.0929731,0.148694,0.00195312,10,0,0
type_mix,swr_only,type_mix=swr_only,recipe:bush_2022,literature,burst,interval,recall,10,0.710092,0.686958,0.728228,0.0792124,0.0428712,0.111816,0.00585938,10,0,0
type_mix,swr_only,type_mix=swr_only,recipe:carey_2019,literature,network,interval,recall,10,0.968807,0.959433,0.979727,0.143119,0.126059,0.159905,0.00195312,10,0,0
type_mix,swr_only,type_mix=swr_only,recipe:carr_2012,literature,ripple,interval,recall,10,0.910092,0.895417,0.92135,0.185582,0.163255,0.204826,0.00195312,10,0,0
type_mix,swr_only,type_mix=swr_only,recipe:chenani_2019,literature,burst,interval,recall,10,0.76789,0.747355,0.792416,0.0817958,0.0577437,0.110048,0.00195312,10,0,0
type_mix,swr_only,type_mix=swr_only,recipe:davidson_2009,literature,burst,interval,recall,10,0.877982,0.860169,0.895033,0.0763457,0.0472737,0.103288,0.00390625,10,0,0
type_mix,swr_only,type_mix=swr_only,recipe:davidson_2009_ripples,literature,ripple,peak_containment,recall,10,0.963303,0.951261,0.974218,0.0878126,0.069352,0.106192,0.00195312,10,0,0
type_mix,swr_only,type_mix=swr_only,recipe:denovellis_2021,literature,ripple,interval,recall,10,0.97156,0.962512,0.979982,0.143128,0.127422,0.158699,0.00195312,10,0,0
type_mix,swr_only,type_mix=swr_only,recipe:denovellis_2021_mua,literature,burst,interval,recall,10,0.965138,0.952678,0.976535,0.0346673,0.0166781,0.0542291,0.0078125,10,0,0
type_mix,swr_only,type_mix=swr_only,recipe:diba_2007,literature,burst,interval,recall,10,0.277064,0.247309,0.304836,0.020418,-0.00145308,0.0374622,0.109375,10,0,0
type_mix,swr_only,type_mix=swr_only,recipe:drieu_2018,literature,burst,interval,recall,10,0.870642,0.855363,0.886527,0.0843436,0.0659539,0.102432,0.00195312,10,0,0
type_mix,swr_only,type_mix=swr_only,recipe:farooq_2019_neuron,literature,burst,interval,recall,10,0.265138,0.248699,0.283037,-0.015026,-0.0425557,0.0107493,0.353516,10,0,0
type_mix,swr_only,type_mix=swr_only,recipe:farooq_2019_science,literature,burst,interval,recall,10,0.263303,0.245856,0.282081,-0.0148159,-0.0415675,0.00983737,0.339844,10,0,0
type_mix,swr_only,type_mix=swr_only,recipe:farooq_2019_science_awake,literature,burst,interval,recall,10,0.263303,0.245856,0.282081,-0.0148159,-0.0415675,0.00983737,0.339844,10,0,0
type_mix,swr_only,type_mix=swr_only,recipe:foster_2006,literature,burst,interval,recall,10,0.144037,0.122722,0.166821,-0.00422506,-0.019361,0.0133045,0.65625,10,0,0
type_mix,swr_only,type_mix=swr_only,recipe:foster_2006_ripples,literature,ripple,interval,recall,10,0.0917431,0.0803559,0.104,0.0172333,0.00576852,0.0286919,0.0234375,10,0,0
type_mix,swr_only,type_mix=swr_only,recipe:gillespie_2021,literature,ripple,interval,recall,10,0.975229,0.966345,0.982914,0.147778,0.133265,0.162641,0.00195312,10,0,0
type_mix,swr_only,type_mix=swr_only,recipe:gillespie_2021_mua,literature,burst,interval,recall,10,0.898165,0.88261,0.913284,0.0760792,0.0466338,0.103546,0.00390625,10,0,0
type_mix,swr_only,type_mix=swr_only,recipe:gridchyn_2020,literature,burst,interval,recall,10,0.946789,0.931063,0.962015,0.0551734,0.0346237,0.0746044,0.00585938,10,0,0
type_mix,swr_only,type_mix=swr_only,recipe:grosmark_2016,literature,network,interval,recall,10,0.586239,0.562103,0.609506,0.169725,0.14854,0.189334,0.00195312,10,0,0
type_mix,swr_only,type_mix=swr_only,recipe:gupta_2010,literature,ripple,interval,recall,10,0.877982,0.857008,0.896862,0.0779817,0.0585795,0.0948458,0.00195312,10,0,0
type_mix,swr_only,type_mix=swr_only,recipe:harvey_2023_code,literature,ripple,interval,recall,10,0.679817,0.656763,0.700178,0.116091,0.0936044,0.142432,0.00195312,10,0,0
type_mix,swr_only,type_mix=swr_only,recipe:harvey_2023_no_radiatum,literature,ripple,interval,recall,10,0.818349,0.801872,0.833973,0.22129,0.205574,0.235471,0.00195312,10,0,0
type_mix,swr_only,type_mix=swr_only,recipe:harvey_2023_text,literature,ripple,interval,recall,10,0.700917,0.672566,0.731133,0.0960155,0.0758585,0.11983,0.00195312,10,0,0
type_mix,swr_only,type_mix=swr_only,recipe:huelin_gorriz_2023,literature,network,interval,recall,10,0.677064,0.652972,0.700586,0.166055,0.135898,0.19526,0.00195312,10,0,0
type_mix,swr_only,type_mix=swr_only,recipe:igata_2021,literature,burst,interval,recall,10,0.96789,0.957102,0.977819,0.0353746,0.0172664,0.0540781,0.0078125,10,0,0
type_mix,swr_only,type_mix=swr_only,recipe:igata_2021_ripples,literature,ripple,interval,recall,10,0.93945,0.920828,0.957023,0.0669005,0.0388971,0.091812,0.00585938,10,0,0
type_mix,swr_only,type_mix=swr_only,recipe:jadhav_2016,literature,ripple,interval,recall,10,0.751376,0.732125,0.771961,0.165102,0.142333,0.191272,0.00195312,10,0,0
type_mix,swr_only,type_mix=swr_only,recipe:ji_2007,literature,burst,interval,recall,10,0.8,0.771669,0.829486,0.099591,0.0387073,0.194166,0.00390625,10,0,0
type_mix,swr_only,type_mix=swr_only,recipe:ji_2007_ripples,literature,ripple,interval,recall,10,0.00458716,0.000929346,0.00865405,-0.000314805,-0.00386553,0.00342027,1,10,0,0
type_mix,swr_only,type_mix=swr_only,recipe:kaefer_2020,literature,ripple,interval,recall,10,0.00366972,0.000914892,0.00648764,-0.00711459,-0.0110385,-0.0033872,0.015625,10,0,0
type_mix,swr_only,type_mix=swr_only,recipe:karlsson_2009,literature,ripple,interval,recall,10,0.910092,0.895417,0.92135,0.185582,0.163255,0.204826,0.00195312,10,0,0
type_mix,swr_only,type_mix=swr_only,recipe:krause_2022,literature,network,interval,recall,10,0.883486,0.861366,0.902331,0.263303,0.238743,0.287042,0.00195312,10,0,0
type_mix,swr_only,type_mix=swr_only,recipe:krause_2022_hse,literature,burst,interval,recall,10,0.888991,0.871893,0.907372,0.0699724,0.0404656,0.097638,0.00585938,10,0,0
type_mix,swr_only,type_mix=swr_only,recipe:kudrimoti_1999,literature,ripple,interval,recall,10,0.0266055,0.0181294,0.0356849,0.0020957,-0.00794262,0.011775,0.773438,10,0,0
type_mix,swr_only,type_mix=swr_only,recipe:lee_2002,literature,burst,interval,recall,10,0.973394,0.966724,0.980189,0.0234967,0.0139416,0.0314513,0.00585938,10,0,0
type_mix,swr_only,type_mix=swr_only,recipe:lee_2002_ripples,literature,ripple,interval,recall,10,0.0917431,0.0803559,0.104,0.0172333,0.00576852,0.0286919,0.0234375,10,0,0
type_mix,swr_only,type_mix=swr_only,recipe:liu_2019,literature,burst,interval,recall,10,0.86055,0.83333,0.88685,0.0169922,-0.00102363,0.03819,0.134766,10,0,0
type_mix,swr_only,type_mix=swr_only,recipe:liu_2019_awake,literature,burst,interval,recall,10,0.86055,0.83333,0.88685,0.0169922,-0.00102363,0.03819,0.134766,10,0,0
type_mix,swr_only,type_mix=swr_only,recipe:liu_2023,literature,network,interval,recall,10,0.536697,0.506192,0.563913,0.105505,0.0758202,0.138441,0.00195312,10,0,0
type_mix,swr_only,type_mix=swr_only,recipe:maboudi_2018,literature,burst,interval,recall,10,0.878899,0.861366,0.898133,0.0864655,0.057584,0.110625,0.00390625,10,0,0
type_mix,swr_only,type_mix=swr_only,recipe:maboudi_2018_open_field,literature,burst,interval,recall,10,0.821101,0.800551,0.840645,0.0838821,0.0607415,0.105441,0.00195312,10,0,0
type_mix,swr_only,type_mix=swr_only,recipe:mallory_2025,literature,burst,interval,recall,10,0.852294,0.829289,0.8759,0.0925799,0.0755458,0.111878,0.00195312,10,0,0
type_mix,swr_only,type_mix=swr_only,recipe:mallory_2025_ripples,literature,ripple,interval,recall,10,0.882569,0.867542,0.898551,0.192373,0.169776,0.212196,0.00195312,10,0,0
type_mix,swr_only,type_mix=swr_only,recipe:michon_2019,literature,network,interval,recall,10,0.294495,0.259593,0.320154,0.0440367,0.0144282,0.0744888,0.0351562,10,0,0
type_mix,swr_only,type_mix=swr_only,recipe:michon_2021,literature,network,interval,recall,10,0.294495,0.259593,0.320154,0.0440367,0.0144282,0.0744888,0.0351562,10,0,0
type_mix,swr_only,type_mix=swr_only,recipe:mou_2022,literature,burst,interval,recall,10,0.917431,0.904109,0.932406,0.0605805,0.0324101,0.0847534,0.0078125,10,0,0
type_mix,swr_only,type_mix=swr_only,recipe:muessig_2019,literature,network,interval,recall,10,0.0926606,0.0772023,0.108135,-0.0137615,-0.0353492,0.00685229,0.261719,10,0,0
type_mix,swr_only,type_mix=swr_only,recipe:muessig_2019_ripples,literature,ripple,interval,recall,10,0.930275,0.907998,0.949697,0.054785,0.0298364,0.0774866,0.00585938,10,0,0
type_mix,swr_only,type_mix=swr_only,recipe:nadasdy_1999,literature,ripple,interval,recall,10,0.544954,0.520926,0.574269,0.0831894,0.0669207,0.0999434,0.00195312,10,0,0
type_mix,swr_only,type_mix=swr_only,recipe:olafsdottir_2015,literature,burst,interval,recall,10,0.778899,0.759711,0.79944,0.102007,0.0816995,0.122115,0.00195312,10,0,0
type_mix,swr_only,type_mix=swr_only,recipe:olafsdottir_2015.bayesian_candidates,literature,burst,interval,recall,10,0.692661,0.674012,0.707866,0.0801861,0.0557463,0.0989361,0.00390625,10,0,0
type_mix,swr_only,type_mix=swr_only,recipe:olafsdottir_2016,literature,burst,interval,recall,10,0.637615,0.61451,0.657011,0.0670625,0.0354575,0.0936446,0.0078125,10,0,0
type_mix,swr_only,type_mix=swr_only,recipe:olafsdottir_2017,literature,burst,interval,recall,10,0.831193,0.802455,0.861268,0.0704565,0.0431377,0.0974984,0.00390625,10,0,0
type_mix,swr_only,type_mix=swr_only,recipe:olafsdottir_2017.trajectory,literature,burst,interval,recall,10,0.637615,0.61451,0.657011,0.0670625,0.0354575,0.0936446,0.0078125,10,0,0
type_mix,swr_only,type_mix=swr_only,recipe:pfeiffer_2013,literature,burst,interval,recall,10,0.821101,0.800551,0.840645,0.0838821,0.0607415,0.105441,0.00195312,10,0,0
type_mix,swr_only,type_mix=swr_only,recipe:pfeiffer_2013_ripples,literature,ripple,interval,recall,10,0.943119,0.931922,0.9557,0.214688,0.188657,0.240697,0.00195312,10,0,0
type_mix,swr_only,type_mix=swr_only,recipe:pfeiffer_2015,literature,ripple,interval,recall,10,0.942202,0.930908,0.955293,0.21377,0.188083,0.240354,0.00195312,10,0,0
type_mix,swr_only,type_mix=swr_only,recipe:shin_2019,literature,ripple,interval,recall,10,0.910092,0.895417,0.92135,0.185582,0.163255,0.204826,0.00195312,10,0,0
type_mix,swr_only,type_mix=swr_only,recipe:silva_2015,literature,burst,interval,recall,10,0.653211,0.633302,0.675047,0.0335791,0.00796692,0.0621855,0.0507812,10,0,0
type_mix,swr_only,type_mix=swr_only,recipe:stella_2019,literature,ripple,interval,recall,10,0.766972,0.739088,0.791153,0.100306,0.0729156,0.123052,0.00390625,10,0,0
type_mix,swr_only,type_mix=swr_only,recipe:tang_2017,literature,ripple,interval,recall,10,0.910092,0.895417,0.92135,0.185582,0.163255,0.204826,0.00195312,10,0,0
type_mix,swr_only,type_mix=swr_only,recipe:tirole_2022,literature,network,interval,recall,10,0.677982,0.654043,0.701203,0.166972,0.136148,0.197394,0.00195312,10,0,0
type_mix,swr_only,type_mix=swr_only,recipe:widloski_2025,literature,ripple,interval,recall,10,0.666972,0.623943,0.707911,0.159129,0.133742,0.182901,0.00195312,10,0,0
type_mix,swr_only,type_mix=swr_only,recipe:widloski_2025_bursts,literature,burst,interval,recall,10,0.545872,0.520281,0.572116,0.0162192,-0.0106849,0.042021,0.287109,10,0,0
type_mix,swr_only,type_mix=swr_only,recipe:wikenheiser_2013,literature,ripple,interval,recall,10,0.96055,0.948275,0.972951,0.128198,0.106505,0.147728,0.00195312,10,0,0
type_mix,swr_only,type_mix=swr_only,recipe:wu_2014,literature,burst,interval,recall,10,0.933945,0.922083,0.946157,0.0709593,0.0513884,0.0884997,0.00195312,10,0,0
type_mix,swr_only,type_mix=swr_only,recipe:wu_2014_ripples,literature,ripple,peak_containment,recall,10,0.978899,0.968253,0.988086,0.0808599,0.065191,0.0974912,0.00195312,10,0,0
type_mix,swr_only,type_mix=swr_only,recipe:wu_2017,literature,burst,interval,recall,10,0.62844,0.605563,0.64981,0.0936755,0.0648075,0.122811,0.00195312,10,0,0
type_mix,swr_only,type_mix=swr_only,recipe:xu_2019,literature,burst,interval,recall,10,0.831193,0.810909,0.853196,0.0837489,0.0646432,0.104593,0.00195312,10,0,0
type_mix,swr_only,type_mix=swr_only,recipe:yamamoto_2017,literature,network,interval,recall,10,0.751376,0.731638,0.768902,0.189908,0.148467,0.227406,0.00195312,10,0,0
type_mix,swr_only,type_mix=swr_only,recipe:yang_2024,literature,network,interval,recall,10,0.586239,0.562103,0.609506,0.169725,0.14854,0.189334,0.00195312,10,0,0
type_mix,hard,type_mix=hard,Carey_candidate_detector,default,network,interval,recall,10,0.736986,0.716873,0.75891,-0.0804449,-0.105788,-0.0551757,0.00390625,10,0,0
type_mix,hard,type_mix=hard,Karlsson_ripple_detector,default,ripple,interval,recall,10,0.53527,0.504972,0.560001,-0.18924,-0.227884,-0.160489,0.00195312,10,0,0
type_mix,hard,type_mix=hard,Kay_ripple_detector,default,ripple,interval,recall,10,0.674274,0.647579,0.6999,-0.153177,-0.171533,-0.132748,0.00195312,10,0,0
type_mix,hard,type_mix=hard,Long_sharp_wave_ripple_detector,default,ripple,interval,recall,10,0.579876,0.560792,0.597909,-0.110321,-0.135644,-0.0805447,0.00195312,10,0,0
type_mix,hard,type_mix=hard,Roumis_ripple_detector,default,ripple,interval,recall,10,0.66805,0.644309,0.691791,-0.160382,-0.173801,-0.141822,0.00195312,10,0,0
type_mix,hard,type_mix=hard,Shvartsman_ripple_detector,default,ripple,interval,recall,10,0.474066,0.43846,0.504865,-0.189659,-0.238001,-0.154661,0.00195312,10,0,0
type_mix,hard,type_mix=hard,Yu_ripple_detector,default,ripple,interval,recall,10,0.705394,0.682443,0.728408,-0.142645,-0.161338,-0.121453,0.00195312,10,0,0
type_mix,hard,type_mix=hard,Zugaro_ripple_detector,default,ripple,interval,recall,10,0.526971,0.469942,0.574933,-0.148519,-0.197337,-0.108044,0.00195312,10,0,0
type_mix,hard,type_mix=hard,multiunit_HSE_detector,default,burst,interval,recall,10,0.908894,0.887264,0.931258,-0.0225991,-0.0461961,-0.000208869,0.0996094,10,0,0
type_mix,hard,type_mix=hard,recipe:ambrose_2016,literature,ripple,interval,recall,10,0.547718,0.521285,0.574058,-0.180714,-0.20148,-0.163687,0.00195312,10,0,0
type_mix,hard,type_mix=hard,recipe:bendor_2012,literature,burst,interval,recall,10,0.579176,0.54618,0.611055,-0.0905584,-0.133601,-0.0495794,0.00195312,10,0,0
type_mix,hard,type_mix=hard,recipe:berners_lee_2021,literature,ripple,interval,recall,10,0.635892,0.605286,0.668394,-0.154304,-0.176193,-0.132706,0.00195312,10,0,0
type_mix,hard,type_mix=hard,recipe:berners_lee_2022,literature,burst,interval,recall,10,0.62256,0.59875,0.649162,-0.0604669,-0.0882722,-0.0328046,0.00390625,10,0,0
type_mix,hard,type_mix=hard,recipe:bhattarai_2020,literature,network,interval,recall,10,0.248402,0.215082,0.277299,-0.135084,-0.177632,-0.0955004,0.00195312,10,0,0
type_mix,hard,type_mix=hard,recipe:bhattarai_2020_ripples,literature,ripple,interval,recall,10,0.311203,0.282609,0.337665,-0.153503,-0.198056,-0.11224,0.00195312,10,0,0
type_mix,hard,type_mix=hard,recipe:bush_2022,literature,burst,interval,recall,10,0.508677,0.474853,0.536264,-0.122203,-0.176603,-0.0772453,0.00195312,10,0,0
type_mix,hard,type_mix=hard,recipe:carey_2019,literature,network,interval,recall,10,0.751598,0.730735,0.774369,-0.0740899,-0.0930444,-0.0533219,0.00195312,10,0,0
type_mix,hard,type_mix=hard,recipe:carr_2012,literature,ripple,interval,recall,10,0.53527,0.504972,0.560001,-0.18924,-0.227884,-0.160489,0.00195312,10,0,0
type_mix,hard,type_mix=hard,recipe:chenani_2019,literature,burst,interval,recall,10,0.563991,0.532608,0.591565,-0.122103,-0.168621,-0.0804853,0.00195312,10,0,0
type_mix,hard,type_mix=hard,recipe:davidson_2009,literature,burst,interval,recall,10,0.749458,0.717746,0.77779,-0.0521783,-0.0823806,-0.0224953,0.0175781,10,0,0
type_mix,hard,type_mix=hard,recipe:davidson_2009_ripples,literature,ripple,peak_containment,recall,10,0.748963,0.718277,0.774663,-0.126528,-0.151725,-0.101172,0.00195312,10,0,0
type_mix,hard,type_mix=hard,recipe:denovellis_2021,literature,ripple,interval,recall,10,0.667012,0.638886,0.692811,-0.161419,-0.186278,-0.140542,0.00195312,10,0,0
type_mix,hard,type_mix=hard,recipe:denovellis_2021_mua,literature,burst,interval,recall,10,0.907809,0.886673,0.930214,-0.0226612,-0.0451995,-0.000734027,0.0976562,10,0,0
type_mix,hard,type_mix=hard,recipe:diba_2007,literature,burst,interval,recall,10,0.191974,0.155572,0.223929,-0.0646722,-0.094251,-0.0354392,0.00585938,10,0,0
type_mix,hard,type_mix=hard,recipe:drieu_2018,literature,burst,interval,recall,10,0.665944,0.638976,0.688508,-0.120355,-0.145283,-0.100049,0.00195312,10,0,0
type_mix,hard,type_mix=hard,recipe:farooq_2019_neuron,literature,burst,interval,recall,10,0.272234,0.24743,0.298545,-0.00792933,-0.0519194,0.0244789,0.638672,10,0,0
type_mix,hard,type_mix=hard,recipe:farooq_2019_science,literature,burst,interval,recall,10,0.27115,0.245936,0.297625,-0.00696893,-0.0494649,0.0246051,0.650391,10,0,0
type_mix,hard,type_mix=hard,recipe:farooq_2019_science_awake,literature,burst,interval,recall,10,0.27115,0.245936,0.297625,-0.00696893,-0.0494649,0.0246051,0.650391,10,0,0
type_mix,hard,type_mix=hard,recipe:foster_2006,literature,burst,interval,recall,10,0.116052,0.095756,0.133909,-0.0322097,-0.0570584,-0.00927205,0.0292969,10,0,0
type_mix,hard,type_mix=hard,recipe:foster_2006_ripples,literature,ripple,interval,recall,10,0.0798755,0.0650393,0.0937533,0.00536571,-0.00672001,0.0180358,0.341797,10,0,0
type_mix,hard,type_mix=hard,recipe:gillespie_2021,literature,ripple,interval,recall,10,0.674274,0.647579,0.6999,-0.153177,-0.171533,-0.132748,0.00195312,10,0,0
type_mix,hard,type_mix=hard,recipe:gillespie_2021_mua,literature,burst,interval,recall,10,0.766811,0.733898,0.796809,-0.0552746,-0.0896979,-0.0214394,0.0253906,10,0,0
type_mix,hard,type_mix=hard,recipe:gridchyn_2020,literature,burst,interval,recall,10,0.87744,0.855692,0.897196,-0.0141752,-0.0367723,0.00860916,0.246094,10,0,0
type_mix,hard,type_mix=hard,recipe:grosmark_2016,literature,network,interval,recall,10,0.296804,0.266659,0.323254,-0.11971,-0.161867,-0.0807353,0.00195312,10,0,0
type_mix,hard,type_mix=hard,recipe:gupta_2010,literature,ripple,interval,recall,10,0.755187,0.727714,0.787386,-0.0448133,-0.0675192,-0.0180741,0.0136719,10,0,0
type_mix,hard,type_mix=hard,recipe:harvey_2023_code,literature,ripple,interval,recall,10,0.442946,0.419493,0.467718,-0.120779,-0.153502,-0.0828674,0.00195312,10,0,0
type_mix,hard,type_mix=hard,recipe:harvey_2023_no_radiatum,literature,ripple,interval,recall,10,0.419087,0.388073,0.451302,-0.177972,-0.210265,-0.145007,0.00195312,10,0,0
type_mix,hard,type_mix=hard,recipe:harvey_2023_text,literature,ripple,interval,recall,10,0.456432,0.423764,0.483419,-0.14847,-0.197049,-0.109892,0.00195312,10,0,0
type_mix,hard,type_mix=hard,recipe:huelin_gorriz_2023,literature,network,interval,recall,10,0.326941,0.299135,0.350223,-0.184069,-0.229101,-0.140863,0.00195312,10,0,0
type_mix,hard,type_mix=hard,recipe:igata_2021,literature,burst,interval,recall,10,0.913232,0.893709,0.931749,-0.0192832,-0.0411618,-0.00042463,0.123047,10,0,0
type_mix,hard,type_mix=hard,recipe:igata_2021_ripples,literature,ripple,interval,recall,10,0.772822,0.746094,0.795682,-0.0997274,-0.131948,-0.072992,0.00195312,10,0,0
type_mix,hard,type_mix=hard,recipe:jadhav_2016,literature,ripple,interval,recall,10,0.425311,0.408798,0.441482,-0.160963,-0.194216,-0.130381,0.00195312,10,0,0
type_mix,hard,type_mix=hard,recipe:ji_2007,literature,burst,interval,recall,10,0.626898,0.58151,0.671092,-0.073511,-0.137071,-0.00770217,0.0625,10,0,0
type_mix,hard,type_mix=hard,recipe:ji_2007_ripples,literature,ripple,interval,recall,10,0.00414938,0,0.0090389,-0.000752583,-0.00392937,0.00242885,1,10,0,0
type_mix,hard,type_mix=hard,recipe:kaefer_2020,literature,ripple,interval,recall,10,0.0103734,0.00600601,0.0145434,-0.00041087,-0.00545834,0.00471269,1,10,0,0
type_mix,hard,type_mix=hard,recipe:karlsson_2009,literature,ripple,interval,recall,10,0.53527,0.504972,0.560001,-0.18924,-0.227884,-0.160489,0.00195312,10,0,0
type_mix,hard,type_mix=hard,recipe:krause_2022,literature,network,interval,recall,10,0.414612,0.388571,0.439394,-0.205572,-0.22856,-0.183283,0.00195312,10,0,0
type_mix,hard,type_mix=hard,recipe:krause_2022_hse,literature,burst,interval,recall,10,0.776573,0.749722,0.80089,-0.0424457,-0.0704538,-0.0139429,0.0214844,10,0,0
type_mix,hard,type_mix=hard,recipe:kudrimoti_1999,literature,ripple,interval,recall,10,0.0103734,0.00525721,0.0162162,-0.0141364,-0.0207567,-0.00651861,0.0078125,10,0,0
type_mix,hard,type_mix=hard,recipe:lee_2002,literature,burst,interval,recall,10,0.912148,0.896396,0.930634,-0.0377502,-0.054631,-0.0194038,0.0117188,10,0,0
type_mix,hard,type_mix=hard,recipe:lee_2002_ripples,literature,ripple,interval,recall,10,0.0798755,0.0650393,0.0937533,0.00536571,-0.00672001,0.0180358,0.341797,10,0,0
type_mix,hard,type_mix=hard,recipe:liu_2019,literature,burst,interval,recall,10,0.835141,0.800436,0.864487,-0.00841728,-0.0473016,0.030139,0.685547,10,0,0
type_mix,hard,type_mix=hard,recipe:liu_2019_awake,literature,burst,interval,recall,10,0.835141,0.800436,0.864487,-0.00841728,-0.0473016,0.030139,0.685547,10,0,0
type_mix,hard,type_mix=hard,recipe:liu_2023,literature,network,interval,recall,10,0.296804,0.279695,0.312331,-0.134389,-0.156361,-0.111948,0.00195312,10,0,0
type_mix,hard,type_mix=hard,recipe:maboudi_2018,literature,burst,interval,recall,10,0.722343,0.689278,0.749223,-0.0700908,-0.101172,-0.0413476,0.00390625,10,0,0
type_mix,hard,type_mix=hard,recipe:maboudi_2018_open_field,literature,burst,interval,recall,10,0.614967,0.577177,0.646809,-0.122251,-0.183386,-0.0732531,0.00195312,10,0,0
type_mix,hard,type_mix=hard,recipe:mallory_2025,literature,burst,interval,recall,10,0.649675,0.612622,0.681625,-0.110039,-0.164419,-0.0603795,0.00390625,10,0,0
type_mix,hard,type_mix=hard,recipe:mallory_2025_ripples,literature,ripple,interval,recall,10,0.522822,0.492692,0.550834,-0.167375,-0.192862,-0.14388,0.00195312,10,0,0
type_mix,hard,type_mix=hard,recipe:michon_2019,literature,network,interval,recall,10,0.205479,0.189944,0.22043,-0.0449793,-0.0745173,-0.0179092,0.0117188,10,0,0
type_mix,hard,type_mix=hard,recipe:michon_2021,literature,network,interval,recall,10,0.205479,0.189944,0.22043,-0.0449793,-0.0745173,-0.0179092,0.0117188,10,0,0
type_mix,hard,type_mix=hard,recipe:mou_2022,literature,burst,interval,recall,10,0.838395,0.800657,0.871827,-0.0184559,-0.0614448,0.0167092,0.410156,10,0,0
type_mix,hard,type_mix=hard,recipe:muessig_2019,literature,network,interval,recall,10,0.0803653,0.0723684,0.0888889,-0.0260567,-0.0426939,-0.0106202,0.0175781,10,0,0
type_mix,hard,type_mix=hard,recipe:muessig_2019_ripples,literature,ripple,interval,recall,10,0.808091,0.789193,0.823218,-0.0673989,-0.0879633,-0.0454891,0.00390625,10,0,0
type_mix,hard,type_mix=hard,recipe:nadasdy_1999,literature,ripple,interval,recall,10,0.378631,0.350935,0.400208,-0.083134,-0.119618,-0.0559244,0.00195312,10,0,0
type_mix,hard,type_mix=hard,recipe:olafsdottir_2015,literature,burst,interval,recall,10,0.553145,0.515688,0.585395,-0.123746,-0.167999,-0.0799061,0.00390625,10,0,0
type_mix,hard,type_mix=hard,recipe:olafsdottir_2015.bayesian_candidates,literature,burst,interval,recall,10,0.484816,0.444949,0.518368,-0.127659,-0.1734,-0.0831349,0.00390625,10,0,0
type_mix,hard,type_mix=hard,recipe:olafsdottir_2016,literature,burst,interval,recall,10,0.453362,0.408614,0.49302,-0.11719,-0.181095,-0.0571754,0.00585938,10,0,0
type_mix,hard,type_mix=hard,recipe:olafsdottir_2017,literature,burst,interval,recall,10,0.618221,0.589568,0.641808,-0.142515,-0.180513,-0.107323,0.00195312,10,0,0
type_mix,hard,type_mix=hard,recipe:olafsdottir_2017.trajectory,literature,burst,interval,recall,10,0.453362,0.408614,0.49302,-0.11719,-0.181095,-0.0571754,0.00585938,10,0,0
type_mix,hard,type_mix=hard,recipe:pfeiffer_2013,literature,burst,interval,recall,10,0.614967,0.577177,0.646809,-0.122251,-0.183386,-0.0732531,0.00195312,10,0,0
type_mix,hard,type_mix=hard,recipe:pfeiffer_2013_ripples,literature,ripple,interval,recall,10,0.547718,0.521285,0.574058,-0.180714,-0.20148,-0.163687,0.00195312,10,0,0
type_mix,hard,type_mix=hard,recipe:pfeiffer_2015,literature,ripple,interval,recall,10,0.54668,0.518184,0.574006,-0.181751,-0.202178,-0.164604,0.00195312,10,0,0
type_mix,hard,type_mix=hard,recipe:shin_2019,literature,ripple,interval,recall,10,0.53527,0.504972,0.560001,-0.18924,-0.227884,-0.160489,0.00195312,10,0,0
type_mix,hard,type_mix=hard,recipe:silva_2015,literature,burst,interval,recall,10,0.524946,0.488784,0.55544,-0.0946861,-0.1368,-0.0589818,0.00195312,10,0,0
type_mix,hard,type_mix=hard,recipe:stella_2019,literature,ripple,interval,recall,10,0.532158,0.494411,0.565589,-0.134509,-0.179421,-0.0997001,0.00195312,10,0,0
type_mix,hard,type_mix=hard,recipe:tang_2017,literature,ripple,interval,recall,10,0.53527,0.504972,0.560001,-0.18924,-0.227884,-0.160489,0.00195312,10,0,0
type_mix,hard,type_mix=hard,recipe:tirole_2022,literature,network,interval,recall,10,0.326941,0.299135,0.350223,-0.184069,-0.229101,-0.140863,0.00195312,10,0,0
type_mix,hard,type_mix=hard,recipe:widloski_2025,literature,ripple,interval,recall,10,0.364108,0.336232,0.388225,-0.143735,-0.173355,-0.116572,0.00195312,10,0,0
type_mix,hard,type_mix=hard,recipe:widloski_2025_bursts,literature,burst,interval,recall,10,0.455531,0.430671,0.478454,-0.0741209,-0.107977,-0.0421407,0.00585938,10,0,0
type_mix,hard,type_mix=hard,recipe:wikenheiser_2013,literature,ripple,interval,recall,10,0.772822,0.754228,0.794054,-0.0595314,-0.0815635,-0.0385192,0.00195312,10,0,0
type_mix,hard,type_mix=hard,recipe:wu_2014,literature,burst,interval,recall,10,0.763557,0.738336,0.787783,-0.0994282,-0.126996,-0.0707708,0.00195312,10,0,0
type_mix,hard,type_mix=hard,recipe:wu_2014_ripples,literature,ripple,peak_containment,recall,10,0.798755,0.776224,0.820914,-0.099284,-0.123908,-0.0742137,0.00195312,10,0,0
type_mix,hard,type_mix=hard,recipe:wu_2017,literature,burst,interval,recall,10,0.432755,0.388512,0.476747,-0.10201,-0.159585,-0.0479573,0.0078125,10,0,0
type_mix,hard,type_mix=hard,recipe:xu_2019,literature,burst,interval,recall,10,0.630152,0.589171,0.665958,-0.117292,-0.172425,-0.0660002,0.00195312,10,0,0
type_mix,hard,type_mix=hard,recipe:yamamoto_2017,literature,network,interval,recall,10,0.407306,0.388284,0.423838,-0.154162,-0.184871,-0.123771,0.00195312,10,0,0
type_mix,hard,type_mix=hard,recipe:yang_2024,literature,network,interval,recall,10,0.296804,0.266659,0.323254,-0.11971,-0.161867,-0.0807353,0.00195312,10,0,0
burst_lag,0.0,burst_lag=0.0,Carey_candidate_detector,default,network,interval,recall,10,0.810092,0.794066,0.827918,-0.00733945,-0.016191,0.00165583,0.226562,10,0,0
burst_lag,0.0,burst_lag=0.0,Karlsson_ripple_detector,default,ripple,interval,recall,10,0.724239,0.704517,0.746402,-0.000270353,-0.00812183,0.0094892,1,10,0,0
burst_lag,0.0,burst_lag=0.0,Kay_ripple_detector,default,ripple,interval,recall,10,0.825319,0.811023,0.840726,-0.00213204,-0.00666651,0.00166873,0.5,10,0,0
burst_lag,0.0,burst_lag=0.0,Long_sharp_wave_ripple_detector,default,ripple,interval,recall,10,0.689892,0.665626,0.713725,-0.000304027,-0.00222119,0.00168529,1,10,0,0
burst_lag,0.0,burst_lag=0.0,Roumis_ripple_detector,default,ripple,interval,recall,10,0.825319,0.809569,0.842061,-0.00311243,-0.0072873,0,0.25,10,0,0
burst_lag,0.0,burst_lag=0.0,Shvartsman_ripple_detector,default,ripple,interval,recall,10,0.658489,0.63775,0.683162,-0.00523678,-0.0174111,0.00542558,0.75,10,0,0
burst_lag,0.0,burst_lag=0.0,Yu_ripple_detector,default,ripple,interval,recall,10,0.852797,0.836676,0.869702,0.00475764,0,0.0114703,0.25,10,0,0
burst_lag,0.0,burst_lag=0.0,Zugaro_ripple_detector,default,ripple,interval,recall,10,0.673209,0.651469,0.697155,-0.00228117,-0.0101528,0.00566722,1,10,0,0
burst_lag,0.0,burst_lag=0.0,multiunit_HSE_detector,default,burst,interval,recall,10,0.928425,0.915184,0.942123,-0.00306748,-0.0167967,0.00993694,0.6875,10,0,0
burst_lag,0.0,burst_lag=0.0,recipe:ambrose_2016,literature,ripple,interval,recall,10,0.723258,0.695307,0.750254,-0.00517328,-0.0117671,0,0.25,10,0,0
burst_lag,0.0,burst_lag=0.0,recipe:bendor_2012,literature,burst,interval,recall,10,0.678937,0.648476,0.709186,0.00920245,-0.0105081,0.0256108,0.445312,10,0,0
burst_lag,0.0,burst_lag=0.0,recipe:berners_lee_2021,literature,ripple,interval,recall,10,0.78999,0.767147,0.81529,-0.000205892,-0.00618861,0.00695722,1,10,0,0
burst_lag,0.0,burst_lag=0.0,recipe:berners_lee_2022,literature,burst,interval,recall,10,0.671779,0.628896,0.717081,-0.0112474,-0.0411846,0.0167972,0.472656,10,0,0
burst_lag,0.0,burst_lag=0.0,recipe:bhattarai_2020,literature,network,interval,recall,10,0.393578,0.367309,0.423959,0.0100917,-0.012134,0.029252,0.388672,10,0,0
burst_lag,0.0,burst_lag=0.0,recipe:bhattarai_2020_ripples,literature,ripple,interval,recall,10,0.472031,0.442391,0.501994,0.00732552,-0.0101419,0.0200909,0.507812,10,0,0
burst_lag,0.0,burst_lag=0.0,recipe:bush_2022,literature,burst,interval,recall,10,0.617587,0.582561,0.650407,-0.0132924,-0.0304633,0.00216365,0.15625,10,0,0
burst_lag,0.0,burst_lag=0.0,recipe:carey_2019,literature,network,interval,recall,10,0.819266,0.802344,0.837682,-0.00642202,-0.0185261,0.00510473,0.289062,10,0,0
burst_lag,0.0,burst_lag=0.0,recipe:carr_2012,literature,ripple,interval,recall,10,0.724239,0.704517,0.746402,-0.000270353,-0.00812183,0.0094892,1,10,0,0
burst_lag,0.0,burst_lag=0.0,recipe:chenani_2019,literature,burst,interval,recall,10,0.687117,0.669688,0.704366,0.00102249,-0.0208634,0.0248132,0.988281,10,0,0
burst_lag,0.0,burst_lag=0.0,recipe:davidson_2009,literature,burst,interval,recall,10,0.815951,0.796326,0.834504,0.0143149,-0.00203393,0.0322042,0.175781,10,0,0
burst_lag,0.0,burst_lag=0.0,recipe:davidson_2009_ripples,literature,ripple,peak_containment,recall,10,0.86948,0.845769,0.894584,-0.00601031,-0.0142037,0,0.25,10,0,0
burst_lag,0.0,burst_lag=0.0,recipe:denovellis_2021,literature,ripple,interval,recall,10,0.827282,0.813367,0.841627,-0.00114972,-0.00285717,0,0.25,10,0,0
burst_lag,0.0,burst_lag=0.0,recipe:denovellis_2021_mua,literature,burst,interval,recall,10,0.92638,0.912099,0.940391,-0.00408998,-0.0203875,0.0106544,0.648438,10,0,0
burst_lag,0.0,burst_lag=0.0,recipe:diba_2007,literature,burst,interval,recall,10,0.259714,0.229904,0.288969,0.00306748,-0.0160861,0.0235701,0.804688,10,0,0
burst_lag,0.0,burst_lag=0.0,recipe:drieu_2018,literature,burst,interval,recall,10,0.781186,0.767584,0.793242,-0.00511247,-0.0250291,0.0137417,0.554688,10,0,0
burst_lag,0.0,burst_lag=0.0,recipe:farooq_2019_neuron,literature,burst,interval,recall,10,0.278119,0.254579,0.304127,-0.00204499,-0.0392052,0.0355558,0.929688,10,0,0
burst_lag,0.0,burst_lag=0.0,recipe:farooq_2019_science,literature,burst,interval,recall,10,0.277096,0.253618,0.302614,-0.00102249,-0.0364808,0.0355655,0.958984,10,0,0
burst_lag,0.0,burst_lag=0.0,recipe:farooq_2019_science_awake,literature,burst,interval,recall,10,0.277096,0.253618,0.302614,-0.00102249,-0.0364808,0.0355655,0.958984,10,0,0
burst_lag,0.0,burst_lag=0.0,recipe:foster_2006,literature,burst,interval,recall,10,0.145194,0.123173,0.172521,-0.00306748,-0.0154125,0.00931768,0.605469,10,0,0
burst_lag,0.0,burst_lag=0.0,recipe:foster_2006_ripples,literature,ripple,interval,recall,10,0.077527,0.0626958,0.0934412,0.00301718,-0.00376034,0.0124574,0.75,10,0,0
burst_lag,0.0,burst_lag=0.0,recipe:gillespie_2021,literature,ripple,interval,recall,10,0.825319,0.811023,0.840726,-0.00213204,-0.00666651,0.00166873,0.5,10,0,0
burst_lag,0.0,burst_lag=0.0,recipe:gillespie_2021_mua,literature,burst,interval,recall,10,0.837423,0.816856,0.855841,0.0153374,-0.00244927,0.033565,0.164062,10,0,0
burst_lag,0.0,burst_lag=0.0,recipe:gridchyn_2020,literature,burst,interval,recall,10,0.899796,0.88379,0.915996,0.00817996,-0.00682078,0.0249924,0.453125,10,0,0
burst_lag,0.0,burst_lag=0.0,recipe:grosmark_2016,literature,network,interval,recall,10,0.418349,0.388568,0.450655,0.00183486,-0.0138019,0.0186944,0.916016,10,0,0
burst_lag,0.0,burst_lag=0.0,recipe:gupta_2010,literature,ripple,interval,recall,10,0.79686,0.775255,0.825764,-0.00314033,-0.00756207,0,0.25,10,0,0
burst_lag,0.0,burst_lag=0.0,recipe:harvey_2023_code,literature,ripple,interval,recall,10,0.581943,0.556751,0.608042,0.0182176,-0.00086376,0.0350958,0.0683594,10,0,0
burst_lag,0.0,burst_lag=0.0,recipe:harvey_2023_no_radiatum,literature,ripple,interval,recall,10,0.61629,0.586515,0.646063,0.0192317,-0.00252389,0.0417855,0.162109,10,0,0
burst_lag,0.0,burst_lag=0.0,recipe:harvey_2023_text,literature,ripple,interval,recall,10,0.607458,0.590161,0.625948,0.00255633,-0.00891359,0.0138168,0.75,10,0,0
burst_lag,0.0,burst_lag=0.0,recipe:huelin_gorriz_2023,literature,network,interval,recall,10,0.504587,0.475925,0.534471,-0.00642202,-0.0203195,0.00598644,0.429688,10,0,0
burst_lag,0.0,burst_lag=0.0,recipe:igata_2021,literature,burst,interval,recall,10,0.929448,0.915777,0.943516,-0.00306748,-0.0167978,0.00992674,0.6875,10,0,0
burst_lag,0.0,burst_lag=0.0,recipe:igata_2021_ripples,literature,ripple,interval,recall,10,0.871443,0.853876,0.890966,-0.00110643,-0.00775955,0.00362629,1,10,0,0
burst_lag,0.0,burst_lag=0.0,recipe:jadhav_2016,literature,ripple,interval,recall,10,0.585868,0.552654,0.618896,-0.000406011,-0.0105367,0.0102628,1,10,0,0
burst_lag,0.0,burst_lag=0.0,recipe:ji_2007,literature,burst,interval,recall,10,0.719836,0.673287,0.76434,0.0194274,-0.00670642,0.0504244,0.234375,10,0,0
burst_lag,0.0,burst_lag=0.0,recipe:ji_2007_ripples,literature,ripple,interval,recall,10,0.00686948,0.0030959,0.01029,0.00196752,0,0.00474043,0.5,10,0,0
burst_lag,0.0,burst_lag=0.0,recipe:kaefer_2020,literature,ripple,interval,recall,10,0.0107949,0.00585352,0.0155797,1.05832e-05,-2.50997e-05,4.9075e-05,1,10,0,0
burst_lag,0.0,burst_lag=0.0,recipe:karlsson_2009,literature,ripple,interval,recall,10,0.724239,0.704517,0.746402,-0.000270353,-0.00812183,0.0094892,1,10,0,0
burst_lag,0.0,burst_lag=0.0,recipe:krause_2022,literature,network,interval,recall,10,0.627523,0.599218,0.655235,0.00733945,-0.00232799,0.0171948,0.167969,10,0,0
burst_lag,0.0,burst_lag=0.0,recipe:krause_2022_hse,literature,burst,interval,recall,10,0.832311,0.811224,0.854933,0.0132924,0.00156392,0.0251875,0.09375,10,0,0
burst_lag,0.0,burst_lag=0.0,recipe:kudrimoti_1999,literature,ripple,interval,recall,10,0.0245339,0.0175255,0.0338822,2.40528e-05,-0.00558501,0.00575785,0.75,10,0,0
burst_lag,0.0,burst_lag=0.0,recipe:lee_2002,literature,burst,interval,recall,10,0.94274,0.930306,0.953143,-0.00715746,-0.0188687,0.000153802,0.109375,10,0,0
burst_lag,0.0,burst_lag=0.0,recipe:lee_2002_ripples,literature,ripple,interval,recall,10,0.077527,0.0626958,0.0934412,0.00301718,-0.00376034,0.0124574,0.75,10,0,0
burst_lag,0.0,burst_lag=0.0,recipe:liu_2019,literature,burst,interval,recall,10,0.850716,0.82502,0.876051,0.00715746,-0.0223135,0.0326264,0.527344,10,0,0
burst_lag,0.0,burst_lag=0.0,recipe:liu_2019_awake,literature,burst,interval,recall,10,0.850716,0.82502,0.876051,0.00715746,-0.0223135,0.0326264,0.527344,10,0,0
burst_lag,0.0,burst_lag=0.0,recipe:liu_2023,literature,network,interval,recall,10,0.424771,0.398864,0.450677,-0.00642202,-0.0240774,0.0126846,0.560547,10,0,0
burst_lag,0.0,burst_lag=0.0,recipe:maboudi_2018,literature,burst,interval,recall,10,0.812883,0.791663,0.834497,0.0204499,0.00629859,0.0339846,0.0292969,10,0,0
burst_lag,0.0,burst_lag=0.0,recipe:maboudi_2018_open_field,literature,burst,interval,recall,10,0.742331,0.715809,0.765184,0.00511247,-0.0162055,0.0255658,0.796875,10,0,0
burst_lag,0.0,burst_lag=0.0,recipe:mallory_2025,literature,burst,interval,recall,10,0.760736,0.740738,0.782031,0.00102249,-0.0179737,0.0192519,0.96875,10,0,0
burst_lag,0.0,burst_lag=0.0,recipe:mallory_2025_ripples,literature,ripple,interval,recall,10,0.691855,0.66759,0.718425,0.00165868,-0.0125323,0.0175388,0.75,10,0,0
burst_lag,0.0,burst_lag=0.0,recipe:michon_2019,literature,network,interval,recall,10,0.248624,0.224488,0.272813,-0.00183486,-0.0105801,0.00687245,0.609375,10,0,0
burst_lag,0.0,burst_lag=0.0,recipe:michon_2021,literature,network,interval,recall,10,0.248624,0.224488,0.272813,-0.00183486,-0.0105801,0.00687245,0.609375,10,0,0
burst_lag,0.0,burst_lag=0.0,recipe:mou_2022,literature,burst,interval,recall,10,0.857873,0.828382,0.886412,0.00102249,-0.0218345,0.0197217,1,10,0,0
burst_lag,0.0,burst_lag=0.0,recipe:muessig_2019,literature,network,interval,recall,10,0.10367,0.0905694,0.11792,-0.00275229,-0.0144222,0.00731299,0.6875,10,0,0
burst_lag,0.0,burst_lag=0.0,recipe:muessig_2019_ripples,literature,ripple,interval,recall,10,0.875368,0.855249,0.893721,-0.000122188,-0.0030713,0.00261476,0.75,10,0,0
burst_lag,0.0,burst_lag=0.0,recipe:nadasdy_1999,literature,ripple,interval,recall,10,0.464181,0.443701,0.486995,0.00241586,-0.00200107,0.0101045,1,10,0,0
burst_lag,0.0,burst_lag=0.0,recipe:olafsdottir_2015,literature,burst,interval,recall,10,0.677914,0.656534,0.698699,0.00102249,-0.0222526,0.022332,0.960938,10,0,0
burst_lag,0.0,burst_lag=0.0,recipe:olafsdottir_2015.bayesian_candidates,literature,burst,interval,recall,10,0.611452,0.585879,0.636457,-0.00102249,-0.0144088,0.0133018,0.859375,10,0,0
burst_lag,0.0,burst_lag=0.0,recipe:olafsdottir_2016,literature,burst,interval,recall,10,0.568507,0.542705,0.593173,-0.00204499,-0.0280413,0.0267229,0.835938,10,0,0
burst_lag,0.0,burst_lag=0.0,recipe:olafsdottir_2017,literature,burst,interval,recall,10,0.751534,0.726239,0.774292,-0.00920245,-0.0297406,0.00852769,0.320312,10,0,0
burst_lag,0.0,burst_lag=0.0,recipe:olafsdottir_2017.trajectory,literature,burst,interval,recall,10,0.568507,0.542705,0.593173,-0.00204499,-0.0280413,0.0267229,0.835938,10,0,0
burst_lag,0.0,burst_lag=0.0,recipe:pfeiffer_2013,literature,burst,interval,recall,10,0.742331,0.715809,0.765184,0.00511247,-0.0162055,0.0255658,0.796875,10,0,0
burst_lag,0.0,burst_lag=0.0,recipe:pfeiffer_2013_ripples,literature,ripple,interval,recall,10,0.723258,0.695307,0.750254,-0.00517328,-0.0117671,0,0.25,10,0,0
burst_lag,0.0,burst_lag=0.0,recipe:pfeiffer_2015,literature,ripple,interval,recall,10,0.723258,0.695307,0.750254,-0.00517328,-0.0117671,0,0.25,10,0,0
burst_lag,0.0,burst_lag=0.0,recipe:shin_2019,literature,ripple,interval,recall,10,0.724239,0.704517,0.746402,-0.000270353,-0.00812183,0.0094892,1,10,0,0
burst_lag,0.0,burst_lag=0.0,recipe:silva_2015,literature,burst,interval,recall,10,0.615542,0.58531,0.647781,-0.00408998,-0.0231547,0.0151687,0.660156,10,0,0
burst_lag,0.0,burst_lag=0.0,recipe:stella_2019,literature,ripple,interval,recall,10,0.669284,0.653162,0.686001,0.00261694,-0.0035307,0.0114405,0.75,10,0,0
burst_lag,0.0,burst_lag=0.0,recipe:tang_2017,literature,ripple,interval,recall,10,0.724239,0.704517,0.746402,-0.000270353,-0.00812183,0.0094892,1,10,0,0
burst_lag,0.0,burst_lag=0.0,recipe:tirole_2022,literature,network,interval,recall,10,0.504587,0.475925,0.534471,-0.00642202,-0.0203195,0.00598644,0.429688,10,0,0
burst_lag,0.0,burst_lag=0.0,recipe:widloski_2025,literature,ripple,interval,recall,10,0.508342,0.47182,0.547775,0.000498374,-0.00451429,0.00669086,1,10,0,0
burst_lag,0.0,burst_lag=0.0,recipe:widloski_2025_bursts,literature,burst,interval,recall,10,0.534765,0.497067,0.574825,0.00511247,-0.0106279,0.0228002,0.695312,10,0,0
burst_lag,0.0,burst_lag=0.0,recipe:wikenheiser_2013,literature,ripple,interval,recall,10,0.834151,0.808384,0.8609,0.00179819,-0.000308458,0.00462497,0.5,10,0,0
burst_lag,0.0,burst_lag=0.0,recipe:wu_2014,literature,burst,interval,recall,10,0.866053,0.85373,0.877308,0.00306748,-0.00985828,0.0167806,0.773438,10,0,0
burst_lag,0.0,burst_lag=0.0,recipe:wu_2014_ripples,literature,ripple,peak_containment,recall,10,0.894995,0.878047,0.915007,-0.00304412,-0.00970658,0.00180612,0.75,10,0,0
burst_lag,0.0,burst_lag=0.0,recipe:wu_2017,literature,burst,interval,recall,10,0.55317,0.523011,0.580358,0.0184049,-0.00872531,0.0419673,0.265625,10,0,0
burst_lag,0.0,burst_lag=0.0,recipe:xu_2019,literature,burst,interval,recall,10,0.758691,0.738317,0.779609,0.0112474,-0.00814398,0.0312537,0.359375,10,0,0
burst_lag,0.0,burst_lag=0.0,recipe:yamamoto_2017,literature,network,interval,recall,10,0.577982,0.55029,0.60598,0.0165138,0.00186097,0.0318079,0.0859375,10,0,0
burst_lag,0.0,burst_lag=0.0,recipe:yang_2024,literature,network,interval,recall,10,0.418349,0.388568,0.450655,0.00183486,-0.0138019,0.0186944,0.916016,10,0,0
burst_lag,reference,reference,Carey_candidate_detector,default,network,interval,recall,10,0.817431,0.802458,0.834401,0,0,0,1,10,0,0
burst_lag,reference,reference,Karlsson_ripple_detector,default,ripple,interval,recall,10,0.72451,0.706531,0.74433,0,0,0,1,10,0,0
burst_lag,reference,reference,Kay_ripple_detector,default,ripple,interval,recall,10,0.827451,0.814342,0.842843,0,0,0,1,10,0,0
burst_lag,reference,reference,Long_sharp_wave_ripple_detector,default,ripple,interval,recall,10,0.690196,0.666335,0.713389,0,0,0,1,10,0,0
burst_lag,reference,reference,Roumis_ripple_detector,default,ripple,interval,recall,10,0.828431,0.813977,0.844765,0,0,0,1,10,0,0
burst_lag,reference,reference,Shvartsman_ripple_detector,default,ripple,interval,recall,10,0.663725,0.64129,0.687835,0,0,0,1,10,0,0
burst_lag,reference,reference,Yu_ripple_detector,default,ripple,interval,recall,10,0.848039,0.832833,0.865145,0,0,0,1,10,0,0
burst_lag,reference,reference,Zugaro_ripple_detector,default,ripple,interval,recall,10,0.67549,0.654252,0.696335,0,0,0,1,10,0,0
burst_lag,reference,reference,multiunit_HSE_detector,default,burst,interval,recall,10,0.931493,0.917158,0.948138,0,0,0,1,10,0,0
burst_lag,reference,reference,recipe:ambrose_2016,literature,ripple,interval,recall,10,0.728431,0.699812,0.754759,0,0,0,1,10,0,0
burst_lag,reference,reference,recipe:bendor_2012,literature,burst,interval,recall,10,0.669734,0.643002,0.697931,0,0,0,1,10,0,0
burst_lag,reference,reference,recipe:berners_lee_2021,literature,ripple,interval,recall,10,0.790196,0.767908,0.813176,0,0,0,1,10,0,0
burst_lag,reference,reference,recipe:berners_lee_2022,literature,burst,interval,recall,10,0.683027,0.657603,0.710964,0,0,0,1,10,0,0
burst_lag,reference,reference,recipe:bhattarai_2020,literature,network,interval,recall,10,0.383486,0.36426,0.404432,0,0,0,1,10,0,0
burst_lag,reference,reference,recipe:bhattarai_2020_ripples,literature,ripple,interval,recall,10,0.464706,0.436362,0.495339,0,0,0,1,10,0,0
burst_lag,reference,reference,recipe:bush_2022,literature,burst,interval,recall,10,0.630879,0.597014,0.668706,0,0,0,1,10,0,0
burst_lag,reference,reference,recipe:carey_2019,literature,network,interval,recall,10,0.825688,0.806478,0.843953,0,0,0,1,10,0,0
burst_lag,reference,reference,recipe:carr_2012,literature,ripple,interval,recall,10,0.72451,0.706531,0.74433,0,0,0,1,10,0,0
burst_lag,reference,reference,recipe:chenani_2019,literature,burst,interval,recall,10,0.686094,0.665608,0.709887,0,0,0,1,10,0,0
burst_lag,reference,reference,recipe:davidson_2009,literature,burst,interval,recall,10,0.801636,0.785994,0.820324,0,0,0,1,10,0,0
burst_lag,reference,reference,recipe:davidson_2009_ripples,literature,ripple,peak_containment,recall,10,0.87549,0.851889,0.898297,0,0,0,1,10,0,0
burst_lag,reference,reference,recipe:denovellis_2021,literature,ripple,interval,recall,10,0.828431,0.815282,0.842262,0,0,0,1,10,0,0
burst_lag,reference,reference,recipe:denovellis_2021_mua,literature,burst,interval,recall,10,0.93047,0.916838,0.946485,0,0,0,1,10,0,0
burst_lag,reference,reference,recipe:diba_2007,literature,burst,interval,recall,10,0.256646,0.22654,0.287224,0,0,0,1,10,0,0
burst_lag,reference,reference,recipe:drieu_2018,literature,burst,interval,recall,10,0.786299,0.775775,0.797509,0,0,0,1,10,0,0
burst_lag,reference,reference,recipe:farooq_2019_neuron,literature,burst,interval,recall,10,0.280164,0.243652,0.32154,0,0,0,1,10,0,0
burst_lag,reference,reference,recipe:farooq_2019_science,literature,burst,interval,recall,10,0.278119,0.242423,0.318476,0,0,0,1,10,0,0
burst_lag,reference,reference,recipe:farooq_2019_science_awake,literature,burst,interval,recall,10,0.278119,0.242423,0.318476,0,0,0,1,10,0,0
burst_lag,reference,reference,recipe:foster_2006,literature,burst,interval,recall,10,0.148262,0.127082,0.172862,0,0,0,1,10,0,0
burst_lag,reference,reference,recipe:foster_2006_ripples,literature,ripple,interval,recall,10,0.0745098,0.0613481,0.0878934,0,0,0,1,10,0,0
burst_lag,reference,reference,recipe:gillespie_2021,literature,ripple,interval,recall,10,0.827451,0.814342,0.842843,0,0,0,1,10,0,0
burst_lag,reference,reference,recipe:gillespie_2021_mua,literature,burst,interval,recall,10,0.822086,0.803179,0.839827,0,0,0,1,10,0,0
burst_lag,reference,reference,recipe:gridchyn_2020,literature,burst,interval,recall,10,0.891616,0.874123,0.907524,0,0,0,1,10,0,0
burst_lag,reference,reference,recipe:grosmark_2016,literature,network,interval,recall,10,0.416514,0.386402,0.448061,0,0,0,1,10,0,0
burst_lag,reference,reference,recipe:gupta_2010,literature,ripple,interval,recall,10,0.8,0.777446,0.828924,0,0,0,1,10,0,0
burst_lag,reference,reference,recipe:harvey_2023_code,literature,ripple,interval,recall,10,0.563725,0.539941,0.588474,0,0,0,1,10,0,0
burst_lag,reference,reference,recipe:harvey_2023_no_radiatum,literature,ripple,interval,recall,10,0.597059,0.577734,0.617905,0,0,0,1,10,0,0
burst_lag,reference,reference,recipe:harvey_2023_text,literature,ripple,interval,recall,10,0.604902,0.587255,0.62526,0,0,0,1,10,0,0
burst_lag,reference,reference,recipe:huelin_gorriz_2023,literature,network,interval,recall,10,0.511009,0.483133,0.539768,0,0,0,1,10,0,0
burst_lag,reference,reference,recipe:igata_2021,literature,burst,interval,recall,10,0.932515,0.917901,0.949156,0,0,0,1,10,0,0
burst_lag,reference,reference,recipe:igata_2021_ripples,literature,ripple,interval,recall,10,0.872549,0.855652,0.890613,0,0,0,1,10,0,0
burst_lag,reference,reference,recipe:jadhav_2016,literature,ripple,interval,recall,10,0.586275,0.554419,0.616468,0,0,0,1,10,0,0
burst_lag,reference,reference,recipe:ji_2007,literature,burst,interval,recall,10,0.700409,0.6305,0.748675,0,0,0,1,10,0,0
burst_lag,reference,reference,recipe:ji_2007_ripples,literature,ripple,interval,recall,10,0.00490196,0.00101623,0.00883243,0,0,0,1,10,0,0
burst_lag,reference,reference,recipe:kaefer_2020,literature,ripple,interval,recall,10,0.0107843,0.00584212,0.0155603,0,0,0,1,10,0,0
burst_lag,reference,reference,recipe:karlsson_2009,literature,ripple,interval,recall,10,0.72451,0.706531,0.74433,0,0,0,1,10,0,0
burst_lag,reference,reference,recipe:krause_2022,literature,network,interval,recall,10,0.620183,0.594116,0.645529,0,0,0,1,10,0,0
burst_lag,reference,reference,recipe:krause_2022_hse,literature,burst,interval,recall,10,0.819018,0.797725,0.839959,0,0,0,1,10,0,0
burst_lag,reference,reference,recipe:kudrimoti_1999,literature,ripple,interval,recall,10,0.0245098,0.0174466,0.0338271,0,0,0,1,10,0,0
burst_lag,reference,reference,recipe:lee_2002,literature,burst,interval,recall,10,0.949898,0.943786,0.955603,0,0,0,1,10,0,0
burst_lag,reference,reference,recipe:lee_2002_ripples,literature,ripple,interval,recall,10,0.0745098,0.0613481,0.0878934,0,0,0,1,10,0,0
burst_lag,reference,reference,recipe:liu_2019,literature,burst,interval,recall,10,0.843558,0.811187,0.87384,0,0,0,1,10,0,0
burst_lag,reference,reference,recipe:liu_2019_awake,literature,burst,interval,recall,10,0.843558,0.811187,0.87384,0,0,0,1,10,0,0
burst_lag,reference,reference,recipe:liu_2023,literature,network,interval,recall,10,0.431193,0.411239,0.451816,0,0,0,1,10,0,0
burst_lag,reference,reference,recipe:maboudi_2018,literature,burst,interval,recall,10,0.792434,0.774162,0.811442,0,0,0,1,10,0,0
burst_lag,reference,reference,recipe:maboudi_2018_open_field,literature,burst,interval,recall,10,0.737219,0.716188,0.761011,0,0,0,1,10,0,0
burst_lag,reference,reference,recipe:mallory_2025,literature,burst,interval,recall,10,0.759714,0.740078,0.779609,0,0,0,1,10,0,0
burst_lag,reference,reference,recipe:mallory_2025_ripples,literature,ripple,interval,recall,10,0.690196,0.668886,0.712691,0,0,0,1,10,0,0
burst_lag,reference,reference,recipe:michon_2019,literature,network,interval,recall,10,0.250459,0.224122,0.276924,0,0,0,1,10,0,0
burst_lag,reference,reference,recipe:michon_2021,literature,network,interval,recall,10,0.250459,0.224122,0.276924,0,0,0,1,10,0,0
burst_lag,reference,reference,recipe:mou_2022,literature,burst,interval,recall,10,0.856851,0.829681,0.882724,0,0,0,1,10,0,0
burst_lag,reference,reference,recipe:muessig_2019,literature,network,interval,recall,10,0.106422,0.091568,0.12113,0,0,0,1,10,0,0
burst_lag,reference,reference,recipe:muessig_2019_ripples,literature,ripple,interval,recall,10,0.87549,0.854298,0.894141,0,0,0,1,10,0,0
burst_lag,reference,reference,recipe:nadasdy_1999,literature,ripple,interval,recall,10,0.461765,0.441114,0.485717,0,0,0,1,10,0,0
burst_lag,reference,reference,recipe:olafsdottir_2015,literature,burst,interval,recall,10,0.676892,0.654822,0.69798,0,0,0,1,10,0,0
burst_lag,reference,reference,recipe:olafsdottir_2015.bayesian_candidates,literature,burst,interval,recall,10,0.612474,0.58635,0.641136,0,0,0,1,10,0,0
burst_lag,reference,reference,recipe:olafsdottir_2016,literature,burst,interval,recall,10,0.570552,0.539077,0.609091,0,0,0,1,10,0,0
burst_lag,reference,reference,recipe:olafsdottir_2017,literature,burst,interval,recall,10,0.760736,0.745657,0.775992,0,0,0,1,10,0,0
burst_lag,reference,reference,recipe:olafsdottir_2017.trajectory,literature,burst,interval,recall,10,0.570552,0.539077,0.609091,0,0,0,1,10,0,0
burst_lag,reference,reference,recipe:pfeiffer_2013,literature,burst,interval,recall,10,0.737219,0.716188,0.761011,0,0,0,1,10,0,0
burst_lag,reference,reference,recipe:pfeiffer_2013_ripples,literature,ripple,interval,recall,10,0.728431,0.699812,0.754759,0,0,0,1,10,0,0
burst_lag,reference,reference,recipe:pfeiffer_2015,literature,ripple,interval,recall,10,0.728431,0.699812,0.754759,0,0,0,1,10,0,0
burst_lag,reference,reference,recipe:shin_2019,literature,ripple,interval,recall,10,0.72451,0.706531,0.74433,0,0,0,1,10,0,0
burst_lag,reference,reference,recipe:silva_2015,literature,burst,interval,recall,10,0.619632,0.590956,0.648278,0,0,0,1,10,0,0
burst_lag,reference,reference,recipe:stella_2019,literature,ripple,interval,recall,10,0.666667,0.649493,0.685394,0,0,0,1,10,0,0
burst_lag,reference,reference,recipe:tang_2017,literature,ripple,interval,recall,10,0.72451,0.706531,0.74433,0,0,0,1,10,0,0
burst_lag,reference,reference,recipe:tirole_2022,literature,network,interval,recall,10,0.511009,0.483133,0.539768,0,0,0,1,10,0,0
burst_lag,reference,reference,recipe:widloski_2025,literature,ripple,interval,recall,10,0.507843,0.469984,0.54879,0,0,0,1,10,0,0
burst_lag,reference,reference,recipe:widloski_2025_bursts,literature,burst,interval,recall,10,0.529652,0.491013,0.571436,0,0,0,1,10,0,0
burst_lag,reference,reference,recipe:wikenheiser_2013,literature,ripple,interval,recall,10,0.832353,0.80594,0.860302,0,0,0,1,10,0,0
burst_lag,reference,reference,recipe:wu_2014,literature,burst,interval,recall,10,0.862986,0.848921,0.877469,0,0,0,1,10,0,0
burst_lag,reference,reference,recipe:wu_2014_ripples,literature,ripple,peak_containment,recall,10,0.898039,0.880974,0.916923,0,0,0,1,10,0,0
burst_lag,reference,reference,recipe:wu_2017,literature,burst,interval,recall,10,0.534765,0.509803,0.559125,0,0,0,1,10,0,0
burst_lag,reference,reference,recipe:xu_2019,literature,burst,interval,recall,10,0.747444,0.729037,0.765482,0,0,0,1,10,0,0
burst_lag,reference,reference,recipe:yamamoto_2017,literature,network,interval,recall,10,0.561468,0.529566,0.596138,0,0,0,1,10,0,0
burst_lag,reference,reference,recipe:yang_2024,literature,network,interval,recall,10,0.416514,0.386402,0.448061,0,0,0,1,10,0,0
burst_lag,0.03,burst_lag=0.03,Carey_candidate_detector,default,network,interval,recall,10,0.809568,0.793706,0.828143,-0.00786358,-0.017049,0.00440649,0.265625,10,0,0
burst_lag,0.03,burst_lag=0.03,Karlsson_ripple_detector,default,ripple,interval,recall,10,0.726647,0.711046,0.74491,0.0021372,-0.00615372,0.015413,0.9375,10,0,0
burst_lag,0.03,burst_lag=0.03,Kay_ripple_detector,default,ripple,interval,recall,10,0.829892,0.818182,0.845274,0.00244086,-0.00960723,0.012835,0.75,10,0,0
burst_lag,0.03,burst_lag=0.03,Long_sharp_wave_ripple_detector,default,ripple,interval,recall,10,0.689282,0.660528,0.71567,-0.000913876,-0.00660987,0.00594184,0.875,10,0,0
burst_lag,0.03,burst_lag=0.03,Roumis_ripple_detector,default,ripple,interval,recall,10,0.828909,0.817109,0.844132,0.000477182,-0.0103449,0.00869792,1,10,0,0
burst_lag,0.03,burst_lag=0.03,Shvartsman_ripple_detector,default,ripple,interval,recall,10,0.660767,0.636273,0.688616,-0.00295853,-0.0101829,0.00370614,0.5625,10,0,0
burst_lag,0.03,burst_lag=0.03,Yu_ripple_detector,default,ripple,interval,recall,10,0.852507,0.838887,0.866737,0.00446816,-0.00369171,0.013847,0.375,10,0,0
burst_lag,0.03,burst_lag=0.03,Zugaro_ripple_detector,default,ripple,interval,recall,10,0.6706,0.645667,0.691611,-0.00489039,-0.014237,0.004041,0.3125,10,0,0
burst_lag,0.03,burst_lag=0.03,multiunit_HSE_detector,default,burst,interval,recall,10,0.931282,0.916424,0.94737,-0.000210791,-0.00628815,0.00677095,0.96875,10,0,0
burst_lag,0.03,burst_lag=0.03,recipe:ambrose_2016,literature,ripple,interval,recall,10,0.731563,0.71288,0.754168,0.00313205,-0.0106171,0.0179516,0.625,10,0,0
burst_lag,0.03,burst_lag=0.03,recipe:bendor_2012,literature,burst,interval,recall,10,0.654359,0.630671,0.679666,-0.0153752,-0.0360873,0.00564856,0.205078,10,0,0
burst_lag,0.03,burst_lag=0.03,recipe:berners_lee_2021,literature,ripple,interval,recall,10,0.787611,0.76742,0.807143,-0.00258546,-0.00997711,0.0024074,0.6875,10,0,0
burst_lag,0.03,burst_lag=0.03,recipe:berners_lee_2022,literature,burst,interval,recall,10,0.707692,0.682423,0.730338,0.0246657,0.0119994,0.0361229,0.0117188,10,0,0
burst_lag,0.03,burst_lag=0.03,recipe:bhattarai_2020,literature,network,interval,recall,10,0.324747,0.310531,0.338507,-0.0587392,-0.0778366,-0.0418982,0.00195312,10,0,0
burst_lag,0.03,burst_lag=0.03,recipe:bhattarai_2020_ripples,literature,ripple,interval,recall,10,0.411996,0.388837,0.434516,-0.0527098,-0.0662638,-0.0376601,0.00195312,10,0,0
burst_lag,0.03,burst_lag=0.03,recipe:bush_2022,literature,burst,interval,recall,10,0.655385,0.623156,0.690288,0.0245053,0.00414937,0.0444276,0.0742188,10,0,0
burst_lag,0.03,burst_lag=0.03,recipe:carey_2019,literature,network,interval,recall,10,0.825207,0.804448,0.845863,-0.000481082,-0.00833892,0.00783203,0.953125,10,0,0
burst_lag,0.03,burst_lag=0.03,recipe:carr_2012,literature,ripple,interval,recall,10,0.726647,0.711046,0.74491,0.0021372,-0.00615372,0.015413,0.9375,10,0,0
burst_lag,0.03,burst_lag=0.03,recipe:chenani_2019,literature,burst,interval,recall,10,0.693333,0.675152,0.713837,0.00723926,-0.00947918,0.0242921,0.460938,10,0,0
burst_lag,0.03,burst_lag=0.03,recipe:davidson_2009,literature,burst,interval,recall,10,0.798974,0.775353,0.829721,-0.00266163,-0.0153201,0.0117299,0.8125,10,0,0
burst_lag,0.03,burst_lag=0.03,recipe:davidson_2009_ripples,literature,ripple,peak_containment,recall,10,0.875123,0.857701,0.891621,-0.000367286,-0.0110388,0.00782983,0.9375,10,0,0
burst_lag,0.03,burst_lag=0.03,recipe:denovellis_2021,literature,ripple,interval,recall,10,0.830875,0.816268,0.846961,0.00244375,-0.00958906,0.0128458,0.75,10,0,0
burst_lag,0.03,burst_lag=0.03,recipe:denovellis_2021_mua,literature,burst,interval,recall,10,0.930256,0.916241,0.946193,-0.000213937,-0.00653427,0.00722047,0.902344,10,0,0
burst_lag,0.03,burst_lag=0.03,recipe:diba_2007,literature,burst,interval,recall,10,0.249231,0.226545,0.27302,-0.00741545,-0.0218092,0.00692377,0.380859,10,0,0
burst_lag,0.03,burst_lag=0.03,recipe:drieu_2018,literature,burst,interval,recall,10,0.790769,0.778006,0.804125,0.00447066,-0.0120322,0.0200831,0.597656,10,0,0
burst_lag,0.03,burst_lag=0.03,recipe:farooq_2019_neuron,literature,burst,interval,recall,10,0.284103,0.247656,0.320128,0.00393896,-0.0222935,0.0288604,0.792969,10,0,0
burst_lag,0.03,burst_lag=0.03,recipe:farooq_2019_science,literature,burst,interval,recall,10,0.282051,0.245554,0.318511,0.00393267,-0.0214255,0.0277884,0.765625,10,0,0
burst_lag,0.03,burst_lag=0.03,recipe:farooq_2019_science_awake,literature,burst,interval,recall,10,0.282051,0.245554,0.318511,0.00393267,-0.0214255,0.0277884,0.765625,10,0,0
burst_lag,0.03,burst_lag=0.03,recipe:foster_2006,literature,burst,interval,recall,10,0.148718,0.133054,0.165992,0.00045619,-0.0217671,0.0165236,0.996094,10,0,0
burst_lag,0.03,burst_lag=0.03,recipe:foster_2006_ripples,literature,ripple,interval,recall,10,0.0757129,0.0620659,0.0891296,0.00120308,-0.00338568,0.00629186,0.625,10,0,0
burst_lag,0.03,burst_lag=0.03,recipe:gillespie_2021,literature,ripple,interval,recall,10,0.829892,0.818182,0.845274,0.00244086,-0.00960723,0.012835,0.75,10,0,0
burst_lag,0.03,burst_lag=0.03,recipe:gillespie_2021_mua,literature,burst,interval,recall,10,0.821538,0.797257,0.848614,-0.000547428,-0.0133042,0.0137872,0.96875,10,0,0
burst_lag,0.03,burst_lag=0.03,recipe:gridchyn_2020,literature,burst,interval,recall,10,0.888205,0.876298,0.900802,-0.00341041,-0.0145185,0.00795753,0.53125,10,0,0
burst_lag,0.03,burst_lag=0.03,recipe:grosmark_2016,literature,network,interval,recall,10,0.412144,0.387566,0.437673,-0.00437025,-0.0159892,0.00773109,0.542969,10,0,0
burst_lag,0.03,burst_lag=0.03,recipe:gupta_2010,literature,ripple,interval,recall,10,0.79056,0.775362,0.807937,-0.00943953,-0.0232247,-0.00089757,0.125,10,0,0
burst_lag,0.03,burst_lag=0.03,recipe:harvey_2023_code,literature,ripple,interval,recall,10,0.486726,0.458484,0.515895,-0.0769998,-0.0959328,-0.0578984,0.00195312,10,0,0
burst_lag,0.03,burst_lag=0.03,recipe:harvey_2023_no_radiatum,literature,ripple,interval,recall,10,0.519174,0.491196,0.548049,-0.0778848,-0.0993439,-0.0542363,0.00195312,10,0,0
burst_lag,0.03,burst_lag=0.03,recipe:harvey_2023_text,literature,ripple,interval,recall,10,0.609636,0.590037,0.633694,0.00473422,-0.000577401,0.0113045,0.1875,10,0,0
burst_lag,0.03,burst_lag=0.03,recipe:huelin_gorriz_2023,literature,network,interval,recall,10,0.516099,0.496054,0.535171,0.00509018,-0.0119609,0.0229777,0.652344,10,0,0
burst_lag,0.03,burst_lag=0.03,recipe:igata_2021,literature,burst,interval,recall,10,0.935385,0.919623,0.951349,0.00286928,-0.00446786,0.0105396,0.515625,10,0,0
burst_lag,0.03,burst_lag=0.03,recipe:igata_2021_ripples,literature,ripple,interval,recall,10,0.87414,0.858088,0.89165,0.00159061,-0.00233971,0.00563395,0.5625,10,0,0
burst_lag,0.03,burst_lag=0.03,recipe:jadhav_2016,literature,ripple,interval,recall,10,0.588987,0.55687,0.619734,0.00271271,-0.00441122,0.0134761,0.8125,10,0,0
burst_lag,0.03,burst_lag=0.03,recipe:ji_2007,literature,burst,interval,recall,10,0.718974,0.672879,0.765194,0.0185654,-0.044589,0.087058,0.646484,10,0,0
burst_lag,0.03,burst_lag=0.03,recipe:ji_2007_ripples,literature,ripple,interval,recall,10,0.00589971,0.00104058,0.0108056,0.000997744,5.3298e-06,0.00311277,1,10,0,0
burst_lag,0.03,burst_lag=0.03,recipe:kaefer_2020,literature,ripple,interval,recall,10,0.00983284,0.00472981,0.0150709,-0.000951472,-0.00298748,6.11802e-05,0.5,10,0,0
burst_lag,0.03,burst_lag=0.03,recipe:karlsson_2009,literature,ripple,interval,recall,10,0.726647,0.711046,0.74491,0.0021372,-0.00615372,0.015413,0.9375,10,0,0
burst_lag,0.03,burst_lag=0.03,recipe:krause_2022,literature,network,interval,recall,10,0.600736,0.575042,0.625451,-0.0194475,-0.0333674,-0.00825399,0.015625,10,0,0
burst_lag,0.03,burst_lag=0.03,recipe:krause_2022_hse,literature,burst,interval,recall,10,0.821538,0.793498,0.847388,0.00252006,-0.0153649,0.0187932,0.638672,10,0,0
burst_lag,0.03,burst_lag=0.03,recipe:kudrimoti_1999,literature,ripple,interval,recall,10,0.0235988,0.0182867,0.0291548,-0.000910984,-0.00584795,0.00290501,1,10,0,0
burst_lag,0.03,burst_lag=0.03,recipe:lee_2002,literature,burst,interval,recall,10,0.950769,0.938538,0.960804,0.00087148,-0.00791504,0.00879775,0.96875,10,0,0
burst_lag,0.03,burst_lag=0.03,recipe:lee_2002_ripples,literature,ripple,interval,recall,10,0.0757129,0.0620659,0.0891296,0.00120308,-0.00338568,0.00629186,0.625,10,0,0
burst_lag,0.03,burst_lag=0.03,recipe:liu_2019,literature,burst,interval,recall,10,0.838974,0.80655,0.871665,-0.00458392,-0.0155657,0.00740784,0.636719,10,0,0
burst_lag,0.03,burst_lag=0.03,recipe:liu_2019_awake,literature,burst,interval,recall,10,0.838974,0.80655,0.871665,-0.00458392,-0.0155657,0.00740784,0.636719,10,0,0
burst_lag,0.03,burst_lag=0.03,recipe:liu_2023,literature,network,interval,recall,10,0.416743,0.391996,0.439823,-0.0144493,-0.0293646,0.00204265,0.142578,10,0,0
burst_lag,0.03,burst_lag=0.03,recipe:maboudi_2018,literature,burst,interval,recall,10,0.793846,0.77028,0.818004,0.00141262,-0.0146736,0.0143129,0.777344,10,0,0
burst_lag,0.03,burst_lag=0.03,recipe:maboudi_2018_open_field,literature,burst,interval,recall,10,0.757949,0.743775,0.774816,0.0207299,0.00566768,0.0341881,0.0332031,10,0,0
burst_lag,0.03,burst_lag=0.03,recipe:mallory_2025,literature,burst,interval,recall,10,0.787692,0.770092,0.806898,0.0279786,0.0142111,0.0402675,0.00976562,10,0,0
burst_lag,0.03,burst_lag=0.03,recipe:mallory_2025_ripples,literature,ripple,interval,recall,10,0.690265,0.666347,0.71473,6.94083e-05,-0.00751741,0.00707532,0.9375,10,0,0
burst_lag,0.03,burst_lag=0.03,recipe:michon_2019,literature,network,interval,recall,10,0.24839,0.230631,0.264255,-0.00206865,-0.0176502,0.0157769,0.828125,10,0,0
burst_lag,0.03,burst_lag=0.03,recipe:michon_2021,literature,network,interval,recall,10,0.24839,0.230631,0.264255,-0.00206865,-0.0176502,0.0157769,0.828125,10,0,0
burst_lag,0.03,burst_lag=0.03,recipe:mou_2022,literature,burst,interval,recall,10,0.859487,0.832805,0.884103,0.00263646,-0.0213543,0.0276741,0.804688,10,0,0
burst_lag,0.03,burst_lag=0.03,recipe:muessig_2019,literature,network,interval,recall,10,0.0956762,0.0812526,0.107468,-0.0107458,-0.0230168,0.00135921,0.140625,10,0,0
burst_lag,0.03,burst_lag=0.03,recipe:muessig_2019_ripples,literature,ripple,interval,recall,10,0.877089,0.860119,0.893322,0.00159928,-0.00338544,0.00774518,0.6875,10,0,0
burst_lag,0.03,burst_lag=0.03,recipe:nadasdy_1999,literature,ripple,interval,recall,10,0.46116,0.439329,0.486627,-0.000604431,-0.00639007,0.00596795,1,10,0,0
burst_lag,0.03,burst_lag=0.03,recipe:olafsdottir_2015,literature,burst,interval,recall,10,0.676923,0.651179,0.70122,3.14614e-05,-0.0159826,0.0149725,0.951172,10,0,0
burst_lag,0.03,burst_lag=0.03,recipe:olafsdottir_2015.bayesian_candidates,literature,burst,interval,recall,10,0.618462,0.586312,0.648759,0.0059871,-0.0117678,0.0233748,0.589844,10,0,0
burst_lag,0.03,burst_lag=0.03,recipe:olafsdottir_2016,literature,burst,interval,recall,10,0.585641,0.553452,0.617862,0.0150889,-0.00572702,0.0356437,0.244141,10,0,0
burst_lag,0.03,burst_lag=0.03,recipe:olafsdottir_2017,literature,burst,interval,recall,10,0.757949,0.738494,0.779981,-0.00278748,-0.0237853,0.0165678,0.697266,10,0,0
burst_lag,0.03,burst_lag=0.03,recipe:olafsdottir_2017.trajectory,literature,burst,interval,recall,10,0.585641,0.553452,0.617862,0.0150889,-0.00572702,0.0356437,0.244141,10,0,0
burst_lag,0.03,burst_lag=0.03,recipe:pfeiffer_2013,literature,burst,interval,recall,10,0.757949,0.743775,0.774816,0.0207299,0.00566768,0.0341881,0.0332031,10,0,0
burst_lag,0.03,burst_lag=0.03,recipe:pfeiffer_2013_ripples,literature,ripple,interval,recall,10,0.731563,0.71288,0.754168,0.00313205,-0.0106171,0.0179516,0.625,10,0,0
burst_lag,0.03,burst_lag=0.03,recipe:pfeiffer_2015,literature,ripple,interval,recall,10,0.731563,0.71288,0.754168,0.00313205,-0.0106171,0.0179516,0.625,10,0,0
burst_lag,0.03,burst_lag=0.03,recipe:shin_2019,literature,ripple,interval,recall,10,0.726647,0.711046,0.74491,0.0021372,-0.00615372,0.015413,0.9375,10,0,0
burst_lag,0.03,burst_lag=0.03,recipe:silva_2015,literature,burst,interval,recall,10,0.621538,0.597948,0.648517,0.00190656,-0.0193151,0.028896,0.857422,10,0,0
burst_lag,0.03,burst_lag=0.03,recipe:stella_2019,literature,ripple,interval,recall,10,0.66175,0.640386,0.686222,-0.00491642,-0.0207665,0.00693496,0.6875,10,0,0
burst_lag,0.03,burst_lag=0.03,recipe:tang_2017,literature,ripple,interval,recall,10,0.726647,0.711046,0.74491,0.0021372,-0.00615372,0.015413,0.9375,10,0,0
burst_lag,0.03,burst_lag=0.03,recipe:tirole_2022,literature,network,interval,recall,10,0.516099,0.496054,0.535171,0.00509018,-0.0119609,0.0229777,0.652344,10,0,0
burst_lag,0.03,burst_lag=0.03,recipe:widloski_2025,literature,ripple,interval,recall,10,0.510324,0.471631,0.551364,0.00248135,-0.00301115,0.00752392,0.4375,10,0,0
burst_lag,0.03,burst_lag=0.03,recipe:widloski_2025_bursts,literature,burst,interval,recall,10,0.530256,0.494437,0.566178,0.000604059,-0.00899515,0.00959344,0.96875,10,0,0
burst_lag,0.03,burst_lag=0.03,recipe:wikenheiser_2013,literature,ripple,interval,recall,10,0.831858,0.804896,0.860345,-0.000494534,-0.00641958,0.00520806,0.875,10,0,0
burst_lag,0.03,burst_lag=0.03,recipe:wu_2014,literature,burst,interval,recall,10,0.861538,0.850746,0.872656,-0.00144722,-0.014082,0.012097,0.785156,10,0,0
burst_lag,0.03,burst_lag=0.03,recipe:wu_2014_ripples,literature,ripple,peak_containment,recall,10,0.893805,0.880655,0.906805,-0.00423391,-0.0139102,0.0019084,0.4375,10,0,0
burst_lag,0.03,burst_lag=0.03,recipe:wu_2017,literature,burst,interval,recall,10,0.50359,0.483329,0.52572,-0.0311751,-0.0505627,-0.00982765,0.03125,10,0,0
burst_lag,0.03,burst_lag=0.03,recipe:xu_2019,literature,burst,interval,recall,10,0.767179,0.750259,0.785486,0.0197357,-0.000747573,0.0393883,0.09375,10,0,0
burst_lag,0.03,burst_lag=0.03,recipe:yamamoto_2017,literature,network,interval,recall,10,0.528979,0.506749,0.55441,-0.032489,-0.0518287,-0.00986143,0.0273438,10,0,0
burst_lag,0.03,burst_lag=0.03,recipe:yang_2024,literature,network,interval,recall,10,0.412144,0.387566,0.437673,-0.00437025,-0.0159892,0.00773109,0.542969,10,0,0
ripple_chirp,none,ripple_chirp=none,Carey_candidate_detector,default,network,interval,recall,10,0.814679,0.800371,0.830842,-0.00275229,-0.00746286,0.00173014,0.25,10,0,0
ripple_chirp,none,ripple_chirp=none,Karlsson_ripple_detector,default,ripple,interval,recall,10,0.731373,0.711131,0.75427,0.00686275,-0.00370774,0.018519,0.257812,10,0,0
ripple_chirp,none,ripple_chirp=none,Kay_ripple_detector,default,ripple,interval,recall,10,0.82549,0.807547,0.844383,-0.00196078,-0.013567,0.00910954,0.90625,10,0,0
ripple_chirp,none,ripple_chirp=none,Long_sharp_wave_ripple_detector,default,ripple,interval,recall,10,0.679412,0.656065,0.702707,-0.0107843,-0.0248815,0.00209082,0.203125,10,0,0
ripple_chirp,none,ripple_chirp=none,Roumis_ripple_detector,default,ripple,interval,recall,10,0.82451,0.807252,0.841951,-0.00392157,-0.0144675,0.00825044,0.664062,10,0,0
ripple_chirp,none,ripple_chirp=none,Shvartsman_ripple_detector,default,ripple,interval,recall,10,0.654902,0.632499,0.677251,-0.00882353,-0.018538,0,0.171875,10,0,0
ripple_chirp,none,ripple_chirp=none,Yu_ripple_detector,default,ripple,interval,recall,10,0.853922,0.838374,0.870902,0.00588235,-0.00692487,0.0175101,0.347656,10,0,0
ripple_chirp,none,ripple_chirp=none,Zugaro_ripple_detector,default,ripple,interval,recall,10,0.671569,0.650293,0.693505,-0.00392157,-0.0131703,0.00668003,0.568359,10,0,0
ripple_chirp,none,ripple_chirp=none,multiunit_HSE_detector,default,burst,interval,recall,10,0.931493,0.917158,0.948138,0,0,0,1,10,0,0
ripple_chirp,none,ripple_chirp=none,recipe:ambrose_2016,literature,ripple,interval,recall,10,0.735294,0.708631,0.764104,0.00686275,-0.00576369,0.0196485,0.228516,10,0,0
ripple_chirp,none,ripple_chirp=none,recipe:bendor_2012,literature,burst,interval,recall,10,0.669734,0.643002,0.697931,0,0,0,1,10,0,0
ripple_chirp,none,ripple_chirp=none,recipe:berners_lee_2021,literature,ripple,interval,recall,10,0.789216,0.766337,0.812189,-0.000980392,-0.00516542,0.00294414,0.5625,10,0,0
ripple_chirp,none,ripple_chirp=none,recipe:berners_lee_2022,literature,burst,interval,recall,10,0.683027,0.657603,0.710964,0,0,0,1,10,0,0
ripple_chirp,none,ripple_chirp=none,recipe:bhattarai_2020,literature,network,interval,recall,10,0.372477,0.356281,0.391098,-0.0110092,-0.0185545,-0.0019044,0.0527344,10,0,0
ripple_chirp,none,ripple_chirp=none,recipe:bhattarai_2020_ripples,literature,ripple,interval,recall,10,0.45098,0.422142,0.479919,-0.0137255,-0.0199265,-0.00676329,0.0195312,10,0,0
ripple_chirp,none,ripple_chirp=none,recipe:bush_2022,literature,burst,interval,recall,10,0.630879,0.597014,0.668706,0,0,0,1,10,0,0
ripple_chirp,none,ripple_chirp=none,recipe:carey_2019,literature,network,interval,recall,10,0.825688,0.806478,0.843953,0,0,0,1,10,0,0
ripple_chirp,none,ripple_chirp=none,recipe:carr_2012,literature,ripple,interval,recall,10,0.731373,0.711131,0.75427,0.00686275,-0.00370774,0.018519,0.257812,10,0,0
ripple_chirp,none,ripple_chirp=none,recipe:chenani_2019,literature,burst,interval,recall,10,0.686094,0.665608,0.709887,0,0,0,1,10,0,0
ripple_chirp,none,ripple_chirp=none,recipe:davidson_2009,literature,burst,interval,recall,10,0.801636,0.785994,0.820324,0,0,0,1,10,0,0
ripple_chirp,none,ripple_chirp=none,recipe:davidson_2009_ripples,literature,ripple,peak_containment,recall,10,0.869608,0.848594,0.88824,-0.00588235,-0.0138889,0.00100916,0.234375,10,0,0
ripple_chirp,none,ripple_chirp=none,recipe:denovellis_2021,literature,ripple,interval,recall,10,0.82549,0.806387,0.845156,-0.00294118,-0.0160234,0.0104634,0.796875,10,0,0
ripple_chirp,none,ripple_chirp=none,recipe:denovellis_2021_mua,literature,burst,interval,recall,10,0.93047,0.916838,0.946485,0,0,0,1,10,0,0
ripple_chirp,none,ripple_chirp=none,recipe:diba_2007,literature,burst,interval,recall,10,0.256646,0.22654,0.287224,0,0,0,1,10,0,0
ripple_chirp,none,ripple_chirp=none,recipe:drieu_2018,literature,burst,interval,recall,10,0.786299,0.775775,0.797509,0,0,0,1,10,0,0
ripple_chirp,none,ripple_chirp=none,recipe:farooq_2019_neuron,literature,burst,interval,recall,10,0.280164,0.243652,0.32154,0,0,0,1,10,0,0
ripple_chirp,none,ripple_chirp=none,recipe:farooq_2019_science,literature,burst,interval,recall,10,0.278119,0.242423,0.318476,0,0,0,1,10,0,0
ripple_chirp,none,ripple_chirp=none,recipe:farooq_2019_science_awake,literature,burst,interval,recall,10,0.278119,0.242423,0.318476,0,0,0,1,10,0,0
ripple_chirp,none,ripple_chirp=none,recipe:foster_2006,literature,burst,interval,recall,10,0.148262,0.127082,0.172862,0,0,0,1,10,0,0
ripple_chirp,none,ripple_chirp=none,recipe:foster_2006_ripples,literature,ripple,interval,recall,10,0.0764706,0.0659648,0.0886658,0.00196078,-0.0102713,0.0153854,0.820312,10,0,0
ripple_chirp,none,ripple_chirp=none,recipe:gillespie_2021,literature,ripple,interval,recall,10,0.82549,0.807547,0.844383,-0.00196078,-0.013567,0.00910954,0.90625,10,0,0
ripple_chirp,none,ripple_chirp=none,recipe:gillespie_2021_mua,literature,burst,interval,recall,10,0.822086,0.803179,0.839827,0,0,0,1,10,0,0
ripple_chirp,none,ripple_chirp=none,recipe:gridchyn_2020,literature,burst,interval,recall,10,0.891616,0.874123,0.907524,0,0,0,1,10,0,0
ripple_chirp,none,ripple_chirp=none,recipe:grosmark_2016,literature,network,interval,recall,10,0.382569,0.347431,0.42264,-0.033945,-0.0524921,-0.0163619,0.0117188,10,0,0
ripple_chirp,none,ripple_chirp=none,recipe:gupta_2010,literature,ripple,interval,recall,10,0.855882,0.839952,0.872767,0.0558824,0.0376609,0.0720727,0.00390625,10,0,0
ripple_chirp,none,ripple_chirp=none,recipe:harvey_2023_code,literature,ripple,interval,recall,10,0.554902,0.528925,0.578522,-0.00882353,-0.0208557,0.0029615,0.226562,10,0,0
ripple_chirp,none,ripple_chirp=none,recipe:harvey_2023_no_radiatum,literature,ripple,interval,recall,10,0.604902,0.581934,0.627553,0.00784314,-0.00492647,0.0194744,0.28125,10,0,0
ripple_chirp,none,ripple_chirp=none,recipe:harvey_2023_text,literature,ripple,interval,recall,10,0.594118,0.573031,0.616959,-0.0107843,-0.0207511,0,0.136719,10,0,0
ripple_chirp,none,ripple_chirp=none,recipe:huelin_gorriz_2023,literature,network,interval,recall,10,0.509174,0.481906,0.537888,-0.00183486,-0.0081448,0.00485049,0.742188,10,0,0
ripple_chirp,none,ripple_chirp=none,recipe:igata_2021,literature,burst,interval,recall,10,0.932515,0.917901,0.949156,0,0,0,1,10,0,0
ripple_chirp,none,ripple_chirp=none,recipe:igata_2021_ripples,literature,ripple,interval,recall,10,0.865686,0.845994,0.886168,-0.00686275,-0.0178926,0.00373858,0.183594,10,0,0
ripple_chirp,none,ripple_chirp=none,recipe:jadhav_2016,literature,ripple,interval,recall,10,0.588235,0.554282,0.624392,0.00196078,-0.00720111,0.011704,0.640625,10,0,0
ripple_chirp,none,ripple_chirp=none,recipe:ji_2007,literature,burst,interval,recall,10,0.700409,0.6305,0.748675,0,0,0,1,10,0,0
ripple_chirp,none,ripple_chirp=none,recipe:ji_2007_ripples,literature,ripple,interval,recall,10,0.00490196,0.00101623,0.00883243,0,0,0,1,10,0,0
ripple_chirp,none,ripple_chirp=none,recipe:kaefer_2020,literature,ripple,interval,recall,10,0.00784314,0.00383831,0.0122078,-0.00294118,-0.0060672,0,0.25,10,0,0
ripple_chirp,none,ripple_chirp=none,recipe:karlsson_2009,literature,ripple,interval,recall,10,0.731373,0.711131,0.75427,0.00686275,-0.00370774,0.018519,0.257812,10,0,0
ripple_chirp,none,ripple_chirp=none,recipe:krause_2022,literature,network,interval,recall,10,0.622018,0.597825,0.646737,0.00183486,-0.00986658,0.0127172,0.664062,10,0,0
ripple_chirp,none,ripple_chirp=none,recipe:krause_2022_hse,literature,burst,interval,recall,10,0.819018,0.797725,0.839959,0,0,0,1,10,0,0
ripple_chirp,none,ripple_chirp=none,recipe:kudrimoti_1999,literature,ripple,interval,recall,10,0.0147059,0.010989,0.019028,-0.00980392,-0.0175443,-0.00202809,0.0585938,10,0,0
ripple_chirp,none,ripple_chirp=none,recipe:lee_2002,literature,burst,interval,recall,10,0.949898,0.943786,0.955603,0,0,0,1,10,0,0
ripple_chirp,none,ripple_chirp=none,recipe:lee_2002_ripples,literature,ripple,interval,recall,10,0.0764706,0.0659648,0.0886658,0.00196078,-0.0102713,0.0153854,0.820312,10,0,0
ripple_chirp,none,ripple_chirp=none,recipe:liu_2019,literature,burst,interval,recall,10,0.843558,0.811187,0.87384,0,0,0,1,10,0,0
ripple_chirp,none,ripple_chirp=none,recipe:liu_2019_awake,literature,burst,interval,recall,10,0.843558,0.811187,0.87384,0,0,0,1,10,0,0
ripple_chirp,none,ripple_chirp=none,recipe:liu_2023,literature,network,interval,recall,10,0.425688,0.404254,0.44702,-0.00550459,-0.013801,0.00378484,0.359375,10,0,0
ripple_chirp,none,ripple_chirp=none,recipe:maboudi_2018,literature,burst,interval,recall,10,0.792434,0.774162,0.811442,0,0,0,1,10,0,0
ripple_chirp,none,ripple_chirp=none,recipe:maboudi_2018_open_field,literature,burst,interval,recall,10,0.737219,0.716188,0.761011,0,0,0,1,10,0,0
ripple_chirp,none,ripple_chirp=none,recipe:mallory_2025,literature,burst,interval,recall,10,0.759714,0.740078,0.779609,0,0,0,1,10,0,0
ripple_chirp,none,ripple_chirp=none,recipe:mallory_2025_ripples,literature,ripple,interval,recall,10,0.693137,0.667932,0.71872,0.00294118,-0.0111026,0.0177453,0.574219,10,0,0
ripple_chirp,none,ripple_chirp=none,recipe:michon_2019,literature,network,interval,recall,10,0.247706,0.221607,0.272469,-0.00275229,-0.0109407,0.00663554,0.710938,10,0,0
ripple_chirp,none,ripple_chirp=none,recipe:michon_2021,literature,network,interval,recall,10,0.247706,0.221607,0.272469,-0.00275229,-0.0109407,0.00663554,0.710938,10,0,0
ripple_chirp,none,ripple_chirp=none,recipe:mou_2022,literature,burst,interval,recall,10,0.856851,0.829681,0.882724,0,0,0,1,10,0,0
ripple_chirp,none,ripple_chirp=none,recipe:muessig_2019,literature,network,interval,recall,10,0.104587,0.0893615,0.119965,-0.00183486,-0.00442507,0,0.5,10,0,0
ripple_chirp,none,ripple_chirp=none,recipe:muessig_2019_ripples,literature,ripple,interval,recall,10,0.869608,0.84608,0.89009,-0.00588235,-0.0175281,0.00507614,0.484375,10,0,0
ripple_chirp,none,ripple_chirp=none,recipe:nadasdy_1999,literature,ripple,interval,recall,10,0.462745,0.440925,0.488442,0.000980392,-0.0114712,0.0144144,0.984375,10,0,0
ripple_chirp,none,ripple_chirp=none,recipe:olafsdottir_2015,literature,burst,interval,recall,10,0.676892,0.654822,0.69798,0,0,0,1,10,0,0
ripple_chirp,none,ripple_chirp=none,recipe:olafsdottir_2015.bayesian_candidates,literature,burst,interval,recall,10,0.612474,0.58635,0.641136,0,0,0,1,10,0,0
ripple_chirp,none,ripple_chirp=none,recipe:olafsdottir_2016,literature,burst,interval,recall,10,0.570552,0.539077,0.609091,0,0,0,1,10,0,0
ripple_chirp,none,ripple_chirp=none,recipe:olafsdottir_2017,literature,burst,interval,recall,10,0.760736,0.745657,0.775992,0,0,0,1,10,0,0
ripple_chirp,none,ripple_chirp=none,recipe:olafsdottir_2017.trajectory,literature,burst,interval,recall,10,0.570552,0.539077,0.609091,0,0,0,1,10,0,0
ripple_chirp,none,ripple_chirp=none,recipe:pfeiffer_2013,literature,burst,interval,recall,10,0.737219,0.716188,0.761011,0,0,0,1,10,0,0
ripple_chirp,none,ripple_chirp=none,recipe:pfeiffer_2013_ripples,literature,ripple,interval,recall,10,0.735294,0.708631,0.764104,0.00686275,-0.00576369,0.0196485,0.228516,10,0,0
ripple_chirp,none,ripple_chirp=none,recipe:pfeiffer_2015,literature,ripple,interval,recall,10,0.735294,0.708631,0.764104,0.00686275,-0.00576369,0.0196485,0.228516,10,0,0
ripple_chirp,none,ripple_chirp=none,recipe:shin_2019,literature,ripple,interval,recall,10,0.731373,0.711131,0.75427,0.00686275,-0.00370774,0.018519,0.257812,10,0,0
ripple_chirp,none,ripple_chirp=none,recipe:silva_2015,literature,burst,interval,recall,10,0.619632,0.590956,0.648278,0,0,0,1,10,0,0
ripple_chirp,none,ripple_chirp=none,recipe:stella_2019,literature,ripple,interval,recall,10,0.671569,0.652799,0.693035,0.00490196,-0.013835,0.0225518,0.5625,10,0,0
ripple_chirp,none,ripple_chirp=none,recipe:tang_2017,literature,ripple,interval,recall,10,0.731373,0.711131,0.75427,0.00686275,-0.00370774,0.018519,0.257812,10,0,0
ripple_chirp,none,ripple_chirp=none,recipe:tirole_2022,literature,network,interval,recall,10,0.509174,0.481906,0.537888,-0.00183486,-0.0081448,0.00485049,0.742188,10,0,0
ripple_chirp,none,ripple_chirp=none,recipe:widloski_2025,literature,ripple,interval,recall,10,0.497059,0.457739,0.54029,-0.0107843,-0.0215902,0.0020775,0.195312,10,0,0
ripple_chirp,none,ripple_chirp=none,recipe:widloski_2025_bursts,literature,burst,interval,recall,10,0.529652,0.491013,0.571436,0,0,0,1,10,0,0
ripple_chirp,none,ripple_chirp=none,recipe:wikenheiser_2013,literature,ripple,interval,recall,10,0.828431,0.801086,0.85729,-0.00392157,-0.00809074,0,0.25,10,0,0
ripple_chirp,none,ripple_chirp=none,recipe:wu_2014,literature,burst,interval,recall,10,0.862986,0.848921,0.877469,0,0,0,1,10,0,0
ripple_chirp,none,ripple_chirp=none,recipe:wu_2014_ripples,literature,ripple,peak_containment,recall,10,0.892157,0.87126,0.910102,-0.00588235,-0.0165542,0.0039963,0.328125,10,0,0
ripple_chirp,none,ripple_chirp=none,recipe:wu_2017,literature,burst,interval,recall,10,0.534765,0.509803,0.559125,0,0,0,1,10,0,0
ripple_chirp,none,ripple_chirp=none,recipe:xu_2019,literature,burst,interval,recall,10,0.747444,0.729037,0.765482,0,0,0,1,10,0,0
ripple_chirp,none,ripple_chirp=none,recipe:yamamoto_2017,literature,network,interval,recall,10,0.524771,0.49439,0.553525,-0.0366972,-0.0497788,-0.0236933,0.00195312,10,0,0
ripple_chirp,none,ripple_chirp=none,recipe:yang_2024,literature,network,interval,recall,10,0.382569,0.347431,0.42264,-0.033945,-0.0524921,-0.0163619,0.0117188,10,0,0
ripple_chirp,reference,reference,Carey_candidate_detector,default,network,interval,recall,10,0.817431,0.802458,0.834401,0,0,0,1,10,0,0
ripple_chirp,reference,reference,Karlsson_ripple_detector,default,ripple,interval,recall,10,0.72451,0.706531,0.74433,0,0,0,1,10,0,0
ripple_chirp,reference,reference,Kay_ripple_detector,default,ripple,interval,recall,10,0.827451,0.814342,0.842843,0,0,0,1,10,0,0
ripple_chirp,reference,reference,Long_sharp_wave_ripple_detector,default,ripple,interval,recall,10,0.690196,0.666335,0.713389,0,0,0,1,10,0,0
ripple_chirp,reference,reference,Roumis_ripple_detector,default,ripple,interval,recall,10,0.828431,0.813977,0.844765,0,0,0,1,10,0,0
ripple_chirp,reference,reference,Shvartsman_ripple_detector,default,ripple,interval,recall,10,0.663725,0.64129,0.687835,0,0,0,1,10,0,0
ripple_chirp,reference,reference,Yu_ripple_detector,default,ripple,interval,recall,10,0.848039,0.832833,0.865145,0,0,0,1,10,0,0
ripple_chirp,reference,reference,Zugaro_ripple_detector,default,ripple,interval,recall,10,0.67549,0.654252,0.696335,0,0,0,1,10,0,0
ripple_chirp,reference,reference,multiunit_HSE_detector,default,burst,interval,recall,10,0.931493,0.917158,0.948138,0,0,0,1,10,0,0
ripple_chirp,reference,reference,recipe:ambrose_2016,literature,ripple,interval,recall,10,0.728431,0.699812,0.754759,0,0,0,1,10,0,0
ripple_chirp,reference,reference,recipe:bendor_2012,literature,burst,interval,recall,10,0.669734,0.643002,0.697931,0,0,0,1,10,0,0
ripple_chirp,reference,reference,recipe:berners_lee_2021,literature,ripple,interval,recall,10,0.790196,0.767908,0.813176,0,0,0,1,10,0,0
ripple_chirp,reference,reference,recipe:berners_lee_2022,literature,burst,interval,recall,10,0.683027,0.657603,0.710964,0,0,0,1,10,0,0
ripple_chirp,reference,reference,recipe:bhattarai_2020,literature,network,interval,recall,10,0.383486,0.36426,0.404432,0,0,0,1,10,0,0
ripple_chirp,reference,reference,recipe:bhattarai_2020_ripples,literature,ripple,interval,recall,10,0.464706,0.436362,0.495339,0,0,0,1,10,0,0
ripple_chirp,reference,reference,recipe:bush_2022,literature,burst,interval,recall,10,0.630879,0.597014,0.668706,0,0,0,1,10,0,0
ripple_chirp,reference,reference,recipe:carey_2019,literature,network,interval,recall,10,0.825688,0.806478,0.843953,0,0,0,1,10,0,0
ripple_chirp,reference,reference,recipe:carr_2012,literature,ripple,interval,recall,10,0.72451,0.706531,0.74433,0,0,0,1,10,0,0
ripple_chirp,reference,reference,recipe:chenani_2019,literature,burst,interval,recall,10,0.686094,0.665608,0.709887,0,0,0,1,10,0,0
ripple_chirp,reference,reference,recipe:davidson_2009,literature,burst,interval,recall,10,0.801636,0.785994,0.820324,0,0,0,1,10,0,0
ripple_chirp,reference,reference,recipe:davidson_2009_ripples,literature,ripple,peak_containment,recall,10,0.87549,0.851889,0.898297,0,0,0,1,10,0,0
ripple_chirp,reference,reference,recipe:denovellis_2021,literature,ripple,interval,recall,10,0.828431,0.815282,0.842262,0,0,0,1,10,0,0
ripple_chirp,reference,reference,recipe:denovellis_2021_mua,literature,burst,interval,recall,10,0.93047,0.916838,0.946485,0,0,0,1,10,0,0
ripple_chirp,reference,reference,recipe:diba_2007,literature,burst,interval,recall,10,0.256646,0.22654,0.287224,0,0,0,1,10,0,0
ripple_chirp,reference,reference,recipe:drieu_2018,literature,burst,interval,recall,10,0.786299,0.775775,0.797509,0,0,0,1,10,0,0
ripple_chirp,reference,reference,recipe:farooq_2019_neuron,literature,burst,interval,recall,10,0.280164,0.243652,0.32154,0,0,0,1,10,0,0
ripple_chirp,reference,reference,recipe:farooq_2019_science,literature,burst,interval,recall,10,0.278119,0.242423,0.318476,0,0,0,1,10,0,0
ripple_chirp,reference,reference,recipe:farooq_2019_science_awake,literature,burst,interval,recall,10,0.278119,0.242423,0.318476,0,0,0,1,10,0,0
ripple_chirp,reference,reference,recipe:foster_2006,literature,burst,interval,recall,10,0.148262,0.127082,0.172862,0,0,0,1,10,0,0
ripple_chirp,reference,reference,recipe:foster_2006_ripples,literature,ripple,interval,recall,10,0.0745098,0.0613481,0.0878934,0,0,0,1,10,0,0
ripple_chirp,reference,reference,recipe:gillespie_2021,literature,ripple,interval,recall,10,0.827451,0.814342,0.842843,0,0,0,1,10,0,0
ripple_chirp,reference,reference,recipe:gillespie_2021_mua,literature,burst,interval,recall,10,0.822086,0.803179,0.839827,0,0,0,1,10,0,0
ripple_chirp,reference,reference,recipe:gridchyn_2020,literature,burst,interval,recall,10,0.891616,0.874123,0.907524,0,0,0,1,10,0,0
ripple_chirp,reference,reference,recipe:grosmark_2016,literature,network,interval,recall,10,0.416514,0.386402,0.448061,0,0,0,1,10,0,0
ripple_chirp,reference,reference,recipe:gupta_2010,literature,ripple,interval,recall,10,0.8,0.777446,0.828924,0,0,0,1,10,0,0
ripple_chirp,reference,reference,recipe:harvey_2023_code,literature,ripple,interval,recall,10,0.563725,0.539941,0.588474,0,0,0,1,10,0,0
ripple_chirp,reference,reference,recipe:harvey_2023_no_radiatum,literature,ripple,interval,recall,10,0.597059,0.577734,0.617905,0,0,0,1,10,0,0
ripple_chirp,reference,reference,recipe:harvey_2023_text,literature,ripple,interval,recall,10,0.604902,0.587255,0.62526,0,0,0,1,10,0,0
ripple_chirp,reference,reference,recipe:huelin_gorriz_2023,literature,network,interval,recall,10,0.511009,0.483133,0.539768,0,0,0,1,10,0,0
ripple_chirp,reference,reference,recipe:igata_2021,literature,burst,interval,recall,10,0.932515,0.917901,0.949156,0,0,0,1,10,0,0
ripple_chirp,reference,reference,recipe:igata_2021_ripples,literature,ripple,interval,recall,10,0.872549,0.855652,0.890613,0,0,0,1,10,0,0
ripple_chirp,reference,reference,recipe:jadhav_2016,literature,ripple,interval,recall,10,0.586275,0.554419,0.616468,0,0,0,1,10,0,0
ripple_chirp,reference,reference,recipe:ji_2007,literature,burst,interval,recall,10,0.700409,0.6305,0.748675,0,0,0,1,10,0,0
ripple_chirp,reference,reference,recipe:ji_2007_ripples,literature,ripple,interval,recall,10,0.00490196,0.00101623,0.00883243,0,0,0,1,10,0,0
ripple_chirp,reference,reference,recipe:kaefer_2020,literature,ripple,interval,recall,10,0.0107843,0.00584212,0.0155603,0,0,0,1,10,0,0
ripple_chirp,reference,reference,recipe:karlsson_2009,literature,ripple,interval,recall,10,0.72451,0.706531,0.74433,0,0,0,1,10,0,0
ripple_chirp,reference,reference,recipe:krause_2022,literature,network,interval,recall,10,0.620183,0.594116,0.645529,0,0,0,1,10,0,0
ripple_chirp,reference,reference,recipe:krause_2022_hse,literature,burst,interval,recall,10,0.819018,0.797725,0.839959,0,0,0,1,10,0,0
ripple_chirp,reference,reference,recipe:kudrimoti_1999,literature,ripple,interval,recall,10,0.0245098,0.0174466,0.0338271,0,0,0,1,10,0,0
ripple_chirp,reference,reference,recipe:lee_2002,literature,burst,interval,recall,10,0.949898,0.943786,0.955603,0,0,0,1,10,0,0
ripple_chirp,reference,reference,recipe:lee_2002_ripples,literature,ripple,interval,recall,10,0.0745098,0.0613481,0.0878934,0,0,0,1,10,0,0
ripple_chirp,reference,reference,recipe:liu_2019,literature,burst,interval,recall,10,0.843558,0.811187,0.87384,0,0,0,1,10,0,0
ripple_chirp,reference,reference,recipe:liu_2019_awake,literature,burst,interval,recall,10,0.843558,0.811187,0.87384,0,0,0,1,10,0,0
ripple_chirp,reference,reference,recipe:liu_2023,literature,network,interval,recall,10,0.431193,0.411239,0.451816,0,0,0,1,10,0,0
ripple_chirp,reference,reference,recipe:maboudi_2018,literature,burst,interval,recall,10,0.792434,0.774162,0.811442,0,0,0,1,10,0,0
ripple_chirp,reference,reference,recipe:maboudi_2018_open_field,literature,burst,interval,recall,10,0.737219,0.716188,0.761011,0,0,0,1,10,0,0
ripple_chirp,reference,reference,recipe:mallory_2025,literature,burst,interval,recall,10,0.759714,0.740078,0.779609,0,0,0,1,10,0,0
ripple_chirp,reference,reference,recipe:mallory_2025_ripples,literature,ripple,interval,recall,10,0.690196,0.668886,0.712691,0,0,0,1,10,0,0
ripple_chirp,reference,reference,recipe:michon_2019,literature,network,interval,recall,10,0.250459,0.224122,0.276924,0,0,0,1,10,0,0
ripple_chirp,reference,reference,recipe:michon_2021,literature,network,interval,recall,10,0.250459,0.224122,0.276924,0,0,0,1,10,0,0
ripple_chirp,reference,reference,recipe:mou_2022,literature,burst,interval,recall,10,0.856851,0.829681,0.882724,0,0,0,1,10,0,0
ripple_chirp,reference,reference,recipe:muessig_2019,literature,network,interval,recall,10,0.106422,0.091568,0.12113,0,0,0,1,10,0,0
ripple_chirp,reference,reference,recipe:muessig_2019_ripples,literature,ripple,interval,recall,10,0.87549,0.854298,0.894141,0,0,0,1,10,0,0
ripple_chirp,reference,reference,recipe:nadasdy_1999,literature,ripple,interval,recall,10,0.461765,0.441114,0.485717,0,0,0,1,10,0,0
ripple_chirp,reference,reference,recipe:olafsdottir_2015,literature,burst,interval,recall,10,0.676892,0.654822,0.69798,0,0,0,1,10,0,0
ripple_chirp,reference,reference,recipe:olafsdottir_2015.bayesian_candidates,literature,burst,interval,recall,10,0.612474,0.58635,0.641136,0,0,0,1,10,0,0
ripple_chirp,reference,reference,recipe:olafsdottir_2016,literature,burst,interval,recall,10,0.570552,0.539077,0.609091,0,0,0,1,10,0,0
ripple_chirp,reference,reference,recipe:olafsdottir_2017,literature,burst,interval,recall,10,0.760736,0.745657,0.775992,0,0,0,1,10,0,0
ripple_chirp,reference,reference,recipe:olafsdottir_2017.trajectory,literature,burst,interval,recall,10,0.570552,0.539077,0.609091,0,0,0,1,10,0,0
ripple_chirp,reference,reference,recipe:pfeiffer_2013,literature,burst,interval,recall,10,0.737219,0.716188,0.761011,0,0,0,1,10,0,0
ripple_chirp,reference,reference,recipe:pfeiffer_2013_ripples,literature,ripple,interval,recall,10,0.728431,0.699812,0.754759,0,0,0,1,10,0,0
ripple_chirp,reference,reference,recipe:pfeiffer_2015,literature,ripple,interval,recall,10,0.728431,0.699812,0.754759,0,0,0,1,10,0,0
ripple_chirp,reference,reference,recipe:shin_2019,literature,ripple,interval,recall,10,0.72451,0.706531,0.74433,0,0,0,1,10,0,0
ripple_chirp,reference,reference,recipe:silva_2015,literature,burst,interval,recall,10,0.619632,0.590956,0.648278,0,0,0,1,10,0,0
ripple_chirp,reference,reference,recipe:stella_2019,literature,ripple,interval,recall,10,0.666667,0.649493,0.685394,0,0,0,1,10,0,0
ripple_chirp,reference,reference,recipe:tang_2017,literature,ripple,interval,recall,10,0.72451,0.706531,0.74433,0,0,0,1,10,0,0
ripple_chirp,reference,reference,recipe:tirole_2022,literature,network,interval,recall,10,0.511009,0.483133,0.539768,0,0,0,1,10,0,0
ripple_chirp,reference,reference,recipe:widloski_2025,literature,ripple,interval,recall,10,0.507843,0.469984,0.54879,0,0,0,1,10,0,0
ripple_chirp,reference,reference,recipe:widloski_2025_bursts,literature,burst,interval,recall,10,0.529652,0.491013,0.571436,0,0,0,1,10,0,0
ripple_chirp,reference,reference,recipe:wikenheiser_2013,literature,ripple,interval,recall,10,0.832353,0.80594,0.860302,0,0,0,1,10,0,0
ripple_chirp,reference,reference,recipe:wu_2014,literature,burst,interval,recall,10,0.862986,0.848921,0.877469,0,0,0,1,10,0,0
ripple_chirp,reference,reference,recipe:wu_2014_ripples,literature,ripple,peak_containment,recall,10,0.898039,0.880974,0.916923,0,0,0,1,10,0,0
ripple_chirp,reference,reference,recipe:wu_2017,literature,burst,interval,recall,10,0.534765,0.509803,0.559125,0,0,0,1,10,0,0
ripple_chirp,reference,reference,recipe:xu_2019,literature,burst,interval,recall,10,0.747444,0.729037,0.765482,0,0,0,1,10,0,0
ripple_chirp,reference,reference,recipe:yamamoto_2017,literature,network,interval,recall,10,0.561468,0.529566,0.596138,0,0,0,1,10,0,0
ripple_chirp,reference,reference,recipe:yang_2024,literature,network,interval,recall,10,0.416514,0.386402,0.448061,0,0,0,1,10,0,0
spike_leakage_rate,0,spike_leakage_rate=0,Carey_candidate_detector,default,network,interval,recall,10,0.809174,0.80109,0.816637,-0.00825688,-0.023411,0.00360052,0.4375,10,0,0
spike_leakage_rate,0,spike_leakage_rate=0,Karlsson_ripple_detector,default,ripple,interval,recall,10,0.721569,0.70291,0.742332,-0.00294118,-0.00566038,0,0.25,10,0,0
spike_leakage_rate,0,spike_leakage_rate=0,Kay_ripple_detector,default,ripple,interval,recall,10,0.827451,0.814342,0.842843,0,0,0,1,10,0,0
spike_leakage_rate,0,spike_leakage_rate=0,Long_sharp_wave_ripple_detector,default,ripple,interval,recall,10,0.691176,0.666988,0.714015,0.000980392,0,0.00289303,1,10,0,0
spike_leakage_rate,0,spike_leakage_rate=0,Roumis_ripple_detector,default,ripple,interval,recall,10,0.828431,0.813977,0.844765,0,0,0,1,10,0,0
spike_leakage_rate,0,spike_leakage_rate=0,Shvartsman_ripple_detector,default,ripple,interval,recall,10,0.662745,0.640821,0.686537,-0.000980392,-0.00300308,0,1,10,0,0
spike_leakage_rate,0,spike_leakage_rate=0,Yu_ripple_detector,default,ripple,interval,recall,10,0.847059,0.832294,0.863778,-0.000980392,-0.0030426,0,1,10,0,0
spike_leakage_rate,0,spike_leakage_rate=0,Zugaro_ripple_detector,default,ripple,interval,recall,10,0.673529,0.650853,0.696115,-0.00196078,-0.00904768,0.00392966,0.75,10,0,0
spike_leakage_rate,0,spike_leakage_rate=0,multiunit_HSE_detector,default,burst,interval,recall,10,0.925358,0.911961,0.940764,-0.00613497,-0.0142861,0.00101523,0.25,10,0,0
spike_leakage_rate,0,spike_leakage_rate=0,recipe:ambrose_2016,literature,ripple,interval,recall,10,0.727451,0.699216,0.753383,-0.000980392,-0.00294125,0,1,10,0,0
spike_leakage_rate,0,spike_leakage_rate=0,recipe:bendor_2012,literature,burst,interval,recall,10,0.684049,0.655945,0.71337,0.0143149,0.0079994,0.0220612,0.0078125,10,0,0
spike_leakage_rate,0,spike_leakage_rate=0,recipe:berners_lee_2021,literature,ripple,interval,recall,10,0.790196,0.767908,0.813176,0,0,0,1,10,0,0
spike_leakage_rate,0,spike_leakage_rate=0,recipe:berners_lee_2022,literature,burst,interval,recall,10,0.691207,0.657086,0.725617,0.00817996,-0.0128844,0.0295034,0.453125,10,0,0
spike_leakage_rate,0,spike_leakage_rate=0,recipe:bhattarai_2020,literature,network,interval,recall,10,0.378899,0.36161,0.396635,-0.00458716,-0.0156269,0.00379534,0.605469,10,0,0
spike_leakage_rate,0,spike_leakage_rate=0,recipe:bhattarai_2020_ripples,literature,ripple,interval,recall,10,0.456863,0.425211,0.487904,-0.00784314,-0.0145835,0,0.078125,10,0,0
spike_leakage_rate,0,spike_leakage_rate=0,recipe:bush_2022,literature,burst,interval,recall,10,0.634969,0.607569,0.667692,0.00408998,-0.00517103,0.015658,0.515625,10,0,0
spike_leakage_rate,0,spike_leakage_rate=0,recipe:carey_2019,literature,network,interval,recall,10,0.822018,0.808664,0.835445,-0.00366972,-0.0153555,0.00749064,0.59375,10,0,0
spike_leakage_rate,0,spike_leakage_rate=0,recipe:carr_2012,literature,ripple,interval,recall,10,0.721569,0.70291,0.742332,-0.00294118,-0.00566038,0,0.25,10,0,0
spike_leakage_rate,0,spike_leakage_rate=0,recipe:chenani_2019,literature,burst,interval,recall,10,0.694274,0.674128,0.713713,0.00817996,-0.00489776,0.0212095,0.210938,10,0,0
spike_leakage_rate,0,spike_leakage_rate=0,recipe:davidson_2009,literature,burst,interval,recall,10,0.804703,0.781702,0.826136,0.00306748,-0.0137403,0.0201275,0.703125,10,0,0
spike_leakage_rate,0,spike_leakage_rate=0,recipe:davidson_2009_ripples,literature,ripple,peak_containment,recall,10,0.87451,0.851322,0.897161,-0.000980392,-0.0030426,0,1,10,0,0
spike_leakage_rate,0,spike_leakage_rate=0,recipe:denovellis_2021,literature,ripple,interval,recall,10,0.828431,0.815282,0.842262,0,0,0,1,10,0,0
spike_leakage_rate,0,spike_leakage_rate=0,recipe:denovellis_2021_mua,literature,burst,interval,recall,10,0.925358,0.912075,0.940283,-0.00511247,-0.0114476,0.00104937,0.234375,10,0,0
spike_leakage_rate,0,spike_leakage_rate=0,recipe:diba_2007,literature,burst,interval,recall,10,0.255624,0.226317,0.284394,-0.00102249,-0.00929776,0.00626321,0.875,10,0,0
spike_leakage_rate,0,spike_leakage_rate=0,recipe:drieu_2018,literature,burst,interval,recall,10,0.803681,0.789085,0.81878,0.0173824,0.00813008,0.0285722,0.015625,10,0,0
spike_leakage_rate,0,spike_leakage_rate=0,recipe:farooq_2019_neuron,literature,burst,interval,recall,10,0.295501,0.26793,0.325879,0.0153374,0.0010101,0.0323664,0.109375,10,0,0
spike_leakage_rate,0,spike_leakage_rate=0,recipe:farooq_2019_science,literature,burst,interval,recall,10,0.291411,0.263527,0.32158,0.0132924,0,0.0296526,0.136719,10,0,0
spike_leakage_rate,0,spike_leakage_rate=0,recipe:farooq_2019_science_awake,literature,burst,interval,recall,10,0.291411,0.263527,0.32158,0.0132924,0,0.0296526,0.136719,10,0,0
spike_leakage_rate,0,spike_leakage_rate=0,recipe:foster_2006,literature,burst,interval,recall,10,0.143149,0.123152,0.163812,-0.00511247,-0.0164279,0.00848273,0.539062,10,0,0
spike_leakage_rate,0,spike_leakage_rate=0,recipe:foster_2006_ripples,literature,ripple,interval,recall,10,0.0754902,0.0619379,0.0893591,0.000980392,0,0.00300308,1,10,0,0
spike_leakage_rate,0,spike_leakage_rate=0,recipe:gillespie_2021,literature,ripple,interval,recall,10,0.827451,0.814342,0.842843,0,0,0,1,10,0,0
spike_leakage_rate,0,spike_leakage_rate=0,recipe:gillespie_2021_mua,literature,burst,interval,recall,10,0.825153,0.804639,0.846939,0.00306748,-0.014449,0.0210799,0.726562,10,0,0
spike_leakage_rate,0,spike_leakage_rate=0,recipe:gridchyn_2020,literature,burst,interval,recall,10,0.895706,0.876106,0.914286,0.00408998,-0.00706483,0.0154643,0.480469,10,0,0
spike_leakage_rate,0,spike_leakage_rate=0,recipe:grosmark_2016,literature,network,interval,recall,10,0.424771,0.395368,0.454382,0.00825688,-0.00364715,0.0198974,0.296875,10,0,0
spike_leakage_rate,0,spike_leakage_rate=0,recipe:gupta_2010,literature,ripple,interval,recall,10,0.8,0.777446,0.828924,0,0,0,1,10,0,0
spike_leakage_rate,0,spike_leakage_rate=0,recipe:harvey_2023_code,literature,ripple,interval,recall,10,0.566667,0.542007,0.593622,0.00294118,-0.00697211,0.0118821,0.625,10,0,0
spike_leakage_rate,0,spike_leakage_rate=0,recipe:harvey_2023_no_radiatum,literature,ripple,interval,recall,10,0.604902,0.583909,0.626489,0.00784314,-0.00515135,0.020251,0.304688,10,0,0
spike_leakage_rate,0,spike_leakage_rate=0,recipe:harvey_2023_text,literature,ripple,interval,recall,10,0.604902,0.587255,0.62526,0,0,0,1,10,0,0
spike_leakage_rate,0,spike_leakage_rate=0,recipe:huelin_gorriz_2023,literature,network,interval,recall,10,0.519266,0.493001,0.545637,0.00825688,0.00184655,0.0148152,0.0625,10,0,0
spike_leakage_rate,0,spike_leakage_rate=0,recipe:igata_2021,literature,burst,interval,recall,10,0.93047,0.916244,0.946466,-0.00204499,-0.00652192,0.00210532,0.40625,10,0,0
spike_leakage_rate,0,spike_leakage_rate=0,recipe:igata_2021_ripples,literature,ripple,interval,recall,10,0.871569,0.855421,0.888892,-0.000980392,-0.0030426,0,1,10,0,0
spike_leakage_rate,0,spike_leakage_rate=0,recipe:jadhav_2016,literature,ripple,interval,recall,10,0.588235,0.557921,0.619279,0.00196078,-0.00406514,0.00831025,0.65625,10,0,0
spike_leakage_rate,0,spike_leakage_rate=0,recipe:ji_2007,literature,burst,interval,recall,10,0.737219,0.702911,0.768827,0.0368098,-0.0132417,0.0980208,0.220703,10,0,0
spike_leakage_rate,0,spike_leakage_rate=0,recipe:ji_2007_ripples,literature,ripple,interval,recall,10,0.00490196,0.00101623,0.00883243,0,0,0,1,10,0,0
spike_leakage_rate,0,spike_leakage_rate=0,recipe:kaefer_2020,literature,ripple,interval,recall,10,0.0107843,0.00584212,0.0155603,0,0,0,1,10,0,0
spike_leakage_rate,0,spike_leakage_rate=0,recipe:karlsson_2009,literature,ripple,interval,recall,10,0.721569,0.70291,0.742332,-0.00294118,-0.00566038,0,0.25,10,0,0
spike_leakage_rate,0,spike_leakage_rate=0,recipe:krause_2022,literature,network,interval,recall,10,0.614679,0.587345,0.640221,-0.00550459,-0.0113002,0,0.140625,10,0,0
spike_leakage_rate,0,spike_leakage_rate=0,recipe:krause_2022_hse,literature,burst,interval,recall,10,0.821063,0.800785,0.841152,0.00204499,-0.00722432,0.0134443,0.625,10,0,0
spike_leakage_rate,0,spike_leakage_rate=0,recipe:kudrimoti_1999,literature,ripple,interval,recall,10,0.0245098,0.0174466,0.0338271,0,0,0,1,10,0,0
spike_leakage_rate,0,spike_leakage_rate=0,recipe:lee_2002,literature,burst,interval,recall,10,0.952965,0.939733,0.964576,0.00306748,-0.00634937,0.0119763,0.6875,10,0,0
spike_leakage_rate,0,spike_leakage_rate=0,recipe:lee_2002_ripples,literature,ripple,interval,recall,10,0.0754902,0.0619379,0.0893591,0.000980392,0,0.00300308,1,10,0,0
spike_leakage_rate,0,spike_leakage_rate=0,recipe:liu_2019,literature,burst,interval,recall,10,0.843558,0.816219,0.871319,0,-0.00904545,0.00944411,0.90625,10,0,0
spike_leakage_rate,0,spike_leakage_rate=0,recipe:liu_2019_awake,literature,burst,interval,recall,10,0.843558,0.816219,0.871319,0,-0.00904545,0.00944411,0.90625,10,0,0
spike_leakage_rate,0,spike_leakage_rate=0,recipe:liu_2023,literature,network,interval,recall,10,0.436697,0.420365,0.454118,0.00550459,-0.00625629,0.0176256,0.351562,10,0,0
spike_leakage_rate,0,spike_leakage_rate=0,recipe:maboudi_2018,literature,burst,interval,recall,10,0.797546,0.778983,0.815681,0.00511247,-0.00584983,0.0167209,0.40625,10,0,0
spike_leakage_rate,0,spike_leakage_rate=0,recipe:maboudi_2018_open_field,literature,burst,interval,recall,10,0.743354,0.727079,0.759534,0.00613497,-0.00504058,0.01719,0.382812,10,0,0
spike_leakage_rate,0,spike_leakage_rate=0,recipe:mallory_2025,literature,burst,interval,recall,10,0.775051,0.753578,0.796893,0.0153374,0.0062046,0.0236223,0.0234375,10,0,0
spike_leakage_rate,0,spike_leakage_rate=0,recipe:mallory_2025_ripples,literature,ripple,interval,recall,10,0.689216,0.66849,0.711831,-0.000980392,-0.00308968,0,1,10,0,0
spike_leakage_rate,0,spike_leakage_rate=0,recipe:michon_2019,literature,network,interval,recall,10,0.246789,0.218916,0.272412,-0.00366972,-0.0109096,0.00376666,0.46875,10,0,0
spike_leakage_rate,0,spike_leakage_rate=0,recipe:michon_2021,literature,network,interval,recall,10,0.246789,0.218916,0.272412,-0.00366972,-0.0109096,0.00376666,0.46875,10,0,0
spike_leakage_rate,0,spike_leakage_rate=0,recipe:mou_2022,literature,burst,interval,recall,10,0.852761,0.826941,0.877321,-0.00408998,-0.0255109,0.0188334,0.867188,10,0,0
spike_leakage_rate,0,spike_leakage_rate=0,recipe:muessig_2019,literature,network,interval,recall,10,0.111927,0.0964067,0.127378,0.00550459,-0.000927356,0.0122411,0.125,10,0,0
spike_leakage_rate,0,spike_leakage_rate=0,recipe:muessig_2019_ripples,literature,ripple,interval,recall,10,0.876471,0.855957,0.894688,0.000980392,0,0.00314812,1,10,0,0
spike_leakage_rate,0,spike_leakage_rate=0,recipe:nadasdy_1999,literature,ripple,interval,recall,10,0.459804,0.438422,0.484494,-0.00196078,-0.00471709,0,0.5,10,0,0
spike_leakage_rate,0,spike_leakage_rate=0,recipe:olafsdottir_2015,literature,burst,interval,recall,10,0.683027,0.661939,0.703751,0.00613497,-0.00619211,0.0170179,0.382812,10,0,0
spike_leakage_rate,0,spike_leakage_rate=0,recipe:olafsdottir_2015.bayesian_candidates,literature,burst,interval,recall,10,0.615542,0.587673,0.646339,0.00306748,-0.00619835,0.0121957,0.515625,10,0,0
spike_leakage_rate,0,spike_leakage_rate=0,recipe:olafsdottir_2016,literature,burst,interval,recall,10,0.57362,0.543568,0.60951,0.00306748,-0.0141443,0.0204962,0.730469,10,0,0
spike_leakage_rate,0,spike_leakage_rate=0,recipe:olafsdottir_2017,literature,burst,interval,recall,10,0.752556,0.740233,0.76569,-0.00817996,-0.0173915,0.00197433,0.128906,10,0,0
spike_leakage_rate,0,spike_leakage_rate=0,recipe:olafsdottir_2017.trajectory,literature,burst,interval,recall,10,0.57362,0.543568,0.60951,0.00306748,-0.0141443,0.0204962,0.730469,10,0,0
spike_leakage_rate,0,spike_leakage_rate=0,recipe:pfeiffer_2013,literature,burst,interval,recall,10,0.743354,0.727079,0.759534,0.00613497,-0.00504058,0.01719,0.382812,10,0,0
spike_leakage_rate,0,spike_leakage_rate=0,recipe:pfeiffer_2013_ripples,literature,ripple,interval,recall,10,0.727451,0.699216,0.753383,-0.000980392,-0.00294125,0,1,10,0,0
spike_leakage_rate,0,spike_leakage_rate=0,recipe:pfeiffer_2015,literature,ripple,interval,recall,10,0.727451,0.699216,0.753383,-0.000980392,-0.00294125,0,1,10,0,0
spike_leakage_rate,0,spike_leakage_rate=0,recipe:shin_2019,literature,ripple,interval,recall,10,0.721569,0.70291,0.742332,-0.00294118,-0.00566038,0,0.25,10,0,0
spike_leakage_rate,0,spike_leakage_rate=0,recipe:silva_2015,literature,burst,interval,recall,10,0.625767,0.597006,0.656835,0.00613497,-0.011285,0.0219783,0.457031,10,0,0
spike_leakage_rate,0,spike_leakage_rate=0,recipe:stella_2019,literature,ripple,interval,recall,10,0.666667,0.650838,0.684687,0,-0.0040858,0.00369344,0.75,10,0,0
spike_leakage_rate,0,spike_leakage_rate=0,recipe:tang_2017,literature,ripple,interval,recall,10,0.721569,0.70291,0.742332,-0.00294118,-0.00566038,0,0.25,10,0,0
spike_leakage_rate,0,spike_leakage_rate=0,recipe:tirole_2022,literature,network,interval,recall,10,0.519266,0.493001,0.545637,0.00825688,0.00184655,0.0148152,0.0625,10,0,0
spike_leakage_rate,0,spike_leakage_rate=0,recipe:widloski_2025,literature,ripple,interval,recall,10,0.505882,0.469059,0.54592,-0.00196078,-0.00512821,0,0.5,10,0,0
spike_leakage_rate,0,spike_leakage_rate=0,recipe:widloski_2025_bursts,literature,burst,interval,recall,10,0.535787,0.497059,0.57624,0.00613497,-0.0030091,0.0146598,0.183594,10,0,0
spike_leakage_rate,0,spike_leakage_rate=0,recipe:wikenheiser_2013,literature,ripple,interval,recall,10,0.831373,0.802236,0.860317,-0.000980392,-0.00568195,0.00284934,1,10,0,0
spike_leakage_rate,0,spike_leakage_rate=0,recipe:wu_2014,literature,burst,interval,recall,10,0.871166,0.855466,0.886875,0.00817996,0,0.0172074,0.140625,10,0,0
spike_leakage_rate,0,spike_leakage_rate=0,recipe:wu_2014_ripples,literature,ripple,peak_containment,recall,10,0.897059,0.879019,0.916746,-0.000980392,-0.00310889,0,1,10,0,0
spike_leakage_rate,0,spike_leakage_rate=0,recipe:wu_2017,literature,burst,interval,recall,10,0.538855,0.511851,0.56657,0.00408998,-0.0224267,0.0318624,0.734375,10,0,0
spike_leakage_rate,0,spike_leakage_rate=0,recipe:xu_2019,literature,burst,interval,recall,10,0.763804,0.749734,0.77665,0.0163599,0.00520793,0.0280745,0.046875,10,0,0
spike_leakage_rate,0,spike_leakage_rate=0,recipe:yamamoto_2017,literature,network,interval,recall,10,0.547706,0.522812,0.570916,-0.0137615,-0.0339473,0.00471287,0.234375,10,0,0
spike_leakage_rate,0,spike_leakage_rate=0,recipe:yang_2024,literature,network,interval,recall,10,0.424771,0.395368,0.454382,0.00825688,-0.00364715,0.0198974,0.296875,10,0,0
spike_leakage_rate,reference,reference,Carey_candidate_detector,default,network,interval,recall,10,0.817431,0.802458,0.834401,0,0,0,1,10,0,0
spike_leakage_rate,reference,reference,Karlsson_ripple_detector,default,ripple,interval,recall,10,0.72451,0.706531,0.74433,0,0,0,1,10,0,0
spike_leakage_rate,reference,reference,Kay_ripple_detector,default,ripple,interval,recall,10,0.827451,0.814342,0.842843,0,0,0,1,10,0,0
spike_leakage_rate,reference,reference,Long_sharp_wave_ripple_detector,default,ripple,interval,recall,10,0.690196,0.666335,0.713389,0,0,0,1,10,0,0
spike_leakage_rate,reference,reference,Roumis_ripple_detector,default,ripple,interval,recall,10,0.828431,0.813977,0.844765,0,0,0,1,10,0,0
spike_leakage_rate,reference,reference,Shvartsman_ripple_detector,default,ripple,interval,recall,10,0.663725,0.64129,0.687835,0,0,0,1,10,0,0
spike_leakage_rate,reference,reference,Yu_ripple_detector,default,ripple,interval,recall,10,0.848039,0.832833,0.865145,0,0,0,1,10,0,0
spike_leakage_rate,reference,reference,Zugaro_ripple_detector,default,ripple,interval,recall,10,0.67549,0.654252,0.696335,0,0,0,1,10,0,0
spike_leakage_rate,reference,reference,multiunit_HSE_detector,default,burst,interval,recall,10,0.931493,0.917158,0.948138,0,0,0,1,10,0,0
spike_leakage_rate,reference,reference,recipe:ambrose_2016,literature,ripple,interval,recall,10,0.728431,0.699812,0.754759,0,0,0,1,10,0,0
spike_leakage_rate,reference,reference,recipe:bendor_2012,literature,burst,interval,recall,10,0.669734,0.643002,0.697931,0,0,0,1,10,0,0
spike_leakage_rate,reference,reference,recipe:berners_lee_2021,literature,ripple,interval,recall,10,0.790196,0.767908,0.813176,0,0,0,1,10,0,0
spike_leakage_rate,reference,reference,recipe:berners_lee_2022,literature,burst,interval,recall,10,0.683027,0.657603,0.710964,0,0,0,1,10,0,0
spike_leakage_rate,reference,reference,recipe:bhattarai_2020,literature,network,interval,recall,10,0.383486,0.36426,0.404432,0,0,0,1,10,0,0
spike_leakage_rate,reference,reference,recipe:bhattarai_2020_ripples,literature,ripple,interval,recall,10,0.464706,0.436362,0.495339,0,0,0,1,10,0,0
spike_leakage_rate,reference,reference,recipe:bush_2022,literature,burst,interval,recall,10,0.630879,0.597014,0.668706,0,0,0,1,10,0,0
spike_leakage_rate,reference,reference,recipe:carey_2019,literature,network,interval,recall,10,0.825688,0.806478,0.843953,0,0,0,1,10,0,0
spike_leakage_rate,reference,reference,recipe:carr_2012,literature,ripple,interval,recall,10,0.72451,0.706531,0.74433,0,0,0,1,10,0,0
spike_leakage_rate,reference,reference,recipe:chenani_2019,literature,burst,interval,recall,10,0.686094,0.665608,0.709887,0,0,0,1,10,0,0
spike_leakage_rate,reference,reference,recipe:davidson_2009,literature,burst,interval,recall,10,0.801636,0.785994,0.820324,0,0,0,1,10,0,0
spike_leakage_rate,reference,reference,recipe:davidson_2009_ripples,literature,ripple,peak_containment,recall,10,0.87549,0.851889,0.898297,0,0,0,1,10,0,0
spike_leakage_rate,reference,reference,recipe:denovellis_2021,literature,ripple,interval,recall,10,0.828431,0.815282,0.842262,0,0,0,1,10,0,0
spike_leakage_rate,reference,reference,recipe:denovellis_2021_mua,literature,burst,interval,recall,10,0.93047,0.916838,0.946485,0,0,0,1,10,0,0
spike_leakage_rate,reference,reference,recipe:diba_2007,literature,burst,interval,recall,10,0.256646,0.22654,0.287224,0,0,0,1,10,0,0
spike_leakage_rate,reference,reference,recipe:drieu_2018,literature,burst,interval,recall,10,0.786299,0.775775,0.797509,0,0,0,1,10,0,0
spike_leakage_rate,reference,reference,recipe:farooq_2019_neuron,literature,burst,interval,recall,10,0.280164,0.243652,0.32154,0,0,0,1,10,0,0
spike_leakage_rate,reference,reference,recipe:farooq_2019_science,literature,burst,interval,recall,10,0.278119,0.242423,0.318476,0,0,0,1,10,0,0
spike_leakage_rate,reference,reference,recipe:farooq_2019_science_awake,literature,burst,interval,recall,10,0.278119,0.242423,0.318476,0,0,0,1,10,0,0
spike_leakage_rate,reference,reference,recipe:foster_2006,literature,burst,interval,recall,10,0.148262,0.127082,0.172862,0,0,0,1,10,0,0
spike_leakage_rate,reference,reference,recipe:foster_2006_ripples,literature,ripple,interval,recall,10,0.0745098,0.0613481,0.0878934,0,0,0,1,10,0,0
spike_leakage_rate,reference,reference,recipe:gillespie_2021,literature,ripple,interval,recall,10,0.827451,0.814342,0.842843,0,0,0,1,10,0,0
spike_leakage_rate,reference,reference,recipe:gillespie_2021_mua,literature,burst,interval,recall,10,0.822086,0.803179,0.839827,0,0,0,1,10,0,0
spike_leakage_rate,reference,reference,recipe:gridchyn_2020,literature,burst,interval,recall,10,0.891616,0.874123,0.907524,0,0,0,1,10,0,0
spike_leakage_rate,reference,reference,recipe:grosmark_2016,literature,network,interval,recall,10,0.416514,0.386402,0.448061,0,0,0,1,10,0,0
spike_leakage_rate,reference,reference,recipe:gupta_2010,literature,ripple,interval,recall,10,0.8,0.777446,0.828924,0,0,0,1,10,0,0
spike_leakage_rate,reference,reference,recipe:harvey_2023_code,literature,ripple,interval,recall,10,0.563725,0.539941,0.588474,0,0,0,1,10,0,0
spike_leakage_rate,reference,reference,recipe:harvey_2023_no_radiatum,literature,ripple,interval,recall,10,0.597059,0.577734,0.617905,0,0,0,1,10,0,0
spike_leakage_rate,reference,reference,recipe:harvey_2023_text,literature,ripple,interval,recall,10,0.604902,0.587255,0.62526,0,0,0,1,10,0,0
spike_leakage_rate,reference,reference,recipe:huelin_gorriz_2023,literature,network,interval,recall,10,0.511009,0.483133,0.539768,0,0,0,1,10,0,0
spike_leakage_rate,reference,reference,recipe:igata_2021,literature,burst,interval,recall,10,0.932515,0.917901,0.949156,0,0,0,1,10,0,0
spike_leakage_rate,reference,reference,recipe:igata_2021_ripples,literature,ripple,interval,recall,10,0.872549,0.855652,0.890613,0,0,0,1,10,0,0
spike_leakage_rate,reference,reference,recipe:jadhav_2016,literature,ripple,interval,recall,10,0.586275,0.554419,0.616468,0,0,0,1,10,0,0
spike_leakage_rate,reference,reference,recipe:ji_2007,literature,burst,interval,recall,10,0.700409,0.6305,0.748675,0,0,0,1,10,0,0
spike_leakage_rate,reference,reference,recipe:ji_2007_ripples,literature,ripple,interval,recall,10,0.00490196,0.00101623,0.00883243,0,0,0,1,10,0,0
spike_leakage_rate,reference,reference,recipe:kaefer_2020,literature,ripple,interval,recall,10,0.0107843,0.00584212,0.0155603,0,0,0,1,10,0,0
spike_leakage_rate,reference,reference,recipe:karlsson_2009,literature,ripple,interval,recall,10,0.72451,0.706531,0.74433,0,0,0,1,10,0,0
spike_leakage_rate,reference,reference,recipe:krause_2022,literature,network,interval,recall,10,0.620183,0.594116,0.645529,0,0,0,1,10,0,0
spike_leakage_rate,reference,reference,recipe:krause_2022_hse,literature,burst,interval,recall,10,0.819018,0.797725,0.839959,0,0,0,1,10,0,0
spike_leakage_rate,reference,reference,recipe:kudrimoti_1999,literature,ripple,interval,recall,10,0.0245098,0.0174466,0.0338271,0,0,0,1,10,0,0
spike_leakage_rate,reference,reference,recipe:lee_2002,literature,burst,interval,recall,10,0.949898,0.943786,0.955603,0,0,0,1,10,0,0
spike_leakage_rate,reference,reference,recipe:lee_2002_ripples,literature,ripple,interval,recall,10,0.0745098,0.0613481,0.0878934,0,0,0,1,10,0,0
spike_leakage_rate,reference,reference,recipe:liu_2019,literature,burst,interval,recall,10,0.843558,0.811187,0.87384,0,0,0,1,10,0,0
spike_leakage_rate,reference,reference,recipe:liu_2019_awake,literature,burst,interval,recall,10,0.843558,0.811187,0.87384,0,0,0,1,10,0,0
spike_leakage_rate,reference,reference,recipe:liu_2023,literature,network,interval,recall,10,0.431193,0.411239,0.451816,0,0,0,1,10,0,0
spike_leakage_rate,reference,reference,recipe:maboudi_2018,literature,burst,interval,recall,10,0.792434,0.774162,0.811442,0,0,0,1,10,0,0
spike_leakage_rate,reference,reference,recipe:maboudi_2018_open_field,literature,burst,interval,recall,10,0.737219,0.716188,0.761011,0,0,0,1,10,0,0
spike_leakage_rate,reference,reference,recipe:mallory_2025,literature,burst,interval,recall,10,0.759714,0.740078,0.779609,0,0,0,1,10,0,0
spike_leakage_rate,reference,reference,recipe:mallory_2025_ripples,literature,ripple,interval,recall,10,0.690196,0.668886,0.712691,0,0,0,1,10,0,0
spike_leakage_rate,reference,reference,recipe:michon_2019,literature,network,interval,recall,10,0.250459,0.224122,0.276924,0,0,0,1,10,0,0
spike_leakage_rate,reference,reference,recipe:michon_2021,literature,network,interval,recall,10,0.250459,0.224122,0.276924,0,0,0,1,10,0,0
spike_leakage_rate,reference,reference,recipe:mou_2022,literature,burst,interval,recall,10,0.856851,0.829681,0.882724,0,0,0,1,10,0,0
spike_leakage_rate,reference,reference,recipe:muessig_2019,literature,network,interval,recall,10,0.106422,0.091568,0.12113,0,0,0,1,10,0,0
spike_leakage_rate,reference,reference,recipe:muessig_2019_ripples,literature,ripple,interval,recall,10,0.87549,0.854298,0.894141,0,0,0,1,10,0,0
spike_leakage_rate,reference,reference,recipe:nadasdy_1999,literature,ripple,interval,recall,10,0.461765,0.441114,0.485717,0,0,0,1,10,0,0
spike_leakage_rate,reference,reference,recipe:olafsdottir_2015,literature,burst,interval,recall,10,0.676892,0.654822,0.69798,0,0,0,1,10,0,0
spike_leakage_rate,reference,reference,recipe:olafsdottir_2015.bayesian_candidates,literature,burst,interval,recall,10,0.612474,0.58635,0.641136,0,0,0,1,10,0,0
spike_leakage_rate,reference,reference,recipe:olafsdottir_2016,literature,burst,interval,recall,10,0.570552,0.539077,0.609091,0,0,0,1,10,0,0
spike_leakage_rate,reference,reference,recipe:olafsdottir_2017,literature,burst,interval,recall,10,0.760736,0.745657,0.775992,0,0,0,1,10,0,0
spike_leakage_rate,reference,reference,recipe:olafsdottir_2017.trajectory,literature,burst,interval,recall,10,0.570552,0.539077,0.609091,0,0,0,1,10,0,0
spike_leakage_rate,reference,reference,recipe:pfeiffer_2013,literature,burst,interval,recall,10,0.737219,0.716188,0.761011,0,0,0,1,10,0,0
spike_leakage_rate,reference,reference,recipe:pfeiffer_2013_ripples,literature,ripple,interval,recall,10,0.728431,0.699812,0.754759,0,0,0,1,10,0,0
spike_leakage_rate,reference,reference,recipe:pfeiffer_2015,literature,ripple,interval,recall,10,0.728431,0.699812,0.754759,0,0,0,1,10,0,0
spike_leakage_rate,reference,reference,recipe:shin_2019,literature,ripple,interval,recall,10,0.72451,0.706531,0.74433,0,0,0,1,10,0,0
spike_leakage_rate,reference,reference,recipe:silva_2015,literature,burst,interval,recall,10,0.619632,0.590956,0.648278,0,0,0,1,10,0,0
spike_leakage_rate,reference,reference,recipe:stella_2019,literature,ripple,interval,recall,10,0.666667,0.649493,0.685394,0,0,0,1,10,0,0
spike_leakage_rate,reference,reference,recipe:tang_2017,literature,ripple,interval,recall,10,0.72451,0.706531,0.74433,0,0,0,1,10,0,0
spike_leakage_rate,reference,reference,recipe:tirole_2022,literature,network,interval,recall,10,0.511009,0.483133,0.539768,0,0,0,1,10,0,0
spike_leakage_rate,reference,reference,recipe:widloski_2025,literature,ripple,interval,recall,10,0.507843,0.469984,0.54879,0,0,0,1,10,0,0
spike_leakage_rate,reference,reference,recipe:widloski_2025_bursts,literature,burst,interval,recall,10,0.529652,0.491013,0.571436,0,0,0,1,10,0,0
spike_leakage_rate,reference,reference,recipe:wikenheiser_2013,literature,ripple,interval,recall,10,0.832353,0.80594,0.860302,0,0,0,1,10,0,0
spike_leakage_rate,reference,reference,recipe:wu_2014,literature,burst,interval,recall,10,0.862986,0.848921,0.877469,0,0,0,1,10,0,0
spike_leakage_rate,reference,reference,recipe:wu_2014_ripples,literature,ripple,peak_containment,recall,10,0.898039,0.880974,0.916923,0,0,0,1,10,0,0
spike_leakage_rate,reference,reference,recipe:wu_2017,literature,burst,interval,recall,10,0.534765,0.509803,0.559125,0,0,0,1,10,0,0
spike_leakage_rate,reference,reference,recipe:xu_2019,literature,burst,interval,recall,10,0.747444,0.729037,0.765482,0,0,0,1,10,0,0
spike_leakage_rate,reference,reference,recipe:yamamoto_2017,literature,network,interval,recall,10,0.561468,0.529566,0.596138,0,0,0,1,10,0,0
spike_leakage_rate,reference,reference,recipe:yang_2024,literature,network,interval,recall,10,0.416514,0.386402,0.448061,0,0,0,1,10,0,0
spike_leakage_rate,6,spike_leakage_rate=6,Carey_candidate_detector,default,network,interval,recall,10,0.813761,0.802128,0.829134,-0.00366972,-0.0124334,0.0028463,0.6875,10,0,0
spike_leakage_rate,6,spike_leakage_rate=6,Karlsson_ripple_detector,default,ripple,interval,recall,10,0.723529,0.704853,0.744319,-0.000980392,-0.0040568,0.00212134,1,10,0,0
spike_leakage_rate,6,spike_leakage_rate=6,Kay_ripple_detector,default,ripple,interval,recall,10,0.827451,0.814342,0.842843,0,0,0,1,10,0,0
spike_leakage_rate,6,spike_leakage_rate=6,Long_sharp_wave_ripple_detector,default,ripple,interval,recall,10,0.688235,0.661825,0.712605,-0.00196078,-0.00477601,0,0.5,10,0,0
spike_leakage_rate,6,spike_leakage_rate=6,Roumis_ripple_detector,default,ripple,interval,recall,10,0.828431,0.813977,0.844765,0,0,0,1,10,0,0
spike_leakage_rate,6,spike_leakage_rate=6,Shvartsman_ripple_detector,default,ripple,interval,recall,10,0.661765,0.640266,0.685095,-0.00196078,-0.00486867,0,0.5,10,0,0
spike_leakage_rate,6,spike_leakage_rate=6,Yu_ripple_detector,default,ripple,interval,recall,10,0.848039,0.832833,0.865145,0,0,0,1,10,0,0
spike_leakage_rate,6,spike_leakage_rate=6,Zugaro_ripple_detector,default,ripple,interval,recall,10,0.680392,0.655647,0.703666,0.00490196,-0.00295596,0.0141393,0.375,10,0,0
spike_leakage_rate,6,spike_leakage_rate=6,multiunit_HSE_detector,default,burst,interval,recall,10,0.924335,0.911531,0.939748,-0.00715746,-0.0115183,-0.00308285,0.03125,10,0,0
spike_leakage_rate,6,spike_leakage_rate=6,recipe:ambrose_2016,literature,ripple,interval,recall,10,0.728431,0.699812,0.754759,0,0,0,1,10,0,0
spike_leakage_rate,6,spike_leakage_rate=6,recipe:bendor_2012,literature,burst,interval,recall,10,0.660532,0.628735,0.692967,-0.00920245,-0.019983,0.00198822,0.179688,10,0,0
spike_leakage_rate,6,spike_leakage_rate=6,recipe:berners_lee_2021,literature,ripple,interval,recall,10,0.790196,0.767908,0.813176,0,0,0,1,10,0,0
spike_leakage_rate,6,spike_leakage_rate=6,recipe:berners_lee_2022,literature,burst,interval,recall,10,0.685072,0.651543,0.719412,0.00204499,-0.0158107,0.0204747,0.703125,10,0,0
spike_leakage_rate,6,spike_leakage_rate=6,recipe:bhattarai_2020,literature,network,interval,recall,10,0.379817,0.366052,0.395664,-0.00366972,-0.0169201,0.00795791,0.613281,10,0,0
spike_leakage_rate,6,spike_leakage_rate=6,recipe:bhattarai_2020_ripples,literature,ripple,interval,recall,10,0.462745,0.432186,0.493841,-0.00196078,-0.012184,0.00878949,0.648438,10,0,0
spike_leakage_rate,6,spike_leakage_rate=6,recipe:bush_2022,literature,burst,interval,recall,10,0.611452,0.57974,0.650572,-0.0194274,-0.0302732,-0.00759056,0.015625,10,0,0
spike_leakage_rate,6,spike_leakage_rate=6,recipe:carey_2019,literature,network,interval,recall,10,0.822018,0.80429,0.838622,-0.00366972,-0.00763377,0,0.0625,10,0,0
spike_leakage_rate,6,spike_leakage_rate=6,recipe:carr_2012,literature,ripple,interval,recall,10,0.723529,0.704853,0.744319,-0.000980392,-0.0040568,0.00212134,1,10,0,0
spike_leakage_rate,6,spike_leakage_rate=6,recipe:chenani_2019,literature,burst,interval,recall,10,0.671779,0.645161,0.701646,-0.0143149,-0.0280308,-0.00219527,0.0859375,10,0,0
spike_leakage_rate,6,spike_leakage_rate=6,recipe:davidson_2009,literature,burst,interval,recall,10,0.800613,0.776794,0.824455,-0.00102249,-0.0131449,0.0116547,0.964844,10,0,0
spike_leakage_rate,6,spike_leakage_rate=6,recipe:davidson_2009_ripples,literature,ripple,peak_containment,recall,10,0.87549,0.851889,0.898297,0,0,0,1,10,0,0
spike_leakage_rate,6,spike_leakage_rate=6,recipe:denovellis_2021,literature,ripple,interval,recall,10,0.828431,0.815282,0.842262,0,0,0,1,10,0,0
spike_leakage_rate,6,spike_leakage_rate=6,recipe:denovellis_2021_mua,literature,burst,interval,recall,10,0.923313,0.909989,0.938948,-0.00715746,-0.0115434,-0.00315765,0.03125,10,0,0
spike_leakage_rate,6,spike_leakage_rate=6,recipe:diba_2007,literature,burst,interval,recall,10,0.261759,0.231668,0.292569,0.00511247,-0.00317167,0.0122718,0.375,10,0,0
spike_leakage_rate,6,spike_leakage_rate=6,recipe:drieu_2018,literature,burst,interval,recall,10,0.775051,0.755778,0.794682,-0.0112474,-0.0262627,0.00314153,0.238281,10,0,0
spike_leakage_rate,6,spike_leakage_rate=6,recipe:farooq_2019_neuron,literature,burst,interval,recall,10,0.270961,0.240911,0.301706,-0.00920245,-0.0247986,0.00576466,0.265625,10,0,0
spike_leakage_rate,6,spike_leakage_rate=6,recipe:farooq_2019_science,literature,burst,interval,recall,10,0.267894,0.237472,0.297556,-0.0102249,-0.0265601,0.00487353,0.21875,10,0,0
spike_leakage_rate,6,spike_leakage_rate=6,recipe:farooq_2019_science_awake,literature,burst,interval,recall,10,0.267894,0.237472,0.297556,-0.0102249,-0.0265601,0.00487353,0.21875,10,0,0
spike_leakage_rate,6,spike_leakage_rate=6,recipe:foster_2006,literature,burst,interval,recall,10,0.148262,0.124079,0.175907,0,-0.010989,0.0127969,0.9375,10,0,0
spike_leakage_rate,6,spike_leakage_rate=6,recipe:foster_2006_ripples,literature,ripple,interval,recall,10,0.0754902,0.0619905,0.0893051,0.000980392,0,0.003125,1,10,0,0
spike_leakage_rate,6,spike_leakage_rate=6,recipe:gillespie_2021,literature,ripple,interval,recall,10,0.827451,0.814342,0.842843,0,0,0,1,10,0,0
spike_leakage_rate,6,spike_leakage_rate=6,recipe:gillespie_2021_mua,literature,burst,interval,recall,10,0.823108,0.799033,0.84717,0.00102249,-0.011823,0.015055,0.808594,10,0,0
spike_leakage_rate,6,spike_leakage_rate=6,recipe:gridchyn_2020,literature,burst,interval,recall,10,0.898773,0.881936,0.915205,0.00715746,-0.00201628,0.0170351,0.1875,10,0,0
spike_leakage_rate,6,spike_leakage_rate=6,recipe:grosmark_2016,literature,network,interval,recall,10,0.407339,0.381471,0.436025,-0.00917431,-0.0188862,2.1815e-05,0.0839844,10,0,0
spike_leakage_rate,6,spike_leakage_rate=6,recipe:gupta_2010,literature,ripple,interval,recall,10,0.8,0.777446,0.828924,0,0,0,1,10,0,0
spike_leakage_rate,6,spike_leakage_rate=6,recipe:harvey_2023_code,literature,ripple,interval,recall,10,0.560784,0.539681,0.586308,-0.00294118,-0.0178593,0.0093123,0.835938,10,0,0
spike_leakage_rate,6,spike_leakage_rate=6,recipe:harvey_2023_no_radiatum,literature,ripple,interval,recall,10,0.598039,0.573473,0.620653,0.000980392,-0.0130014,0.0149325,1,10,0,0
spike_leakage_rate,6,spike_leakage_rate=6,recipe:harvey_2023_text,literature,ripple,interval,recall,10,0.604902,0.588118,0.626363,0,-0.00397614,0.00394497,1,10,0,0
spike_leakage_rate,6,spike_leakage_rate=6,recipe:huelin_gorriz_2023,literature,network,interval,recall,10,0.511009,0.486842,0.537619,0,-0.00638701,0.00693696,0.90625,10,0,0
spike_leakage_rate,6,spike_leakage_rate=6,recipe:igata_2021,literature,burst,interval,recall,10,0.925358,0.910802,0.942888,-0.00715746,-0.0117399,-0.003003,0.03125,10,0,0
spike_leakage_rate,6,spike_leakage_rate=6,recipe:igata_2021_ripples,literature,ripple,interval,recall,10,0.871569,0.855421,0.888892,-0.000980392,-0.0030426,0,1,10,0,0
spike_leakage_rate,6,spike_leakage_rate=6,recipe:jadhav_2016,literature,ripple,interval,recall,10,0.573529,0.540896,0.605026,-0.0127451,-0.0188151,-0.00636267,0.015625,10,0,0
spike_leakage_rate,6,spike_leakage_rate=6,recipe:ji_2007,literature,burst,interval,recall,10,0.730061,0.691139,0.767065,0.0296524,-0.0233328,0.0890433,0.296875,10,0,0
spike_leakage_rate,6,spike_leakage_rate=6,recipe:ji_2007_ripples,literature,ripple,interval,recall,10,0.00490196,0.00101623,0.00883243,0,0,0,1,10,0,0
spike_leakage_rate,6,spike_leakage_rate=6,recipe:kaefer_2020,literature,ripple,interval,recall,10,0.0107843,0.00584212,0.0155603,0,0,0,1,10,0,0
spike_leakage_rate,6,spike_leakage_rate=6,recipe:karlsson_2009,literature,ripple,interval,recall,10,0.723529,0.704853,0.744319,-0.000980392,-0.0040568,0.00212134,1,10,0,0
spike_leakage_rate,6,spike_leakage_rate=6,recipe:krause_2022,literature,network,interval,recall,10,0.622018,0.594742,0.647655,0.00183486,-0.00275248,0.00611394,0.5625,10,0,0
spike_leakage_rate,6,spike_leakage_rate=6,recipe:krause_2022_hse,literature,burst,interval,recall,10,0.823108,0.799995,0.845318,0.00408998,-0.00580847,0.0174348,0.53125,10,0,0
spike_leakage_rate,6,spike_leakage_rate=6,recipe:kudrimoti_1999,literature,ripple,interval,recall,10,0.0245098,0.0174466,0.0338271,0,0,0,1,10,0,0
spike_leakage_rate,6,spike_leakage_rate=6,recipe:lee_2002,literature,burst,interval,recall,10,0.95501,0.943631,0.965252,0.00511247,-0.00310567,0.0129495,0.375,10,0,0
spike_leakage_rate,6,spike_leakage_rate=6,recipe:lee_2002_ripples,literature,ripple,interval,recall,10,0.0754902,0.0619905,0.0893051,0.000980392,0,0.003125,1,10,0,0
spike_leakage_rate,6,spike_leakage_rate=6,recipe:liu_2019,literature,burst,interval,recall,10,0.838446,0.804526,0.872215,-0.00511247,-0.0158577,0.00625717,0.488281,10,0,0
spike_leakage_rate,6,spike_leakage_rate=6,recipe:liu_2019_awake,literature,burst,interval,recall,10,0.838446,0.804526,0.872215,-0.00511247,-0.0158577,0.00625717,0.488281,10,0,0
spike_leakage_rate,6,spike_leakage_rate=6,recipe:liu_2023,literature,network,interval,recall,10,0.430275,0.411649,0.4505,-0.000917431,-0.0126932,0.0102811,0.976562,10,0,0
spike_leakage_rate,6,spike_leakage_rate=6,recipe:maboudi_2018,literature,burst,interval,recall,10,0.798569,0.77914,0.818383,0.00613497,-0.00305212,0.0190885,0.34375,10,0,0
spike_leakage_rate,6,spike_leakage_rate=6,recipe:maboudi_2018_open_field,literature,burst,interval,recall,10,0.723926,0.708036,0.747697,-0.0132924,-0.0272633,-0.00104156,0.128906,10,0,0
spike_leakage_rate,6,spike_leakage_rate=6,recipe:mallory_2025,literature,burst,interval,recall,10,0.740286,0.721404,0.760042,-0.0194274,-0.0277509,-0.00998951,0.0117188,10,0,0
spike_leakage_rate,6,spike_leakage_rate=6,recipe:mallory_2025_ripples,literature,ripple,interval,recall,10,0.690196,0.668886,0.712691,0,0,0,1,10,0,0
spike_leakage_rate,6,spike_leakage_rate=6,recipe:michon_2019,literature,network,interval,recall,10,0.252294,0.223,0.280888,0.00183486,-0.00181488,0.00543135,0.25,10,0,0
spike_leakage_rate,6,spike_leakage_rate=6,recipe:michon_2021,literature,network,interval,recall,10,0.252294,0.223,0.280888,0.00183486,-0.00181488,0.00543135,0.25,10,0,0
spike_leakage_rate,6,spike_leakage_rate=6,recipe:mou_2022,literature,burst,interval,recall,10,0.860941,0.833663,0.887749,0.00408998,-0.00974923,0.0231591,0.75,10,0,0
spike_leakage_rate,6,spike_leakage_rate=6,recipe:muessig_2019,literature,network,interval,recall,10,0.0899083,0.0797417,0.100746,-0.0165138,-0.0258476,-0.00765351,0.015625,10,0,0
spike_leakage_rate,6,spike_leakage_rate=6,recipe:muessig_2019_ripples,literature,ripple,interval,recall,10,0.876471,0.855957,0.894688,0.000980392,0,0.00314812,1,10,0,0
spike_leakage_rate,6,spike_leakage_rate=6,recipe:nadasdy_1999,literature,ripple,interval,recall,10,0.462745,0.442844,0.487101,0.000980392,-0.00395658,0.00637523,0.75,10,0,0
spike_leakage_rate,6,spike_leakage_rate=6,recipe:olafsdottir_2015,literature,burst,interval,recall,10,0.684049,0.665975,0.703066,0.00715746,-0.00520346,0.0186543,0.310547,10,0,0
spike_leakage_rate,6,spike_leakage_rate=6,recipe:olafsdottir_2015.bayesian_candidates,literature,burst,interval,recall,10,0.611452,0.587461,0.636849,-0.00102249,-0.0141855,0.012783,0.914062,10,0,0
spike_leakage_rate,6,spike_leakage_rate=6,recipe:olafsdottir_2016,literature,burst,interval,recall,10,0.566462,0.536731,0.603271,-0.00408998,-0.0178951,0.00949417,0.605469,10,0,0
spike_leakage_rate,6,spike_leakage_rate=6,recipe:olafsdottir_2017,literature,burst,interval,recall,10,0.754601,0.736895,0.774747,-0.00613497,-0.020213,0.00524164,0.4375,10,0,0
spike_leakage_rate,6,spike_leakage_rate=6,recipe:olafsdottir_2017.trajectory,literature,burst,interval,recall,10,0.566462,0.536731,0.603271,-0.00408998,-0.0178951,0.00949417,0.605469,10,0,0
spike_leakage_rate,6,spike_leakage_rate=6,recipe:pfeiffer_2013,literature,burst,interval,recall,10,0.723926,0.708036,0.747697,-0.0132924,-0.0272633,-0.00104156,0.128906,10,0,0
spike_leakage_rate,6,spike_leakage_rate=6,recipe:pfeiffer_2013_ripples,literature,ripple,interval,recall,10,0.728431,0.699812,0.754759,0,0,0,1,10,0,0
spike_leakage_rate,6,spike_leakage_rate=6,recipe:pfeiffer_2015,literature,ripple,interval,recall,10,0.728431,0.699812,0.754759,0,0,0,1,10,0,0
spike_leakage_rate,6,spike_leakage_rate=6,recipe:shin_2019,literature,ripple,interval,recall,10,0.723529,0.704853,0.744319,-0.000980392,-0.0040568,0.00212134,1,10,0,0
spike_leakage_rate,6,spike_leakage_rate=6,recipe:silva_2015,literature,burst,interval,recall,10,0.608384,0.580152,0.639176,-0.0112474,-0.03013,0.00413672,0.34375,10,0,0
spike_leakage_rate,6,spike_leakage_rate=6,recipe:stella_2019,literature,ripple,interval,recall,10,0.664706,0.646376,0.685989,-0.00196078,-0.00622423,0.00280158,0.40625,10,0,0
spike_leakage_rate,6,spike_leakage_rate=6,recipe:tang_2017,literature,ripple,interval,recall,10,0.723529,0.704853,0.744319,-0.000980392,-0.0040568,0.00212134,1,10,0,0
spike_leakage_rate,6,spike_leakage_rate=6,recipe:tirole_2022,literature,network,interval,recall,10,0.511009,0.486842,0.537619,0,-0.00638701,0.00693696,0.90625,10,0,0
spike_leakage_rate,6,spike_leakage_rate=6,recipe:widloski_2025,literature,ripple,interval,recall,10,0.512745,0.476484,0.551935,0.00490196,-0.000984276,0.0105384,0.25,10,0,0
spike_leakage_rate,6,spike_leakage_rate=6,recipe:widloski_2025_bursts,literature,burst,interval,recall,10,0.519427,0.477423,0.564299,-0.0102249,-0.0211082,0.00107198,0.195312,10,0,0
spike_leakage_rate,6,spike_leakage_rate=6,recipe:wikenheiser_2013,literature,ripple,interval,recall,10,0.832353,0.807202,0.859455,0,-0.00285171,0.002833,1,10,0,0
spike_leakage_rate,6,spike_leakage_rate=6,recipe:wu_2014,literature,burst,interval,recall,10,0.856851,0.836652,0.87513,-0.00613497,-0.0190688,0.00609137,0.40625,10,0,0
spike_leakage_rate,6,spike_leakage_rate=6,recipe:wu_2014_ripples,literature,ripple,peak_containment,recall,10,0.897059,0.879019,0.916746,-0.000980392,-0.00310889,0,1,10,0,0
spike_leakage_rate,6,spike_leakage_rate=6,recipe:wu_2017,literature,burst,interval,recall,10,0.534765,0.506391,0.563599,0,-0.0136866,0.0147683,0.90625,10,0,0
spike_leakage_rate,6,spike_leakage_rate=6,recipe:xu_2019,literature,burst,interval,recall,10,0.736196,0.720929,0.753736,-0.0112474,-0.024163,0.000968483,0.109375,10,0,0
spike_leakage_rate,6,spike_leakage_rate=6,recipe:yamamoto_2017,literature,network,interval,recall,10,0.536697,0.512673,0.559963,-0.0247706,-0.0575675,0.00269448,0.1875,10,0,0
spike_leakage_rate,6,spike_leakage_rate=6,recipe:yang_2024,literature,network,interval,recall,10,0.407339,0.381471,0.436025,-0.00917431,-0.0188862,2.1815e-05,0.0839844,10,0,0
emg_rate,0,emg_rate=0,Carey_candidate_detector,default,network,interval,recall,10,0.808257,0.800363,0.815648,-0.00917431,-0.0217199,0.00175667,0.21875,10,0,0
emg_rate,0,emg_rate=0,Karlsson_ripple_detector,default,ripple,interval,recall,10,0.737255,0.721518,0.755041,0.0127451,0.00803213,0.0192865,0.00390625,10,0,0
emg_rate,0,emg_rate=0,Kay_ripple_detector,default,ripple,interval,recall,10,0.844118,0.831932,0.85954,0.0166667,0.00859599,0.0270016,0.0078125,10,0,0
emg_rate,0,emg_rate=0,Long_sharp_wave_ripple_detector,default,ripple,interval,recall,10,0.690196,0.666335,0.713389,0,0,0,1,10,0,0
emg_rate,0,emg_rate=0,Roumis_ripple_detector,default,ripple,interval,recall,10,0.848039,0.835049,0.864924,0.0196078,0.00990944,0.0317623,0.0078125,10,0,0
emg_rate,0,emg_rate=0,Shvartsman_ripple_detector,default,ripple,interval,recall,10,0.67451,0.652255,0.698738,0.0107843,0.00425108,0.017692,0.03125,10,0,0
emg_rate,0,emg_rate=0,Yu_ripple_detector,default,ripple,interval,recall,10,0.846078,0.830945,0.863492,-0.00196078,-0.00763414,0.00400431,0.625,10,0,0
emg_rate,0,emg_rate=0,Zugaro_ripple_detector,default,ripple,interval,recall,10,0.771569,0.744938,0.796862,0.0960784,0.0735945,0.114513,0.00195312,10,0,0
emg_rate,0,emg_rate=0,multiunit_HSE_detector,default,burst,interval,recall,10,0.923313,0.909546,0.939205,-0.00817996,-0.0125918,-0.00309598,0.0351562,10,0,0
emg_rate,0,emg_rate=0,recipe:ambrose_2016,literature,ripple,interval,recall,10,0.754902,0.736692,0.776049,0.0264706,0.015682,0.0436591,0.00195312,10,0,0
emg_rate,0,emg_rate=0,recipe:bendor_2012,literature,burst,interval,recall,10,0.675869,0.640824,0.708812,0.00613497,-0.00932642,0.0185385,0.515625,10,0,0
emg_rate,0,emg_rate=0,recipe:berners_lee_2021,literature,ripple,interval,recall,10,0.8,0.779383,0.820869,0.00980392,0.00512269,0.0144791,0.015625,10,0,0
emg_rate,0,emg_rate=0,recipe:berners_lee_2022,literature,burst,interval,recall,10,0.695297,0.666667,0.724811,0.0122699,-0.00505574,0.0299497,0.226562,10,0,0
emg_rate,0,emg_rate=0,recipe:bhattarai_2020,literature,network,interval,recall,10,0.430275,0.411704,0.449018,0.046789,0.022387,0.0665417,0.0117188,10,0,0
emg_rate,0,emg_rate=0,recipe:bhattarai_2020_ripples,literature,ripple,interval,recall,10,0.517647,0.485661,0.546386,0.0529412,0.037693,0.0676057,0.00195312,10,0,0
emg_rate,0,emg_rate=0,recipe:bush_2022,literature,burst,interval,recall,10,0.629857,0.597046,0.666321,-0.00102249,-0.0105377,0.00882375,0.738281,10,0,0
emg_rate,0,emg_rate=0,recipe:carey_2019,literature,network,interval,recall,10,0.817431,0.80553,0.83004,-0.00825688,-0.0197261,0.00363661,0.210938,10,0,0
emg_rate,0,emg_rate=0,recipe:carr_2012,literature,ripple,interval,recall,10,0.737255,0.721518,0.755041,0.0127451,0.00803213,0.0192865,0.00390625,10,0,0
emg_rate,0,emg_rate=0,recipe:chenani_2019,literature,burst,interval,recall,10,0.693252,0.673553,0.716372,0.00715746,0,0.0172604,0.25,10,0,0
emg_rate,0,emg_rate=0,recipe:davidson_2009,literature,burst,interval,recall,10,0.800613,0.783037,0.818774,-0.00102249,-0.0130392,0.0115674,0.953125,10,0,0
emg_rate,0,emg_rate=0,recipe:davidson_2009_ripples,literature,ripple,peak_containment,recall,10,0.893137,0.87394,0.912866,0.0176471,0.00673012,0.0320649,0.015625,10,0,0
emg_rate,0,emg_rate=0,recipe:denovellis_2021,literature,ripple,interval,recall,10,0.841176,0.829629,0.854786,0.0127451,0.00475472,0.0235666,0.03125,10,0,0
emg_rate,0,emg_rate=0,recipe:denovellis_2021_mua,literature,burst,interval,recall,10,0.923313,0.909546,0.939205,-0.00715746,-0.0104167,-0.00292064,0.0390625,10,0,0
emg_rate,0,emg_rate=0,recipe:diba_2007,literature,burst,interval,recall,10,0.254601,0.219917,0.287246,-0.00204499,-0.0111925,0.00626305,0.597656,10,0,0
emg_rate,0,emg_rate=0,recipe:drieu_2018,literature,burst,interval,recall,10,0.795501,0.784412,0.807735,0.00920245,0.00197025,0.0177268,0.0625,10,0,0
emg_rate,0,emg_rate=0,recipe:farooq_2019_neuron,literature,burst,interval,recall,10,0.290389,0.262192,0.320083,0.0102249,-0.00517117,0.0255592,0.257812,10,0,0
emg_rate,0,emg_rate=0,recipe:farooq_2019_science,literature,burst,interval,recall,10,0.286299,0.258288,0.315471,0.00817996,-0.00698708,0.0229915,0.375,10,0,0
emg_rate,0,emg_rate=0,recipe:farooq_2019_science_awake,literature,burst,interval,recall,10,0.286299,0.258288,0.315471,0.00817996,-0.00698708,0.0229915,0.375,10,0,0
emg_rate,0,emg_rate=0,recipe:foster_2006,literature,burst,interval,recall,10,0.147239,0.128205,0.168033,-0.00102249,-0.0122078,0.0119904,0.914062,10,0,0
emg_rate,0,emg_rate=0,recipe:foster_2006_ripples,literature,ripple,interval,recall,10,0.0872549,0.0689305,0.10435,0.0127451,0.00297302,0.0225711,0.03125,10,0,0
emg_rate,0,emg_rate=0,recipe:gillespie_2021,literature,ripple,interval,recall,10,0.844118,0.831932,0.85954,0.0166667,0.00859599,0.0270016,0.0078125,10,0,0
emg_rate,0,emg_rate=0,recipe:gillespie_2021_mua,literature,burst,interval,recall,10,0.822086,0.80222,0.84216,0,-0.0117431,0.0119772,0.9375,10,0,0
emg_rate,0,emg_rate=0,recipe:gridchyn_2020,literature,burst,interval,recall,10,0.896728,0.874624,0.916163,0.00511247,-0.00880626,0.0199167,0.537109,10,0,0
emg_rate,0,emg_rate=0,recipe:grosmark_2016,literature,network,interval,recall,10,0.462385,0.437325,0.492172,0.0458716,0.0332656,0.0577132,0.00195312,10,0,0
emg_rate,0,emg_rate=0,recipe:gupta_2010,literature,ripple,interval,recall,10,0.803922,0.781509,0.831483,0.00392157,0.00099199,0.00684948,0.125,10,0,0
emg_rate,0,emg_rate=0,recipe:harvey_2023_code,literature,ripple,interval,recall,10,0.563725,0.543298,0.586502,0,-0.0104192,0.00813091,0.992188,10,0,0
emg_rate,0,emg_rate=0,recipe:harvey_2023_no_radiatum,literature,ripple,interval,recall,10,0.631373,0.609389,0.656115,0.0343137,0.0284359,0.0408606,0.00195312,10,0,0
emg_rate,0,emg_rate=0,recipe:harvey_2023_text,literature,ripple,interval,recall,10,0.621569,0.60309,0.641425,0.0166667,0.0094783,0.0240002,0.0078125,10,0,0
emg_rate,0,emg_rate=0,recipe:huelin_gorriz_2023,literature,network,interval,recall,10,0.520183,0.49418,0.54663,0.00917431,0.000913994,0.0190496,0.09375,10,0,0
emg_rate,0,emg_rate=0,recipe:igata_2021,literature,burst,interval,recall,10,0.925358,0.910268,0.942396,-0.00715746,-0.00981411,-0.00401586,0.015625,10,0,0
emg_rate,0,emg_rate=0,recipe:igata_2021_ripples,literature,ripple,interval,recall,10,0.881373,0.866284,0.897275,0.00882353,0.00186898,0.0181087,0.125,10,0,0
emg_rate,0,emg_rate=0,recipe:jadhav_2016,literature,ripple,interval,recall,10,0.595098,0.565217,0.623448,0.00882353,0.00482148,0.0126933,0.015625,10,0,0
emg_rate,0,emg_rate=0,recipe:ji_2007,literature,burst,interval,recall,10,0.743354,0.703205,0.773944,0.0429448,-2.55363e-05,0.108483,0.148438,10,0,0
emg_rate,0,emg_rate=0,recipe:ji_2007_ripples,literature,ripple,interval,recall,10,0.00196078,0,0.0045209,-0.00294118,-0.00578063,0,0.25,10,0,0
emg_rate,0,emg_rate=0,recipe:kaefer_2020,literature,ripple,interval,recall,10,0.00882353,0.00492575,0.0129096,-0.00196078,-0.00644004,0.00392937,0.4375,10,0,0
emg_rate,0,emg_rate=0,recipe:karlsson_2009,literature,ripple,interval,recall,10,0.737255,0.721518,0.755041,0.0127451,0.00803213,0.0192865,0.00390625,10,0,0
emg_rate,0,emg_rate=0,recipe:krause_2022,literature,network,interval,recall,10,0.637615,0.613018,0.660672,0.0174312,0.00744862,0.0254723,0.00976562,10,0,0
emg_rate,0,emg_rate=0,recipe:krause_2022_hse,literature,burst,interval,recall,10,0.822086,0.801223,0.841946,0.00306748,-0.00798423,0.0171169,0.65625,10,0,0
emg_rate,0,emg_rate=0,recipe:kudrimoti_1999,literature,ripple,interval,recall,10,0.027451,0.0186078,0.0372984,0.00294118,0,0.00705645,0.5,10,0,0
emg_rate,0,emg_rate=0,recipe:lee_2002,literature,burst,interval,recall,10,0.947853,0.936456,0.957576,-0.00204499,-0.00960589,0.00499014,0.5,10,0,0
emg_rate,0,emg_rate=0,recipe:lee_2002_ripples,literature,ripple,interval,recall,10,0.0872549,0.0689305,0.10435,0.0127451,0.00297302,0.0225711,0.03125,10,0,0
emg_rate,0,emg_rate=0,recipe:liu_2019,literature,burst,interval,recall,10,0.841513,0.806585,0.875003,-0.00204499,-0.0151861,0.0103635,0.84375,10,0,0
emg_rate,0,emg_rate=0,recipe:liu_2019_awake,literature,burst,interval,recall,10,0.841513,0.806585,0.875003,-0.00204499,-0.0151861,0.0103635,0.84375,10,0,0
emg_rate,0,emg_rate=0,recipe:liu_2023,literature,network,interval,recall,10,0.43211,0.415267,0.449581,0.000917431,-0.00559715,0.00776699,0.71875,10,0,0
emg_rate,0,emg_rate=0,recipe:maboudi_2018,literature,burst,interval,recall,10,0.801636,0.780631,0.820022,0.00920245,-0.00303959,0.0233303,0.210938,10,0,0
emg_rate,0,emg_rate=0,recipe:maboudi_2018_open_field,literature,burst,interval,recall,10,0.743354,0.728642,0.76362,0.00613497,-0.00292983,0.016129,0.21875,10,0,0
emg_rate,0,emg_rate=0,recipe:mallory_2025,literature,burst,interval,recall,10,0.771984,0.752784,0.791968,0.0122699,0.00312785,0.0202434,0.03125,10,0,0
emg_rate,0,emg_rate=0,recipe:mallory_2025_ripples,literature,ripple,interval,recall,10,0.710784,0.690518,0.731582,0.0205882,0.011428,0.0321641,0.0078125,10,0,0
emg_rate,0,emg_rate=0,recipe:michon_2019,literature,network,interval,recall,10,0.300917,0.281219,0.322284,0.0504587,0.0293335,0.0752605,0.00195312,10,0,0
emg_rate,0,emg_rate=0,recipe:michon_2021,literature,network,interval,recall,10,0.300917,0.281219,0.322284,0.0504587,0.0293335,0.0752605,0.00195312,10,0,0
emg_rate,0,emg_rate=0,recipe:mou_2022,literature,burst,interval,recall,10,0.850716,0.833499,0.870392,-0.00613497,-0.0227044,0.00998358,0.53125,10,0,0
emg_rate,0,emg_rate=0,recipe:muessig_2019,literature,network,interval,recall,10,0.105505,0.0896286,0.122746,-0.000917431,-0.0088275,0.00572546,1,10,0,0
emg_rate,0,emg_rate=0,recipe:muessig_2019_ripples,literature,ripple,interval,recall,10,0.886275,0.870934,0.901212,0.0107843,0.00365255,0.0193996,0.03125,10,0,0
emg_rate,0,emg_rate=0,recipe:nadasdy_1999,literature,ripple,interval,recall,10,0.521569,0.495438,0.552184,0.0598039,0.0416647,0.07916,0.00195312,10,0,0
emg_rate,0,emg_rate=0,recipe:olafsdottir_2015,literature,burst,interval,recall,10,0.677914,0.65846,0.699189,0.00102249,-0.00938527,0.00989218,0.941406,10,0,0
emg_rate,0,emg_rate=0,recipe:olafsdottir_2015.bayesian_candidates,literature,burst,interval,recall,10,0.614519,0.586663,0.645755,0.00204499,-0.0107346,0.0130657,0.736328,10,0,0
emg_rate,0,emg_rate=0,recipe:olafsdottir_2016,literature,burst,interval,recall,10,0.562372,0.531248,0.599787,-0.00817996,-0.0179463,0.00314524,0.21875,10,0,0
emg_rate,0,emg_rate=0,recipe:olafsdottir_2017,literature,burst,interval,recall,10,0.764826,0.747826,0.781972,0.00408998,-0.00198822,0.0114345,0.25,10,0,0
emg_rate,0,emg_rate=0,recipe:olafsdottir_2017.trajectory,literature,burst,interval,recall,10,0.562372,0.531248,0.599787,-0.00817996,-0.0179463,0.00314524,0.21875,10,0,0
emg_rate,0,emg_rate=0,recipe:pfeiffer_2013,literature,burst,interval,recall,10,0.743354,0.728642,0.76362,0.00613497,-0.00292983,0.016129,0.21875,10,0,0
emg_rate,0,emg_rate=0,recipe:pfeiffer_2013_ripples,literature,ripple,interval,recall,10,0.754902,0.736692,0.776049,0.0264706,0.015682,0.0436591,0.00195312,10,0,0
emg_rate,0,emg_rate=0,recipe:pfeiffer_2015,literature,ripple,interval,recall,10,0.754902,0.736692,0.776049,0.0264706,0.015682,0.0436591,0.00195312,10,0,0
emg_rate,0,emg_rate=0,recipe:shin_2019,literature,ripple,interval,recall,10,0.737255,0.721518,0.755041,0.0127451,0.00803213,0.0192865,0.00390625,10,0,0
emg_rate,0,emg_rate=0,recipe:silva_2015,literature,burst,interval,recall,10,0.628834,0.602724,0.654511,0.00920245,-0.0134361,0.030691,0.476562,10,0,0
emg_rate,0,emg_rate=0,recipe:stella_2019,literature,ripple,interval,recall,10,0.697059,0.677649,0.719002,0.0303922,0.0234729,0.0376399,0.00195312,10,0,0
emg_rate,0,emg_rate=0,recipe:tang_2017,literature,ripple,interval,recall,10,0.737255,0.721518,0.755041,0.0127451,0.00803213,0.0192865,0.00390625,10,0,0
emg_rate,0,emg_rate=0,recipe:tirole_2022,literature,network,interval,recall,10,0.520183,0.49418,0.54663,0.00917431,0.000913994,0.0190496,0.09375,10,0,0
emg_rate,0,emg_rate=0,recipe:widloski_2025,literature,ripple,interval,recall,10,0.557843,0.517723,0.601491,0.05,0.0303317,0.0741147,0.00390625,10,0,0
emg_rate,0,emg_rate=0,recipe:widloski_2025_bursts,literature,burst,interval,recall,10,0.533742,0.495009,0.57463,0.00408998,-0.00592989,0.0142058,0.375,10,0,0
emg_rate,0,emg_rate=0,recipe:wikenheiser_2013,literature,ripple,interval,recall,10,0.790196,0.764367,0.816875,-0.0421569,-0.0553307,-0.0311312,0.00195312,10,0,0
emg_rate,0,emg_rate=0,recipe:wu_2014,literature,burst,interval,recall,10,0.873211,0.859665,0.888127,0.0102249,0.00699301,0.0131582,0.00390625,10,0,0
emg_rate,0,emg_rate=0,recipe:wu_2014_ripples,literature,ripple,peak_containment,recall,10,0.913725,0.900594,0.928442,0.0156863,0.0066222,0.0271129,0.015625,10,0,0
emg_rate,0,emg_rate=0,recipe:wu_2017,literature,burst,interval,recall,10,0.537832,0.514002,0.564272,0.00306748,-0.0151526,0.0269404,0.722656,10,0,0
emg_rate,0,emg_rate=0,recipe:xu_2019,literature,burst,interval,recall,10,0.760736,0.74074,0.780826,0.0132924,0.00106815,0.0253454,0.125,10,0,0
emg_rate,0,emg_rate=0,recipe:yamamoto_2017,literature,network,interval,recall,10,0.573394,0.551565,0.594597,0.0119266,-0.0055255,0.0292398,0.195312,10,0,0
emg_rate,0,emg_rate=0,recipe:yang_2024,literature,network,interval,recall,10,0.462385,0.437325,0.492172,0.0458716,0.0332656,0.0577132,0.00195312,10,0,0
emg_rate,reference,reference,Carey_candidate_detector,default,network,interval,recall,10,0.817431,0.802458,0.834401,0,0,0,1,10,0,0
emg_rate,reference,reference,Karlsson_ripple_detector,default,ripple,interval,recall,10,0.72451,0.706531,0.74433,0,0,0,1,10,0,0
emg_rate,reference,reference,Kay_ripple_detector,default,ripple,interval,recall,10,0.827451,0.814342,0.842843,0,0,0,1,10,0,0
emg_rate,reference,reference,Long_sharp_wave_ripple_detector,default,ripple,interval,recall,10,0.690196,0.666335,0.713389,0,0,0,1,10,0,0
emg_rate,reference,reference,Roumis_ripple_detector,default,ripple,interval,recall,10,0.828431,0.813977,0.844765,0,0,0,1,10,0,0
emg_rate,reference,reference,Shvartsman_ripple_detector,default,ripple,interval,recall,10,0.663725,0.64129,0.687835,0,0,0,1,10,0,0
emg_rate,reference,reference,Yu_ripple_detector,default,ripple,interval,recall,10,0.848039,0.832833,0.865145,0,0,0,1,10,0,0
emg_rate,reference,reference,Zugaro_ripple_detector,default,ripple,interval,recall,10,0.67549,0.654252,0.696335,0,0,0,1,10,0,0
emg_rate,reference,reference,multiunit_HSE_detector,default,burst,interval,recall,10,0.931493,0.917158,0.948138,0,0,0,1,10,0,0
emg_rate,reference,reference,recipe:ambrose_2016,literature,ripple,interval,recall,10,0.728431,0.699812,0.754759,0,0,0,1,10,0,0
emg_rate,reference,reference,recipe:bendor_2012,literature,burst,interval,recall,10,0.669734,0.643002,0.697931,0,0,0,1,10,0,0
emg_rate,reference,reference,recipe:berners_lee_2021,literature,ripple,interval,recall,10,0.790196,0.767908,0.813176,0,0,0,1,10,0,0
emg_rate,reference,reference,recipe:berners_lee_2022,literature,burst,interval,recall,10,0.683027,0.657603,0.710964,0,0,0,1,10,0,0
emg_rate,reference,reference,recipe:bhattarai_2020,literature,network,interval,recall,10,0.383486,0.36426,0.404432,0,0,0,1,10,0,0
emg_rate,reference,reference,recipe:bhattarai_2020_ripples,literature,ripple,interval,recall,10,0.464706,0.436362,0.495339,0,0,0,1,10,0,0
emg_rate,reference,reference,recipe:bush_2022,literature,burst,interval,recall,10,0.630879,0.597014,0.668706,0,0,0,1,10,0,0
emg_rate,reference,reference,recipe:carey_2019,literature,network,interval,recall,10,0.825688,0.806478,0.843953,0,0,0,1,10,0,0
emg_rate,reference,reference,recipe:carr_2012,literature,ripple,interval,recall,10,0.72451,0.706531,0.74433,0,0,0,1,10,0,0
emg_rate,reference,reference,recipe:chenani_2019,literature,burst,interval,recall,10,0.686094,0.665608,0.709887,0,0,0,1,10,0,0
emg_rate,reference,reference,recipe:davidson_2009,literature,burst,interval,recall,10,0.801636,0.785994,0.820324,0,0,0,1,10,0,0
emg_rate,reference,reference,recipe:davidson_2009_ripples,literature,ripple,peak_containment,recall,10,0.87549,0.851889,0.898297,0,0,0,1,10,0,0
emg_rate,reference,reference,recipe:denovellis_2021,literature,ripple,interval,recall,10,0.828431,0.815282,0.842262,0,0,0,1,10,0,0
emg_rate,reference,reference,recipe:denovellis_2021_mua,literature,burst,interval,recall,10,0.93047,0.916838,0.946485,0,0,0,1,10,0,0
emg_rate,reference,reference,recipe:diba_2007,literature,burst,interval,recall,10,0.256646,0.22654,0.287224,0,0,0,1,10,0,0
emg_rate,reference,reference,recipe:drieu_2018,literature,burst,interval,recall,10,0.786299,0.775775,0.797509,0,0,0,1,10,0,0
emg_rate,reference,reference,recipe:farooq_2019_neuron,literature,burst,interval,recall,10,0.280164,0.243652,0.32154,0,0,0,1,10,0,0
emg_rate,reference,reference,recipe:farooq_2019_science,literature,burst,interval,recall,10,0.278119,0.242423,0.318476,0,0,0,1,10,0,0
emg_rate,reference,reference,recipe:farooq_2019_science_awake,literature,burst,interval,recall,10,0.278119,0.242423,0.318476,0,0,0,1,10,0,0
emg_rate,reference,reference,recipe:foster_2006,literature,burst,interval,recall,10,0.148262,0.127082,0.172862,0,0,0,1,10,0,0
emg_rate,reference,reference,recipe:foster_2006_ripples,literature,ripple,interval,recall,10,0.0745098,0.0613481,0.0878934,0,0,0,1,10,0,0
emg_rate,reference,reference,recipe:gillespie_2021,literature,ripple,interval,recall,10,0.827451,0.814342,0.842843,0,0,0,1,10,0,0
emg_rate,reference,reference,recipe:gillespie_2021_mua,literature,burst,interval,recall,10,0.822086,0.803179,0.839827,0,0,0,1,10,0,0
emg_rate,reference,reference,recipe:gridchyn_2020,literature,burst,interval,recall,10,0.891616,0.874123,0.907524,0,0,0,1,10,0,0
emg_rate,reference,reference,recipe:grosmark_2016,literature,network,interval,recall,10,0.416514,0.386402,0.448061,0,0,0,1,10,0,0
emg_rate,reference,reference,recipe:gupta_2010,literature,ripple,interval,recall,10,0.8,0.777446,0.828924,0,0,0,1,10,0,0
emg_rate,reference,reference,recipe:harvey_2023_code,literature,ripple,interval,recall,10,0.563725,0.539941,0.588474,0,0,0,1,10,0,0
emg_rate,reference,reference,recipe:harvey_2023_no_radiatum,literature,ripple,interval,recall,10,0.597059,0.577734,0.617905,0,0,0,1,10,0,0
emg_rate,reference,reference,recipe:harvey_2023_text,literature,ripple,interval,recall,10,0.604902,0.587255,0.62526,0,0,0,1,10,0,0
emg_rate,reference,reference,recipe:huelin_gorriz_2023,literature,network,interval,recall,10,0.511009,0.483133,0.539768,0,0,0,1,10,0,0
emg_rate,reference,reference,recipe:igata_2021,literature,burst,interval,recall,10,0.932515,0.917901,0.949156,0,0,0,1,10,0,0
emg_rate,reference,reference,recipe:igata_2021_ripples,literature,ripple,interval,recall,10,0.872549,0.855652,0.890613,0,0,0,1,10,0,0
emg_rate,reference,reference,recipe:jadhav_2016,literature,ripple,interval,recall,10,0.586275,0.554419,0.616468,0,0,0,1,10,0,0
emg_rate,reference,reference,recipe:ji_2007,literature,burst,interval,recall,10,0.700409,0.6305,0.748675,0,0,0,1,10,0,0
emg_rate,reference,reference,recipe:ji_2007_ripples,literature,ripple,interval,recall,10,0.00490196,0.00101623,0.00883243,0,0,0,1,10,0,0
emg_rate,reference,reference,recipe:kaefer_2020,literature,ripple,interval,recall,10,0.0107843,0.00584212,0.0155603,0,0,0,1,10,0,0
emg_rate,reference,reference,recipe:karlsson_2009,literature,ripple,interval,recall,10,0.72451,0.706531,0.74433,0,0,0,1,10,0,0
emg_rate,reference,reference,recipe:krause_2022,literature,network,interval,recall,10,0.620183,0.594116,0.645529,0,0,0,1,10,0,0
emg_rate,reference,reference,recipe:krause_2022_hse,literature,burst,interval,recall,10,0.819018,0.797725,0.839959,0,0,0,1,10,0,0
emg_rate,reference,reference,recipe:kudrimoti_1999,literature,ripple,interval,recall,10,0.0245098,0.0174466,0.0338271,0,0,0,1,10,0,0
emg_rate,reference,reference,recipe:lee_2002,literature,burst,interval,recall,10,0.949898,0.943786,0.955603,0,0,0,1,10,0,0
emg_rate,reference,reference,recipe:lee_2002_ripples,literature,ripple,interval,recall,10,0.0745098,0.0613481,0.0878934,0,0,0,1,10,0,0
emg_rate,reference,reference,recipe:liu_2019,literature,burst,interval,recall,10,0.843558,0.811187,0.87384,0,0,0,1,10,0,0
emg_rate,reference,reference,recipe:liu_2019_awake,literature,burst,interval,recall,10,0.843558,0.811187,0.87384,0,0,0,1,10,0,0
emg_rate,reference,reference,recipe:liu_2023,literature,network,interval,recall,10,0.431193,0.411239,0.451816,0,0,0,1,10,0,0
emg_rate,reference,reference,recipe:maboudi_2018,literature,burst,interval,recall,10,0.792434,0.774162,0.811442,0,0,0,1,10,0,0
emg_rate,reference,reference,recipe:maboudi_2018_open_field,literature,burst,interval,recall,10,0.737219,0.716188,0.761011,0,0,0,1,10,0,0
emg_rate,reference,reference,recipe:mallory_2025,literature,burst,interval,recall,10,0.759714,0.740078,0.779609,0,0,0,1,10,0,0
emg_rate,reference,reference,recipe:mallory_2025_ripples,literature,ripple,interval,recall,10,0.690196,0.668886,0.712691,0,0,0,1,10,0,0
emg_rate,reference,reference,recipe:michon_2019,literature,network,interval,recall,10,0.250459,0.224122,0.276924,0,0,0,1,10,0,0
emg_rate,reference,reference,recipe:michon_2021,literature,network,interval,recall,10,0.250459,0.224122,0.276924,0,0,0,1,10,0,0
emg_rate,reference,reference,recipe:mou_2022,literature,burst,interval,recall,10,0.856851,0.829681,0.882724,0,0,0,1,10,0,0
emg_rate,reference,reference,recipe:muessig_2019,literature,network,interval,recall,10,0.106422,0.091568,0.12113,0,0,0,1,10,0,0
emg_rate,reference,reference,recipe:muessig_2019_ripples,literature,ripple,interval,recall,10,0.87549,0.854298,0.894141,0,0,0,1,10,0,0
emg_rate,reference,reference,recipe:nadasdy_1999,literature,ripple,interval,recall,10,0.461765,0.441114,0.485717,0,0,0,1,10,0,0
emg_rate,reference,reference,recipe:olafsdottir_2015,literature,burst,interval,recall,10,0.676892,0.654822,0.69798,0,0,0,1,10,0,0
emg_rate,reference,reference,recipe:olafsdottir_2015.bayesian_candidates,literature,burst,interval,recall,10,0.612474,0.58635,0.641136,0,0,0,1,10,0,0
emg_rate,reference,reference,recipe:olafsdottir_2016,literature,burst,interval,recall,10,0.570552,0.539077,0.609091,0,0,0,1,10,0,0
emg_rate,reference,reference,recipe:olafsdottir_2017,literature,burst,interval,recall,10,0.760736,0.745657,0.775992,0,0,0,1,10,0,0
emg_rate,reference,reference,recipe:olafsdottir_2017.trajectory,literature,burst,interval,recall,10,0.570552,0.539077,0.609091,0,0,0,1,10,0,0
emg_rate,reference,reference,recipe:pfeiffer_2013,literature,burst,interval,recall,10,0.737219,0.716188,0.761011,0,0,0,1,10,0,0
emg_rate,reference,reference,recipe:pfeiffer_2013_ripples,literature,ripple,interval,recall,10,0.728431,0.699812,0.754759,0,0,0,1,10,0,0
emg_rate,reference,reference,recipe:pfeiffer_2015,literature,ripple,interval,recall,10,0.728431,0.699812,0.754759,0,0,0,1,10,0,0
emg_rate,reference,reference,recipe:shin_2019,literature,ripple,interval,recall,10,0.72451,0.706531,0.74433,0,0,0,1,10,0,0
emg_rate,reference,reference,recipe:silva_2015,literature,burst,interval,recall,10,0.619632,0.590956,0.648278,0,0,0,1,10,0,0
emg_rate,reference,reference,recipe:stella_2019,literature,ripple,interval,recall,10,0.666667,0.649493,0.685394,0,0,0,1,10,0,0
emg_rate,reference,reference,recipe:tang_2017,literature,ripple,interval,recall,10,0.72451,0.706531,0.74433,0,0,0,1,10,0,0
emg_rate,reference,reference,recipe:tirole_2022,literature,network,interval,recall,10,0.511009,0.483133,0.539768,0,0,0,1,10,0,0
emg_rate,reference,reference,recipe:widloski_2025,literature,ripple,interval,recall,10,0.507843,0.469984,0.54879,0,0,0,1,10,0,0
emg_rate,reference,reference,recipe:widloski_2025_bursts,literature,burst,interval,recall,10,0.529652,0.491013,0.571436,0,0,0,1,10,0,0
emg_rate,reference,reference,recipe:wikenheiser_2013,literature,ripple,interval,recall,10,0.832353,0.80594,0.860302,0,0,0,1,10,0,0
emg_rate,reference,reference,recipe:wu_2014,literature,burst,interval,recall,10,0.862986,0.848921,0.877469,0,0,0,1,10,0,0
emg_rate,reference,reference,recipe:wu_2014_ripples,literature,ripple,peak_containment,recall,10,0.898039,0.880974,0.916923,0,0,0,1,10,0,0
emg_rate,reference,reference,recipe:wu_2017,literature,burst,interval,recall,10,0.534765,0.509803,0.559125,0,0,0,1,10,0,0
emg_rate,reference,reference,recipe:xu_2019,literature,burst,interval,recall,10,0.747444,0.729037,0.765482,0,0,0,1,10,0,0
emg_rate,reference,reference,recipe:yamamoto_2017,literature,network,interval,recall,10,0.561468,0.529566,0.596138,0,0,0,1,10,0,0
emg_rate,reference,reference,recipe:yang_2024,literature,network,interval,recall,10,0.416514,0.386402,0.448061,0,0,0,1,10,0,0
emg_rate,3,emg_rate=3,Carey_candidate_detector,default,network,interval,recall,10,0.811927,0.799639,0.827713,-0.00550459,-0.0157879,0.00092081,0.25,10,0,0
emg_rate,3,emg_rate=3,Karlsson_ripple_detector,default,ripple,interval,recall,10,0.686275,0.665085,0.709718,-0.0382353,-0.0535394,-0.0245877,0.00195312,10,0,0
emg_rate,3,emg_rate=3,Kay_ripple_detector,default,ripple,interval,recall,10,0.790196,0.771547,0.807184,-0.0372549,-0.0499515,-0.024295,0.00195312,10,0,0
emg_rate,3,emg_rate=3,Long_sharp_wave_ripple_detector,default,ripple,interval,recall,10,0.690196,0.666335,0.713389,0,0,0,1,10,0,0
emg_rate,3,emg_rate=3,Roumis_ripple_detector,default,ripple,interval,recall,10,0.794118,0.7763,0.811463,-0.0343137,-0.0476654,-0.0215156,0.00195312,10,0,0
emg_rate,3,emg_rate=3,Shvartsman_ripple_detector,default,ripple,interval,recall,10,0.626471,0.600577,0.655896,-0.0372549,-0.0520526,-0.0235982,0.00195312,10,0,0
emg_rate,3,emg_rate=3,Yu_ripple_detector,default,ripple,interval,recall,10,0.85,0.833811,0.867509,0.00196078,-0.00291262,0.00796892,0.375,10,0,0
emg_rate,3,emg_rate=3,Zugaro_ripple_detector,default,ripple,interval,recall,10,0.538235,0.501466,0.578845,-0.137255,-0.169901,-0.104551,0.00195312,10,0,0
emg_rate,3,emg_rate=3,multiunit_HSE_detector,default,burst,interval,recall,10,0.928425,0.914285,0.944274,-0.00306748,-0.00880778,0.0021347,0.40625,10,0,0
emg_rate,3,emg_rate=3,recipe:ambrose_2016,literature,ripple,interval,recall,10,0.682353,0.659465,0.707416,-0.0460784,-0.060001,-0.0318793,0.00390625,10,0,0
emg_rate,3,emg_rate=3,recipe:bendor_2012,literature,burst,interval,recall,10,0.669734,0.644257,0.696205,0,-0.0079371,0.00744901,0.960938,10,0,0
emg_rate,3,emg_rate=3,recipe:berners_lee_2021,literature,ripple,interval,recall,10,0.768627,0.746181,0.794551,-0.0215686,-0.0280196,-0.0150146,0.00195312,10,0,0
emg_rate,3,emg_rate=3,recipe:berners_lee_2022,literature,burst,interval,recall,10,0.684049,0.648615,0.718847,0.00102249,-0.0245104,0.0234706,0.933594,10,0,0
emg_rate,3,emg_rate=3,recipe:bhattarai_2020,literature,network,interval,recall,10,0.287156,0.255009,0.318799,-0.0963303,-0.134384,-0.0643522,0.00195312,10,0,0
emg_rate,3,emg_rate=3,recipe:bhattarai_2020_ripples,literature,ripple,interval,recall,10,0.340196,0.309217,0.376193,-0.12451,-0.163808,-0.0917677,0.00195312,10,0,0
emg_rate,3,emg_rate=3,recipe:bush_2022,literature,burst,interval,recall,10,0.627812,0.598969,0.664552,-0.00306748,-0.0149295,0.00924998,0.628906,10,0,0
emg_rate,3,emg_rate=3,recipe:carey_2019,literature,network,interval,recall,10,0.822018,0.805825,0.839423,-0.00366972,-0.0132723,0.00640483,0.5,10,0,0
emg_rate,3,emg_rate=3,recipe:carr_2012,literature,ripple,interval,recall,10,0.686275,0.665085,0.709718,-0.0382353,-0.0535394,-0.0245877,0.00195312,10,0,0
emg_rate,3,emg_rate=3,recipe:chenani_2019,literature,burst,interval,recall,10,0.687117,0.658954,0.713997,0.00102249,-0.0143533,0.0157398,0.84375,10,0,0
emg_rate,3,emg_rate=3,recipe:davidson_2009,literature,burst,interval,recall,10,0.802658,0.776649,0.828843,0.00102249,-0.013267,0.0136283,0.796875,10,0,0
emg_rate,3,emg_rate=3,recipe:davidson_2009_ripples,literature,ripple,peak_containment,recall,10,0.82549,0.798963,0.849465,-0.05,-0.0669416,-0.0349053,0.00195312,10,0,0
emg_rate,3,emg_rate=3,recipe:denovellis_2021,literature,ripple,interval,recall,10,0.791176,0.771508,0.811321,-0.0372549,-0.0491029,-0.0263425,0.00195312,10,0,0
emg_rate,3,emg_rate=3,recipe:denovellis_2021_mua,literature,burst,interval,recall,10,0.927403,0.914092,0.942231,-0.00306748,-0.00880778,0.0021347,0.40625,10,0,0
emg_rate,3,emg_rate=3,recipe:diba_2007,literature,burst,interval,recall,10,0.260736,0.229919,0.290134,0.00408998,-0.00405289,0.0137542,0.4375,10,0,0
emg_rate,3,emg_rate=3,recipe:drieu_2018,literature,burst,interval,recall,10,0.792434,0.778794,0.807651,0.00613497,-0.00205767,0.0157571,0.25,10,0,0
emg_rate,3,emg_rate=3,recipe:farooq_2019_neuron,literature,burst,interval,recall,10,0.286299,0.254183,0.319633,0.00613497,-0.00421075,0.0159864,0.3125,10,0,0
emg_rate,3,emg_rate=3,recipe:farooq_2019_science,literature,burst,interval,recall,10,0.281186,0.25,0.314796,0.00306748,-0.00633596,0.0119299,0.75,10,0,0
emg_rate,3,emg_rate=3,recipe:farooq_2019_science_awake,literature,burst,interval,recall,10,0.281186,0.25,0.314796,0.00306748,-0.00633596,0.0119299,0.75,10,0,0
emg_rate,3,emg_rate=3,recipe:foster_2006,literature,burst,interval,recall,10,0.141104,0.118472,0.164302,-0.00715746,-0.0172427,0.00400451,0.255859,10,0,0
emg_rate,3,emg_rate=3,recipe:foster_2006_ripples,literature,ripple,interval,recall,10,0.0578431,0.0440094,0.0709223,-0.0166667,-0.0252115,-0.00754681,0.03125,10,0,0
emg_rate,3,emg_rate=3,recipe:gillespie_2021,literature,ripple,interval,recall,10,0.790196,0.771547,0.807184,-0.0372549,-0.0499515,-0.024295,0.00195312,10,0,0
emg_rate,3,emg_rate=3,recipe:gillespie_2021_mua,literature,burst,interval,recall,10,0.824131,0.798994,0.849576,0.00204499,-0.0129234,0.0151192,0.671875,10,0,0
emg_rate,3,emg_rate=3,recipe:gridchyn_2020,literature,burst,interval,recall,10,0.898773,0.879085,0.916499,0.00715746,-0.0039808,0.0178197,0.195312,10,0,0
emg_rate,3,emg_rate=3,recipe:grosmark_2016,literature,network,interval,recall,10,0.370642,0.341062,0.401503,-0.0458716,-0.0664851,-0.0229949,0.00585938,10,0,0
emg_rate,3,emg_rate=3,recipe:gupta_2010,literature,ripple,interval,recall,10,0.788235,0.763669,0.816139,-0.0117647,-0.0226571,-0.00383114,0.03125,10,0,0
emg_rate,3,emg_rate=3,recipe:harvey_2023_code,literature,ripple,interval,recall,10,0.568627,0.544752,0.59577,0.00490196,-0.0101263,0.0167988,0.40625,10,0,0
emg_rate,3,emg_rate=3,recipe:harvey_2023_no_radiatum,literature,ripple,interval,recall,10,0.537255,0.505135,0.573083,-0.0598039,-0.0893701,-0.0324477,0.00195312,10,0,0
emg_rate,3,emg_rate=3,recipe:harvey_2023_text,literature,ripple,interval,recall,10,0.562745,0.534297,0.590676,-0.0421569,-0.0578446,-0.0278323,0.00390625,10,0,0
emg_rate,3,emg_rate=3,recipe:huelin_gorriz_2023,literature,network,interval,recall,10,0.481651,0.45333,0.513838,-0.0293578,-0.0454166,-0.0142987,0.0078125,10,0,0
emg_rate,3,emg_rate=3,recipe:igata_2021,literature,burst,interval,recall,10,0.93047,0.915507,0.947595,-0.00204499,-0.00924072,0.00413223,0.625,10,0,0
emg_rate,3,emg_rate=3,recipe:igata_2021_ripples,literature,ripple,interval,recall,10,0.845098,0.824064,0.865719,-0.027451,-0.0377942,-0.0177894,0.00390625,10,0,0
emg_rate,3,emg_rate=3,recipe:jadhav_2016,literature,ripple,interval,recall,10,0.545098,0.511756,0.5803,-0.0411765,-0.0516066,-0.0293211,0.00195312,10,0,0
emg_rate,3,emg_rate=3,recipe:ji_2007,literature,burst,interval,recall,10,0.731084,0.703219,0.757404,0.0306748,-0.0152637,0.103596,0.484375,10,0,0
emg_rate,3,emg_rate=3,recipe:ji_2007_ripples,literature,ripple,interval,recall,10,0.0107843,0.00631562,0.0151532,0.00588235,0.00306107,0.00836451,0.03125,10,0,0
emg_rate,3,emg_rate=3,recipe:kaefer_2020,literature,ripple,interval,recall,10,0.0107843,0.00589927,0.0153998,0,-0.00292113,0.00281189,1,10,0,0
emg_rate,3,emg_rate=3,recipe:karlsson_2009,literature,ripple,interval,recall,10,0.686275,0.665085,0.709718,-0.0382353,-0.0535394,-0.0245877,0.00195312,10,0,0
emg_rate,3,emg_rate=3,recipe:krause_2022,literature,network,interval,recall,10,0.591743,0.567856,0.617622,-0.0284404,-0.0414417,-0.0161589,0.0078125,10,0,0
emg_rate,3,emg_rate=3,recipe:krause_2022_hse,literature,burst,interval,recall,10,0.822086,0.800413,0.8424,0.00306748,-0.00499525,0.0135855,0.421875,10,0,0
emg_rate,3,emg_rate=3,recipe:kudrimoti_1999,literature,ripple,interval,recall,10,0.0147059,0.00932771,0.0207931,-0.00980392,-0.0153846,-0.00485909,0.015625,10,0,0
emg_rate,3,emg_rate=3,recipe:lee_2002,literature,burst,interval,recall,10,0.953988,0.941113,0.965035,0.00408998,-0.00399374,0.0119051,0.5,10,0,0
emg_rate,3,emg_rate=3,recipe:lee_2002_ripples,literature,ripple,interval,recall,10,0.0578431,0.0440094,0.0709223,-0.0166667,-0.0252115,-0.00754681,0.03125,10,0,0
emg_rate,3,emg_rate=3,recipe:liu_2019,literature,burst,interval,recall,10,0.833333,0.799601,0.864763,-0.0102249,-0.0170854,-0.00324298,0.0390625,10,0,0
emg_rate,3,emg_rate=3,recipe:liu_2019_awake,literature,burst,interval,recall,10,0.833333,0.799601,0.864763,-0.0102249,-0.0170854,-0.00324298,0.0390625,10,0,0
emg_rate,3,emg_rate=3,recipe:liu_2023,literature,network,interval,recall,10,0.43211,0.412519,0.451556,0.000917431,-0.015039,0.015385,0.859375,10,0,0
emg_rate,3,emg_rate=3,recipe:maboudi_2018,literature,burst,interval,recall,10,0.801636,0.782906,0.818772,0.00920245,0,0.0181087,0.09375,10,0,0
emg_rate,3,emg_rate=3,recipe:maboudi_2018_open_field,literature,burst,interval,recall,10,0.738241,0.719171,0.759535,0.00102249,-0.0102583,0.0129037,0.882812,10,0,0
emg_rate,3,emg_rate=3,recipe:mallory_2025,literature,burst,interval,recall,10,0.761759,0.74337,0.782659,0.00204499,-0.00623766,0.0120732,0.6875,10,0,0
emg_rate,3,emg_rate=3,recipe:mallory_2025_ripples,literature,ripple,interval,recall,10,0.653922,0.624184,0.685688,-0.0362745,-0.0512116,-0.020553,0.00390625,10,0,0
emg_rate,3,emg_rate=3,recipe:michon_2019,literature,network,interval,recall,10,0.152294,0.130309,0.175364,-0.0981651,-0.123472,-0.0751569,0.00195312,10,0,0
emg_rate,3,emg_rate=3,recipe:michon_2021,literature,network,interval,recall,10,0.152294,0.130309,0.175364,-0.0981651,-0.123472,-0.0751569,0.00195312,10,0,0
emg_rate,3,emg_rate=3,recipe:mou_2022,literature,burst,interval,recall,10,0.856851,0.832665,0.878725,0,-0.0118845,0.0118105,0.9375,10,0,0
emg_rate,3,emg_rate=3,recipe:muessig_2019,literature,network,interval,recall,10,0.100917,0.0865293,0.115277,-0.00550459,-0.0143122,0.00286781,0.28125,10,0,0
emg_rate,3,emg_rate=3,recipe:muessig_2019_ripples,literature,ripple,interval,recall,10,0.839216,0.809425,0.869728,-0.0362745,-0.0526342,-0.0192683,0.0078125,10,0,0
emg_rate,3,emg_rate=3,recipe:nadasdy_1999,literature,ripple,interval,recall,10,0.367647,0.328273,0.409626,-0.0941176,-0.119535,-0.0685302,0.00195312,10,0,0
emg_rate,3,emg_rate=3,recipe:olafsdottir_2015,literature,burst,interval,recall,10,0.669734,0.647309,0.691543,-0.00715746,-0.0246694,0.00926903,0.449219,10,0,0
emg_rate,3,emg_rate=3,recipe:olafsdottir_2015.bayesian_candidates,literature,burst,interval,recall,10,0.603272,0.574557,0.63125,-0.00920245,-0.0211871,0.000978546,0.125,10,0,0
emg_rate,3,emg_rate=3,recipe:olafsdottir_2016,literature,burst,interval,recall,10,0.572597,0.54728,0.606092,0.00204499,-0.0137861,0.0187259,0.753906,10,0,0
emg_rate,3,emg_rate=3,recipe:olafsdottir_2017,literature,burst,interval,recall,10,0.758691,0.741686,0.774295,-0.00204499,-0.0139338,0.0108717,0.851562,10,0,0
emg_rate,3,emg_rate=3,recipe:olafsdottir_2017.trajectory,literature,burst,interval,recall,10,0.572597,0.54728,0.606092,0.00204499,-0.0137861,0.0187259,0.753906,10,0,0
emg_rate,3,emg_rate=3,recipe:pfeiffer_2013,literature,burst,interval,recall,10,0.738241,0.719171,0.759535,0.00102249,-0.0102583,0.0129037,0.882812,10,0,0
emg_rate,3,emg_rate=3,recipe:pfeiffer_2013_ripples,literature,ripple,interval,recall,10,0.682353,0.659465,0.707416,-0.0460784,-0.060001,-0.0318793,0.00390625,10,0,0
emg_rate,3,emg_rate=3,recipe:pfeiffer_2015,literature,ripple,interval,recall,10,0.682353,0.659465,0.707416,-0.0460784,-0.060001,-0.0318793,0.00390625,10,0,0
emg_rate,3,emg_rate=3,recipe:shin_2019,literature,ripple,interval,recall,10,0.686275,0.665085,0.709718,-0.0382353,-0.0535394,-0.0245877,0.00195312,10,0,0
emg_rate,3,emg_rate=3,recipe:silva_2015,literature,burst,interval,recall,10,0.614519,0.582713,0.645599,-0.00511247,-0.0267249,0.0124095,0.8125,10,0,0
emg_rate,3,emg_rate=3,recipe:stella_2019,literature,ripple,interval,recall,10,0.59902,0.569065,0.631327,-0.0676471,-0.0857143,-0.0479234,0.00390625,10,0,0
emg_rate,3,emg_rate=3,recipe:tang_2017,literature,ripple,interval,recall,10,0.686275,0.665085,0.709718,-0.0382353,-0.0535394,-0.0245877,0.00195312,10,0,0
emg_rate,3,emg_rate=3,recipe:tirole_2022,literature,network,interval,recall,10,0.481651,0.45333,0.513838,-0.0293578,-0.0454166,-0.0142987,0.0078125,10,0,0
emg_rate,3,emg_rate=3,recipe:widloski_2025,literature,ripple,interval,recall,10,0.420588,0.374997,0.48203,-0.0872549,-0.121283,-0.0545235,0.00390625,10,0,0
emg_rate,3,emg_rate=3,recipe:widloski_2025_bursts,literature,burst,interval,recall,10,0.52863,0.492003,0.568546,-0.00102249,-0.00613513,0.00425136,0.71875,10,0,0
emg_rate,3,emg_rate=3,recipe:wikenheiser_2013,literature,ripple,interval,recall,10,0.833333,0.810205,0.856089,0.000980392,-0.00718184,0.0107116,0.953125,10,0,0
emg_rate,3,emg_rate=3,recipe:wu_2014,literature,burst,interval,recall,10,0.866053,0.849951,0.883674,0.00306748,0.000969909,0.00623069,0.25,10,0,0
emg_rate,3,emg_rate=3,recipe:wu_2014_ripples,literature,ripple,peak_containment,recall,10,0.864706,0.841206,0.882828,-0.0333333,-0.0483701,-0.0212372,0.00390625,10,0,0
emg_rate,3,emg_rate=3,recipe:wu_2017,literature,burst,interval,recall,10,0.525562,0.498473,0.555671,-0.00920245,-0.0300416,0.0115186,0.523438,10,0,0
emg_rate,3,emg_rate=3,recipe:xu_2019,literature,burst,interval,recall,10,0.757669,0.741525,0.773253,0.0102249,-0.00311858,0.0240002,0.195312,10,0,0
emg_rate,3,emg_rate=3,recipe:yamamoto_2017,literature,network,interval,recall,10,0.511927,0.484619,0.540297,-0.0495413,-0.0667838,-0.0325781,0.00195312,10,0,0
emg_rate,3,emg_rate=3,recipe:yang_2024,literature,network,interval,recall,10,0.370642,0.341062,0.401503,-0.0458716,-0.0664851,-0.0229949,0.00585938,10,0,0
fast_gamma_rate,0,fast_gamma_rate=0,Carey_candidate_detector,default,network,interval,recall,10,0.813761,0.802972,0.824102,-0.00366972,-0.0138014,0.00466005,0.578125,10,0,0
fast_gamma_rate,0,fast_gamma_rate=0,Karlsson_ripple_detector,default,ripple,interval,recall,10,0.723529,0.70477,0.744233,-0.000980392,-0.00289303,0,1,10,0,0
fast_gamma_rate,0,fast_gamma_rate=0,Kay_ripple_detector,default,ripple,interval,recall,10,0.826471,0.813931,0.840662,-0.000980392,-0.003125,0,1,10,0,0
fast_gamma_rate,0,fast_gamma_rate=0,Long_sharp_wave_ripple_detector,default,ripple,interval,recall,10,0.690196,0.666335,0.713389,0,0,0,1,10,0,0
fast_gamma_rate,0,fast_gamma_rate=0,Roumis_ripple_detector,default,ripple,interval,recall,10,0.828431,0.813977,0.844765,0,0,0,1,10,0,0
fast_gamma_rate,0,fast_gamma_rate=0,Shvartsman_ripple_detector,default,ripple,interval,recall,10,0.663725,0.64129,0.687835,0,0,0,1,10,0,0
fast_gamma_rate,0,fast_gamma_rate=0,Yu_ripple_detector,default,ripple,interval,recall,10,0.848039,0.832833,0.865145,0,0,0,1,10,0,0
fast_gamma_rate,0,fast_gamma_rate=0,Zugaro_ripple_detector,default,ripple,interval,recall,10,0.673529,0.651208,0.695562,-0.00196078,-0.00810191,0.00509684,0.78125,10,0,0
fast_gamma_rate,0,fast_gamma_rate=0,multiunit_HSE_detector,default,burst,interval,recall,10,0.923313,0.910696,0.938414,-0.00817996,-0.0134855,-0.00397219,0.03125,10,0,0
fast_gamma_rate,0,fast_gamma_rate=0,recipe:ambrose_2016,literature,ripple,interval,recall,10,0.726471,0.698857,0.751788,-0.00196078,-0.00477555,0,0.5,10,0,0
fast_gamma_rate,0,fast_gamma_rate=0,recipe:bendor_2012,literature,burst,interval,recall,10,0.666667,0.628795,0.703344,-0.00306748,-0.0175082,0.00958466,0.71875,10,0,0
fast_gamma_rate,0,fast_gamma_rate=0,recipe:berners_lee_2021,literature,ripple,interval,recall,10,0.789216,0.766998,0.812828,-0.000980392,-0.00300308,0,1,10,0,0
fast_gamma_rate,0,fast_gamma_rate=0,recipe:berners_lee_2022,literature,burst,interval,recall,10,0.686094,0.652439,0.718356,0.00306748,-0.0145274,0.0214837,0.65625,10,0,0
fast_gamma_rate,0,fast_gamma_rate=0,recipe:bhattarai_2020,literature,network,interval,recall,10,0.370642,0.35113,0.390827,-0.012844,-0.0338228,0,0.125,10,0,0
fast_gamma_rate,0,fast_gamma_rate=0,recipe:bhattarai_2020_ripples,literature,ripple,interval,recall,10,0.455882,0.430123,0.482443,-0.00882353,-0.0216368,0.00187472,0.140625,10,0,0
fast_gamma_rate,0,fast_gamma_rate=0,recipe:bush_2022,literature,burst,interval,recall,10,0.625767,0.595412,0.659959,-0.00511247,-0.0138765,0.00306812,0.34375,10,0,0
fast_gamma_rate,0,fast_gamma_rate=0,recipe:carey_2019,literature,network,interval,recall,10,0.817431,0.803044,0.831337,-0.00825688,-0.0168071,0,0.125,10,0,0
fast_gamma_rate,0,fast_gamma_rate=0,recipe:carr_2012,literature,ripple,interval,recall,10,0.723529,0.70477,0.744233,-0.000980392,-0.00289303,0,1,10,0,0
fast_gamma_rate,0,fast_gamma_rate=0,recipe:chenani_2019,literature,burst,interval,recall,10,0.690184,0.671656,0.711703,0.00408998,-0.0052415,0.0146905,0.46875,10,0,0
fast_gamma_rate,0,fast_gamma_rate=0,recipe:davidson_2009,literature,burst,interval,recall,10,0.800613,0.78441,0.81828,-0.00102249,-0.00950521,0.00809021,0.90625,10,0,0
fast_gamma_rate,0,fast_gamma_rate=0,recipe:davidson_2009_ripples,literature,ripple,peak_containment,recall,10,0.87549,0.851889,0.898297,0,0,0,1,10,0,0
fast_gamma_rate,0,fast_gamma_rate=0,recipe:denovellis_2021,literature,ripple,interval,recall,10,0.828431,0.815282,0.842262,0,0,0,1,10,0,0
fast_gamma_rate,0,fast_gamma_rate=0,recipe:denovellis_2021_mua,literature,burst,interval,recall,10,0.923313,0.910696,0.938414,-0.00715746,-0.0115434,-0.00315781,0.03125,10,0,0
fast_gamma_rate,0,fast_gamma_rate=0,recipe:diba_2007,literature,burst,interval,recall,10,0.254601,0.225507,0.286295,-0.00204499,-0.0129287,0.00742312,0.84375,10,0,0
fast_gamma_rate,0,fast_gamma_rate=0,recipe:drieu_2018,literature,burst,interval,recall,10,0.792434,0.781409,0.803244,0.00613497,-0.00304569,0.0162615,0.265625,10,0,0
fast_gamma_rate,0,fast_gamma_rate=0,recipe:farooq_2019_neuron,literature,burst,interval,recall,10,0.288344,0.257424,0.322513,0.00817996,-0.00629624,0.0229648,0.351562,10,0,0
fast_gamma_rate,0,fast_gamma_rate=0,recipe:farooq_2019_science,literature,burst,interval,recall,10,0.284254,0.254368,0.316784,0.00613497,-0.00941546,0.0224524,0.5,10,0,0
fast_gamma_rate,0,fast_gamma_rate=0,recipe:farooq_2019_science_awake,literature,burst,interval,recall,10,0.284254,0.254368,0.316784,0.00613497,-0.00941546,0.0224524,0.5,10,0,0
fast_gamma_rate,0,fast_gamma_rate=0,recipe:foster_2006,literature,burst,interval,recall,10,0.144172,0.123213,0.166161,-0.00408998,-0.0146302,0.00695894,0.515625,10,0,0
fast_gamma_rate,0,fast_gamma_rate=0,recipe:foster_2006_ripples,literature,ripple,interval,recall,10,0.0745098,0.0613481,0.0878934,0,0,0,1,10,0,0
fast_gamma_rate,0,fast_gamma_rate=0,recipe:gillespie_2021,literature,ripple,interval,recall,10,0.826471,0.813931,0.840662,-0.000980392,-0.003125,0,1,10,0,0
fast_gamma_rate,0,fast_gamma_rate=0,recipe:gillespie_2021_mua,literature,burst,interval,recall,10,0.822086,0.803941,0.840454,0,-0.00893811,0.00933781,0.890625,10,0,0
fast_gamma_rate,0,fast_gamma_rate=0,recipe:gridchyn_2020,literature,burst,interval,recall,10,0.895706,0.875125,0.913224,0.00408998,-0.00511274,0.0156781,0.484375,10,0,0
fast_gamma_rate,0,fast_gamma_rate=0,recipe:grosmark_2016,literature,network,interval,recall,10,0.416514,0.388564,0.445986,0,-0.00946096,0.010056,0.9375,10,0,0
fast_gamma_rate,0,fast_gamma_rate=0,recipe:gupta_2010,literature,ripple,interval,recall,10,0.8,0.777446,0.828924,0,0,0,1,10,0,0
fast_gamma_rate,0,fast_gamma_rate=0,recipe:harvey_2023_code,literature,ripple,interval,recall,10,0.568627,0.54953,0.589354,0.00490196,-0.00829705,0.0173415,0.542969,10,0,0
fast_gamma_rate,0,fast_gamma_rate=0,recipe:harvey_2023_no_radiatum,literature,ripple,interval,recall,10,0.6,0.579321,0.620963,0.00294118,-0.00690455,0.0124611,0.710938,10,0,0
fast_gamma_rate,0,fast_gamma_rate=0,recipe:harvey_2023_text,literature,ripple,interval,recall,10,0.603922,0.585063,0.625133,-0.000980392,-0.00290142,0,1,10,0,0
fast_gamma_rate,0,fast_gamma_rate=0,recipe:huelin_gorriz_2023,literature,network,interval,recall,10,0.514679,0.489514,0.540058,0.00366972,-0.0045498,0.0136488,0.53125,10,0,0
fast_gamma_rate,0,fast_gamma_rate=0,recipe:igata_2021,literature,burst,interval,recall,10,0.927403,0.912957,0.94433,-0.00511247,-0.0106502,0,0.125,10,0,0
fast_gamma_rate,0,fast_gamma_rate=0,recipe:igata_2021_ripples,literature,ripple,interval,recall,10,0.872549,0.855652,0.890613,0,0,0,1,10,0,0
fast_gamma_rate,0,fast_gamma_rate=0,recipe:jadhav_2016,literature,ripple,interval,recall,10,0.584314,0.552474,0.61539,-0.00196078,-0.0045209,0,0.5,10,0,0
fast_gamma_rate,0,fast_gamma_rate=0,recipe:ji_2007,literature,burst,interval,recall,10,0.715746,0.663877,0.766053,0.0153374,-0.0426529,0.092672,0.789062,10,0,0
fast_gamma_rate,0,fast_gamma_rate=0,recipe:ji_2007_ripples,literature,ripple,interval,recall,10,0.00490196,0.00101623,0.00883243,0,0,0,1,10,0,0
fast_gamma_rate,0,fast_gamma_rate=0,recipe:kaefer_2020,literature,ripple,interval,recall,10,0.0107843,0.00584212,0.0155603,0,0,0,1,10,0,0
fast_gamma_rate,0,fast_gamma_rate=0,recipe:karlsson_2009,literature,ripple,interval,recall,10,0.723529,0.70477,0.744233,-0.000980392,-0.00289303,0,1,10,0,0
fast_gamma_rate,0,fast_gamma_rate=0,recipe:krause_2022,literature,network,interval,recall,10,0.622018,0.595844,0.647059,0.00183486,0,0.00465116,0.5,10,0,0
fast_gamma_rate,0,fast_gamma_rate=0,recipe:krause_2022_hse,literature,burst,interval,recall,10,0.819018,0.797389,0.840818,0,-0.00697263,0.00833597,0.875,10,0,0
fast_gamma_rate,0,fast_gamma_rate=0,recipe:kudrimoti_1999,literature,ripple,interval,recall,10,0.0245098,0.0174466,0.0338271,0,0,0,1,10,0,0
fast_gamma_rate,0,fast_gamma_rate=0,recipe:lee_2002,literature,burst,interval,recall,10,0.95092,0.942287,0.95901,0.00102249,-0.00503082,0.00689655,0.96875,10,0,0
fast_gamma_rate,0,fast_gamma_rate=0,recipe:lee_2002_ripples,literature,ripple,interval,recall,10,0.0745098,0.0613481,0.0878934,0,0,0,1,10,0,0
fast_gamma_rate,0,fast_gamma_rate=0,recipe:liu_2019,literature,burst,interval,recall,10,0.838446,0.805801,0.87039,-0.00511247,-0.0131863,0.0052356,0.4375,10,0,0
fast_gamma_rate,0,fast_gamma_rate=0,recipe:liu_2019_awake,literature,burst,interval,recall,10,0.838446,0.805801,0.87039,-0.00511247,-0.0131863,0.0052356,0.4375,10,0,0
fast_gamma_rate,0,fast_gamma_rate=0,recipe:liu_2023,literature,network,interval,recall,10,0.429358,0.409478,0.449371,-0.00183486,-0.0111951,0.00637552,0.734375,10,0,0
fast_gamma_rate,0,fast_gamma_rate=0,recipe:maboudi_2018,literature,burst,interval,recall,10,0.800613,0.782519,0.818857,0.00817996,0.00100697,0.0165816,0.125,10,0,0
fast_gamma_rate,0,fast_gamma_rate=0,recipe:maboudi_2018_open_field,literature,burst,interval,recall,10,0.735174,0.720811,0.751862,-0.00204499,-0.0148699,0.00975118,0.804688,10,0,0
fast_gamma_rate,0,fast_gamma_rate=0,recipe:mallory_2025,literature,burst,interval,recall,10,0.761759,0.738397,0.784665,0.00204499,-0.0042061,0.00835968,0.6875,10,0,0
fast_gamma_rate,0,fast_gamma_rate=0,recipe:mallory_2025_ripples,literature,ripple,interval,recall,10,0.689216,0.66849,0.711831,-0.000980392,-0.00308968,0,1,10,0,0
fast_gamma_rate,0,fast_gamma_rate=0,recipe:michon_2019,literature,network,interval,recall,10,0.247706,0.21987,0.272214,-0.00275229,-0.0145059,0.00808009,0.6875,10,0,0
fast_gamma_rate,0,fast_gamma_rate=0,recipe:michon_2021,literature,network,interval,recall,10,0.247706,0.21987,0.272214,-0.00275229,-0.0145059,0.00808009,0.6875,10,0,0
fast_gamma_rate,0,fast_gamma_rate=0,recipe:mou_2022,literature,burst,interval,recall,10,0.838446,0.815224,0.861141,-0.0184049,-0.0372287,-0.0031151,0.09375,10,0,0
fast_gamma_rate,0,fast_gamma_rate=0,recipe:muessig_2019,literature,network,interval,recall,10,0.0981651,0.0867952,0.110677,-0.00825688,-0.0192153,0.00280138,0.175781,10,0,0
fast_gamma_rate,0,fast_gamma_rate=0,recipe:muessig_2019_ripples,literature,ripple,interval,recall,10,0.87451,0.852849,0.894076,-0.000980392,-0.00290142,0,1,10,0,0
fast_gamma_rate,0,fast_gamma_rate=0,recipe:nadasdy_1999,literature,ripple,interval,recall,10,0.460784,0.439452,0.48516,-0.000980392,-0.00410688,0.00197653,0.5,10,0,0
fast_gamma_rate,0,fast_gamma_rate=0,recipe:olafsdottir_2015,literature,burst,interval,recall,10,0.678937,0.662561,0.695831,0.00204499,-0.00801623,0.0127112,0.75,10,0,0
fast_gamma_rate,0,fast_gamma_rate=0,recipe:olafsdottir_2015.bayesian_candidates,literature,burst,interval,recall,10,0.620654,0.5983,0.6447,0.00817996,-0.00209644,0.0196464,0.171875,10,0,0
fast_gamma_rate,0,fast_gamma_rate=0,recipe:olafsdottir_2016,literature,burst,interval,recall,10,0.567485,0.536953,0.604275,-0.00306748,-0.0169496,0.00951603,0.726562,10,0,0
fast_gamma_rate,0,fast_gamma_rate=0,recipe:olafsdottir_2017,literature,burst,interval,recall,10,0.755624,0.739433,0.769231,-0.00511247,-0.0160103,0.00697941,0.369141,10,0,0
fast_gamma_rate,0,fast_gamma_rate=0,recipe:olafsdottir_2017.trajectory,literature,burst,interval,recall,10,0.567485,0.536953,0.604275,-0.00306748,-0.0169496,0.00951603,0.726562,10,0,0
fast_gamma_rate,0,fast_gamma_rate=0,recipe:pfeiffer_2013,literature,burst,interval,recall,10,0.735174,0.720811,0.751862,-0.00204499,-0.0148699,0.00975118,0.804688,10,0,0
fast_gamma_rate,0,fast_gamma_rate=0,recipe:pfeiffer_2013_ripples,literature,ripple,interval,recall,10,0.726471,0.698857,0.751788,-0.00196078,-0.00477555,0,0.5,10,0,0
fast_gamma_rate,0,fast_gamma_rate=0,recipe:pfeiffer_2015,literature,ripple,interval,recall,10,0.726471,0.698857,0.751788,-0.00196078,-0.00477555,0,0.5,10,0,0
fast_gamma_rate,0,fast_gamma_rate=0,recipe:shin_2019,literature,ripple,interval,recall,10,0.723529,0.70477,0.744233,-0.000980392,-0.00289303,0,1,10,0,0
fast_gamma_rate,0,fast_gamma_rate=0,recipe:silva_2015,literature,burst,interval,recall,10,0.625767,0.597456,0.654969,0.00613497,-0.0101528,0.0216115,0.546875,10,0,0
fast_gamma_rate,0,fast_gamma_rate=0,recipe:stella_2019,literature,ripple,interval,recall,10,0.667647,0.651651,0.685513,0.000980392,-0.00210998,0.00392166,1,10,0,0
fast_gamma_rate,0,fast_gamma_rate=0,recipe:tang_2017,literature,ripple,interval,recall,10,0.723529,0.70477,0.744233,-0.000980392,-0.00289303,0,1,10,0,0
fast_gamma_rate,0,fast_gamma_rate=0,recipe:tirole_2022,literature,network,interval,recall,10,0.514679,0.489514,0.540058,0.00366972,-0.0045498,0.0136488,0.53125,10,0,0
fast_gamma_rate,0,fast_gamma_rate=0,recipe:widloski_2025,literature,ripple,interval,recall,10,0.506863,0.468947,0.548455,-0.000980392,-0.00290142,0,1,10,0,0
fast_gamma_rate,0,fast_gamma_rate=0,recipe:widloski_2025_bursts,literature,burst,interval,recall,10,0.53681,0.498522,0.577176,0.00715746,-0.00200612,0.0176603,0.171875,10,0,0
fast_gamma_rate,0,fast_gamma_rate=0,recipe:wikenheiser_2013,literature,ripple,interval,recall,10,0.830392,0.800354,0.860123,-0.00196078,-0.00663539,0.00209216,0.75,10,0,0
fast_gamma_rate,0,fast_gamma_rate=0,recipe:wu_2014,literature,burst,interval,recall,10,0.869121,0.847824,0.888311,0.00613497,-0.0042019,0.0146142,0.242188,10,0,0
fast_gamma_rate,0,fast_gamma_rate=0,recipe:wu_2014_ripples,literature,ripple,peak_containment,recall,10,0.896078,0.87866,0.913682,-0.00196078,-0.00509697,0,0.5,10,0,0
fast_gamma_rate,0,fast_gamma_rate=0,recipe:wu_2017,literature,burst,interval,recall,10,0.525562,0.5,0.553109,-0.00920245,-0.024729,0.00842194,0.369141,10,0,0
fast_gamma_rate,0,fast_gamma_rate=0,recipe:xu_2019,literature,burst,interval,recall,10,0.751534,0.73657,0.765937,0.00408998,-0.00602578,0.0160982,0.523438,10,0,0
fast_gamma_rate,0,fast_gamma_rate=0,recipe:yamamoto_2017,literature,network,interval,recall,10,0.548624,0.525437,0.57064,-0.012844,-0.0281332,0.000923361,0.140625,10,0,0
fast_gamma_rate,0,fast_gamma_rate=0,recipe:yang_2024,literature,network,interval,recall,10,0.416514,0.388564,0.445986,0,-0.00946096,0.010056,0.9375,10,0,0
fast_gamma_rate,reference,reference,Carey_candidate_detector,default,network,interval,recall,10,0.817431,0.802458,0.834401,0,0,0,1,10,0,0
fast_gamma_rate,reference,reference,Karlsson_ripple_detector,default,ripple,interval,recall,10,0.72451,0.706531,0.74433,0,0,0,1,10,0,0
fast_gamma_rate,reference,reference,Kay_ripple_detector,default,ripple,interval,recall,10,0.827451,0.814342,0.842843,0,0,0,1,10,0,0
fast_gamma_rate,reference,reference,Long_sharp_wave_ripple_detector,default,ripple,interval,recall,10,0.690196,0.666335,0.713389,0,0,0,1,10,0,0
fast_gamma_rate,reference,reference,Roumis_ripple_detector,default,ripple,interval,recall,10,0.828431,0.813977,0.844765,0,0,0,1,10,0,0
fast_gamma_rate,reference,reference,Shvartsman_ripple_detector,default,ripple,interval,recall,10,0.663725,0.64129,0.687835,0,0,0,1,10,0,0
fast_gamma_rate,reference,reference,Yu_ripple_detector,default,ripple,interval,recall,10,0.848039,0.832833,0.865145,0,0,0,1,10,0,0
fast_gamma_rate,reference,reference,Zugaro_ripple_detector,default,ripple,interval,recall,10,0.67549,0.654252,0.696335,0,0,0,1,10,0,0
fast_gamma_rate,reference,reference,multiunit_HSE_detector,default,burst,interval,recall,10,0.931493,0.917158,0.948138,0,0,0,1,10,0,0
fast_gamma_rate,reference,reference,recipe:ambrose_2016,literature,ripple,interval,recall,10,0.728431,0.699812,0.754759,0,0,0,1,10,0,0
fast_gamma_rate,reference,reference,recipe:bendor_2012,literature,burst,interval,recall,10,0.669734,0.643002,0.697931,0,0,0,1,10,0,0
fast_gamma_rate,reference,reference,recipe:berners_lee_2021,literature,ripple,interval,recall,10,0.790196,0.767908,0.813176,0,0,0,1,10,0,0
fast_gamma_rate,reference,reference,recipe:berners_lee_2022,literature,burst,interval,recall,10,0.683027,0.657603,0.710964,0,0,0,1,10,0,0
fast_gamma_rate,reference,reference,recipe:bhattarai_2020,literature,network,interval,recall,10,0.383486,0.36426,0.404432,0,0,0,1,10,0,0
fast_gamma_rate,reference,reference,recipe:bhattarai_2020_ripples,literature,ripple,interval,recall,10,0.464706,0.436362,0.495339,0,0,0,1,10,0,0
fast_gamma_rate,reference,reference,recipe:bush_2022,literature,burst,interval,recall,10,0.630879,0.597014,0.668706,0,0,0,1,10,0,0
fast_gamma_rate,reference,reference,recipe:carey_2019,literature,network,interval,recall,10,0.825688,0.806478,0.843953,0,0,0,1,10,0,0
fast_gamma_rate,reference,reference,recipe:carr_2012,literature,ripple,interval,recall,10,0.72451,0.706531,0.74433,0,0,0,1,10,0,0
fast_gamma_rate,reference,reference,recipe:chenani_2019,literature,burst,interval,recall,10,0.686094,0.665608,0.709887,0,0,0,1,10,0,0
fast_gamma_rate,reference,reference,recipe:davidson_2009,literature,burst,interval,recall,10,0.801636,0.785994,0.820324,0,0,0,1,10,0,0
fast_gamma_rate,reference,reference,recipe:davidson_2009_ripples,literature,ripple,peak_containment,recall,10,0.87549,0.851889,0.898297,0,0,0,1,10,0,0
fast_gamma_rate,reference,reference,recipe:denovellis_2021,literature,ripple,interval,recall,10,0.828431,0.815282,0.842262,0,0,0,1,10,0,0
fast_gamma_rate,reference,reference,recipe:denovellis_2021_mua,literature,burst,interval,recall,10,0.93047,0.916838,0.946485,0,0,0,1,10,0,0
fast_gamma_rate,reference,reference,recipe:diba_2007,literature,burst,interval,recall,10,0.256646,0.22654,0.287224,0,0,0,1,10,0,0
fast_gamma_rate,reference,reference,recipe:drieu_2018,literature,burst,interval,recall,10,0.786299,0.775775,0.797509,0,0,0,1,10,0,0
fast_gamma_rate,reference,reference,recipe:farooq_2019_neuron,literature,burst,interval,recall,10,0.280164,0.243652,0.32154,0,0,0,1,10,0,0
fast_gamma_rate,reference,reference,recipe:farooq_2019_science,literature,burst,interval,recall,10,0.278119,0.242423,0.318476,0,0,0,1,10,0,0
fast_gamma_rate,reference,reference,recipe:farooq_2019_science_awake,literature,burst,interval,recall,10,0.278119,0.242423,0.318476,0,0,0,1,10,0,0
fast_gamma_rate,reference,reference,recipe:foster_2006,literature,burst,interval,recall,10,0.148262,0.127082,0.172862,0,0,0,1,10,0,0
fast_gamma_rate,reference,reference,recipe:foster_2006_ripples,literature,ripple,interval,recall,10,0.0745098,0.0613481,0.0878934,0,0,0,1,10,0,0
fast_gamma_rate,reference,reference,recipe:gillespie_2021,literature,ripple,interval,recall,10,0.827451,0.814342,0.842843,0,0,0,1,10,0,0
fast_gamma_rate,reference,reference,recipe:gillespie_2021_mua,literature,burst,interval,recall,10,0.822086,0.803179,0.839827,0,0,0,1,10,0,0
fast_gamma_rate,reference,reference,recipe:gridchyn_2020,literature,burst,interval,recall,10,0.891616,0.874123,0.907524,0,0,0,1,10,0,0
fast_gamma_rate,reference,reference,recipe:grosmark_2016,literature,network,interval,recall,10,0.416514,0.386402,0.448061,0,0,0,1,10,0,0
fast_gamma_rate,reference,reference,recipe:gupta_2010,literature,ripple,interval,recall,10,0.8,0.777446,0.828924,0,0,0,1,10,0,0
fast_gamma_rate,reference,reference,recipe:harvey_2023_code,literature,ripple,interval,recall,10,0.563725,0.539941,0.588474,0,0,0,1,10,0,0
fast_gamma_rate,reference,reference,recipe:harvey_2023_no_radiatum,literature,ripple,interval,recall,10,0.597059,0.577734,0.617905,0,0,0,1,10,0,0
fast_gamma_rate,reference,reference,recipe:harvey_2023_text,literature,ripple,interval,recall,10,0.604902,0.587255,0.62526,0,0,0,1,10,0,0
fast_gamma_rate,reference,reference,recipe:huelin_gorriz_2023,literature,network,interval,recall,10,0.511009,0.483133,0.539768,0,0,0,1,10,0,0
fast_gamma_rate,reference,reference,recipe:igata_2021,literature,burst,interval,recall,10,0.932515,0.917901,0.949156,0,0,0,1,10,0,0
fast_gamma_rate,reference,reference,recipe:igata_2021_ripples,literature,ripple,interval,recall,10,0.872549,0.855652,0.890613,0,0,0,1,10,0,0
fast_gamma_rate,reference,reference,recipe:jadhav_2016,literature,ripple,interval,recall,10,0.586275,0.554419,0.616468,0,0,0,1,10,0,0
fast_gamma_rate,reference,reference,recipe:ji_2007,literature,burst,interval,recall,10,0.700409,0.6305,0.748675,0,0,0,1,10,0,0
fast_gamma_rate,reference,reference,recipe:ji_2007_ripples,literature,ripple,interval,recall,10,0.00490196,0.00101623,0.00883243,0,0,0,1,10,0,0
fast_gamma_rate,reference,reference,recipe:kaefer_2020,literature,ripple,interval,recall,10,0.0107843,0.00584212,0.0155603,0,0,0,1,10,0,0
fast_gamma_rate,reference,reference,recipe:karlsson_2009,literature,ripple,interval,recall,10,0.72451,0.706531,0.74433,0,0,0,1,10,0,0
fast_gamma_rate,reference,reference,recipe:krause_2022,literature,network,interval,recall,10,0.620183,0.594116,0.645529,0,0,0,1,10,0,0
fast_gamma_rate,reference,reference,recipe:krause_2022_hse,literature,burst,interval,recall,10,0.819018,0.797725,0.839959,0,0,0,1,10,0,0
fast_gamma_rate,reference,reference,recipe:kudrimoti_1999,literature,ripple,interval,recall,10,0.0245098,0.0174466,0.0338271,0,0,0,1,10,0,0
fast_gamma_rate,reference,reference,recipe:lee_2002,literature,burst,interval,recall,10,0.949898,0.943786,0.955603,0,0,0,1,10,0,0
fast_gamma_rate,reference,reference,recipe:lee_2002_ripples,literature,ripple,interval,recall,10,0.0745098,0.0613481,0.0878934,0,0,0,1,10,0,0
fast_gamma_rate,reference,reference,recipe:liu_2019,literature,burst,interval,recall,10,0.843558,0.811187,0.87384,0,0,0,1,10,0,0
fast_gamma_rate,reference,reference,recipe:liu_2019_awake,literature,burst,interval,recall,10,0.843558,0.811187,0.87384,0,0,0,1,10,0,0
fast_gamma_rate,reference,reference,recipe:liu_2023,literature,network,interval,recall,10,0.431193,0.411239,0.451816,0,0,0,1,10,0,0
fast_gamma_rate,reference,reference,recipe:maboudi_2018,literature,burst,interval,recall,10,0.792434,0.774162,0.811442,0,0,0,1,10,0,0
fast_gamma_rate,reference,reference,recipe:maboudi_2018_open_field,literature,burst,interval,recall,10,0.737219,0.716188,0.761011,0,0,0,1,10,0,0
fast_gamma_rate,reference,reference,recipe:mallory_2025,literature,burst,interval,recall,10,0.759714,0.740078,0.779609,0,0,0,1,10,0,0
fast_gamma_rate,reference,reference,recipe:mallory_2025_ripples,literature,ripple,interval,recall,10,0.690196,0.668886,0.712691,0,0,0,1,10,0,0
fast_gamma_rate,reference,reference,recipe:michon_2019,literature,network,interval,recall,10,0.250459,0.224122,0.276924,0,0,0,1,10,0,0
fast_gamma_rate,reference,reference,recipe:michon_2021,literature,network,interval,recall,10,0.250459,0.224122,0.276924,0,0,0,1,10,0,0
fast_gamma_rate,reference,reference,recipe:mou_2022,literature,burst,interval,recall,10,0.856851,0.829681,0.882724,0,0,0,1,10,0,0
fast_gamma_rate,reference,reference,recipe:muessig_2019,literature,network,interval,recall,10,0.106422,0.091568,0.12113,0,0,0,1,10,0,0
fast_gamma_rate,reference,reference,recipe:muessig_2019_ripples,literature,ripple,interval,recall,10,0.87549,0.854298,0.894141,0,0,0,1,10,0,0
fast_gamma_rate,reference,reference,recipe:nadasdy_1999,literature,ripple,interval,recall,10,0.461765,0.441114,0.485717,0,0,0,1,10,0,0
fast_gamma_rate,reference,reference,recipe:olafsdottir_2015,literature,burst,interval,recall,10,0.676892,0.654822,0.69798,0,0,0,1,10,0,0
fast_gamma_rate,reference,reference,recipe:olafsdottir_2015.bayesian_candidates,literature,burst,interval,recall,10,0.612474,0.58635,0.641136,0,0,0,1,10,0,0
fast_gamma_rate,reference,reference,recipe:olafsdottir_2016,literature,burst,interval,recall,10,0.570552,0.539077,0.609091,0,0,0,1,10,0,0
fast_gamma_rate,reference,reference,recipe:olafsdottir_2017,literature,burst,interval,recall,10,0.760736,0.745657,0.775992,0,0,0,1,10,0,0
fast_gamma_rate,reference,reference,recipe:olafsdottir_2017.trajectory,literature,burst,interval,recall,10,0.570552,0.539077,0.609091,0,0,0,1,10,0,0
fast_gamma_rate,reference,reference,recipe:pfeiffer_2013,literature,burst,interval,recall,10,0.737219,0.716188,0.761011,0,0,0,1,10,0,0
fast_gamma_rate,reference,reference,recipe:pfeiffer_2013_ripples,literature,ripple,interval,recall,10,0.728431,0.699812,0.754759,0,0,0,1,10,0,0
fast_gamma_rate,reference,reference,recipe:pfeiffer_2015,literature,ripple,interval,recall,10,0.728431,0.699812,0.754759,0,0,0,1,10,0,0
fast_gamma_rate,reference,reference,recipe:shin_2019,literature,ripple,interval,recall,10,0.72451,0.706531,0.74433,0,0,0,1,10,0,0
fast_gamma_rate,reference,reference,recipe:silva_2015,literature,burst,interval,recall,10,0.619632,0.590956,0.648278,0,0,0,1,10,0,0
fast_gamma_rate,reference,reference,recipe:stella_2019,literature,ripple,interval,recall,10,0.666667,0.649493,0.685394,0,0,0,1,10,0,0
fast_gamma_rate,reference,reference,recipe:tang_2017,literature,ripple,interval,recall,10,0.72451,0.706531,0.74433,0,0,0,1,10,0,0
fast_gamma_rate,reference,reference,recipe:tirole_2022,literature,network,interval,recall,10,0.511009,0.483133,0.539768,0,0,0,1,10,0,0
fast_gamma_rate,reference,reference,recipe:widloski_2025,literature,ripple,interval,recall,10,0.507843,0.469984,0.54879,0,0,0,1,10,0,0
fast_gamma_rate,reference,reference,recipe:widloski_2025_bursts,literature,burst,interval,recall,10,0.529652,0.491013,0.571436,0,0,0,1,10,0,0
fast_gamma_rate,reference,reference,recipe:wikenheiser_2013,literature,ripple,interval,recall,10,0.832353,0.80594,0.860302,0,0,0,1,10,0,0
fast_gamma_rate,reference,reference,recipe:wu_2014,literature,burst,interval,recall,10,0.862986,0.848921,0.877469,0,0,0,1,10,0,0
fast_gamma_rate,reference,reference,recipe:wu_2014_ripples,literature,ripple,peak_containment,recall,10,0.898039,0.880974,0.916923,0,0,0,1,10,0,0
fast_gamma_rate,reference,reference,recipe:wu_2017,literature,burst,interval,recall,10,0.534765,0.509803,0.559125,0,0,0,1,10,0,0
fast_gamma_rate,reference,reference,recipe:xu_2019,literature,burst,interval,recall,10,0.747444,0.729037,0.765482,0,0,0,1,10,0,0
fast_gamma_rate,reference,reference,recipe:yamamoto_2017,literature,network,interval,recall,10,0.561468,0.529566,0.596138,0,0,0,1,10,0,0
fast_gamma_rate,reference,reference,recipe:yang_2024,literature,network,interval,recall,10,0.416514,0.386402,0.448061,0,0,0,1,10,0,0
fast_gamma_rate,6,fast_gamma_rate=6,Carey_candidate_detector,default,network,interval,recall,10,0.812844,0.802379,0.829591,-0.00458716,-0.0158809,0.00472155,0.578125,10,0,0
fast_gamma_rate,6,fast_gamma_rate=6,Karlsson_ripple_detector,default,ripple,interval,recall,10,0.72451,0.706531,0.74433,0,0,0,1,10,0,0
fast_gamma_rate,6,fast_gamma_rate=6,Kay_ripple_detector,default,ripple,interval,recall,10,0.827451,0.814342,0.842843,0,0,0,1,10,0,0
fast_gamma_rate,6,fast_gamma_rate=6,Long_sharp_wave_ripple_detector,default,ripple,interval,recall,10,0.690196,0.666335,0.713389,0,0,0,1,10,0,0
fast_gamma_rate,6,fast_gamma_rate=6,Roumis_ripple_detector,default,ripple,interval,recall,10,0.828431,0.813977,0.844765,0,0,0,1,10,0,0
fast_gamma_rate,6,fast_gamma_rate=6,Shvartsman_ripple_detector,default,ripple,interval,recall,10,0.662745,0.641123,0.68566,-0.000980392,-0.00314812,0,1,10,0,0
fast_gamma_rate,6,fast_gamma_rate=6,Yu_ripple_detector,default,ripple,interval,recall,10,0.848039,0.832833,0.865145,0,0,0,1,10,0,0
fast_gamma_rate,6,fast_gamma_rate=6,Zugaro_ripple_detector,default,ripple,interval,recall,10,0.672549,0.647119,0.697699,-0.00294118,-0.0103876,0.00784314,0.515625,10,0,0
fast_gamma_rate,6,fast_gamma_rate=6,multiunit_HSE_detector,default,burst,interval,recall,10,0.92638,0.910938,0.944388,-0.00511247,-0.00989193,0,0.1875,10,0,0
fast_gamma_rate,6,fast_gamma_rate=6,recipe:ambrose_2016,literature,ripple,interval,recall,10,0.728431,0.699812,0.754759,0,0,0,1,10,0,0
fast_gamma_rate,6,fast_gamma_rate=6,recipe:bendor_2012,literature,burst,interval,recall,10,0.675869,0.641611,0.710693,0.00613497,-0.00945428,0.0213415,0.484375,10,0,0
fast_gamma_rate,6,fast_gamma_rate=6,recipe:berners_lee_2021,literature,ripple,interval,recall,10,0.790196,0.767908,0.813176,0,0,0,1,10,0,0
fast_gamma_rate,6,fast_gamma_rate=6,recipe:berners_lee_2022,literature,burst,interval,recall,10,0.685072,0.650578,0.717086,0.00204499,-0.021914,0.0251666,0.773438,10,0,0
fast_gamma_rate,6,fast_gamma_rate=6,recipe:bhattarai_2020,literature,network,interval,recall,10,0.37156,0.351374,0.39374,-0.0119266,-0.0315116,0.00184179,0.25,10,0,0
fast_gamma_rate,6,fast_gamma_rate=6,recipe:bhattarai_2020_ripples,literature,ripple,interval,recall,10,0.456863,0.425254,0.488932,-0.00784314,-0.0180444,0.00202655,0.175781,10,0,0
fast_gamma_rate,6,fast_gamma_rate=6,recipe:bush_2022,literature,burst,interval,recall,10,0.630879,0.597161,0.673024,0,-0.0102691,0.0101112,0.9375,10,0,0
fast_gamma_rate,6,fast_gamma_rate=6,recipe:carey_2019,literature,network,interval,recall,10,0.824771,0.805242,0.845714,-0.000917431,-0.00820438,0.00671785,0.945312,10,0,0
fast_gamma_rate,6,fast_gamma_rate=6,recipe:carr_2012,literature,ripple,interval,recall,10,0.72451,0.706531,0.74433,0,0,0,1,10,0,0
fast_gamma_rate,6,fast_gamma_rate=6,recipe:chenani_2019,literature,burst,interval,recall,10,0.694274,0.671499,0.717848,0.00817996,-0.00300353,0.0175957,0.140625,10,0,0
fast_gamma_rate,6,fast_gamma_rate=6,recipe:davidson_2009,literature,burst,interval,recall,10,0.807771,0.782398,0.832804,0.00613497,-0.00704935,0.0164118,0.265625,10,0,0
fast_gamma_rate,6,fast_gamma_rate=6,recipe:davidson_2009_ripples,literature,ripple,peak_containment,recall,10,0.87549,0.851889,0.898297,0,0,0,1,10,0,0
fast_gamma_rate,6,fast_gamma_rate=6,recipe:denovellis_2021,literature,ripple,interval,recall,10,0.828431,0.815282,0.842262,0,0,0,1,10,0,0
fast_gamma_rate,6,fast_gamma_rate=6,recipe:denovellis_2021_mua,literature,burst,interval,recall,10,0.927403,0.912161,0.944851,-0.00306748,-0.00906344,0.00315126,0.445312,10,0,0
fast_gamma_rate,6,fast_gamma_rate=6,recipe:diba_2007,literature,burst,interval,recall,10,0.254601,0.224423,0.288119,-0.00204499,-0.0119062,0.00926975,0.796875,10,0,0
fast_gamma_rate,6,fast_gamma_rate=6,recipe:drieu_2018,literature,burst,interval,recall,10,0.791411,0.778787,0.803902,0.00511247,-0.00201415,0.0134457,0.203125,10,0,0
fast_gamma_rate,6,fast_gamma_rate=6,recipe:farooq_2019_neuron,literature,burst,interval,recall,10,0.298569,0.264244,0.336092,0.0184049,0.00818812,0.0299708,0.015625,10,0,0
fast_gamma_rate,6,fast_gamma_rate=6,recipe:farooq_2019_science,literature,burst,interval,recall,10,0.294479,0.262614,0.329915,0.0163599,0.0052687,0.0295568,0.03125,10,0,0
fast_gamma_rate,6,fast_gamma_rate=6,recipe:farooq_2019_science_awake,literature,burst,interval,recall,10,0.294479,0.262614,0.329915,0.0163599,0.0052687,0.0295568,0.03125,10,0,0
fast_gamma_rate,6,fast_gamma_rate=6,recipe:foster_2006,literature,burst,interval,recall,10,0.148262,0.127785,0.169235,0,-0.0127796,0.0111342,0.921875,10,0,0
fast_gamma_rate,6,fast_gamma_rate=6,recipe:foster_2006_ripples,literature,ripple,interval,recall,10,0.0754902,0.0629778,0.0886094,0.000980392,0,0.003003,1,10,0,0
fast_gamma_rate,6,fast_gamma_rate=6,recipe:gillespie_2021,literature,ripple,interval,recall,10,0.827451,0.814342,0.842843,0,0,0,1,10,0,0
fast_gamma_rate,6,fast_gamma_rate=6,recipe:gillespie_2021_mua,literature,burst,interval,recall,10,0.830266,0.804257,0.855224,0.00817996,-0.00521111,0.0197726,0.1875,10,0,0
fast_gamma_rate,6,fast_gamma_rate=6,recipe:gridchyn_2020,literature,burst,interval,recall,10,0.903885,0.883179,0.923416,0.0122699,-0.000979528,0.0276603,0.125,10,0,0
fast_gamma_rate,6,fast_gamma_rate=6,recipe:grosmark_2016,literature,network,interval,recall,10,0.416514,0.390043,0.445852,0,-0.00868121,0.00997303,0.875,10,0,0
fast_gamma_rate,6,fast_gamma_rate=6,recipe:gupta_2010,literature,ripple,interval,recall,10,0.8,0.777446,0.828924,0,0,0,1,10,0,0
fast_gamma_rate,6,fast_gamma_rate=6,recipe:harvey_2023_code,literature,ripple,interval,recall,10,0.568627,0.545268,0.594732,0.00490196,-0.00585452,0.0151677,0.40625,10,0,0
fast_gamma_rate,6,fast_gamma_rate=6,recipe:harvey_2023_no_radiatum,literature,ripple,interval,recall,10,0.612745,0.589093,0.637001,0.0156863,0.00195298,0.0287991,0.0488281,10,0,0
fast_gamma_rate,6,fast_gamma_rate=6,recipe:harvey_2023_text,literature,ripple,interval,recall,10,0.602941,0.584225,0.624874,-0.00196078,-0.00453518,0,0.5,10,0,0
fast_gamma_rate,6,fast_gamma_rate=6,recipe:huelin_gorriz_2023,literature,network,interval,recall,10,0.511927,0.485224,0.540368,0.000917431,-0.00682012,0.00971016,0.734375,10,0,0
fast_gamma_rate,6,fast_gamma_rate=6,recipe:igata_2021,literature,burst,interval,recall,10,0.93047,0.914712,0.948899,-0.00204499,-0.0063971,0.00209435,0.25,10,0,0
fast_gamma_rate,6,fast_gamma_rate=6,recipe:igata_2021_ripples,literature,ripple,interval,recall,10,0.872549,0.855652,0.890613,0,0,0,1,10,0,0
fast_gamma_rate,6,fast_gamma_rate=6,recipe:jadhav_2016,literature,ripple,interval,recall,10,0.584314,0.553488,0.614244,-0.00196078,-0.00466495,0,0.5,10,0,0
fast_gamma_rate,6,fast_gamma_rate=6,recipe:ji_2007,literature,burst,interval,recall,10,0.724949,0.68608,0.762739,0.0245399,-0.0203479,0.0755102,0.367188,10,0,0
fast_gamma_rate,6,fast_gamma_rate=6,recipe:ji_2007_ripples,literature,ripple,interval,recall,10,0.00490196,0.00101623,0.00883243,0,0,0,1,10,0,0
fast_gamma_rate,6,fast_gamma_rate=6,recipe:kaefer_2020,literature,ripple,interval,recall,10,0.0107843,0.00584212,0.0155603,0,0,0,1,10,0,0
fast_gamma_rate,6,fast_gamma_rate=6,recipe:karlsson_2009,literature,ripple,interval,recall,10,0.72451,0.706531,0.74433,0,0,0,1,10,0,0
fast_gamma_rate,6,fast_gamma_rate=6,recipe:krause_2022,literature,network,interval,recall,10,0.619266,0.591124,0.645244,-0.000917431,-0.00932032,0.00644004,0.875,10,0,0
fast_gamma_rate,6,fast_gamma_rate=6,recipe:krause_2022_hse,literature,burst,interval,recall,10,0.829243,0.803625,0.856842,0.0102249,-0.000991105,0.024871,0.148438,10,0,0
fast_gamma_rate,6,fast_gamma_rate=6,recipe:kudrimoti_1999,literature,ripple,interval,recall,10,0.0245098,0.0174466,0.0338271,0,0,0,1,10,0,0
fast_gamma_rate,6,fast_gamma_rate=6,recipe:lee_2002,literature,burst,interval,recall,10,0.951943,0.938835,0.963415,0.00204499,-0.00752749,0.0115279,0.84375,10,0,0
fast_gamma_rate,6,fast_gamma_rate=6,recipe:lee_2002_ripples,literature,ripple,interval,recall,10,0.0754902,0.0629778,0.0886094,0.000980392,0,0.003003,1,10,0,0
fast_gamma_rate,6,fast_gamma_rate=6,recipe:liu_2019,literature,burst,interval,recall,10,0.845603,0.80977,0.882856,0.00204499,-0.0099505,0.0157571,0.65625,10,0,0
fast_gamma_rate,6,fast_gamma_rate=6,recipe:liu_2019_awake,literature,burst,interval,recall,10,0.845603,0.80977,0.882856,0.00204499,-0.0099505,0.0157571,0.65625,10,0,0
fast_gamma_rate,6,fast_gamma_rate=6,recipe:liu_2023,literature,network,interval,recall,10,0.429358,0.411712,0.449685,-0.00183486,-0.0106964,0.00668577,0.84375,10,0,0
fast_gamma_rate,6,fast_gamma_rate=6,recipe:maboudi_2018,literature,burst,interval,recall,10,0.801636,0.774548,0.83117,0.00920245,-0.00204808,0.0228217,0.167969,10,0,0
fast_gamma_rate,6,fast_gamma_rate=6,recipe:maboudi_2018_open_field,literature,burst,interval,recall,10,0.738241,0.722688,0.758145,0.00102249,-0.00918414,0.0112365,0.898438,10,0,0
fast_gamma_rate,6,fast_gamma_rate=6,recipe:mallory_2025,literature,burst,interval,recall,10,0.756646,0.735706,0.777549,-0.00306748,-0.00972991,0.00415379,0.34375,10,0,0
fast_gamma_rate,6,fast_gamma_rate=6,recipe:mallory_2025_ripples,literature,ripple,interval,recall,10,0.690196,0.668886,0.712691,0,0,0,1,10,0,0
fast_gamma_rate,6,fast_gamma_rate=6,recipe:michon_2019,literature,network,interval,recall,10,0.250459,0.221503,0.276369,0,-0.00799307,0.00746965,0.9375,10,0,0
fast_gamma_rate,6,fast_gamma_rate=6,recipe:michon_2021,literature,network,interval,recall,10,0.250459,0.221503,0.276369,0,-0.00799307,0.00746965,0.9375,10,0,0
fast_gamma_rate,6,fast_gamma_rate=6,recipe:mou_2022,literature,burst,interval,recall,10,0.852761,0.824541,0.878728,-0.00408998,-0.0256185,0.0123597,0.65625,10,0,0
fast_gamma_rate,6,fast_gamma_rate=6,recipe:muessig_2019,literature,network,interval,recall,10,0.105505,0.0911602,0.121479,-0.000917431,-0.0115782,0.0109419,0.894531,10,0,0
fast_gamma_rate,6,fast_gamma_rate=6,recipe:muessig_2019_ripples,literature,ripple,interval,recall,10,0.87451,0.852849,0.894076,-0.000980392,-0.00290142,0,1,10,0,0
fast_gamma_rate,6,fast_gamma_rate=6,recipe:nadasdy_1999,literature,ripple,interval,recall,10,0.462745,0.442732,0.485315,0.000980392,-0.00216,0.00379525,1,10,0,0
fast_gamma_rate,6,fast_gamma_rate=6,recipe:olafsdottir_2015,literature,burst,interval,recall,10,0.672802,0.653184,0.693364,-0.00408998,-0.0157487,0.00807327,0.5625,10,0,0
fast_gamma_rate,6,fast_gamma_rate=6,recipe:olafsdottir_2015.bayesian_candidates,literature,burst,interval,recall,10,0.608384,0.583004,0.638323,-0.00408998,-0.0156867,0.00801684,0.570312,10,0,0
fast_gamma_rate,6,fast_gamma_rate=6,recipe:olafsdottir_2016,literature,burst,interval,recall,10,0.56953,0.536307,0.608962,-0.00102249,-0.0173682,0.014027,0.953125,10,0,0
fast_gamma_rate,6,fast_gamma_rate=6,recipe:olafsdottir_2017,literature,burst,interval,recall,10,0.755624,0.737923,0.771739,-0.00511247,-0.0167373,0.00695221,0.351562,10,0,0
fast_gamma_rate,6,fast_gamma_rate=6,recipe:olafsdottir_2017.trajectory,literature,burst,interval,recall,10,0.56953,0.536307,0.608962,-0.00102249,-0.0173682,0.014027,0.953125,10,0,0
fast_gamma_rate,6,fast_gamma_rate=6,recipe:pfeiffer_2013,literature,burst,interval,recall,10,0.738241,0.722688,0.758145,0.00102249,-0.00918414,0.0112365,0.898438,10,0,0
fast_gamma_rate,6,fast_gamma_rate=6,recipe:pfeiffer_2013_ripples,literature,ripple,interval,recall,10,0.728431,0.699812,0.754759,0,0,0,1,10,0,0
fast_gamma_rate,6,fast_gamma_rate=6,recipe:pfeiffer_2015,literature,ripple,interval,recall,10,0.728431,0.699812,0.754759,0,0,0,1,10,0,0
fast_gamma_rate,6,fast_gamma_rate=6,recipe:shin_2019,literature,ripple,interval,recall,10,0.72451,0.706531,0.74433,0,0,0,1,10,0,0
fast_gamma_rate,6,fast_gamma_rate=6,recipe:silva_2015,literature,burst,interval,recall,10,0.614519,0.585061,0.644974,-0.00511247,-0.024682,0.00923077,0.8125,10,0,0
fast_gamma_rate,6,fast_gamma_rate=6,recipe:stella_2019,literature,ripple,interval,recall,10,0.667647,0.649326,0.687438,0.000980392,-0.00198807,0.00411946,0.75,10,0,0
fast_gamma_rate,6,fast_gamma_rate=6,recipe:tang_2017,literature,ripple,interval,recall,10,0.72451,0.706531,0.74433,0,0,0,1,10,0,0
fast_gamma_rate,6,fast_gamma_rate=6,recipe:tirole_2022,literature,network,interval,recall,10,0.511927,0.485224,0.540368,0.000917431,-0.00682012,0.00971016,0.734375,10,0,0
fast_gamma_rate,6,fast_gamma_rate=6,recipe:widloski_2025,literature,ripple,interval,recall,10,0.506863,0.469779,0.547304,-0.000980392,-0.00677687,0.00501015,0.96875,10,0,0
fast_gamma_rate,6,fast_gamma_rate=6,recipe:widloski_2025_bursts,literature,burst,interval,recall,10,0.53681,0.501953,0.574543,0.00715746,0,0.0152286,0.117188,10,0,0
fast_gamma_rate,6,fast_gamma_rate=6,recipe:wikenheiser_2013,literature,ripple,interval,recall,10,0.831373,0.804182,0.859312,-0.000980392,-0.00656045,0.00478092,1,10,0,0
fast_gamma_rate,6,fast_gamma_rate=6,recipe:wu_2014,literature,burst,interval,recall,10,0.868098,0.849901,0.884863,0.00511247,-0.00392542,0.0149099,0.25,10,0,0
fast_gamma_rate,6,fast_gamma_rate=6,recipe:wu_2014_ripples,literature,ripple,peak_containment,recall,10,0.898039,0.880218,0.917168,0,-0.00297937,0.00298805,1,10,0,0
fast_gamma_rate,6,fast_gamma_rate=6,recipe:wu_2017,literature,burst,interval,recall,10,0.54499,0.513869,0.577826,0.0102249,-0.0106846,0.0376635,0.457031,10,0,0
fast_gamma_rate,6,fast_gamma_rate=6,recipe:xu_2019,literature,burst,interval,recall,10,0.746421,0.726164,0.765874,-0.00102249,-0.0105485,0.00815536,0.773438,10,0,0
fast_gamma_rate,6,fast_gamma_rate=6,recipe:yamamoto_2017,literature,network,interval,recall,10,0.544037,0.515384,0.571946,-0.0174312,-0.0326383,-0.00473922,0.09375,10,0,0
fast_gamma_rate,6,fast_gamma_rate=6,recipe:yang_2024,literature,network,interval,recall,10,0.416514,0.390043,0.445852,0,-0.00868121,0.00997303,0.875,10,0,0
theta_burst_rate,0,theta_burst_rate=0,Carey_candidate_detector,default,network,interval,recall,10,0.811927,0.802765,0.821177,-0.00550459,-0.021202,0.0113862,0.53125,10,0,0
theta_burst_rate,0,theta_burst_rate=0,Karlsson_ripple_detector,default,ripple,interval,recall,10,0.723529,0.70477,0.744233,-0.000980392,-0.00289303,0,1,10,0,0
theta_burst_rate,0,theta_burst_rate=0,Kay_ripple_detector,default,ripple,interval,recall,10,0.827451,0.814342,0.842843,0,0,0,1,10,0,0
theta_burst_rate,0,theta_burst_rate=0,Long_sharp_wave_ripple_detector,default,ripple,interval,recall,10,0.690196,0.666335,0.713389,0,0,0,1,10,0,0
theta_burst_rate,0,theta_burst_rate=0,Roumis_ripple_detector,default,ripple,interval,recall,10,0.828431,0.813977,0.844765,0,0,0,1,10,0,0
theta_burst_rate,0,theta_burst_rate=0,Shvartsman_ripple_detector,default,ripple,interval,recall,10,0.664706,0.641525,0.690074,0.000980392,0,0.00314812,1,10,0,0
theta_burst_rate,0,theta_burst_rate=0,Yu_ripple_detector,default,ripple,interval,recall,10,0.848039,0.832833,0.865145,0,0,0,1,10,0,0
theta_burst_rate,0,theta_burst_rate=0,Zugaro_ripple_detector,default,ripple,interval,recall,10,0.682353,0.658558,0.707021,0.00686275,-0.00554567,0.0218471,0.375,10,0,0
theta_burst_rate,0,theta_burst_rate=0,multiunit_HSE_detector,default,burst,interval,recall,10,0.919223,0.905583,0.932986,-0.0122699,-0.0261326,0.0030467,0.169922,10,0,0
theta_burst_rate,0,theta_burst_rate=0,recipe:ambrose_2016,literature,ripple,interval,recall,10,0.728431,0.702141,0.753426,0,-0.00285449,0.0030581,1,10,0,0
theta_burst_rate,0,theta_burst_rate=0,recipe:bendor_2012,literature,burst,interval,recall,10,0.671779,0.640873,0.703554,0.00204499,-0.0141008,0.0163099,0.785156,10,0,0
theta_burst_rate,0,theta_burst_rate=0,recipe:berners_lee_2021,literature,ripple,interval,recall,10,0.789216,0.766381,0.812755,-0.000980392,-0.00582581,0.00286814,1,10,0,0
theta_burst_rate,0,theta_burst_rate=0,recipe:berners_lee_2022,literature,burst,interval,recall,10,0.678937,0.64923,0.706601,-0.00408998,-0.0263178,0.0189292,0.648438,10,0,0
theta_burst_rate,0,theta_burst_rate=0,recipe:bhattarai_2020,literature,network,interval,recall,10,0.380734,0.357728,0.405784,-0.00275229,-0.0254619,0.0155039,0.867188,10,0,0
theta_burst_rate,0,theta_burst_rate=0,recipe:bhattarai_2020_ripples,literature,ripple,interval,recall,10,0.459804,0.424545,0.492693,-0.00490196,-0.0193908,0.00996116,0.632812,10,0,0
theta_burst_rate,0,theta_burst_rate=0,recipe:bush_2022,literature,burst,interval,recall,10,0.625767,0.592552,0.661589,-0.00511247,-0.0196296,0.0111339,0.511719,10,0,0
theta_burst_rate,0,theta_burst_rate=0,recipe:carey_2019,literature,network,interval,recall,10,0.822936,0.808888,0.838222,-0.00275229,-0.0186055,0.0158044,0.765625,10,0,0
theta_burst_rate,0,theta_burst_rate=0,recipe:carr_2012,literature,ripple,interval,recall,10,0.723529,0.70477,0.744233,-0.000980392,-0.00289303,0,1,10,0,0
theta_burst_rate,0,theta_burst_rate=0,recipe:chenani_2019,literature,burst,interval,recall,10,0.690184,0.669062,0.715032,0.00408998,-0.00861368,0.0199,0.636719,10,0,0
theta_burst_rate,0,theta_burst_rate=0,recipe:davidson_2009,literature,burst,interval,recall,10,0.797546,0.778563,0.819332,-0.00408998,-0.0177527,0.00919519,0.625,10,0,0
theta_burst_rate,0,theta_burst_rate=0,recipe:davidson_2009_ripples,literature,ripple,peak_containment,recall,10,0.87451,0.850047,0.89816,-0.000980392,-0.003003,0,1,10,0,0
theta_burst_rate,0,theta_burst_rate=0,recipe:denovellis_2021,literature,ripple,interval,recall,10,0.829412,0.816037,0.844341,0.000980392,-0.00199208,0.00426975,0.5,10,0,0
theta_burst_rate,0,theta_burst_rate=0,recipe:denovellis_2021_mua,literature,burst,interval,recall,10,0.919223,0.906153,0.932348,-0.0112474,-0.0254338,0.00323655,0.207031,10,0,0
theta_burst_rate,0,theta_burst_rate=0,recipe:diba_2007,literature,burst,interval,recall,10,0.247444,0.222431,0.274107,-0.00920245,-0.0274397,0.0106923,0.4375,10,0,0
theta_burst_rate,0,theta_burst_rate=0,recipe:drieu_2018,literature,burst,interval,recall,10,0.783231,0.765549,0.802482,-0.00306748,-0.0161452,0.00970926,0.78125,10,0,0
theta_burst_rate,0,theta_burst_rate=0,recipe:farooq_2019_neuron,literature,burst,interval,recall,10,0.295501,0.268623,0.325466,0.0153374,-0.0178197,0.0434421,0.458984,10,0,0
theta_burst_rate,0,theta_burst_rate=0,recipe:farooq_2019_science,literature,burst,interval,recall,10,0.293456,0.267195,0.323686,0.0153374,-0.0148482,0.0417984,0.421875,10,0,0
theta_burst_rate,0,theta_burst_rate=0,recipe:farooq_2019_science_awake,literature,burst,interval,recall,10,0.293456,0.267195,0.323686,0.0153374,-0.0148482,0.0417984,0.421875,10,0,0
theta_burst_rate,0,theta_burst_rate=0,recipe:foster_2006,literature,burst,interval,recall,10,0.153374,0.124997,0.184922,0.00511247,-0.00410267,0.0143157,0.335938,10,0,0
theta_burst_rate,0,theta_burst_rate=0,recipe:foster_2006_ripples,literature,ripple,interval,recall,10,0.0745098,0.0613481,0.0878934,0,0,0,1,10,0,0
theta_burst_rate,0,theta_burst_rate=0,recipe:gillespie_2021,literature,ripple,interval,recall,10,0.827451,0.814342,0.842843,0,0,0,1,10,0,0
theta_burst_rate,0,theta_burst_rate=0,recipe:gillespie_2021_mua,literature,burst,interval,recall,10,0.817996,0.797986,0.83983,-0.00408998,-0.0190258,0.0104526,0.6875,10,0,0
theta_burst_rate,0,theta_burst_rate=0,recipe:gridchyn_2020,literature,burst,interval,recall,10,0.888548,0.876287,0.899371,-0.00306748,-0.0141575,0.00808081,0.617188,10,0,0
theta_burst_rate,0,theta_burst_rate=0,recipe:grosmark_2016,literature,network,interval,recall,10,0.421101,0.390864,0.452006,0.00458716,-0.0029079,0.0123058,0.328125,10,0,0
theta_burst_rate,0,theta_burst_rate=0,recipe:gupta_2010,literature,ripple,interval,recall,10,0.8,0.777446,0.828924,0,0,0,1,10,0,0
theta_burst_rate,0,theta_burst_rate=0,recipe:harvey_2023_code,literature,ripple,interval,recall,10,0.554902,0.535387,0.574876,-0.00882353,-0.0209544,0.006338,0.28125,10,0,0
theta_burst_rate,0,theta_burst_rate=0,recipe:harvey_2023_no_radiatum,literature,ripple,interval,recall,10,0.594118,0.568089,0.620554,-0.00294118,-0.0164422,0.0141699,0.78125,10,0,0
theta_burst_rate,0,theta_burst_rate=0,recipe:harvey_2023_text,literature,ripple,interval,recall,10,0.604902,0.587255,0.62526,0,0,0,1,10,0,0
theta_burst_rate,0,theta_burst_rate=0,recipe:huelin_gorriz_2023,literature,network,interval,recall,10,0.515596,0.481883,0.547913,0.00458716,-0.0149827,0.0211104,0.734375,10,0,0
theta_burst_rate,0,theta_burst_rate=0,recipe:igata_2021,literature,burst,interval,recall,10,0.923313,0.908809,0.936888,-0.00920245,-0.023482,0.00691068,0.289062,10,0,0
theta_burst_rate,0,theta_burst_rate=0,recipe:igata_2021_ripples,literature,ripple,interval,recall,10,0.872549,0.855652,0.890613,0,0,0,1,10,0,0
theta_burst_rate,0,theta_burst_rate=0,recipe:jadhav_2016,literature,ripple,interval,recall,10,0.583333,0.551562,0.613567,-0.00294118,-0.00560237,0,0.25,10,0,0
theta_burst_rate,0,theta_burst_rate=0,recipe:ji_2007,literature,burst,interval,recall,10,0.719836,0.667304,0.775215,0.0194274,-0.0406202,0.0800863,0.578125,10,0,0
theta_burst_rate,0,theta_burst_rate=0,recipe:ji_2007_ripples,literature,ripple,interval,recall,10,0.00490196,0.00101623,0.00883243,0,0,0,1,10,0,0
theta_burst_rate,0,theta_burst_rate=0,recipe:kaefer_2020,literature,ripple,interval,recall,10,0.0107843,0.00584212,0.0155603,0,0,0,1,10,0,0
theta_burst_rate,0,theta_burst_rate=0,recipe:karlsson_2009,literature,ripple,interval,recall,10,0.723529,0.70477,0.744233,-0.000980392,-0.00289303,0,1,10,0,0
theta_burst_rate,0,theta_burst_rate=0,recipe:krause_2022,literature,network,interval,recall,10,0.617431,0.590208,0.644084,-0.00275229,-0.011215,0.00792493,0.734375,10,0,0
theta_burst_rate,0,theta_burst_rate=0,recipe:krause_2022_hse,literature,burst,interval,recall,10,0.824131,0.800986,0.850003,0.00511247,-0.00495111,0.0140245,0.257812,10,0,0
theta_burst_rate,0,theta_burst_rate=0,recipe:kudrimoti_1999,literature,ripple,interval,recall,10,0.0245098,0.0174466,0.0338271,0,0,0,1,10,0,0
theta_burst_rate,0,theta_burst_rate=0,recipe:lee_2002,literature,burst,interval,recall,10,0.945808,0.935282,0.957906,-0.00408998,-0.0143892,0.00627108,0.53125,10,0,0
theta_burst_rate,0,theta_burst_rate=0,recipe:lee_2002_ripples,literature,ripple,interval,recall,10,0.0745098,0.0613481,0.0878934,0,0,0,1,10,0,0
theta_burst_rate,0,theta_burst_rate=0,recipe:liu_2019,literature,burst,interval,recall,10,0.844581,0.817817,0.872712,0.00102249,-0.0158571,0.0188755,0.945312,10,0,0
theta_burst_rate,0,theta_burst_rate=0,recipe:liu_2019_awake,literature,burst,interval,recall,10,0.844581,0.817817,0.872712,0.00102249,-0.0158571,0.0188755,0.945312,10,0,0
theta_burst_rate,0,theta_burst_rate=0,recipe:liu_2023,literature,network,interval,recall,10,0.430275,0.409988,0.450472,-0.000917431,-0.013788,0.0153906,0.976562,10,0,0
theta_burst_rate,0,theta_burst_rate=0,recipe:maboudi_2018,literature,burst,interval,recall,10,0.794479,0.767575,0.823224,0.00204499,-0.015677,0.0190574,0.814453,10,0,0
theta_burst_rate,0,theta_burst_rate=0,recipe:maboudi_2018_open_field,literature,burst,interval,recall,10,0.733129,0.709937,0.760442,-0.00408998,-0.0212365,0.0135561,0.773438,10,0,0
theta_burst_rate,0,theta_burst_rate=0,recipe:mallory_2025,literature,burst,interval,recall,10,0.765849,0.738044,0.79454,0.00613497,-0.00637671,0.0202023,0.421875,10,0,0
theta_burst_rate,0,theta_burst_rate=0,recipe:mallory_2025_ripples,literature,ripple,interval,recall,10,0.691176,0.669138,0.714587,0.000980392,0,0.00314812,1,10,0,0
theta_burst_rate,0,theta_burst_rate=0,recipe:michon_2019,literature,network,interval,recall,10,0.253211,0.226614,0.278899,0.00275229,-0.00484258,0.0123788,0.5625,10,0,0
theta_burst_rate,0,theta_burst_rate=0,recipe:michon_2021,literature,network,interval,recall,10,0.253211,0.226614,0.278899,0.00275229,-0.00484258,0.0123788,0.5625,10,0,0
theta_burst_rate,0,theta_burst_rate=0,recipe:mou_2022,literature,burst,interval,recall,10,0.859918,0.834367,0.884894,0.00306748,-0.0191147,0.023279,0.773438,10,0,0
theta_burst_rate,0,theta_burst_rate=0,recipe:muessig_2019,literature,network,interval,recall,10,0.0944954,0.0825184,0.106227,-0.0119266,-0.0280556,0.00271745,0.179688,10,0,0
theta_burst_rate,0,theta_burst_rate=0,recipe:muessig_2019_ripples,literature,ripple,interval,recall,10,0.876471,0.855288,0.894288,0.000980392,0,0.00290142,1,10,0,0
theta_burst_rate,0,theta_burst_rate=0,recipe:nadasdy_1999,literature,ripple,interval,recall,10,0.460784,0.439479,0.485,-0.000980392,-0.0040041,0.00207039,0.75,10,0,0
theta_burst_rate,0,theta_burst_rate=0,recipe:olafsdottir_2015,literature,burst,interval,recall,10,0.680982,0.658953,0.703355,0.00408998,-0.0145543,0.0229393,0.732422,10,0,0
theta_burst_rate,0,theta_burst_rate=0,recipe:olafsdottir_2015.bayesian_candidates,literature,burst,interval,recall,10,0.607362,0.583331,0.63113,-0.00511247,-0.0240844,0.0136565,0.640625,10,0,0
theta_burst_rate,0,theta_burst_rate=0,recipe:olafsdottir_2016,literature,burst,interval,recall,10,0.57771,0.549158,0.611811,0.00715746,-0.00731568,0.0216054,0.382812,10,0,0
theta_burst_rate,0,theta_burst_rate=0,recipe:olafsdottir_2017,literature,burst,interval,recall,10,0.748466,0.730494,0.769948,-0.0122699,-0.0253049,0.00203697,0.148438,10,0,0
theta_burst_rate,0,theta_burst_rate=0,recipe:olafsdottir_2017.trajectory,literature,burst,interval,recall,10,0.57771,0.549158,0.611811,0.00715746,-0.00731568,0.0216054,0.382812,10,0,0
theta_burst_rate,0,theta_burst_rate=0,recipe:pfeiffer_2013,literature,burst,interval,recall,10,0.733129,0.709937,0.760442,-0.00408998,-0.0212365,0.0135561,0.773438,10,0,0
theta_burst_rate,0,theta_burst_rate=0,recipe:pfeiffer_2013_ripples,literature,ripple,interval,recall,10,0.728431,0.702141,0.753426,0,-0.00285449,0.0030581,1,10,0,0
theta_burst_rate,0,theta_burst_rate=0,recipe:pfeiffer_2015,literature,ripple,interval,recall,10,0.728431,0.702141,0.753426,0,-0.00285449,0.0030581,1,10,0,0
theta_burst_rate,0,theta_burst_rate=0,recipe:shin_2019,literature,ripple,interval,recall,10,0.723529,0.70477,0.744233,-0.000980392,-0.00289303,0,1,10,0,0
theta_burst_rate,0,theta_burst_rate=0,recipe:silva_2015,literature,burst,interval,recall,10,0.619632,0.595375,0.649855,0,-0.0151381,0.0172078,0.945312,10,0,0
theta_burst_rate,0,theta_burst_rate=0,recipe:stella_2019,literature,ripple,interval,recall,10,0.666667,0.648231,0.6867,0,-0.00378797,0.00403653,0.875,10,0,0
theta_burst_rate,0,theta_burst_rate=0,recipe:tang_2017,literature,ripple,interval,recall,10,0.723529,0.70477,0.744233,-0.000980392,-0.00289303,0,1,10,0,0
theta_burst_rate,0,theta_burst_rate=0,recipe:tirole_2022,literature,network,interval,recall,10,0.515596,0.481883,0.547913,0.00458716,-0.0149827,0.0211104,0.734375,10,0,0
theta_burst_rate,0,theta_burst_rate=0,recipe:widloski_2025,literature,ripple,interval,recall,10,0.507843,0.467999,0.550403,0,-0.0056444,0.0062637,0.875,10,0,0
theta_burst_rate,0,theta_burst_rate=0,recipe:widloski_2025_bursts,literature,burst,interval,recall,10,0.534765,0.49502,0.575766,0.00511247,-0.00808101,0.017914,0.519531,10,0,0
theta_burst_rate,0,theta_burst_rate=0,recipe:wikenheiser_2013,literature,ripple,interval,recall,10,0.831373,0.802627,0.859667,-0.000980392,-0.00648779,0.00385366,0.75,10,0,0
theta_burst_rate,0,theta_burst_rate=0,recipe:wu_2014,literature,burst,interval,recall,10,0.864008,0.848014,0.88,0.00102249,-0.0103421,0.0123489,0.789062,10,0,0
theta_burst_rate,0,theta_burst_rate=0,recipe:wu_2014_ripples,literature,ripple,peak_containment,recall,10,0.9,0.883011,0.918519,0.00196078,-0.00186081,0.00601897,0.375,10,0,0
theta_burst_rate,0,theta_burst_rate=0,recipe:wu_2017,literature,burst,interval,recall,10,0.533742,0.503694,0.564318,-0.00102249,-0.0232564,0.0192103,0.90625,10,0,0
theta_burst_rate,0,theta_burst_rate=0,recipe:xu_2019,literature,burst,interval,recall,10,0.752556,0.728226,0.777896,0.00511247,-0.013067,0.0229442,0.578125,10,0,0
theta_burst_rate,0,theta_burst_rate=0,recipe:yamamoto_2017,literature,network,interval,recall,10,0.547706,0.523808,0.570378,-0.0137615,-0.030276,0.00374558,0.191406,10,0,0
theta_burst_rate,0,theta_burst_rate=0,recipe:yang_2024,literature,network,interval,recall,10,0.421101,0.390864,0.452006,0.00458716,-0.0029079,0.0123058,0.328125,10,0,0
theta_burst_rate,reference,reference,Carey_candidate_detector,default,network,interval,recall,10,0.817431,0.802458,0.834401,0,0,0,1,10,0,0
theta_burst_rate,reference,reference,Karlsson_ripple_detector,default,ripple,interval,recall,10,0.72451,0.706531,0.74433,0,0,0,1,10,0,0
theta_burst_rate,reference,reference,Kay_ripple_detector,default,ripple,interval,recall,10,0.827451,0.814342,0.842843,0,0,0,1,10,0,0
theta_burst_rate,reference,reference,Long_sharp_wave_ripple_detector,default,ripple,interval,recall,10,0.690196,0.666335,0.713389,0,0,0,1,10,0,0
theta_burst_rate,reference,reference,Roumis_ripple_detector,default,ripple,interval,recall,10,0.828431,0.813977,0.844765,0,0,0,1,10,0,0
theta_burst_rate,reference,reference,Shvartsman_ripple_detector,default,ripple,interval,recall,10,0.663725,0.64129,0.687835,0,0,0,1,10,0,0
theta_burst_rate,reference,reference,Yu_ripple_detector,default,ripple,interval,recall,10,0.848039,0.832833,0.865145,0,0,0,1,10,0,0
theta_burst_rate,reference,reference,Zugaro_ripple_detector,default,ripple,interval,recall,10,0.67549,0.654252,0.696335,0,0,0,1,10,0,0
theta_burst_rate,reference,reference,multiunit_HSE_detector,default,burst,interval,recall,10,0.931493,0.917158,0.948138,0,0,0,1,10,0,0
theta_burst_rate,reference,reference,recipe:ambrose_2016,literature,ripple,interval,recall,10,0.728431,0.699812,0.754759,0,0,0,1,10,0,0
theta_burst_rate,reference,reference,recipe:bendor_2012,literature,burst,interval,recall,10,0.669734,0.643002,0.697931,0,0,0,1,10,0,0
theta_burst_rate,reference,reference,recipe:berners_lee_2021,literature,ripple,interval,recall,10,0.790196,0.767908,0.813176,0,0,0,1,10,0,0
theta_burst_rate,reference,reference,recipe:berners_lee_2022,literature,burst,interval,recall,10,0.683027,0.657603,0.710964,0,0,0,1,10,0,0
theta_burst_rate,reference,reference,recipe:bhattarai_2020,literature,network,interval,recall,10,0.383486,0.36426,0.404432,0,0,0,1,10,0,0
theta_burst_rate,reference,reference,recipe:bhattarai_2020_ripples,literature,ripple,interval,recall,10,0.464706,0.436362,0.495339,0,0,0,1,10,0,0
theta_burst_rate,reference,reference,recipe:bush_2022,literature,burst,interval,recall,10,0.630879,0.597014,0.668706,0,0,0,1,10,0,0
theta_burst_rate,reference,reference,recipe:carey_2019,literature,network,interval,recall,10,0.825688,0.806478,0.843953,0,0,0,1,10,0,0
theta_burst_rate,reference,reference,recipe:carr_2012,literature,ripple,interval,recall,10,0.72451,0.706531,0.74433,0,0,0,1,10,0,0
theta_burst_rate,reference,reference,recipe:chenani_2019,literature,burst,interval,recall,10,0.686094,0.665608,0.709887,0,0,0,1,10,0,0
theta_burst_rate,reference,reference,recipe:davidson_2009,literature,burst,interval,recall,10,0.801636,0.785994,0.820324,0,0,0,1,10,0,0
theta_burst_rate,reference,reference,recipe:davidson_2009_ripples,literature,ripple,peak_containment,recall,10,0.87549,0.851889,0.898297,0,0,0,1,10,0,0
theta_burst_rate,reference,reference,recipe:denovellis_2021,literature,ripple,interval,recall,10,0.828431,0.815282,0.842262,0,0,0,1,10,0,0
theta_burst_rate,reference,reference,recipe:denovellis_2021_mua,literature,burst,interval,recall,10,0.93047,0.916838,0.946485,0,0,0,1,10,0,0
theta_burst_rate,reference,reference,recipe:diba_2007,literature,burst,interval,recall,10,0.256646,0.22654,0.287224,0,0,0,1,10,0,0
theta_burst_rate,reference,reference,recipe:drieu_2018,literature,burst,interval,recall,10,0.786299,0.775775,0.797509,0,0,0,1,10,0,0
theta_burst_rate,reference,reference,recipe:farooq_2019_neuron,literature,burst,interval,recall,10,0.280164,0.243652,0.32154,0,0,0,1,10,0,0
theta_burst_rate,reference,reference,recipe:farooq_2019_science,literature,burst,interval,recall,10,0.278119,0.242423,0.318476,0,0,0,1,10,0,0
theta_burst_rate,reference,reference,recipe:farooq_2019_science_awake,literature,burst,interval,recall,10,0.278119,0.242423,0.318476,0,0,0,1,10,0,0
theta_burst_rate,reference,reference,recipe:foster_2006,literature,burst,interval,recall,10,0.148262,0.127082,0.172862,0,0,0,1,10,0,0
theta_burst_rate,reference,reference,recipe:foster_2006_ripples,literature,ripple,interval,recall,10,0.0745098,0.0613481,0.0878934,0,0,0,1,10,0,0
theta_burst_rate,reference,reference,recipe:gillespie_2021,literature,ripple,interval,recall,10,0.827451,0.814342,0.842843,0,0,0,1,10,0,0
theta_burst_rate,reference,reference,recipe:gillespie_2021_mua,literature,burst,interval,recall,10,0.822086,0.803179,0.839827,0,0,0,1,10,0,0
theta_burst_rate,reference,reference,recipe:gridchyn_2020,literature,burst,interval,recall,10,0.891616,0.874123,0.907524,0,0,0,1,10,0,0
theta_burst_rate,reference,reference,recipe:grosmark_2016,literature,network,interval,recall,10,0.416514,0.386402,0.448061,0,0,0,1,10,0,0
theta_burst_rate,reference,reference,recipe:gupta_2010,literature,ripple,interval,recall,10,0.8,0.777446,0.828924,0,0,0,1,10,0,0
theta_burst_rate,reference,reference,recipe:harvey_2023_code,literature,ripple,interval,recall,10,0.563725,0.539941,0.588474,0,0,0,1,10,0,0
theta_burst_rate,reference,reference,recipe:harvey_2023_no_radiatum,literature,ripple,interval,recall,10,0.597059,0.577734,0.617905,0,0,0,1,10,0,0
theta_burst_rate,reference,reference,recipe:harvey_2023_text,literature,ripple,interval,recall,10,0.604902,0.587255,0.62526,0,0,0,1,10,0,0
theta_burst_rate,reference,reference,recipe:huelin_gorriz_2023,literature,network,interval,recall,10,0.511009,0.483133,0.539768,0,0,0,1,10,0,0
theta_burst_rate,reference,reference,recipe:igata_2021,literature,burst,interval,recall,10,0.932515,0.917901,0.949156,0,0,0,1,10,0,0
theta_burst_rate,reference,reference,recipe:igata_2021_ripples,literature,ripple,interval,recall,10,0.872549,0.855652,0.890613,0,0,0,1,10,0,0
theta_burst_rate,reference,reference,recipe:jadhav_2016,literature,ripple,interval,recall,10,0.586275,0.554419,0.616468,0,0,0,1,10,0,0
theta_burst_rate,reference,reference,recipe:ji_2007,literature,burst,interval,recall,10,0.700409,0.6305,0.748675,0,0,0,1,10,0,0
theta_burst_rate,reference,reference,recipe:ji_2007_ripples,literature,ripple,interval,recall,10,0.00490196,0.00101623,0.00883243,0,0,0,1,10,0,0
theta_burst_rate,reference,reference,recipe:kaefer_2020,literature,ripple,interval,recall,10,0.0107843,0.00584212,0.0155603,0,0,0,1,10,0,0
theta_burst_rate,reference,reference,recipe:karlsson_2009,literature,ripple,interval,recall,10,0.72451,0.706531,0.74433,0,0,0,1,10,0,0
theta_burst_rate,reference,reference,recipe:krause_2022,literature,network,interval,recall,10,0.620183,0.594116,0.645529,0,0,0,1,10,0,0
theta_burst_rate,reference,reference,recipe:krause_2022_hse,literature,burst,interval,recall,10,0.819018,0.797725,0.839959,0,0,0,1,10,0,0
theta_burst_rate,reference,reference,recipe:kudrimoti_1999,literature,ripple,interval,recall,10,0.0245098,0.0174466,0.0338271,0,0,0,1,10,0,0
theta_burst_rate,reference,reference,recipe:lee_2002,literature,burst,interval,recall,10,0.949898,0.943786,0.955603,0,0,0,1,10,0,0
theta_burst_rate,reference,reference,recipe:lee_2002_ripples,literature,ripple,interval,recall,10,0.0745098,0.0613481,0.0878934,0,0,0,1,10,0,0
theta_burst_rate,reference,reference,recipe:liu_2019,literature,burst,interval,recall,10,0.843558,0.811187,0.87384,0,0,0,1,10,0,0
theta_burst_rate,reference,reference,recipe:liu_2019_awake,literature,burst,interval,recall,10,0.843558,0.811187,0.87384,0,0,0,1,10,0,0
theta_burst_rate,reference,reference,recipe:liu_2023,literature,network,interval,recall,10,0.431193,0.411239,0.451816,0,0,0,1,10,0,0
theta_burst_rate,reference,reference,recipe:maboudi_2018,literature,burst,interval,recall,10,0.792434,0.774162,0.811442,0,0,0,1,10,0,0
theta_burst_rate,reference,reference,recipe:maboudi_2018_open_field,literature,burst,interval,recall,10,0.737219,0.716188,0.761011,0,0,0,1,10,0,0
theta_burst_rate,reference,reference,recipe:mallory_2025,literature,burst,interval,recall,10,0.759714,0.740078,0.779609,0,0,0,1,10,0,0
theta_burst_rate,reference,reference,recipe:mallory_2025_ripples,literature,ripple,interval,recall,10,0.690196,0.668886,0.712691,0,0,0,1,10,0,0
theta_burst_rate,reference,reference,recipe:michon_2019,literature,network,interval,recall,10,0.250459,0.224122,0.276924,0,0,0,1,10,0,0
theta_burst_rate,reference,reference,recipe:michon_2021,literature,network,interval,recall,10,0.250459,0.224122,0.276924,0,0,0,1,10,0,0
theta_burst_rate,reference,reference,recipe:mou_2022,literature,burst,interval,recall,10,0.856851,0.829681,0.882724,0,0,0,1,10,0,0
theta_burst_rate,reference,reference,recipe:muessig_2019,literature,network,interval,recall,10,0.106422,0.091568,0.12113,0,0,0,1,10,0,0
theta_burst_rate,reference,reference,recipe:muessig_2019_ripples,literature,ripple,interval,recall,10,0.87549,0.854298,0.894141,0,0,0,1,10,0,0
theta_burst_rate,reference,reference,recipe:nadasdy_1999,literature,ripple,interval,recall,10,0.461765,0.441114,0.485717,0,0,0,1,10,0,0
theta_burst_rate,reference,reference,recipe:olafsdottir_2015,literature,burst,interval,recall,10,0.676892,0.654822,0.69798,0,0,0,1,10,0,0
theta_burst_rate,reference,reference,recipe:olafsdottir_2015.bayesian_candidates,literature,burst,interval,recall,10,0.612474,0.58635,0.641136,0,0,0,1,10,0,0
theta_burst_rate,reference,reference,recipe:olafsdottir_2016,literature,burst,interval,recall,10,0.570552,0.539077,0.609091,0,0,0,1,10,0,0
theta_burst_rate,reference,reference,recipe:olafsdottir_2017,literature,burst,interval,recall,10,0.760736,0.745657,0.775992,0,0,0,1,10,0,0
theta_burst_rate,reference,reference,recipe:olafsdottir_2017.trajectory,literature,burst,interval,recall,10,0.570552,0.539077,0.609091,0,0,0,1,10,0,0
theta_burst_rate,reference,reference,recipe:pfeiffer_2013,literature,burst,interval,recall,10,0.737219,0.716188,0.761011,0,0,0,1,10,0,0
theta_burst_rate,reference,reference,recipe:pfeiffer_2013_ripples,literature,ripple,interval,recall,10,0.728431,0.699812,0.754759,0,0,0,1,10,0,0
theta_burst_rate,reference,reference,recipe:pfeiffer_2015,literature,ripple,interval,recall,10,0.728431,0.699812,0.754759,0,0,0,1,10,0,0
theta_burst_rate,reference,reference,recipe:shin_2019,literature,ripple,interval,recall,10,0.72451,0.706531,0.74433,0,0,0,1,10,0,0
theta_burst_rate,reference,reference,recipe:silva_2015,literature,burst,interval,recall,10,0.619632,0.590956,0.648278,0,0,0,1,10,0,0
theta_burst_rate,reference,reference,recipe:stella_2019,literature,ripple,interval,recall,10,0.666667,0.649493,0.685394,0,0,0,1,10,0,0
theta_burst_rate,reference,reference,recipe:tang_2017,literature,ripple,interval,recall,10,0.72451,0.706531,0.74433,0,0,0,1,10,0,0
theta_burst_rate,reference,reference,recipe:tirole_2022,literature,network,interval,recall,10,0.511009,0.483133,0.539768,0,0,0,1,10,0,0
theta_burst_rate,reference,reference,recipe:widloski_2025,literature,ripple,interval,recall,10,0.507843,0.469984,0.54879,0,0,0,1,10,0,0
theta_burst_rate,reference,reference,recipe:widloski_2025_bursts,literature,burst,interval,recall,10,0.529652,0.491013,0.571436,0,0,0,1,10,0,0
theta_burst_rate,reference,reference,recipe:wikenheiser_2013,literature,ripple,interval,recall,10,0.832353,0.80594,0.860302,0,0,0,1,10,0,0
theta_burst_rate,reference,reference,recipe:wu_2014,literature,burst,interval,recall,10,0.862986,0.848921,0.877469,0,0,0,1,10,0,0
theta_burst_rate,reference,reference,recipe:wu_2014_ripples,literature,ripple,peak_containment,recall,10,0.898039,0.880974,0.916923,0,0,0,1,10,0,0
theta_burst_rate,reference,reference,recipe:wu_2017,literature,burst,interval,recall,10,0.534765,0.509803,0.559125,0,0,0,1,10,0,0
theta_burst_rate,reference,reference,recipe:xu_2019,literature,burst,interval,recall,10,0.747444,0.729037,0.765482,0,0,0,1,10,0,0
theta_burst_rate,reference,reference,recipe:yamamoto_2017,literature,network,interval,recall,10,0.561468,0.529566,0.596138,0,0,0,1,10,0,0
theta_burst_rate,reference,reference,recipe:yang_2024,literature,network,interval,recall,10,0.416514,0.386402,0.448061,0,0,0,1,10,0,0
theta_burst_rate,18,theta_burst_rate=18,Carey_candidate_detector,default,network,interval,recall,10,0.817431,0.792452,0.84323,0,-0.0219208,0.0223059,0.910156,10,0,0
theta_burst_rate,18,theta_burst_rate=18,Karlsson_ripple_detector,default,ripple,interval,recall,10,0.72451,0.705544,0.745101,0,-0.00278042,0.00303651,1,10,0,0
theta_burst_rate,18,theta_burst_rate=18,Kay_ripple_detector,default,ripple,interval,recall,10,0.826471,0.813931,0.840662,-0.000980392,-0.003125,0,1,10,0,0
theta_burst_rate,18,theta_burst_rate=18,Long_sharp_wave_ripple_detector,default,ripple,interval,recall,10,0.690196,0.666335,0.713389,0,0,0,1,10,0,0
theta_burst_rate,18,theta_burst_rate=18,Roumis_ripple_detector,default,ripple,interval,recall,10,0.828431,0.813977,0.844765,0,0,0,1,10,0,0
theta_burst_rate,18,theta_burst_rate=18,Shvartsman_ripple_detector,default,ripple,interval,recall,10,0.664706,0.641525,0.690074,0.000980392,0,0.00314812,1,10,0,0
theta_burst_rate,18,theta_burst_rate=18,Yu_ripple_detector,default,ripple,interval,recall,10,0.848039,0.832833,0.865145,0,0,0,1,10,0,0
theta_burst_rate,18,theta_burst_rate=18,Zugaro_ripple_detector,default,ripple,interval,recall,10,0.678431,0.656979,0.698844,0.00294118,-0.005364,0.0135424,0.5,10,0,0
theta_burst_rate,18,theta_burst_rate=18,multiunit_HSE_detector,default,burst,interval,recall,10,0.92638,0.907368,0.946813,-0.00511247,-0.0262161,0.0153551,0.734375,10,0,0
theta_burst_rate,18,theta_burst_rate=18,recipe:ambrose_2016,literature,ripple,interval,recall,10,0.726471,0.700391,0.751733,-0.00196078,-0.00678952,0.0020555,0.75,10,0,0
theta_burst_rate,18,theta_burst_rate=18,recipe:bendor_2012,literature,burst,interval,recall,10,0.660532,0.630913,0.690919,-0.00920245,-0.0240633,0.00741162,0.328125,10,0,0
theta_burst_rate,18,theta_burst_rate=18,recipe:berners_lee_2021,literature,ripple,interval,recall,10,0.788235,0.764942,0.813209,-0.00196078,-0.00880691,0.00289897,1,10,0,0
theta_burst_rate,18,theta_burst_rate=18,recipe:berners_lee_2022,literature,burst,interval,recall,10,0.673824,0.651139,0.701906,-0.00920245,-0.0323631,0.0144189,0.445312,10,0,0
theta_burst_rate,18,theta_burst_rate=18,recipe:bhattarai_2020,literature,network,interval,recall,10,0.368807,0.340655,0.400914,-0.0146789,-0.0412006,0.00839572,0.333984,10,0,0
theta_burst_rate,18,theta_burst_rate=18,recipe:bhattarai_2020_ripples,literature,ripple,interval,recall,10,0.45098,0.417635,0.48641,-0.0137255,-0.0271603,-0.00101315,0.125,10,0,0
theta_burst_rate,18,theta_burst_rate=18,recipe:bush_2022,literature,burst,interval,recall,10,0.627812,0.594839,0.658103,-0.00306748,-0.0320995,0.0287708,0.773438,10,0,0
theta_burst_rate,18,theta_burst_rate=18,recipe:carey_2019,literature,network,interval,recall,10,0.814679,0.785778,0.842165,-0.0110092,-0.0348634,0.00888948,0.458984,10,0,0
theta_burst_rate,18,theta_burst_rate=18,recipe:carr_2012,literature,ripple,interval,recall,10,0.72451,0.705544,0.745101,0,-0.00278042,0.00303651,1,10,0,0
theta_burst_rate,18,theta_burst_rate=18,recipe:chenani_2019,literature,burst,interval,recall,10,0.704499,0.690754,0.720211,0.0184049,0.0020618,0.034234,0.0683594,10,0,0
theta_burst_rate,18,theta_burst_rate=18,recipe:davidson_2009,literature,burst,interval,recall,10,0.807771,0.788631,0.828232,0.00613497,-0.0132816,0.0217409,0.476562,10,0,0
theta_burst_rate,18,theta_burst_rate=18,recipe:davidson_2009_ripples,literature,ripple,peak_containment,recall,10,0.873529,0.849797,0.896735,-0.00196078,-0.0045209,0,0.5,10,0,0
theta_burst_rate,18,theta_burst_rate=18,recipe:denovellis_2021,literature,ripple,interval,recall,10,0.829412,0.81677,0.842768,0.000980392,0,0.00310889,1,10,0,0
theta_burst_rate,18,theta_burst_rate=18,recipe:denovellis_2021_mua,literature,burst,interval,recall,10,0.928425,0.910087,0.948745,-0.00204499,-0.0225275,0.0173915,0.960938,10,0,0
theta_burst_rate,18,theta_burst_rate=18,recipe:diba_2007,literature,burst,interval,recall,10,0.243354,0.214427,0.271429,-0.0132924,-0.0323913,0.00427385,0.28125,10,0,0
theta_burst_rate,18,theta_burst_rate=18,recipe:drieu_2018,literature,burst,interval,recall,10,0.797546,0.786176,0.808152,0.0112474,-0.00414519,0.0247294,0.179688,10,0,0
theta_burst_rate,18,theta_burst_rate=18,recipe:farooq_2019_neuron,literature,burst,interval,recall,10,0.290389,0.256934,0.328548,0.0102249,-0.0131579,0.0322581,0.425781,10,0,0
theta_burst_rate,18,theta_burst_rate=18,recipe:farooq_2019_science,literature,burst,interval,recall,10,0.288344,0.255836,0.326093,0.0102249,-0.0114823,0.030663,0.402344,10,0,0
theta_burst_rate,18,theta_burst_rate=18,recipe:farooq_2019_science_awake,literature,burst,interval,recall,10,0.288344,0.255836,0.326093,0.0102249,-0.0114823,0.030663,0.402344,10,0,0
theta_burst_rate,18,theta_burst_rate=18,recipe:foster_2006,literature,burst,interval,recall,10,0.149284,0.125364,0.174897,0.00102249,-0.012346,0.0165829,0.90625,10,0,0
theta_burst_rate,18,theta_burst_rate=18,recipe:foster_2006_ripples,literature,ripple,interval,recall,10,0.0745098,0.0620613,0.0873439,0,-0.00281703,0.00298805,1,10,0,0
theta_burst_rate,18,theta_burst_rate=18,recipe:gillespie_2021,literature,ripple,interval,recall,10,0.826471,0.813931,0.840662,-0.000980392,-0.003125,0,1,10,0,0
theta_burst_rate,18,theta_burst_rate=18,recipe:gillespie_2021_mua,literature,burst,interval,recall,10,0.829243,0.806896,0.850685,0.00715746,-0.0146944,0.023374,0.453125,10,0,0
theta_burst_rate,18,theta_burst_rate=18,recipe:gridchyn_2020,literature,burst,interval,recall,10,0.893661,0.874873,0.913272,0.00204499,-0.0179333,0.0229909,0.828125,10,0,0
theta_burst_rate,18,theta_burst_rate=18,recipe:grosmark_2016,literature,network,interval,recall,10,0.421101,0.398076,0.444137,0.00458716,-0.00825745,0.0163347,0.546875,10,0,0
theta_burst_rate,18,theta_burst_rate=18,recipe:gupta_2010,literature,ripple,interval,recall,10,0.80098,0.778936,0.829401,0.000980392,0,0.00310889,1,10,0,0
theta_burst_rate,18,theta_burst_rate=18,recipe:harvey_2023_code,literature,ripple,interval,recall,10,0.576471,0.547683,0.611837,0.0127451,-0.0121428,0.0360724,0.273438,10,0,0
theta_burst_rate,18,theta_burst_rate=18,recipe:harvey_2023_no_radiatum,literature,ripple,interval,recall,10,0.613725,0.591073,0.639922,0.0166667,0.000940493,0.0319058,0.0742188,10,0,0
theta_burst_rate,18,theta_burst_rate=18,recipe:harvey_2023_text,literature,ripple,interval,recall,10,0.604902,0.587255,0.62526,0,0,0,1,10,0,0
theta_burst_rate,18,theta_burst_rate=18,recipe:huelin_gorriz_2023,literature,network,interval,recall,10,0.512844,0.491039,0.535452,0.00183486,-0.0135157,0.0186916,0.765625,10,0,0
theta_burst_rate,18,theta_burst_rate=18,recipe:igata_2021,literature,burst,interval,recall,10,0.931493,0.915733,0.948401,-0.00102249,-0.018595,0.0146444,0.976562,10,0,0
theta_burst_rate,18,theta_burst_rate=18,recipe:igata_2021_ripples,literature,ripple,interval,recall,10,0.872549,0.855652,0.890613,0,0,0,1,10,0,0
theta_burst_rate,18,theta_burst_rate=18,recipe:jadhav_2016,literature,ripple,interval,recall,10,0.585294,0.552817,0.616223,-0.000980392,-0.00289303,0,1,10,0,0
theta_burst_rate,18,theta_burst_rate=18,recipe:ji_2007,literature,burst,interval,recall,10,0.729039,0.69498,0.762278,0.0286299,-0.0325155,0.108953,0.507812,10,0,0
theta_burst_rate,18,theta_burst_rate=18,recipe:ji_2007_ripples,literature,ripple,interval,recall,10,0.00490196,0.00101623,0.00883243,0,0,0,1,10,0,0
theta_burst_rate,18,theta_burst_rate=18,recipe:kaefer_2020,literature,ripple,interval,recall,10,0.0107843,0.00584212,0.0155603,0,0,0,1,10,0,0
theta_burst_rate,18,theta_burst_rate=18,recipe:karlsson_2009,literature,ripple,interval,recall,10,0.72451,0.705544,0.745101,0,-0.00278042,0.00303651,1,10,0,0
theta_burst_rate,18,theta_burst_rate=18,recipe:krause_2022,literature,network,interval,recall,10,0.623853,0.601081,0.649267,0.00366972,-0.00991907,0.0167286,0.546875,10,0,0
theta_burst_rate,18,theta_burst_rate=18,recipe:krause_2022_hse,literature,burst,interval,recall,10,0.831288,0.807762,0.85514,0.0122699,-0.008773,0.028771,0.222656,10,0,0
theta_burst_rate,18,theta_burst_rate=18,recipe:kudrimoti_1999,literature,ripple,interval,recall,10,0.0245098,0.0174466,0.0338271,0,0,0,1,10,0,0
theta_burst_rate,18,theta_burst_rate=18,recipe:lee_2002,literature,burst,interval,recall,10,0.943763,0.933261,0.954119,-0.00613497,-0.0154643,0.00310238,0.3125,10,0,0
theta_burst_rate,18,theta_burst_rate=18,recipe:lee_2002_ripples,literature,ripple,interval,recall,10,0.0745098,0.0620613,0.0873439,0,-0.00281703,0.00298805,1,10,0,0
theta_burst_rate,18,theta_burst_rate=18,recipe:liu_2019,literature,burst,interval,recall,10,0.832311,0.80555,0.859023,-0.0112474,-0.039637,0.0154162,0.46875,10,0,0
theta_burst_rate,18,theta_burst_rate=18,recipe:liu_2019_awake,literature,burst,interval,recall,10,0.832311,0.80555,0.859023,-0.0112474,-0.039637,0.0154162,0.46875,10,0,0
theta_burst_rate,18,theta_burst_rate=18,recipe:liu_2023,literature,network,interval,recall,10,0.42844,0.404069,0.451621,-0.00275229,-0.0166671,0.011386,0.714844,10,0,0
theta_burst_rate,18,theta_burst_rate=18,recipe:maboudi_2018,literature,burst,interval,recall,10,0.802658,0.778315,0.827845,0.0102249,-0.00723945,0.0290358,0.289062,10,0,0
theta_burst_rate,18,theta_burst_rate=18,recipe:maboudi_2018_open_field,literature,burst,interval,recall,10,0.761759,0.738708,0.782981,0.0245399,0.00735236,0.0426977,0.0390625,10,0,0
theta_burst_rate,18,theta_burst_rate=18,recipe:mallory_2025,literature,burst,interval,recall,10,0.789366,0.764335,0.811744,0.0296524,0.00813835,0.0530454,0.0429688,10,0,0
theta_burst_rate,18,theta_burst_rate=18,recipe:mallory_2025_ripples,literature,ripple,interval,recall,10,0.690196,0.668886,0.712691,0,0,0,1,10,0,0
theta_burst_rate,18,theta_burst_rate=18,recipe:michon_2019,literature,network,interval,recall,10,0.246789,0.228621,0.263452,-0.00366972,-0.0208888,0.0124414,0.734375,10,0,0
theta_burst_rate,18,theta_burst_rate=18,recipe:michon_2021,literature,network,interval,recall,10,0.246789,0.228621,0.263452,-0.00366972,-0.0208888,0.0124414,0.734375,10,0,0
theta_burst_rate,18,theta_burst_rate=18,recipe:mou_2022,literature,burst,interval,recall,10,0.847648,0.808989,0.88494,-0.00920245,-0.0568307,0.0318289,0.779297,10,0,0
theta_burst_rate,18,theta_burst_rate=18,recipe:muessig_2019,literature,network,interval,recall,10,0.0954128,0.0817259,0.110698,-0.0110092,-0.0241417,0.00352223,0.140625,10,0,0
theta_burst_rate,18,theta_burst_rate=18,recipe:muessig_2019_ripples,literature,ripple,interval,recall,10,0.876471,0.855288,0.894288,0.000980392,0,0.00290142,1,10,0,0
theta_burst_rate,18,theta_burst_rate=18,recipe:nadasdy_1999,literature,ripple,interval,recall,10,0.459804,0.439321,0.483528,-0.00196078,-0.00687623,0.00197824,0.5,10,0,0
theta_burst_rate,18,theta_burst_rate=18,recipe:olafsdottir_2015,literature,burst,interval,recall,10,0.691207,0.673771,0.709933,0.0143149,-0.00297089,0.0296829,0.125,10,0,0
theta_burst_rate,18,theta_burst_rate=18,recipe:olafsdottir_2015.bayesian_candidates,literature,burst,interval,recall,10,0.611452,0.58718,0.631693,-0.00102249,-0.0189279,0.0144106,0.84375,10,0,0
theta_burst_rate,18,theta_burst_rate=18,recipe:olafsdottir_2016,literature,burst,interval,recall,10,0.580777,0.554259,0.605126,0.0102249,-0.0210112,0.0380668,0.535156,10,0,0
theta_burst_rate,18,theta_burst_rate=18,recipe:olafsdottir_2017,literature,burst,interval,recall,10,0.780164,0.770936,0.791077,0.0194274,0.00510204,0.0331666,0.046875,10,0,0
theta_burst_rate,18,theta_burst_rate=18,recipe:olafsdottir_2017.trajectory,literature,burst,interval,recall,10,0.580777,0.554259,0.605126,0.0102249,-0.0210112,0.0380668,0.535156,10,0,0
theta_burst_rate,18,theta_burst_rate=18,recipe:pfeiffer_2013,literature,burst,interval,recall,10,0.761759,0.738708,0.782981,0.0245399,0.00735236,0.0426977,0.0390625,10,0,0
theta_burst_rate,18,theta_burst_rate=18,recipe:pfeiffer_2013_ripples,literature,ripple,interval,recall,10,0.726471,0.700391,0.751733,-0.00196078,-0.00678952,0.0020555,0.75,10,0,0
theta_burst_rate,18,theta_burst_rate=18,recipe:pfeiffer_2015,literature,ripple,interval,recall,10,0.726471,0.700391,0.751733,-0.00196078,-0.00678952,0.0020555,0.75,10,0,0
theta_burst_rate,18,theta_burst_rate=18,recipe:shin_2019,literature,ripple,interval,recall,10,0.72451,0.705544,0.745101,0,-0.00278042,0.00303651,1,10,0,0
theta_burst_rate,18,theta_burst_rate=18,recipe:silva_2015,literature,burst,interval,recall,10,0.625767,0.597835,0.651487,0.00613497,-0.00944536,0.022932,0.578125,10,0,0
theta_burst_rate,18,theta_burst_rate=18,recipe:stella_2019,literature,ripple,interval,recall,10,0.663725,0.645128,0.68361,-0.00294118,-0.00770769,0.00106383,0.5,10,0,0
theta_burst_rate,18,theta_burst_rate=18,recipe:tang_2017,literature,ripple,interval,recall,10,0.72451,0.705544,0.745101,0,-0.00278042,0.00303651,1,10,0,0
theta_burst_rate,18,theta_burst_rate=18,recipe:tirole_2022,literature,network,interval,recall,10,0.512844,0.491039,0.535452,0.00183486,-0.0135157,0.0186916,0.765625,10,0,0
theta_burst_rate,18,theta_burst_rate=18,recipe:widloski_2025,literature,ripple,interval,recall,10,0.508824,0.469811,0.550205,0.000980392,-0.00196285,0.00430131,0.5,10,0,0
theta_burst_rate,18,theta_burst_rate=18,recipe:widloski_2025_bursts,literature,burst,interval,recall,10,0.529652,0.500496,0.5621,0,-0.0226544,0.023399,0.910156,10,0,0
theta_burst_rate,18,theta_burst_rate=18,recipe:wikenheiser_2013,literature,ripple,interval,recall,10,0.831373,0.802236,0.860317,-0.000980392,-0.00568195,0.00284934,1,10,0,0
theta_burst_rate,18,theta_burst_rate=18,recipe:wu_2014,literature,burst,interval,recall,10,0.861963,0.850099,0.874377,-0.00102249,-0.019031,0.0160824,0.867188,10,0,0
theta_burst_rate,18,theta_burst_rate=18,recipe:wu_2014_ripples,literature,ripple,peak_containment,recall,10,0.89902,0.882412,0.917317,0.000980392,-0.00290733,0.00521948,0.4375,10,0,0
theta_burst_rate,18,theta_burst_rate=18,recipe:wu_2017,literature,burst,interval,recall,10,0.534765,0.502032,0.567738,0,-0.0247036,0.0263425,0.923828,10,0,0
theta_burst_rate,18,theta_burst_rate=18,recipe:xu_2019,literature,burst,interval,recall,10,0.764826,0.746884,0.781443,0.0173824,0,0.0346972,0.0898438,10,0,0
theta_burst_rate,18,theta_burst_rate=18,recipe:yamamoto_2017,literature,network,interval,recall,10,0.538532,0.514044,0.561758,-0.0229358,-0.0508021,0.00178134,0.1875,10,0,0
theta_burst_rate,18,theta_burst_rate=18,recipe:yang_2024,literature,network,interval,recall,10,0.421101,0.398076,0.444137,0.00458716,-0.00825745,0.0163347,0.546875,10,0,0
slow_amplitude,0,slow_amplitude=0,Carey_candidate_detector,default,network,interval,recall,10,0.817431,0.802458,0.834401,0,0,0,1,10,0,0
slow_amplitude,0,slow_amplitude=0,Karlsson_ripple_detector,default,ripple,interval,recall,10,0.72451,0.706531,0.74433,0,0,0,1,10,0,0
slow_amplitude,0,slow_amplitude=0,Kay_ripple_detector,default,ripple,interval,recall,10,0.827451,0.814342,0.842843,0,0,0,1,10,0,0
slow_amplitude,0,slow_amplitude=0,Long_sharp_wave_ripple_detector,default,ripple,interval,recall,10,0.690196,0.666335,0.713389,0,0,0,1,10,0,0
slow_amplitude,0,slow_amplitude=0,Roumis_ripple_detector,default,ripple,interval,recall,10,0.828431,0.813977,0.844765,0,0,0,1,10,0,0
slow_amplitude,0,slow_amplitude=0,Shvartsman_ripple_detector,default,ripple,interval,recall,10,0.663725,0.64129,0.687835,0,0,0,1,10,0,0
slow_amplitude,0,slow_amplitude=0,Yu_ripple_detector,default,ripple,interval,recall,10,0.848039,0.832833,0.865145,0,0,0,1,10,0,0
slow_amplitude,0,slow_amplitude=0,Zugaro_ripple_detector,default,ripple,interval,recall,10,0.67549,0.654252,0.696335,0,0,0,1,10,0,0
slow_amplitude,0,slow_amplitude=0,multiunit_HSE_detector,default,burst,interval,recall,10,0.931493,0.917158,0.948138,0,0,0,1,10,0,0
slow_amplitude,0,slow_amplitude=0,recipe:ambrose_2016,literature,ripple,interval,recall,10,0.728431,0.699812,0.754759,0,0,0,1,10,0,0
slow_amplitude,0,slow_amplitude=0,recipe:bendor_2012,literature,burst,interval,recall,10,0.669734,0.643002,0.697931,0,0,0,1,10,0,0
slow_amplitude,0,slow_amplitude=0,recipe:berners_lee_2021,literature,ripple,interval,recall,10,0.790196,0.767908,0.813176,0,0,0,1,10,0,0
slow_amplitude,0,slow_amplitude=0,recipe:berners_lee_2022,literature,burst,interval,recall,10,0.683027,0.657603,0.710964,0,0,0,1,10,0,0
slow_amplitude,0,slow_amplitude=0,recipe:bhattarai_2020,literature,network,interval,recall,10,0.383486,0.36426,0.404432,0,0,0,1,10,0,0
slow_amplitude,0,slow_amplitude=0,recipe:bhattarai_2020_ripples,literature,ripple,interval,recall,10,0.464706,0.436362,0.495339,0,0,0,1,10,0,0
slow_amplitude,0,slow_amplitude=0,recipe:bush_2022,literature,burst,interval,recall,10,0.630879,0.597014,0.668706,0,0,0,1,10,0,0
slow_amplitude,0,slow_amplitude=0,recipe:carey_2019,literature,network,interval,recall,10,0.378899,0.350086,0.409837,-0.446789,-0.474487,-0.420308,0.00195312,10,0,0
slow_amplitude,0,slow_amplitude=0,recipe:carr_2012,literature,ripple,interval,recall,10,0.72451,0.706531,0.74433,0,0,0,1,10,0,0
slow_amplitude,0,slow_amplitude=0,recipe:chenani_2019,literature,burst,interval,recall,10,0.686094,0.665608,0.709887,0,0,0,1,10,0,0
slow_amplitude,0,slow_amplitude=0,recipe:davidson_2009,literature,burst,interval,recall,10,0.801636,0.785994,0.820324,0,0,0,1,10,0,0
slow_amplitude,0,slow_amplitude=0,recipe:davidson_2009_ripples,literature,ripple,peak_containment,recall,10,0.87549,0.851889,0.898297,0,0,0,1,10,0,0
slow_amplitude,0,slow_amplitude=0,recipe:denovellis_2021,literature,ripple,interval,recall,10,0.828431,0.815282,0.842262,0,0,0,1,10,0,0
slow_amplitude,0,slow_amplitude=0,recipe:denovellis_2021_mua,literature,burst,interval,recall,10,0.93047,0.916838,0.946485,0,0,0,1,10,0,0
slow_amplitude,0,slow_amplitude=0,recipe:diba_2007,literature,burst,interval,recall,10,0.256646,0.22654,0.287224,0,0,0,1,10,0,0
slow_amplitude,0,slow_amplitude=0,recipe:drieu_2018,literature,burst,interval,recall,10,0.786299,0.775775,0.797509,0,0,0,1,10,0,0
slow_amplitude,0,slow_amplitude=0,recipe:farooq_2019_neuron,literature,burst,interval,recall,10,0.280164,0.243652,0.32154,0,0,0,1,10,0,0
slow_amplitude,0,slow_amplitude=0,recipe:farooq_2019_science,literature,burst,interval,recall,10,0.278119,0.242423,0.318476,0,0,0,1,10,0,0
slow_amplitude,0,slow_amplitude=0,recipe:farooq_2019_science_awake,literature,burst,interval,recall,10,0.278119,0.242423,0.318476,0,0,0,1,10,0,0
slow_amplitude,0,slow_amplitude=0,recipe:foster_2006,literature,burst,interval,recall,10,0.148262,0.127082,0.172862,0,0,0,1,10,0,0
slow_amplitude,0,slow_amplitude=0,recipe:foster_2006_ripples,literature,ripple,interval,recall,10,0.0745098,0.0613481,0.0878934,0,0,0,1,10,0,0
slow_amplitude,0,slow_amplitude=0,recipe:gillespie_2021,literature,ripple,interval,recall,10,0.827451,0.814342,0.842843,0,0,0,1,10,0,0
slow_amplitude,0,slow_amplitude=0,recipe:gillespie_2021_mua,literature,burst,interval,recall,10,0.822086,0.803179,0.839827,0,0,0,1,10,0,0
slow_amplitude,0,slow_amplitude=0,recipe:gridchyn_2020,literature,burst,interval,recall,10,0.891616,0.874123,0.907524,0,0,0,1,10,0,0
slow_amplitude,0,slow_amplitude=0,recipe:grosmark_2016,literature,network,interval,recall,10,0.416514,0.386402,0.448061,0,0,0,1,10,0,0
slow_amplitude,0,slow_amplitude=0,recipe:gupta_2010,literature,ripple,interval,recall,10,0.8,0.777446,0.828924,0,0,0,1,10,0,0
slow_amplitude,0,slow_amplitude=0,recipe:harvey_2023_code,literature,ripple,interval,recall,10,0.563725,0.539941,0.588474,0,0,0,1,10,0,0
slow_amplitude,0,slow_amplitude=0,recipe:harvey_2023_no_radiatum,literature,ripple,interval,recall,10,0.597059,0.577734,0.617905,0,0,0,1,10,0,0
slow_amplitude,0,slow_amplitude=0,recipe:harvey_2023_text,literature,ripple,interval,recall,10,0.639216,0.6179,0.661707,0.0343137,0.023607,0.0450996,0.00195312,10,0,0
slow_amplitude,0,slow_amplitude=0,recipe:huelin_gorriz_2023,literature,network,interval,recall,10,0.511009,0.483133,0.539768,0,0,0,1,10,0,0
slow_amplitude,0,slow_amplitude=0,recipe:igata_2021,literature,burst,interval,recall,10,0.932515,0.917901,0.949156,0,0,0,1,10,0,0
slow_amplitude,0,slow_amplitude=0,recipe:igata_2021_ripples,literature,ripple,interval,recall,10,0.872549,0.855652,0.890613,0,0,0,1,10,0,0
slow_amplitude,0,slow_amplitude=0,recipe:jadhav_2016,literature,ripple,interval,recall,10,0.586275,0.554419,0.616468,0,0,0,1,10,0,0
slow_amplitude,0,slow_amplitude=0,recipe:ji_2007,literature,burst,interval,recall,10,0.700409,0.6305,0.748675,0,0,0,1,10,0,0
slow_amplitude,0,slow_amplitude=0,recipe:ji_2007_ripples,literature,ripple,interval,recall,10,0.00490196,0.00101623,0.00883243,0,0,0,1,10,0,0
slow_amplitude,0,slow_amplitude=0,recipe:kaefer_2020,literature,ripple,interval,recall,10,0.146078,0.12744,0.167134,0.135294,0.11663,0.155475,0.00195312,10,0,0
slow_amplitude,0,slow_amplitude=0,recipe:karlsson_2009,literature,ripple,interval,recall,10,0.72451,0.706531,0.74433,0,0,0,1,10,0,0
slow_amplitude,0,slow_amplitude=0,recipe:krause_2022,literature,network,interval,recall,10,0.620183,0.594116,0.645529,0,0,0,1,10,0,0
slow_amplitude,0,slow_amplitude=0,recipe:krause_2022_hse,literature,burst,interval,recall,10,0.819018,0.797725,0.839959,0,0,0,1,10,0,0
slow_amplitude,0,slow_amplitude=0,recipe:kudrimoti_1999,literature,ripple,interval,recall,10,0.0245098,0.0174466,0.0338271,0,0,0,1,10,0,0
slow_amplitude,0,slow_amplitude=0,recipe:lee_2002,literature,burst,interval,recall,10,0.949898,0.943786,0.955603,0,0,0,1,10,0,0
slow_amplitude,0,slow_amplitude=0,recipe:lee_2002_ripples,literature,ripple,interval,recall,10,0.0745098,0.0613481,0.0878934,0,0,0,1,10,0,0
slow_amplitude,0,slow_amplitude=0,recipe:liu_2019,literature,burst,interval,recall,10,0.843558,0.811187,0.87384,0,0,0,1,10,0,0
slow_amplitude,0,slow_amplitude=0,recipe:liu_2019_awake,literature,burst,interval,recall,10,0.843558,0.811187,0.87384,0,0,0,1,10,0,0
slow_amplitude,0,slow_amplitude=0,recipe:liu_2023,literature,network,interval,recall,10,0.431193,0.411239,0.451816,0,0,0,1,10,0,0
slow_amplitude,0,slow_amplitude=0,recipe:maboudi_2018,literature,burst,interval,recall,10,0.792434,0.774162,0.811442,0,0,0,1,10,0,0
slow_amplitude,0,slow_amplitude=0,recipe:maboudi_2018_open_field,literature,burst,interval,recall,10,0.737219,0.716188,0.761011,0,0,0,1,10,0,0
slow_amplitude,0,slow_amplitude=0,recipe:mallory_2025,literature,burst,interval,recall,10,0.759714,0.740078,0.779609,0,0,0,1,10,0,0
slow_amplitude,0,slow_amplitude=0,recipe:mallory_2025_ripples,literature,ripple,interval,recall,10,0.690196,0.668886,0.712691,0,0,0,1,10,0,0
slow_amplitude,0,slow_amplitude=0,recipe:michon_2019,literature,network,interval,recall,10,0.250459,0.224122,0.276924,0,0,0,1,10,0,0
slow_amplitude,0,slow_amplitude=0,recipe:michon_2021,literature,network,interval,recall,10,0.250459,0.224122,0.276924,0,0,0,1,10,0,0
slow_amplitude,0,slow_amplitude=0,recipe:mou_2022,literature,burst,interval,recall,10,0.856851,0.829681,0.882724,0,0,0,1,10,0,0
slow_amplitude,0,slow_amplitude=0,recipe:muessig_2019,literature,network,interval,recall,10,0.106422,0.091568,0.12113,0,0,0,1,10,0,0
slow_amplitude,0,slow_amplitude=0,recipe:muessig_2019_ripples,literature,ripple,interval,recall,10,0.87549,0.854298,0.894141,0,0,0,1,10,0,0
slow_amplitude,0,slow_amplitude=0,recipe:nadasdy_1999,literature,ripple,interval,recall,10,0.461765,0.441114,0.485717,0,0,0,1,10,0,0
slow_amplitude,0,slow_amplitude=0,recipe:olafsdottir_2015,literature,burst,interval,recall,10,0.676892,0.654822,0.69798,0,0,0,1,10,0,0
slow_amplitude,0,slow_amplitude=0,recipe:olafsdottir_2015.bayesian_candidates,literature,burst,interval,recall,10,0.612474,0.58635,0.641136,0,0,0,1,10,0,0
slow_amplitude,0,slow_amplitude=0,recipe:olafsdottir_2016,literature,burst,interval,recall,10,0.570552,0.539077,0.609091,0,0,0,1,10,0,0
slow_amplitude,0,slow_amplitude=0,recipe:olafsdottir_2017,literature,burst,interval,recall,10,0.760736,0.745657,0.775992,0,0,0,1,10,0,0
slow_amplitude,0,slow_amplitude=0,recipe:olafsdottir_2017.trajectory,literature,burst,interval,recall,10,0.570552,0.539077,0.609091,0,0,0,1,10,0,0
slow_amplitude,0,slow_amplitude=0,recipe:pfeiffer_2013,literature,burst,interval,recall,10,0.737219,0.716188,0.761011,0,0,0,1,10,0,0
slow_amplitude,0,slow_amplitude=0,recipe:pfeiffer_2013_ripples,literature,ripple,interval,recall,10,0.728431,0.699812,0.754759,0,0,0,1,10,0,0
slow_amplitude,0,slow_amplitude=0,recipe:pfeiffer_2015,literature,ripple,interval,recall,10,0.728431,0.699812,0.754759,0,0,0,1,10,0,0
slow_amplitude,0,slow_amplitude=0,recipe:shin_2019,literature,ripple,interval,recall,10,0.72451,0.706531,0.74433,0,0,0,1,10,0,0
slow_amplitude,0,slow_amplitude=0,recipe:silva_2015,literature,burst,interval,recall,10,0.619632,0.590956,0.648278,0,0,0,1,10,0,0
slow_amplitude,0,slow_amplitude=0,recipe:stella_2019,literature,ripple,interval,recall,10,0.670588,0.653953,0.688982,0.00392157,0.00102459,0.00661626,0.125,10,0,0
slow_amplitude,0,slow_amplitude=0,recipe:tang_2017,literature,ripple,interval,recall,10,0.72451,0.706531,0.74433,0,0,0,1,10,0,0
slow_amplitude,0,slow_amplitude=0,recipe:tirole_2022,literature,network,interval,recall,10,0.511009,0.483133,0.539768,0,0,0,1,10,0,0
slow_amplitude,0,slow_amplitude=0,recipe:widloski_2025,literature,ripple,interval,recall,10,0.507843,0.469984,0.54879,0,0,0,1,10,0,0
slow_amplitude,0,slow_amplitude=0,recipe:widloski_2025_bursts,literature,burst,interval,recall,10,0.529652,0.491013,0.571436,0,0,0,1,10,0,0
slow_amplitude,0,slow_amplitude=0,recipe:wikenheiser_2013,literature,ripple,interval,recall,10,0.832353,0.80594,0.860302,0,0,0,1,10,0,0
slow_amplitude,0,slow_amplitude=0,recipe:wu_2014,literature,burst,interval,recall,10,0.862986,0.848921,0.877469,0,0,0,1,10,0,0
slow_amplitude,0,slow_amplitude=0,recipe:wu_2014_ripples,literature,ripple,peak_containment,recall,10,0.898039,0.880974,0.916923,0,0,0,1,10,0,0
slow_amplitude,0,slow_amplitude=0,recipe:wu_2017,literature,burst,interval,recall,10,0.534765,0.509803,0.559125,0,0,0,1,10,0,0
slow_amplitude,0,slow_amplitude=0,recipe:xu_2019,literature,burst,interval,recall,10,0.747444,0.729037,0.765482,0,0,0,1,10,0,0
slow_amplitude,0,slow_amplitude=0,recipe:yamamoto_2017,literature,network,interval,recall,10,0.561468,0.529566,0.596138,0,0,0,1,10,0,0
slow_amplitude,0,slow_amplitude=0,recipe:yang_2024,literature,network,interval,recall,10,0.416514,0.386402,0.448061,0,0,0,1,10,0,0
slow_amplitude,reference,reference,Carey_candidate_detector,default,network,interval,recall,10,0.817431,0.802458,0.834401,0,0,0,1,10,0,0
slow_amplitude,reference,reference,Karlsson_ripple_detector,default,ripple,interval,recall,10,0.72451,0.706531,0.74433,0,0,0,1,10,0,0
slow_amplitude,reference,reference,Kay_ripple_detector,default,ripple,interval,recall,10,0.827451,0.814342,0.842843,0,0,0,1,10,0,0
slow_amplitude,reference,reference,Long_sharp_wave_ripple_detector,default,ripple,interval,recall,10,0.690196,0.666335,0.713389,0,0,0,1,10,0,0
slow_amplitude,reference,reference,Roumis_ripple_detector,default,ripple,interval,recall,10,0.828431,0.813977,0.844765,0,0,0,1,10,0,0
slow_amplitude,reference,reference,Shvartsman_ripple_detector,default,ripple,interval,recall,10,0.663725,0.64129,0.687835,0,0,0,1,10,0,0
slow_amplitude,reference,reference,Yu_ripple_detector,default,ripple,interval,recall,10,0.848039,0.832833,0.865145,0,0,0,1,10,0,0
slow_amplitude,reference,reference,Zugaro_ripple_detector,default,ripple,interval,recall,10,0.67549,0.654252,0.696335,0,0,0,1,10,0,0
slow_amplitude,reference,reference,multiunit_HSE_detector,default,burst,interval,recall,10,0.931493,0.917158,0.948138,0,0,0,1,10,0,0
slow_amplitude,reference,reference,recipe:ambrose_2016,literature,ripple,interval,recall,10,0.728431,0.699812,0.754759,0,0,0,1,10,0,0
slow_amplitude,reference,reference,recipe:bendor_2012,literature,burst,interval,recall,10,0.669734,0.643002,0.697931,0,0,0,1,10,0,0
slow_amplitude,reference,reference,recipe:berners_lee_2021,literature,ripple,interval,recall,10,0.790196,0.767908,0.813176,0,0,0,1,10,0,0
slow_amplitude,reference,reference,recipe:berners_lee_2022,literature,burst,interval,recall,10,0.683027,0.657603,0.710964,0,0,0,1,10,0,0
slow_amplitude,reference,reference,recipe:bhattarai_2020,literature,network,interval,recall,10,0.383486,0.36426,0.404432,0,0,0,1,10,0,0
slow_amplitude,reference,reference,recipe:bhattarai_2020_ripples,literature,ripple,interval,recall,10,0.464706,0.436362,0.495339,0,0,0,1,10,0,0
slow_amplitude,reference,reference,recipe:bush_2022,literature,burst,interval,recall,10,0.630879,0.597014,0.668706,0,0,0,1,10,0,0
slow_amplitude,reference,reference,recipe:carey_2019,literature,network,interval,recall,10,0.825688,0.806478,0.843953,0,0,0,1,10,0,0
slow_amplitude,reference,reference,recipe:carr_2012,literature,ripple,interval,recall,10,0.72451,0.706531,0.74433,0,0,0,1,10,0,0
slow_amplitude,reference,reference,recipe:chenani_2019,literature,burst,interval,recall,10,0.686094,0.665608,0.709887,0,0,0,1,10,0,0
slow_amplitude,reference,reference,recipe:davidson_2009,literature,burst,interval,recall,10,0.801636,0.785994,0.820324,0,0,0,1,10,0,0
slow_amplitude,reference,reference,recipe:davidson_2009_ripples,literature,ripple,peak_containment,recall,10,0.87549,0.851889,0.898297,0,0,0,1,10,0,0
slow_amplitude,reference,reference,recipe:denovellis_2021,literature,ripple,interval,recall,10,0.828431,0.815282,0.842262,0,0,0,1,10,0,0
slow_amplitude,reference,reference,recipe:denovellis_2021_mua,literature,burst,interval,recall,10,0.93047,0.916838,0.946485,0,0,0,1,10,0,0
slow_amplitude,reference,reference,recipe:diba_2007,literature,burst,interval,recall,10,0.256646,0.22654,0.287224,0,0,0,1,10,0,0
slow_amplitude,reference,reference,recipe:drieu_2018,literature,burst,interval,recall,10,0.786299,0.775775,0.797509,0,0,0,1,10,0,0
slow_amplitude,reference,reference,recipe:farooq_2019_neuron,literature,burst,interval,recall,10,0.280164,0.243652,0.32154,0,0,0,1,10,0,0
slow_amplitude,reference,reference,recipe:farooq_2019_science,literature,burst,interval,recall,10,0.278119,0.242423,0.318476,0,0,0,1,10,0,0
slow_amplitude,reference,reference,recipe:farooq_2019_science_awake,literature,burst,interval,recall,10,0.278119,0.242423,0.318476,0,0,0,1,10,0,0
slow_amplitude,reference,reference,recipe:foster_2006,literature,burst,interval,recall,10,0.148262,0.127082,0.172862,0,0,0,1,10,0,0
slow_amplitude,reference,reference,recipe:foster_2006_ripples,literature,ripple,interval,recall,10,0.0745098,0.0613481,0.0878934,0,0,0,1,10,0,0
slow_amplitude,reference,reference,recipe:gillespie_2021,literature,ripple,interval,recall,10,0.827451,0.814342,0.842843,0,0,0,1,10,0,0
slow_amplitude,reference,reference,recipe:gillespie_2021_mua,literature,burst,interval,recall,10,0.822086,0.803179,0.839827,0,0,0,1,10,0,0
slow_amplitude,reference,reference,recipe:gridchyn_2020,literature,burst,interval,recall,10,0.891616,0.874123,0.907524,0,0,0,1,10,0,0
slow_amplitude,reference,reference,recipe:grosmark_2016,literature,network,interval,recall,10,0.416514,0.386402,0.448061,0,0,0,1,10,0,0
slow_amplitude,reference,reference,recipe:gupta_2010,literature,ripple,interval,recall,10,0.8,0.777446,0.828924,0,0,0,1,10,0,0
slow_amplitude,reference,reference,recipe:harvey_2023_code,literature,ripple,interval,recall,10,0.563725,0.539941,0.588474,0,0,0,1,10,0,0
slow_amplitude,reference,reference,recipe:harvey_2023_no_radiatum,literature,ripple,interval,recall,10,0.597059,0.577734,0.617905,0,0,0,1,10,0,0
slow_amplitude,reference,reference,recipe:harvey_2023_text,literature,ripple,interval,recall,10,0.604902,0.587255,0.62526,0,0,0,1,10,0,0
slow_amplitude,reference,reference,recipe:huelin_gorriz_2023,literature,network,interval,recall,10,0.511009,0.483133,0.539768,0,0,0,1,10,0,0
slow_amplitude,reference,reference,recipe:igata_2021,literature,burst,interval,recall,10,0.932515,0.917901,0.949156,0,0,0,1,10,0,0
slow_amplitude,reference,reference,recipe:igata_2021_ripples,literature,ripple,interval,recall,10,0.872549,0.855652,0.890613,0,0,0,1,10,0,0
slow_amplitude,reference,reference,recipe:jadhav_2016,literature,ripple,interval,recall,10,0.586275,0.554419,0.616468,0,0,0,1,10,0,0
slow_amplitude,reference,reference,recipe:ji_2007,literature,burst,interval,recall,10,0.700409,0.6305,0.748675,0,0,0,1,10,0,0
slow_amplitude,reference,reference,recipe:ji_2007_ripples,literature,ripple,interval,recall,10,0.00490196,0.00101623,0.00883243,0,0,0,1,10,0,0
slow_amplitude,reference,reference,recipe:kaefer_2020,literature,ripple,interval,recall,10,0.0107843,0.00584212,0.0155603,0,0,0,1,10,0,0
slow_amplitude,reference,reference,recipe:karlsson_2009,literature,ripple,interval,recall,10,0.72451,0.706531,0.74433,0,0,0,1,10,0,0
slow_amplitude,reference,reference,recipe:krause_2022,literature,network,interval,recall,10,0.620183,0.594116,0.645529,0,0,0,1,10,0,0
slow_amplitude,reference,reference,recipe:krause_2022_hse,literature,burst,interval,recall,10,0.819018,0.797725,0.839959,0,0,0,1,10,0,0
slow_amplitude,reference,reference,recipe:kudrimoti_1999,literature,ripple,interval,recall,10,0.0245098,0.0174466,0.0338271,0,0,0,1,10,0,0
slow_amplitude,reference,reference,recipe:lee_2002,literature,burst,interval,recall,10,0.949898,0.943786,0.955603,0,0,0,1,10,0,0
slow_amplitude,reference,reference,recipe:lee_2002_ripples,literature,ripple,interval,recall,10,0.0745098,0.0613481,0.0878934,0,0,0,1,10,0,0
slow_amplitude,reference,reference,recipe:liu_2019,literature,burst,interval,recall,10,0.843558,0.811187,0.87384,0,0,0,1,10,0,0
slow_amplitude,reference,reference,recipe:liu_2019_awake,literature,burst,interval,recall,10,0.843558,0.811187,0.87384,0,0,0,1,10,0,0
slow_amplitude,reference,reference,recipe:liu_2023,literature,network,interval,recall,10,0.431193,0.411239,0.451816,0,0,0,1,10,0,0
slow_amplitude,reference,reference,recipe:maboudi_2018,literature,burst,interval,recall,10,0.792434,0.774162,0.811442,0,0,0,1,10,0,0
slow_amplitude,reference,reference,recipe:maboudi_2018_open_field,literature,burst,interval,recall,10,0.737219,0.716188,0.761011,0,0,0,1,10,0,0
slow_amplitude,reference,reference,recipe:mallory_2025,literature,burst,interval,recall,10,0.759714,0.740078,0.779609,0,0,0,1,10,0,0
slow_amplitude,reference,reference,recipe:mallory_2025_ripples,literature,ripple,interval,recall,10,0.690196,0.668886,0.712691,0,0,0,1,10,0,0
slow_amplitude,reference,reference,recipe:michon_2019,literature,network,interval,recall,10,0.250459,0.224122,0.276924,0,0,0,1,10,0,0
slow_amplitude,reference,reference,recipe:michon_2021,literature,network,interval,recall,10,0.250459,0.224122,0.276924,0,0,0,1,10,0,0
slow_amplitude,reference,reference,recipe:mou_2022,literature,burst,interval,recall,10,0.856851,0.829681,0.882724,0,0,0,1,10,0,0
slow_amplitude,reference,reference,recipe:muessig_2019,literature,network,interval,recall,10,0.106422,0.091568,0.12113,0,0,0,1,10,0,0
slow_amplitude,reference,reference,recipe:muessig_2019_ripples,literature,ripple,interval,recall,10,0.87549,0.854298,0.894141,0,0,0,1,10,0,0
slow_amplitude,reference,reference,recipe:nadasdy_1999,literature,ripple,interval,recall,10,0.461765,0.441114,0.485717,0,0,0,1,10,0,0
slow_amplitude,reference,reference,recipe:olafsdottir_2015,literature,burst,interval,recall,10,0.676892,0.654822,0.69798,0,0,0,1,10,0,0
slow_amplitude,reference,reference,recipe:olafsdottir_2015.bayesian_candidates,literature,burst,interval,recall,10,0.612474,0.58635,0.641136,0,0,0,1,10,0,0
slow_amplitude,reference,reference,recipe:olafsdottir_2016,literature,burst,interval,recall,10,0.570552,0.539077,0.609091,0,0,0,1,10,0,0
slow_amplitude,reference,reference,recipe:olafsdottir_2017,literature,burst,interval,recall,10,0.760736,0.745657,0.775992,0,0,0,1,10,0,0
slow_amplitude,reference,reference,recipe:olafsdottir_2017.trajectory,literature,burst,interval,recall,10,0.570552,0.539077,0.609091,0,0,0,1,10,0,0
slow_amplitude,reference,reference,recipe:pfeiffer_2013,literature,burst,interval,recall,10,0.737219,0.716188,0.761011,0,0,0,1,10,0,0
slow_amplitude,reference,reference,recipe:pfeiffer_2013_ripples,literature,ripple,interval,recall,10,0.728431,0.699812,0.754759,0,0,0,1,10,0,0
slow_amplitude,reference,reference,recipe:pfeiffer_2015,literature,ripple,interval,recall,10,0.728431,0.699812,0.754759,0,0,0,1,10,0,0
slow_amplitude,reference,reference,recipe:shin_2019,literature,ripple,interval,recall,10,0.72451,0.706531,0.74433,0,0,0,1,10,0,0
slow_amplitude,reference,reference,recipe:silva_2015,literature,burst,interval,recall,10,0.619632,0.590956,0.648278,0,0,0,1,10,0,0
slow_amplitude,reference,reference,recipe:stella_2019,literature,ripple,interval,recall,10,0.666667,0.649493,0.685394,0,0,0,1,10,0,0
slow_amplitude,reference,reference,recipe:tang_2017,literature,ripple,interval,recall,10,0.72451,0.706531,0.74433,0,0,0,1,10,0,0
slow_amplitude,reference,reference,recipe:tirole_2022,literature,network,interval,recall,10,0.511009,0.483133,0.539768,0,0,0,1,10,0,0
slow_amplitude,reference,reference,recipe:widloski_2025,literature,ripple,interval,recall,10,0.507843,0.469984,0.54879,0,0,0,1,10,0,0
slow_amplitude,reference,reference,recipe:widloski_2025_bursts,literature,burst,interval,recall,10,0.529652,0.491013,0.571436,0,0,0,1,10,0,0
slow_amplitude,reference,reference,recipe:wikenheiser_2013,literature,ripple,interval,recall,10,0.832353,0.80594,0.860302,0,0,0,1,10,0,0
slow_amplitude,reference,reference,recipe:wu_2014,literature,burst,interval,recall,10,0.862986,0.848921,0.877469,0,0,0,1,10,0,0
slow_amplitude,reference,reference,recipe:wu_2014_ripples,literature,ripple,peak_containment,recall,10,0.898039,0.880974,0.916923,0,0,0,1,10,0,0
slow_amplitude,reference,reference,recipe:wu_2017,literature,burst,interval,recall,10,0.534765,0.509803,0.559125,0,0,0,1,10,0,0
slow_amplitude,reference,reference,recipe:xu_2019,literature,burst,interval,recall,10,0.747444,0.729037,0.765482,0,0,0,1,10,0,0
slow_amplitude,reference,reference,recipe:yamamoto_2017,literature,network,interval,recall,10,0.561468,0.529566,0.596138,0,0,0,1,10,0,0
slow_amplitude,reference,reference,recipe:yang_2024,literature,network,interval,recall,10,0.416514,0.386402,0.448061,0,0,0,1,10,0,0
slow_amplitude,8,slow_amplitude=8,Carey_candidate_detector,default,network,interval,recall,10,0.817431,0.802458,0.834401,0,0,0,1,10,0,0
slow_amplitude,8,slow_amplitude=8,Karlsson_ripple_detector,default,ripple,interval,recall,10,0.72451,0.706531,0.74433,0,0,0,1,10,0,0
slow_amplitude,8,slow_amplitude=8,Kay_ripple_detector,default,ripple,interval,recall,10,0.827451,0.814342,0.842843,0,0,0,1,10,0,0
slow_amplitude,8,slow_amplitude=8,Long_sharp_wave_ripple_detector,default,ripple,interval,recall,10,0.690196,0.666335,0.713389,0,0,0,1,10,0,0
slow_amplitude,8,slow_amplitude=8,Roumis_ripple_detector,default,ripple,interval,recall,10,0.828431,0.813977,0.844765,0,0,0,1,10,0,0
slow_amplitude,8,slow_amplitude=8,Shvartsman_ripple_detector,default,ripple,interval,recall,10,0.663725,0.64129,0.687835,0,0,0,1,10,0,0
slow_amplitude,8,slow_amplitude=8,Yu_ripple_detector,default,ripple,interval,recall,10,0.848039,0.832833,0.865145,0,0,0,1,10,0,0
slow_amplitude,8,slow_amplitude=8,Zugaro_ripple_detector,default,ripple,interval,recall,10,0.67549,0.654252,0.696335,0,0,0,1,10,0,0
slow_amplitude,8,slow_amplitude=8,multiunit_HSE_detector,default,burst,interval,recall,10,0.931493,0.917158,0.948138,0,0,0,1,10,0,0
slow_amplitude,8,slow_amplitude=8,recipe:ambrose_2016,literature,ripple,interval,recall,10,0.728431,0.699812,0.754759,0,0,0,1,10,0,0
slow_amplitude,8,slow_amplitude=8,recipe:bendor_2012,literature,burst,interval,recall,10,0.669734,0.643002,0.697931,0,0,0,1,10,0,0
slow_amplitude,8,slow_amplitude=8,recipe:berners_lee_2021,literature,ripple,interval,recall,10,0.790196,0.767908,0.813176,0,0,0,1,10,0,0
slow_amplitude,8,slow_amplitude=8,recipe:berners_lee_2022,literature,burst,interval,recall,10,0.683027,0.657603,0.710964,0,0,0,1,10,0,0
slow_amplitude,8,slow_amplitude=8,recipe:bhattarai_2020,literature,network,interval,recall,10,0.383486,0.36426,0.404432,0,0,0,1,10,0,0
slow_amplitude,8,slow_amplitude=8,recipe:bhattarai_2020_ripples,literature,ripple,interval,recall,10,0.464706,0.436362,0.495339,0,0,0,1,10,0,0
slow_amplitude,8,slow_amplitude=8,recipe:bush_2022,literature,burst,interval,recall,10,0.630879,0.597014,0.668706,0,0,0,1,10,0,0
slow_amplitude,8,slow_amplitude=8,recipe:carey_2019,literature,network,interval,recall,10,0.825688,0.806478,0.843953,0,0,0,1,10,0,0
slow_amplitude,8,slow_amplitude=8,recipe:carr_2012,literature,ripple,interval,recall,10,0.72451,0.706531,0.74433,0,0,0,1,10,0,0
slow_amplitude,8,slow_amplitude=8,recipe:chenani_2019,literature,burst,interval,recall,10,0.686094,0.665608,0.709887,0,0,0,1,10,0,0
slow_amplitude,8,slow_amplitude=8,recipe:davidson_2009,literature,burst,interval,recall,10,0.801636,0.785994,0.820324,0,0,0,1,10,0,0
slow_amplitude,8,slow_amplitude=8,recipe:davidson_2009_ripples,literature,ripple,peak_containment,recall,10,0.87549,0.851889,0.898297,0,0,0,1,10,0,0
slow_amplitude,8,slow_amplitude=8,recipe:denovellis_2021,literature,ripple,interval,recall,10,0.828431,0.815282,0.842262,0,0,0,1,10,0,0
slow_amplitude,8,slow_amplitude=8,recipe:denovellis_2021_mua,literature,burst,interval,recall,10,0.93047,0.916838,0.946485,0,0,0,1,10,0,0
slow_amplitude,8,slow_amplitude=8,recipe:diba_2007,literature,burst,interval,recall,10,0.256646,0.22654,0.287224,0,0,0,1,10,0,0
slow_amplitude,8,slow_amplitude=8,recipe:drieu_2018,literature,burst,interval,recall,10,0.786299,0.775775,0.797509,0,0,0,1,10,0,0
slow_amplitude,8,slow_amplitude=8,recipe:farooq_2019_neuron,literature,burst,interval,recall,10,0.280164,0.243652,0.32154,0,0,0,1,10,0,0
slow_amplitude,8,slow_amplitude=8,recipe:farooq_2019_science,literature,burst,interval,recall,10,0.278119,0.242423,0.318476,0,0,0,1,10,0,0
slow_amplitude,8,slow_amplitude=8,recipe:farooq_2019_science_awake,literature,burst,interval,recall,10,0.278119,0.242423,0.318476,0,0,0,1,10,0,0
slow_amplitude,8,slow_amplitude=8,recipe:foster_2006,literature,burst,interval,recall,10,0.148262,0.127082,0.172862,0,0,0,1,10,0,0
slow_amplitude,8,slow_amplitude=8,recipe:foster_2006_ripples,literature,ripple,interval,recall,10,0.0745098,0.0613481,0.0878934,0,0,0,1,10,0,0
slow_amplitude,8,slow_amplitude=8,recipe:gillespie_2021,literature,ripple,interval,recall,10,0.827451,0.814342,0.842843,0,0,0,1,10,0,0
slow_amplitude,8,slow_amplitude=8,recipe:gillespie_2021_mua,literature,burst,interval,recall,10,0.822086,0.803179,0.839827,0,0,0,1,10,0,0
slow_amplitude,8,slow_amplitude=8,recipe:gridchyn_2020,literature,burst,interval,recall,10,0.891616,0.874123,0.907524,0,0,0,1,10,0,0
slow_amplitude,8,slow_amplitude=8,recipe:grosmark_2016,literature,network,interval,recall,10,0.416514,0.386402,0.448061,0,0,0,1,10,0,0
slow_amplitude,8,slow_amplitude=8,recipe:gupta_2010,literature,ripple,interval,recall,10,0.8,0.777446,0.828924,0,0,0,1,10,0,0
slow_amplitude,8,slow_amplitude=8,recipe:harvey_2023_code,literature,ripple,interval,recall,10,0.563725,0.539941,0.588474,0,0,0,1,10,0,0
slow_amplitude,8,slow_amplitude=8,recipe:harvey_2023_no_radiatum,literature,ripple,interval,recall,10,0.597059,0.577734,0.617905,0,0,0,1,10,0,0
slow_amplitude,8,slow_amplitude=8,recipe:harvey_2023_text,literature,ripple,interval,recall,10,0.490196,0.465738,0.520637,-0.114706,-0.138093,-0.0954752,0.00195312,10,0,0
slow_amplitude,8,slow_amplitude=8,recipe:huelin_gorriz_2023,literature,network,interval,recall,10,0.511009,0.483133,0.539768,0,0,0,1,10,0,0
slow_amplitude,8,slow_amplitude=8,recipe:igata_2021,literature,burst,interval,recall,10,0.932515,0.917901,0.949156,0,0,0,1,10,0,0
slow_amplitude,8,slow_amplitude=8,recipe:igata_2021_ripples,literature,ripple,interval,recall,10,0.872549,0.855652,0.890613,0,0,0,1,10,0,0
slow_amplitude,8,slow_amplitude=8,recipe:jadhav_2016,literature,ripple,interval,recall,10,0.586275,0.554419,0.616468,0,0,0,1,10,0,0
slow_amplitude,8,slow_amplitude=8,recipe:ji_2007,literature,burst,interval,recall,10,0.700409,0.6305,0.748675,0,0,0,1,10,0,0
slow_amplitude,8,slow_amplitude=8,recipe:ji_2007_ripples,literature,ripple,interval,recall,10,0.00490196,0.00101623,0.00883243,0,0,0,1,10,0,0
slow_amplitude,8,slow_amplitude=8,recipe:kaefer_2020,literature,ripple,interval,recall,10,0,0,0,-0.0107843,-0.0155603,-0.00584212,0.015625,10,0,0
slow_amplitude,8,slow_amplitude=8,recipe:karlsson_2009,literature,ripple,interval,recall,10,0.72451,0.706531,0.74433,0,0,0,1,10,0,0
slow_amplitude,8,slow_amplitude=8,recipe:krause_2022,literature,network,interval,recall,10,0.620183,0.594116,0.645529,0,0,0,1,10,0,0
slow_amplitude,8,slow_amplitude=8,recipe:krause_2022_hse,literature,burst,interval,recall,10,0.819018,0.797725,0.839959,0,0,0,1,10,0,0
slow_amplitude,8,slow_amplitude=8,recipe:kudrimoti_1999,literature,ripple,interval,recall,10,0.0245098,0.0174466,0.0338271,0,0,0,1,10,0,0
slow_amplitude,8,slow_amplitude=8,recipe:lee_2002,literature,burst,interval,recall,10,0.949898,0.943786,0.955603,0,0,0,1,10,0,0
slow_amplitude,8,slow_amplitude=8,recipe:lee_2002_ripples,literature,ripple,interval,recall,10,0.0745098,0.0613481,0.0878934,0,0,0,1,10,0,0
slow_amplitude,8,slow_amplitude=8,recipe:liu_2019,literature,burst,interval,recall,10,0.843558,0.811187,0.87384,0,0,0,1,10,0,0
slow_amplitude,8,slow_amplitude=8,recipe:liu_2019_awake,literature,burst,interval,recall,10,0.843558,0.811187,0.87384,0,0,0,1,10,0,0
slow_amplitude,8,slow_amplitude=8,recipe:liu_2023,literature,network,interval,recall,10,0.431193,0.411239,0.451816,0,0,0,1,10,0,0
slow_amplitude,8,slow_amplitude=8,recipe:maboudi_2018,literature,burst,interval,recall,10,0.792434,0.774162,0.811442,0,0,0,1,10,0,0
slow_amplitude,8,slow_amplitude=8,recipe:maboudi_2018_open_field,literature,burst,interval,recall,10,0.737219,0.716188,0.761011,0,0,0,1,10,0,0
slow_amplitude,8,slow_amplitude=8,recipe:mallory_2025,literature,burst,interval,recall,10,0.759714,0.740078,0.779609,0,0,0,1,10,0,0
slow_amplitude,8,slow_amplitude=8,recipe:mallory_2025_ripples,literature,ripple,interval,recall,10,0.690196,0.668886,0.712691,0,0,0,1,10,0,0
slow_amplitude,8,slow_amplitude=8,recipe:michon_2019,literature,network,interval,recall,10,0.250459,0.224122,0.276924,0,0,0,1,10,0,0
slow_amplitude,8,slow_amplitude=8,recipe:michon_2021,literature,network,interval,recall,10,0.250459,0.224122,0.276924,0,0,0,1,10,0,0
slow_amplitude,8,slow_amplitude=8,recipe:mou_2022,literature,burst,interval,recall,10,0.856851,0.829681,0.882724,0,0,0,1,10,0,0
slow_amplitude,8,slow_amplitude=8,recipe:muessig_2019,literature,network,interval,recall,10,0.106422,0.091568,0.12113,0,0,0,1,10,0,0
slow_amplitude,8,slow_amplitude=8,recipe:muessig_2019_ripples,literature,ripple,interval,recall,10,0.87549,0.854298,0.894141,0,0,0,1,10,0,0
slow_amplitude,8,slow_amplitude=8,recipe:nadasdy_1999,literature,ripple,interval,recall,10,0.461765,0.441114,0.485717,0,0,0,1,10,0,0
slow_amplitude,8,slow_amplitude=8,recipe:olafsdottir_2015,literature,burst,interval,recall,10,0.676892,0.654822,0.69798,0,0,0,1,10,0,0
slow_amplitude,8,slow_amplitude=8,recipe:olafsdottir_2015.bayesian_candidates,literature,burst,interval,recall,10,0.612474,0.58635,0.641136,0,0,0,1,10,0,0
slow_amplitude,8,slow_amplitude=8,recipe:olafsdottir_2016,literature,burst,interval,recall,10,0.570552,0.539077,0.609091,0,0,0,1,10,0,0
slow_amplitude,8,slow_amplitude=8,recipe:olafsdottir_2017,literature,burst,interval,recall,10,0.760736,0.745657,0.775992,0,0,0,1,10,0,0
slow_amplitude,8,slow_amplitude=8,recipe:olafsdottir_2017.trajectory,literature,burst,interval,recall,10,0.570552,0.539077,0.609091,0,0,0,1,10,0,0
slow_amplitude,8,slow_amplitude=8,recipe:pfeiffer_2013,literature,burst,interval,recall,10,0.737219,0.716188,0.761011,0,0,0,1,10,0,0
slow_amplitude,8,slow_amplitude=8,recipe:pfeiffer_2013_ripples,literature,ripple,interval,recall,10,0.728431,0.699812,0.754759,0,0,0,1,10,0,0
slow_amplitude,8,slow_amplitude=8,recipe:pfeiffer_2015,literature,ripple,interval,recall,10,0.728431,0.699812,0.754759,0,0,0,1,10,0,0
slow_amplitude,8,slow_amplitude=8,recipe:shin_2019,literature,ripple,interval,recall,10,0.72451,0.706531,0.74433,0,0,0,1,10,0,0
slow_amplitude,8,slow_amplitude=8,recipe:silva_2015,literature,burst,interval,recall,10,0.619632,0.590956,0.648278,0,0,0,1,10,0,0
slow_amplitude,8,slow_amplitude=8,recipe:stella_2019,literature,ripple,interval,recall,10,0.657843,0.639959,0.678035,-0.00882353,-0.0128719,-0.00494071,0.015625,10,0,0
slow_amplitude,8,slow_amplitude=8,recipe:tang_2017,literature,ripple,interval,recall,10,0.72451,0.706531,0.74433,0,0,0,1,10,0,0
slow_amplitude,8,slow_amplitude=8,recipe:tirole_2022,literature,network,interval,recall,10,0.511009,0.483133,0.539768,0,0,0,1,10,0,0
slow_amplitude,8,slow_amplitude=8,recipe:widloski_2025,literature,ripple,interval,recall,10,0.507843,0.469984,0.54879,0,0,0,1,10,0,0
slow_amplitude,8,slow_amplitude=8,recipe:widloski_2025_bursts,literature,burst,interval,recall,10,0.529652,0.491013,0.571436,0,0,0,1,10,0,0
slow_amplitude,8,slow_amplitude=8,recipe:wikenheiser_2013,literature,ripple,interval,recall,10,0.832353,0.80594,0.860302,0,0,0,1,10,0,0
slow_amplitude,8,slow_amplitude=8,recipe:wu_2014,literature,burst,interval,recall,10,0.862986,0.848921,0.877469,0,0,0,1,10,0,0
slow_amplitude,8,slow_amplitude=8,recipe:wu_2014_ripples,literature,ripple,peak_containment,recall,10,0.898039,0.880974,0.916923,0,0,0,1,10,0,0
slow_amplitude,8,slow_amplitude=8,recipe:wu_2017,literature,burst,interval,recall,10,0.534765,0.509803,0.559125,0,0,0,1,10,0,0
slow_amplitude,8,slow_amplitude=8,recipe:xu_2019,literature,burst,interval,recall,10,0.747444,0.729037,0.765482,0,0,0,1,10,0,0
slow_amplitude,8,slow_amplitude=8,recipe:yamamoto_2017,literature,network,interval,recall,10,0.561468,0.529566,0.596138,0,0,0,1,10,0,0
slow_amplitude,8,slow_amplitude=8,recipe:yang_2024,literature,network,interval,recall,10,0.416514,0.386402,0.448061,0,0,0,1,10,0,0
strength_correlation,reference,reference,Carey_candidate_detector,default,network,interval,recall,10,0.817431,0.802458,0.834401,0,0,0,1,10,0,0
strength_correlation,reference,reference,Karlsson_ripple_detector,default,ripple,interval,recall,10,0.72451,0.706531,0.74433,0,0,0,1,10,0,0
strength_correlation,reference,reference,Kay_ripple_detector,default,ripple,interval,recall,10,0.827451,0.814342,0.842843,0,0,0,1,10,0,0
strength_correlation,reference,reference,Long_sharp_wave_ripple_detector,default,ripple,interval,recall,10,0.690196,0.666335,0.713389,0,0,0,1,10,0,0
strength_correlation,reference,reference,Roumis_ripple_detector,default,ripple,interval,recall,10,0.828431,0.813977,0.844765,0,0,0,1,10,0,0
strength_correlation,reference,reference,Shvartsman_ripple_detector,default,ripple,interval,recall,10,0.663725,0.64129,0.687835,0,0,0,1,10,0,0
strength_correlation,reference,reference,Yu_ripple_detector,default,ripple,interval,recall,10,0.848039,0.832833,0.865145,0,0,0,1,10,0,0
strength_correlation,reference,reference,Zugaro_ripple_detector,default,ripple,interval,recall,10,0.67549,0.654252,0.696335,0,0,0,1,10,0,0
strength_correlation,reference,reference,multiunit_HSE_detector,default,burst,interval,recall,10,0.931493,0.917158,0.948138,0,0,0,1,10,0,0
strength_correlation,reference,reference,recipe:ambrose_2016,literature,ripple,interval,recall,10,0.728431,0.699812,0.754759,0,0,0,1,10,0,0
strength_correlation,reference,reference,recipe:bendor_2012,literature,burst,interval,recall,10,0.669734,0.643002,0.697931,0,0,0,1,10,0,0
strength_correlation,reference,reference,recipe:berners_lee_2021,literature,ripple,interval,recall,10,0.790196,0.767908,0.813176,0,0,0,1,10,0,0
strength_correlation,reference,reference,recipe:berners_lee_2022,literature,burst,interval,recall,10,0.683027,0.657603,0.710964,0,0,0,1,10,0,0
strength_correlation,reference,reference,recipe:bhattarai_2020,literature,network,interval,recall,10,0.383486,0.36426,0.404432,0,0,0,1,10,0,0
strength_correlation,reference,reference,recipe:bhattarai_2020_ripples,literature,ripple,interval,recall,10,0.464706,0.436362,0.495339,0,0,0,1,10,0,0
strength_correlation,reference,reference,recipe:bush_2022,literature,burst,interval,recall,10,0.630879,0.597014,0.668706,0,0,0,1,10,0,0
strength_correlation,reference,reference,recipe:carey_2019,literature,network,interval,recall,10,0.825688,0.806478,0.843953,0,0,0,1,10,0,0
strength_correlation,reference,reference,recipe:carr_2012,literature,ripple,interval,recall,10,0.72451,0.706531,0.74433,0,0,0,1,10,0,0
strength_correlation,reference,reference,recipe:chenani_2019,literature,burst,interval,recall,10,0.686094,0.665608,0.709887,0,0,0,1,10,0,0
strength_correlation,reference,reference,recipe:davidson_2009,literature,burst,interval,recall,10,0.801636,0.785994,0.820324,0,0,0,1,10,0,0
strength_correlation,reference,reference,recipe:davidson_2009_ripples,literature,ripple,peak_containment,recall,10,0.87549,0.851889,0.898297,0,0,0,1,10,0,0
strength_correlation,reference,reference,recipe:denovellis_2021,literature,ripple,interval,recall,10,0.828431,0.815282,0.842262,0,0,0,1,10,0,0
strength_correlation,reference,reference,recipe:denovellis_2021_mua,literature,burst,interval,recall,10,0.93047,0.916838,0.946485,0,0,0,1,10,0,0
strength_correlation,reference,reference,recipe:diba_2007,literature,burst,interval,recall,10,0.256646,0.22654,0.287224,0,0,0,1,10,0,0
strength_correlation,reference,reference,recipe:drieu_2018,literature,burst,interval,recall,10,0.786299,0.775775,0.797509,0,0,0,1,10,0,0
strength_correlation,reference,reference,recipe:farooq_2019_neuron,literature,burst,interval,recall,10,0.280164,0.243652,0.32154,0,0,0,1,10,0,0
strength_correlation,reference,reference,recipe:farooq_2019_science,literature,burst,interval,recall,10,0.278119,0.242423,0.318476,0,0,0,1,10,0,0
strength_correlation,reference,reference,recipe:farooq_2019_science_awake,literature,burst,interval,recall,10,0.278119,0.242423,0.318476,0,0,0,1,10,0,0
strength_correlation,reference,reference,recipe:foster_2006,literature,burst,interval,recall,10,0.148262,0.127082,0.172862,0,0,0,1,10,0,0
strength_correlation,reference,reference,recipe:foster_2006_ripples,literature,ripple,interval,recall,10,0.0745098,0.0613481,0.0878934,0,0,0,1,10,0,0
strength_correlation,reference,reference,recipe:gillespie_2021,literature,ripple,interval,recall,10,0.827451,0.814342,0.842843,0,0,0,1,10,0,0
strength_correlation,reference,reference,recipe:gillespie_2021_mua,literature,burst,interval,recall,10,0.822086,0.803179,0.839827,0,0,0,1,10,0,0
strength_correlation,reference,reference,recipe:gridchyn_2020,literature,burst,interval,recall,10,0.891616,0.874123,0.907524,0,0,0,1,10,0,0
strength_correlation,reference,reference,recipe:grosmark_2016,literature,network,interval,recall,10,0.416514,0.386402,0.448061,0,0,0,1,10,0,0
strength_correlation,reference,reference,recipe:gupta_2010,literature,ripple,interval,recall,10,0.8,0.777446,0.828924,0,0,0,1,10,0,0
strength_correlation,reference,reference,recipe:harvey_2023_code,literature,ripple,interval,recall,10,0.563725,0.539941,0.588474,0,0,0,1,10,0,0
strength_correlation,reference,reference,recipe:harvey_2023_no_radiatum,literature,ripple,interval,recall,10,0.597059,0.577734,0.617905,0,0,0,1,10,0,0
strength_correlation,reference,reference,recipe:harvey_2023_text,literature,ripple,interval,recall,10,0.604902,0.587255,0.62526,0,0,0,1,10,0,0
strength_correlation,reference,reference,recipe:huelin_gorriz_2023,literature,network,interval,recall,10,0.511009,0.483133,0.539768,0,0,0,1,10,0,0
strength_correlation,reference,reference,recipe:igata_2021,literature,burst,interval,recall,10,0.932515,0.917901,0.949156,0,0,0,1,10,0,0
strength_correlation,reference,reference,recipe:igata_2021_ripples,literature,ripple,interval,recall,10,0.872549,0.855652,0.890613,0,0,0,1,10,0,0
strength_correlation,reference,reference,recipe:jadhav_2016,literature,ripple,interval,recall,10,0.586275,0.554419,0.616468,0,0,0,1,10,0,0
strength_correlation,reference,reference,recipe:ji_2007,literature,burst,interval,recall,10,0.700409,0.6305,0.748675,0,0,0,1,10,0,0
strength_correlation,reference,reference,recipe:ji_2007_ripples,literature,ripple,interval,recall,10,0.00490196,0.00101623,0.00883243,0,0,0,1,10,0,0
strength_correlation,reference,reference,recipe:kaefer_2020,literature,ripple,interval,recall,10,0.0107843,0.00584212,0.0155603,0,0,0,1,10,0,0
strength_correlation,reference,reference,recipe:karlsson_2009,literature,ripple,interval,recall,10,0.72451,0.706531,0.74433,0,0,0,1,10,0,0
strength_correlation,reference,reference,recipe:krause_2022,literature,network,interval,recall,10,0.620183,0.594116,0.645529,0,0,0,1,10,0,0
strength_correlation,reference,reference,recipe:krause_2022_hse,literature,burst,interval,recall,10,0.819018,0.797725,0.839959,0,0,0,1,10,0,0
strength_correlation,reference,reference,recipe:kudrimoti_1999,literature,ripple,interval,recall,10,0.0245098,0.0174466,0.0338271,0,0,0,1,10,0,0
strength_correlation,reference,reference,recipe:lee_2002,literature,burst,interval,recall,10,0.949898,0.943786,0.955603,0,0,0,1,10,0,0
strength_correlation,reference,reference,recipe:lee_2002_ripples,literature,ripple,interval,recall,10,0.0745098,0.0613481,0.0878934,0,0,0,1,10,0,0
strength_correlation,reference,reference,recipe:liu_2019,literature,burst,interval,recall,10,0.843558,0.811187,0.87384,0,0,0,1,10,0,0
strength_correlation,reference,reference,recipe:liu_2019_awake,literature,burst,interval,recall,10,0.843558,0.811187,0.87384,0,0,0,1,10,0,0
strength_correlation,reference,reference,recipe:liu_2023,literature,network,interval,recall,10,0.431193,0.411239,0.451816,0,0,0,1,10,0,0
strength_correlation,reference,reference,recipe:maboudi_2018,literature,burst,interval,recall,10,0.792434,0.774162,0.811442,0,0,0,1,10,0,0
strength_correlation,reference,reference,recipe:maboudi_2018_open_field,literature,burst,interval,recall,10,0.737219,0.716188,0.761011,0,0,0,1,10,0,0
strength_correlation,reference,reference,recipe:mallory_2025,literature,burst,interval,recall,10,0.759714,0.740078,0.779609,0,0,0,1,10,0,0
strength_correlation,reference,reference,recipe:mallory_2025_ripples,literature,ripple,interval,recall,10,0.690196,0.668886,0.712691,0,0,0,1,10,0,0
strength_correlation,reference,reference,recipe:michon_2019,literature,network,interval,recall,10,0.250459,0.224122,0.276924,0,0,0,1,10,0,0
strength_correlation,reference,reference,recipe:michon_2021,literature,network,interval,recall,10,0.250459,0.224122,0.276924,0,0,0,1,10,0,0
strength_correlation,reference,reference,recipe:mou_2022,literature,burst,interval,recall,10,0.856851,0.829681,0.882724,0,0,0,1,10,0,0
strength_correlation,reference,reference,recipe:muessig_2019,literature,network,interval,recall,10,0.106422,0.091568,0.12113,0,0,0,1,10,0,0
strength_correlation,reference,reference,recipe:muessig_2019_ripples,literature,ripple,interval,recall,10,0.87549,0.854298,0.894141,0,0,0,1,10,0,0
strength_correlation,reference,reference,recipe:nadasdy_1999,literature,ripple,interval,recall,10,0.461765,0.441114,0.485717,0,0,0,1,10,0,0
strength_correlation,reference,reference,recipe:olafsdottir_2015,literature,burst,interval,recall,10,0.676892,0.654822,0.69798,0,0,0,1,10,0,0
strength_correlation,reference,reference,recipe:olafsdottir_2015.bayesian_candidates,literature,burst,interval,recall,10,0.612474,0.58635,0.641136,0,0,0,1,10,0,0
strength_correlation,reference,reference,recipe:olafsdottir_2016,literature,burst,interval,recall,10,0.570552,0.539077,0.609091,0,0,0,1,10,0,0
strength_correlation,reference,reference,recipe:olafsdottir_2017,literature,burst,interval,recall,10,0.760736,0.745657,0.775992,0,0,0,1,10,0,0
strength_correlation,reference,reference,recipe:olafsdottir_2017.trajectory,literature,burst,interval,recall,10,0.570552,0.539077,0.609091,0,0,0,1,10,0,0
strength_correlation,reference,reference,recipe:pfeiffer_2013,literature,burst,interval,recall,10,0.737219,0.716188,0.761011,0,0,0,1,10,0,0
strength_correlation,reference,reference,recipe:pfeiffer_2013_ripples,literature,ripple,interval,recall,10,0.728431,0.699812,0.754759,0,0,0,1,10,0,0
strength_correlation,reference,reference,recipe:pfeiffer_2015,literature,ripple,interval,recall,10,0.728431,0.699812,0.754759,0,0,0,1,10,0,0
strength_correlation,reference,reference,recipe:shin_2019,literature,ripple,interval,recall,10,0.72451,0.706531,0.74433,0,0,0,1,10,0,0
strength_correlation,reference,reference,recipe:silva_2015,literature,burst,interval,recall,10,0.619632,0.590956,0.648278,0,0,0,1,10,0,0
strength_correlation,reference,reference,recipe:stella_2019,literature,ripple,interval,recall,10,0.666667,0.649493,0.685394,0,0,0,1,10,0,0
strength_correlation,reference,reference,recipe:tang_2017,literature,ripple,interval,recall,10,0.72451,0.706531,0.74433,0,0,0,1,10,0,0
strength_correlation,reference,reference,recipe:tirole_2022,literature,network,interval,recall,10,0.511009,0.483133,0.539768,0,0,0,1,10,0,0
strength_correlation,reference,reference,recipe:widloski_2025,literature,ripple,interval,recall,10,0.507843,0.469984,0.54879,0,0,0,1,10,0,0
strength_correlation,reference,reference,recipe:widloski_2025_bursts,literature,burst,interval,recall,10,0.529652,0.491013,0.571436,0,0,0,1,10,0,0
strength_correlation,reference,reference,recipe:wikenheiser_2013,literature,ripple,interval,recall,10,0.832353,0.80594,0.860302,0,0,0,1,10,0,0
strength_correlation,reference,reference,recipe:wu_2014,literature,burst,interval,recall,10,0.862986,0.848921,0.877469,0,0,0,1,10,0,0
strength_correlation,reference,reference,recipe:wu_2014_ripples,literature,ripple,peak_containment,recall,10,0.898039,0.880974,0.916923,0,0,0,1,10,0,0
strength_correlation,reference,reference,recipe:wu_2017,literature,burst,interval,recall,10,0.534765,0.509803,0.559125,0,0,0,1,10,0,0
strength_correlation,reference,reference,recipe:xu_2019,literature,burst,interval,recall,10,0.747444,0.729037,0.765482,0,0,0,1,10,0,0
strength_correlation,reference,reference,recipe:yamamoto_2017,literature,network,interval,recall,10,0.561468,0.529566,0.596138,0,0,0,1,10,0,0
strength_correlation,reference,reference,recipe:yang_2024,literature,network,interval,recall,10,0.416514,0.386402,0.448061,0,0,0,1,10,0,0
strength_correlation,coupled,strength_correlation=coupled,Carey_candidate_detector,default,network,interval,recall,10,0.811927,0.792362,0.831107,-0.00550459,-0.0241503,0.011279,0.671875,10,0,0
strength_correlation,coupled,strength_correlation=coupled,Karlsson_ripple_detector,default,ripple,interval,recall,10,0.715686,0.689586,0.744187,-0.00882353,-0.021296,0.00509165,0.320312,10,0,0
strength_correlation,coupled,strength_correlation=coupled,Kay_ripple_detector,default,ripple,interval,recall,10,0.808824,0.791145,0.830154,-0.0186275,-0.0335449,-0.00206757,0.0859375,10,0,0
strength_correlation,coupled,strength_correlation=coupled,Long_sharp_wave_ripple_detector,default,ripple,interval,recall,10,0.696078,0.672361,0.718785,0.00588235,-0.0187028,0.0319014,0.675781,10,0,0
strength_correlation,coupled,strength_correlation=coupled,Roumis_ripple_detector,default,ripple,interval,recall,10,0.812745,0.79568,0.831975,-0.0156863,-0.0305652,0,0.115234,10,0,0
strength_correlation,coupled,strength_correlation=coupled,Shvartsman_ripple_detector,default,ripple,interval,recall,10,0.64902,0.612663,0.683896,-0.0147059,-0.0348179,0.0060376,0.222656,10,0,0
strength_correlation,coupled,strength_correlation=coupled,Yu_ripple_detector,default,ripple,interval,recall,10,0.844118,0.826245,0.86207,-0.00392157,-0.0148221,0.00583233,0.457031,10,0,0
strength_correlation,coupled,strength_correlation=coupled,Zugaro_ripple_detector,default,ripple,interval,recall,10,0.665686,0.626776,0.702055,-0.00980392,-0.0393175,0.0213805,0.460938,10,0,0
strength_correlation,coupled,strength_correlation=coupled,multiunit_HSE_detector,default,burst,interval,recall,10,0.928425,0.913894,0.945236,-0.00306748,-0.0131846,0.00966728,0.765625,10,0,0
strength_correlation,coupled,strength_correlation=coupled,recipe:ambrose_2016,literature,ripple,interval,recall,10,0.717647,0.692308,0.747161,-0.0107843,-0.0278561,0.00583321,0.320312,10,0,0
strength_correlation,coupled,strength_correlation=coupled,recipe:bendor_2012,literature,burst,interval,recall,10,0.662577,0.632399,0.694528,-0.00715746,-0.0293862,0.0119166,0.46875,10,0,0
strength_correlation,coupled,strength_correlation=coupled,recipe:berners_lee_2021,literature,ripple,interval,recall,10,0.776471,0.751174,0.805331,-0.0137255,-0.0205225,-0.00489704,0.0351562,10,0,0
strength_correlation,coupled,strength_correlation=coupled,recipe:berners_lee_2022,literature,burst,interval,recall,10,0.680982,0.644578,0.719046,-0.00204499,-0.0183597,0.0146302,0.835938,10,0,0
strength_correlation,coupled,strength_correlation=coupled,recipe:bhattarai_2020,literature,network,interval,recall,10,0.391743,0.366762,0.415962,0.00825688,-0.0173935,0.028421,0.587891,10,0,0
strength_correlation,coupled,strength_correlation=coupled,recipe:bhattarai_2020_ripples,literature,ripple,interval,recall,10,0.463725,0.439049,0.490606,-0.000980392,-0.0194556,0.0134357,0.792969,10,0,0
strength_correlation,coupled,strength_correlation=coupled,recipe:bush_2022,literature,burst,interval,recall,10,0.634969,0.604034,0.668369,0.00408998,-0.00912802,0.0189683,0.59375,10,0,0
strength_correlation,coupled,strength_correlation=coupled,recipe:carey_2019,literature,network,interval,recall,10,0.829358,0.80622,0.851861,0.00366972,-0.00803716,0.0147472,0.46875,10,0,0
strength_correlation,coupled,strength_correlation=coupled,recipe:carr_2012,literature,ripple,interval,recall,10,0.715686,0.689586,0.744187,-0.00882353,-0.021296,0.00509165,0.320312,10,0,0
strength_correlation,coupled,strength_correlation=coupled,recipe:chenani_2019,literature,burst,interval,recall,10,0.692229,0.670242,0.71444,0.00613497,-0.00939531,0.0221552,0.519531,10,0,0
strength_correlation,coupled,strength_correlation=coupled,recipe:davidson_2009,literature,burst,interval,recall,10,0.796524,0.772774,0.821156,-0.00511247,-0.0221328,0.01198,0.523438,10,0,0
strength_correlation,coupled,strength_correlation=coupled,recipe:davidson_2009_ripples,literature,ripple,peak_containment,recall,10,0.859804,0.834834,0.879242,-0.0156863,-0.0323268,-0.000925714,0.09375,10,0,0
strength_correlation,coupled,strength_correlation=coupled,recipe:denovellis_2021,literature,ripple,interval,recall,10,0.810784,0.793969,0.829273,-0.0176471,-0.0311909,-0.00308634,0.0585938,10,0,0
strength_correlation,coupled,strength_correlation=coupled,recipe:denovellis_2021_mua,literature,burst,interval,recall,10,0.927403,0.913725,0.942921,-0.00306748,-0.0121347,0.00751174,0.71875,10,0,0
strength_correlation,coupled,strength_correlation=coupled,recipe:diba_2007,literature,burst,interval,recall,10,0.277096,0.249751,0.305178,0.0204499,0.0101828,0.0319686,0.0078125,10,0,0
strength_correlation,coupled,strength_correlation=coupled,recipe:drieu_2018,literature,burst,interval,recall,10,0.781186,0.751765,0.807181,-0.00511247,-0.0320531,0.0185004,0.728516,10,0,0
strength_correlation,coupled,strength_correlation=coupled,recipe:farooq_2019_neuron,literature,burst,interval,recall,10,0.286299,0.251497,0.320882,0.00613497,-0.0144479,0.0264259,0.546875,10,0,0
strength_correlation,coupled,strength_correlation=coupled,recipe:farooq_2019_science,literature,burst,interval,recall,10,0.278119,0.246613,0.31049,0,-0.0208992,0.0211699,1,10,0,0
strength_correlation,coupled,strength_correlation=coupled,recipe:farooq_2019_science_awake,literature,burst,interval,recall,10,0.278119,0.246613,0.31049,0,-0.0208992,0.0211699,1,10,0,0
strength_correlation,coupled,strength_correlation=coupled,recipe:foster_2006,literature,burst,interval,recall,10,0.147239,0.12551,0.171942,-0.00102249,-0.016918,0.0163598,0.953125,10,0,0
strength_correlation,coupled,strength_correlation=coupled,recipe:foster_2006_ripples,literature,ripple,interval,recall,10,0.0754902,0.0593468,0.0903783,0.000980392,-0.0148669,0.0163469,0.835938,10,0,0
strength_correlation,coupled,strength_correlation=coupled,recipe:gillespie_2021,literature,ripple,interval,recall,10,0.808824,0.791145,0.830154,-0.0186275,-0.0335449,-0.00206757,0.0859375,10,0,0
strength_correlation,coupled,strength_correlation=coupled,recipe:gillespie_2021_mua,literature,burst,interval,recall,10,0.813906,0.786073,0.837926,-0.00817996,-0.0269151,0.00901849,0.375,10,0,0
strength_correlation,coupled,strength_correlation=coupled,recipe:gridchyn_2020,literature,burst,interval,recall,10,0.889571,0.873253,0.907408,-0.00204499,-0.0168826,0.0148015,0.833984,10,0,0
strength_correlation,coupled,strength_correlation=coupled,recipe:grosmark_2016,literature,network,interval,recall,10,0.445872,0.411324,0.478429,0.0293578,0.0135652,0.0452567,0.015625,10,0,0
strength_correlation,coupled,strength_correlation=coupled,recipe:gupta_2010,literature,ripple,interval,recall,10,0.770588,0.752602,0.790274,-0.0294118,-0.0488068,-0.00804,0.046875,10,0,0
strength_correlation,coupled,strength_correlation=coupled,recipe:harvey_2023_code,literature,ripple,interval,recall,10,0.582353,0.550149,0.612778,0.0186275,-0.00924216,0.0505568,0.359375,10,0,0
strength_correlation,coupled,strength_correlation=coupled,recipe:harvey_2023_no_radiatum,literature,ripple,interval,recall,10,0.617647,0.582963,0.653003,0.0205882,-0.00472499,0.0476722,0.162109,10,0,0
strength_correlation,coupled,strength_correlation=coupled,recipe:harvey_2023_text,literature,ripple,interval,recall,10,0.602941,0.575757,0.63085,-0.00196078,-0.0243932,0.0200234,0.835938,10,0,0
strength_correlation,coupled,strength_correlation=coupled,recipe:huelin_gorriz_2023,literature,network,interval,recall,10,0.510092,0.490382,0.532547,-0.000917431,-0.0165911,0.0164241,0.957031,10,0,0
strength_correlation,coupled,strength_correlation=coupled,recipe:igata_2021,literature,burst,interval,recall,10,0.933538,0.918525,0.95122,0.00102249,-0.00686948,0.0105826,0.679688,10,0,0
strength_correlation,coupled,strength_correlation=coupled,recipe:igata_2021_ripples,literature,ripple,interval,recall,10,0.859804,0.844504,0.87658,-0.0127451,-0.0259615,-0.000961423,0.125,10,0,0
strength_correlation,coupled,strength_correlation=coupled,recipe:jadhav_2016,literature,ripple,interval,recall,10,0.57549,0.542459,0.609713,-0.0107843,-0.0216577,0,0.148438,10,0,0
strength_correlation,coupled,strength_correlation=coupled,recipe:ji_2007,literature,burst,interval,recall,10,0.699387,0.646754,0.750257,-0.00102249,-0.0568278,0.0584736,0.892578,10,0,0
strength_correlation,coupled,strength_correlation=coupled,recipe:ji_2007_ripples,literature,ripple,interval,recall,10,0.00392157,0.000998004,0.00684262,-0.000980392,-0.00289303,0,1,10,0,0
strength_correlation,coupled,strength_correlation=coupled,recipe:kaefer_2020,literature,ripple,interval,recall,10,0.0117647,0.00712052,0.0161581,0.000980392,-0.00407768,0.00703571,0.78125,10,0,0
strength_correlation,coupled,strength_correlation=coupled,recipe:karlsson_2009,literature,ripple,interval,recall,10,0.715686,0.689586,0.744187,-0.00882353,-0.021296,0.00509165,0.320312,10,0,0
strength_correlation,coupled,strength_correlation=coupled,recipe:krause_2022,literature,network,interval,recall,10,0.612844,0.589743,0.633906,-0.00733945,-0.0232558,0.00948789,0.46875,10,0,0
strength_correlation,coupled,strength_correlation=coupled,recipe:krause_2022_hse,literature,burst,interval,recall,10,0.813906,0.786227,0.838058,-0.00511247,-0.0218765,0.0105821,0.542969,10,0,0
strength_correlation,coupled,strength_correlation=coupled,recipe:kudrimoti_1999,literature,ripple,interval,recall,10,0.0156863,0.010839,0.0209582,-0.00882353,-0.0180741,-0.00095048,0.125,10,0,0
strength_correlation,coupled,strength_correlation=coupled,recipe:lee_2002,literature,burst,interval,recall,10,0.94683,0.938475,0.954643,-0.00306748,-0.0148309,0.00789753,0.523438,10,0,0
strength_correlation,coupled,strength_correlation=coupled,recipe:lee_2002_ripples,literature,ripple,interval,recall,10,0.0754902,0.0593468,0.0903783,0.000980392,-0.0148669,0.0163469,0.835938,10,0,0
strength_correlation,coupled,strength_correlation=coupled,recipe:liu_2019,literature,burst,interval,recall,10,0.830266,0.799803,0.863685,-0.0132924,-0.0355757,0.0106864,0.390625,10,0,0
strength_correlation,coupled,strength_correlation=coupled,recipe:liu_2019_awake,literature,burst,interval,recall,10,0.830266,0.799803,0.863685,-0.0132924,-0.0355757,0.0106864,0.390625,10,0,0
strength_correlation,coupled,strength_correlation=coupled,recipe:liu_2023,literature,network,interval,recall,10,0.436697,0.409042,0.464424,0.00550459,-0.00975522,0.0207177,0.570312,10,0,0
strength_correlation,coupled,strength_correlation=coupled,recipe:maboudi_2018,literature,burst,interval,recall,10,0.786299,0.755621,0.814255,-0.00613497,-0.0332306,0.0121105,0.789062,10,0,0
strength_correlation,coupled,strength_correlation=coupled,recipe:maboudi_2018_open_field,literature,burst,interval,recall,10,0.748466,0.729728,0.774466,0.0112474,-0.00214397,0.0245507,0.175781,10,0,0
strength_correlation,coupled,strength_correlation=coupled,recipe:mallory_2025,literature,burst,interval,recall,10,0.778119,0.751059,0.80567,0.0184049,-2.43665e-05,0.0350168,0.0898438,10,0,0
strength_correlation,coupled,strength_correlation=coupled,recipe:mallory_2025_ripples,literature,ripple,interval,recall,10,0.678431,0.649151,0.704328,-0.0117647,-0.0273867,0.00102775,0.195312,10,0,0
strength_correlation,coupled,strength_correlation=coupled,recipe:michon_2019,literature,network,interval,recall,10,0.254128,0.238897,0.269696,0.00366972,-0.0211962,0.0266799,0.773438,10,0,0
strength_correlation,coupled,strength_correlation=coupled,recipe:michon_2021,literature,network,interval,recall,10,0.254128,0.238897,0.269696,0.00366972,-0.0211962,0.0266799,0.773438,10,0,0
strength_correlation,coupled,strength_correlation=coupled,recipe:mou_2022,literature,burst,interval,recall,10,0.860941,0.8255,0.890802,0.00408998,-0.0247301,0.0318323,0.78125,10,0,0
strength_correlation,coupled,strength_correlation=coupled,recipe:muessig_2019,literature,network,interval,recall,10,0.0981651,0.0842978,0.113261,-0.00825688,-0.0215256,0.00452121,0.234375,10,0,0
strength_correlation,coupled,strength_correlation=coupled,recipe:muessig_2019_ripples,literature,ripple,interval,recall,10,0.87549,0.85373,0.894628,0,-0.0109307,0.0150312,0.878906,10,0,0
strength_correlation,coupled,strength_correlation=coupled,recipe:nadasdy_1999,literature,ripple,interval,recall,10,0.460784,0.434403,0.486434,-0.000980392,-0.020616,0.0174007,0.953125,10,0,0
strength_correlation,coupled,strength_correlation=coupled,recipe:olafsdottir_2015,literature,burst,interval,recall,10,0.674847,0.657503,0.689026,-0.00204499,-0.0191693,0.0162107,0.71875,10,0,0
strength_correlation,coupled,strength_correlation=coupled,recipe:olafsdottir_2015.bayesian_candidates,literature,burst,interval,recall,10,0.611452,0.589094,0.634401,-0.00102249,-0.0196683,0.0198332,0.941406,10,0,0
strength_correlation,coupled,strength_correlation=coupled,recipe:olafsdottir_2016,literature,burst,interval,recall,10,0.57362,0.547738,0.604992,0.00306748,-0.0116786,0.018596,0.664062,10,0,0
strength_correlation,coupled,strength_correlation=coupled,recipe:olafsdottir_2017,literature,burst,interval,recall,10,0.746421,0.728137,0.766462,-0.0143149,-0.0299288,0.00102807,0.109375,10,0,0
strength_correlation,coupled,strength_correlation=coupled,recipe:olafsdottir_2017.trajectory,literature,burst,interval,recall,10,0.57362,0.547738,0.604992,0.00306748,-0.0116786,0.018596,0.664062,10,0,0
strength_correlation,coupled,strength_correlation=coupled,recipe:pfeiffer_2013,literature,burst,interval,recall,10,0.748466,0.729728,0.774466,0.0112474,-0.00214397,0.0245507,0.175781,10,0,0
strength_correlation,coupled,strength_correlation=coupled,recipe:pfeiffer_2013_ripples,literature,ripple,interval,recall,10,0.717647,0.692308,0.747161,-0.0107843,-0.0278561,0.00583321,0.320312,10,0,0
strength_correlation,coupled,strength_correlation=coupled,recipe:pfeiffer_2015,literature,ripple,interval,recall,10,0.717647,0.692308,0.747161,-0.0107843,-0.0278561,0.00583321,0.320312,10,0,0
strength_correlation,coupled,strength_correlation=coupled,recipe:shin_2019,literature,ripple,interval,recall,10,0.715686,0.689586,0.744187,-0.00882353,-0.021296,0.00509165,0.320312,10,0,0
strength_correlation,coupled,strength_correlation=coupled,recipe:silva_2015,literature,burst,interval,recall,10,0.629857,0.602708,0.665282,0.0102249,-0.007114,0.0288283,0.298828,10,0,0
strength_correlation,coupled,strength_correlation=coupled,recipe:stella_2019,literature,ripple,interval,recall,10,0.641176,0.617284,0.661553,-0.0254902,-0.0513602,-0.00484461,0.0742188,10,0,0
strength_correlation,coupled,strength_correlation=coupled,recipe:tang_2017,literature,ripple,interval,recall,10,0.715686,0.689586,0.744187,-0.00882353,-0.021296,0.00509165,0.320312,10,0,0
strength_correlation,coupled,strength_correlation=coupled,recipe:tirole_2022,literature,network,interval,recall,10,0.510092,0.490382,0.532547,-0.000917431,-0.0165911,0.0164241,0.957031,10,0,0
strength_correlation,coupled,strength_correlation=coupled,recipe:widloski_2025,literature,ripple,interval,recall,10,0.498039,0.45661,0.540489,-0.00980392,-0.0265674,0.00707876,0.320312,10,0,0
strength_correlation,coupled,strength_correlation=coupled,recipe:widloski_2025_bursts,literature,burst,interval,recall,10,0.550102,0.50676,0.596185,0.0204499,-0.00206207,0.0422691,0.128906,10,0,0
strength_correlation,coupled,strength_correlation=coupled,recipe:wikenheiser_2013,literature,ripple,interval,recall,10,0.826471,0.799995,0.854511,-0.00588235,-0.0131732,0,0.125,10,0,0
strength_correlation,coupled,strength_correlation=coupled,recipe:wu_2014,literature,burst,interval,recall,10,0.854806,0.840155,0.871902,-0.00817996,-0.0241485,0.00721687,0.371094,10,0,0
strength_correlation,coupled,strength_correlation=coupled,recipe:wu_2014_ripples,literature,ripple,peak_containment,recall,10,0.888235,0.868744,0.9066,-0.00980392,-0.0209546,0.00300353,0.224609,10,0,0
strength_correlation,coupled,strength_correlation=coupled,recipe:wu_2017,literature,burst,interval,recall,10,0.52454,0.486124,0.559325,-0.0102249,-0.04973,0.0252118,0.572266,10,0,0
strength_correlation,coupled,strength_correlation=coupled,recipe:xu_2019,literature,burst,interval,recall,10,0.762781,0.739753,0.784129,0.0153374,0,0.0324612,0.142578,10,0,0
strength_correlation,coupled,strength_correlation=coupled,recipe:yamamoto_2017,literature,network,interval,recall,10,0.557798,0.53922,0.572486,-0.00366972,-0.0274746,0.017581,0.763672,10,0,0
strength_correlation,coupled,strength_correlation=coupled,recipe:yang_2024,literature,network,interval,recall,10,0.445872,0.411324,0.478429,0.0293578,0.0135652,0.0452567,0.015625,10,0,0
spatial_profile,reference,reference,Carey_candidate_detector,default,network,interval,recall,10,0.817431,0.802458,0.834401,0,0,0,1,10,0,0
spatial_profile,reference,reference,Karlsson_ripple_detector,default,ripple,interval,recall,10,0.72451,0.706531,0.74433,0,0,0,1,10,0,0
spatial_profile,reference,reference,Kay_ripple_detector,default,ripple,interval,recall,10,0.827451,0.814342,0.842843,0,0,0,1,10,0,0
spatial_profile,reference,reference,Long_sharp_wave_ripple_detector,default,ripple,interval,recall,10,0.690196,0.666335,0.713389,0,0,0,1,10,0,0
spatial_profile,reference,reference,Roumis_ripple_detector,default,ripple,interval,recall,10,0.828431,0.813977,0.844765,0,0,0,1,10,0,0
spatial_profile,reference,reference,Shvartsman_ripple_detector,default,ripple,interval,recall,10,0.663725,0.64129,0.687835,0,0,0,1,10,0,0
spatial_profile,reference,reference,Yu_ripple_detector,default,ripple,interval,recall,10,0.848039,0.832833,0.865145,0,0,0,1,10,0,0
spatial_profile,reference,reference,Zugaro_ripple_detector,default,ripple,interval,recall,10,0.67549,0.654252,0.696335,0,0,0,1,10,0,0
spatial_profile,reference,reference,multiunit_HSE_detector,default,burst,interval,recall,10,0.931493,0.917158,0.948138,0,0,0,1,10,0,0
spatial_profile,reference,reference,recipe:ambrose_2016,literature,ripple,interval,recall,10,0.728431,0.699812,0.754759,0,0,0,1,10,0,0
spatial_profile,reference,reference,recipe:bendor_2012,literature,burst,interval,recall,10,0.669734,0.643002,0.697931,0,0,0,1,10,0,0
spatial_profile,reference,reference,recipe:berners_lee_2021,literature,ripple,interval,recall,10,0.790196,0.767908,0.813176,0,0,0,1,10,0,0
spatial_profile,reference,reference,recipe:berners_lee_2022,literature,burst,interval,recall,10,0.683027,0.657603,0.710964,0,0,0,1,10,0,0
spatial_profile,reference,reference,recipe:bhattarai_2020,literature,network,interval,recall,10,0.383486,0.36426,0.404432,0,0,0,1,10,0,0
spatial_profile,reference,reference,recipe:bhattarai_2020_ripples,literature,ripple,interval,recall,10,0.464706,0.436362,0.495339,0,0,0,1,10,0,0
spatial_profile,reference,reference,recipe:bush_2022,literature,burst,interval,recall,10,0.630879,0.597014,0.668706,0,0,0,1,10,0,0
spatial_profile,reference,reference,recipe:carey_2019,literature,network,interval,recall,10,0.825688,0.806478,0.843953,0,0,0,1,10,0,0
spatial_profile,reference,reference,recipe:carr_2012,literature,ripple,interval,recall,10,0.72451,0.706531,0.74433,0,0,0,1,10,0,0
spatial_profile,reference,reference,recipe:chenani_2019,literature,burst,interval,recall,10,0.686094,0.665608,0.709887,0,0,0,1,10,0,0
spatial_profile,reference,reference,recipe:davidson_2009,literature,burst,interval,recall,10,0.801636,0.785994,0.820324,0,0,0,1,10,0,0
spatial_profile,reference,reference,recipe:davidson_2009_ripples,literature,ripple,peak_containment,recall,10,0.87549,0.851889,0.898297,0,0,0,1,10,0,0
spatial_profile,reference,reference,recipe:denovellis_2021,literature,ripple,interval,recall,10,0.828431,0.815282,0.842262,0,0,0,1,10,0,0
spatial_profile,reference,reference,recipe:denovellis_2021_mua,literature,burst,interval,recall,10,0.93047,0.916838,0.946485,0,0,0,1,10,0,0
spatial_profile,reference,reference,recipe:diba_2007,literature,burst,interval,recall,10,0.256646,0.22654,0.287224,0,0,0,1,10,0,0
spatial_profile,reference,reference,recipe:drieu_2018,literature,burst,interval,recall,10,0.786299,0.775775,0.797509,0,0,0,1,10,0,0
spatial_profile,reference,reference,recipe:farooq_2019_neuron,literature,burst,interval,recall,10,0.280164,0.243652,0.32154,0,0,0,1,10,0,0
spatial_profile,reference,reference,recipe:farooq_2019_science,literature,burst,interval,recall,10,0.278119,0.242423,0.318476,0,0,0,1,10,0,0
spatial_profile,reference,reference,recipe:farooq_2019_science_awake,literature,burst,interval,recall,10,0.278119,0.242423,0.318476,0,0,0,1,10,0,0
spatial_profile,reference,reference,recipe:foster_2006,literature,burst,interval,recall,10,0.148262,0.127082,0.172862,0,0,0,1,10,0,0
spatial_profile,reference,reference,recipe:foster_2006_ripples,literature,ripple,interval,recall,10,0.0745098,0.0613481,0.0878934,0,0,0,1,10,0,0
spatial_profile,reference,reference,recipe:gillespie_2021,literature,ripple,interval,recall,10,0.827451,0.814342,0.842843,0,0,0,1,10,0,0
spatial_profile,reference,reference,recipe:gillespie_2021_mua,literature,burst,interval,recall,10,0.822086,0.803179,0.839827,0,0,0,1,10,0,0
spatial_profile,reference,reference,recipe:gridchyn_2020,literature,burst,interval,recall,10,0.891616,0.874123,0.907524,0,0,0,1,10,0,0
spatial_profile,reference,reference,recipe:grosmark_2016,literature,network,interval,recall,10,0.416514,0.386402,0.448061,0,0,0,1,10,0,0
spatial_profile,reference,reference,recipe:gupta_2010,literature,ripple,interval,recall,10,0.8,0.777446,0.828924,0,0,0,1,10,0,0
spatial_profile,reference,reference,recipe:harvey_2023_code,literature,ripple,interval,recall,10,0.563725,0.539941,0.588474,0,0,0,1,10,0,0
spatial_profile,reference,reference,recipe:harvey_2023_no_radiatum,literature,ripple,interval,recall,10,0.597059,0.577734,0.617905,0,0,0,1,10,0,0
spatial_profile,reference,reference,recipe:harvey_2023_text,literature,ripple,interval,recall,10,0.604902,0.587255,0.62526,0,0,0,1,10,0,0
spatial_profile,reference,reference,recipe:huelin_gorriz_2023,literature,network,interval,recall,10,0.511009,0.483133,0.539768,0,0,0,1,10,0,0
spatial_profile,reference,reference,recipe:igata_2021,literature,burst,interval,recall,10,0.932515,0.917901,0.949156,0,0,0,1,10,0,0
spatial_profile,reference,reference,recipe:igata_2021_ripples,literature,ripple,interval,recall,10,0.872549,0.855652,0.890613,0,0,0,1,10,0,0
spatial_profile,reference,reference,recipe:jadhav_2016,literature,ripple,interval,recall,10,0.586275,0.554419,0.616468,0,0,0,1,10,0,0
spatial_profile,reference,reference,recipe:ji_2007,literature,burst,interval,recall,10,0.700409,0.6305,0.748675,0,0,0,1,10,0,0
spatial_profile,reference,reference,recipe:ji_2007_ripples,literature,ripple,interval,recall,10,0.00490196,0.00101623,0.00883243,0,0,0,1,10,0,0
spatial_profile,reference,reference,recipe:kaefer_2020,literature,ripple,interval,recall,10,0.0107843,0.00584212,0.0155603,0,0,0,1,10,0,0
spatial_profile,reference,reference,recipe:karlsson_2009,literature,ripple,interval,recall,10,0.72451,0.706531,0.74433,0,0,0,1,10,0,0
spatial_profile,reference,reference,recipe:krause_2022,literature,network,interval,recall,10,0.620183,0.594116,0.645529,0,0,0,1,10,0,0
spatial_profile,reference,reference,recipe:krause_2022_hse,literature,burst,interval,recall,10,0.819018,0.797725,0.839959,0,0,0,1,10,0,0
spatial_profile,reference,reference,recipe:kudrimoti_1999,literature,ripple,interval,recall,10,0.0245098,0.0174466,0.0338271,0,0,0,1,10,0,0
spatial_profile,reference,reference,recipe:lee_2002,literature,burst,interval,recall,10,0.949898,0.943786,0.955603,0,0,0,1,10,0,0
spatial_profile,reference,reference,recipe:lee_2002_ripples,literature,ripple,interval,recall,10,0.0745098,0.0613481,0.0878934,0,0,0,1,10,0,0
spatial_profile,reference,reference,recipe:liu_2019,literature,burst,interval,recall,10,0.843558,0.811187,0.87384,0,0,0,1,10,0,0
spatial_profile,reference,reference,recipe:liu_2019_awake,literature,burst,interval,recall,10,0.843558,0.811187,0.87384,0,0,0,1,10,0,0
spatial_profile,reference,reference,recipe:liu_2023,literature,network,interval,recall,10,0.431193,0.411239,0.451816,0,0,0,1,10,0,0
spatial_profile,reference,reference,recipe:maboudi_2018,literature,burst,interval,recall,10,0.792434,0.774162,0.811442,0,0,0,1,10,0,0
spatial_profile,reference,reference,recipe:maboudi_2018_open_field,literature,burst,interval,recall,10,0.737219,0.716188,0.761011,0,0,0,1,10,0,0
spatial_profile,reference,reference,recipe:mallory_2025,literature,burst,interval,recall,10,0.759714,0.740078,0.779609,0,0,0,1,10,0,0
spatial_profile,reference,reference,recipe:mallory_2025_ripples,literature,ripple,interval,recall,10,0.690196,0.668886,0.712691,0,0,0,1,10,0,0
spatial_profile,reference,reference,recipe:michon_2019,literature,network,interval,recall,10,0.250459,0.224122,0.276924,0,0,0,1,10,0,0
spatial_profile,reference,reference,recipe:michon_2021,literature,network,interval,recall,10,0.250459,0.224122,0.276924,0,0,0,1,10,0,0
spatial_profile,reference,reference,recipe:mou_2022,literature,burst,interval,recall,10,0.856851,0.829681,0.882724,0,0,0,1,10,0,0
spatial_profile,reference,reference,recipe:muessig_2019,literature,network,interval,recall,10,0.106422,0.091568,0.12113,0,0,0,1,10,0,0
spatial_profile,reference,reference,recipe:muessig_2019_ripples,literature,ripple,interval,recall,10,0.87549,0.854298,0.894141,0,0,0,1,10,0,0
spatial_profile,reference,reference,recipe:nadasdy_1999,literature,ripple,interval,recall,10,0.461765,0.441114,0.485717,0,0,0,1,10,0,0
spatial_profile,reference,reference,recipe:olafsdottir_2015,literature,burst,interval,recall,10,0.676892,0.654822,0.69798,0,0,0,1,10,0,0
spatial_profile,reference,reference,recipe:olafsdottir_2015.bayesian_candidates,literature,burst,interval,recall,10,0.612474,0.58635,0.641136,0,0,0,1,10,0,0
spatial_profile,reference,reference,recipe:olafsdottir_2016,literature,burst,interval,recall,10,0.570552,0.539077,0.609091,0,0,0,1,10,0,0
spatial_profile,reference,reference,recipe:olafsdottir_2017,literature,burst,interval,recall,10,0.760736,0.745657,0.775992,0,0,0,1,10,0,0
spatial_profile,reference,reference,recipe:olafsdottir_2017.trajectory,literature,burst,interval,recall,10,0.570552,0.539077,0.609091,0,0,0,1,10,0,0
spatial_profile,reference,reference,recipe:pfeiffer_2013,literature,burst,interval,recall,10,0.737219,0.716188,0.761011,0,0,0,1,10,0,0
spatial_profile,reference,reference,recipe:pfeiffer_2013_ripples,literature,ripple,interval,recall,10,0.728431,0.699812,0.754759,0,0,0,1,10,0,0
spatial_profile,reference,reference,recipe:pfeiffer_2015,literature,ripple,interval,recall,10,0.728431,0.699812,0.754759,0,0,0,1,10,0,0
spatial_profile,reference,reference,recipe:shin_2019,literature,ripple,interval,recall,10,0.72451,0.706531,0.74433,0,0,0,1,10,0,0
spatial_profile,reference,reference,recipe:silva_2015,literature,burst,interval,recall,10,0.619632,0.590956,0.648278,0,0,0,1,10,0,0
spatial_profile,reference,reference,recipe:stella_2019,literature,ripple,interval,recall,10,0.666667,0.649493,0.685394,0,0,0,1,10,0,0
spatial_profile,reference,reference,recipe:tang_2017,literature,ripple,interval,recall,10,0.72451,0.706531,0.74433,0,0,0,1,10,0,0
spatial_profile,reference,reference,recipe:tirole_2022,literature,network,interval,recall,10,0.511009,0.483133,0.539768,0,0,0,1,10,0,0
spatial_profile,reference,reference,recipe:widloski_2025,literature,ripple,interval,recall,10,0.507843,0.469984,0.54879,0,0,0,1,10,0,0
spatial_profile,reference,reference,recipe:widloski_2025_bursts,literature,burst,interval,recall,10,0.529652,0.491013,0.571436,0,0,0,1,10,0,0
spatial_profile,reference,reference,recipe:wikenheiser_2013,literature,ripple,interval,recall,10,0.832353,0.80594,0.860302,0,0,0,1,10,0,0
spatial_profile,reference,reference,recipe:wu_2014,literature,burst,interval,recall,10,0.862986,0.848921,0.877469,0,0,0,1,10,0,0
spatial_profile,reference,reference,recipe:wu_2014_ripples,literature,ripple,peak_containment,recall,10,0.898039,0.880974,0.916923,0,0,0,1,10,0,0
spatial_profile,reference,reference,recipe:wu_2017,literature,burst,interval,recall,10,0.534765,0.509803,0.559125,0,0,0,1,10,0,0
spatial_profile,reference,reference,recipe:xu_2019,literature,burst,interval,recall,10,0.747444,0.729037,0.765482,0,0,0,1,10,0,0
spatial_profile,reference,reference,recipe:yamamoto_2017,literature,network,interval,recall,10,0.561468,0.529566,0.596138,0,0,0,1,10,0,0
spatial_profile,reference,reference,recipe:yang_2024,literature,network,interval,recall,10,0.416514,0.386402,0.448061,0,0,0,1,10,0,0
spatial_profile,local,spatial_profile=local,Carey_candidate_detector,default,network,interval,recall,10,0.824771,0.810564,0.839252,0.00733945,0.00181139,0.0124641,0.046875,10,0,0
spatial_profile,local,spatial_profile=local,Karlsson_ripple_detector,default,ripple,interval,recall,10,0.698039,0.68018,0.716525,-0.0264706,-0.0395267,-0.014018,0.0078125,10,0,0
spatial_profile,local,spatial_profile=local,Kay_ripple_detector,default,ripple,interval,recall,10,0.697059,0.675268,0.719227,-0.130392,-0.151261,-0.106814,0.00195312,10,0,0
spatial_profile,local,spatial_profile=local,Long_sharp_wave_ripple_detector,default,ripple,interval,recall,10,0.516667,0.495306,0.537539,-0.173529,-0.193447,-0.154277,0.00195312,10,0,0
spatial_profile,local,spatial_profile=local,Roumis_ripple_detector,default,ripple,interval,recall,10,0.636275,0.609729,0.659432,-0.192157,-0.219927,-0.1658,0.00195312,10,0,0
spatial_profile,local,spatial_profile=local,Shvartsman_ripple_detector,default,ripple,interval,recall,10,0.443137,0.41932,0.465413,-0.220588,-0.249493,-0.189371,0.00195312,10,0,0
spatial_profile,local,spatial_profile=local,Yu_ripple_detector,default,ripple,interval,recall,10,0.598039,0.562782,0.62905,-0.25,-0.281473,-0.222747,0.00195312,10,0,0
spatial_profile,local,spatial_profile=local,Zugaro_ripple_detector,default,ripple,interval,recall,10,0.331373,0.288982,0.370889,-0.344118,-0.381815,-0.309408,0.00195312,10,0,0
spatial_profile,local,spatial_profile=local,multiunit_HSE_detector,default,burst,interval,recall,10,0.931493,0.917158,0.948138,0,0,0,1,10,0,0
spatial_profile,local,spatial_profile=local,recipe:ambrose_2016,literature,ripple,interval,recall,10,0.535294,0.495218,0.573647,-0.193137,-0.224433,-0.161636,0.00195312,10,0,0
spatial_profile,local,spatial_profile=local,recipe:bendor_2012,literature,burst,interval,recall,10,0.669734,0.643002,0.697931,0,0,0,1,10,0,0
spatial_profile,local,spatial_profile=local,recipe:berners_lee_2021,literature,ripple,interval,recall,10,0.667647,0.64346,0.694205,-0.122549,-0.142162,-0.105523,0.00195312,10,0,0
spatial_profile,local,spatial_profile=local,recipe:berners_lee_2022,literature,burst,interval,recall,10,0.683027,0.657603,0.710964,0,0,0,1,10,0,0
spatial_profile,local,spatial_profile=local,recipe:bhattarai_2020,literature,network,interval,recall,10,0.189908,0.170093,0.205469,-0.193578,-0.212465,-0.176876,0.00195312,10,0,0
spatial_profile,local,spatial_profile=local,recipe:bhattarai_2020_ripples,literature,ripple,interval,recall,10,0.22451,0.20219,0.247934,-0.240196,-0.260914,-0.221818,0.00195312,10,0,0
spatial_profile,local,spatial_profile=local,recipe:bush_2022,literature,burst,interval,recall,10,0.630879,0.597014,0.668706,0,0,0,1,10,0,0
spatial_profile,local,spatial_profile=local,recipe:carey_2019,literature,network,interval,recall,10,0.822936,0.803122,0.842686,-0.00275229,-0.0070177,0.000954267,0.375,10,0,0
spatial_profile,local,spatial_profile=local,recipe:carr_2012,literature,ripple,interval,recall,10,0.698039,0.68018,0.716525,-0.0264706,-0.0395267,-0.014018,0.0078125,10,0,0
spatial_profile,local,spatial_profile=local,recipe:chenani_2019,literature,burst,interval,recall,10,0.686094,0.665608,0.709887,0,0,0,1,10,0,0
spatial_profile,local,spatial_profile=local,recipe:davidson_2009,literature,burst,interval,recall,10,0.801636,0.785994,0.820324,0,0,0,1,10,0,0
spatial_profile,local,spatial_profile=local,recipe:davidson_2009_ripples,literature,ripple,peak_containment,recall,10,0.692157,0.657987,0.72234,-0.183333,-0.202475,-0.165038,0.00195312,10,0,0
spatial_profile,local,spatial_profile=local,recipe:denovellis_2021,literature,ripple,interval,recall,10,0.693137,0.673276,0.710553,-0.135294,-0.150512,-0.115952,0.00195312,10,0,0
spatial_profile,local,spatial_profile=local,recipe:denovellis_2021_mua,literature,burst,interval,recall,10,0.93047,0.916838,0.946485,0,0,0,1,10,0,0
spatial_profile,local,spatial_profile=local,recipe:diba_2007,literature,burst,interval,recall,10,0.256646,0.22654,0.287224,0,0,0,1,10,0,0
spatial_profile,local,spatial_profile=local,recipe:drieu_2018,literature,burst,interval,recall,10,0.786299,0.775775,0.797509,0,0,0,1,10,0,0
spatial_profile,local,spatial_profile=local,recipe:farooq_2019_neuron,literature,burst,interval,recall,10,0.280164,0.243652,0.32154,0,0,0,1,10,0,0
spatial_profile,local,spatial_profile=local,recipe:farooq_2019_science,literature,burst,interval,recall,10,0.278119,0.242423,0.318476,0,0,0,1,10,0,0
spatial_profile,local,spatial_profile=local,recipe:farooq_2019_science_awake,literature,burst,interval,recall,10,0.278119,0.242423,0.318476,0,0,0,1,10,0,0
spatial_profile,local,spatial_profile=local,recipe:foster_2006,literature,burst,interval,recall,10,0.148262,0.127082,0.172862,0,0,0,1,10,0,0
spatial_profile,local,spatial_profile=local,recipe:foster_2006_ripples,literature,ripple,interval,recall,10,0.0254902,0.0148791,0.0381072,-0.0490196,-0.0592309,-0.0390416,0.00195312,10,0,0
spatial_profile,local,spatial_profile=local,recipe:gillespie_2021,literature,ripple,interval,recall,10,0.697059,0.675268,0.719227,-0.130392,-0.151261,-0.106814,0.00195312,10,0,0
spatial_profile,local,spatial_profile=local,recipe:gillespie_2021_mua,literature,burst,interval,recall,10,0.822086,0.803179,0.839827,0,0,0,1,10,0,0
spatial_profile,local,spatial_profile=local,recipe:gridchyn_2020,literature,burst,interval,recall,10,0.891616,0.874123,0.907524,0,0,0,1,10,0,0
spatial_profile,local,spatial_profile=local,recipe:grosmark_2016,literature,network,interval,recall,10,0.230275,0.206924,0.256774,-0.186239,-0.204232,-0.169369,0.00195312,10,0,0
spatial_profile,local,spatial_profile=local,recipe:gupta_2010,literature,ripple,interval,recall,10,0.660784,0.634417,0.68969,-0.139216,-0.150371,-0.128936,0.00195312,10,0,0
spatial_profile,local,spatial_profile=local,recipe:harvey_2023_code,literature,ripple,interval,recall,10,0.418627,0.390166,0.446962,-0.145098,-0.160169,-0.129433,0.00195312,10,0,0
spatial_profile,local,spatial_profile=local,recipe:harvey_2023_no_radiatum,literature,ripple,interval,recall,10,0.331373,0.304434,0.360949,-0.265686,-0.285863,-0.249491,0.00195312,10,0,0
spatial_profile,local,spatial_profile=local,recipe:harvey_2023_text,literature,ripple,interval,recall,10,0.266667,0.2473,0.287771,-0.338235,-0.368153,-0.311473,0.00195312,10,0,0
spatial_profile,local,spatial_profile=local,recipe:huelin_gorriz_2023,literature,network,interval,recall,10,0.306422,0.28256,0.331403,-0.204587,-0.220404,-0.188856,0.00195312,10,0,0
spatial_profile,local,spatial_profile=local,recipe:igata_2021,literature,burst,interval,recall,10,0.932515,0.917901,0.949156,0,0,0,1,10,0,0
spatial_profile,local,spatial_profile=local,recipe:igata_2021_ripples,literature,ripple,interval,recall,10,0.811765,0.793244,0.83077,-0.0607843,-0.0743729,-0.0504948,0.00195312,10,0,0
spatial_profile,local,spatial_profile=local,recipe:jadhav_2016,literature,ripple,interval,recall,10,0.55,0.519622,0.578899,-0.0362745,-0.0502092,-0.0218037,0.00390625,10,0,0
spatial_profile,local,spatial_profile=local,recipe:ji_2007,literature,burst,interval,recall,10,0.700409,0.6305,0.748675,0,0,0,1,10,0,0
spatial_profile,local,spatial_profile=local,recipe:ji_2007_ripples,literature,ripple,interval,recall,10,0.00294118,0,0.00742115,-0.00196078,-0.00471709,0,0.5,10,0,0
spatial_profile,local,spatial_profile=local,recipe:kaefer_2020,literature,ripple,interval,recall,10,0.00392157,0.000998004,0.00684262,-0.00686275,-0.0107854,-0.00307992,0.03125,10,0,0
spatial_profile,local,spatial_profile=local,recipe:karlsson_2009,literature,ripple,interval,recall,10,0.698039,0.68018,0.716525,-0.0264706,-0.0395267,-0.014018,0.0078125,10,0,0
spatial_profile,local,spatial_profile=local,recipe:krause_2022,literature,network,interval,recall,10,0.458716,0.43071,0.48817,-0.161468,-0.189166,-0.134498,0.00195312,10,0,0
spatial_profile,local,spatial_profile=local,recipe:krause_2022_hse,literature,burst,interval,recall,10,0.819018,0.797725,0.839959,0,0,0,1,10,0,0
spatial_profile,local,spatial_profile=local,recipe:kudrimoti_1999,literature,ripple,interval,recall,10,0.0117647,0.00748345,0.0175077,-0.0127451,-0.0193061,-0.00681597,0.015625,10,0,0
spatial_profile,local,spatial_profile=local,recipe:lee_2002,literature,burst,interval,recall,10,0.949898,0.943786,0.955603,0,0,0,1,10,0,0
spatial_profile,local,spatial_profile=local,recipe:lee_2002_ripples,literature,ripple,interval,recall,10,0.0254902,0.0148791,0.0381072,-0.0490196,-0.0592309,-0.0390416,0.00195312,10,0,0
spatial_profile,local,spatial_profile=local,recipe:liu_2019,literature,burst,interval,recall,10,0.843558,0.811187,0.87384,0,0,0,1,10,0,0
spatial_profile,local,spatial_profile=local,recipe:liu_2019_awake,literature,burst,interval,recall,10,0.843558,0.811187,0.87384,0,0,0,1,10,0,0
spatial_profile,local,spatial_profile=local,recipe:liu_2023,literature,network,interval,recall,10,0.33211,0.314593,0.349085,-0.0990826,-0.110066,-0.0886783,0.00195312,10,0,0
spatial_profile,local,spatial_profile=local,recipe:maboudi_2018,literature,burst,interval,recall,10,0.792434,0.774162,0.811442,0,0,0,1,10,0,0
spatial_profile,local,spatial_profile=local,recipe:maboudi_2018_open_field,literature,burst,interval,recall,10,0.737219,0.716188,0.761011,0,0,0,1,10,0,0
spatial_profile,local,spatial_profile=local,recipe:mallory_2025,literature,burst,interval,recall,10,0.759714,0.740078,0.779609,0,0,0,1,10,0,0
spatial_profile,local,spatial_profile=local,recipe:mallory_2025_ripples,literature,ripple,interval,recall,10,0.361765,0.329918,0.395169,-0.328431,-0.367916,-0.287832,0.00195312,10,0,0
spatial_profile,local,spatial_profile=local,recipe:michon_2019,literature,network,interval,recall,10,0.0440367,0.0299895,0.0579308,-0.206422,-0.235509,-0.17765,0.00195312,10,0,0
spatial_profile,local,spatial_profile=local,recipe:michon_2021,literature,network,interval,recall,10,0.0440367,0.0299895,0.0579308,-0.206422,-0.235509,-0.17765,0.00195312,10,0,0
spatial_profile,local,spatial_profile=local,recipe:mou_2022,literature,burst,interval,recall,10,0.856851,0.829681,0.882724,0,0,0,1,10,0,0
spatial_profile,local,spatial_profile=local,recipe:muessig_2019,literature,network,interval,recall,10,0.0807339,0.0691237,0.0919228,-0.0256881,-0.0343899,-0.0168734,0.00195312,10,0,0
spatial_profile,local,spatial_profile=local,recipe:muessig_2019_ripples,literature,ripple,interval,recall,10,0.605882,0.57285,0.638919,-0.269608,-0.304892,-0.233801,0.00195312,10,0,0
spatial_profile,local,spatial_profile=local,recipe:nadasdy_1999,literature,ripple,interval,recall,10,0.0215686,0.0132821,0.0311252,-0.440196,-0.467761,-0.417373,0.00195312,10,0,0
spatial_profile,local,spatial_profile=local,recipe:olafsdottir_2015,literature,burst,interval,recall,10,0.676892,0.654822,0.69798,0,0,0,1,10,0,0
spatial_profile,local,spatial_profile=local,recipe:olafsdottir_2015.bayesian_candidates,literature,burst,interval,recall,10,0.612474,0.58635,0.641136,0,0,0,1,10,0,0
spatial_profile,local,spatial_profile=local,recipe:olafsdottir_2016,literature,burst,interval,recall,10,0.570552,0.539077,0.609091,0,0,0,1,10,0,0
spatial_profile,local,spatial_profile=local,recipe:olafsdottir_2017,literature,burst,interval,recall,10,0.760736,0.745657,0.775992,0,0,0,1,10,0,0
spatial_profile,local,spatial_profile=local,recipe:olafsdottir_2017.trajectory,literature,burst,interval,recall,10,0.570552,0.539077,0.609091,0,0,0,1,10,0,0
spatial_profile,local,spatial_profile=local,recipe:pfeiffer_2013,literature,burst,interval,recall,10,0.737219,0.716188,0.761011,0,0,0,1,10,0,0
spatial_profile,local,spatial_profile=local,recipe:pfeiffer_2013_ripples,literature,ripple,interval,recall,10,0.535294,0.495218,0.573647,-0.193137,-0.224433,-0.161636,0.00195312,10,0,0
spatial_profile,local,spatial_profile=local,recipe:pfeiffer_2015,literature,ripple,interval,recall,10,0.534314,0.494574,0.570876,-0.194118,-0.224511,-0.16312,0.00195312,10,0,0
spatial_profile,local,spatial_profile=local,recipe:shin_2019,literature,ripple,interval,recall,10,0.698039,0.68018,0.716525,-0.0264706,-0.0395267,-0.014018,0.0078125,10,0,0
spatial_profile,local,spatial_profile=local,recipe:silva_2015,literature,burst,interval,recall,10,0.619632,0.590956,0.648278,0,0,0,1,10,0,0
spatial_profile,local,spatial_profile=local,recipe:stella_2019,literature,ripple,interval,recall,10,0.610784,0.594186,0.629112,-0.0558824,-0.0698609,-0.0441035,0.00195312,10,0,0
spatial_profile,local,spatial_profile=local,recipe:tang_2017,literature,ripple,interval,recall,10,0.698039,0.68018,0.716525,-0.0264706,-0.0395267,-0.014018,0.0078125,10,0,0
spatial_profile,local,spatial_profile=local,recipe:tirole_2022,literature,network,interval,recall,10,0.306422,0.28256,0.331403,-0.204587,-0.220404,-0.188856,0.00195312,10,0,0
spatial_profile,local,spatial_profile=local,recipe:widloski_2025,literature,ripple,interval,recall,10,0.293137,0.264937,0.325119,-0.214706,-0.243134,-0.188524,0.00195312,10,0,0
spatial_profile,local,spatial_profile=local,recipe:widloski_2025_bursts,literature,burst,interval,recall,10,0.529652,0.491013,0.571436,0,0,0,1,10,0,0
spatial_profile,local,spatial_profile=local,recipe:wikenheiser_2013,literature,ripple,interval,recall,10,0.791176,0.763029,0.821764,-0.0411765,-0.0490868,-0.033368,0.00195312,10,0,0
spatial_profile,local,spatial_profile=local,recipe:wu_2014,literature,burst,interval,recall,10,0.862986,0.848921,0.877469,0,0,0,1,10,0,0
spatial_profile,local,spatial_profile=local,recipe:wu_2014_ripples,literature,ripple,peak_containment,recall,10,0.743137,0.711479,0.770297,-0.154902,-0.178092,-0.134525,0.00195312,10,0,0
spatial_profile,local,spatial_profile=local,recipe:wu_2017,literature,burst,interval,recall,10,0.534765,0.509803,0.559125,0,0,0,1,10,0,0
spatial_profile,local,spatial_profile=local,recipe:xu_2019,literature,burst,interval,recall,10,0.747444,0.729037,0.765482,0,0,0,1,10,0,0
spatial_profile,local,spatial_profile=local,recipe:yamamoto_2017,literature,network,interval,recall,10,0.320183,0.294541,0.342668,-0.241284,-0.263495,-0.222432,0.00195312,10,0,0
spatial_profile,local,spatial_profile=local,recipe:yang_2024,literature,network,interval,recall,10,0.230275,0.206924,0.256774,-0.186239,-0.204232,-0.169369,0.00195312,10,0,0
noise_modulation,reference,reference,Carey_candidate_detector,default,network,interval,recall,10,0.817431,0.802458,0.834401,0,0,0,1,10,0,0
noise_modulation,reference,reference,Karlsson_ripple_detector,default,ripple,interval,recall,10,0.72451,0.706531,0.74433,0,0,0,1,10,0,0
noise_modulation,reference,reference,Kay_ripple_detector,default,ripple,interval,recall,10,0.827451,0.814342,0.842843,0,0,0,1,10,0,0
noise_modulation,reference,reference,Long_sharp_wave_ripple_detector,default,ripple,interval,recall,10,0.690196,0.666335,0.713389,0,0,0,1,10,0,0
noise_modulation,reference,reference,Roumis_ripple_detector,default,ripple,interval,recall,10,0.828431,0.813977,0.844765,0,0,0,1,10,0,0
noise_modulation,reference,reference,Shvartsman_ripple_detector,default,ripple,interval,recall,10,0.663725,0.64129,0.687835,0,0,0,1,10,0,0
noise_modulation,reference,reference,Yu_ripple_detector,default,ripple,interval,recall,10,0.848039,0.832833,0.865145,0,0,0,1,10,0,0
noise_modulation,reference,reference,Zugaro_ripple_detector,default,ripple,interval,recall,10,0.67549,0.654252,0.696335,0,0,0,1,10,0,0
noise_modulation,reference,reference,multiunit_HSE_detector,default,burst,interval,recall,10,0.931493,0.917158,0.948138,0,0,0,1,10,0,0
noise_modulation,reference,reference,recipe:ambrose_2016,literature,ripple,interval,recall,10,0.728431,0.699812,0.754759,0,0,0,1,10,0,0
noise_modulation,reference,reference,recipe:bendor_2012,literature,burst,interval,recall,10,0.669734,0.643002,0.697931,0,0,0,1,10,0,0
noise_modulation,reference,reference,recipe:berners_lee_2021,literature,ripple,interval,recall,10,0.790196,0.767908,0.813176,0,0,0,1,10,0,0
noise_modulation,reference,reference,recipe:berners_lee_2022,literature,burst,interval,recall,10,0.683027,0.657603,0.710964,0,0,0,1,10,0,0
noise_modulation,reference,reference,recipe:bhattarai_2020,literature,network,interval,recall,10,0.383486,0.36426,0.404432,0,0,0,1,10,0,0
noise_modulation,reference,reference,recipe:bhattarai_2020_ripples,literature,ripple,interval,recall,10,0.464706,0.436362,0.495339,0,0,0,1,10,0,0
noise_modulation,reference,reference,recipe:bush_2022,literature,burst,interval,recall,10,0.630879,0.597014,0.668706,0,0,0,1,10,0,0
noise_modulation,reference,reference,recipe:carey_2019,literature,network,interval,recall,10,0.825688,0.806478,0.843953,0,0,0,1,10,0,0
noise_modulation,reference,reference,recipe:carr_2012,literature,ripple,interval,recall,10,0.72451,0.706531,0.74433,0,0,0,1,10,0,0
noise_modulation,reference,reference,recipe:chenani_2019,literature,burst,interval,recall,10,0.686094,0.665608,0.709887,0,0,0,1,10,0,0
noise_modulation,reference,reference,recipe:davidson_2009,literature,burst,interval,recall,10,0.801636,0.785994,0.820324,0,0,0,1,10,0,0
noise_modulation,reference,reference,recipe:davidson_2009_ripples,literature,ripple,peak_containment,recall,10,0.87549,0.851889,0.898297,0,0,0,1,10,0,0
noise_modulation,reference,reference,recipe:denovellis_2021,literature,ripple,interval,recall,10,0.828431,0.815282,0.842262,0,0,0,1,10,0,0
noise_modulation,reference,reference,recipe:denovellis_2021_mua,literature,burst,interval,recall,10,0.93047,0.916838,0.946485,0,0,0,1,10,0,0
noise_modulation,reference,reference,recipe:diba_2007,literature,burst,interval,recall,10,0.256646,0.22654,0.287224,0,0,0,1,10,0,0
noise_modulation,reference,reference,recipe:drieu_2018,literature,burst,interval,recall,10,0.786299,0.775775,0.797509,0,0,0,1,10,0,0
noise_modulation,reference,reference,recipe:farooq_2019_neuron,literature,burst,interval,recall,10,0.280164,0.243652,0.32154,0,0,0,1,10,0,0
noise_modulation,reference,reference,recipe:farooq_2019_science,literature,burst,interval,recall,10,0.278119,0.242423,0.318476,0,0,0,1,10,0,0
noise_modulation,reference,reference,recipe:farooq_2019_science_awake,literature,burst,interval,recall,10,0.278119,0.242423,0.318476,0,0,0,1,10,0,0
noise_modulation,reference,reference,recipe:foster_2006,literature,burst,interval,recall,10,0.148262,0.127082,0.172862,0,0,0,1,10,0,0
noise_modulation,reference,reference,recipe:foster_2006_ripples,literature,ripple,interval,recall,10,0.0745098,0.0613481,0.0878934,0,0,0,1,10,0,0
noise_modulation,reference,reference,recipe:gillespie_2021,literature,ripple,interval,recall,10,0.827451,0.814342,0.842843,0,0,0,1,10,0,0
noise_modulation,reference,reference,recipe:gillespie_2021_mua,literature,burst,interval,recall,10,0.822086,0.803179,0.839827,0,0,0,1,10,0,0
noise_modulation,reference,reference,recipe:gridchyn_2020,literature,burst,interval,recall,10,0.891616,0.874123,0.907524,0,0,0,1,10,0,0
noise_modulation,reference,reference,recipe:grosmark_2016,literature,network,interval,recall,10,0.416514,0.386402,0.448061,0,0,0,1,10,0,0
noise_modulation,reference,reference,recipe:gupta_2010,literature,ripple,interval,recall,10,0.8,0.777446,0.828924,0,0,0,1,10,0,0
noise_modulation,reference,reference,recipe:harvey_2023_code,literature,ripple,interval,recall,10,0.563725,0.539941,0.588474,0,0,0,1,10,0,0
noise_modulation,reference,reference,recipe:harvey_2023_no_radiatum,literature,ripple,interval,recall,10,0.597059,0.577734,0.617905,0,0,0,1,10,0,0
noise_modulation,reference,reference,recipe:harvey_2023_text,literature,ripple,interval,recall,10,0.604902,0.587255,0.62526,0,0,0,1,10,0,0
noise_modulation,reference,reference,recipe:huelin_gorriz_2023,literature,network,interval,recall,10,0.511009,0.483133,0.539768,0,0,0,1,10,0,0
noise_modulation,reference,reference,recipe:igata_2021,literature,burst,interval,recall,10,0.932515,0.917901,0.949156,0,0,0,1,10,0,0
noise_modulation,reference,reference,recipe:igata_2021_ripples,literature,ripple,interval,recall,10,0.872549,0.855652,0.890613,0,0,0,1,10,0,0
noise_modulation,reference,reference,recipe:jadhav_2016,literature,ripple,interval,recall,10,0.586275,0.554419,0.616468,0,0,0,1,10,0,0
noise_modulation,reference,reference,recipe:ji_2007,literature,burst,interval,recall,10,0.700409,0.6305,0.748675,0,0,0,1,10,0,0
noise_modulation,reference,reference,recipe:ji_2007_ripples,literature,ripple,interval,recall,10,0.00490196,0.00101623,0.00883243,0,0,0,1,10,0,0
noise_modulation,reference,reference,recipe:kaefer_2020,literature,ripple,interval,recall,10,0.0107843,0.00584212,0.0155603,0,0,0,1,10,0,0
noise_modulation,reference,reference,recipe:karlsson_2009,literature,ripple,interval,recall,10,0.72451,0.706531,0.74433,0,0,0,1,10,0,0
noise_modulation,reference,reference,recipe:krause_2022,literature,network,interval,recall,10,0.620183,0.594116,0.645529,0,0,0,1,10,0,0
noise_modulation,reference,reference,recipe:krause_2022_hse,literature,burst,interval,recall,10,0.819018,0.797725,0.839959,0,0,0,1,10,0,0
noise_modulation,reference,reference,recipe:kudrimoti_1999,literature,ripple,interval,recall,10,0.0245098,0.0174466,0.0338271,0,0,0,1,10,0,0
noise_modulation,reference,reference,recipe:lee_2002,literature,burst,interval,recall,10,0.949898,0.943786,0.955603,0,0,0,1,10,0,0
noise_modulation,reference,reference,recipe:lee_2002_ripples,literature,ripple,interval,recall,10,0.0745098,0.0613481,0.0878934,0,0,0,1,10,0,0
noise_modulation,reference,reference,recipe:liu_2019,literature,burst,interval,recall,10,0.843558,0.811187,0.87384,0,0,0,1,10,0,0
noise_modulation,reference,reference,recipe:liu_2019_awake,literature,burst,interval,recall,10,0.843558,0.811187,0.87384,0,0,0,1,10,0,0
noise_modulation,reference,reference,recipe:liu_2023,literature,network,interval,recall,10,0.431193,0.411239,0.451816,0,0,0,1,10,0,0
noise_modulation,reference,reference,recipe:maboudi_2018,literature,burst,interval,recall,10,0.792434,0.774162,0.811442,0,0,0,1,10,0,0
noise_modulation,reference,reference,recipe:maboudi_2018_open_field,literature,burst,interval,recall,10,0.737219,0.716188,0.761011,0,0,0,1,10,0,0
noise_modulation,reference,reference,recipe:mallory_2025,literature,burst,interval,recall,10,0.759714,0.740078,0.779609,0,0,0,1,10,0,0
noise_modulation,reference,reference,recipe:mallory_2025_ripples,literature,ripple,interval,recall,10,0.690196,0.668886,0.712691,0,0,0,1,10,0,0
noise_modulation,reference,reference,recipe:michon_2019,literature,network,interval,recall,10,0.250459,0.224122,0.276924,0,0,0,1,10,0,0
noise_modulation,reference,reference,recipe:michon_2021,literature,network,interval,recall,10,0.250459,0.224122,0.276924,0,0,0,1,10,0,0
noise_modulation,reference,reference,recipe:mou_2022,literature,burst,interval,recall,10,0.856851,0.829681,0.882724,0,0,0,1,10,0,0
noise_modulation,reference,reference,recipe:muessig_2019,literature,network,interval,recall,10,0.106422,0.091568,0.12113,0,0,0,1,10,0,0
noise_modulation,reference,reference,recipe:muessig_2019_ripples,literature,ripple,interval,recall,10,0.87549,0.854298,0.894141,0,0,0,1,10,0,0
noise_modulation,reference,reference,recipe:nadasdy_1999,literature,ripple,interval,recall,10,0.461765,0.441114,0.485717,0,0,0,1,10,0,0
noise_modulation,reference,reference,recipe:olafsdottir_2015,literature,burst,interval,recall,10,0.676892,0.654822,0.69798,0,0,0,1,10,0,0
noise_modulation,reference,reference,recipe:olafsdottir_2015.bayesian_candidates,literature,burst,interval,recall,10,0.612474,0.58635,0.641136,0,0,0,1,10,0,0
noise_modulation,reference,reference,recipe:olafsdottir_2016,literature,burst,interval,recall,10,0.570552,0.539077,0.609091,0,0,0,1,10,0,0
noise_modulation,reference,reference,recipe:olafsdottir_2017,literature,burst,interval,recall,10,0.760736,0.745657,0.775992,0,0,0,1,10,0,0
noise_modulation,reference,reference,recipe:olafsdottir_2017.trajectory,literature,burst,interval,recall,10,0.570552,0.539077,0.609091,0,0,0,1,10,0,0
noise_modulation,reference,reference,recipe:pfeiffer_2013,literature,burst,interval,recall,10,0.737219,0.716188,0.761011,0,0,0,1,10,0,0
noise_modulation,reference,reference,recipe:pfeiffer_2013_ripples,literature,ripple,interval,recall,10,0.728431,0.699812,0.754759,0,0,0,1,10,0,0
noise_modulation,reference,reference,recipe:pfeiffer_2015,literature,ripple,interval,recall,10,0.728431,0.699812,0.754759,0,0,0,1,10,0,0
noise_modulation,reference,reference,recipe:shin_2019,literature,ripple,interval,recall,10,0.72451,0.706531,0.74433,0,0,0,1,10,0,0
noise_modulation,reference,reference,recipe:silva_2015,literature,burst,interval,recall,10,0.619632,0.590956,0.648278,0,0,0,1,10,0,0
noise_modulation,reference,reference,recipe:stella_2019,literature,ripple,interval,recall,10,0.666667,0.649493,0.685394,0,0,0,1,10,0,0
noise_modulation,reference,reference,recipe:tang_2017,literature,ripple,interval,recall,10,0.72451,0.706531,0.74433,0,0,0,1,10,0,0
noise_modulation,reference,reference,recipe:tirole_2022,literature,network,interval,recall,10,0.511009,0.483133,0.539768,0,0,0,1,10,0,0
noise_modulation,reference,reference,recipe:widloski_2025,literature,ripple,interval,recall,10,0.507843,0.469984,0.54879,0,0,0,1,10,0,0
noise_modulation,reference,reference,recipe:widloski_2025_bursts,literature,burst,interval,recall,10,0.529652,0.491013,0.571436,0,0,0,1,10,0,0
noise_modulation,reference,reference,recipe:wikenheiser_2013,literature,ripple,interval,recall,10,0.832353,0.80594,0.860302,0,0,0,1,10,0,0
noise_modulation,reference,reference,recipe:wu_2014,literature,burst,interval,recall,10,0.862986,0.848921,0.877469,0,0,0,1,10,0,0
noise_modulation,reference,reference,recipe:wu_2014_ripples,literature,ripple,peak_containment,recall,10,0.898039,0.880974,0.916923,0,0,0,1,10,0,0
noise_modulation,reference,reference,recipe:wu_2017,literature,burst,interval,recall,10,0.534765,0.509803,0.559125,0,0,0,1,10,0,0
noise_modulation,reference,reference,recipe:xu_2019,literature,burst,interval,recall,10,0.747444,0.729037,0.765482,0,0,0,1,10,0,0
noise_modulation,reference,reference,recipe:yamamoto_2017,literature,network,interval,recall,10,0.561468,0.529566,0.596138,0,0,0,1,10,0,0
noise_modulation,reference,reference,recipe:yang_2024,literature,network,interval,recall,10,0.416514,0.386402,0.448061,0,0,0,1,10,0,0
noise_modulation,varying,noise_modulation=varying,Carey_candidate_detector,default,network,interval,recall,10,0.811009,0.799308,0.824226,-0.00642202,-0.0142476,0.00274487,0.234375,10,0,0
noise_modulation,varying,noise_modulation=varying,Karlsson_ripple_detector,default,ripple,interval,recall,10,0.681373,0.66206,0.70521,-0.0431373,-0.0568184,-0.0304112,0.00195312,10,0,0
noise_modulation,varying,noise_modulation=varying,Kay_ripple_detector,default,ripple,interval,recall,10,0.787255,0.761523,0.810676,-0.0401961,-0.0578377,-0.0253411,0.00390625,10,0,0
noise_modulation,varying,noise_modulation=varying,Long_sharp_wave_ripple_detector,default,ripple,interval,recall,10,0.683333,0.65628,0.707514,-0.00686275,-0.0207126,0.00776688,0.347656,10,0,0
noise_modulation,varying,noise_modulation=varying,Roumis_ripple_detector,default,ripple,interval,recall,10,0.791176,0.765994,0.813909,-0.0372549,-0.0524692,-0.023483,0.00390625,10,0,0
noise_modulation,varying,noise_modulation=varying,Shvartsman_ripple_detector,default,ripple,interval,recall,10,0.620588,0.598703,0.643391,-0.0431373,-0.0573544,-0.0281379,0.00390625,10,0,0
noise_modulation,varying,noise_modulation=varying,Yu_ripple_detector,default,ripple,interval,recall,10,0.898039,0.884544,0.912868,0.05,0.0389477,0.0634282,0.00195312,10,0,0
noise_modulation,varying,noise_modulation=varying,Zugaro_ripple_detector,default,ripple,interval,recall,10,0.657843,0.635916,0.677183,-0.0176471,-0.0345832,0.00101728,0.0976562,10,0,0
noise_modulation,varying,noise_modulation=varying,multiunit_HSE_detector,default,burst,interval,recall,10,0.931493,0.917158,0.948138,0,0,0,1,10,0,0
noise_modulation,varying,noise_modulation=varying,recipe:ambrose_2016,literature,ripple,interval,recall,10,0.662745,0.635618,0.694425,-0.0656863,-0.078762,-0.0507396,0.00195312,10,0,0
noise_modulation,varying,noise_modulation=varying,recipe:bendor_2012,literature,burst,interval,recall,10,0.669734,0.643002,0.697931,0,0,0,1,10,0,0
noise_modulation,varying,noise_modulation=varying,recipe:berners_lee_2021,literature,ripple,interval,recall,10,0.753922,0.727009,0.784574,-0.0362745,-0.0547048,-0.0143624,0.0117188,10,0,0
noise_modulation,varying,noise_modulation=varying,recipe:berners_lee_2022,literature,burst,interval,recall,10,0.683027,0.657603,0.710964,0,0,0,1,10,0,0
noise_modulation,varying,noise_modulation=varying,recipe:bhattarai_2020,literature,network,interval,recall,10,0.337615,0.315837,0.365672,-0.0458716,-0.0637133,-0.027905,0.00390625,10,0,0
noise_modulation,varying,noise_modulation=varying,recipe:bhattarai_2020_ripples,literature,ripple,interval,recall,10,0.40098,0.365152,0.440081,-0.0637255,-0.0805974,-0.0453074,0.00390625,10,0,0
noise_modulation,varying,noise_modulation=varying,recipe:bush_2022,literature,burst,interval,recall,10,0.630879,0.597014,0.668706,0,0,0,1,10,0,0
noise_modulation,varying,noise_modulation=varying,recipe:carey_2019,literature,network,interval,recall,10,0.825688,0.804158,0.845583,0,-0.0117329,0.0114752,0.9375,10,0,0
noise_modulation,varying,noise_modulation=varying,recipe:carr_2012,literature,ripple,interval,recall,10,0.681373,0.66206,0.70521,-0.0431373,-0.0568184,-0.0304112,0.00195312,10,0,0
noise_modulation,varying,noise_modulation=varying,recipe:chenani_2019,literature,burst,interval,recall,10,0.686094,0.665608,0.709887,0,0,0,1,10,0,0
noise_modulation,varying,noise_modulation=varying,recipe:davidson_2009,literature,burst,interval,recall,10,0.801636,0.785994,0.820324,0,0,0,1,10,0,0
noise_modulation,varying,noise_modulation=varying,recipe:davidson_2009_ripples,literature,ripple,peak_containment,recall,10,0.811765,0.782522,0.837258,-0.0637255,-0.0850187,-0.0472588,0.00195312,10,0,0
noise_modulation,varying,noise_modulation=varying,recipe:denovellis_2021,literature,ripple,interval,recall,10,0.781373,0.760122,0.804114,-0.0470588,-0.061477,-0.0326621,0.00390625,10,0,0
noise_modulation,varying,noise_modulation=varying,recipe:denovellis_2021_mua,literature,burst,interval,recall,10,0.93047,0.916838,0.946485,0,0,0,1,10,0,0
noise_modulation,varying,noise_modulation=varying,recipe:diba_2007,literature,burst,interval,recall,10,0.256646,0.22654,0.287224,0,0,0,1,10,0,0
noise_modulation,varying,noise_modulation=varying,recipe:drieu_2018,literature,burst,interval,recall,10,0.786299,0.775775,0.797509,0,0,0,1,10,0,0
noise_modulation,varying,noise_modulation=varying,recipe:farooq_2019_neuron,literature,burst,interval,recall,10,0.280164,0.243652,0.32154,0,0,0,1,10,0,0
noise_modulation,varying,noise_modulation=varying,recipe:farooq_2019_science,literature,burst,interval,recall,10,0.278119,0.242423,0.318476,0,0,0,1,10,0,0
noise_modulation,varying,noise_modulation=varying,recipe:farooq_2019_science_awake,literature,burst,interval,recall,10,0.278119,0.242423,0.318476,0,0,0,1,10,0,0
noise_modulation,varying,noise_modulation=varying,recipe:foster_2006,literature,burst,interval,recall,10,0.148262,0.127082,0.172862,0,0,0,1,10,0,0
noise_modulation,varying,noise_modulation=varying,recipe:foster_2006_ripples,literature,ripple,interval,recall,10,0.0627451,0.0468451,0.0781435,-0.0117647,-0.0253319,0.00284449,0.183594,10,0,0
noise_modulation,varying,noise_modulation=varying,recipe:gillespie_2021,literature,ripple,interval,recall,10,0.787255,0.761523,0.810676,-0.0401961,-0.0578377,-0.0253411,0.00390625,10,0,0
noise_modulation,varying,noise_modulation=varying,recipe:gillespie_2021_mua,literature,burst,interval,recall,10,0.822086,0.803179,0.839827,0,0,0,1,10,0,0
noise_modulation,varying,noise_modulation=varying,recipe:gridchyn_2020,literature,burst,interval,recall,10,0.891616,0.874123,0.907524,0,0,0,1,10,0,0
noise_modulation,varying,noise_modulation=varying,recipe:grosmark_2016,literature,network,interval,recall,10,0.400917,0.370174,0.436751,-0.0155963,-0.0266058,-0.00624958,0.0234375,10,0,0
noise_modulation,varying,noise_modulation=varying,recipe:gupta_2010,literature,ripple,interval,recall,10,0.760784,0.734948,0.790584,-0.0392157,-0.0560004,-0.0209158,0.0117188,10,0,0
noise_modulation,varying,noise_modulation=varying,recipe:harvey_2023_code,literature,ripple,interval,recall,10,0.558824,0.532526,0.584474,-0.00490196,-0.0166835,0.00830688,0.46875,10,0,0
noise_modulation,varying,noise_modulation=varying,recipe:harvey_2023_no_radiatum,literature,ripple,interval,recall,10,0.569608,0.541364,0.597659,-0.027451,-0.0438114,-0.0140133,0.00390625,10,0,0
noise_modulation,varying,noise_modulation=varying,recipe:harvey_2023_text,literature,ripple,interval,recall,10,0.495098,0.473634,0.515927,-0.109804,-0.128638,-0.0904573,0.00195312,10,0,0
noise_modulation,varying,noise_modulation=varying,recipe:huelin_gorriz_2023,literature,network,interval,recall,10,0.479817,0.451918,0.512243,-0.0311927,-0.0454978,-0.0174059,0.0078125,10,0,0
noise_modulation,varying,noise_modulation=varying,recipe:igata_2021,literature,burst,interval,recall,10,0.932515,0.917901,0.949156,0,0,0,1,10,0,0
noise_modulation,varying,noise_modulation=varying,recipe:igata_2021_ripples,literature,ripple,interval,recall,10,0.828431,0.805393,0.849486,-0.0441176,-0.0581516,-0.0310782,0.00195312,10,0,0
noise_modulation,varying,noise_modulation=varying,recipe:jadhav_2016,literature,ripple,interval,recall,10,0.529412,0.49374,0.566398,-0.0568627,-0.0715651,-0.0425073,0.00195312,10,0,0
noise_modulation,varying,noise_modulation=varying,recipe:ji_2007,literature,burst,interval,recall,10,0.700409,0.6305,0.748675,0,0,0,1,10,0,0
noise_modulation,varying,noise_modulation=varying,recipe:ji_2007_ripples,literature,ripple,interval,recall,10,0.00490196,0.00198408,0.00767754,0,-0.00280119,0.00283019,1,10,0,0
noise_modulation,varying,noise_modulation=varying,recipe:kaefer_2020,literature,ripple,interval,recall,10,0.00588235,0.00201608,0.0100103,-0.00490196,-0.0092688,-0.00102878,0.125,10,0,0
noise_modulation,varying,noise_modulation=varying,recipe:karlsson_2009,literature,ripple,interval,recall,10,0.681373,0.66206,0.70521,-0.0431373,-0.0568184,-0.0304112,0.00195312,10,0,0
noise_modulation,varying,noise_modulation=varying,recipe:krause_2022,literature,network,interval,recall,10,0.568807,0.549526,0.589337,-0.0513761,-0.0669151,-0.036041,0.00195312,10,0,0
noise_modulation,varying,noise_modulation=varying,recipe:krause_2022_hse,literature,burst,interval,recall,10,0.819018,0.797725,0.839959,0,0,0,1,10,0,0
noise_modulation,varying,noise_modulation=varying,recipe:kudrimoti_1999,literature,ripple,interval,recall,10,0.0156863,0.00775908,0.0265116,-0.00882353,-0.0132702,-0.00408081,0.03125,10,0,0
noise_modulation,varying,noise_modulation=varying,recipe:lee_2002,literature,burst,interval,recall,10,0.949898,0.943786,0.955603,0,0,0,1,10,0,0
noise_modulation,varying,noise_modulation=varying,recipe:lee_2002_ripples,literature,ripple,interval,recall,10,0.0627451,0.0468451,0.0781435,-0.0117647,-0.0253319,0.00284449,0.183594,10,0,0
noise_modulation,varying,noise_modulation=varying,recipe:liu_2019,literature,burst,interval,recall,10,0.843558,0.811187,0.87384,0,0,0,1,10,0,0
noise_modulation,varying,noise_modulation=varying,recipe:liu_2019_awake,literature,burst,interval,recall,10,0.843558,0.811187,0.87384,0,0,0,1,10,0,0
noise_modulation,varying,noise_modulation=varying,recipe:liu_2023,literature,network,interval,recall,10,0.425688,0.400565,0.450414,-0.00550459,-0.0150387,0.00561299,0.367188,10,0,0
noise_modulation,varying,noise_modulation=varying,recipe:maboudi_2018,literature,burst,interval,recall,10,0.792434,0.774162,0.811442,0,0,0,1,10,0,0
noise_modulation,varying,noise_modulation=varying,recipe:maboudi_2018_open_field,literature,burst,interval,recall,10,0.737219,0.716188,0.761011,0,0,0,1,10,0,0
noise_modulation,varying,noise_modulation=varying,recipe:mallory_2025,literature,burst,interval,recall,10,0.759714,0.740078,0.779609,0,0,0,1,10,0,0
noise_modulation,varying,noise_modulation=varying,recipe:mallory_2025_ripples,literature,ripple,interval,recall,10,0.636275,0.60971,0.667668,-0.0539216,-0.0688345,-0.039524,0.00195312,10,0,0
noise_modulation,varying,noise_modulation=varying,recipe:michon_2019,literature,network,interval,recall,10,0.253211,0.229778,0.277727,0.00275229,-0.0093494,0.0155535,0.695312,10,0,0
noise_modulation,varying,noise_modulation=varying,recipe:michon_2021,literature,network,interval,recall,10,0.253211,0.229778,0.277727,0.00275229,-0.0093494,0.0155535,0.695312,10,0,0
noise_modulation,varying,noise_modulation=varying,recipe:mou_2022,literature,burst,interval,recall,10,0.856851,0.829681,0.882724,0,0,0,1,10,0,0
noise_modulation,varying,noise_modulation=varying,recipe:muessig_2019,literature,network,interval,recall,10,0.0990826,0.0844787,0.113135,-0.00733945,-0.0137615,-0.00093985,0.09375,10,0,0
noise_modulation,varying,noise_modulation=varying,recipe:muessig_2019_ripples,literature,ripple,interval,recall,10,0.782353,0.75559,0.810518,-0.0931373,-0.113767,-0.0708156,0.00195312,10,0,0
noise_modulation,varying,noise_modulation=varying,recipe:nadasdy_1999,literature,ripple,interval,recall,10,0.35,0.317801,0.382603,-0.111765,-0.12688,-0.0983264,0.00195312,10,0,0
noise_modulation,varying,noise_modulation=varying,recipe:olafsdottir_2015,literature,burst,interval,recall,10,0.676892,0.654822,0.69798,0,0,0,1,10,0,0
noise_modulation,varying,noise_modulation=varying,recipe:olafsdottir_2015.bayesian_candidates,literature,burst,interval,recall,10,0.612474,0.58635,0.641136,0,0,0,1,10,0,0
noise_modulation,varying,noise_modulation=varying,recipe:olafsdottir_2016,literature,burst,interval,recall,10,0.570552,0.539077,0.609091,0,0,0,1,10,0,0
noise_modulation,varying,noise_modulation=varying,recipe:olafsdottir_2017,literature,burst,interval,recall,10,0.760736,0.745657,0.775992,0,0,0,1,10,0,0
noise_modulation,varying,noise_modulation=varying,recipe:olafsdottir_2017.trajectory,literature,burst,interval,recall,10,0.570552,0.539077,0.609091,0,0,0,1,10,0,0
noise_modulation,varying,noise_modulation=varying,recipe:pfeiffer_2013,literature,burst,interval,recall,10,0.737219,0.716188,0.761011,0,0,0,1,10,0,0
noise_modulation,varying,noise_modulation=varying,recipe:pfeiffer_2013_ripples,literature,ripple,interval,recall,10,0.662745,0.635618,0.694425,-0.0656863,-0.078762,-0.0507396,0.00195312,10,0,0
noise_modulation,varying,noise_modulation=varying,recipe:pfeiffer_2015,literature,ripple,interval,recall,10,0.65,0.621223,0.682433,-0.0784314,-0.0953356,-0.0603859,0.00195312,10,0,0
noise_modulation,varying,noise_modulation=varying,recipe:shin_2019,literature,ripple,interval,recall,10,0.681373,0.66206,0.70521,-0.0431373,-0.0568184,-0.0304112,0.00195312,10,0,0
noise_modulation,varying,noise_modulation=varying,recipe:silva_2015,literature,burst,interval,recall,10,0.619632,0.590956,0.648278,0,0,0,1,10,0,0
noise_modulation,varying,noise_modulation=varying,recipe:stella_2019,literature,ripple,interval,recall,10,0.560784,0.539977,0.58111,-0.105882,-0.120119,-0.0912883,0.00195312,10,0,0
noise_modulation,varying,noise_modulation=varying,recipe:tang_2017,literature,ripple,interval,recall,10,0.681373,0.66206,0.70521,-0.0431373,-0.0568184,-0.0304112,0.00195312,10,0,0
noise_modulation,varying,noise_modulation=varying,recipe:tirole_2022,literature,network,interval,recall,10,0.479817,0.451918,0.512243,-0.0311927,-0.0454978,-0.0174059,0.0078125,10,0,0
noise_modulation,varying,noise_modulation=varying,recipe:widloski_2025,literature,ripple,interval,recall,10,0.160784,0.142444,0.182766,-0.347059,-0.371429,-0.323229,0.00195312,10,0,0
noise_modulation,varying,noise_modulation=varying,recipe:widloski_2025_bursts,literature,burst,interval,recall,10,0.529652,0.491013,0.571436,0,0,0,1,10,0,0
noise_modulation,varying,noise_modulation=varying,recipe:wikenheiser_2013,literature,ripple,interval,recall,10,0.721569,0.687318,0.75644,-0.110784,-0.131197,-0.0897662,0.00195312,10,0,0
noise_modulation,varying,noise_modulation=varying,recipe:wu_2014,literature,burst,interval,recall,10,0.862986,0.848921,0.877469,0,0,0,1,10,0,0
noise_modulation,varying,noise_modulation=varying,recipe:wu_2014_ripples,literature,ripple,peak_containment,recall,10,0.861765,0.840344,0.877449,-0.0362745,-0.0547123,-0.0229055,0.00390625,10,0,0
noise_modulation,varying,noise_modulation=varying,recipe:wu_2017,literature,burst,interval,recall,10,0.534765,0.509803,0.559125,0,0,0,1,10,0,0
noise_modulation,varying,noise_modulation=varying,recipe:xu_2019,literature,burst,interval,recall,10,0.747444,0.729037,0.765482,0,0,0,1,10,0,0
noise_modulation,varying,noise_modulation=varying,recipe:yamamoto_2017,literature,network,interval,recall,10,0.53945,0.51089,0.569597,-0.0220183,-0.032087,-0.012172,0.0078125,10,0,0
noise_modulation,varying,noise_modulation=varying,recipe:yang_2024,literature,network,interval,recall,10,0.400917,0.370174,0.436751,-0.0155963,-0.0266058,-0.00624958,0.0234375,10,0,0
fast_gamma_band,reference,reference,Carey_candidate_detector,default,network,interval,recall,10,0.817431,0.802458,0.834401,0,0,0,1,10,0,0
fast_gamma_band,reference,reference,Karlsson_ripple_detector,default,ripple,interval,recall,10,0.72451,0.706531,0.74433,0,0,0,1,10,0,0
fast_gamma_band,reference,reference,Kay_ripple_detector,default,ripple,interval,recall,10,0.827451,0.814342,0.842843,0,0,0,1,10,0,0
fast_gamma_band,reference,reference,Long_sharp_wave_ripple_detector,default,ripple,interval,recall,10,0.690196,0.666335,0.713389,0,0,0,1,10,0,0
fast_gamma_band,reference,reference,Roumis_ripple_detector,default,ripple,interval,recall,10,0.828431,0.813977,0.844765,0,0,0,1,10,0,0
fast_gamma_band,reference,reference,Shvartsman_ripple_detector,default,ripple,interval,recall,10,0.663725,0.64129,0.687835,0,0,0,1,10,0,0
fast_gamma_band,reference,reference,Yu_ripple_detector,default,ripple,interval,recall,10,0.848039,0.832833,0.865145,0,0,0,1,10,0,0
fast_gamma_band,reference,reference,Zugaro_ripple_detector,default,ripple,interval,recall,10,0.67549,0.654252,0.696335,0,0,0,1,10,0,0
fast_gamma_band,reference,reference,multiunit_HSE_detector,default,burst,interval,recall,10,0.931493,0.917158,0.948138,0,0,0,1,10,0,0
fast_gamma_band,reference,reference,recipe:ambrose_2016,literature,ripple,interval,recall,10,0.728431,0.699812,0.754759,0,0,0,1,10,0,0
fast_gamma_band,reference,reference,recipe:bendor_2012,literature,burst,interval,recall,10,0.669734,0.643002,0.697931,0,0,0,1,10,0,0
fast_gamma_band,reference,reference,recipe:berners_lee_2021,literature,ripple,interval,recall,10,0.790196,0.767908,0.813176,0,0,0,1,10,0,0
fast_gamma_band,reference,reference,recipe:berners_lee_2022,literature,burst,interval,recall,10,0.683027,0.657603,0.710964,0,0,0,1,10,0,0
fast_gamma_band,reference,reference,recipe:bhattarai_2020,literature,network,interval,recall,10,0.383486,0.36426,0.404432,0,0,0,1,10,0,0
fast_gamma_band,reference,reference,recipe:bhattarai_2020_ripples,literature,ripple,interval,recall,10,0.464706,0.436362,0.495339,0,0,0,1,10,0,0
fast_gamma_band,reference,reference,recipe:bush_2022,literature,burst,interval,recall,10,0.630879,0.597014,0.668706,0,0,0,1,10,0,0
fast_gamma_band,reference,reference,recipe:carey_2019,literature,network,interval,recall,10,0.825688,0.806478,0.843953,0,0,0,1,10,0,0
fast_gamma_band,reference,reference,recipe:carr_2012,literature,ripple,interval,recall,10,0.72451,0.706531,0.74433,0,0,0,1,10,0,0
fast_gamma_band,reference,reference,recipe:chenani_2019,literature,burst,interval,recall,10,0.686094,0.665608,0.709887,0,0,0,1,10,0,0
fast_gamma_band,reference,reference,recipe:davidson_2009,literature,burst,interval,recall,10,0.801636,0.785994,0.820324,0,0,0,1,10,0,0
fast_gamma_band,reference,reference,recipe:davidson_2009_ripples,literature,ripple,peak_containment,recall,10,0.87549,0.851889,0.898297,0,0,0,1,10,0,0
fast_gamma_band,reference,reference,recipe:denovellis_2021,literature,ripple,interval,recall,10,0.828431,0.815282,0.842262,0,0,0,1,10,0,0
fast_gamma_band,reference,reference,recipe:denovellis_2021_mua,literature,burst,interval,recall,10,0.93047,0.916838,0.946485,0,0,0,1,10,0,0
fast_gamma_band,reference,reference,recipe:diba_2007,literature,burst,interval,recall,10,0.256646,0.22654,0.287224,0,0,0,1,10,0,0
fast_gamma_band,reference,reference,recipe:drieu_2018,literature,burst,interval,recall,10,0.786299,0.775775,0.797509,0,0,0,1,10,0,0
fast_gamma_band,reference,reference,recipe:farooq_2019_neuron,literature,burst,interval,recall,10,0.280164,0.243652,0.32154,0,0,0,1,10,0,0
fast_gamma_band,reference,reference,recipe:farooq_2019_science,literature,burst,interval,recall,10,0.278119,0.242423,0.318476,0,0,0,1,10,0,0
fast_gamma_band,reference,reference,recipe:farooq_2019_science_awake,literature,burst,interval,recall,10,0.278119,0.242423,0.318476,0,0,0,1,10,0,0
fast_gamma_band,reference,reference,recipe:foster_2006,literature,burst,interval,recall,10,0.148262,0.127082,0.172862,0,0,0,1,10,0,0
fast_gamma_band,reference,reference,recipe:foster_2006_ripples,literature,ripple,interval,recall,10,0.0745098,0.0613481,0.0878934,0,0,0,1,10,0,0
fast_gamma_band,reference,reference,recipe:gillespie_2021,literature,ripple,interval,recall,10,0.827451,0.814342,0.842843,0,0,0,1,10,0,0
fast_gamma_band,reference,reference,recipe:gillespie_2021_mua,literature,burst,interval,recall,10,0.822086,0.803179,0.839827,0,0,0,1,10,0,0
fast_gamma_band,reference,reference,recipe:gridchyn_2020,literature,burst,interval,recall,10,0.891616,0.874123,0.907524,0,0,0,1,10,0,0
fast_gamma_band,reference,reference,recipe:grosmark_2016,literature,network,interval,recall,10,0.416514,0.386402,0.448061,0,0,0,1,10,0,0
fast_gamma_band,reference,reference,recipe:gupta_2010,literature,ripple,interval,recall,10,0.8,0.777446,0.828924,0,0,0,1,10,0,0
fast_gamma_band,reference,reference,recipe:harvey_2023_code,literature,ripple,interval,recall,10,0.563725,0.539941,0.588474,0,0,0,1,10,0,0
fast_gamma_band,reference,reference,recipe:harvey_2023_no_radiatum,literature,ripple,interval,recall,10,0.597059,0.577734,0.617905,0,0,0,1,10,0,0
fast_gamma_band,reference,reference,recipe:harvey_2023_text,literature,ripple,interval,recall,10,0.604902,0.587255,0.62526,0,0,0,1,10,0,0
fast_gamma_band,reference,reference,recipe:huelin_gorriz_2023,literature,network,interval,recall,10,0.511009,0.483133,0.539768,0,0,0,1,10,0,0
fast_gamma_band,reference,reference,recipe:igata_2021,literature,burst,interval,recall,10,0.932515,0.917901,0.949156,0,0,0,1,10,0,0
fast_gamma_band,reference,reference,recipe:igata_2021_ripples,literature,ripple,interval,recall,10,0.872549,0.855652,0.890613,0,0,0,1,10,0,0
fast_gamma_band,reference,reference,recipe:jadhav_2016,literature,ripple,interval,recall,10,0.586275,0.554419,0.616468,0,0,0,1,10,0,0
fast_gamma_band,reference,reference,recipe:ji_2007,literature,burst,interval,recall,10,0.700409,0.6305,0.748675,0,0,0,1,10,0,0
fast_gamma_band,reference,reference,recipe:ji_2007_ripples,literature,ripple,interval,recall,10,0.00490196,0.00101623,0.00883243,0,0,0,1,10,0,0
fast_gamma_band,reference,reference,recipe:kaefer_2020,literature,ripple,interval,recall,10,0.0107843,0.00584212,0.0155603,0,0,0,1,10,0,0
fast_gamma_band,reference,reference,recipe:karlsson_2009,literature,ripple,interval,recall,10,0.72451,0.706531,0.74433,0,0,0,1,10,0,0
fast_gamma_band,reference,reference,recipe:krause_2022,literature,network,interval,recall,10,0.620183,0.594116,0.645529,0,0,0,1,10,0,0
fast_gamma_band,reference,reference,recipe:krause_2022_hse,literature,burst,interval,recall,10,0.819018,0.797725,0.839959,0,0,0,1,10,0,0
fast_gamma_band,reference,reference,recipe:kudrimoti_1999,literature,ripple,interval,recall,10,0.0245098,0.0174466,0.0338271,0,0,0,1,10,0,0
fast_gamma_band,reference,reference,recipe:lee_2002,literature,burst,interval,recall,10,0.949898,0.943786,0.955603,0,0,0,1,10,0,0
fast_gamma_band,reference,reference,recipe:lee_2002_ripples,literature,ripple,interval,recall,10,0.0745098,0.0613481,0.0878934,0,0,0,1,10,0,0
fast_gamma_band,reference,reference,recipe:liu_2019,literature,burst,interval,recall,10,0.843558,0.811187,0.87384,0,0,0,1,10,0,0
fast_gamma_band,reference,reference,recipe:liu_2019_awake,literature,burst,interval,recall,10,0.843558,0.811187,0.87384,0,0,0,1,10,0,0
fast_gamma_band,reference,reference,recipe:liu_2023,literature,network,interval,recall,10,0.431193,0.411239,0.451816,0,0,0,1,10,0,0
fast_gamma_band,reference,reference,recipe:maboudi_2018,literature,burst,interval,recall,10,0.792434,0.774162,0.811442,0,0,0,1,10,0,0
fast_gamma_band,reference,reference,recipe:maboudi_2018_open_field,literature,burst,interval,recall,10,0.737219,0.716188,0.761011,0,0,0,1,10,0,0
fast_gamma_band,reference,reference,recipe:mallory_2025,literature,burst,interval,recall,10,0.759714,0.740078,0.779609,0,0,0,1,10,0,0
fast_gamma_band,reference,reference,recipe:mallory_2025_ripples,literature,ripple,interval,recall,10,0.690196,0.668886,0.712691,0,0,0,1,10,0,0
fast_gamma_band,reference,reference,recipe:michon_2019,literature,network,interval,recall,10,0.250459,0.224122,0.276924,0,0,0,1,10,0,0
fast_gamma_band,reference,reference,recipe:michon_2021,literature,network,interval,recall,10,0.250459,0.224122,0.276924,0,0,0,1,10,0,0
fast_gamma_band,reference,reference,recipe:mou_2022,literature,burst,interval,recall,10,0.856851,0.829681,0.882724,0,0,0,1,10,0,0
fast_gamma_band,reference,reference,recipe:muessig_2019,literature,network,interval,recall,10,0.106422,0.091568,0.12113,0,0,0,1,10,0,0
fast_gamma_band,reference,reference,recipe:muessig_2019_ripples,literature,ripple,interval,recall,10,0.87549,0.854298,0.894141,0,0,0,1,10,0,0
fast_gamma_band,reference,reference,recipe:nadasdy_1999,literature,ripple,interval,recall,10,0.461765,0.441114,0.485717,0,0,0,1,10,0,0
fast_gamma_band,reference,reference,recipe:olafsdottir_2015,literature,burst,interval,recall,10,0.676892,0.654822,0.69798,0,0,0,1,10,0,0
fast_gamma_band,reference,reference,recipe:olafsdottir_2015.bayesian_candidates,literature,burst,interval,recall,10,0.612474,0.58635,0.641136,0,0,0,1,10,0,0
fast_gamma_band,reference,reference,recipe:olafsdottir_2016,literature,burst,interval,recall,10,0.570552,0.539077,0.609091,0,0,0,1,10,0,0
fast_gamma_band,reference,reference,recipe:olafsdottir_2017,literature,burst,interval,recall,10,0.760736,0.745657,0.775992,0,0,0,1,10,0,0
fast_gamma_band,reference,reference,recipe:olafsdottir_2017.trajectory,literature,burst,interval,recall,10,0.570552,0.539077,0.609091,0,0,0,1,10,0,0
fast_gamma_band,reference,reference,recipe:pfeiffer_2013,literature,burst,interval,recall,10,0.737219,0.716188,0.761011,0,0,0,1,10,0,0
fast_gamma_band,reference,reference,recipe:pfeiffer_2013_ripples,literature,ripple,interval,recall,10,0.728431,0.699812,0.754759,0,0,0,1,10,0,0
fast_gamma_band,reference,reference,recipe:pfeiffer_2015,literature,ripple,interval,recall,10,0.728431,0.699812,0.754759,0,0,0,1,10,0,0
fast_gamma_band,reference,reference,recipe:shin_2019,literature,ripple,interval,recall,10,0.72451,0.706531,0.74433,0,0,0,1,10,0,0
fast_gamma_band,reference,reference,recipe:silva_2015,literature,burst,interval,recall,10,0.619632,0.590956,0.648278,0,0,0,1,10,0,0
fast_gamma_band,reference,reference,recipe:stella_2019,literature,ripple,interval,recall,10,0.666667,0.649493,0.685394,0,0,0,1,10,0,0
fast_gamma_band,reference,reference,recipe:tang_2017,literature,ripple,interval,recall,10,0.72451,0.706531,0.74433,0,0,0,1,10,0,0
fast_gamma_band,reference,reference,recipe:tirole_2022,literature,network,interval,recall,10,0.511009,0.483133,0.539768,0,0,0,1,10,0,0
fast_gamma_band,reference,reference,recipe:widloski_2025,literature,ripple,interval,recall,10,0.507843,0.469984,0.54879,0,0,0,1,10,0,0
fast_gamma_band,reference,reference,recipe:widloski_2025_bursts,literature,burst,interval,recall,10,0.529652,0.491013,0.571436,0,0,0,1,10,0,0
fast_gamma_band,reference,reference,recipe:wikenheiser_2013,literature,ripple,interval,recall,10,0.832353,0.80594,0.860302,0,0,0,1,10,0,0
fast_gamma_band,reference,reference,recipe:wu_2014,literature,burst,interval,recall,10,0.862986,0.848921,0.877469,0,0,0,1,10,0,0
fast_gamma_band,reference,reference,recipe:wu_2014_ripples,literature,ripple,peak_containment,recall,10,0.898039,0.880974,0.916923,0,0,0,1,10,0,0
fast_gamma_band,reference,reference,recipe:wu_2017,literature,burst,interval,recall,10,0.534765,0.509803,0.559125,0,0,0,1,10,0,0
fast_gamma_band,reference,reference,recipe:xu_2019,literature,burst,interval,recall,10,0.747444,0.729037,0.765482,0,0,0,1,10,0,0
fast_gamma_band,reference,reference,recipe:yamamoto_2017,literature,network,interval,recall,10,0.561468,0.529566,0.596138,0,0,0,1,10,0,0
fast_gamma_band,reference,reference,recipe:yang_2024,literature,network,interval,recall,10,0.416514,0.386402,0.448061,0,0,0,1,10,0,0
fast_gamma_band,nearby,fast_gamma_band=nearby,Carey_candidate_detector,default,network,interval,recall,10,0.817431,0.802458,0.834401,0,0,0,1,10,0,0
fast_gamma_band,nearby,fast_gamma_band=nearby,Karlsson_ripple_detector,default,ripple,interval,recall,10,0.72451,0.706531,0.74433,0,0,0,1,10,0,0
fast_gamma_band,nearby,fast_gamma_band=nearby,Kay_ripple_detector,default,ripple,interval,recall,10,0.827451,0.814342,0.842843,0,0,0,1,10,0,0
fast_gamma_band,nearby,fast_gamma_band=nearby,Long_sharp_wave_ripple_detector,default,ripple,interval,recall,10,0.690196,0.666335,0.713389,0,0,0,1,10,0,0
fast_gamma_band,nearby,fast_gamma_band=nearby,Roumis_ripple_detector,default,ripple,interval,recall,10,0.828431,0.813977,0.844765,0,0,0,1,10,0,0
fast_gamma_band,nearby,fast_gamma_band=nearby,Shvartsman_ripple_detector,default,ripple,interval,recall,10,0.663725,0.64129,0.687835,0,0,0,1,10,0,0
fast_gamma_band,nearby,fast_gamma_band=nearby,Yu_ripple_detector,default,ripple,interval,recall,10,0.848039,0.832833,0.865145,0,0,0,1,10,0,0
fast_gamma_band,nearby,fast_gamma_band=nearby,Zugaro_ripple_detector,default,ripple,interval,recall,10,0.676471,0.655378,0.696573,0.000980392,0,0.00290142,1,10,0,0
fast_gamma_band,nearby,fast_gamma_band=nearby,multiunit_HSE_detector,default,burst,interval,recall,10,0.931493,0.917158,0.948138,0,0,0,1,10,0,0
fast_gamma_band,nearby,fast_gamma_band=nearby,recipe:ambrose_2016,literature,ripple,interval,recall,10,0.728431,0.699812,0.754759,0,0,0,1,10,0,0
fast_gamma_band,nearby,fast_gamma_band=nearby,recipe:bendor_2012,literature,burst,interval,recall,10,0.669734,0.643002,0.697931,0,0,0,1,10,0,0
fast_gamma_band,nearby,fast_gamma_band=nearby,recipe:berners_lee_2021,literature,ripple,interval,recall,10,0.790196,0.767908,0.813176,0,0,0,1,10,0,0
fast_gamma_band,nearby,fast_gamma_band=nearby,recipe:berners_lee_2022,literature,burst,interval,recall,10,0.683027,0.657603,0.710964,0,0,0,1,10,0,0
fast_gamma_band,nearby,fast_gamma_band=nearby,recipe:bhattarai_2020,literature,network,interval,recall,10,0.382569,0.362796,0.404155,-0.000917431,-0.00277784,0,1,10,0,0
fast_gamma_band,nearby,fast_gamma_band=nearby,recipe:bhattarai_2020_ripples,literature,ripple,interval,recall,10,0.463725,0.435705,0.494304,-0.000980392,-0.00300308,0,1,10,0,0
fast_gamma_band,nearby,fast_gamma_band=nearby,recipe:bush_2022,literature,burst,interval,recall,10,0.630879,0.597014,0.668706,0,0,0,1,10,0,0
fast_gamma_band,nearby,fast_gamma_band=nearby,recipe:carey_2019,literature,network,interval,recall,10,0.825688,0.806478,0.843953,0,0,0,1,10,0,0
fast_gamma_band,nearby,fast_gamma_band=nearby,recipe:carr_2012,literature,ripple,interval,recall,10,0.72451,0.706531,0.74433,0,0,0,1,10,0,0
fast_gamma_band,nearby,fast_gamma_band=nearby,recipe:chenani_2019,literature,burst,interval,recall,10,0.686094,0.665608,0.709887,0,0,0,1,10,0,0
fast_gamma_band,nearby,fast_gamma_band=nearby,recipe:davidson_2009,literature,burst,interval,recall,10,0.801636,0.785994,0.820324,0,0,0,1,10,0,0
fast_gamma_band,nearby,fast_gamma_band=nearby,recipe:davidson_2009_ripples,literature,ripple,peak_containment,recall,10,0.87549,0.851889,0.898297,0,0,0,1,10,0,0
fast_gamma_band,nearby,fast_gamma_band=nearby,recipe:denovellis_2021,literature,ripple,interval,recall,10,0.828431,0.815282,0.842262,0,0,0,1,10,0,0
fast_gamma_band,nearby,fast_gamma_band=nearby,recipe:denovellis_2021_mua,literature,burst,interval,recall,10,0.93047,0.916838,0.946485,0,0,0,1,10,0,0
fast_gamma_band,nearby,fast_gamma_band=nearby,recipe:diba_2007,literature,burst,interval,recall,10,0.256646,0.22654,0.287224,0,0,0,1,10,0,0
fast_gamma_band,nearby,fast_gamma_band=nearby,recipe:drieu_2018,literature,burst,interval,recall,10,0.786299,0.775775,0.797509,0,0,0,1,10,0,0
fast_gamma_band,nearby,fast_gamma_band=nearby,recipe:farooq_2019_neuron,literature,burst,interval,recall,10,0.280164,0.243652,0.32154,0,0,0,1,10,0,0
fast_gamma_band,nearby,fast_gamma_band=nearby,recipe:farooq_2019_science,literature,burst,interval,recall,10,0.278119,0.242423,0.318476,0,0,0,1,10,0,0
fast_gamma_band,nearby,fast_gamma_band=nearby,recipe:farooq_2019_science_awake,literature,burst,interval,recall,10,0.278119,0.242423,0.318476,0,0,0,1,10,0,0
fast_gamma_band,nearby,fast_gamma_band=nearby,recipe:foster_2006,literature,burst,interval,recall,10,0.148262,0.127082,0.172862,0,0,0,1,10,0,0
fast_gamma_band,nearby,fast_gamma_band=nearby,recipe:foster_2006_ripples,literature,ripple,interval,recall,10,0.0745098,0.0613481,0.0878934,0,0,0,1,10,0,0
fast_gamma_band,nearby,fast_gamma_band=nearby,recipe:gillespie_2021,literature,ripple,interval,recall,10,0.827451,0.814342,0.842843,0,0,0,1,10,0,0
fast_gamma_band,nearby,fast_gamma_band=nearby,recipe:gillespie_2021_mua,literature,burst,interval,recall,10,0.822086,0.803179,0.839827,0,0,0,1,10,0,0
fast_gamma_band,nearby,fast_gamma_band=nearby,recipe:gridchyn_2020,literature,burst,interval,recall,10,0.891616,0.874123,0.907524,0,0,0,1,10,0,0
fast_gamma_band,nearby,fast_gamma_band=nearby,recipe:grosmark_2016,literature,network,interval,recall,10,0.417431,0.387152,0.44896,0.000917431,0,0.0027248,1,10,0,0
fast_gamma_band,nearby,fast_gamma_band=nearby,recipe:gupta_2010,literature,ripple,interval,recall,10,0.8,0.777446,0.828924,0,0,0,1,10,0,0
fast_gamma_band,nearby,fast_gamma_band=nearby,recipe:harvey_2023_code,literature,ripple,interval,recall,10,0.563725,0.539941,0.588474,0,0,0,1,10,0,0
fast_gamma_band,nearby,fast_gamma_band=nearby,recipe:harvey_2023_no_radiatum,literature,ripple,interval,recall,10,0.597059,0.577734,0.617905,0,0,0,1,10,0,0
fast_gamma_band,nearby,fast_gamma_band=nearby,recipe:harvey_2023_text,literature,ripple,interval,recall,10,0.604902,0.587255,0.62526,0,0,0,1,10,0,0
fast_gamma_band,nearby,fast_gamma_band=nearby,recipe:huelin_gorriz_2023,literature,network,interval,recall,10,0.511927,0.485307,0.53977,0.000917431,0,0.0027248,1,10,0,0
fast_gamma_band,nearby,fast_gamma_band=nearby,recipe:igata_2021,literature,burst,interval,recall,10,0.932515,0.917901,0.949156,0,0,0,1,10,0,0
fast_gamma_band,nearby,fast_gamma_band=nearby,recipe:igata_2021_ripples,literature,ripple,interval,recall,10,0.872549,0.855652,0.890613,0,0,0,1,10,0,0
fast_gamma_band,nearby,fast_gamma_band=nearby,recipe:jadhav_2016,literature,ripple,interval,recall,10,0.586275,0.554419,0.616468,0,0,0,1,10,0,0
fast_gamma_band,nearby,fast_gamma_band=nearby,recipe:ji_2007,literature,burst,interval,recall,10,0.700409,0.6305,0.748675,0,0,0,1,10,0,0
fast_gamma_band,nearby,fast_gamma_band=nearby,recipe:ji_2007_ripples,literature,ripple,interval,recall,10,0.00490196,0.00101623,0.00883243,0,0,0,1,10,0,0
fast_gamma_band,nearby,fast_gamma_band=nearby,recipe:kaefer_2020,literature,ripple,interval,recall,10,0.0107843,0.00584212,0.0155603,0,0,0,1,10,0,0
fast_gamma_band,nearby,fast_gamma_band=nearby,recipe:karlsson_2009,literature,ripple,interval,recall,10,0.72451,0.706531,0.74433,0,0,0,1,10,0,0
fast_gamma_band,nearby,fast_gamma_band=nearby,recipe:krause_2022,literature,network,interval,recall,10,0.620183,0.594116,0.645529,0,0,0,1,10,0,0
fast_gamma_band,nearby,fast_gamma_band=nearby,recipe:krause_2022_hse,literature,burst,interval,recall,10,0.819018,0.797725,0.839959,0,0,0,1,10,0,0
fast_gamma_band,nearby,fast_gamma_band=nearby,recipe:kudrimoti_1999,literature,ripple,interval,recall,10,0.0245098,0.0174466,0.0338271,0,0,0,1,10,0,0
fast_gamma_band,nearby,fast_gamma_band=nearby,recipe:lee_2002,literature,burst,interval,recall,10,0.949898,0.943786,0.955603,0,0,0,1,10,0,0
fast_gamma_band,nearby,fast_gamma_band=nearby,recipe:lee_2002_ripples,literature,ripple,interval,recall,10,0.0745098,0.0613481,0.0878934,0,0,0,1,10,0,0
fast_gamma_band,nearby,fast_gamma_band=nearby,recipe:liu_2019,literature,burst,interval,recall,10,0.843558,0.811187,0.87384,0,0,0,1,10,0,0
fast_gamma_band,nearby,fast_gamma_band=nearby,recipe:liu_2019_awake,literature,burst,interval,recall,10,0.843558,0.811187,0.87384,0,0,0,1,10,0,0
fast_gamma_band,nearby,fast_gamma_band=nearby,recipe:liu_2023,literature,network,interval,recall,10,0.431193,0.411239,0.451816,0,0,0,1,10,0,0
fast_gamma_band,nearby,fast_gamma_band=nearby,recipe:maboudi_2018,literature,burst,interval,recall,10,0.792434,0.774162,0.811442,0,0,0,1,10,0,0
fast_gamma_band,nearby,fast_gamma_band=nearby,recipe:maboudi_2018_open_field,literature,burst,interval,recall,10,0.737219,0.716188,0.761011,0,0,0,1,10,0,0
fast_gamma_band,nearby,fast_gamma_band=nearby,recipe:mallory_2025,literature,burst,interval,recall,10,0.759714,0.740078,0.779609,0,0,0,1,10,0,0
fast_gamma_band,nearby,fast_gamma_band=nearby,recipe:mallory_2025_ripples,literature,ripple,interval,recall,10,0.691176,0.670391,0.712845,0.000980392,0,0.00290142,1,10,0,0
fast_gamma_band,nearby,fast_gamma_band=nearby,recipe:michon_2019,literature,network,interval,recall,10,0.249541,0.223813,0.275118,-0.000917431,-0.00270514,0,1,10,0,0
fast_gamma_band,nearby,fast_gamma_band=nearby,recipe:michon_2021,literature,network,interval,recall,10,0.249541,0.223813,0.275118,-0.000917431,-0.00270514,0,1,10,0,0
fast_gamma_band,nearby,fast_gamma_band=nearby,recipe:mou_2022,literature,burst,interval,recall,10,0.856851,0.829681,0.882724,0,0,0,1,10,0,0
fast_gamma_band,nearby,fast_gamma_band=nearby,recipe:muessig_2019,literature,network,interval,recall,10,0.106422,0.091568,0.12113,0,0,0,1,10,0,0
fast_gamma_band,nearby,fast_gamma_band=nearby,recipe:muessig_2019_ripples,literature,ripple,interval,recall,10,0.87451,0.853145,0.893698,-0.000980392,-0.00308968,0,1,10,0,0
fast_gamma_band,nearby,fast_gamma_band=nearby,recipe:nadasdy_1999,literature,ripple,interval,recall,10,0.461765,0.441114,0.485717,0,0,0,1,10,0,0
fast_gamma_band,nearby,fast_gamma_band=nearby,recipe:olafsdottir_2015,literature,burst,interval,recall,10,0.676892,0.654822,0.69798,0,0,0,1,10,0,0
fast_gamma_band,nearby,fast_gamma_band=nearby,recipe:olafsdottir_2015.bayesian_candidates,literature,burst,interval,recall,10,0.612474,0.58635,0.641136,0,0,0,1,10,0,0
fast_gamma_band,nearby,fast_gamma_band=nearby,recipe:olafsdottir_2016,literature,burst,interval,recall,10,0.570552,0.539077,0.609091,0,0,0,1,10,0,0
fast_gamma_band,nearby,fast_gamma_band=nearby,recipe:olafsdottir_2017,literature,burst,interval,recall,10,0.760736,0.745657,0.775992,0,0,0,1,10,0,0
fast_gamma_band,nearby,fast_gamma_band=nearby,recipe:olafsdottir_2017.trajectory,literature,burst,interval,recall,10,0.570552,0.539077,0.609091,0,0,0,1,10,0,0
fast_gamma_band,nearby,fast_gamma_band=nearby,recipe:pfeiffer_2013,literature,burst,interval,recall,10,0.737219,0.716188,0.761011,0,0,0,1,10,0,0
fast_gamma_band,nearby,fast_gamma_band=nearby,recipe:pfeiffer_2013_ripples,literature,ripple,interval,recall,10,0.728431,0.699812,0.754759,0,0,0,1,10,0,0
fast_gamma_band,nearby,fast_gamma_band=nearby,recipe:pfeiffer_2015,literature,ripple,interval,recall,10,0.728431,0.699812,0.754759,0,0,0,1,10,0,0
fast_gamma_band,nearby,fast_gamma_band=nearby,recipe:shin_2019,literature,ripple,interval,recall,10,0.72451,0.706531,0.74433,0,0,0,1,10,0,0
fast_gamma_band,nearby,fast_gamma_band=nearby,recipe:silva_2015,literature,burst,interval,recall,10,0.619632,0.590956,0.648278,0,0,0,1,10,0,0
fast_gamma_band,nearby,fast_gamma_band=nearby,recipe:stella_2019,literature,ripple,interval,recall,10,0.666667,0.649493,0.685394,0,0,0,1,10,0,0
fast_gamma_band,nearby,fast_gamma_band=nearby,recipe:tang_2017,literature,ripple,interval,recall,10,0.72451,0.706531,0.74433,0,0,0,1,10,0,0
fast_gamma_band,nearby,fast_gamma_band=nearby,recipe:tirole_2022,literature,network,interval,recall,10,0.511927,0.485307,0.53977,0.000917431,0,0.0027248,1,10,0,0
fast_gamma_band,nearby,fast_gamma_band=nearby,recipe:widloski_2025,literature,ripple,interval,recall,10,0.506863,0.468991,0.547719,-0.000980392,-0.00409878,0.00209227,1,10,0,0
fast_gamma_band,nearby,fast_gamma_band=nearby,recipe:widloski_2025_bursts,literature,burst,interval,recall,10,0.529652,0.491013,0.571436,0,0,0,1,10,0,0
fast_gamma_band,nearby,fast_gamma_band=nearby,recipe:wikenheiser_2013,literature,ripple,interval,recall,10,0.832353,0.80594,0.860302,0,0,0,1,10,0,0
fast_gamma_band,nearby,fast_gamma_band=nearby,recipe:wu_2014,literature,burst,interval,recall,10,0.862986,0.848921,0.877469,0,0,0,1,10,0,0
fast_gamma_band,nearby,fast_gamma_band=nearby,recipe:wu_2014_ripples,literature,ripple,peak_containment,recall,10,0.898039,0.880974,0.916923,0,0,0,1,10,0,0
fast_gamma_band,nearby,fast_gamma_band=nearby,recipe:wu_2017,literature,burst,interval,recall,10,0.534765,0.509803,0.559125,0,0,0,1,10,0,0
fast_gamma_band,nearby,fast_gamma_band=nearby,recipe:xu_2019,literature,burst,interval,recall,10,0.747444,0.729037,0.765482,0,0,0,1,10,0,0
fast_gamma_band,nearby,fast_gamma_band=nearby,recipe:yamamoto_2017,literature,network,interval,recall,10,0.561468,0.529566,0.596138,0,0,0,1,10,0,0
fast_gamma_band,nearby,fast_gamma_band=nearby,recipe:yang_2024,literature,network,interval,recall,10,0.417431,0.387152,0.44896,0.000917431,0,0.0027248,1,10,0,0
spike_model,reference,reference,Carey_candidate_detector,default,network,interval,recall,10,0.817431,0.802458,0.834401,0,0,0,1,10,0,0
spike_model,reference,reference,Karlsson_ripple_detector,default,ripple,interval,recall,10,0.72451,0.706531,0.74433,0,0,0,1,10,0,0
spike_model,reference,reference,Kay_ripple_detector,default,ripple,interval,recall,10,0.827451,0.814342,0.842843,0,0,0,1,10,0,0
spike_model,reference,reference,Long_sharp_wave_ripple_detector,default,ripple,interval,recall,10,0.690196,0.666335,0.713389,0,0,0,1,10,0,0
spike_model,reference,reference,Roumis_ripple_detector,default,ripple,interval,recall,10,0.828431,0.813977,0.844765,0,0,0,1,10,0,0
spike_model,reference,reference,Shvartsman_ripple_detector,default,ripple,interval,recall,10,0.663725,0.64129,0.687835,0,0,0,1,10,0,0
spike_model,reference,reference,Yu_ripple_detector,default,ripple,interval,recall,10,0.848039,0.832833,0.865145,0,0,0,1,10,0,0
spike_model,reference,reference,Zugaro_ripple_detector,default,ripple,interval,recall,10,0.67549,0.654252,0.696335,0,0,0,1,10,0,0
spike_model,reference,reference,multiunit_HSE_detector,default,burst,interval,recall,10,0.931493,0.917158,0.948138,0,0,0,1,10,0,0
spike_model,reference,reference,recipe:ambrose_2016,literature,ripple,interval,recall,10,0.728431,0.699812,0.754759,0,0,0,1,10,0,0
spike_model,reference,reference,recipe:bendor_2012,literature,burst,interval,recall,10,0.669734,0.643002,0.697931,0,0,0,1,10,0,0
spike_model,reference,reference,recipe:berners_lee_2021,literature,ripple,interval,recall,10,0.790196,0.767908,0.813176,0,0,0,1,10,0,0
spike_model,reference,reference,recipe:berners_lee_2022,literature,burst,interval,recall,10,0.683027,0.657603,0.710964,0,0,0,1,10,0,0
spike_model,reference,reference,recipe:bhattarai_2020,literature,network,interval,recall,10,0.383486,0.36426,0.404432,0,0,0,1,10,0,0
spike_model,reference,reference,recipe:bhattarai_2020_ripples,literature,ripple,interval,recall,10,0.464706,0.436362,0.495339,0,0,0,1,10,0,0
spike_model,reference,reference,recipe:bush_2022,literature,burst,interval,recall,10,0.630879,0.597014,0.668706,0,0,0,1,10,0,0
spike_model,reference,reference,recipe:carey_2019,literature,network,interval,recall,10,0.825688,0.806478,0.843953,0,0,0,1,10,0,0
spike_model,reference,reference,recipe:carr_2012,literature,ripple,interval,recall,10,0.72451,0.706531,0.74433,0,0,0,1,10,0,0
spike_model,reference,reference,recipe:chenani_2019,literature,burst,interval,recall,10,0.686094,0.665608,0.709887,0,0,0,1,10,0,0
spike_model,reference,reference,recipe:davidson_2009,literature,burst,interval,recall,10,0.801636,0.785994,0.820324,0,0,0,1,10,0,0
spike_model,reference,reference,recipe:davidson_2009_ripples,literature,ripple,peak_containment,recall,10,0.87549,0.851889,0.898297,0,0,0,1,10,0,0
spike_model,reference,reference,recipe:denovellis_2021,literature,ripple,interval,recall,10,0.828431,0.815282,0.842262,0,0,0,1,10,0,0
spike_model,reference,reference,recipe:denovellis_2021_mua,literature,burst,interval,recall,10,0.93047,0.916838,0.946485,0,0,0,1,10,0,0
spike_model,reference,reference,recipe:diba_2007,literature,burst,interval,recall,10,0.256646,0.22654,0.287224,0,0,0,1,10,0,0
spike_model,reference,reference,recipe:drieu_2018,literature,burst,interval,recall,10,0.786299,0.775775,0.797509,0,0,0,1,10,0,0
spike_model,reference,reference,recipe:farooq_2019_neuron,literature,burst,interval,recall,10,0.280164,0.243652,0.32154,0,0,0,1,10,0,0
spike_model,reference,reference,recipe:farooq_2019_science,literature,burst,interval,recall,10,0.278119,0.242423,0.318476,0,0,0,1,10,0,0
spike_model,reference,reference,recipe:farooq_2019_science_awake,literature,burst,interval,recall,10,0.278119,0.242423,0.318476,0,0,0,1,10,0,0
spike_model,reference,reference,recipe:foster_2006,literature,burst,interval,recall,10,0.148262,0.127082,0.172862,0,0,0,1,10,0,0
spike_model,reference,reference,recipe:foster_2006_ripples,literature,ripple,interval,recall,10,0.0745098,0.0613481,0.0878934,0,0,0,1,10,0,0
spike_model,reference,reference,recipe:gillespie_2021,literature,ripple,interval,recall,10,0.827451,0.814342,0.842843,0,0,0,1,10,0,0
spike_model,reference,reference,recipe:gillespie_2021_mua,literature,burst,interval,recall,10,0.822086,0.803179,0.839827,0,0,0,1,10,0,0
spike_model,reference,reference,recipe:gridchyn_2020,literature,burst,interval,recall,10,0.891616,0.874123,0.907524,0,0,0,1,10,0,0
spike_model,reference,reference,recipe:grosmark_2016,literature,network,interval,recall,10,0.416514,0.386402,0.448061,0,0,0,1,10,0,0
spike_model,reference,reference,recipe:gupta_2010,literature,ripple,interval,recall,10,0.8,0.777446,0.828924,0,0,0,1,10,0,0
spike_model,reference,reference,recipe:harvey_2023_code,literature,ripple,interval,recall,10,0.563725,0.539941,0.588474,0,0,0,1,10,0,0
spike_model,reference,reference,recipe:harvey_2023_no_radiatum,literature,ripple,interval,recall,10,0.597059,0.577734,0.617905,0,0,0,1,10,0,0
spike_model,reference,reference,recipe:harvey_2023_text,literature,ripple,interval,recall,10,0.604902,0.587255,0.62526,0,0,0,1,10,0,0
spike_model,reference,reference,recipe:huelin_gorriz_2023,literature,network,interval,recall,10,0.511009,0.483133,0.539768,0,0,0,1,10,0,0
spike_model,reference,reference,recipe:igata_2021,literature,burst,interval,recall,10,0.932515,0.917901,0.949156,0,0,0,1,10,0,0
spike_model,reference,reference,recipe:igata_2021_ripples,literature,ripple,interval,recall,10,0.872549,0.855652,0.890613,0,0,0,1,10,0,0
spike_model,reference,reference,recipe:jadhav_2016,literature,ripple,interval,recall,10,0.586275,0.554419,0.616468,0,0,0,1,10,0,0
spike_model,reference,reference,recipe:ji_2007,literature,burst,interval,recall,10,0.700409,0.6305,0.748675,0,0,0,1,10,0,0
spike_model,reference,reference,recipe:ji_2007_ripples,literature,ripple,interval,recall,10,0.00490196,0.00101623,0.00883243,0,0,0,1,10,0,0
spike_model,reference,reference,recipe:kaefer_2020,literature,ripple,interval,recall,10,0.0107843,0.00584212,0.0155603,0,0,0,1,10,0,0
spike_model,reference,reference,recipe:karlsson_2009,literature,ripple,interval,recall,10,0.72451,0.706531,0.74433,0,0,0,1,10,0,0
spike_model,reference,reference,recipe:krause_2022,literature,network,interval,recall,10,0.620183,0.594116,0.645529,0,0,0,1,10,0,0
spike_model,reference,reference,recipe:krause_2022_hse,literature,burst,interval,recall,10,0.819018,0.797725,0.839959,0,0,0,1,10,0,0
spike_model,reference,reference,recipe:kudrimoti_1999,literature,ripple,interval,recall,10,0.0245098,0.0174466,0.0338271,0,0,0,1,10,0,0
spike_model,reference,reference,recipe:lee_2002,literature,burst,interval,recall,10,0.949898,0.943786,0.955603,0,0,0,1,10,0,0
spike_model,reference,reference,recipe:lee_2002_ripples,literature,ripple,interval,recall,10,0.0745098,0.0613481,0.0878934,0,0,0,1,10,0,0
spike_model,reference,reference,recipe:liu_2019,literature,burst,interval,recall,10,0.843558,0.811187,0.87384,0,0,0,1,10,0,0
spike_model,reference,reference,recipe:liu_2019_awake,literature,burst,interval,recall,10,0.843558,0.811187,0.87384,0,0,0,1,10,0,0
spike_model,reference,reference,recipe:liu_2023,literature,network,interval,recall,10,0.431193,0.411239,0.451816,0,0,0,1,10,0,0
spike_model,reference,reference,recipe:maboudi_2018,literature,burst,interval,recall,10,0.792434,0.774162,0.811442,0,0,0,1,10,0,0
spike_model,reference,reference,recipe:maboudi_2018_open_field,literature,burst,interval,recall,10,0.737219,0.716188,0.761011,0,0,0,1,10,0,0
spike_model,reference,reference,recipe:mallory_2025,literature,burst,interval,recall,10,0.759714,0.740078,0.779609,0,0,0,1,10,0,0
spike_model,reference,reference,recipe:mallory_2025_ripples,literature,ripple,interval,recall,10,0.690196,0.668886,0.712691,0,0,0,1,10,0,0
spike_model,reference,reference,recipe:michon_2019,literature,network,interval,recall,10,0.250459,0.224122,0.276924,0,0,0,1,10,0,0
spike_model,reference,reference,recipe:michon_2021,literature,network,interval,recall,10,0.250459,0.224122,0.276924,0,0,0,1,10,0,0
spike_model,reference,reference,recipe:mou_2022,literature,burst,interval,recall,10,0.856851,0.829681,0.882724,0,0,0,1,10,0,0
spike_model,reference,reference,recipe:muessig_2019,literature,network,interval,recall,10,0.106422,0.091568,0.12113,0,0,0,1,10,0,0
spike_model,reference,reference,recipe:muessig_2019_ripples,literature,ripple,interval,recall,10,0.87549,0.854298,0.894141,0,0,0,1,10,0,0
spike_model,reference,reference,recipe:nadasdy_1999,literature,ripple,interval,recall,10,0.461765,0.441114,0.485717,0,0,0,1,10,0,0
spike_model,reference,reference,recipe:olafsdottir_2015,literature,burst,interval,recall,10,0.676892,0.654822,0.69798,0,0,0,1,10,0,0
spike_model,reference,reference,recipe:olafsdottir_2015.bayesian_candidates,literature,burst,interval,recall,10,0.612474,0.58635,0.641136,0,0,0,1,10,0,0
spike_model,reference,reference,recipe:olafsdottir_2016,literature,burst,interval,recall,10,0.570552,0.539077,0.609091,0,0,0,1,10,0,0
spike_model,reference,reference,recipe:olafsdottir_2017,literature,burst,interval,recall,10,0.760736,0.745657,0.775992,0,0,0,1,10,0,0
spike_model,reference,reference,recipe:olafsdottir_2017.trajectory,literature,burst,interval,recall,10,0.570552,0.539077,0.609091,0,0,0,1,10,0,0
spike_model,reference,reference,recipe:pfeiffer_2013,literature,burst,interval,recall,10,0.737219,0.716188,0.761011,0,0,0,1,10,0,0
spike_model,reference,reference,recipe:pfeiffer_2013_ripples,literature,ripple,interval,recall,10,0.728431,0.699812,0.754759,0,0,0,1,10,0,0
spike_model,reference,reference,recipe:pfeiffer_2015,literature,ripple,interval,recall,10,0.728431,0.699812,0.754759,0,0,0,1,10,0,0
spike_model,reference,reference,recipe:shin_2019,literature,ripple,interval,recall,10,0.72451,0.706531,0.74433,0,0,0,1,10,0,0
spike_model,reference,reference,recipe:silva_2015,literature,burst,interval,recall,10,0.619632,0.590956,0.648278,0,0,0,1,10,0,0
spike_model,reference,reference,recipe:stella_2019,literature,ripple,interval,recall,10,0.666667,0.649493,0.685394,0,0,0,1,10,0,0
spike_model,reference,reference,recipe:tang_2017,literature,ripple,interval,recall,10,0.72451,0.706531,0.74433,0,0,0,1,10,0,0
spike_model,reference,reference,recipe:tirole_2022,literature,network,interval,recall,10,0.511009,0.483133,0.539768,0,0,0,1,10,0,0
spike_model,reference,reference,recipe:widloski_2025,literature,ripple,interval,recall,10,0.507843,0.469984,0.54879,0,0,0,1,10,0,0
spike_model,reference,reference,recipe:widloski_2025_bursts,literature,burst,interval,recall,10,0.529652,0.491013,0.571436,0,0,0,1,10,0,0
spike_model,reference,reference,recipe:wikenheiser_2013,literature,ripple,interval,recall,10,0.832353,0.80594,0.860302,0,0,0,1,10,0,0
spike_model,reference,reference,recipe:wu_2014,literature,burst,interval,recall,10,0.862986,0.848921,0.877469,0,0,0,1,10,0,0
spike_model,reference,reference,recipe:wu_2014_ripples,literature,ripple,peak_containment,recall,10,0.898039,0.880974,0.916923,0,0,0,1,10,0,0
spike_model,reference,reference,recipe:wu_2017,literature,burst,interval,recall,10,0.534765,0.509803,0.559125,0,0,0,1,10,0,0
spike_model,reference,reference,recipe:xu_2019,literature,burst,interval,recall,10,0.747444,0.729037,0.765482,0,0,0,1,10,0,0
spike_model,reference,reference,recipe:yamamoto_2017,literature,network,interval,recall,10,0.561468,0.529566,0.596138,0,0,0,1,10,0,0
spike_model,reference,reference,recipe:yang_2024,literature,network,interval,recall,10,0.416514,0.386402,0.448061,0,0,0,1,10,0,0
spike_model,refractory,spike_model=refractory,Carey_candidate_detector,default,network,interval,recall,10,0.811927,0.797544,0.826621,-0.00550459,-0.0222433,0.0114074,0.595703,10,0,0
spike_model,refractory,spike_model=refractory,Karlsson_ripple_detector,default,ripple,interval,recall,10,0.72451,0.706531,0.74433,0,0,0,1,10,0,0
spike_model,refractory,spike_model=refractory,Kay_ripple_detector,default,ripple,interval,recall,10,0.827451,0.814342,0.842843,0,0,0,1,10,0,0
spike_model,refractory,spike_model=refractory,Long_sharp_wave_ripple_detector,default,ripple,interval,recall,10,0.690196,0.666335,0.713389,0,0,0,1,10,0,0
spike_model,refractory,spike_model=refractory,Roumis_ripple_detector,default,ripple,interval,recall,10,0.828431,0.813977,0.844765,0,0,0,1,10,0,0
spike_model,refractory,spike_model=refractory,Shvartsman_ripple_detector,default,ripple,interval,recall,10,0.663725,0.64129,0.687835,0,0,0,1,10,0,0
spike_model,refractory,spike_model=refractory,Yu_ripple_detector,default,ripple,interval,recall,10,0.848039,0.832833,0.865145,0,0,0,1,10,0,0
spike_model,refractory,spike_model=refractory,Zugaro_ripple_detector,default,ripple,interval,recall,10,0.67549,0.654252,0.696335,0,0,0,1,10,0,0
spike_model,refractory,spike_model=refractory,multiunit_HSE_detector,default,burst,interval,recall,10,0.931493,0.919797,0.944329,0,-0.0234892,0.0218069,0.994141,10,0,0
spike_model,refractory,spike_model=refractory,recipe:ambrose_2016,literature,ripple,interval,recall,10,0.728431,0.699812,0.754759,0,0,0,1,10,0,0
spike_model,refractory,spike_model=refractory,recipe:bendor_2012,literature,burst,interval,recall,10,0.655419,0.637963,0.674005,-0.0143149,-0.035865,0.0100306,0.246094,10,0,0
spike_model,refractory,spike_model=refractory,recipe:berners_lee_2021,literature,ripple,interval,recall,10,0.790196,0.767908,0.813176,0,0,0,1,10,0,0
spike_model,refractory,spike_model=refractory,recipe:berners_lee_2022,literature,burst,interval,recall,10,0.673824,0.631417,0.711653,-0.00920245,-0.0507977,0.0276756,0.634766,10,0,0
spike_model,refractory,spike_model=refractory,recipe:bhattarai_2020,literature,network,interval,recall,10,0.378899,0.360111,0.396263,-0.00458716,-0.0285202,0.0188362,0.65625,10,0,0
spike_model,refractory,spike_model=refractory,recipe:bhattarai_2020_ripples,literature,ripple,interval,recall,10,0.45098,0.426774,0.476051,-0.0137255,-0.0386746,0.00854701,0.273438,10,0,0
spike_model,refractory,spike_model=refractory,recipe:bush_2022,literature,burst,interval,recall,10,0.621677,0.591431,0.647461,-0.00920245,-0.0336883,0.0152302,0.421875,10,0,0
spike_model,refractory,spike_model=refractory,recipe:carey_2019,literature,network,interval,recall,10,0.831193,0.812009,0.850588,0.00550459,-0.013515,0.0223624,0.53125,10,0,0
spike_model,refractory,spike_model=refractory,recipe:carr_2012,literature,ripple,interval,recall,10,0.72451,0.706531,0.74433,0,0,0,1,10,0,0
spike_model,refractory,spike_model=refractory,recipe:chenani_2019,literature,burst,interval,recall,10,0.706544,0.681407,0.732804,0.0204499,-0.00938601,0.0483235,0.238281,10,0,0
spike_model,refractory,spike_model=refractory,recipe:davidson_2009,literature,burst,interval,recall,10,0.817996,0.804685,0.833156,0.0163599,-0.00633237,0.0390639,0.25,10,0,0
spike_model,refractory,spike_model=refractory,recipe:davidson_2009_ripples,literature,ripple,peak_containment,recall,10,0.87549,0.851889,0.898297,0,0,0,1,10,0,0
spike_model,refractory,spike_model=refractory,recipe:denovellis_2021,literature,ripple,interval,recall,10,0.828431,0.815282,0.842262,0,0,0,1,10,0,0
spike_model,refractory,spike_model=refractory,recipe:denovellis_2021_mua,literature,burst,interval,recall,10,0.933538,0.922535,0.945593,0.00306748,-0.0190195,0.023812,0.794922,10,0,0
spike_model,refractory,spike_model=refractory,recipe:diba_2007,literature,burst,interval,recall,10,0.247444,0.225231,0.267694,-0.00920245,-0.0356413,0.00989144,0.505859,10,0,0
spike_model,refractory,spike_model=refractory,recipe:drieu_2018,literature,burst,interval,recall,10,0.799591,0.775051,0.821963,0.0132924,-0.0135142,0.0388976,0.371094,10,0,0
spike_model,refractory,spike_model=refractory,recipe:farooq_2019_neuron,literature,burst,interval,recall,10,0.283231,0.256917,0.314741,0.00306748,-0.024681,0.0258471,0.90625,10,0,0
spike_model,refractory,spike_model=refractory,recipe:farooq_2019_science,literature,burst,interval,recall,10,0.282209,0.256917,0.311937,0.00408998,-0.0214232,0.024897,0.847656,10,0,0
spike_model,refractory,spike_model=refractory,recipe:farooq_2019_science_awake,literature,burst,interval,recall,10,0.282209,0.256917,0.311937,0.00408998,-0.0214232,0.024897,0.847656,10,0,0
spike_model,refractory,spike_model=refractory,recipe:foster_2006,literature,burst,interval,recall,10,0.147239,0.123273,0.169716,-0.00102249,-0.0247455,0.0216964,0.835938,10,0,0
spike_model,refractory,spike_model=refractory,recipe:foster_2006_ripples,literature,ripple,interval,recall,10,0.0745098,0.0613481,0.0878934,0,0,0,1,10,0,0
spike_model,refractory,spike_model=refractory,recipe:gillespie_2021,literature,ripple,interval,recall,10,0.827451,0.814342,0.842843,0,0,0,1,10,0,0
spike_model,refractory,spike_model=refractory,recipe:gillespie_2021_mua,literature,burst,interval,recall,10,0.837423,0.824044,0.85269,0.0153374,-0.00835968,0.0397917,0.291016,10,0,0
spike_model,refractory,spike_model=refractory,recipe:gridchyn_2020,literature,burst,interval,recall,10,0.896728,0.878694,0.915308,0.00511247,-0.0235664,0.0332039,0.738281,10,0,0
spike_model,refractory,spike_model=refractory,recipe:grosmark_2016,literature,network,interval,recall,10,0.425688,0.40055,0.45606,0.00917431,-0.00291225,0.0213358,0.195312,10,0,0
spike_model,refractory,spike_model=refractory,recipe:gupta_2010,literature,ripple,interval,recall,10,0.8,0.777446,0.828924,0,0,0,1,10,0,0
spike_model,refractory,spike_model=refractory,recipe:harvey_2023_code,literature,ripple,interval,recall,10,0.57549,0.549615,0.601413,0.0117647,-0.0144003,0.0344468,0.304688,10,0,0
spike_model,refractory,spike_model=refractory,recipe:harvey_2023_no_radiatum,literature,ripple,interval,recall,10,0.610784,0.58601,0.640288,0.0137255,-0.00091083,0.032053,0.171875,10,0,0
spike_model,refractory,spike_model=refractory,recipe:harvey_2023_text,literature,ripple,interval,recall,10,0.604902,0.587255,0.62526,0,0,0,1,10,0,0
spike_model,refractory,spike_model=refractory,recipe:huelin_gorriz_2023,literature,network,interval,recall,10,0.507339,0.469581,0.540701,-0.00366972,-0.0309011,0.0211621,0.734375,10,0,0
spike_model,refractory,spike_model=refractory,recipe:igata_2021,literature,burst,interval,recall,10,0.93456,0.923305,0.946283,0.00204499,-0.0209457,0.0230246,0.912109,10,0,0
spike_model,refractory,spike_model=refractory,recipe:igata_2021_ripples,literature,ripple,interval,recall,10,0.872549,0.855652,0.890613,0,0,0,1,10,0,0
spike_model,refractory,spike_model=refractory,recipe:jadhav_2016,literature,ripple,interval,recall,10,0.586275,0.554419,0.616468,0,0,0,1,10,0,0
spike_model,refractory,spike_model=refractory,recipe:ji_2007,literature,burst,interval,recall,10,0.698364,0.638476,0.752472,-0.00204499,-0.0793248,0.0872253,0.900391,10,0,0
spike_model,refractory,spike_model=refractory,recipe:ji_2007_ripples,literature,ripple,interval,recall,10,0.00490196,0.00101623,0.00883243,0,0,0,1,10,0,0
spike_model,refractory,spike_model=refractory,recipe:kaefer_2020,literature,ripple,interval,recall,10,0.0107843,0.00584212,0.0155603,0,0,0,1,10,0,0
spike_model,refractory,spike_model=refractory,recipe:karlsson_2009,literature,ripple,interval,recall,10,0.72451,0.706531,0.74433,0,0,0,1,10,0,0
spike_model,refractory,spike_model=refractory,recipe:krause_2022,literature,network,interval,recall,10,0.617431,0.59266,0.639558,-0.00275229,-0.0137363,0.0093633,0.714844,10,0,0
spike_model,refractory,spike_model=refractory,recipe:krause_2022_hse,literature,burst,interval,recall,10,0.829243,0.814772,0.844308,0.0102249,-0.0116525,0.0348384,0.511719,10,0,0
spike_model,refractory,spike_model=refractory,recipe:kudrimoti_1999,literature,ripple,interval,recall,10,0.0245098,0.0174466,0.0338271,0,0,0,1,10,0,0
spike_model,refractory,spike_model=refractory,recipe:lee_2002,literature,burst,interval,recall,10,0.956033,0.940991,0.970246,0.00613497,-0.0101748,0.0221519,0.492188,10,0,0
spike_model,refractory,spike_model=refractory,recipe:lee_2002_ripples,literature,ripple,interval,recall,10,0.0745098,0.0613481,0.0878934,0,0,0,1,10,0,0
spike_model,refractory,spike_model=refractory,recipe:liu_2019,literature,burst,interval,recall,10,0.864008,0.839316,0.889012,0.0204499,-0.00985492,0.0544578,0.25,10,0,0
spike_model,refractory,spike_model=refractory,recipe:liu_2019_awake,literature,burst,interval,recall,10,0.864008,0.839316,0.889012,0.0204499,-0.00985492,0.0544578,0.25,10,0,0
spike_model,refractory,spike_model=refractory,recipe:liu_2023,literature,network,interval,recall,10,0.412844,0.386939,0.43964,-0.0183486,-0.0342927,0.000908431,0.0820312,10,0,0
spike_model,refractory,spike_model=refractory,recipe:maboudi_2018,literature,burst,interval,recall,10,0.804703,0.787626,0.820746,0.0122699,-0.0140696,0.0371877,0.480469,10,0,0
spike_model,refractory,spike_model=refractory,recipe:maboudi_2018_open_field,literature,burst,interval,recall,10,0.761759,0.727752,0.792648,0.0245399,0,0.0493596,0.125,10,0,0
spike_model,refractory,spike_model=refractory,recipe:mallory_2025,literature,burst,interval,recall,10,0.789366,0.764458,0.8132,0.0296524,0.00618851,0.0533063,0.0429688,10,0,0
spike_model,refractory,spike_model=refractory,recipe:mallory_2025_ripples,literature,ripple,interval,recall,10,0.690196,0.668886,0.712691,0,0,0,1,10,0,0
spike_model,refractory,spike_model=refractory,recipe:michon_2019,literature,network,interval,recall,10,0.253211,0.232876,0.273322,0.00275229,-0.0108117,0.0150123,0.734375,10,0,0
spike_model,refractory,spike_model=refractory,recipe:michon_2021,literature,network,interval,recall,10,0.253211,0.232876,0.273322,0.00275229,-0.0108117,0.0150123,0.734375,10,0,0
spike_model,refractory,spike_model=refractory,recipe:mou_2022,literature,burst,interval,recall,10,0.856851,0.816846,0.889218,0,-0.050267,0.0449169,0.941406,10,0,0
spike_model,refractory,spike_model=refractory,recipe:muessig_2019,literature,network,interval,recall,10,0.0908257,0.079815,0.10206,-0.0155963,-0.0302755,-0.00176695,0.078125,10,0,0
spike_model,refractory,spike_model=refractory,recipe:muessig_2019_ripples,literature,ripple,interval,recall,10,0.87549,0.854298,0.894141,0,0,0,1,10,0,0
spike_model,refractory,spike_model=refractory,recipe:nadasdy_1999,literature,ripple,interval,recall,10,0.461765,0.441114,0.485717,0,0,0,1,10,0,0
spike_model,refractory,spike_model=refractory,recipe:olafsdottir_2015,literature,burst,interval,recall,10,0.677914,0.646053,0.706535,0.00102249,-0.0295373,0.0294703,0.9375,10,0,0
spike_model,refractory,spike_model=refractory,recipe:olafsdottir_2015.bayesian_candidates,literature,burst,interval,recall,10,0.600204,0.57127,0.627908,-0.0122699,-0.0310636,0.00391811,0.210938,10,0,0
spike_model,refractory,spike_model=refractory,recipe:olafsdottir_2016,literature,burst,interval,recall,10,0.57362,0.547231,0.596814,0.00306748,-0.0314806,0.0358288,0.941406,10,0,0
spike_model,refractory,spike_model=refractory,recipe:olafsdottir_2017,literature,burst,interval,recall,10,0.748466,0.71305,0.780108,-0.0122699,-0.0484077,0.0196527,0.474609,10,0,0
spike_model,refractory,spike_model=refractory,recipe:olafsdottir_2017.trajectory,literature,burst,interval,recall,10,0.57362,0.547231,0.596814,0.00306748,-0.0314806,0.0358288,0.941406,10,0,0
spike_model,refractory,spike_model=refractory,recipe:pfeiffer_2013,literature,burst,interval,recall,10,0.761759,0.727752,0.792648,0.0245399,0,0.0493596,0.125,10,0,0
spike_model,refractory,spike_model=refractory,recipe:pfeiffer_2013_ripples,literature,ripple,interval,recall,10,0.728431,0.699812,0.754759,0,0,0,1,10,0,0
spike_model,refractory,spike_model=refractory,recipe:pfeiffer_2015,literature,ripple,interval,recall,10,0.728431,0.699812,0.754759,0,0,0,1,10,0,0
spike_model,refractory,spike_model=refractory,recipe:shin_2019,literature,ripple,interval,recall,10,0.72451,0.706531,0.74433,0,0,0,1,10,0,0
spike_model,refractory,spike_model=refractory,recipe:silva_2015,literature,burst,interval,recall,10,0.613497,0.577339,0.645328,-0.00613497,-0.0340212,0.0239073,0.648438,10,0,0
spike_model,refractory,spike_model=refractory,recipe:stella_2019,literature,ripple,interval,recall,10,0.666667,0.649493,0.685394,0,0,0,1,10,0,0
spike_model,refractory,spike_model=refractory,recipe:tang_2017,literature,ripple,interval,recall,10,0.72451,0.706531,0.74433,0,0,0,1,10,0,0
spike_model,refractory,spike_model=refractory,recipe:tirole_2022,literature,network,interval,recall,10,0.507339,0.469581,0.540701,-0.00366972,-0.0309011,0.0211621,0.734375,10,0,0
spike_model,refractory,spike_model=refractory,recipe:widloski_2025,literature,ripple,interval,recall,10,0.507843,0.469984,0.54879,0,0,0,1,10,0,0
spike_model,refractory,spike_model=refractory,recipe:widloski_2025_bursts,literature,burst,interval,recall,10,0.52045,0.491506,0.546798,-0.00920245,-0.0437513,0.0295859,0.539062,10,0,0
spike_model,refractory,spike_model=refractory,recipe:wikenheiser_2013,literature,ripple,interval,recall,10,0.832353,0.80594,0.860302,0,0,0,1,10,0,0
spike_model,refractory,spike_model=refractory,recipe:wu_2014,literature,burst,interval,recall,10,0.851738,0.821751,0.879276,-0.0112474,-0.0409664,0.0157504,0.421875,10,0,0
spike_model,refractory,spike_model=refractory,recipe:wu_2014_ripples,literature,ripple,peak_containment,recall,10,0.898039,0.880974,0.916923,0,0,0,1,10,0,0
spike_model,refractory,spike_model=refractory,recipe:wu_2017,literature,burst,interval,recall,10,0.5,0.476088,0.524591,-0.0347648,-0.0736317,0,0.125,10,0,0
spike_model,refractory,spike_model=refractory,recipe:xu_2019,literature,burst,interval,recall,10,0.778119,0.749745,0.804086,0.0306748,0.00104161,0.0606654,0.0839844,10,0,0
spike_model,refractory,spike_model=refractory,recipe:yamamoto_2017,literature,network,interval,recall,10,0.576147,0.548615,0.60793,0.0146789,-0.0096363,0.0438984,0.289062,10,0,0
spike_model,refractory,spike_model=refractory,recipe:yang_2024,literature,network,interval,recall,10,0.425688,0.40055,0.45606,0.00917431,-0.00291225,0.0213358,0.195312,10,0,0
envelope_power,reference,reference,Carey_candidate_detector,default,network,interval,recall,10,0.817431,0.802458,0.834401,0,0,0,1,10,0,0
envelope_power,reference,reference,Karlsson_ripple_detector,default,ripple,interval,recall,10,0.72451,0.706531,0.74433,0,0,0,1,10,0,0
envelope_power,reference,reference,Kay_ripple_detector,default,ripple,interval,recall,10,0.827451,0.814342,0.842843,0,0,0,1,10,0,0
envelope_power,reference,reference,Long_sharp_wave_ripple_detector,default,ripple,interval,recall,10,0.690196,0.666335,0.713389,0,0,0,1,10,0,0
envelope_power,reference,reference,Roumis_ripple_detector,default,ripple,interval,recall,10,0.828431,0.813977,0.844765,0,0,0,1,10,0,0
envelope_power,reference,reference,Shvartsman_ripple_detector,default,ripple,interval,recall,10,0.663725,0.64129,0.687835,0,0,0,1,10,0,0
envelope_power,reference,reference,Yu_ripple_detector,default,ripple,interval,recall,10,0.848039,0.832833,0.865145,0,0,0,1,10,0,0
envelope_power,reference,reference,Zugaro_ripple_detector,default,ripple,interval,recall,10,0.67549,0.654252,0.696335,0,0,0,1,10,0,0
envelope_power,reference,reference,multiunit_HSE_detector,default,burst,interval,recall,10,0.931493,0.917158,0.948138,0,0,0,1,10,0,0
envelope_power,reference,reference,recipe:ambrose_2016,literature,ripple,interval,recall,10,0.728431,0.699812,0.754759,0,0,0,1,10,0,0
envelope_power,reference,reference,recipe:bendor_2012,literature,burst,interval,recall,10,0.669734,0.643002,0.697931,0,0,0,1,10,0,0
envelope_power,reference,reference,recipe:berners_lee_2021,literature,ripple,interval,recall,10,0.790196,0.767908,0.813176,0,0,0,1,10,0,0
envelope_power,reference,reference,recipe:berners_lee_2022,literature,burst,interval,recall,10,0.683027,0.657603,0.710964,0,0,0,1,10,0,0
envelope_power,reference,reference,recipe:bhattarai_2020,literature,network,interval,recall,10,0.383486,0.36426,0.404432,0,0,0,1,10,0,0
envelope_power,reference,reference,recipe:bhattarai_2020_ripples,literature,ripple,interval,recall,10,0.464706,0.436362,0.495339,0,0,0,1,10,0,0
envelope_power,reference,reference,recipe:bush_2022,literature,burst,interval,recall,10,0.630879,0.597014,0.668706,0,0,0,1,10,0,0
envelope_power,reference,reference,recipe:carey_2019,literature,network,interval,recall,10,0.825688,0.806478,0.843953,0,0,0,1,10,0,0
envelope_power,reference,reference,recipe:carr_2012,literature,ripple,interval,recall,10,0.72451,0.706531,0.74433,0,0,0,1,10,0,0
envelope_power,reference,reference,recipe:chenani_2019,literature,burst,interval,recall,10,0.686094,0.665608,0.709887,0,0,0,1,10,0,0
envelope_power,reference,reference,recipe:davidson_2009,literature,burst,interval,recall,10,0.801636,0.785994,0.820324,0,0,0,1,10,0,0
envelope_power,reference,reference,recipe:davidson_2009_ripples,literature,ripple,peak_containment,recall,10,0.87549,0.851889,0.898297,0,0,0,1,10,0,0
envelope_power,reference,reference,recipe:denovellis_2021,literature,ripple,interval,recall,10,0.828431,0.815282,0.842262,0,0,0,1,10,0,0
envelope_power,reference,reference,recipe:denovellis_2021_mua,literature,burst,interval,recall,10,0.93047,0.916838,0.946485,0,0,0,1,10,0,0
envelope_power,reference,reference,recipe:diba_2007,literature,burst,interval,recall,10,0.256646,0.22654,0.287224,0,0,0,1,10,0,0
envelope_power,reference,reference,recipe:drieu_2018,literature,burst,interval,recall,10,0.786299,0.775775,0.797509,0,0,0,1,10,0,0
envelope_power,reference,reference,recipe:farooq_2019_neuron,literature,burst,interval,recall,10,0.280164,0.243652,0.32154,0,0,0,1,10,0,0
envelope_power,reference,reference,recipe:farooq_2019_science,literature,burst,interval,recall,10,0.278119,0.242423,0.318476,0,0,0,1,10,0,0
envelope_power,reference,reference,recipe:farooq_2019_science_awake,literature,burst,interval,recall,10,0.278119,0.242423,0.318476,0,0,0,1,10,0,0
envelope_power,reference,reference,recipe:foster_2006,literature,burst,interval,recall,10,0.148262,0.127082,0.172862,0,0,0,1,10,0,0
envelope_power,reference,reference,recipe:foster_2006_ripples,literature,ripple,interval,recall,10,0.0745098,0.0613481,0.0878934,0,0,0,1,10,0,0
envelope_power,reference,reference,recipe:gillespie_2021,literature,ripple,interval,recall,10,0.827451,0.814342,0.842843,0,0,0,1,10,0,0
envelope_power,reference,reference,recipe:gillespie_2021_mua,literature,burst,interval,recall,10,0.822086,0.803179,0.839827,0,0,0,1,10,0,0
envelope_power,reference,reference,recipe:gridchyn_2020,literature,burst,interval,recall,10,0.891616,0.874123,0.907524,0,0,0,1,10,0,0
envelope_power,reference,reference,recipe:grosmark_2016,literature,network,interval,recall,10,0.416514,0.386402,0.448061,0,0,0,1,10,0,0
envelope_power,reference,reference,recipe:gupta_2010,literature,ripple,interval,recall,10,0.8,0.777446,0.828924,0,0,0,1,10,0,0
envelope_power,reference,reference,recipe:harvey_2023_code,literature,ripple,interval,recall,10,0.563725,0.539941,0.588474,0,0,0,1,10,0,0
envelope_power,reference,reference,recipe:harvey_2023_no_radiatum,literature,ripple,interval,recall,10,0.597059,0.577734,0.617905,0,0,0,1,10,0,0
envelope_power,reference,reference,recipe:harvey_2023_text,literature,ripple,interval,recall,10,0.604902,0.587255,0.62526,0,0,0,1,10,0,0
envelope_power,reference,reference,recipe:huelin_gorriz_2023,literature,network,interval,recall,10,0.511009,0.483133,0.539768,0,0,0,1,10,0,0
envelope_power,reference,reference,recipe:igata_2021,literature,burst,interval,recall,10,0.932515,0.917901,0.949156,0,0,0,1,10,0,0
envelope_power,reference,reference,recipe:igata_2021_ripples,literature,ripple,interval,recall,10,0.872549,0.855652,0.890613,0,0,0,1,10,0,0
envelope_power,reference,reference,recipe:jadhav_2016,literature,ripple,interval,recall,10,0.586275,0.554419,0.616468,0,0,0,1,10,0,0
envelope_power,reference,reference,recipe:ji_2007,literature,burst,interval,recall,10,0.700409,0.6305,0.748675,0,0,0,1,10,0,0
envelope_power,reference,reference,recipe:ji_2007_ripples,literature,ripple,interval,recall,10,0.00490196,0.00101623,0.00883243,0,0,0,1,10,0,0
envelope_power,reference,reference,recipe:kaefer_2020,literature,ripple,interval,recall,10,0.0107843,0.00584212,0.0155603,0,0,0,1,10,0,0
envelope_power,reference,reference,recipe:karlsson_2009,literature,ripple,interval,recall,10,0.72451,0.706531,0.74433,0,0,0,1,10,0,0
envelope_power,reference,reference,recipe:krause_2022,literature,network,interval,recall,10,0.620183,0.594116,0.645529,0,0,0,1,10,0,0
envelope_power,reference,reference,recipe:krause_2022_hse,literature,burst,interval,recall,10,0.819018,0.797725,0.839959,0,0,0,1,10,0,0
envelope_power,reference,reference,recipe:kudrimoti_1999,literature,ripple,interval,recall,10,0.0245098,0.0174466,0.0338271,0,0,0,1,10,0,0
envelope_power,reference,reference,recipe:lee_2002,literature,burst,interval,recall,10,0.949898,0.943786,0.955603,0,0,0,1,10,0,0
envelope_power,reference,reference,recipe:lee_2002_ripples,literature,ripple,interval,recall,10,0.0745098,0.0613481,0.0878934,0,0,0,1,10,0,0
envelope_power,reference,reference,recipe:liu_2019,literature,burst,interval,recall,10,0.843558,0.811187,0.87384,0,0,0,1,10,0,0
envelope_power,reference,reference,recipe:liu_2019_awake,literature,burst,interval,recall,10,0.843558,0.811187,0.87384,0,0,0,1,10,0,0
envelope_power,reference,reference,recipe:liu_2023,literature,network,interval,recall,10,0.431193,0.411239,0.451816,0,0,0,1,10,0,0
envelope_power,reference,reference,recipe:maboudi_2018,literature,burst,interval,recall,10,0.792434,0.774162,0.811442,0,0,0,1,10,0,0
envelope_power,reference,reference,recipe:maboudi_2018_open_field,literature,burst,interval,recall,10,0.737219,0.716188,0.761011,0,0,0,1,10,0,0
envelope_power,reference,reference,recipe:mallory_2025,literature,burst,interval,recall,10,0.759714,0.740078,0.779609,0,0,0,1,10,0,0
envelope_power,reference,reference,recipe:mallory_2025_ripples,literature,ripple,interval,recall,10,0.690196,0.668886,0.712691,0,0,0,1,10,0,0
envelope_power,reference,reference,recipe:michon_2019,literature,network,interval,recall,10,0.250459,0.224122,0.276924,0,0,0,1,10,0,0
envelope_power,reference,reference,recipe:michon_2021,literature,network,interval,recall,10,0.250459,0.224122,0.276924,0,0,0,1,10,0,0
envelope_power,reference,reference,recipe:mou_2022,literature,burst,interval,recall,10,0.856851,0.829681,0.882724,0,0,0,1,10,0,0
envelope_power,reference,reference,recipe:muessig_2019,literature,network,interval,recall,10,0.106422,0.091568,0.12113,0,0,0,1,10,0,0
envelope_power,reference,reference,recipe:muessig_2019_ripples,literature,ripple,interval,recall,10,0.87549,0.854298,0.894141,0,0,0,1,10,0,0
envelope_power,reference,reference,recipe:nadasdy_1999,literature,ripple,interval,recall,10,0.461765,0.441114,0.485717,0,0,0,1,10,0,0
envelope_power,reference,reference,recipe:olafsdottir_2015,literature,burst,interval,recall,10,0.676892,0.654822,0.69798,0,0,0,1,10,0,0
envelope_power,reference,reference,recipe:olafsdottir_2015.bayesian_candidates,literature,burst,interval,recall,10,0.612474,0.58635,0.641136,0,0,0,1,10,0,0
envelope_power,reference,reference,recipe:olafsdottir_2016,literature,burst,interval,recall,10,0.570552,0.539077,0.609091,0,0,0,1,10,0,0
envelope_power,reference,reference,recipe:olafsdottir_2017,literature,burst,interval,recall,10,0.760736,0.745657,0.775992,0,0,0,1,10,0,0
envelope_power,reference,reference,recipe:olafsdottir_2017.trajectory,literature,burst,interval,recall,10,0.570552,0.539077,0.609091,0,0,0,1,10,0,0
envelope_power,reference,reference,recipe:pfeiffer_2013,literature,burst,interval,recall,10,0.737219,0.716188,0.761011,0,0,0,1,10,0,0
envelope_power,reference,reference,recipe:pfeiffer_2013_ripples,literature,ripple,interval,recall,10,0.728431,0.699812,0.754759,0,0,0,1,10,0,0
envelope_power,reference,reference,recipe:pfeiffer_2015,literature,ripple,interval,recall,10,0.728431,0.699812,0.754759,0,0,0,1,10,0,0
envelope_power,reference,reference,recipe:shin_2019,literature,ripple,interval,recall,10,0.72451,0.706531,0.74433,0,0,0,1,10,0,0
envelope_power,reference,reference,recipe:silva_2015,literature,burst,interval,recall,10,0.619632,0.590956,0.648278,0,0,0,1,10,0,0
envelope_power,reference,reference,recipe:stella_2019,literature,ripple,interval,recall,10,0.666667,0.649493,0.685394,0,0,0,1,10,0,0
envelope_power,reference,reference,recipe:tang_2017,literature,ripple,interval,recall,10,0.72451,0.706531,0.74433,0,0,0,1,10,0,0
envelope_power,reference,reference,recipe:tirole_2022,literature,network,interval,recall,10,0.511009,0.483133,0.539768,0,0,0,1,10,0,0
envelope_power,reference,reference,recipe:widloski_2025,literature,ripple,interval,recall,10,0.507843,0.469984,0.54879,0,0,0,1,10,0,0
envelope_power,reference,reference,recipe:widloski_2025_bursts,literature,burst,interval,recall,10,0.529652,0.491013,0.571436,0,0,0,1,10,0,0
envelope_power,reference,reference,recipe:wikenheiser_2013,literature,ripple,interval,recall,10,0.832353,0.80594,0.860302,0,0,0,1,10,0,0
envelope_power,reference,reference,recipe:wu_2014,literature,burst,interval,recall,10,0.862986,0.848921,0.877469,0,0,0,1,10,0,0
envelope_power,reference,reference,recipe:wu_2014_ripples,literature,ripple,peak_containment,recall,10,0.898039,0.880974,0.916923,0,0,0,1,10,0,0
envelope_power,reference,reference,recipe:wu_2017,literature,burst,interval,recall,10,0.534765,0.509803,0.559125,0,0,0,1,10,0,0
envelope_power,reference,reference,recipe:xu_2019,literature,burst,interval,recall,10,0.747444,0.729037,0.765482,0,0,0,1,10,0,0
envelope_power,reference,reference,recipe:yamamoto_2017,literature,network,interval,recall,10,0.561468,0.529566,0.596138,0,0,0,1,10,0,0
envelope_power,reference,reference,recipe:yang_2024,literature,network,interval,recall,10,0.416514,0.386402,0.448061,0,0,0,1,10,0,0
envelope_power,quartic,envelope_power=quartic,Carey_candidate_detector,default,network,interval,recall,10,0.811927,0.792704,0.829556,-0.00550459,-0.0260341,0.0155291,0.613281,10,0,0
envelope_power,quartic,envelope_power=quartic,Karlsson_ripple_detector,default,ripple,interval,recall,10,0.735294,0.716889,0.756764,0.0107843,0.002906,0.0205764,0.0625,10,0,0
envelope_power,quartic,envelope_power=quartic,Kay_ripple_detector,default,ripple,interval,recall,10,0.846078,0.83451,0.858788,0.0186275,0.00954328,0.0281429,0.0078125,10,0,0
envelope_power,quartic,envelope_power=quartic,Long_sharp_wave_ripple_detector,default,ripple,interval,recall,10,0.731373,0.712641,0.751523,0.0411765,0.0262351,0.0551278,0.00195312,10,0,0
envelope_power,quartic,envelope_power=quartic,Roumis_ripple_detector,default,ripple,interval,recall,10,0.847059,0.834086,0.862913,0.0186275,0.0100512,0.028427,0.0078125,10,0,0
envelope_power,quartic,envelope_power=quartic,Shvartsman_ripple_detector,default,ripple,interval,recall,10,0.679412,0.65794,0.703401,0.0156863,0.00672129,0.0248194,0.0195312,10,0,0
envelope_power,quartic,envelope_power=quartic,Yu_ripple_detector,default,ripple,interval,recall,10,0.864706,0.852093,0.878174,0.0166667,0.00802347,0.025717,0.015625,10,0,0
envelope_power,quartic,envelope_power=quartic,Zugaro_ripple_detector,default,ripple,interval,recall,10,0.687255,0.664681,0.711042,0.0117647,0.00192674,0.0232089,0.0625,10,0,0
envelope_power,quartic,envelope_power=quartic,multiunit_HSE_detector,default,burst,interval,recall,10,0.924335,0.915407,0.932922,-0.00715746,-0.0257793,0.00942507,0.476562,10,0,0
envelope_power,quartic,envelope_power=quartic,recipe:ambrose_2016,literature,ripple,interval,recall,10,0.739216,0.714142,0.764141,0.0107843,0.00403582,0.0175809,0.03125,10,0,0
envelope_power,quartic,envelope_power=quartic,recipe:bendor_2012,literature,burst,interval,recall,10,0.669734,0.642578,0.694749,0,-0.030988,0.0330254,0.964844,10,0,0
envelope_power,quartic,envelope_power=quartic,recipe:berners_lee_2021,literature,ripple,interval,recall,10,0.793137,0.767857,0.820854,0.00294118,-0.00399242,0.0113421,0.625,10,0,0
envelope_power,quartic,envelope_power=quartic,recipe:berners_lee_2022,literature,burst,interval,recall,10,0.618609,0.588469,0.653774,-0.0644172,-0.0882648,-0.037601,0.00390625,10,0,0
envelope_power,quartic,envelope_power=quartic,recipe:bhattarai_2020,literature,network,interval,recall,10,0.408257,0.384545,0.436967,0.0247706,0.00197943,0.0442642,0.0546875,10,0,0
envelope_power,quartic,envelope_power=quartic,recipe:bhattarai_2020_ripples,literature,ripple,interval,recall,10,0.47451,0.435586,0.513905,0.00980392,-0.00925162,0.0285722,0.320312,10,0,0
envelope_power,quartic,envelope_power=quartic,recipe:bush_2022,literature,burst,interval,recall,10,0.611452,0.583075,0.643293,-0.0194274,-0.0337777,-0.00404817,0.0351562,10,0,0
envelope_power,quartic,envelope_power=quartic,recipe:carey_2019,literature,network,interval,recall,10,0.826606,0.814119,0.840075,0.000917431,-0.0162903,0.0186852,0.921875,10,0,0
envelope_power,quartic,envelope_power=quartic,recipe:carr_2012,literature,ripple,interval,recall,10,0.735294,0.716889,0.756764,0.0107843,0.002906,0.0205764,0.0625,10,0,0
envelope_power,quartic,envelope_power=quartic,recipe:chenani_2019,literature,burst,interval,recall,10,0.692229,0.672232,0.711277,0.00613497,-0.0103635,0.0224499,0.519531,10,0,0
envelope_power,quartic,envelope_power=quartic,recipe:davidson_2009,literature,burst,interval,recall,10,0.806748,0.791132,0.82234,0.00511247,-0.0139654,0.0259021,0.6875,10,0,0
envelope_power,quartic,envelope_power=quartic,recipe:davidson_2009_ripples,literature,ripple,peak_containment,recall,10,0.877451,0.854119,0.90019,0.00196078,-0.00182166,0.00567148,0.25,10,0,0
envelope_power,quartic,envelope_power=quartic,recipe:denovellis_2021,literature,ripple,interval,recall,10,0.85098,0.840846,0.862684,0.022549,0.0112883,0.0343138,0.0078125,10,0,0
envelope_power,quartic,envelope_power=quartic,recipe:denovellis_2021_mua,literature,burst,interval,recall,10,0.925358,0.916168,0.933885,-0.00511247,-0.0222453,0.0101531,0.625,10,0,0
envelope_power,quartic,envelope_power=quartic,recipe:diba_2007,literature,burst,interval,recall,10,0.242331,0.202783,0.27949,-0.0143149,-0.046329,0.0167198,0.4375,10,0,0
envelope_power,quartic,envelope_power=quartic,recipe:drieu_2018,literature,burst,interval,recall,10,0.776074,0.756275,0.79415,-0.0102249,-0.0320919,0.0106636,0.429688,10,0,0
envelope_power,quartic,envelope_power=quartic,recipe:farooq_2019_neuron,literature,burst,interval,recall,10,0.214724,0.195519,0.235602,-0.0654397,-0.0906183,-0.0394135,0.00390625,10,0,0
envelope_power,quartic,envelope_power=quartic,recipe:farooq_2019_science,literature,burst,interval,recall,10,0.213701,0.194175,0.23524,-0.0644172,-0.087593,-0.0404399,0.00390625,10,0,0
envelope_power,quartic,envelope_power=quartic,recipe:farooq_2019_science_awake,literature,burst,interval,recall,10,0.213701,0.194175,0.23524,-0.0644172,-0.087593,-0.0404399,0.00390625,10,0,0
envelope_power,quartic,envelope_power=quartic,recipe:foster_2006,literature,burst,interval,recall,10,0.103272,0.0838263,0.124088,-0.0449898,-0.0587079,-0.0297071,0.00390625,10,0,0
envelope_power,quartic,envelope_power=quartic,recipe:foster_2006_ripples,literature,ripple,interval,recall,10,0.108824,0.092843,0.122491,0.0343137,0.0253621,0.0444231,0.00195312,10,0,0
envelope_power,quartic,envelope_power=quartic,recipe:gillespie_2021,literature,ripple,interval,recall,10,0.846078,0.83451,0.858788,0.0186275,0.00954328,0.0281429,0.0078125,10,0,0
envelope_power,quartic,envelope_power=quartic,recipe:gillespie_2021_mua,literature,burst,interval,recall,10,0.829243,0.818719,0.838779,0.00715746,-0.012468,0.0283982,0.570312,10,0,0
envelope_power,quartic,envelope_power=quartic,recipe:gridchyn_2020,literature,burst,interval,recall,10,0.892638,0.878099,0.90693,0.00102249,-0.0210859,0.0228009,0.943359,10,0,0
envelope_power,quartic,envelope_power=quartic,recipe:grosmark_2016,literature,network,interval,recall,10,0.43211,0.403346,0.464487,0.0155963,0.00571294,0.0244334,0.0234375,10,0,0
envelope_power,quartic,envelope_power=quartic,recipe:gupta_2010,literature,ripple,interval,recall,10,0.818627,0.796952,0.841001,0.0186275,0.00208524,0.0323219,0.09375,10,0,0
envelope_power,quartic,envelope_power=quartic,recipe:harvey_2023_code,literature,ripple,interval,recall,10,0.564706,0.53554,0.597984,0.000980392,-0.0172284,0.0192113,0.820312,10,0,0
envelope_power,quartic,envelope_power=quartic,recipe:harvey_2023_no_radiatum,literature,ripple,interval,recall,10,0.592157,0.573929,0.613456,-0.00490196,-0.0223629,0.0109024,0.605469,10,0,0
envelope_power,quartic,envelope_power=quartic,recipe:harvey_2023_text,literature,ripple,interval,recall,10,0.638235,0.610466,0.664635,0.0333333,0.0197904,0.0474241,0.00390625,10,0,0
envelope_power,quartic,envelope_power=quartic,recipe:huelin_gorriz_2023,literature,network,interval,recall,10,0.477982,0.448637,0.507447,-0.0330275,-0.0483191,-0.0174376,0.0078125,10,0,0
envelope_power,quartic,envelope_power=quartic,recipe:igata_2021,literature,burst,interval,recall,10,0.928425,0.921827,0.934995,-0.00408998,-0.0211871,0.0114589,0.632812,10,0,0
envelope_power,quartic,envelope_power=quartic,recipe:igata_2021_ripples,literature,ripple,interval,recall,10,0.859804,0.83792,0.879922,-0.0127451,-0.0265968,-0.00189206,0.0390625,10,0,0
envelope_power,quartic,envelope_power=quartic,recipe:jadhav_2016,literature,ripple,interval,recall,10,0.586275,0.555654,0.617437,0,-0.00592885,0.00605464,1,10,0,0
envelope_power,quartic,envelope_power=quartic,recipe:ji_2007,literature,burst,interval,recall,10,0.678937,0.622108,0.730183,-0.0214724,-0.103764,0.0721813,0.669922,10,0,0
envelope_power,quartic,envelope_power=quartic,recipe:ji_2007_ripples,literature,ripple,interval,recall,10,0.00588235,0.00110429,0.0104267,0.000980392,0,0.003003,1,10,0,0
envelope_power,quartic,envelope_power=quartic,recipe:kaefer_2020,literature,ripple,interval,recall,10,0.0147059,0.0088231,0.0207111,0.00392157,0.00102459,0.00666667,0.125,10,0,0
envelope_power,quartic,envelope_power=quartic,recipe:karlsson_2009,literature,ripple,interval,recall,10,0.735294,0.716889,0.756764,0.0107843,0.002906,0.0205764,0.0625,10,0,0
envelope_power,quartic,envelope_power=quartic,recipe:krause_2022,literature,network,interval,recall,10,0.619266,0.597916,0.643136,-0.000917431,-0.0133103,0.0107496,0.953125,10,0,0
envelope_power,quartic,envelope_power=quartic,recipe:krause_2022_hse,literature,burst,interval,recall,10,0.822086,0.810727,0.832456,0.00306748,-0.0171895,0.0226152,0.804688,10,0,0
envelope_power,quartic,envelope_power=quartic,recipe:kudrimoti_1999,literature,ripple,interval,recall,10,0.0303922,0.021256,0.0414849,0.00588235,-0.00104943,0.0147879,0.296875,10,0,0
envelope_power,quartic,envelope_power=quartic,recipe:lee_2002,literature,burst,interval,recall,10,0.94274,0.93089,0.95635,-0.00715746,-0.0174252,0.00489297,0.273438,10,0,0
envelope_power,quartic,envelope_power=quartic,recipe:lee_2002_ripples,literature,ripple,interval,recall,10,0.108824,0.092843,0.122491,0.0343137,0.0253621,0.0444231,0.00195312,10,0,0
envelope_power,quartic,envelope_power=quartic,recipe:liu_2019,literature,burst,interval,recall,10,0.847648,0.824489,0.87131,0.00408998,-0.0262612,0.0351967,0.785156,10,0,0
envelope_power,quartic,envelope_power=quartic,recipe:liu_2019_awake,literature,burst,interval,recall,10,0.847648,0.824489,0.87131,0.00408998,-0.0262612,0.0351967,0.785156,10,0,0
envelope_power,quartic,envelope_power=quartic,recipe:liu_2023,literature,network,interval,recall,10,0.384404,0.36837,0.402242,-0.046789,-0.0610702,-0.0289509,0.00390625,10,0,0
envelope_power,quartic,envelope_power=quartic,recipe:maboudi_2018,literature,burst,interval,recall,10,0.790389,0.773528,0.805986,-0.00204499,-0.0194412,0.0159949,0.789062,10,0,0
envelope_power,quartic,envelope_power=quartic,recipe:maboudi_2018_open_field,literature,burst,interval,recall,10,0.740286,0.716867,0.767282,0.00306748,-0.0104935,0.0149113,0.71875,10,0,0
envelope_power,quartic,envelope_power=quartic,recipe:mallory_2025,literature,burst,interval,recall,10,0.777096,0.75869,0.797711,0.0173824,0.00390578,0.0303951,0.0390625,10,0,0
envelope_power,quartic,envelope_power=quartic,recipe:mallory_2025_ripples,literature,ripple,interval,recall,10,0.703922,0.684448,0.725452,0.0137255,0.00397219,0.0250728,0.0390625,10,0,0
envelope_power,quartic,envelope_power=quartic,recipe:michon_2019,literature,network,interval,recall,10,0.275229,0.255664,0.293489,0.0247706,0.013346,0.0383186,0.0078125,10,0,0
envelope_power,quartic,envelope_power=quartic,recipe:michon_2021,literature,network,interval,recall,10,0.275229,0.255664,0.293489,0.0247706,0.013346,0.0383186,0.0078125,10,0,0
envelope_power,quartic,envelope_power=quartic,recipe:mou_2022,literature,burst,interval,recall,10,0.846626,0.834601,0.856849,-0.0102249,-0.0323944,0.0109674,0.382812,10,0,0
envelope_power,quartic,envelope_power=quartic,recipe:muessig_2019,literature,network,interval,recall,10,0.0697248,0.059037,0.0808552,-0.0366972,-0.0500023,-0.0230129,0.00390625,10,0,0
envelope_power,quartic,envelope_power=quartic,recipe:muessig_2019_ripples,literature,ripple,interval,recall,10,0.871569,0.855129,0.886089,-0.00392157,-0.0109702,0.00402071,0.445312,10,0,0
envelope_power,quartic,envelope_power=quartic,recipe:nadasdy_1999,literature,ripple,interval,recall,10,0.495098,0.473928,0.518852,0.0333333,0.0238317,0.0416676,0.00390625,10,0,0
envelope_power,quartic,envelope_power=quartic,recipe:olafsdottir_2015,literature,burst,interval,recall,10,0.662577,0.641384,0.683369,-0.0143149,-0.028542,0,0.0742188,10,0,0
envelope_power,quartic,envelope_power=quartic,recipe:olafsdottir_2015.bayesian_candidates,literature,burst,interval,recall,10,0.584867,0.55602,0.615303,-0.0276074,-0.0466538,-0.00806452,0.0253906,10,0,0
envelope_power,quartic,envelope_power=quartic,recipe:olafsdottir_2016,literature,burst,interval,recall,10,0.564417,0.540795,0.5899,-0.00613497,-0.0270548,0.0138903,0.65625,10,0,0
envelope_power,quartic,envelope_power=quartic,recipe:olafsdottir_2017,literature,burst,interval,recall,10,0.739264,0.721131,0.756617,-0.0214724,-0.0412489,0.00105152,0.117188,10,0,0
envelope_power,quartic,envelope_power=quartic,recipe:olafsdottir_2017.trajectory,literature,burst,interval,recall,10,0.564417,0.540795,0.5899,-0.00613497,-0.0270548,0.0138903,0.65625,10,0,0
envelope_power,quartic,envelope_power=quartic,recipe:pfeiffer_2013,literature,burst,interval,recall,10,0.740286,0.716867,0.767282,0.00306748,-0.0104935,0.0149113,0.71875,10,0,0
envelope_power,quartic,envelope_power=quartic,recipe:pfeiffer_2013_ripples,literature,ripple,interval,recall,10,0.739216,0.714142,0.764141,0.0107843,0.00403582,0.0175809,0.03125,10,0,0
envelope_power,quartic,envelope_power=quartic,recipe:pfeiffer_2015,literature,ripple,interval,recall,10,0.738235,0.712937,0.763996,0.00980392,0.00378027,0.0157734,0.03125,10,0,0
envelope_power,quartic,envelope_power=quartic,recipe:shin_2019,literature,ripple,interval,recall,10,0.735294,0.716889,0.756764,0.0107843,0.002906,0.0205764,0.0625,10,0,0
envelope_power,quartic,envelope_power=quartic,recipe:silva_2015,literature,burst,interval,recall,10,0.5409,0.5249,0.562109,-0.0787321,-0.095823,-0.0552763,0.00195312,10,0,0
envelope_power,quartic,envelope_power=quartic,recipe:stella_2019,literature,ripple,interval,recall,10,0.684314,0.665061,0.703227,0.0176471,0.00659118,0.0325936,0.015625,10,0,0
envelope_power,quartic,envelope_power=quartic,recipe:tang_2017,literature,ripple,interval,recall,10,0.735294,0.716889,0.756764,0.0107843,0.002906,0.0205764,0.0625,10,0,0
envelope_power,quartic,envelope_power=quartic,recipe:tirole_2022,literature,network,interval,recall,10,0.477982,0.448637,0.507447,-0.0330275,-0.0483191,-0.0174376,0.0078125,10,0,0
envelope_power,quartic,envelope_power=quartic,recipe:widloski_2025,literature,ripple,interval,recall,10,0.513725,0.474679,0.555449,0.00588235,-0.000953357,0.0133725,0.109375,10,0,0
envelope_power,quartic,envelope_power=quartic,recipe:widloski_2025_bursts,literature,burst,interval,recall,10,0.518405,0.477182,0.560339,-0.0112474,-0.0276654,0.00517734,0.234375,10,0,0
envelope_power,quartic,envelope_power=quartic,recipe:wikenheiser_2013,literature,ripple,interval,recall,10,0.838235,0.81351,0.862809,0.00588235,0.000961492,0.0122646,0.25,10,0,0
envelope_power,quartic,envelope_power=quartic,recipe:wu_2014,literature,burst,interval,recall,10,0.858896,0.83975,0.876925,-0.00408998,-0.02632,0.0165695,0.648438,10,0,0
envelope_power,quartic,envelope_power=quartic,recipe:wu_2014_ripples,literature,ripple,peak_containment,recall,10,0.903922,0.88683,0.921907,0.00588235,0,0.0127708,0.25,10,0,0
envelope_power,quartic,envelope_power=quartic,recipe:wu_2017,literature,burst,interval,recall,10,0.563395,0.536808,0.589372,0.0286299,-0.0130392,0.0653307,0.257812,10,0,0
envelope_power,quartic,envelope_power=quartic,recipe:xu_2019,literature,burst,interval,recall,10,0.753579,0.737687,0.773479,0.00613497,-0.0145853,0.0244162,0.576172,10,0,0
envelope_power,quartic,envelope_power=quartic,recipe:yamamoto_2017,literature,network,interval,recall,10,0.555046,0.53913,0.570103,-0.00642202,-0.0290021,0.0150101,0.671875,10,0,0
envelope_power,quartic,envelope_power=quartic,recipe:yang_2024,literature,network,interval,recall,10,0.43211,0.403346,0.464487,0.0155963,0.00571294,0.0244334,0.0234375,10,0,0
